date,index
1962-01-02,100
1962-01-03,100.0166
1962-01-04,100.19110000000001
1962-01-05,100.0496
1962-01-08,99.908500000000004
1962-01-09,99.9251
1962-01-10,99.784400000000005
1962-01-11,99.958299999999994
1962-01-12,99.817499999999995
1962-01-15,99.677199999999999
1962-01-16,99.537300000000002
1962-01-17,99.710400000000007
1962-01-18,99.727099999999993
1962-01-19,99.743700000000004
1962-01-22,99.917400000000001
1962-01-23,99.776899999999998
1962-01-24,99.793599999999998
1962-01-25,99.497100000000003
1962-01-26,99.513800000000003
1962-01-29,99.374499999999998
1962-01-30,99.391199999999998
1962-01-31,99.407899999999998
1962-02-01,99.424599999999998
1962-02-02,99.441299999999998
1962-02-05,99.614000000000004
1962-02-06,99.474599999999995
1962-02-07,99.491299999999995
1962-02-08,99.664199999999994
1962-02-09,99.837400000000002
1962-02-12,99.854100000000003
1962-02-13,100.0278
1962-02-14,100.202
1962-02-15,100.0611
1962-02-16,99.763800000000003
1962-02-19,99.937299999999993
1962-02-20,99.328800000000001
1962-02-21,99.656899999999993
1962-02-23,99.829999999999998
1962-02-26,100.00360000000001
1962-02-27,99.863399999999999
1962-02-28,100.1942
1962-03-01,100.3687
1962-03-02,100.3854
1962-03-05,100.24420000000001
1962-03-06,100.261
1962-03-07,100.4355
1962-03-08,100.6105
1962-03-09,100.7859
1962-03-12,100.9618
1962-03-13,101.29810000000001
1962-03-14,101.3147
1962-03-15,101.01139999999999
1962-03-16,101.1878
1962-03-19,101.3646
1962-03-20,101.7029
1962-03-21,101.881
1962-03-22,102.5475
1962-03-23,102.23779999999999
1962-03-26,101.9297
1962-03-27,102.1084
1962-03-28,102.125
1962-03-29,102.30419999999999
1962-03-30,102.4838
1962-04-02,102.66379999999999
1962-04-03,103.0086
1962-04-04,103.6866
1962-04-05,103.2054
1962-04-06,103.553
1962-04-09,103.56950000000001
1962-04-10,103.586
1962-04-11,103.2711
1962-04-12,103.45310000000001
1962-04-13,103.6356
1962-04-16,103.6521
1962-04-17,103.6687
1962-04-18,104.0184
1962-04-19,103.86799999999999
1962-04-23,103.5518
1962-04-24,103.4027
1962-04-25,103.41930000000001
1962-04-26,103.4359
1962-04-27,103.95059999999999
1962-04-30,103.96720000000001
1962-05-01,103.9838
1962-05-02,104.0004
1962-05-03,104.1841
1962-05-04,104.20059999999999
1962-05-07,104.21720000000001
1962-05-08,104.2337
1962-05-09,104.41800000000001
1962-05-10,104.6027
1962-05-11,104.6193
1962-05-14,104.4675
1962-05-15,104.31619999999999
1962-05-16,104.1653
1962-05-17,104.1819
1962-05-18,103.6985
1962-05-21,103.384
1962-05-22,103.5659
1962-05-23,103.5826
1962-05-24,103.765
1962-05-25,103.9479
1962-05-28,104.13120000000001
1962-05-29,103.8146
1962-05-31,103.8313
1962-06-01,104.01430000000001
1962-06-04,104.0309
1962-06-05,103.8811
1962-06-06,104.0642
1962-06-07,104.0809
1962-06-08,104.26439999999999
1962-06-11,104.2811
1962-06-12,104.46510000000001
1962-06-13,104.3143
1962-06-14,103.9971
1962-06-15,104.0138
1962-06-18,103.8643
1962-06-19,103.5497
1962-06-20,103.5665
1962-06-21,103.7486
1962-06-22,103.7653
1962-06-25,103.1223
1962-06-26,102.97539999999999
1962-06-27,103.1559
1962-06-28,103.0089
1962-06-29,102.8623
1962-07-02,102.8792
1962-07-03,102.896
1962-07-05,102.91289999999999
1962-07-06,102.44159999999999
1962-07-09,102.1353
1962-07-10,102.3135
1962-07-11,102.3304
1962-07-12,102.5091
1962-07-13,102.526
1962-07-16,102.381
1962-07-17,102.398
1962-07-18,102.4149
1962-07-19,102.4318
1962-07-20,102.61069999999999
1962-07-23,102.6276
1962-07-24,102.64449999999999
1962-07-25,102.6615
1962-07-26,102.8409
1962-07-27,102.6952
1962-07-30,102.55
1962-07-31,102.5669
1962-08-01,102.5839
1962-08-02,103.08839999999999
1962-08-03,102.9422
1962-08-06,102.95910000000001
1962-08-07,102.9761
1962-08-08,102.99299999999999
1962-08-09,103.17310000000001
1962-08-10,103.1901
1962-08-13,103.20699999999999
1962-08-14,103.5517
1962-08-15,103.5686
1962-08-16,103.9151
1962-08-17,103.932
1962-08-20,104.11450000000001
1962-08-21,104.2974
1962-08-22,104.3143
1962-08-23,104.33110000000001
1962-08-24,104.348
1962-08-27,104.1987
1962-08-28,104.21559999999999
1962-08-29,104.2325
1962-08-30,104.0835
1962-08-31,104.10039999999999
1962-09-04,104.1173
1962-09-05,103.9688
1962-09-06,103.98569999999999
1962-09-07,103.83750000000001
1962-09-10,103.8545
1962-09-11,103.8715
1962-09-12,104.0535
1962-09-13,104.0705
1962-09-14,104.0874
1962-09-17,104.1044
1962-09-18,104.12139999999999
1962-09-19,104.1383
1962-09-20,104.1553
1962-09-21,104.17230000000001
1962-09-24,104.355
1962-09-25,104.372
1962-09-26,104.38890000000001
1962-09-27,104.5722
1962-09-28,104.7559
1962-10-01,104.9401
1962-10-02,105.12479999999999
1962-10-03,105.3099
1962-10-04,105.32680000000001
1962-10-05,105.1754
1962-10-08,105.1923
1962-10-09,105.2092
1962-10-10,105.39449999999999
1962-10-11,105.4114
1962-10-12,105.42829999999999
1962-10-15,105.4453
1962-10-16,105.4622
1962-10-17,105.31059999999999
1962-10-18,105.496
1962-10-19,106.19110000000001
1962-10-22,105.6977
1962-10-23,105.5455
1962-10-24,105.5624
1962-10-25,105.41070000000001
1962-10-26,105.5963
1962-10-29,105.61320000000001
1962-10-30,105.6302
1962-10-31,105.6472
1962-11-01,105.6641
1962-11-02,105.6811
1962-11-05,105.8673
1962-11-07,105.8843
1962-11-08,106.071
1962-11-09,106.2582
1962-11-12,106.2752
1962-11-13,106.1217
1962-11-14,105.9687
1962-11-15,105.98569999999999
1962-11-16,105.8331
1962-11-19,105.68089999999999
1962-11-20,105.867
1962-11-21,105.884
1962-11-23,105.901
1962-11-26,105.91800000000001
1962-11-27,105.935
1962-11-28,105.952
1962-11-29,105.96899999999999
1962-11-30,105.986
1962-12-03,105.83369999999999
1962-12-04,105.68170000000001
1962-12-05,105.69880000000001
1962-12-06,105.8848
1962-12-07,105.90179999999999
1962-12-10,106.0883
1962-12-11,106.2753
1962-12-12,106.4627
1962-12-13,106.47969999999999
1962-12-14,106.4967
1962-12-17,106.68470000000001
1962-12-18,106.87309999999999
1962-12-19,106.8901
1962-12-20,106.9071
1962-12-21,106.9241
1962-12-24,107.1131
1962-12-26,107.1301
1962-12-27,106.97490000000001
1962-12-28,106.8202
1962-12-31,106.66589999999999
1963-01-02,106.85420000000001
1963-01-03,106.8712
1963-01-04,106.5459
1963-01-07,106.7338
1963-01-08,106.57989999999999
1963-01-09,106.59699999999999
1963-01-10,106.785
1963-01-11,106.9735
1963-01-14,106.9905
1963-01-15,107.0076
1963-01-16,107.02460000000001
1963-01-17,106.69880000000001
1963-01-18,106.54519999999999
1963-01-21,106.392
1963-01-22,106.2393
1963-01-23,106.2564
1963-01-24,106.2736
1963-01-25,106.4606
1963-01-28,106.3077
1963-01-29,106.3249
1963-01-30,106.512
1963-01-31,106.3591
1963-02-01,106.3762
1963-02-04,106.2238
1963-02-05,106.2409
1963-02-06,106.2581
1963-02-07,106.2753
1963-02-08,106.4622
1963-02-11,106.47929999999999
1963-02-12,106.4965
1963-02-13,106.3439
1963-02-14,106.36109999999999
1963-02-15,106.54810000000001
1963-02-18,106.56529999999999
1963-02-19,106.5825
1963-02-20,106.5997
1963-02-21,106.4469
1963-02-25,106.2945
1963-02-26,106.3117
1963-02-27,106.32899999999999
1963-02-28,106.5158
1963-03-01,106.533
1963-03-04,106.5502
1963-03-05,106.7376
1963-03-06,106.7548
1963-03-07,106.77200000000001
1963-03-08,106.619
1963-03-11,106.6362
1963-03-12,106.65349999999999
1963-03-13,106.5008
1963-03-14,106.5181
1963-03-15,106.5354
1963-03-18,106.5526
1963-03-19,106.4004
1963-03-20,106.5872
1963-03-21,106.4348
1963-03-22,106.4521
1963-03-25,106.3002
1963-03-26,106.3175
1963-03-27,106.3349
1963-03-28,106.3522
1963-03-29,106.3695
1963-04-01,106.38679999999999
1963-04-02,106.2353
1963-04-03,106.2526
1963-04-04,106.4389
1963-04-05,106.4562
1963-04-08,106.1358
1963-04-09,106.1532
1963-04-10,105.83459999999999
1963-04-11,105.852
1963-04-15,105.7021
1963-04-16,105.7195
1963-04-17,105.56999999999999
1963-04-18,105.7543
1963-04-19,105.9392
1963-04-22,105.95659999999999
1963-04-23,105.974
1963-04-24,105.9915
1963-04-25,106.0089
1963-04-26,106.02630000000001
1963-04-29,106.0438
1963-04-30,106.0612
1963-05-01,106.2467
1963-05-02,106.2642
1963-05-03,106.2816
1963-05-06,106.4676
1963-05-07,106.6541
1963-05-08,106.67149999999999
1963-05-09,106.5197
1963-05-10,106.5372
1963-05-13,106.55459999999999
1963-05-14,106.7413
1963-05-15,106.9284
1963-05-16,106.94580000000001
1963-05-17,106.79340000000001
1963-05-20,106.64149999999999
1963-05-21,106.8283
1963-05-22,106.6763
1963-05-23,106.69370000000001
1963-05-24,106.54219999999999
1963-05-27,106.5596
1963-05-28,106.5771
1963-05-29,106.5946
1963-05-31,106.6121
1963-06-03,106.4609
1963-06-04,106.64709999999999
1963-06-05,106.66459999999999
1963-06-06,106.68210000000001
1963-06-07,106.86879999999999
1963-06-10,106.88630000000001
1963-06-11,107.0735
1963-06-12,106.9212
1963-06-13,106.9387
1963-06-14,106.9562
1963-06-17,106.97369999999999
1963-06-18,106.99120000000001
1963-06-19,107.0087
1963-06-20,107.02630000000001
1963-06-21,107.0438
1963-06-24,106.8917
1963-06-25,106.9093
1963-06-26,106.9268
1963-06-27,106.9443
1963-06-28,106.9619
1963-07-01,106.81019999999999
1963-07-02,106.49039999999999
1963-07-03,106.508
1963-07-05,106.35760000000001
1963-07-08,106.2076
1963-07-09,106.2252
1963-07-10,106.24290000000001
1963-07-11,106.26049999999999
1963-07-12,106.2782
1963-07-15,106.4635
1963-07-16,106.4811
1963-07-17,106.4988
1963-07-18,106.6846
1963-07-19,106.87090000000001
1963-07-22,106.88849999999999
1963-07-23,106.9062
1963-07-24,107.093
1963-07-25,107.11060000000001
1963-07-26,107.298
1963-07-29,107.3156
1963-07-30,107.33320000000001
1963-07-31,107.35080000000001
1963-08-01,107.36839999999999
1963-08-02,107.55629999999999
1963-08-05,107.57389999999999
1963-08-06,107.4211
1963-08-07,107.4387
1963-08-08,107.4564
1963-08-09,107.474
1963-08-12,107.49169999999999
1963-08-13,107.5093
1963-08-14,107.35680000000001
1963-08-15,107.5445
1963-08-16,107.5622
1963-08-19,107.7505
1963-08-20,107.59739999999999
1963-08-21,107.61499999999999
1963-08-22,107.6327
1963-08-23,107.6504
1963-08-26,107.66800000000001
1963-08-27,107.6857
1963-08-28,107.7034
1963-08-29,107.5506
1963-08-30,107.56829999999999
1963-09-03,107.41589999999999
1963-09-04,107.264
1963-09-05,106.6071
1963-09-06,106.6249
1963-09-09,106.4752
1963-09-10,106.6604
1963-09-11,106.6782
1963-09-12,106.696
1963-09-13,106.7139
1963-09-16,106.7317
1963-09-17,106.7495
1963-09-18,106.76730000000001
1963-09-19,106.7851
1963-09-20,106.971
1963-09-23,106.9888
1963-09-24,107.0067
1963-09-25,107.0245
1963-09-26,107.0423
1963-09-27,107.22880000000001
1963-09-30,107.2466
1963-10-01,107.26439999999999
1963-10-02,107.2822
1963-10-03,107.3001
1963-10-04,107.149
1963-10-07,106.9983
1963-10-08,107.0162
1963-10-09,106.866
1963-10-10,106.88379999999999
1963-10-11,106.90170000000001
1963-10-14,106.9196
1963-10-15,106.7697
1963-10-16,106.7876
1963-10-17,106.6382
1963-10-18,106.6561
1963-10-21,106.67400000000001
1963-10-22,106.69199999999999
1963-10-23,106.7099
1963-10-24,106.7278
1963-10-25,106.7458
1963-10-28,106.7637
1963-10-29,106.61450000000001
1963-10-30,106.63249999999999
1963-10-31,106.4837
1963-11-01,106.3353
1963-11-04,106.3533
1963-11-06,106.0397
1963-11-07,106.0578
1963-11-08,106.2413
1963-11-11,106.2593
1963-11-12,106.2774
1963-11-13,106.2954
1963-11-14,106.6459
1963-11-15,106.6639
1963-11-18,106.6819
1963-11-19,106.7
1963-11-20,106.718
1963-11-21,106.736
1963-11-22,106.754
1963-11-26,106.77209999999999
1963-11-27,106.7901
1963-11-29,106.8081
1963-12-02,106.4928
1963-12-03,106.51090000000001
1963-12-04,106.52889999999999
1963-12-05,106.547
1963-12-06,106.5651
1963-12-09,106.58320000000001
1963-12-10,106.60129999999999
1963-12-11,106.4532
1963-12-12,106.30549999999999
1963-12-13,106.3236
1963-12-16,106.1764
1963-12-17,106.0295
1963-12-18,106.04770000000001
1963-12-19,106.0658
1963-12-20,105.9194
1963-12-23,105.9376
1963-12-24,105.95569999999999
1963-12-26,106.1386
1963-12-27,106.3219
1963-12-30,106.5056
1963-12-31,106.52370000000001
1964-01-02,106.5419
1964-01-03,106.56010000000001
1964-01-06,106.5782
1964-01-07,106.76260000000001
1964-01-08,106.4486
1964-01-09,106.4667
1964-01-10,106.31950000000001
1964-01-13,106.3377
1964-01-14,106.5213
1964-01-15,106.5395
1964-01-16,106.72369999999999
1964-01-17,106.90819999999999
1964-01-20,106.9264
1964-01-21,107.11150000000001
1964-01-22,107.1296
1964-01-23,106.9808
1964-01-24,106.999
1964-01-27,107.0172
1964-01-28,107.0354
1964-01-29,107.0536
1964-01-30,107.0718
1964-01-31,107.09
1964-02-03,107.2754
1964-02-04,107.2936
1964-02-05,107.31180000000001
1964-02-06,107.49760000000001
1964-02-07,107.5158
1964-02-10,107.36620000000001
1964-02-11,107.3845
1964-02-12,107.4027
1964-02-13,107.5887
1964-02-14,107.6069
1964-02-17,107.6251
1964-02-18,107.6433
1964-02-19,107.4936
1964-02-20,107.51179999999999
1964-02-24,107.3625
1964-02-25,107.3807
1964-02-26,107.399
1964-02-27,107.25
1964-02-28,107.2683
1964-03-02,107.28660000000001
1964-03-03,107.3049
1964-03-04,107.3232
1964-03-05,107.3415
1964-03-06,107.35980000000001
1964-03-09,107.3781
1964-03-10,107.22929999999999
1964-03-11,107.24760000000001
1964-03-12,107.0993
1964-03-13,107.1177
1964-03-16,107.136
1964-03-17,107.1544
1964-03-18,106.8404
1964-03-19,106.8588
1964-03-20,106.71169999999999
1964-03-23,106.73009999999999
1964-03-24,106.58329999999999
1964-03-25,106.6018
1964-03-26,106.6202
1964-03-30,106.6386
1964-03-31,106.8222
1964-04-01,106.8407
1964-04-02,106.8591
1964-04-03,106.5472
1964-04-06,106.56570000000001
1964-04-07,106.749
1964-04-08,106.9328
1964-04-09,106.9512
1964-04-10,106.9697
1964-04-13,106.82259999999999
1964-04-14,107.0065
1964-04-15,107.02500000000001
1964-04-16,107.2094
1964-04-17,107.22790000000001
1964-04-20,107.24630000000001
1964-04-21,107.26479999999999
1964-04-22,107.28319999999999
1964-04-23,107.3017
1964-04-24,107.15389999999999
1964-04-27,107.1724
1964-04-28,107.1909
1964-04-29,107.2094
1964-04-30,107.22790000000001
1964-05-01,107.24639999999999
1964-05-04,107.4312
1964-05-05,107.4496
1964-05-06,107.46810000000001
1964-05-07,107.4866
1964-05-08,107.672
1964-05-11,107.6904
1964-05-12,107.8763
1964-05-13,107.8947
1964-05-14,108.08110000000001
1964-05-15,108.09950000000001
1964-05-18,108.2863
1964-05-19,108.4736
1964-05-20,108.3231
1964-05-21,108.3416
1964-05-22,108.529
1964-05-25,108.5474
1964-05-26,108.5659
1964-05-27,108.5843
1964-05-28,108.6028
1964-06-01,108.62130000000001
1964-06-02,108.63979999999999
1964-06-03,108.65819999999999
1964-06-04,108.6767
1964-06-05,108.6952
1964-06-08,108.88330000000001
1964-06-09,108.90179999999999
1964-06-10,108.9203
1964-06-11,108.76900000000001
1964-06-12,108.78749999999999
1964-06-15,108.806
1964-06-16,108.8245
1964-06-17,109.0128
1964-06-18,109.0313
1964-06-19,109.2201
1964-06-22,109.23860000000001
1964-06-23,109.25709999999999
1964-06-24,109.2756
1964-06-25,109.2941
1964-06-26,109.3126
1964-06-29,109.5021
1964-06-30,109.5206
1964-07-01,109.5391
1964-07-02,109.55759999999999
1964-07-06,109.5761
1964-07-07,109.5946
1964-07-08,109.6131
1964-07-09,109.46040000000001
1964-07-10,109.4789
1964-07-13,109.3266
1964-07-14,109.5159
1964-07-15,109.53449999999999
1964-07-16,109.553
1964-07-17,109.4006
1964-07-20,109.2486
1964-07-21,109.2672
1964-07-22,109.28579999999999
1964-07-23,109.47490000000001
1964-07-24,109.4935
1964-07-27,109.5121
1964-07-28,109.53060000000001
1964-07-29,109.5492
1964-07-30,109.56780000000001
1964-07-31,109.5864
1964-08-03,109.605
1964-08-04,109.6236
1964-08-05,109.6422
1964-08-06,109.66079999999999
1964-08-07,109.6794
1964-08-10,109.69799999999999
1964-08-11,109.54559999999999
1964-08-12,109.5643
1964-08-13,109.4123
1964-08-14,109.6015
1964-08-17,109.62009999999999
1964-08-18,109.6388
1964-08-19,109.6574
1964-08-20,109.67610000000001
1964-08-21,109.6947
1964-08-24,109.54259999999999
1964-08-25,109.5612
1964-08-26,109.92189999999999
1964-08-27,109.59820000000001
1964-08-28,109.6169
1964-08-31,109.465
1964-09-01,109.4837
1964-09-02,109.3323
1964-09-03,109.351
1964-09-04,109.3698
1964-09-08,109.38849999999999
1964-09-09,109.4072
1964-09-10,109.25620000000001
1964-09-11,109.2749
1964-09-14,109.2937
1964-09-15,109.3124
1964-09-16,109.3312
1964-09-17,109.51990000000001
1964-09-18,109.709
1964-09-21,109.8986
1964-09-22,109.9173
1964-09-23,109.93600000000001
1964-09-24,109.95480000000001
1964-09-25,109.9735
1964-09-28,109.9923
1964-09-29,110.011
1964-09-30,110.02979999999999
1964-10-01,110.0485
1964-10-02,110.0673
1964-10-05,109.9148
1964-10-06,109.9336
1964-10-07,109.9524
1964-10-08,109.9712
1964-10-09,109.98999999999999
1964-10-12,110.00879999999999
1964-10-13,110.02760000000001
1964-10-14,110.04640000000001
1964-10-15,109.8942
1964-10-16,109.7424
1964-10-19,109.76130000000001
1964-10-20,109.9507
1964-10-21,110.1405
1964-10-22,110.1593
1964-10-23,110.1782
1964-10-26,110.197
1964-10-27,110.2158
1964-10-28,110.5783
1964-10-29,110.5971
1964-10-30,110.7885
1964-11-02,110.9804
1964-11-04,110.9992
1964-11-05,111.018
1964-11-06,111.0368
1964-11-09,111.0556
1964-11-10,111.248
1964-11-11,111.2668
1964-11-12,111.4598
1964-11-13,111.4786
1964-11-16,111.32299999999999
1964-11-17,111.1679
1964-11-18,111.1867
1964-11-19,111.37949999999999
1964-11-20,111.39830000000001
1964-11-23,110.8961
1964-11-24,110.56999999999999
1964-11-25,110.58880000000001
1964-11-27,110.60769999999999
1964-11-30,110.6266
1964-12-01,110.6455
1964-12-02,110.6645
1964-12-03,111.0284
1964-12-04,111.04730000000001
1964-12-07,111.23950000000001
1964-12-08,111.25830000000001
1964-12-09,111.45099999999999
1964-12-10,111.4699
1964-12-11,111.6631
1964-12-14,111.50749999999999
1964-12-15,111.5264
1964-12-16,111.3712
1964-12-17,111.3901
1964-12-18,111.2354
1964-12-21,111.2543
1964-12-22,111.09999999999999
1964-12-23,111.1189
1964-12-24,111.1379
1964-12-28,111.1568
1964-12-29,111.00279999999999
1964-12-30,110.8493
1964-12-31,110.8683
1965-01-04,111.0598
1965-01-05,111.0787
1965-01-06,111.27070000000001
1965-01-07,111.2897
1965-01-08,111.13549999999999
1965-01-11,111.3276
1965-01-12,111.34650000000001
1965-01-13,111.3655
1965-01-14,111.3845
1965-01-15,111.40349999999999
1965-01-18,111.4225
1965-01-19,111.6152
1965-01-20,111.63420000000001
1965-01-21,111.6532
1965-01-22,111.8464
1965-01-25,111.86539999999999
1965-01-26,111.70999999999999
1965-01-27,111.729
1965-01-28,111.748
1965-01-29,111.593
1965-02-01,111.61199999999999
1965-02-02,111.631
1965-02-03,111.4764
1965-02-04,111.4954
1965-02-05,111.3412
1965-02-08,111.5335
1965-02-09,111.5526
1965-02-10,111.39830000000001
1965-02-11,111.4174
1965-02-12,111.43640000000001
1965-02-15,111.4555
1965-02-16,111.4746
1965-02-17,111.4937
1965-02-18,111.5128
1965-02-19,111.53189999999999
1965-02-23,111.551
1965-02-24,111.5701
1965-02-25,111.58920000000001
1965-02-26,111.6083
1965-03-01,111.62739999999999
1965-03-02,111.64660000000001
1965-03-03,111.6657
1965-03-04,111.6848
1965-03-05,111.7039
1965-03-08,111.7231
1965-03-09,111.7422
1965-03-10,111.76130000000001
1965-03-11,111.7805
1965-03-12,111.7996
1965-03-15,111.9927
1965-03-16,112.1862
1965-03-17,112.20529999999999
1965-03-18,112.04989999999999
1965-03-19,112.06910000000001
1965-03-22,112.2627
1965-03-23,112.28189999999999
1965-03-24,112.301
1965-03-25,112.3202
1965-03-26,112.16459999999999
1965-03-29,112.18380000000001
1965-03-30,112.2029
1965-03-31,112.2221
1965-04-01,112.2413
1965-04-02,112.26049999999999
1965-04-05,112.2796
1965-04-06,112.2988
1965-04-07,112.318
1965-04-08,112.5121
1965-04-09,112.3563
1965-04-12,112.3755
1965-04-13,112.3947
1965-04-14,112.4139
1965-04-15,112.4331
1965-04-19,112.27760000000001
1965-04-20,112.2968
1965-04-21,112.31610000000001
1965-04-22,112.3353
1965-04-23,112.3545
1965-04-26,112.3738
1965-04-27,112.393
1965-04-28,112.4123
1965-04-29,112.4315
1965-04-30,112.4508
1965-05-03,112.47
1965-05-04,112.4893
1965-05-05,112.6836
1965-05-06,112.7028
1965-05-07,112.7221
1965-05-10,112.56619999999999
1965-05-11,112.58540000000001
1965-05-12,112.60469999999999
1965-05-13,112.624
1965-05-14,112.6433
1965-05-17,112.6626
1965-05-18,112.6819
1965-05-19,112.7012
1965-05-20,112.54559999999999
1965-05-21,112.56489999999999
1965-05-24,112.5842
1965-05-25,112.6035
1965-05-26,112.7978
1965-05-27,112.6421
1965-05-28,112.6614
1965-06-01,112.6807
1965-06-02,112.70010000000001
1965-06-03,112.71939999999999
1965-06-04,112.7388
1965-06-07,112.7581
1965-06-08,112.7775
1965-06-09,112.79689999999999
1965-06-10,112.81619999999999
1965-06-11,112.8356
1965-06-14,113.0303
1965-06-15,113.0496
1965-06-16,113.069
1965-06-17,113.08839999999999
1965-06-18,113.10769999999999
1965-06-21,113.3031
1965-06-22,113.3224
1965-06-23,113.34180000000001
1965-06-24,113.36109999999999
1965-06-25,113.3805
1965-06-28,113.3999
1965-06-29,113.41930000000001
1965-06-30,113.4387
1965-07-01,113.2818
1965-07-02,113.30119999999999
1965-07-06,113.3206
1965-07-07,113.34
1965-07-08,113.53570000000001
1965-07-09,113.37869999999999
1965-07-12,113.3981
1965-07-13,113.4175
1965-07-14,113.43689999999999
1965-07-15,113.4564
1965-07-16,113.47580000000001
1965-07-19,113.6718
1965-07-20,113.69119999999999
1965-07-21,113.7106
1965-07-22,113.55329999999999
1965-07-23,113.5728
1965-07-26,113.59220000000001
1965-07-27,113.6117
1965-07-28,113.63120000000001
1965-07-29,113.6506
1965-07-30,113.4937
1965-08-02,113.5132
1965-08-03,113.5326
1965-08-04,113.37609999999999
1965-08-05,113.3956
1965-08-06,113.4151
1965-08-09,113.259
1965-08-10,113.27849999999999
1965-08-11,113.1228
1965-08-12,113.14230000000001
1965-08-13,113.1619
1965-08-16,113.1814
1965-08-17,113.0261
1965-08-18,113.04559999999999
1965-08-19,113.0652
1965-08-20,113.0848
1965-08-23,112.9298
1965-08-24,112.7753
1965-08-25,112.7949
1965-08-26,112.8145
1965-08-27,112.8342
1965-08-30,112.85380000000001
1965-08-31,112.8734
1965-09-01,112.8931
1965-09-02,112.7388
1965-09-03,112.9323
1965-09-07,112.952
1965-09-08,112.9717
1965-09-09,112.8173
1965-09-10,112.66330000000001
1965-09-13,112.68300000000001
1965-09-14,112.70269999999999
1965-09-15,112.72239999999999
1965-09-16,112.74209999999999
1965-09-17,112.7619
1965-09-20,112.7816
1965-09-21,112.8013
1965-09-22,112.821
1965-09-23,112.6673
1965-09-24,112.687
1965-09-27,112.7068
1965-09-28,112.5535
1965-09-29,112.2283
1965-09-30,112.24809999999999
1965-10-01,112.2679
1965-10-04,112.2877
1965-10-05,112.6524
1965-10-06,112.6722
1965-10-07,112.8652
1965-10-08,112.8849
1965-10-11,113.0784
1965-10-12,113.09820000000001
1965-10-13,113.11799999999999
1965-10-14,113.1378
1965-10-15,112.9836
1965-10-18,113.0034
1965-10-19,112.8497
1965-10-20,112.8695
1965-10-21,112.7162
1965-10-22,112.9091
1965-10-25,112.7557
1965-10-26,112.7756
1965-10-27,112.62260000000001
1965-10-28,112.4701
1965-10-29,112.318
1965-11-01,111.99509999999999
1965-11-03,112.0151
1965-11-04,112.035
1965-11-05,111.88420000000001
1965-11-08,111.7338
1965-11-09,111.5838
1965-11-10,111.60380000000001
1965-11-11,111.6238
1965-11-12,111.8138
1965-11-15,111.8338
1965-11-16,111.85380000000001
1965-11-17,112.04430000000001
1965-11-18,111.8937
1965-11-19,111.91370000000001
1965-11-22,111.9337
1965-11-23,111.9537
1965-11-24,112.1444
1965-11-26,112.1644
1965-11-29,112.0136
1965-11-30,111.86320000000001
1965-12-01,111.3745
1965-12-02,111.3946
1965-12-03,111.4147
1965-12-06,110.4276
1965-12-07,110.4478
1965-12-08,110.468
1965-12-09,110.3219
1965-12-10,110.50830000000001
1965-12-13,110.19629999999999
1965-12-14,110.051
1965-12-15,110.0712
1965-12-16,110.0915
1965-12-17,110.1117
1965-12-20,110.7963
1965-12-21,110.483
1965-12-22,110.33710000000001
1965-12-23,110.3574
1965-12-27,110.5437
1965-12-28,110.73050000000001
1965-12-29,110.58410000000001
1965-12-30,110.6044
1965-12-31,110.45829999999999
1966-01-03,110.4786
1966-01-04,110.49890000000001
1966-01-05,110.6855
1966-01-06,110.8725
1966-01-07,110.89279999999999
1966-01-10,110.7462
1966-01-11,110.9333
1966-01-12,111.12090000000001
1966-01-13,110.97369999999999
1966-01-14,110.994
1966-01-17,111.01430000000001
1966-01-18,111.0346
1966-01-19,111.0549
1966-01-20,110.908
1966-01-21,110.9284
1966-01-24,110.78189999999999
1966-01-25,110.8022
1966-01-26,110.6562
1966-01-27,110.51049999999999
1966-01-28,110.2
1966-01-31,109.727
1966-02-01,109.5839
1966-02-02,109.2783
1966-02-03,109.2988
1966-02-04,109.15689999999999
1966-02-07,108.6923
1966-02-08,108.874
1966-02-09,108.7333
1966-02-10,108.4324
1966-02-11,107.3391
1966-02-14,107.3597
1966-02-15,107.38039999999999
1966-02-16,107.4011
1966-02-17,107.5796
1966-02-18,107.44240000000001
1966-02-21,107.3056
1966-02-23,107.3263
1966-02-24,107.18989999999999
1966-02-25,107.0538
1966-02-28,106.6062
1966-03-01,106.627
1966-03-02,106.6478
1966-03-03,106.6686
1966-03-04,106.8451
1966-03-07,107.02209999999999
1966-03-08,107.3563
1966-03-09,107.53449999999999
1966-03-10,107.3978
1966-03-11,107.26139999999999
1966-03-14,107.4393
1966-03-15,108.0921
1966-03-16,108.27200000000001
1966-03-17,108.6121
1966-03-18,108.7933
1966-03-21,109.136
1966-03-22,109.31829999999999
1966-03-23,109.82640000000001
1966-03-24,109.5213
1966-03-25,109.0562
1966-03-28,109.2383
1966-03-29,109.259
1966-03-30,110.256
1966-03-31,110.2766
1966-04-01,110.46169999999999
1966-04-04,110.4823
1966-04-05,110.6678
1966-04-06,110.3588
1966-04-07,110.0515
1966-04-11,110.07210000000001
1966-04-12,110.0928
1966-04-13,109.95010000000001
1966-04-14,109.645
1966-04-15,109.5035
1966-04-18,109.6865
1966-04-19,109.5449
1966-04-20,109.24209999999999
1966-04-21,109.42440000000001
1966-04-22,109.6071
1966-04-25,109.4658
1966-04-26,109.325
1966-04-27,109.3458
1966-04-28,109.20529999999999
1966-04-29,109.2261
1966-05-02,109.086
1966-05-03,109.10680000000001
1966-05-04,109.1277
1966-05-05,109.1485
1966-05-06,109.4918
1966-05-09,109.9992
1966-05-10,110.1831
1966-05-11,109.87779999999999
1966-05-12,110.06140000000001
1966-05-13,110.0822
1966-05-16,110.1031
1966-05-17,110.12390000000001
1966-05-18,110.1447
1966-05-19,110.16549999999999
1966-05-20,110.18640000000001
1966-05-23,109.8814
1966-05-24,109.57810000000001
1966-05-25,109.599
1966-05-26,109.13639999999999
1966-05-27,109.15730000000001
1966-05-31,109.17829999999999
1966-06-01,109.521
1966-06-02,109.70350000000001
1966-06-03,109.7244
1966-06-06,109.7454
1966-06-07,109.4432
1966-06-08,109.3032
1966-06-09,109.1636
1966-06-10,109.1846
1966-06-13,109.2056
1966-06-14,109.2266
1966-06-15,109.5692
1966-06-16,109.26819999999999
1966-06-17,109.6109
1966-06-20,109.95529999999999
1966-06-21,110.3014
1966-06-22,110.15949999999999
1966-06-23,110.0179
1966-06-24,109.715
1966-06-27,109.4136
1966-06-28,108.7944
1966-06-29,108.8155
1966-06-30,108.2025
1966-07-01,108.06610000000001
1966-07-05,108.24469999999999
1966-07-06,108.4238
1966-07-07,108.6032
1966-07-08,108.46599999999999
1966-07-11,107.857
1966-07-12,107.5656
1966-07-13,107.5868
1966-07-14,107.45229999999999
1966-07-15,107.4735
1966-07-18,107.80670000000001
1966-07-19,107.9845
1966-07-20,108.1627
1966-07-21,108.02679999999999
1966-07-22,108.2051
1966-07-25,108.54170000000001
1966-07-26,108.5629
1966-07-27,108.58410000000001
1966-07-28,108.1322
1966-07-29,107.9966
1966-08-01,108.0179
1966-08-02,108.1961
1966-08-03,108.0604
1966-08-04,108.08159999999999
1966-08-05,107.94629999999999
1966-08-08,108.1242
1966-08-09,107.9888
1966-08-10,108.16679999999999
1966-08-11,108.0314
1966-08-12,108.0527
1966-08-15,107.7615
1966-08-16,107.16200000000001
1966-08-17,106.7217
1966-08-18,106.28489999999999
1966-08-19,106.3064
1966-08-22,106.4802
1966-08-23,106.0454
1966-08-24,105.91549999999999
1966-08-25,105.485
1966-08-26,104.76009999999999
1966-08-29,104.4858
1966-08-30,104.8032
1966-08-31,106.0214
1966-09-01,106.3462
1966-09-02,106.8254
1966-09-06,107.30800000000001
1966-09-07,107.4841
1966-09-08,107.6605
1966-09-09,107.8374
1966-09-12,107.85890000000001
1966-09-13,107.88030000000001
1966-09-14,107.28149999999999
1966-09-15,106.9953
1966-09-16,107.0168
1966-09-19,106.123
1966-09-20,106.4478
1966-09-21,107.0802
1966-09-22,107.56399999999999
1966-09-23,107.2766
1966-09-26,107.4524
1966-09-27,107.7835
1966-09-28,108.11620000000001
1966-09-29,108.922
1966-09-30,108.4709
1966-10-03,108.0232
1966-10-04,108.3569
1966-10-05,108.3784
1966-10-06,108.55670000000001
1966-10-07,108.7354
1966-10-10,108.5996
1966-10-11,108.6211
1966-10-12,108.6427
1966-10-13,108.66419999999999
1966-10-14,108.84310000000001
1966-10-17,109.0224
1966-10-18,109.5194
1966-10-19,109.54089999999999
1966-10-20,109.5624
1966-10-21,111.1935
1966-10-24,111.3784
1966-10-25,111.5637
1966-10-26,111.0939
1966-10-27,110.7899
1966-10-28,110.9738
1966-10-31,110.9952
1966-11-01,110.8541
1966-11-02,110.068
1966-11-03,109.9294
1966-11-04,109.63160000000001
1966-11-07,109.8125
1966-11-09,109.6746
1966-11-10,109.0616
1966-11-11,109.08329999999999
1966-11-14,108.9473
1966-11-15,108.9689
1966-11-16,108.9906
1966-11-17,109.01220000000001
1966-11-18,108.87649999999999
1966-11-21,109.3711
1966-11-22,109.2346
1966-11-23,109.0984
1966-11-25,108.96259999999999
1966-11-28,109.1417
1966-11-29,109.4794
1966-11-30,109.6598
1966-12-01,109.84050000000001
1966-12-02,110.0217
1966-12-05,109.8837
1966-12-06,109.7461
1966-12-07,109.4503
1966-12-08,108.9986
1966-12-09,109.4933
1966-12-12,110.63160000000001
1966-12-13,111.3006
1966-12-14,111.6486
1966-12-15,112.3276
1966-12-16,112.18389999999999
1966-12-19,112.5361
1966-12-20,113.05670000000001
1966-12-21,113.07810000000001
1966-12-22,113.0996
1966-12-23,113.1211
1966-12-27,112.9755
1966-12-28,113.66719999999999
1966-12-29,114.0265
1966-12-30,114.8997
1967-01-03,114.5784
1967-01-04,115.286
1967-01-05,115.8267
1967-01-06,115.6743
1967-01-09,115.17659999999999
1967-01-10,115.3704
1967-01-11,117.3139
1967-01-12,116.98050000000001
1967-01-13,117.3561
1967-01-16,117.5552
1967-01-17,117.3984
1967-01-18,117.06480000000001
1967-01-19,116.5569
1967-01-20,116.2278
1967-01-23,116.0745
1967-01-24,115.748
1967-01-25,115.59610000000001
1967-01-26,117.3664
1967-01-27,117.2103
1967-01-30,117.2316
1967-01-31,117.0759
1967-02-01,116.7444
1967-02-02,116.7658
1967-02-03,116.7871
1967-02-06,116.4573
1967-02-07,116.3038
1967-02-08,116.1507
1967-02-09,116.1721
1967-02-10,115.49930000000001
1967-02-13,115.52079999999999
1967-02-14,114.8549
1967-02-15,114.36539999999999
1967-02-16,114.5568
1967-02-17,114.4085
1967-02-20,113.92270000000001
1967-02-21,113.6082
1967-02-23,113.12860000000001
1967-02-24,113.4838
1967-02-27,113.6729
1967-02-28,113.69450000000001
1967-03-01,114.55929999999999
1967-03-02,115.09220000000001
1967-03-03,115.2851
1967-03-06,115.4786
1967-03-07,115.6725
1967-03-08,115.52160000000001
1967-03-09,116.2349
1967-03-10,116.0826
1967-03-13,116.27800000000001
1967-03-14,116.6484
1967-03-15,117.0206
1967-03-16,117.3947
1967-03-17,117.06319999999999
1967-03-20,117.2608
1967-03-21,116.57940000000001
1967-03-22,116.4264
1967-03-23,116.79730000000001
1967-03-27,116.4691
1967-03-28,116.3165
1967-03-29,116.3381
1967-03-30,116.3597
1967-03-31,116.55549999999999
1967-04-03,116.577
1967-04-04,116.77330000000001
1967-04-05,116.4456
1967-04-06,116.6416
1967-04-07,117.0132
1967-04-10,116.85939999999999
1967-04-11,116.706
1967-04-12,116.7276
1967-04-13,116.40049999999999
1967-04-14,116.2484
1967-04-17,115.4072
1967-04-18,114.9166
1967-04-19,114.9383
1967-04-20,114.9601
1967-04-21,114.64239999999999
1967-04-24,114.3263
1967-04-25,113.67700000000001
1967-04-26,113.366
1967-04-27,113.3879
1967-04-28,112.7484
1967-05-01,112.6061
1967-05-02,112.7924
1967-05-03,112.979
1967-05-04,112.83629999999999
1967-05-05,112.52979999999999
1967-05-08,112.0621
1967-05-09,111.2754
1967-05-10,111.2976
1967-05-11,111.48050000000001
1967-05-12,111.6639
1967-05-15,111.36369999999999
1967-05-16,111.2253
1967-05-17,111.0873
1967-05-18,111.1095
1967-05-19,111.1317
1967-05-22,110.5163
1967-05-23,110.3801
1967-05-24,110.4024
1967-05-25,110.5831
1967-05-26,111.40260000000001
1967-05-29,111.90819999999999
1967-05-31,112.5805
1967-06-01,112.9303
1967-06-02,112.78830000000001
1967-06-05,112.1572
1967-06-06,112.3419
1967-06-07,112.5271
1967-06-08,112.06100000000001
1967-06-09,111.9213
1967-06-12,111.29940000000001
1967-06-13,111.1617
1967-06-14,110.5475
1967-06-15,110.5698
1967-06-16,109.96169999999999
1967-06-19,109.9841
1967-06-20,109.2265
1967-06-21,109.249
1967-06-22,109.2715
1967-06-23,109.294
1967-06-26,109.16160000000001
1967-06-27,108.8754
1967-06-28,109.3612
1967-06-29,109.539
1967-06-30,109.4061
1967-07-03,109.584
1967-07-05,110.3884
1967-07-06,110.8849
1967-07-07,110.59050000000001
1967-07-10,110.613
1967-07-11,111.42959999999999
1967-07-12,112.0947
1967-07-13,112.117
1967-07-14,111.97790000000001
1967-07-17,111.83920000000001
1967-07-18,111.2205
1967-07-19,110.7663
1967-07-20,110.473
1967-07-21,110.49550000000001
1967-07-24,110.20359999999999
1967-07-25,109.9132
1967-07-26,109.4691
1967-07-27,109.8022
1967-07-28,109.9807
1967-07-31,110.1596
1967-08-01,110.0258
1967-08-02,109.89230000000001
1967-08-03,110.2273
1967-08-04,109.7814
1967-08-07,109.33880000000001
1967-08-08,109.67100000000001
1967-08-09,109.6936
1967-08-10,109.5612
1967-08-11,109.42910000000001
1967-08-14,109.45180000000001
1967-08-15,109.3201
1967-08-16,109.49720000000001
1967-08-17,109.51990000000001
1967-08-18,109.54259999999999
1967-08-21,109.41070000000001
1967-08-22,109.4335
1967-08-23,109.30200000000001
1967-08-24,109.1708
1967-08-25,109.1936
1967-08-28,109.3703
1967-08-29,109.393
1967-08-30,109.4158
1967-08-31,109.43859999999999
1967-09-01,109.61579999999999
1967-09-05,109.9486
1967-09-06,110.4391
1967-09-07,110.4619
1967-09-08,110.01600000000001
1967-09-11,109.7283
1967-09-12,109.75109999999999
1967-09-13,109.9289
1967-09-14,109.7966
1967-09-15,109.6647
1967-09-18,109.5331
1967-09-19,108.9414
1967-09-20,109.1173
1967-09-21,108.682
1967-09-22,108.70489999999999
1967-09-25,108.4241
1967-09-26,108.44710000000001
1967-09-27,108.31870000000001
1967-09-28,108.49299999999999
1967-09-29,109.1246
1967-10-02,108.8421
1967-10-03,108.8651
1967-10-04,108.5839
1967-10-05,108.6069
1967-10-06,108.62990000000001
1967-10-09,108.5013
1967-10-10,107.9212
1967-10-11,107.7944
1967-10-12,107.8175
1967-10-13,107.3929
1967-10-16,106.9714
1967-10-17,106.2602
1967-10-18,105.55759999999999
1967-10-19,105.29300000000001
1967-10-20,105.45999999999999
1967-10-23,105.3396
1967-10-24,105.3629
1967-10-25,105.53
1967-10-26,105.55329999999999
1967-10-27,105.8653
1967-10-30,105.5996
1967-10-31,104.7634
1967-11-01,104.3617
1967-11-02,104.10339999999999
1967-11-03,103.4277
1967-11-06,103.1739
1967-11-08,103.4746
1967-11-09,102.6692
1967-11-10,102.0108
1967-11-13,101.09220000000001
1967-11-14,101.7861
1967-11-15,102.0802
1967-11-16,102.9224
1967-11-17,102.5346
1967-11-20,101.0715
1967-11-21,103.5364
1967-11-22,103.8383
1967-11-24,102.7539
1967-11-27,103.0522
1967-11-28,104.46680000000001
1967-11-29,104.34950000000001
1967-11-30,103.3948
1967-12-01,103.0043
1967-12-04,103.3036
1967-12-05,103.60420000000001
1967-12-06,104.46599999999999
1967-12-07,104.2084
1967-12-08,104.0919
1967-12-11,103.83620000000001
1967-12-12,103.7206
1967-12-13,104.1626
1967-12-14,104.4669
1967-12-15,104.34990000000001
1967-12-18,104.9375
1967-12-19,105.10299999999999
1967-12-20,105.4115
1967-12-21,105.1499
1967-12-22,104.7482
1967-12-26,105.1968
1967-12-27,105.5056
1967-12-28,104.95950000000001
1967-12-29,105.125
1968-01-02,105.86239999999999
1968-01-03,106.3185
1968-01-04,107.95269999999999
1968-01-05,108.5732
1968-01-08,108.44670000000001
1968-01-09,108.1711
1968-01-10,108.9439
1968-01-11,108.9674
1968-01-12,109.2933
1968-01-15,108.2621
1968-01-16,107.691
1968-01-17,108.15940000000001
1968-01-18,107.1476
1968-01-19,106.5874
1968-01-22,106.46599999999999
1968-01-23,107.2176
1968-01-24,107.535
1968-01-25,107.8539
1968-01-26,107.8775
1968-01-29,108.0493
1968-01-30,108.37050000000001
1968-01-31,108.39400000000001
1968-02-01,108.2685
1968-02-02,108.44110000000001
1968-02-05,108.1666
1968-02-06,108.04170000000001
1968-02-07,108.3626
1968-02-08,108.0886
1968-02-09,108.2608
1968-02-13,108.5826
1968-02-14,108.7559
1968-02-15,109.07989999999999
1968-02-16,109.1035
1968-02-19,108.9765
1968-02-20,108.84990000000001
1968-02-21,109.02370000000001
1968-02-23,108.89700000000001
1968-02-26,108.4716
1968-02-27,108.3463
1968-02-28,108.37
1968-02-29,108.3937
1968-03-01,108.4174
1968-03-04,108.2923
1968-03-05,107.87179999999999
1968-03-06,107.4543
1968-03-07,106.7492
1968-03-08,105.48139999999999
1968-03-11,105.6473
1968-03-12,105.10469999999999
1968-03-13,104.2884
1968-03-14,103.3463
1968-03-15,104.47320000000001
1968-03-18,105.4795
1968-03-19,105.36190000000001
1968-03-20,105.6692
1968-03-21,105.55119999999999
1968-03-22,105.7171
1968-03-25,105.88339999999999
1968-03-26,105.3396
1968-03-27,105.36369999999999
1968-03-28,105.3877
1968-03-29,105.6948
1968-04-01,107.1527
1968-04-02,107.4679
1968-04-03,108.6699
1968-04-04,108.69370000000001
1968-04-05,108.7175
1968-04-08,108.8905
1968-04-10,109.5142
1968-04-11,109.3873
1968-04-15,108.8116
1968-04-16,108.83540000000001
1968-04-17,108.8593
1968-04-18,108.58540000000001
1968-04-19,107.1392
1968-04-22,106.8737
1968-04-23,107.4776
1968-04-24,107.7938
1968-04-25,107.81780000000001
1968-04-26,107.84180000000001
1968-04-29,107.86579999999999
1968-04-30,107.88979999999999
1968-05-01,108.35509999999999
1968-05-02,108.2315
1968-05-03,107.8145
1968-05-06,107.9851
1968-05-07,108.1561
1968-05-08,108.0331
1968-05-09,108.2041
1968-05-10,108.3755
1968-05-13,108.2521
1968-05-14,107.9821
1968-05-15,107.8597
1968-05-16,107.1558
1968-05-17,106.8912
1968-05-20,106.199
1968-05-21,105.93899999999999
1968-05-22,105.82170000000001
1968-05-23,106.1294
1968-05-24,106.5812
1968-05-27,107.3248
1968-05-28,107.349
1968-05-29,107.22839999999999
1968-05-31,108.4186
1968-06-03,109.1833
1968-06-04,109.6562
1968-06-05,109.2308
1968-06-06,109.10590000000001
1968-06-07,109.279
1968-06-10,109.3031
1968-06-11,109.178
1968-06-13,109.65049999999999
1968-06-14,110.1262
1968-06-17,110.3017
1968-06-18,110.1743
1968-06-20,110.9585
1968-06-21,111.44329999999999
1968-06-24,111.46729999999999
1968-06-25,111.02979999999999
1968-06-27,110.9008
1968-06-28,110.9248
1968-07-01,111.102
1968-07-02,111.2795
1968-07-03,111.3036
1968-07-08,111.4815
1968-07-09,111.65989999999999
1968-07-11,111.8386
1968-07-12,111.8626
1968-07-15,111.57729999999999
1968-07-16,111.4473
1968-07-18,111.01090000000001
1968-07-19,111.035
1968-07-22,111.8276
1968-07-23,113.09999999999999
1968-07-25,113.75790000000001
1968-07-26,114.26139999999999
1968-07-29,113.9649
1968-07-30,113.8291
1968-08-01,114.4936
1968-08-02,114.8404
1968-08-05,114.5411
1968-08-06,114.4041
1968-08-08,114.26739999999999
1968-08-09,113.9712
1968-08-12,113.6765
1968-08-13,113.38330000000001
1968-08-15,113.0916
1968-08-16,113.27330000000001
1968-08-19,113.2974
1968-08-20,113.16370000000001
1968-08-22,112.56
1968-08-23,112.89700000000001
1968-08-26,113.2355
1968-08-27,113.4175
1968-08-29,113.75839999999999
1968-08-30,113.94159999999999
1968-09-03,113.9657
1968-09-04,113.6717
1968-09-05,113.3792
1968-09-06,113.0882
1968-09-09,112.9554
1968-09-10,112.6666
1968-09-12,112.6908
1968-09-13,112.87130000000001
1968-09-16,113.2092
1968-09-17,113.3909
1968-09-19,113.57299999999999
1968-09-20,113.4392
1968-09-23,113.46339999999999
1968-09-24,113.4876
1968-09-26,113.3541
1968-09-27,113.221
1968-09-30,112.77509999999999
1968-10-01,112.6434
1968-10-03,112.5121
1968-10-04,112.22620000000001
1968-10-07,111.7878
1968-10-08,111.3527
1968-10-10,110.4671
1968-10-11,110.49160000000001
1968-10-14,110.36579999999999
1968-10-15,109.94110000000001
1968-10-17,111.16840000000001
1968-10-18,111.345
1968-10-21,111.3695
1968-10-22,111.24169999999999
1968-10-24,111.1142
1968-10-25,111.1387
1968-10-28,111.1632
1968-10-29,110.88460000000001
1968-10-31,111.0604
1968-11-01,111.2367
1968-11-04,110.9579
1968-11-06,111.1339
1968-11-07,110.8557
1968-11-08,110.5789
1968-11-12,110.15389999999999
1968-11-13,110.1786
1968-11-14,110.2032
1968-11-15,110.07859999999999
1968-11-18,109.8058
1968-11-19,109.3867
1968-11-21,109.26430000000001
1968-11-22,109.1421
1968-11-25,109.02030000000001
1968-11-26,108.89870000000001
1968-11-27,108.77760000000001
1968-11-29,108.51130000000001
1968-12-02,107.0988
1968-12-03,106.69929999999999
1968-12-05,107.2902
1968-12-06,107.4576
1968-12-09,107.1978
1968-12-10,106.9393
1968-12-12,106.5414
1968-12-13,106.5664
1968-12-16,106.4511
1968-12-17,106.19629999999999
1968-12-19,104.83929999999999
1968-12-20,103.7814
1968-12-23,103.13979999999999
1968-12-24,102.5056
1968-12-26,103.721
1968-12-27,103.74630000000001
1968-12-30,103.9055
1968-12-31,104.4696
1969-01-02,105.3122
1969-01-03,105.0633
1969-01-06,104.5437
1969-01-07,103.22669999999999
1969-01-08,103.7842
1969-01-09,104.4816
1969-01-10,104.914
1969-01-13,104.6673
1969-01-14,104.6925
1969-01-15,104.7178
1969-01-16,105.2882
1969-01-17,105.04000000000001
1969-01-20,105.3387
1969-01-21,105.227
1969-01-22,104.97920000000001
1969-01-23,105.00449999999999
1969-01-24,105.1662
1969-01-27,104.91889999999999
1969-01-28,104.5373
1969-01-29,104.1585
1969-01-30,103.7824
1969-01-31,102.8805
1969-02-03,102.3828
1969-02-04,102.931
1969-02-05,103.0881
1969-02-06,103.11360000000001
1969-02-07,104.0676
1969-02-11,104.6306
1969-02-12,104.65600000000001
1969-02-13,104.95229999999999
1969-02-14,104.70659999999999
1969-02-17,104.3276
1969-02-18,103.9513
1969-02-19,103.5776
1969-02-20,103.20650000000001
1969-02-24,103.2321
1969-02-25,103.2577
1969-02-26,103.2833
1969-02-27,102.9145
1969-02-28,102.9402
1969-03-03,103.2283
1969-03-04,103.3857
1969-03-05,103.2795
1969-03-06,103.0423
1969-03-07,102.93689999999999
1969-03-10,102.7013
1969-03-11,102.4669
1969-03-12,102.23350000000001
1969-03-13,101.87269999999999
1969-03-14,101.6421
1969-03-17,101.2854
1969-03-18,101.3112
1969-03-19,102.23269999999999
1969-03-20,102.2585
1969-03-21,102.6728
1969-03-24,103.0899
1969-03-25,102.7239
1969-03-26,102.48999999999999
1969-03-27,102.5158
1969-03-28,102.8013
1969-04-01,103.6129
1969-04-02,103.5068
1969-04-03,103.40089999999999
1969-04-07,103.4267
1969-04-08,103.9806
1969-04-09,104.67319999999999
1969-04-10,104.69889999999999
1969-04-11,105.5351
1969-04-14,107.21380000000001
1969-04-15,106.4046
1969-04-16,106.5685
1969-04-17,106.1801
1969-04-18,105.7944
1969-04-21,106.36879999999999
1969-04-22,106.80929999999999
1969-04-23,106.974
1969-04-24,106.7218
1969-04-25,106.60899999999999
1969-04-28,106.35850000000001
1969-04-29,106.2467
1969-04-30,106.5479
1969-05-01,106.5736
1969-05-02,107.015
1969-05-05,107.59950000000001
1969-05-06,107.4849
1969-05-07,107.37050000000001
1969-05-08,107.5363
1969-05-09,107.0033
1969-05-12,106.6133
1969-05-13,106.6391
1969-05-14,106.8031
1969-05-15,106.4148
1969-05-16,105.62009999999999
1969-05-19,104.83629999999999
1969-05-20,104.72839999999999
1969-05-21,104.4875
1969-05-22,103.71939999999999
1969-05-23,102.7025
1969-05-26,102.08629999999999
1969-05-27,101.3506
1969-05-28,100.7495
1969-05-29,101.151
1969-06-02,101.4288
1969-06-03,101.70780000000001
1969-06-04,102.11539999999999
1969-06-05,102.2693
1969-06-06,102.8092
1969-06-09,102.193
1969-06-10,102.98990000000001
1969-06-11,103.4055
1969-06-12,104.0866
1969-06-13,104.37690000000001
1969-06-16,104.5356
1969-06-17,103.6384
1969-06-18,103.7955
1969-06-19,103.69070000000001
1969-06-20,103.45569999999999
1969-06-23,103.61239999999999
1969-06-24,103.6386
1969-06-25,103.92659999999999
1969-06-26,104.4798
1969-06-27,103.9782
1969-06-30,103.6116
1969-07-01,103.50749999999999
1969-07-02,103.1442
1969-07-03,103.5598
1969-07-07,103.0669
1969-07-08,102.83540000000001
1969-07-09,102.605
1969-07-10,103.14570000000001
1969-07-11,105.0064
1969-07-14,104.6336
1969-07-15,104.0004
1969-07-16,104.2894
1969-07-17,104.0528
1969-07-18,104.21040000000001
1969-07-22,104.7647
1969-07-23,104.6584
1969-07-24,104.4204
1969-07-25,104.315
1969-07-28,104.07859999999999
1969-07-29,104.3676
1969-07-30,104.39400000000001
1969-07-31,104.81659999999999
1969-08-01,104.5782
1969-08-04,105.13500000000001
1969-08-05,105.56229999999999
1969-08-06,105.5887
1969-08-07,105.74939999999999
1969-08-08,105.7757
1969-08-11,105.66759999999999
1969-08-12,105.42570000000001
1969-08-13,105.3185
1969-08-14,105.2115
1969-08-15,105.2379
1969-08-18,105.79949999999999
1969-08-19,105.8259
1969-08-20,105.58369999999999
1969-08-21,105.47629999999999
1969-08-22,105.2358
1969-08-25,105.1292
1969-08-26,104.8904
1969-08-27,104.6527
1969-08-28,104.1541
1969-08-29,104.1806
1969-09-02,103.68640000000001
1969-09-03,103.0682
1969-09-04,102.96680000000001
1969-09-05,102.738
1969-09-08,102.2569
1969-09-09,102.4101
1969-09-10,102.6906
1969-09-11,102.8447
1969-09-12,102.6168
1969-09-15,102.39
1969-09-16,102.03830000000001
1969-09-17,101.5641
1969-09-18,100.9706
1969-09-19,101.12090000000001
1969-09-22,101.2715
1969-09-23,101.1746
1969-09-24,100.8314
1969-09-25,100.61279999999999
1969-09-26,99.306600000000003
1969-09-29,98.856999999999999
1969-09-30,98.5291
1969-10-01,98.674199999999999
1969-10-02,99.414400000000001
1969-10-03,100.2852
1969-10-06,101.0459
1969-10-07,102.066
1969-10-08,102.21850000000001
1969-10-09,102.1198
1969-10-10,102.9038
1969-10-13,102.9307
1969-10-14,104.2415
1969-10-15,103.75020000000001
1969-10-16,104.29470000000001
1969-10-17,104.7129
1969-10-20,106.19589999999999
1969-10-21,106.6266
1969-10-22,105.9806
1969-10-23,104.42100000000001
1969-10-24,103.9289
1969-10-27,103.1853
1969-10-28,101.57510000000001
1969-10-29,101.47839999999999
1969-10-30,101.7534
1969-10-31,102.0295
1969-11-03,102.81010000000001
1969-11-04,102.8372
1969-11-05,101.6103
1969-11-06,101.2668
1969-11-07,101.4171
1969-11-10,101.321
1969-11-11,101.3481
1969-11-12,100.6401
1969-11-13,100.30329999999999
1969-11-14,100.4516
1969-11-17,100.11620000000001
1969-11-18,99.424599999999998
1969-11-19,98.977699999999999
1969-11-20,98.652000000000001
1969-11-21,99.150400000000005
1969-11-24,99.772099999999995
1969-11-25,99.919200000000004
1969-11-26,99.7072
1969-11-28,99.854100000000003
1969-12-01,99.761799999999994
1969-12-02,99.0762
1969-12-03,99.221699999999998
1969-12-04,100.4432
1969-12-05,100.7128
1969-12-08,100.37690000000001
1969-12-09,99.564999999999998
1969-12-10,99.118499999999997
1969-12-11,98.910499999999999
1969-12-12,99.173400000000001
1969-12-15,99.200900000000004
1969-12-16,98.757900000000006
1969-12-17,98.551699999999997
1969-12-18,98.346400000000003
1969-12-19,98.723500000000001
1969-12-22,98.868099999999998
1969-12-23,98.545000000000002
1969-12-24,98.108199999999997
1969-12-26,97.790000000000006
1969-12-29,96.4542
1969-12-30,97.613
1969-12-31,98.795900000000003
1970-01-02,99.528999999999996
1970-01-05,99.320099999999996
1970-01-06,98.643799999999999
1970-01-07,98.438800000000001
1970-01-08,99.049499999999995
1970-01-09,100.0228
1970-01-12,100.1699
1970-01-13,99.720699999999994
1970-01-14,98.805899999999994
1970-01-15,98.950400000000002
1970-01-16,99.565799999999996
1970-01-19,99.830500000000001
1970-01-20,99.384699999999995
1970-01-21,99.412400000000005
1970-01-22,99.322400000000002
1970-01-23,99.115200000000002
1970-01-26,99.143000000000001
1970-01-27,99.523399999999995
1970-01-28,99.433300000000003
1970-01-29,99.343299999999999
1970-01-30,99.136399999999995
1970-02-02,99.634399999999999
1970-02-03,99.898899999999998
1970-02-04,100.5227
1970-02-05,101.0321
1970-02-06,101.9126
1970-02-09,103.05549999999999
1970-02-10,102.5838
1970-02-11,102.4873
1970-02-12,102.515
1970-02-13,104.3026
1970-02-16,104.0748
1970-02-17,103.84820000000001
1970-02-18,103.8758
1970-02-19,104.0305
1970-02-20,103.55119999999999
1970-02-24,103.83159999999999
1970-02-25,104.2406
1970-02-26,104.652
1970-02-27,104.6797
1970-03-02,104.1953
1970-03-03,104.223
1970-03-04,104.25069999999999
1970-03-05,103.7704
1970-03-06,103.9247
1970-03-09,103.5733
1970-03-10,102.8497
1970-03-11,102.0128
1970-03-12,101.4308
1970-03-13,100.7351
1970-03-16,100.40479999999999
1970-03-17,99.840299999999999
1970-03-18,100.4602
1970-03-19,102.9152
1970-03-20,102.6949
1970-03-23,102.8468
1970-03-24,103.373
1970-03-25,104.28319999999999
1970-03-26,104.5658
1970-03-30,103.70529999999999
1970-03-31,103.6075
1970-04-01,104.2664
1970-04-02,104.29430000000001
1970-04-03,104.0685
1970-04-06,103.59220000000001
1970-04-07,103.4948
1970-04-08,103.3976
1970-04-09,103.30070000000001
1970-04-10,103.5787
1970-04-13,103.48139999999999
1970-04-14,103.25960000000001
1970-04-15,102.791
1970-04-16,102.0817
1970-04-17,101.261
1970-04-20,100.9293
1970-04-21,100.83799999999999
1970-04-22,99.801000000000002
1970-04-23,99.595399999999998
1970-04-24,99.274600000000007
1970-04-27,99.071399999999997
1970-04-28,99.215299999999999
1970-04-29,99.592100000000002
1970-04-30,99.503900000000002
1970-05-01,99.299999999999997
1970-05-04,97.952600000000004
1970-05-05,97.980999999999995
1970-05-06,98.806399999999996
1970-05-07,99.064800000000005
1970-05-08,99.556200000000004
1970-05-11,99.236599999999996
1970-05-12,99.034199999999998
1970-05-13,99.062600000000003
1970-05-14,98.975999999999999
1970-05-15,99.350399999999993
1970-05-18,99.494699999999995
1970-05-19,99.523099999999999
1970-05-20,99.088999999999999
1970-05-21,98.203100000000006
1970-05-22,97.220500000000001
1970-05-25,94.956999999999994
1970-05-26,92.788399999999996
1970-05-27,94.687399999999997
1970-05-28,95.355699999999999
1970-05-29,95.707300000000004
1970-06-01,96.716200000000001
1970-06-02,97.631699999999995
1970-06-03,97.660399999999996
1970-06-04,97.465599999999995
1970-06-05,96.718599999999995
1970-06-08,96.309100000000001
1970-06-09,96.665999999999997
1970-06-10,96.585099999999997
1970-06-11,96.177000000000007
1970-06-12,95.556799999999996
1970-06-15,95.478200000000001
1970-06-16,97.138300000000001
1970-06-17,96.835999999999999
1970-06-18,96.974900000000005
1970-06-19,96.893600000000006
1970-06-22,97.253500000000003
1970-06-23,98.400000000000006
1970-06-24,98.882800000000003
1970-06-25,98.570300000000003
1970-06-26,98.372699999999995
1970-06-29,98.741299999999995
1970-06-30,100.2657
1970-07-01,100.88120000000001
1970-07-02,101.9815
1970-07-06,103.1024
1970-07-07,103.6236
1970-07-08,102.9136
1970-07-09,102.5765
1970-07-10,101.8801
1970-07-13,101.9088
1970-07-14,102.178
1970-07-15,102.3274
1970-07-16,102.59829999999999
1970-07-17,102.74850000000001
1970-07-20,102.65560000000001
1970-07-21,102.5629
1970-07-22,102.71299999999999
1970-07-23,104.3412
1970-07-24,104.1203
1970-07-27,104.02460000000001
1970-07-28,103.06659999999999
1970-07-29,103.2176
1970-07-30,103.24639999999999
1970-07-31,103.27509999999999
1970-08-03,103.1814
1970-08-04,103.08799999999999
1970-08-05,102.6301
1970-08-06,102.53789999999999
1970-08-07,102.3253
1970-08-10,101.8742
1970-08-11,101.42700000000001
1970-08-12,101.1014
1970-08-13,101.0127
1970-08-14,99.876499999999993
1970-08-17,99.218000000000004
1970-08-18,99.589500000000001
1970-08-19,99.848100000000002
1970-08-20,99.877200000000002
1970-08-21,100.6007
1970-08-24,102.4025
1970-08-25,102.6725
1970-08-26,102.7015
1970-08-27,102.6097
1970-08-28,102.6386
1970-08-31,102.7884
1970-09-01,103.0598
1970-09-02,103.21040000000001
1970-09-03,103.2394
1970-09-04,103.2684
1970-09-08,103.2974
1970-09-09,102.96169999999999
1970-09-10,102.9907
1970-09-11,103.3844
1970-09-14,103.5355
1970-09-15,103.8096
1970-09-16,104.4558
1970-09-17,105.4858
1970-09-18,105.7679
1970-09-21,105.9239
1970-09-22,106.0802
1970-09-23,106.2368
1970-09-24,106.01049999999999
1970-09-25,106.0395
1970-09-28,105.5609
1970-09-29,105.843
1970-09-30,105.7452
1970-10-01,105.6477
1970-10-02,106.05710000000001
1970-10-05,106.0861
1970-10-06,106.2426
1970-10-07,106.27160000000001
1970-10-08,106.17310000000001
1970-10-09,105.9478
1970-10-12,105.9769
1970-10-13,106.006
1970-10-14,105.40309999999999
1970-10-15,105.55800000000001
1970-10-16,105.3357
1970-10-19,104.98950000000001
1970-10-20,104.89409999999999
1970-10-21,104.4272
1970-10-22,104.087
1970-10-23,104.1163
1970-10-26,103.90049999999999
1970-10-27,103.9298
1970-10-28,104.3271
1970-10-29,105.4738
1970-10-30,105.25239999999999
1970-11-02,106.5436
1970-11-03,106.5728
1970-11-04,106.7299
1970-11-05,106.7591
1970-11-06,107.1738
1970-11-09,107.8509
1970-11-10,108.0106
1970-11-11,108.0398
1970-11-12,108.9902
1970-11-13,108.4903
1970-11-16,108.3879
1970-11-17,108.4171
1970-11-18,108.97410000000001
1970-11-19,110.4773
1970-11-20,112.994
1970-11-23,115.02849999999999
1970-11-24,113.47
1970-11-25,112.6497
1970-11-27,112.67870000000001
1970-11-30,112.5673
1970-12-01,113.0184
1970-12-02,114.18600000000001
1970-12-03,115.2283
1970-12-04,115.9911
1970-12-07,115.13849999999999
1970-12-08,115.1674
1970-12-09,114.76000000000001
1970-12-10,114.7889
1970-12-11,115.40000000000001
1970-12-14,116.164
1970-12-15,116.045
1970-12-16,116.3699
1970-12-17,116.2505
1970-12-18,115.8364
1970-12-21,114.55249999999999
1970-12-22,113.86360000000001
1970-12-23,113.3241
1970-12-24,113.3532
1970-12-28,112.9589
1970-12-29,112.28830000000001
1970-12-30,112.4568
1970-12-31,112.3466
1971-01-04,113.2159
1971-01-05,113.38630000000001
1971-01-06,113.557
1971-01-07,114.1555
1971-01-08,114.4714
1971-01-11,114.93300000000001
1971-01-12,115.3976
1971-01-13,115.8652
1971-01-14,116.7799
1971-01-15,116.80889999999999
1971-01-18,117.5856
1971-01-19,117.46420000000001
1971-01-20,117.4933
1971-01-21,118.12569999999999
1971-01-22,118.7636
1971-01-25,119.0993
1971-01-26,118.82129999999999
1971-01-27,118.5446
1971-01-28,118.5736
1971-01-29,118.4502
1971-02-01,118.1754
1971-02-02,118.053
1971-02-03,118.0821
1971-02-04,118.1112
1971-02-05,118.29179999999999
1971-02-08,118.4727
1971-02-09,118.654
1971-02-10,118.6831
1971-02-11,118.40779999999999
1971-02-12,118.43689999999999
1971-02-16,118.0116
1971-02-17,117.89
1971-02-18,117.7687
1971-02-19,117.4978
1971-02-22,117.0793
1971-02-23,116.6636
1971-02-24,116.39790000000001
1971-02-25,116.7221
1971-02-26,116.4563
1971-03-01,116.48560000000001
1971-03-02,116.958
1971-03-03,117.28449999999999
1971-03-04,117.3138
1971-03-05,117.4922
1971-03-08,117.82089999999999
1971-03-09,119.0603
1971-03-10,120.4773
1971-03-11,121.6062
1971-03-12,121.31870000000001
1971-03-15,121.34780000000001
1971-03-16,121.6934
1971-03-17,122.5198
1971-03-18,123.3556
1971-03-19,124.0369
1971-03-22,125.0556
1971-03-23,125.5849
1971-03-24,125.11279999999999
1971-03-25,124.64400000000001
1971-03-26,124.0145
1971-03-29,123.3909
1971-03-30,123.7453
1971-03-31,123.4487
1971-04-01,123.1537
1971-04-02,122.6991
1971-04-05,122.56780000000001
1971-04-06,122.9182
1971-04-07,123.10850000000001
1971-04-08,123.1377
1971-04-12,121.8848
1971-04-13,121.59739999999999
1971-04-14,121.6267
1971-04-15,121.34059999999999
1971-04-16,121.3699
1971-04-19,120.9286
1971-04-20,119.8711
1971-04-21,118.9825
1971-04-22,119.1641
1971-04-23,119.3459
1971-04-26,119.3754
1971-04-27,119.4049
1971-04-28,119.8939
1971-04-29,119.7697
1971-04-30,119.7992
1971-05-03,118.913
1971-05-04,117.2937
1971-05-05,117.32340000000001
1971-05-06,117.0579
1971-05-07,117.3827
1971-05-10,117.7089
1971-05-11,117.59010000000001
1971-05-12,116.5881
1971-05-13,115.7462
1971-05-14,115.3445
1971-05-17,115.0883
1971-05-18,114.4079
1971-05-19,114.7208
1971-05-20,116.47280000000001
1971-05-21,116.5027
1971-05-24,116.6784
1971-05-25,117.1478
1971-05-26,117.7683
1971-05-27,118.0956
1971-05-28,117.8276
1971-06-01,118.3043
1971-06-02,119.38809999999999
1971-06-03,119.875
1971-06-04,118.8408
1971-06-07,118.12090000000001
1971-06-08,117.5568
1971-06-09,116.9979
1971-06-10,116.7354
1971-06-11,116.7654
1971-06-14,115.2069
1971-06-15,113.96550000000001
1971-06-16,114.55670000000001
1971-06-17,114.5869
1971-06-18,115.46810000000001
1971-06-21,116.36069999999999
1971-06-22,115.6698
1971-06-23,115.6999
1971-06-24,115.5868
1971-06-25,115.76009999999999
1971-06-28,115.7902
1971-06-29,115.82040000000001
1971-06-30,115.9941
1971-07-01,116.1683
1971-07-02,116.48739999999999
1971-07-06,116.8078
1971-07-07,116.9836
1971-07-08,117.0138
1971-07-09,117.04389999999999
1971-07-12,117.955
1971-07-13,118.2816
1971-07-14,118.6096
1971-07-15,118.7891
1971-07-16,118.0741
1971-07-19,117.36709999999999
1971-07-20,117.2509
1971-07-21,117.5741
1971-07-22,116.87309999999999
1971-07-23,116.4684
1971-07-26,116.3544
1971-07-27,116.38460000000001
1971-07-28,116.2709
1971-07-29,116.5896
1971-07-30,116.7646
1971-08-02,116.94
1971-08-03,116.5356
1971-08-04,116.4216
1971-08-05,116.7407
1971-08-06,116.7711
1971-08-09,116.6567
1971-08-10,116.687
1971-08-11,117.00709999999999
1971-08-12,117.7672
1971-08-13,118.684
1971-08-16,121.441
1971-08-17,122.0936
1971-08-18,121.9674
1971-08-19,121.6858
1971-08-20,121.56059999999999
1971-08-23,120.35890000000001
1971-08-24,120.84780000000001
1971-08-25,120.7247
1971-08-26,121.06189999999999
1971-08-27,121.7102
1971-08-30,122.05159999999999
1971-08-31,122.5514
1971-09-01,122.7389
1971-09-02,123.40179999999999
1971-09-03,124.23099999999999
1971-09-07,124.9071
1971-09-08,124.613
1971-09-09,124.1593
1971-09-10,123.8687
1971-09-13,122.7867
1971-09-14,122.5026
1971-09-15,122.84699999999999
1971-09-16,123.03489999999999
1971-09-17,123.54040000000001
1971-09-20,123.2531
1971-09-21,123.125
1971-09-22,122.83969999999999
1971-09-23,122.87
1971-09-24,123.2157
1971-09-27,123.563
1971-09-28,123.9117
1971-09-29,124.2619
1971-09-30,125.0984
1971-10-01,125.4538
1971-10-04,125.8108
1971-10-05,125.188
1971-10-06,125.3807
1971-10-07,125.4109
1971-10-08,125.7675
1971-10-11,125.79770000000001
1971-10-12,126.4853
1971-10-13,126.8467
1971-10-14,126.5453
1971-10-15,126.57550000000001
1971-10-18,125.94670000000001
1971-10-19,125.81319999999999
1971-10-20,126.1712
1971-10-21,126.5308
1971-10-22,126.56100000000001
1971-10-25,126.5912
1971-10-26,126.9526
1971-10-27,126.8169
1971-10-28,126.8471
1971-10-29,127.376
1971-11-01,128.07650000000001
1971-11-02,128.10669999999999
1971-11-03,129.154
1971-11-04,129.01339999999999
1971-11-05,129.04349999999999
1971-11-08,128.5634
1971-11-09,128.25530000000001
1971-11-10,127.7808
1971-11-11,127.8111
1971-11-12,128.1773
1971-11-15,128.20750000000001
1971-11-16,128.40639999999999
1971-11-17,128.4367
1971-11-18,128.6361
1971-11-19,128.32820000000001
1971-11-22,127.6865
1971-11-23,126.88509999999999
1971-11-24,126.4211
1971-11-26,126.4515
1971-11-29,126.482
1971-11-30,126.6769
1971-12-01,126.7073
1971-12-02,126.5732
1971-12-03,126.6036
1971-12-06,126.7987
1971-12-07,126.3361
1971-12-08,126.36660000000001
1971-12-09,126.0701
1971-12-10,126.26390000000001
1971-12-13,126.4581
1971-12-14,126.1614
1971-12-15,125.7037
1971-12-16,125.7343
1971-12-17,125.9273
1971-12-20,125.63330000000001
1971-12-21,125.0188
1971-12-22,124.8891
1971-12-23,125.40179999999999
1971-12-27,126.0802
1971-12-28,126.7647
1971-12-29,126.6311
1971-12-30,126.4979
1971-12-31,126.69240000000001
1972-01-03,126.23220000000001
1972-01-04,126.2629
1972-01-05,126.2936
1972-01-06,126.6511
1972-01-07,126.8458
1972-01-10,127.3708
1972-01-11,127.2362
1972-01-12,127.2668
1972-01-13,127.4628
1972-01-14,127.6592
1972-01-17,127.3586
1972-01-18,127.2242
1972-01-19,126.92570000000001
1972-01-20,126.7924
1972-01-21,126.496
1972-01-24,126.3638
1972-01-25,126.721
1972-01-26,126.9156
1972-01-27,126.1301
1972-01-28,125.67570000000001
1972-01-31,125.70659999999999
1972-02-01,125.57640000000001
1972-02-02,125.7684
1972-02-03,125.7993
1972-02-04,125.8302
1972-02-07,125.8612
1972-02-08,125.7308
1972-02-09,125.76179999999999
1972-02-10,125.7928
1972-02-11,125.9851
1972-02-14,126.3399
1972-02-15,126.5334
1972-02-16,126.8905
1972-02-17,127.0851
1972-02-18,127.1161
1972-02-22,127.3112
1972-02-23,127.3421
1972-02-24,127.2088
1972-02-25,127.404
1972-02-28,127.435
1972-02-29,127.30159999999999
1972-03-01,127.497
1972-03-02,127.52800000000001
1972-03-03,127.7238
1972-03-06,127.7548
1972-03-07,127.6208
1972-03-08,127.6519
1972-03-09,127.6829
1972-03-10,127.5492
1972-03-13,127.2518
1972-03-14,127.11920000000001
1972-03-15,126.82389999999999
1972-03-16,126.855
1972-03-17,127.0492
1972-03-20,126.91719999999999
1972-03-21,127.11150000000001
1972-03-22,127.1426
1972-03-23,127.0106
1972-03-24,126.7162
1972-03-27,126.91
1972-03-28,126.7786
1972-03-29,126.8098
1972-03-30,126.67870000000001
1972-04-03,127.03489999999999
1972-04-04,126.4169
1972-04-05,126.4482
1972-04-06,126.3181
1972-04-07,126.3494
1972-04-10,126.3807
1972-04-11,126.09
1972-04-12,125.6409
1972-04-13,125.1948
1972-04-14,125.22629999999999
1972-04-17,125.4165
1972-04-18,125.4479
1972-04-19,125.79810000000001
1972-04-20,125.9894
1972-04-21,126.0209
1972-04-24,126.0523
1972-04-25,126.08369999999999
1972-04-26,126.2757
1972-04-27,127.277
1972-04-28,127.1456
1972-05-01,127.17700000000001
1972-05-02,127.2085
1972-05-03,127.0774
1972-05-04,126.9466
1972-05-05,126.9781
1972-05-08,127.1718
1972-05-09,126.8789
1972-05-10,127.2346
1972-05-11,127.4288
1972-05-12,127.7869
1972-05-15,127.98220000000001
1972-05-16,128.178
1972-05-17,128.3742
1972-05-18,128.7362
1972-05-19,129.09979999999999
1972-05-22,129.465
1972-05-23,129.83179999999999
1972-05-24,129.86320000000001
1972-05-25,130.06299999999999
1972-05-26,130.09440000000001
1972-05-30,130.46379999999999
1972-05-31,130.49520000000001
1972-06-01,130.18819999999999
1972-06-02,130.05109999999999
1972-06-05,130.08250000000001
1972-06-06,129.77770000000001
1972-06-07,129.64160000000001
1972-06-08,129.67310000000001
1972-06-09,129.8723
1972-06-12,129.90379999999999
1972-06-13,129.93530000000001
1972-06-14,129.96690000000001
1972-06-15,130.16659999999999
1972-06-16,130.19810000000001
1972-06-19,130.2296
1972-06-20,130.4299
1972-06-21,130.2927
1972-06-22,130.32419999999999
1972-06-23,130.18729999999999
1972-06-26,130.05080000000001
1972-06-27,130.08240000000001
1972-06-28,129.9462
1972-06-29,129.81039999999999
1972-06-30,129.67490000000001
1972-07-03,129.70660000000001
1972-07-05,129.90549999999999
1972-07-06,130.10470000000001
1972-07-07,130.13640000000001
1972-07-10,130.00040000000001
1972-07-11,130.36779999999999
1972-07-12,130.39949999999999
1972-07-13,130.59979999999999
1972-07-14,130.8004
1972-07-17,130.8321
1972-07-18,130.69470000000001
1972-07-19,130.8955
1972-07-20,130.9273
1972-07-21,130.959
1972-07-24,130.9907
1972-07-25,131.19210000000001
1972-07-26,131.5643
1972-07-27,131.25530000000001
1972-07-28,131.4572
1972-07-31,131.4889
1972-08-01,131.69130000000001
1972-08-02,131.89410000000001
1972-08-03,131.92590000000001
1972-08-04,131.95760000000001
1972-08-07,131.98939999999999
1972-08-08,132.3647
1972-08-09,132.74170000000001
1972-08-10,132.77340000000001
1972-08-11,132.80510000000001
1972-08-14,132.66390000000001
1972-08-15,132.86869999999999
1972-08-16,132.90039999999999
1972-08-17,132.93219999999999
1972-08-18,132.79079999999999
1972-08-21,132.82259999999999
1972-08-22,133.2012
1972-08-23,133.05930000000001
1972-08-24,133.09110000000001
1972-08-25,132.9496
1972-08-28,132.63570000000001
1972-08-29,132.66759999999999
1972-08-30,132.01220000000001
1972-08-31,132.04409999999999
1972-09-01,132.24719999999999
1972-09-05,132.2792
1972-09-06,131.96879999999999
1972-09-07,131.83019999999999
1972-09-08,131.35249999999999
1972-09-11,131.72380000000001
1972-09-12,131.75579999999999
1972-09-13,131.7878
1972-09-14,131.48009999999999
1972-09-15,131.51220000000001
1972-09-18,131.54429999999999
1972-09-19,131.57640000000001
1972-09-20,131.27000000000001
1972-09-21,130.797
1972-09-22,130.49430000000001
1972-09-25,130.3596
1972-09-26,130.2252
1972-09-27,130.25739999999999
1972-09-28,130.4563
1972-09-29,130.9905
1972-10-02,131.02269999999999
1972-10-03,131.0549
1972-10-04,131.4239
1972-10-05,131.62520000000001
1972-10-06,131.82689999999999
1972-10-09,131.85910000000001
1972-10-10,132.40209999999999
1972-10-11,132.77690000000001
1972-10-12,132.63749999999999
1972-10-13,132.4984
1972-10-16,132.70189999999999
1972-10-17,132.9058
1972-10-18,132.93799999999999
1972-10-19,133.14230000000001
1972-10-20,133.1746
1972-10-23,133.20679999999999
1972-10-24,133.5847
1972-10-25,133.79040000000001
1972-10-26,133.9966
1972-10-27,134.9041
1972-10-30,134.23400000000001
1972-10-31,134.44110000000001
1972-11-01,135.17660000000001
1972-11-02,135.9187
1972-11-03,136.48779999999999
1972-11-06,136.69980000000001
1972-11-08,136.91220000000001
1972-11-09,137.1251
1972-11-10,137.33850000000001
1972-11-13,137.5523
1972-11-14,137.94919999999999
1972-11-15,138.7158
1972-11-16,138.3792
1972-11-17,138.41120000000001
1972-11-20,138.44329999999999
1972-11-21,137.92519999999999
1972-11-22,137.7748
1972-11-24,137.62479999999999
1972-11-27,137.11269999999999
1972-11-28,137.14490000000001
1972-11-29,137.358
1972-11-30,137.02850000000001
1972-12-01,136.70050000000001
1972-12-04,136.7328
1972-12-05,136.40629999999999
1972-12-06,136.25989999999999
1972-12-07,136.1138
1972-12-08,135.96809999999999
1972-12-11,135.6455
1972-12-12,135.501
1972-12-13,135.3569
1972-12-14,135.2132
1972-12-15,135.06979999999999
1972-12-18,134.2285
1972-12-19,133.56899999999999
1972-12-20,133.42959999999999
1972-12-21,133.63419999999999
1972-12-22,133.66679999999999
1972-12-26,133.87180000000001
1972-12-27,133.90440000000001
1972-12-29,133.93700000000001
1973-01-02,133.62469999999999
1973-01-03,133.8296
1973-01-04,121.9663
1973-01-05,121.5613
1973-01-08,121.1591
1973-01-09,121.1925
1973-01-10,121.0812
1973-01-11,121.1147
1973-01-12,121.00369999999999
1973-01-15,121.1815
1973-01-16,121.215
1973-01-17,121.2484
1973-01-18,121.1373
1973-01-19,121.0265
1973-01-22,120.916
1973-01-23,121.5273
1973-01-24,121.271
1973-01-26,121.0159
1973-01-29,121.04940000000001
1973-01-30,121.2272
1973-01-31,121.40519999999999
1973-02-01,121.2942
1973-02-02,120.8955
1973-02-05,121.0729
1973-02-06,120.9627
1973-02-07,121.1401
1973-02-08,121.1737
1973-02-09,121.4961
1973-02-12,121.52970000000001
1973-02-13,121.85339999999999
1973-02-14,121.887
1973-02-15,122.0663
1973-02-16,121.9543
1973-02-20,121.55249999999999
1973-02-21,121.2974
1973-02-22,121.47539999999999
1973-02-23,121.7985
1973-02-26,121.3982
1973-02-27,121.4319
1973-02-28,121.4657
1973-03-01,121.4995
1973-03-02,121.389
1973-03-05,121.4228
1973-03-06,121.45659999999999
1973-03-07,121.6347
1973-03-08,121.66849999999999
1973-03-09,121.55800000000001
1973-03-12,121.4477
1973-03-13,121.4816
1973-03-14,121.5154
1973-03-15,121.4054
1973-03-16,121.15219999999999
1973-03-19,121.4731
1973-03-20,121.3633
1973-03-21,121.685
1973-03-22,121.7189
1973-03-23,121.8973
1973-03-26,122.22110000000001
1973-03-27,122.40049999999999
1973-03-28,122.5802
1973-03-29,122.9067
1973-03-30,122.3561
1973-04-02,122.2448
1973-04-03,122.5697
1973-04-04,122.7497
1973-04-05,122.7837
1973-04-06,123.55240000000001
1973-04-09,123.7343
1973-04-10,123.3249
1973-04-11,123.21169999999999
1973-04-12,123.2457
1973-04-13,123.4269
1973-04-16,123.60850000000001
1973-04-17,123.4949
1973-04-18,123.3815
1973-04-19,123.4156
1973-04-23,123.15560000000001
1973-04-24,123.3366
1973-04-25,123.2238
1973-04-26,122.81870000000001
1973-04-27,122.7071
1973-04-30,122.7413
1973-05-01,122.62990000000001
1973-05-02,122.37390000000001
1973-05-03,122.119
1973-05-04,122.0091
1973-05-07,121.8995
1973-05-08,121.9337
1973-05-09,121.968
1973-05-10,122.1463
1973-05-11,122.0365
1973-05-14,122.07089999999999
1973-05-15,122.1052
1973-05-16,122.28360000000001
1973-05-17,122.1738
1973-05-18,121.9205
1973-05-21,121.66849999999999
1973-05-22,121.7029
1973-05-23,121.45189999999999
1973-05-24,121.6288
1973-05-25,121.8062
1973-05-29,121.6977
1973-05-30,121.5894
1973-05-31,121.48139999999999
1973-06-01,121.23180000000001
1973-06-04,120.84220000000001
1973-06-05,121.30070000000001
1973-06-06,121.90470000000001
1973-06-07,122.0825
1973-06-08,122.26049999999999
1973-06-11,122.0081
1973-06-12,122.1859
1973-06-13,122.3642
1973-06-14,122.255
1973-06-15,122.2895
1973-06-18,121.8943
1973-06-19,121.9289
1973-06-20,121.6784
1973-06-21,121.71299999999999
1973-06-22,121.60550000000001
1973-06-25,121.3565
1973-06-26,121.24979999999999
1973-06-27,121.2846
1973-06-28,121.3193
1973-06-29,121.0718
1973-07-02,120.5454
1973-07-03,120.5802
1973-07-05,121.0354
1973-07-06,120.6494
1973-07-09,120.26600000000001
1973-07-10,120.44
1973-07-11,120.4748
1973-07-12,120.37050000000001
1973-07-13,120.2664
1973-07-16,120.3013
1973-07-17,120.33629999999999
1973-07-18,119.8175
1973-07-19,119.3031
1973-07-20,119.0651
1973-07-23,119.1002
1973-07-24,118.86320000000001
1973-07-25,118.76260000000001
1973-07-26,117.1891
1973-07-27,116.30419999999999
1973-07-30,115.9491
1973-07-31,115.08199999999999
1973-08-01,113.2236
1973-08-02,113.38339999999999
1973-08-03,113.17019999999999
1973-08-06,113.0818
1973-08-07,112.7467
1973-08-08,113.2765
1973-08-09,113.4363
1973-08-10,113.72110000000001
1973-08-13,114.25830000000001
1973-08-14,114.1679
1973-08-15,114.7084
1973-08-16,116.2824
1973-08-17,116.9705
1973-08-20,116.2222
1973-08-21,116.5177
1973-08-22,116.4229
1973-08-23,117.5068
1973-08-24,118.60809999999999
1973-08-27,118.2411
1973-08-28,117.87649999999999
1973-08-29,119.1181
1973-08-30,119.4248
1973-08-31,119.5963
1973-09-04,120.3165
1973-09-05,121.46210000000001
1973-09-06,121.3574
1973-09-07,121.39279999999999
1973-09-10,121.14879999999999
1973-09-11,120.2148
1973-09-12,119.8391
1973-09-13,119.4658
1973-09-14,119.5013
1973-09-17,119.9455
1973-09-18,120.1178
1973-09-19,120.29049999999999
1973-09-20,120.60129999999999
1973-09-21,121.7486
1973-09-24,122.4888
1973-09-25,123.3798
1973-09-26,123.27160000000001
1973-09-27,123.7383
1973-09-28,124.49850000000001
1973-10-01,123.9526
1973-10-02,123.4114
1973-10-03,123.16030000000001
1973-10-04,123.1957
1973-10-05,123.80540000000001
1973-10-08,123.8408
1973-10-09,124.74679999999999
1973-10-10,124.6362
1973-10-11,124.0902
1973-10-12,124.2706
1973-10-15,123.58410000000001
1973-10-16,122.9049
1973-10-17,122.2329
1973-10-18,122.1279
1973-10-19,122.58620000000001
1973-10-22,122.6219
1973-10-23,122.3751
1973-10-24,122.5518
1973-10-25,121.60509999999999
1973-10-26,122.0598
1973-10-29,122.0955
1973-10-30,122.27160000000001
1973-10-31,121.74720000000001
1973-11-01,122.06229999999999
1973-11-02,122.0981
1973-11-05,121.4367
1973-11-06,121.4725
1973-11-07,121.50839999999999
1973-11-08,121.6831
1973-11-09,121.71899999999999
1973-11-12,121.47709999999999
1973-11-13,120.9606
1973-11-14,120.8591
1973-11-15,121.30800000000001
1973-11-16,121.75960000000001
1973-11-19,122.3537
1973-11-20,122.3896
1973-11-21,122.98869999999999
1973-11-23,123.02460000000001
1973-11-26,123.3441
1973-11-27,123.238
1973-11-28,123.2739
1973-11-29,123.3098
1973-11-30,123.63030000000001
1973-12-03,123.3815
1973-12-04,123.27549999999999
1973-12-05,122.4653
1973-12-06,122.5013
1973-12-07,122.6777
1973-12-10,123.41930000000001
1973-12-11,123.17189999999999
1973-12-12,123.63339999999999
1973-12-13,123.6695
1973-12-14,123.7055
1973-12-17,123.8841
1973-12-18,123.92019999999999
1973-12-19,123.529
1973-12-20,123.2817
1973-12-21,122.6139
1973-12-24,122.65000000000001
1973-12-26,121.989
1973-12-27,121.8867
1973-12-28,122.0615
1973-12-31,122.09780000000001
1974-01-02,121.7187
1974-01-03,121.89319999999999
1974-01-04,121.9295
1974-01-07,121.4143
1974-01-08,121.0399
1974-01-09,121.2129
1974-01-10,120.97620000000001
1974-01-11,120.8764
1974-01-14,120.7769
1974-01-15,120.6776
1974-01-16,120.7141
1974-01-17,121.29510000000001
1974-01-18,121.33159999999999
1974-01-21,121.0949
1974-01-22,121.1314
1974-01-23,121.0317
1974-01-24,121.0682
1974-01-25,121.10469999999999
1974-01-28,121.27760000000001
1974-01-29,121.1778
1974-01-30,121.3507
1974-01-31,121.5241
1974-02-01,121.6977
1974-02-04,122.00920000000001
1974-02-05,122.322
1974-02-06,122.636
1974-02-07,122.39490000000001
1974-02-08,122.5702
1974-02-11,122.46810000000001
1974-02-12,122.5047
1974-02-13,122.6801
1974-02-14,122.85590000000001
1974-02-15,122.6144
1974-02-19,122.5124
1974-02-20,122.13460000000001
1974-02-21,121.75920000000001
1974-02-22,122.07040000000001
1974-02-25,122.2448
1974-02-26,121.7321
1974-02-27,121.3596
1974-02-28,120.98950000000001
1974-03-01,120.2193
1974-03-04,119.9894
1974-03-05,120.2931
1974-03-06,121.0017
1974-03-07,121.1738
1974-03-08,120.80549999999999
1974-03-11,120.4396
1974-03-12,120.4765
1974-03-13,119.97969999999999
1974-03-14,120.1497
1974-03-15,119.5236
1974-03-18,118.64279999999999
1974-03-19,118.94070000000001
1974-03-20,118.58669999999999
1974-03-21,118.235
1974-03-22,118.143
1974-03-25,117.66589999999999
1974-03-26,117.8313
1974-03-27,118.12569999999999
1974-03-28,118.0342
1974-03-29,117.5585
1974-04-01,117.4682
1974-04-02,117.2509
1974-04-03,117.1613
1974-04-04,116.191
1974-04-05,115.979
1974-04-08,116.2658
1974-04-09,116.4284
1974-04-10,116.8426
1974-04-11,116.8801
1974-04-15,117.4237
1974-04-16,117.46120000000001
1974-04-17,117.6259
1974-04-18,117.4089
1974-04-19,117.31950000000001
1974-04-22,117.2303
1974-04-23,116.2621
1974-04-24,115.9267
1974-04-25,115.34699999999999
1974-04-26,114.7732
1974-04-29,114.205
1974-04-30,114.6054
1974-05-01,115.008
1974-05-02,115.7818
1974-05-03,114.3527
1974-05-06,114.2698
1974-05-07,114.5491
1974-05-08,115.1947
1974-05-09,115.1104
1974-05-10,115.8843
1974-05-13,116.1696
1974-05-14,115.83620000000001
1974-05-15,115.874
1974-05-16,115.9118
1974-05-17,115.7032
1974-05-20,115.373
1974-05-21,115.4109
1974-05-22,115.57129999999999
1974-05-23,116.2251
1974-05-24,116.5112
1974-05-28,116.1769
1974-05-29,115.8446
1974-05-30,116.12909999999999
1974-05-31,116.167
1974-06-03,116.08150000000001
1974-06-04,116.24299999999999
1974-06-05,116.40479999999999
1974-06-06,116.8156
1974-06-07,117.35420000000001
1974-06-10,117.64409999999999
1974-06-11,117.556
1974-06-12,117.34229999999999
1974-06-13,117.2548
1974-06-14,117.1675
1974-06-17,117.0805
1974-06-18,117.1186
1974-06-19,117.0317
1974-06-20,117.0698
1974-06-21,116.9832
1974-06-24,116.7724
1974-06-25,116.5625
1974-06-26,116.3535
1974-06-27,116.3917
1974-06-28,116.4299
1974-07-01,116.34480000000001
1974-07-02,116.3831
1974-07-03,115.9298
1974-07-05,115.8459
1974-07-08,115.39709999999999
1974-07-09,115.0724
1974-07-10,114.8699
1974-07-11,114.7882
1974-07-12,115.18770000000001
1974-07-15,115.1054
1974-07-16,115.0234
1974-07-17,115.06180000000001
1974-07-18,115.2209
1974-07-19,115.6224
1974-07-22,116.3933
1974-07-23,116.4318
1974-07-24,116.7165
1974-07-25,117.2504
1974-07-26,116.7929
1974-07-29,116.21639999999999
1974-07-30,115.4034
1974-07-31,115.32129999999999
1974-08-01,113.4563
1974-08-02,113.26130000000001
1974-08-05,112.95099999999999
1974-08-06,113.3387
1974-08-07,113.26090000000001
1974-08-08,112.6039
1974-08-09,112.8736
1974-08-12,112.2214
1974-08-13,112.14579999999999
1974-08-14,112.2992
1974-08-15,112.7979
1974-08-16,112.9524
1974-08-19,113.22320000000001
1974-08-20,112.9143
1974-08-21,112.4924
1974-08-22,112.1878
1974-08-23,111.65819999999999
1974-08-26,111.4713
1974-08-27,111.6232
1974-08-28,112.00230000000001
1974-08-29,112.1551
1974-08-30,112.5369
1974-09-03,112.57599999999999
1974-09-04,112.2719
1974-09-05,112.5395
1974-09-06,112.69329999999999
1974-09-09,113.5407
1974-09-10,113.2317
1974-09-11,113.3866
1974-09-12,113.07859999999999
1974-09-13,112.8874
1974-09-16,112.92659999999999
1974-09-17,112.8509
1974-09-18,113.005
1974-09-19,113.15949999999999
1974-09-20,113.6617
1974-09-23,114.5197
1974-09-24,114.3236
1974-09-25,114.24550000000001
1974-09-26,114.2847
1974-09-27,115.15000000000001
1974-09-30,115.0705
1974-10-01,114.75449999999999
1974-10-02,114.55800000000001
1974-10-03,114.01130000000001
1974-10-04,114.2843
1974-10-07,115.26690000000001
1974-10-08,115.9033
1974-10-09,115.58329999999999
1974-10-10,115.9819
1974-10-11,117.11109999999999
1974-10-14,117.1504
1974-10-15,117.6806
1974-10-16,117.22839999999999
1974-10-17,117.0234
1974-10-18,117.42959999999999
1974-10-21,118.0851
1974-10-22,118.1245
1974-10-23,117.91630000000001
1974-10-24,117.8323
1974-10-25,118.36669999999999
1974-10-28,118.28189999999999
1974-10-29,118.81950000000001
1974-10-30,120.121
1974-10-31,120.5441
1974-11-01,120.4552
1974-11-04,120.6228
1974-11-05,120.6622
1974-11-06,121.0881
1974-11-07,121.77670000000001
1974-11-08,121.9468
1974-11-11,121.9862
1974-11-12,122.68300000000001
1974-11-13,122.72239999999999
1974-11-14,123.1597
1974-11-15,123.4657
1974-11-18,123.3716
1974-11-19,123.5445
1974-11-20,123.4503
1974-11-21,123.3563
1974-11-22,123.5291
1974-11-25,124.105
1974-11-26,123.3403
1974-11-27,123.3798
1974-11-29,123.41930000000001
1974-12-02,122.92749999999999
1974-12-03,122.17749999999999
1974-12-04,122.87390000000001
1974-12-05,123.1782
1974-12-06,123.3505
1974-12-09,124.8669
1974-12-10,124.7706
1974-12-11,125.08199999999999
1974-12-12,125.25790000000001
1974-12-13,125.0248
1974-12-16,125.20059999999999
1974-12-17,125.5134
1974-12-18,125.553
1974-12-19,125.5926
1974-12-20,125.6322
1974-12-23,124.3128
1974-12-24,124.6219
1974-12-26,124.66160000000001
1974-12-27,124.97190000000001
1974-12-30,124.74079999999999
1974-12-31,124.6455
1975-01-02,124.5504
1975-01-03,124.8601
1975-01-06,125.3068
1975-01-07,125.3466
1975-01-08,125.79600000000001
1975-01-09,126.93980000000001
1975-01-10,127.2585
1975-01-13,126.18729999999999
1975-01-14,126.227
1975-01-15,125.7178
1975-01-16,126.03149999999999
1975-01-17,126.2088
1975-01-20,125.70010000000001
1975-01-21,126.1508
1975-01-22,126.19070000000001
1975-01-23,125.27419999999999
1975-01-24,125.04340000000001
1975-01-27,125.2186
1975-01-28,125.3942
1975-01-29,125.56999999999999
1975-01-30,126.5684
1975-01-31,127.0234
1975-02-03,127.4811
1975-02-04,127.521
1975-02-05,128.2629
1975-02-06,128.58580000000001
1975-02-07,129.0523
1975-02-10,128.3818
1975-02-11,128.70500000000001
1975-02-12,128.7449
1975-02-13,127.657
1975-02-14,129.2499
1975-02-18,130.0077
1975-02-19,130.04759999999999
1975-02-20,130.08760000000001
1975-02-21,130.9992
1975-02-24,129.87719999999999
1975-02-25,129.3432
1975-02-26,128.67189999999999
1975-02-27,128.9956
1975-02-28,129.178
1975-03-03,128.79179999999999
1975-03-04,128.40809999999999
1975-03-05,129.0138
1975-03-06,129.33850000000001
1975-03-07,128.81010000000001
1975-03-10,128.5677
1975-03-11,128.04570000000001
1975-03-12,127.8066
1975-03-13,127.9864
1975-03-14,127.60850000000001
1975-03-17,126.27079999999999
1975-03-18,126.175
1975-03-19,125.134
1975-03-20,121.8943
1975-03-21,123.4846
1975-03-24,121.8434
1975-03-25,122.1399
1975-03-26,122.30880000000001
1975-03-27,122.6069
1975-03-31,122.9061
1975-04-01,122.43040000000001
1975-04-02,121.57640000000001
1975-04-03,121.6172
1975-04-04,121.27800000000001
1975-04-07,120.565
1975-04-08,121.3592
1975-04-09,122.1622
1975-04-10,122.0753
1975-04-11,122.11620000000001
1975-04-14,122.5412
1975-04-15,122.7107
1975-04-16,123.0095
1975-04-17,122.4066
1975-04-18,121.93680000000001
1975-04-21,121.47069999999999
1975-04-22,121.5117
1975-04-23,121.8058
1975-04-24,122.1009
1975-04-25,121.8877
1975-04-28,120.795
1975-04-29,121.08620000000001
1975-04-30,121.25279999999999
1975-05-01,121.41970000000001
1975-05-02,123.3737
1975-05-05,123.67440000000001
1975-05-06,123.5855
1975-05-07,123.75660000000001
1975-05-08,124.3203
1975-05-09,124.2302
1975-05-12,124.4025
1975-05-13,124.575
1975-05-14,125.27719999999999
1975-05-15,125.31829999999999
1975-05-16,125.35939999999999
1975-05-19,125.667
1975-05-20,125.7081
1975-05-21,125.74930000000001
1975-05-22,124.99250000000001
1975-05-23,125.5643
1975-05-27,124.94199999999999
1975-05-28,123.80419999999999
1975-05-29,124.36660000000001
1975-05-30,125.197
1975-06-02,124.9739
1975-06-03,125.4121
1975-06-04,125.8526
1975-06-05,126.02760000000001
1975-06-06,127.2831
1975-06-09,128.69880000000001
1975-06-10,128.87909999999999
1975-06-11,130.3254
1975-06-12,127.9866
1975-06-13,128.57980000000001
1975-06-16,129.17740000000001
1975-06-17,128.93960000000001
1975-06-18,127.87479999999999
1975-06-19,128.7432
1975-06-20,128.09360000000001
1975-06-23,127.8605
1975-06-24,128.03899999999999
1975-06-25,127.6695
1975-06-26,127.4383
1975-06-27,127.3438
1975-06-30,127.5213
1975-07-01,127.1553
1975-07-02,126.6571
1975-07-03,126.6986
1975-07-07,126.4717
1975-07-08,126.6474
1975-07-09,126.68899999999999
1975-07-10,126.7306
1975-07-11,127.447
1975-07-14,127.48860000000001
1975-07-15,127.8022
1975-07-16,127.4359
1975-07-17,127.3421
1975-07-18,127.24850000000001
1975-07-21,126.8858
1975-07-22,126.92749999999999
1975-07-23,126.9692
1975-07-24,127.011
1975-07-25,126.7841
1975-07-28,126.6919
1975-07-29,126.7337
1975-07-30,126.5082
1975-07-31,125.4897
1975-08-01,124.6169
1975-08-04,123.6277
1975-08-05,123.5419
1975-08-06,123.20189999999999
1975-08-07,122.73779999999999
1975-08-08,123.6678
1975-08-11,123.9659
1975-08-12,123.624
1975-08-13,123.5385
1975-08-14,122.9461
1975-08-15,122.73609999999999
1975-08-18,122.90430000000001
1975-08-19,123.19929999999999
1975-08-20,123.4953
1975-08-21,123.2835
1975-08-22,123.3258
1975-08-25,123.2413
1975-08-26,123.5373
1975-08-27,124.0898
1975-08-28,124.51739999999999
1975-08-29,124.9474
1975-09-02,124.7308
1975-09-03,124.515
1975-09-04,124.5574
1975-09-05,123.95829999999999
1975-09-08,123.6186
1975-09-09,123.28100000000001
1975-09-10,122.94540000000001
1975-09-11,122.2377
1975-09-12,122.032
1975-09-15,122.0746
1975-09-16,121.74630000000001
1975-09-17,122.78189999999999
1975-09-18,123.2009
1975-09-19,124.0029
1975-09-22,124.3006
1975-09-23,124.3432
1975-09-24,125.0283
1975-09-25,124.29949999999999
1975-09-26,123.9597
1975-09-29,123.6219
1975-09-30,123.41200000000001
1975-10-01,123.4547
1975-10-02,123.6236
1975-10-03,124.5561
1975-10-06,125.3711
1975-10-07,125.2843
1975-10-08,125.9765
1975-10-09,126.4121
1975-10-10,127.1147
1975-10-13,127.15730000000001
1975-10-14,127.0673
1975-10-15,126.9776
1975-10-16,127.8185
1975-10-17,127.86109999999999
1975-10-20,127.63639999999999
1975-10-21,128.61920000000001
1975-10-22,128.79730000000001
1975-10-23,129.3844
1975-10-24,128.88210000000001
1975-10-27,128.65389999999999
1975-10-28,128.9676
1975-10-29,129.2824
1975-10-30,129.87260000000001
1975-10-31,130.46709999999999
1975-11-03,129.95750000000001
1975-11-04,130.00030000000001
1975-11-05,130.1808
1975-11-06,130.08580000000001
1975-11-07,130.2664
1975-11-10,130.44739999999999
1975-11-11,130.49019999999999
1975-11-12,130.1191
1975-11-13,129.88720000000001
1975-11-14,129.11160000000001
1975-11-17,129.01900000000001
1975-11-18,128.1199
1975-11-19,128.16300000000001
1975-11-20,128.47389999999999
1975-11-21,128.11519999999999
1975-11-24,128.2919
1975-11-25,128.60319999999999
1975-11-26,128.6463
1975-11-28,128.68940000000001
1975-12-01,128.59819999999999
1975-12-02,128.7757
1975-12-03,128.81880000000001
1975-12-04,129.1317
1975-12-05,129.03980000000001
1975-12-08,128.67920000000001
1975-12-09,128.18729999999999
1975-12-10,128.23060000000001
1975-12-11,128.6748
1975-12-12,129.25640000000001
1975-12-15,129.7063
1975-12-16,130.845
1975-12-17,131.0265
1975-12-18,131.62549999999999
1975-12-19,132.36959999999999
1975-12-22,132.5539
1975-12-23,132.73849999999999
1975-12-24,133.06540000000001
1975-12-26,133.8227
1975-12-29,133.72239999999999
1975-12-30,134.05289999999999
1975-12-31,133.80869999999999
1976-01-02,133.56540000000001
1976-01-05,134.03880000000001
1976-01-06,134.65950000000001
1976-01-07,134.84790000000001
1976-01-08,134.31180000000001
1976-01-09,135.37119999999999
1976-01-12,135.70760000000001
1976-01-13,135.898
1976-01-14,134.91669999999999
1976-01-15,135.10550000000001
1976-01-16,134.56829999999999
1976-01-19,134.90129999999999
1976-01-20,134.22200000000001
1976-01-21,134.40940000000001
1976-01-22,134.4528
1976-01-23,134.7852
1976-01-26,134.684
1976-01-27,134.72739999999999
1976-01-28,134.62649999999999
1976-01-29,134.95920000000001
1976-01-30,135.29320000000001
1976-02-02,135.19130000000001
1976-02-03,134.94460000000001
1976-02-04,134.69900000000001
1976-02-05,134.887
1976-02-06,134.35409999999999
1976-02-09,134.11109999999999
1976-02-10,133.8691
1976-02-11,134.19839999999999
1976-02-12,134.24209999999999
1976-02-13,134.5727
1976-02-17,135.19370000000001
1976-02-18,134.9479
1976-02-19,134.84729999999999
1976-02-20,135.18000000000001
1976-02-23,136.39060000000001
1976-02-24,137.0249
1976-02-25,137.0686
1976-02-26,136.9641
1976-02-27,135.83080000000001
1976-03-01,134.57159999999999
1976-03-02,135.33580000000001
1976-03-03,135.23490000000001
1976-03-04,135.13419999999999
1976-03-05,136.04910000000001
1976-03-08,136.5326
1976-03-09,136.13640000000001
1976-03-10,136.47329999999999
1976-03-11,136.37049999999999
1976-03-12,137.447
1976-03-15,137.19409999999999
1976-03-16,136.94220000000001
1976-03-17,136.83860000000001
1976-03-18,137.17789999999999
1976-03-19,137.2218
1976-03-22,137.71109999999999
1976-03-23,138.20320000000001
1976-03-24,138.69800000000001
1976-03-25,138.8929
1976-03-26,138.93690000000001
1976-03-29,138.82980000000001
1976-03-30,138.87379999999999
1976-03-31,138.6163
1976-04-01,138.21010000000001
1976-04-02,138.5539
1976-04-05,139.05000000000001
1976-04-06,139.7011
1976-04-07,140.0505
1976-04-08,140.09460000000001
1976-04-09,140.1387
1976-04-12,140.18270000000001
1976-04-13,140.3802
1976-04-14,141.04089999999999
1976-04-15,140.6216
1976-04-19,140.20490000000001
1976-04-20,140.4023
1976-04-21,140.6001
1976-04-22,140.184
1976-04-23,139.61840000000001
1976-04-26,139.0575
1976-04-27,138.9512
1976-04-28,139.14609999999999
1976-04-29,138.88939999999999
1976-04-30,138.1858
1976-05-03,137.78489999999999
1976-05-04,138.42339999999999
1976-05-05,138.31870000000001
1976-05-06,137.91739999999999
1976-05-07,136.4932
1976-05-10,136.2475
1976-05-11,136.43709999999999
1976-05-12,135.90299999999999
1976-05-13,136.09190000000001
1976-05-14,136.42590000000001
1976-05-17,135.89240000000001
1976-05-18,136.66
1976-05-19,136.55940000000001
1976-05-20,136.3142
1976-05-21,135.78229999999999
1976-05-24,136.1147
1976-05-25,136.73830000000001
1976-05-26,136.49279999999999
1976-05-27,136.10419999999999
1976-05-28,136.149
1976-06-01,137.5009
1976-06-02,137.54570000000001
1976-06-03,138.0318
1976-06-04,138.52070000000001
1976-06-07,138.417
1976-06-08,138.16579999999999
1976-06-09,138.35849999999999
1976-06-10,139.14709999999999
1976-06-11,139.1919
1976-06-14,139.23670000000001
1976-06-15,139.2816
1976-06-16,138.8784
1976-06-17,139.2216
1976-06-18,139.4162
1976-06-21,139.91200000000001
1976-06-22,139.80619999999999
1976-06-23,139.8511
1976-06-24,139.89599999999999
1976-06-25,139.79040000000001
1976-06-28,139.5351
1976-06-29,138.98259999999999
1976-06-30,139.62479999999999
1976-07-01,139.66980000000001
1976-07-02,140.31710000000001
1976-07-06,140.3621
1976-07-07,140.256
1976-07-08,140.4522
1976-07-09,140.95269999999999
1976-07-12,141.15020000000001
1976-07-13,141.0427
1976-07-14,140.93549999999999
1976-07-15,141.13300000000001
1976-07-16,140.4187
1976-07-19,140.01179999999999
1976-07-20,139.75700000000001
1976-07-21,140.2526
1976-07-22,140.2978
1976-07-23,140.4939
1976-07-26,140.0872
1976-07-27,140.28280000000001
1976-07-28,140.62970000000001
1976-07-29,140.524
1976-07-30,140.2679
1976-08-02,140.76570000000001
1976-08-03,140.96250000000001
1976-08-04,141.0078
1976-08-05,141.0532
1976-08-06,141.86080000000001
1976-08-09,142.05959999999999
1976-08-10,141.79810000000001
1976-08-11,142.45820000000001
1976-08-12,142.5035
1976-08-13,142.85830000000001
1976-08-16,143.21440000000001
1976-08-17,143.25980000000001
1976-08-18,143.14949999999999
1976-08-19,143.19489999999999
1976-08-20,143.24039999999999
1976-08-23,143.44159999999999
1976-08-24,143.64320000000001
1976-08-25,143.8451
1976-08-26,144.2045
1976-08-27,143.9358
1976-08-30,144.13829999999999
1976-08-31,144.81460000000001
1976-09-01,145.0187
1976-09-02,144.74709999999999
1976-09-03,144.95099999999999
1976-09-07,144.9965
1976-09-08,145.0421
1976-09-09,144.92910000000001
1976-09-10,145.13319999999999
1976-09-13,144.86179999999999
1976-09-14,144.9074
1976-09-15,145.27019999999999
1976-09-16,145.79390000000001
1976-09-17,146.96610000000001
1976-09-20,146.68780000000001
1976-09-21,147.05719999999999
1976-09-22,146.94059999999999
1976-09-23,146.6627
1976-09-24,145.74469999999999
1976-09-27,146.11019999999999
1976-09-28,146.15600000000001
1976-09-29,146.3622
1976-09-30,146.72989999999999
1976-10-01,147.09899999999999
1976-10-04,147.46950000000001
1976-10-05,147.3526
1976-10-06,147.72399999999999
1976-10-07,147.9331
1976-10-08,148.8004
1976-10-11,148.84610000000001
1976-10-12,149.0574
1976-10-13,148.9376
1976-10-14,149.1489
1976-10-15,149.19470000000001
1976-10-18,148.74420000000001
1976-10-19,148.29660000000001
1976-10-20,148.17869999999999
1976-10-21,148.22460000000001
1976-10-22,147.29310000000001
1976-10-25,146.85480000000001
1976-10-26,147.22329999999999
1976-10-27,147.91820000000001
1976-10-28,148.29069999999999
1976-10-29,148.17320000000001
1976-11-01,148.71080000000001
1976-11-03,148.2647
1976-11-04,148.96719999999999
1976-11-05,148.35599999999999
1976-11-08,147.7499
1976-11-09,147.63380000000001
1976-11-10,147.84219999999999
1976-11-11,147.88839999999999
1976-11-12,148.42339999999999
1976-11-15,148.46950000000001
1976-11-16,149.5025
1976-11-17,149.71440000000001
1976-11-18,149.76060000000001
1976-11-19,150.8083
1976-11-22,151.86850000000001
1976-11-23,151.91460000000001
1976-11-24,151.9607
1976-11-26,153.89859999999999
1976-11-29,153.7706
1976-11-30,153.8167
1976-12-01,154.56100000000001
1976-12-02,155.31120000000001
1976-12-03,156.2457
1976-12-06,156.113
1976-12-07,156.33760000000001
1976-12-08,156.20490000000001
1976-12-09,155.89449999999999
1976-12-10,156.65469999999999
1976-12-13,155.98570000000001
1976-12-14,156.21000000000001
1976-12-15,156.0778
1976-12-16,155.946
1976-12-17,156.52690000000001
1976-12-20,157.29130000000001
1976-12-21,157.15719999999999
1976-12-22,157.20330000000001
1976-12-23,157.79140000000001
1976-12-27,157.83760000000001
1976-12-28,158.06530000000001
1976-12-29,157.7484
1976-12-30,159.43819999999999
1976-12-31,159.66909999999999
1977-01-03,159.16159999999999
1977-01-04,158.84059999999999
1977-01-05,158.7037
1977-01-06,157.83959999999999
1977-01-07,156.4477
1977-01-10,154.2045
1977-01-11,153.73159999999999
1977-01-12,153.95089999999999
1977-01-13,154.8663
1977-01-14,154.0427
1977-01-17,153.57130000000001
1977-01-18,153.27430000000001
1977-01-19,153.6645
1977-01-20,153.71109999999999
1977-01-21,154.10290000000001
1977-01-24,153.28829999999999
1977-01-25,153.50649999999999
1977-01-26,153.38159999999999
1977-01-27,152.06659999999999
1977-01-28,152.62110000000001
1977-01-31,152.83779999999999
1977-02-01,152.37530000000001
1977-02-02,151.41210000000001
1977-02-03,152.13050000000001
1977-02-04,154.05109999999999
1977-02-07,153.58179999999999
1977-02-08,153.1155
1977-02-09,153.16239999999999
1977-02-10,153.38
1977-02-11,153.0856
1977-02-14,152.79249999999999
1977-02-15,153.17949999999999
1977-02-16,153.8766
1977-02-17,153.9239
1977-02-18,152.57249999999999
1977-02-22,152.51900000000001
1977-02-23,151.62469999999999
1977-02-24,151.37129999999999
1977-02-25,151.7852
1977-02-28,151.7987
1977-03-01,151.17869999999999
1977-03-02,151.6584
1977-03-03,152.03989999999999
1977-03-04,151.5849
1977-03-07,151.4323
1977-03-08,151.34620000000001
1977-03-09,151.8262
1977-03-10,151.87299999999999
1977-03-11,152.22149999999999
1977-03-14,152.20140000000001
1977-03-15,152.65199999999999
1977-03-16,152.5307
1977-03-17,152.67869999999999
1977-03-18,153.0635
1977-03-21,153.38159999999999
1977-03-22,153.0558
1977-03-23,152.8663
1977-03-24,152.84569999999999
1977-03-25,152.89269999999999
1977-03-28,152.67019999999999
1977-03-29,152.71729999999999
1977-03-30,152.83199999999999
1977-03-31,153.048
1977-04-01,153.19649999999999
1977-04-04,153.17590000000001
1977-04-05,153.29079999999999
1977-04-06,153.47380000000001
1977-04-07,153.38550000000001
1977-04-11,153.77199999999999
1977-04-12,153.8192
1977-04-13,154.07130000000001
1977-04-14,156.0829
1977-04-15,155.92099999999999
1977-04-18,156.0728
1977-04-19,155.59800000000001
1977-04-20,155.3682
1977-04-21,155.34630000000001
1977-04-22,154.77340000000001
1977-04-25,154.37569999999999
1977-04-26,154.6283
1977-04-27,154.64169999999999
1977-04-28,154.51830000000001
1977-04-29,153.8844
1977-05-02,153.7962
1977-05-03,154.0814
1977-05-04,154.23099999999999
1977-05-05,153.9385
1977-05-06,152.9735
1977-05-09,153.1557
1977-05-10,153.13630000000001
1977-05-11,153.11680000000001
1977-05-12,153.29910000000001
1977-05-13,154.2253
1977-05-16,154.44309999999999
1977-05-17,154.76349999999999
1977-05-18,154.81100000000001
1977-05-19,154.17679999999999
1977-05-20,154.29239999999999
1977-05-23,154.57839999999999
1977-05-24,155.24160000000001
1977-05-25,155.5643
1977-05-26,155.47450000000001
1977-05-27,155.72900000000001
1977-05-31,155.77670000000001
1977-06-01,155.72110000000001
1977-06-02,155.8724
1977-06-03,156.26609999999999
1977-06-06,156.24440000000001
1977-06-07,156.74279999999999
1977-06-08,156.6498
1977-06-09,156.76589999999999
1977-06-10,157.05690000000001
1977-06-13,157.73480000000001
1977-06-14,158.38210000000001
1977-06-15,158.18049999999999
1977-06-16,157.87379999999999
1977-06-17,157.9203
1977-06-20,157.79060000000001
1977-06-21,157.9427
1977-06-22,158.2364
1977-06-23,158.21209999999999
1977-06-24,158.755
1977-06-27,158.9084
1977-06-28,159.3117
1977-06-29,159.7895
1977-06-30,159.2629
1977-07-01,159.23840000000001
1977-07-05,158.7518
1977-07-06,158.7996
1977-07-07,159.02520000000001
1977-07-08,158.54040000000001
1977-07-11,158.44649999999999
1977-07-12,158.63589999999999
1977-07-13,159.14519999999999
1977-07-15,158.8374
1977-07-18,158.81399999999999
1977-07-19,158.79060000000001
1977-07-20,158.83799999999999
1977-07-21,158.77940000000001
1977-07-22,158.8981
1977-07-25,159.26599999999999
1977-07-26,159.45699999999999
1977-07-27,158.9358
1977-07-28,158.34790000000001
1977-07-29,157.904
1977-08-01,158.30289999999999
1977-08-02,158.06999999999999
1977-08-03,158.46960000000001
1977-08-04,158.3766
1977-08-05,158.28440000000001
1977-08-08,158.57919999999999
1977-08-09,158.1352
1977-08-10,158.0429
1977-08-11,157.916
1977-08-12,157.9639
1977-08-15,157.9419
1977-08-16,157.9897
1977-08-17,158.52860000000001
1977-08-18,158.89410000000001
1977-08-19,159.3313
1977-08-22,159.55699999999999
1977-08-23,159.9614
1977-08-24,160.15280000000001
1977-08-25,160.73929999999999
1977-08-26,161.43780000000001
1977-08-29,161.63159999999999
1977-08-30,161.49870000000001
1977-08-31,161.36609999999999
1977-09-01,161.3064
1977-09-02,161.82660000000001
1977-09-06,162.0574
1977-09-07,161.8879
1977-09-08,161.7551
1977-09-09,160.75569999999999
1977-09-12,160.625
1977-09-13,160.7458
1977-09-14,161.26249999999999
1977-09-15,161.31129999999999
1977-09-16,161.36019999999999
1977-09-19,161.48150000000001
1977-09-20,161.09739999999999
1977-09-21,161.0385
1977-09-22,160.76410000000001
1977-09-23,160.74109999999999
1977-09-26,160.4683
1977-09-27,160.87530000000001
1977-09-28,160.92449999999999
1977-09-29,160.90180000000001
1977-09-30,160.95089999999999
1977-10-03,160.71360000000001
1977-10-04,160.87
1977-10-05,160.91909999999999
1977-10-06,160.5752
1977-10-07,160.3038
1977-10-10,160.35300000000001
1977-10-11,159.76400000000001
1977-10-12,159.39009999999999
1977-10-13,159.29849999999999
1977-10-14,159.62960000000001
1977-10-17,159.4675
1977-10-18,159.41130000000001
1977-10-19,159.566
1977-10-20,159.8621
1977-10-21,159.6645
1977-10-24,159.5377
1977-10-25,159.41130000000001
1977-10-26,159.53100000000001
1977-10-27,159.5805
1977-10-28,159.63
1977-10-31,159.32839999999999
1977-11-01,158.78389999999999
1977-11-02,158.38200000000001
1977-11-03,158.0515
1977-11-04,158.41210000000001
1977-11-07,158.63489999999999
1977-11-08,158.68440000000001
1977-11-09,159.08179999999999
1977-11-10,159.2013
1977-11-11,159.251
1977-11-14,160.108
1977-11-15,159.91159999999999
1977-11-16,159.96180000000001
1977-11-17,160.11750000000001
1977-11-18,160.2731
1977-11-21,160.2174
1977-11-22,160.26750000000001
1977-11-23,160.67089999999999
1977-11-25,160.61490000000001
1977-11-28,160.6652
1977-11-29,160.46789999999999
1977-11-30,160.44730000000001
1977-12-01,160.21549999999999
1977-12-02,160.0899
1977-12-05,159.89429999999999
1977-12-06,159.76929999999999
1977-12-07,159.50460000000001
1977-12-08,159.51990000000001
1977-12-09,159.8493
1977-12-12,159.72450000000001
1977-12-13,159.59999999999999
1977-12-14,159.47579999999999
1977-12-15,159.28219999999999
1977-12-16,159.22819999999999
1977-12-19,158.93180000000001
1977-12-20,158.2927
1977-12-21,158.44579999999999
1977-12-22,158.32409999999999
1977-12-23,158.2028
1977-12-27,157.8424
1977-12-28,157.45009999999999
1977-12-29,157.33070000000001
1977-12-30,157.82239999999999
1978-01-03,157.2276
1978-01-04,157.27809999999999
1978-01-05,157.43020000000001
1978-01-06,157.0411
1978-01-09,154.98859999999999
1978-01-10,155.07140000000001
1978-01-11,154.9239
1978-01-12,154.84229999999999
1978-01-13,155.3535
1978-01-16,155.23859999999999
1978-01-17,155.48660000000001
1978-01-18,155.60290000000001
1978-01-19,155.65289999999999
1978-01-20,155.703
1978-01-23,155.81950000000001
1978-01-24,155.6377
1978-01-25,155.25880000000001
1978-01-26,155.5728
1978-01-27,155.62299999999999
1978-01-30,155.83860000000001
1978-01-31,156.154
1978-02-01,155.87219999999999
1978-02-02,155.98869999999999
1978-02-03,155.7741
1978-02-06,155.49440000000001
1978-02-07,155.61089999999999
1978-02-08,155.66159999999999
1978-02-09,155.64609999999999
1978-02-10,155.63050000000001
1978-02-13,155.68090000000001
1978-02-14,155.56639999999999
1978-02-15,155.28809999999999
1978-02-16,154.8475
1978-02-17,155.12690000000001
1978-02-21,155.01400000000001
1978-02-22,155.06469999999999
1978-02-23,155.44290000000001
1978-02-24,155.72389999999999
1978-02-27,156.10470000000001
1978-02-28,156.08920000000001
1978-03-01,155.97479999999999
1978-03-02,156.12450000000001
1978-03-03,156.2741
1978-03-06,156.1592
1978-03-07,156.54069999999999
1978-03-08,156.59119999999999
1978-03-09,156.80779999999999
1978-03-10,157.0916
1978-03-13,157.30930000000001
1978-03-14,157.35990000000001
1978-03-15,157.41059999999999
1978-03-16,157.46129999999999
1978-03-17,157.512
1978-03-20,157.8982
1978-03-21,157.94890000000001
1978-03-22,157.83160000000001
1978-03-23,157.31290000000001
1978-03-27,156.16970000000001
1978-03-28,156.38560000000001
1978-03-29,156.4693
1978-03-30,156.4212
1978-03-31,155.74870000000001
1978-04-03,155.96340000000001
1978-04-04,156.17840000000001
1978-04-05,156.065
1978-04-06,155.8861
1978-04-07,155.83879999999999
1978-04-10,155.72630000000001
1978-04-11,155.71170000000001
1978-04-12,155.76249999999999
1978-04-13,155.8134
1978-04-14,156.25729999999999
1978-04-17,156.86840000000001
1978-04-18,157.0187
1978-04-19,156.6729
1978-04-20,156.4931
1978-04-21,156.28120000000001
1978-04-24,156.00460000000001
1978-04-25,156.12110000000001
1978-04-26,155.84549999999999
1978-04-27,155.5711
1978-04-28,155.785
1978-05-01,155.93379999999999
1978-05-02,155.9195
1978-05-03,155.64490000000001
1978-05-04,155.85839999999999
1978-05-05,154.9374
1978-05-08,154.98840000000001
1978-05-09,155.10409999999999
1978-05-10,155.22
1978-05-11,155.56200000000001
1978-05-12,155.2893
1978-05-15,155.59889999999999
1978-05-16,155.71459999999999
1978-05-17,156.02529999999999
1978-05-18,155.62119999999999
1978-05-19,155.3811
1978-05-22,155.52889999999999
1978-05-23,155.6447
1978-05-24,155.4693
1978-05-25,155.16589999999999
1978-05-26,154.83170000000001
1978-05-30,154.88290000000001
1978-05-31,154.9984
1978-06-01,155.0497
1978-06-02,155.42259999999999
1978-06-05,155.8288
1978-06-06,155.87989999999999
1978-06-07,156.09299999999999
1978-06-08,156.07900000000001
1978-06-09,155.96789999999999
1978-06-12,156.0189
1978-06-13,156.13480000000001
1978-06-14,156.34829999999999
1978-06-15,156.33430000000001
1978-06-16,156.0609
1978-06-19,155.85339999999999
1978-06-20,155.5823
1978-06-21,154.99209999999999
1978-06-22,155.13919999999999
1978-06-23,154.80699999999999
1978-06-26,154.06469999999999
1978-06-27,154.43219999999999
1978-06-28,154.642
1978-06-29,154.43940000000001
1978-06-30,153.89009999999999
1978-07-03,154.25649999999999
1978-07-05,153.99199999999999
1978-07-06,154.04310000000001
1978-07-07,153.30969999999999
1978-07-10,153.17400000000001
1978-07-11,153.22550000000001
1978-07-12,153.27709999999999
1978-07-13,153.1728
1978-07-14,153.44280000000001
1978-07-17,153.90129999999999
1978-07-18,154.11000000000001
1978-07-19,154.16159999999999
1978-07-20,153.93000000000001
1978-07-21,153.88730000000001
1978-07-24,153.78219999999999
1978-07-25,153.83369999999999
1978-07-26,154.19900000000001
1978-07-27,155.3262
1978-07-28,156.11349999999999
1978-07-31,156.00450000000001
1978-08-01,156.28129999999999
1978-08-02,158.12029999999999
1978-08-03,158.50210000000001
1978-08-04,158.45590000000001
1978-08-07,158.6737
1978-08-08,158.9247
1978-08-09,159.27619999999999
1978-08-10,158.10560000000001
1978-08-11,158.22409999999999
1978-08-14,157.589
1978-08-15,157.3811
1978-08-16,156.2379
1978-08-17,157.35560000000001
1978-08-18,157.6036
1978-08-21,158.4742
1978-08-22,158.52699999999999
1978-08-23,159.6387
1978-08-24,159.29249999999999
1978-08-25,159.44479999999999
1978-08-28,159.4974
1978-08-29,159.28479999999999
1978-08-30,159.0067
1978-08-31,159.22489999999999
1978-09-01,159.3107
1978-09-05,160.02809999999999
1978-09-06,160.24780000000001
1978-09-07,160.2002
1978-09-08,160.35319999999999
1978-09-11,160.7413
1978-09-12,161.1985
1978-09-13,161.08250000000001
1978-09-14,160.89930000000001
1978-09-15,160.6832
1978-09-18,160.30080000000001
1978-09-19,159.95359999999999
1978-09-20,158.94739999999999
1978-09-21,158.6062
1978-09-22,157.6165
1978-09-25,157.7012
1978-09-26,157.91569999999999
1978-09-27,157.7088
1978-09-28,157.6645
1978-09-29,157.49080000000001
1978-10-02,157.22120000000001
1978-10-03,157.33840000000001
1978-10-04,157.32660000000001
1978-10-05,157.28290000000001
1978-10-06,157.81950000000001
1978-10-09,157.8723
1978-10-10,157.92519999999999
1978-10-11,157.97810000000001
1978-10-12,158.4528
1978-10-13,158.40799999999999
1978-10-16,157.55459999999999
1978-10-17,157.54320000000001
1978-10-18,157.5316
1978-10-19,157.32759999999999
1978-10-20,157.06030000000001
1978-10-23,156.98519999999999
1978-10-24,157.358
1978-10-25,157.25049999999999
1978-10-26,156.82419999999999
1978-10-27,156.24199999999999
1978-10-30,154.81950000000001
1978-10-31,154.4691
1978-11-01,157.63829999999999
1978-11-02,157.21080000000001
1978-11-03,156.3415
1978-11-06,155.95320000000001
1978-11-07,156.0067
1978-11-08,155.96600000000001
1978-11-09,155.86259999999999
1978-11-10,156.32550000000001
1978-11-13,156.7903
1978-11-14,156.97110000000001
1978-11-15,158.07990000000001
1978-11-16,158.19800000000001
1978-11-17,158.18719999999999
1978-11-20,158.14429999999999
1978-11-21,158.03729999999999
1978-11-22,157.83439999999999
1978-11-24,156.86770000000001
1978-11-27,157.08019999999999
1978-11-28,157.03909999999999
1978-11-29,156.9024
1978-11-30,156.8612
1978-12-01,157.7731
1978-12-04,157.18950000000001
1978-12-05,157.1798
1978-12-06,157.4564
1978-12-07,157.0976
1978-12-08,157.0883
1978-12-11,157.14240000000001
1978-12-12,156.91130000000001
1978-12-13,155.99080000000001
1978-12-14,156.1387
1978-12-15,156.00550000000001
1978-12-18,154.6026
1978-12-19,154.77950000000001
1978-12-20,154.40309999999999
1978-12-21,154.61009999999999
1978-12-22,155.0635
1978-12-26,155.33340000000001
1978-12-27,155.5419
1978-12-28,154.97730000000001
1978-12-29,155.24700000000001
1979-01-02,154.96199999999999
1979-01-03,155.2313
1979-01-04,155.7183
1979-01-05,155.6172
1979-01-08,155.3931
1979-01-09,155.1696
1979-01-10,155.16200000000001
1979-01-11,155.3083
1979-01-12,155.51650000000001
1979-01-15,155.57040000000001
1979-01-16,155.4699
1979-01-17,155.36959999999999
1979-01-18,155.36170000000001
1979-01-19,155.66220000000001
1979-01-22,156.1808
1979-01-23,156.32759999999999
1979-01-24,156.69300000000001
1979-01-25,157.91059999999999
1979-01-26,158.2818
1979-01-29,157.92269999999999
1979-01-30,157.97649999999999
1979-01-31,158.03039999999999
1979-02-01,158.14779999999999
1979-02-02,158.48830000000001
1979-02-05,157.8442
1979-02-06,157.3313
1979-02-07,156.0752
1979-02-08,156.0676
1979-02-09,155.81299999999999
1979-02-12,155.8673
1979-02-13,156.23060000000001
1979-02-14,156.28489999999999
1979-02-15,156.2465
1979-02-16,156.30099999999999
1979-02-20,156.20079999999999
1979-02-21,155.94669999999999
1979-02-22,155.32550000000001
1979-02-23,155.13579999999999
1979-02-26,155.43469999999999
1979-02-27,155.48920000000001
1979-02-28,155.5438
1979-03-01,155.38399999999999
1979-03-02,155.56110000000001
1979-03-05,156.44569999999999
1979-03-06,156.13
1979-03-07,156.74080000000001
1979-03-08,156.88839999999999
1979-03-09,156.5401
1979-03-12,156.84229999999999
1979-03-13,156.95910000000001
1979-03-14,156.7037
1979-03-15,156.66569999999999
1979-03-16,156.90620000000001
1979-03-19,157.023
1979-03-20,156.8605
1979-03-21,157.0702
1979-03-22,157.18709999999999
1979-03-23,157.27269999999999
1979-03-26,157.35890000000001
1979-03-27,157.60050000000001
1979-03-28,157.96780000000001
1979-03-29,158.08539999999999
1979-03-30,157.60849999999999
1979-04-02,157.60069999999999
1979-04-03,157.9367
1979-04-04,158.1482
1979-04-05,158.423
1979-04-06,158.03870000000001
1979-04-09,157.68780000000001
1979-04-10,157.40110000000001
1979-04-11,157.1772
1979-04-12,157.0778
1979-04-16,157.071
1979-04-17,157.43549999999999
1979-04-18,157.7081
1979-04-19,157.76329999999999
1979-04-20,157.2296
1979-04-23,156.79150000000001
1979-04-24,156.69319999999999
1979-04-25,156.84049999999999
1979-04-26,156.2525
1979-04-27,156.0334
1979-04-30,155.69390000000001
1979-05-01,155.90110000000001
1979-05-02,155.7441
1979-05-03,155.22579999999999
1979-05-04,154.92080000000001
1979-05-07,155.06649999999999
1979-05-08,155.1824
1979-05-09,155.47900000000001
1979-05-10,155.38390000000001
1979-05-11,155.7115
1979-05-14,156.3742
1979-05-15,156.18700000000001
1979-05-16,156.4864
1979-05-17,156.84780000000001
1979-05-18,157.27199999999999
1979-05-21,157.08269999999999
1979-05-22,157.75460000000001
1979-05-23,158.8989
1979-05-24,159.2689
1979-05-25,159.89259999999999
1979-05-29,160.01220000000001
1979-05-30,160.0686
1979-05-31,159.33590000000001
1979-06-01,159.5496
1979-06-04,159.6061
1979-06-05,160.0728
1979-06-06,160.76439999999999
1979-06-07,162.62440000000001
1979-06-08,162.51840000000001
1979-06-11,162.08850000000001
1979-06-12,163.64490000000001
1979-06-13,163.27449999999999
1979-06-14,163.00389999999999
1979-06-15,162.2474
1979-06-18,162.40110000000001
1979-06-19,162.36070000000001
1979-06-20,162.61170000000001
1979-06-21,162.73330000000001
1979-06-22,162.4982
1979-06-25,163.0429
1979-06-26,164.41329999999999
1979-06-27,164.70259999999999
1979-06-28,164.59399999999999
1979-06-29,164.61770000000001
1979-07-02,165.30680000000001
1979-07-03,165.13030000000001
1979-07-05,165.08760000000001
1979-07-06,164.9785
1979-07-09,164.6046
1979-07-10,163.96889999999999
1979-07-11,163.50190000000001
1979-07-12,163.7552
1979-07-13,163.7466
1979-07-16,163.1508
1979-07-17,162.88310000000001
1979-07-18,162.74619999999999
1979-07-19,162.73869999999999
1979-07-20,163.2492
1979-07-23,162.85230000000001
1979-07-24,162.5864
1979-07-25,163.2259
1979-07-26,163.2509
1979-07-27,162.82239999999999
1979-07-30,162.8152
1979-07-31,163.1961
1979-08-01,163.51310000000001
1979-08-02,164.38720000000001
1979-08-03,164.18219999999999
1979-08-06,164.5677
1979-08-07,164.88849999999999
1979-08-08,164.7809
1979-08-09,164.24690000000001
1979-08-10,163.97749999999999
1979-08-13,163.96960000000001
1979-08-14,164.4195
1979-08-15,164.31319999999999
1979-08-16,164.53460000000001
1979-08-17,164.59219999999999
1979-08-20,164.55160000000001
1979-08-21,164.24969999999999
1979-08-22,164.17699999999999
1979-08-23,164.0718
1979-08-24,163.38310000000001
1979-08-27,163.70009999999999
1979-08-28,163.69300000000001
1979-08-29,163.91309999999999
1979-08-30,163.09729999999999
1979-08-31,162.76939999999999
1979-09-04,161.96510000000001
1979-09-05,161.80029999999999
1979-09-06,161.6994
1979-09-07,161.50409999999999
1979-09-10,161.27770000000001
1979-09-11,162.3476
1979-09-12,162.02340000000001
1979-09-13,161.82740000000001
1979-09-14,162.39230000000001
1979-09-17,161.62549999999999
1979-09-18,161.68299999999999
1979-09-19,162.1516
1979-09-20,162.62219999999999
1979-09-21,163.06290000000001
1979-09-24,162.16409999999999
1979-09-25,162.31649999999999
1979-09-26,161.86760000000001
1979-09-27,160.88820000000001
1979-09-28,161.00800000000001
1979-10-01,160.2259
1979-10-02,160.5932
1979-10-03,160.34010000000001
1979-10-04,159.8415
1979-10-05,159.4684
1979-10-08,159.5256
1979-10-09,155.5899
1979-10-10,154.3672
1979-10-11,153.39160000000001
1979-10-12,153.30539999999999
1979-10-15,152.2868
1979-10-16,152.62469999999999
1979-10-17,153.61670000000001
1979-10-18,151.53
1979-10-19,149.3347
1979-10-22,146.517
1979-10-23,146.2619
1979-10-24,147.709
1979-10-25,146.2687
1979-10-26,148.61779999999999
1979-10-29,147.55690000000001
1979-10-30,148.06319999999999
1979-10-31,147.90700000000001
1979-11-01,146.62180000000001
1979-11-02,145.38589999999999
1979-11-05,145.59790000000001
1979-11-06,145.6559
1979-11-07,144.15809999999999
1979-11-08,144.67179999999999
1979-11-09,146.96889999999999
1979-11-12,147.02719999999999
1979-11-13,147.45269999999999
1979-11-14,146.51849999999999
1979-11-15,147.88560000000001
1979-11-16,146.55619999999999
1979-11-19,146.38159999999999
1979-11-20,146.7775
1979-11-21,147.1748
1979-11-23,149.3776
1979-11-26,151.09110000000001
1979-11-27,152.42169999999999
1979-11-28,151.4007
1979-11-29,151.8185
1979-11-30,151.5745
1979-12-03,151.0839
1979-12-04,152.2176
1979-12-05,152.69409999999999
1979-12-06,153.81999999999999
1979-12-07,152.39259999999999
1979-12-10,152.59100000000001
1979-12-11,150.42259999999999
1979-12-12,149.43129999999999
1979-12-13,149.81190000000001
1979-12-14,150.95359999999999
1979-12-17,150.9847
1979-12-18,151.56280000000001
1979-12-19,151.95160000000001
1979-12-20,151.51589999999999
1979-12-21,151.0831
1979-12-24,151.08779999999999
1979-12-26,150.84800000000001
1979-12-27,151.04339999999999
1979-12-28,151.4573
1979-12-31,152.25810000000001
1980-01-02,150.94900000000001
1980-01-03,149.60769999999999
1980-01-04,149.16120000000001
1980-01-07,149.1942
1980-01-08,150.24160000000001
1980-01-09,150.11330000000001
1980-01-10,150.73859999999999
1980-01-11,149.29839999999999
1980-01-14,148.9348
1980-01-15,148.78319999999999
1980-01-16,148.8167
1980-01-17,147.98480000000001
1980-01-18,146.39250000000001
1980-01-21,144.18430000000001
1980-01-22,145.3433
1980-01-23,145.63030000000001
1980-01-24,143.32419999999999
1980-01-25,142.048
1980-01-28,141.55609999999999
1980-01-29,140.4049
1980-01-30,140.44110000000001
1980-01-31,140.92660000000001
1980-02-01,139.34460000000001
1980-02-04,138.27610000000001
1980-02-05,134.6755
1980-02-06,133.10079999999999
1980-02-07,134.3614
1980-02-08,134.29300000000001
1980-02-11,131.9314
1980-02-12,131.9924
1980-02-13,133.2321
1980-02-14,132.74340000000001
1980-02-15,130.3767
1980-02-19,125.2873
1980-02-20,125.7073
1980-02-21,123.57859999999999
1980-02-22,125.73009999999999
1980-02-25,124.6601
1980-02-26,123.38930000000001
1980-02-27,124.5025
1980-02-28,129.762
1980-02-29,130.3108
1980-03-03,128.90649999999999
1980-03-04,128.6311
1980-03-05,127.6113
1980-03-06,125.22150000000001
1980-03-07,126.6459
1980-03-10,129.62280000000001
1980-03-11,131.0384
1980-03-12,128.5889
1980-03-13,129.88079999999999
1980-03-14,130.46639999999999
1980-03-17,130.14259999999999
1980-03-18,132.07910000000001
1980-03-19,133.28880000000001
1980-03-20,130.3169
1980-03-21,129.8554
1980-03-24,125.7732
1980-03-25,125.83320000000001
1980-03-26,127.16840000000001
1980-03-27,127.6917
1980-03-28,129.77690000000001
1980-03-31,129.91800000000001
1980-04-01,129.62039999999999
1980-04-02,130.38159999999999
1980-04-03,130.5436
1980-04-07,135.0926
1980-04-08,135.5001
1980-04-09,136.2139
1980-04-10,136.60400000000001
1980-04-11,139.54900000000001
1980-04-14,140.13980000000001
1980-04-15,140.3647
1980-04-16,146.90360000000001
1980-04-17,145.9684
1980-04-18,146.10550000000001
1980-04-21,146.46690000000001
1980-04-22,146.77959999999999
1980-04-23,145.8475
1980-04-24,144.51329999999999
1980-04-25,143.97139999999999
1980-04-28,147.8828
1980-04-29,147.5155
1980-04-30,147.578
1980-05-01,149.916
1980-05-02,153.50370000000001
1980-05-05,154.54730000000001
1980-05-06,156.89150000000001
1980-05-07,157.57810000000001
1980-05-08,155.36410000000001
1980-05-09,154.24260000000001
1980-05-12,153.7867
1980-05-13,155.46510000000001
1980-05-14,156.11019999999999
1980-05-15,153.53030000000001
1980-05-16,152.6499
1980-05-19,150.6747
1980-05-20,153.52170000000001
1980-05-21,155.60570000000001
1980-05-22,155.3074
1980-05-23,158.71340000000001
1980-05-27,158.68790000000001
1980-05-28,157.21170000000001
1980-05-29,155.70650000000001
1980-05-30,155.35380000000001
1980-06-02,154.26490000000001
1980-06-03,156.30619999999999
1980-06-04,157.96979999999999
1980-06-05,159.57839999999999
1980-06-06,162.72919999999999
1980-06-09,164.91489999999999
1980-06-10,162.9384
1980-06-11,164.36259999999999
1980-06-12,167.18039999999999
1980-06-13,169.18260000000001
1980-06-16,169.24430000000001
1980-06-17,168.95269999999999
1980-06-18,167.73929999999999
1980-06-19,168.2775
1980-06-20,169.39570000000001
1980-06-23,166.976
1980-06-24,166.41300000000001
1980-06-25,165.08320000000001
1980-06-26,163.38210000000001
1980-06-27,162.36689999999999
1980-06-30,162.01339999999999
1980-07-01,160.17009999999999
1980-07-02,160.17410000000001
1980-07-03,162.04990000000001
1980-07-07,159.08410000000001
1980-07-08,161.40350000000001
1980-07-09,160.29910000000001
1980-07-10,159.2955
1980-07-11,158.07859999999999
1980-07-14,157.2987
1980-07-15,159.65299999999999
1980-07-16,161.68870000000001
1980-07-17,160.1763
1980-07-18,159.83510000000001
1980-07-21,161.0547
1980-07-22,160.16
1980-07-23,160.59800000000001
1980-07-24,159.36529999999999
1980-07-25,158.37780000000001
1980-07-28,157.06829999999999
1980-07-29,157.3535
1980-07-30,155.95169999999999
1980-07-31,152.55099999999999
1980-08-01,152.9307
1980-08-04,154.11009999999999
1980-08-05,154.09399999999999
1980-08-06,153.3586
1980-08-07,154.08699999999999
1980-08-08,151.5187
1980-08-11,149.51089999999999
1980-08-12,150.1831
1980-08-13,151.3228
1980-08-14,151.8271
1980-08-15,152.64699999999999
1980-08-18,150.25710000000001
1980-08-19,148.55969999999999
1980-08-20,148.7979
1980-08-21,148.66249999999999
1980-08-22,150.4872
1980-08-25,148.2645
1980-08-26,148.22880000000001
1980-08-27,146.40899999999999
1980-08-28,145.03479999999999
1980-08-29,147.1635
1980-09-02,149.57429999999999
1980-09-03,151.6198
1980-09-04,150.76130000000001
1980-09-05,150.2663
1980-09-08,149.0986
1980-09-09,150.26570000000001
1980-09-10,150.75989999999999
1980-09-11,149.28569999999999
1980-09-12,148.97559999999999
1980-09-15,146.39619999999999
1980-09-16,147.1113
1980-09-17,146.30619999999999
1980-09-18,147.0445
1980-09-19,148.52520000000001
1980-09-22,144.28639999999999
1980-09-23,145.12450000000001
1980-09-24,145.23580000000001
1980-09-25,143.7321
1980-09-26,142.078
1980-09-29,140.7056
1980-09-30,143.4134
1980-10-01,143.59270000000001
1980-10-02,143.86420000000001
1980-10-03,147.98560000000001
1980-10-06,148.8092
1980-10-07,148.33189999999999
1980-10-08,147.2756
1980-10-09,149.4178
1980-10-10,149.11009999999999
1980-10-13,149.1739
1980-10-14,150.4829
1980-10-15,151.1771
1980-10-16,149.238
1980-10-17,147.2269
1980-10-20,147.1944
1980-10-21,146.1823
1980-10-22,143.79040000000001
1980-10-23,144.45439999999999
1980-10-24,145.33410000000001
1980-10-27,141.3937
1980-10-28,139.61009999999999
1980-10-29,138.8749
1980-10-30,138.27600000000001
1980-10-31,138.87540000000001
1980-11-03,139.04759999999999
1980-11-05,137.62049999999999
1980-11-06,135.29750000000001
1980-11-07,135.81450000000001
1980-11-10,134.65790000000001
1980-11-11,134.72460000000001
1980-11-12,139.48410000000001
1980-11-13,139.87520000000001
1980-11-14,137.5909
1980-11-17,136.0557
1980-11-18,139.46559999999999
1980-11-19,140.61760000000001
1980-11-20,140.22579999999999
1980-11-21,138.59180000000001
1980-11-24,139.2988
1980-11-25,139.51560000000001
1980-11-26,139.94890000000001
1980-11-28,139.47630000000001
1980-12-01,137.61189999999999
1980-12-02,137.78370000000001
1980-12-03,138.80070000000001
1980-12-04,138.65539999999999
1980-12-05,139.70429999999999
1980-12-08,139.02250000000001
1980-12-09,136.1224
1980-12-10,135.05260000000001
1980-12-11,131.33080000000001
1980-12-12,134.4967
1980-12-15,134.3433
1980-12-16,133.30189999999999
1980-12-17,135.65899999999999
1980-12-18,137.07560000000001
1980-12-19,141.435
1980-12-22,146.73390000000001
1980-12-23,144.71180000000001
1980-12-24,144.4581
1980-12-26,145.7877
1980-12-29,146.03999999999999
1980-12-30,144.63149999999999
1980-12-31,144.47
1981-01-02,144.24119999999999
1981-01-05,148.2586
1981-01-06,148.08580000000001
1981-01-07,145.66409999999999
1981-01-08,145.54599999999999
1981-01-09,143.07210000000001
1981-01-12,143.60769999999999
1981-01-13,143.71889999999999
1981-01-14,143.76230000000001
1981-01-15,141.91890000000001
1981-01-16,143.31129999999999
1981-01-19,142.09360000000001
1981-01-20,143.62200000000001
1981-01-21,141.17519999999999
1981-01-22,139.80269999999999
1981-01-23,140.72370000000001
1981-01-26,142.0044
1981-01-27,141.78700000000001
1981-01-28,141.67939999999999
1981-01-29,141.03049999999999
1981-01-30,142.18270000000001
1981-02-02,140.7535
1981-02-03,138.91159999999999
1981-02-04,140.07400000000001
1981-02-05,138.52269999999999
1981-02-06,137.9478
1981-02-09,137.15350000000001
1981-02-10,135.9462
1981-02-11,135.23580000000001
1981-02-12,135.303
1981-02-13,133.31479999999999
1981-02-17,135.99160000000001
1981-02-18,136.60079999999999
1981-02-19,138.40270000000001
1981-02-20,140.24780000000001
1981-02-23,137.50380000000001
1981-02-24,137.57040000000001
1981-02-25,136.9058
1981-02-26,135.78800000000001
1981-02-27,136.1139
1981-03-02,134.13120000000001
1981-03-03,135.94730000000001
1981-03-04,135.67609999999999
1981-03-05,136.04089999999999
1981-03-06,138.72300000000001
1981-03-09,139.7253
1981-03-10,139.26949999999999
1981-03-11,138.98330000000001
1981-03-12,140.36609999999999
1981-03-13,142.2473
1981-03-16,142.72649999999999
1981-03-17,144.10910000000001
1981-03-18,145.3586
1981-03-19,144.21789999999999
1981-03-20,143.44540000000001
1981-03-23,139.63669999999999
1981-03-24,138.4015
1981-03-25,139.02269999999999
1981-03-26,137.4341
1981-03-27,137.5206
1981-03-30,138.91200000000001
1981-03-31,140.45400000000001
1981-04-01,140.56219999999999
1981-04-02,139.19040000000001
1981-04-03,137.74430000000001
1981-04-06,134.56540000000001
1981-04-07,137.36959999999999
1981-04-08,136.0427
1981-04-09,137.28270000000001
1981-04-10,135.93819999999999
1981-04-13,135.2218
1981-04-14,136.38759999999999
1981-04-15,134.8107
1981-04-16,134.66550000000001
1981-04-20,136.11529999999999
1981-04-21,136.04509999999999
1981-04-22,135.5446
1981-04-23,135.31989999999999
1981-04-24,134.71010000000001
1981-04-27,134.48929999999999
1981-04-28,134.49940000000001
1981-04-29,133.4435
1981-04-30,132.29409999999999
1981-05-01,132.8091
1981-05-04,129.4632
1981-05-05,128.1738
1981-05-06,129.61699999999999
1981-05-07,130.9992
1981-05-08,131.76230000000001
1981-05-11,130.7192
1981-05-12,130.24780000000001
1981-05-13,130.17310000000001
1981-05-14,132.85249999999999
1981-05-15,133.7458
1981-05-18,136.48509999999999
1981-05-19,135.00219999999999
1981-05-20,135.07060000000001
1981-05-21,134.56610000000001
1981-05-22,135.99959999999999
1981-05-26,137.7193
1981-05-27,137.13409999999999
1981-05-28,138.8176
1981-05-29,139.29069999999999
1981-06-01,139.72669999999999
1981-06-02,138.9632
1981-06-03,139.41679999999999
1981-06-04,139.81110000000001
1981-06-05,139.4939
1981-06-08,141.83099999999999
1981-06-09,141.64869999999999
1981-06-10,142.495
1981-06-11,142.35300000000001
1981-06-12,142.4221
1981-06-15,144.86770000000001
1981-06-16,145.0231
1981-06-17,143.70779999999999
1981-06-18,141.0592
1981-06-19,141.95939999999999
1981-06-22,142.36320000000001
1981-06-23,141.24299999999999
1981-06-24,139.9776
1981-06-25,139.68100000000001
1981-06-26,139.62790000000001
1981-06-29,140.00020000000001
1981-06-30,138.20230000000001
1981-07-01,136.52780000000001
1981-07-02,137.76599999999999
1981-07-06,139.50569999999999
1981-07-07,137.29249999999999
1981-07-08,137.1464
1981-07-09,136.9042
1981-07-10,139.0581
1981-07-13,138.3313
1981-07-14,136.83420000000001
1981-07-15,138.23079999999999
1981-07-16,137.41650000000001
1981-07-17,137.876
1981-07-20,133.43539999999999
1981-07-21,133.6696
1981-07-22,133.4614
1981-07-23,134.10220000000001
1981-07-24,135.8424
1981-07-27,135.24789999999999
1981-07-28,134.37970000000001
1981-07-29,133.3031
1981-07-30,133.17060000000001
1981-07-31,133.18469999999999
1981-08-03,130.47659999999999
1981-08-04,131.35749999999999
1981-08-05,131.60429999999999
1981-08-06,132.55170000000001
1981-08-07,132.49430000000001
1981-08-10,134.48400000000001
1981-08-11,136.75729999999999
1981-08-12,135.21619999999999
1981-08-13,134.87549999999999
1981-08-14,134.07429999999999
1981-08-17,134.60589999999999
1981-08-18,134.06549999999999
1981-08-19,134.2826
1981-08-20,133.054
1981-08-21,132.69049999999999
1981-08-24,128.7852
1981-08-25,128.2784
1981-08-26,128.6009
1981-08-27,128.55090000000001
1981-08-28,129.74549999999999
1981-08-31,127.3977
1981-09-01,128.0675
1981-09-02,128.06979999999999
1981-09-03,127.2076
1981-09-04,127.0792
1981-09-08,126.0211
1981-09-09,127.7971
1981-09-10,128.7893
1981-09-11,130.41380000000001
1981-09-14,130.17259999999999
1981-09-15,131.0223
1981-09-16,131.12690000000001
1981-09-17,132.53540000000001
1981-09-18,133.21379999999999
1981-09-21,134.4254
1981-09-22,132.3698
1981-09-23,130.10249999999999
1981-09-24,129.3546
1981-09-25,125.905
1981-09-28,126.5724
1981-09-29,125.1489
1981-09-30,124.78959999999999
1981-10-01,125.6049
1981-10-02,128.44589999999999
1981-10-05,130.06639999999999
1981-10-06,130.20359999999999
1981-10-07,130.822
1981-10-08,131.68870000000001
1981-10-09,133.52600000000001
1981-10-12,133.59540000000001
1981-10-13,132.4898
1981-10-14,131.75229999999999
1981-10-15,132.61109999999999
1981-10-16,131.4213
1981-10-19,131.78700000000001
1981-10-20,130.75120000000001
1981-10-21,128.49430000000001
1981-10-22,128.68109999999999
1981-10-23,129.4863
1981-10-26,126.50020000000001
1981-10-27,127.542
1981-10-28,128.07140000000001
1981-10-29,130.97559999999999
1981-10-30,133.95230000000001
1981-11-02,133.79169999999999
1981-11-03,133.86359999999999
1981-11-04,137.87960000000001
1981-11-05,137.19919999999999
1981-11-06,139.26179999999999
1981-11-09,142.6189
1981-11-10,142.99549999999999
1981-11-11,143.0694
1981-11-12,146.19579999999999
1981-11-13,146.12190000000001
1981-11-16,147.7474
1981-11-17,146.32980000000001
1981-11-18,148.58439999999999
1981-11-19,148.57239999999999
1981-11-20,148.58160000000001
1981-11-23,145.84360000000001
1981-11-24,149.44710000000001
1981-11-25,151.5625
1981-11-27,152.38239999999999
1981-11-30,150.5018
1981-12-01,148.53639999999999
1981-12-02,147.13059999999999
1981-12-03,147.6927
1981-12-04,150.8355
1981-12-07,146.9796
1981-12-08,147.1797
1981-12-09,145.72020000000001
1981-12-10,143.96520000000001
1981-12-11,144.05850000000001
1981-12-14,146.33600000000001
1981-12-15,146.9554
1981-12-16,146.9873
1981-12-17,145.3092
1981-12-18,147.34549999999999
1981-12-21,144.52940000000001
1981-12-22,143.22710000000001
1981-12-23,141.636
1981-12-24,142.75550000000001
1981-12-28,143.06790000000001
1981-12-29,141.75739999999999
1981-12-30,141.39940000000001
1981-12-31,143.58619999999999
1982-01-04,141.5599
1982-01-05,139.00399999999999
1982-01-06,137.73230000000001
1982-01-07,137.4358
1982-01-08,139.2784
1982-01-11,136.64420000000001
1982-01-12,138.18700000000001
1982-01-13,136.38849999999999
1982-01-14,138.07300000000001
1982-01-15,137.18879999999999
1982-01-18,138.62889999999999
1982-01-19,137.68270000000001
1982-01-20,138.19909999999999
1982-01-21,139.4117
1982-01-22,139.27889999999999
1982-01-25,139.72970000000001
1982-01-26,140.1267
1982-01-27,140.2773
1982-01-28,142.2199
1982-01-29,142.86240000000001
1982-02-01,138.98589999999999
1982-02-02,139.7544
1982-02-03,138.46600000000001
1982-02-04,137.31129999999999
1982-02-05,138.35730000000001
1982-02-08,135.69649999999999
1982-02-09,135.2407
1982-02-10,136.5615
1982-02-11,137.7234
1982-02-12,137.7989
1982-02-16,139.78030000000001
1982-02-17,140.21350000000001
1982-02-18,142.54929999999999
1982-02-19,142.976
1982-02-22,146.88329999999999
1982-02-23,146.05690000000001
1982-02-24,147.34399999999999
1982-02-25,146.39070000000001
1982-02-26,145.2688
1982-03-01,147.46719999999999
1982-03-02,149.49289999999999
1982-03-03,150.1876
1982-03-04,150.82320000000001
1982-03-05,150.8562
1982-03-08,149.4768
1982-03-09,149.93510000000001
1982-03-10,149.48009999999999
1982-03-11,147.98230000000001
1982-03-12,147.97550000000001
1982-03-15,148.99180000000001
1982-03-16,149.08959999999999
1982-03-17,149.6943
1982-03-18,149.83459999999999
1982-03-19,149.29759999999999
1982-03-22,151.4444
1982-03-23,151.84710000000001
1982-03-24,150.13800000000001
1982-03-25,150.2996
1982-03-26,148.73079999999999
1982-03-29,147.3595
1982-03-30,147.19059999999999
1982-03-31,148.73230000000001
1982-04-01,149.6052
1982-04-02,149.53469999999999
1982-04-05,148.54589999999999
1982-04-06,148.51939999999999
1982-04-07,148.7627
1982-04-08,151.268
1982-04-12,153.16800000000001
1982-04-13,153.33369999999999
1982-04-14,152.23070000000001
1982-04-15,153.44460000000001
1982-04-16,155.1233
1982-04-19,155.76490000000001
1982-04-20,154.85169999999999
1982-04-21,154.7277
1982-04-22,155.05080000000001
1982-04-23,155.46549999999999
1982-04-26,155.8141
1982-04-27,155.55369999999999
1982-04-28,154.64599999999999
1982-04-29,153.50810000000001
1982-04-30,153.56440000000001
1982-05-03,152.94309999999999
1982-05-04,153.94069999999999
1982-05-05,154.26140000000001
1982-05-06,156.69300000000001
1982-05-07,157.4342
1982-05-10,156.803
1982-05-11,157.3603
1982-05-12,155.87100000000001
1982-05-13,155.76949999999999
1982-05-14,156.84229999999999
1982-05-17,155.29759999999999
1982-05-18,155.71080000000001
1982-05-19,155.3416
1982-05-20,156.74520000000001
1982-05-21,156.91370000000001
1982-05-24,156.7192
1982-05-25,156.68369999999999
1982-05-26,155.83879999999999
1982-05-27,155.09229999999999
1982-05-28,154.83840000000001
1982-06-01,151.98560000000001
1982-06-02,152.5334
1982-06-03,152.184
1982-06-04,151.11760000000001
1982-06-07,152.2551
1982-06-08,151.80160000000001
1982-06-09,151.96510000000001
1982-06-10,151.8526
1982-06-11,153.10560000000001
1982-06-14,150.09819999999999
1982-06-15,150.38380000000001
1982-06-16,150.0889
1982-06-17,148.2654
1982-06-18,147.40000000000001
1982-06-21,147.83869999999999
1982-06-22,147.3973
1982-06-23,146.97909999999999
1982-06-24,147.45490000000001
1982-06-25,147.37459999999999
1982-06-28,147.91290000000001
1982-06-29,148.83840000000001
1982-06-30,150.88740000000001
1982-07-01,151.154
1982-07-02,149.97049999999999
1982-07-06,150.23480000000001
1982-07-07,150.84950000000001
1982-07-08,153.71549999999999
1982-07-09,155.249
1982-07-12,156.67660000000001
1982-07-13,155.10140000000001
1982-07-14,154.2467
1982-07-15,155.6558
1982-07-16,158.18889999999999
1982-07-19,158.38249999999999
1982-07-20,159.60550000000001
1982-07-21,159.1352
1982-07-22,160.27510000000001
1982-07-23,159.87010000000001
1982-07-26,157.2028
1982-07-27,157.55189999999999
1982-07-28,156.03360000000001
1982-07-29,157.0205
1982-07-30,158.1079
1982-08-02,161.0985
1982-08-03,160.11179999999999
1982-08-04,160.1001
1982-08-05,159.90430000000001
1982-08-06,158.6164
1982-08-09,159.8355
1982-08-10,160.51509999999999
1982-08-11,160.619
1982-08-12,161.98169999999999
1982-08-13,164.37309999999999
1982-08-16,166.6062
1982-08-17,171.78190000000001
1982-08-18,173.5326
1982-08-19,173.40090000000001
1982-08-20,175.94489999999999
1982-08-23,173.8289
1982-08-24,175.61490000000001
1982-08-25,175.07060000000001
1982-08-26,173.85839999999999
1982-08-27,170.8049
1982-08-30,170.88720000000001
1982-08-31,171.59360000000001
1982-09-01,172.7518
1982-09-02,174.29820000000001
1982-09-03,176.499
1982-09-07,176.00579999999999
1982-09-08,176.14230000000001
1982-09-09,175.67840000000001
1982-09-10,172.8109
1982-09-13,174.78229999999999
1982-09-14,175.4041
1982-09-15,175.1876
1982-09-16,175.83670000000001
1982-09-17,176.79140000000001
1982-09-20,177.97669999999999
1982-09-21,181.45249999999999
1982-09-22,182.02699999999999
1982-09-23,184.04470000000001
1982-09-24,182.34030000000001
1982-09-27,183.2433
1982-09-28,184.45050000000001
1982-09-29,184.2706
1982-09-30,184.47659999999999
1982-10-01,186.90530000000001
1982-10-04,184.1737
1982-10-05,184.61709999999999
1982-10-06,186.7439
1982-10-07,193.59119999999999
1982-10-08,194.91970000000001
1982-10-11,195.00909999999999
1982-10-12,201.03450000000001
1982-10-13,203.01759999999999
1982-10-14,200.8982
1982-10-15,198.07599999999999
1982-10-18,200.3135
1982-10-19,200.7824
1982-10-20,199.49299999999999
1982-10-21,199.5463
1982-10-22,197.6337
1982-10-25,194.08779999999999
1982-10-26,195.7439
1982-10-27,195.30760000000001
1982-10-28,197.21559999999999
1982-10-29,199.15649999999999
1982-11-01,202.31229999999999
1982-11-02,202.4024
1982-11-03,204.2551
1982-11-04,205.3449
1982-11-05,205.46610000000001
1982-11-08,204.68989999999999
1982-11-09,207.8477
1982-11-10,208.852
1982-11-11,208.93469999999999
1982-11-12,207.6901
1982-11-15,206.20760000000001
1982-11-16,205.28399999999999
1982-11-17,206.5198
1982-11-18,209.94370000000001
1982-11-19,210.10210000000001
1982-11-22,209.21969999999999
1982-11-23,208.2336
1982-11-24,207.2208
1982-11-26,208.4385
1982-11-29,203.94290000000001
1982-11-30,204.09729999999999
1982-12-01,204.7133
1982-12-02,205.79650000000001
1982-12-03,209.55860000000001
1982-12-06,210.05179999999999
1982-12-07,209.46870000000001
1982-12-08,207.53389999999999
1982-12-09,208.05549999999999
1982-12-10,206.5085
1982-12-13,207.5334
1982-12-14,209.70849999999999
1982-12-15,208.80009999999999
1982-12-16,206.9572
1982-12-17,206.3604
1982-12-20,205.16290000000001
1982-12-21,207.90170000000001
1982-12-22,207.4032
1982-12-23,208.32060000000001
1982-12-27,209.35429999999999
1982-12-28,209.5461
1982-12-29,208.7466
1982-12-30,209.3049
1982-12-31,210.08750000000001
1983-01-03,211.1362
1983-01-04,210.03
1983-01-05,209.74379999999999
1983-01-06,209.20150000000001
1983-01-07,209.35769999999999
1983-01-10,209.1104
1983-01-11,209.7432
1983-01-12,210.26830000000001
1983-01-13,210.61019999999999
1983-01-14,209.99170000000001
1983-01-17,210.14930000000001
1983-01-18,209.1319
1983-01-19,207.29519999999999
1983-01-20,207.63159999999999
1983-01-21,205.36160000000001
1983-01-24,203.83459999999999
1983-01-25,204.89680000000001
1983-01-26,203.23920000000001
1983-01-27,204.3297
1983-01-28,203.75309999999999
1983-01-31,202.14949999999999
1983-02-01,202.78149999999999
1983-02-02,203.03729999999999
1983-02-03,201.4134
1983-02-04,200.28380000000001
1983-02-07,200.77170000000001
1983-02-08,200.4529
1983-02-09,200.06819999999999
1983-02-10,203.20140000000001
1983-02-11,203.56100000000001
1983-02-14,203.61080000000001
1983-02-15,202.93819999999999
1983-02-16,203.84880000000001
1983-02-17,205.3588
1983-02-18,207.2089
1983-02-22,210.0686
1983-02-23,210.1901
1983-02-24,210.4579
1983-02-25,212.72380000000001
1983-02-28,212.6225
1983-03-01,213.7567
1983-03-02,213.2029
1983-03-03,213.88849999999999
1983-03-04,213.5214
1983-03-07,211.18889999999999
1983-03-08,210.029
1983-03-09,210.2953
1983-03-10,209.8338
1983-03-11,208.47489999999999
1983-03-14,210.18340000000001
1983-03-15,210.8509
1983-03-16,210.13339999999999
1983-03-17,209.99969999999999
1983-03-18,209.6859
1983-03-21,209.8432
1983-03-22,209.9282
1983-03-23,211.1412
1983-03-24,211.62870000000001
1983-03-25,210.43430000000001
1983-03-28,210.26519999999999
1983-03-29,211.261
1983-03-30,211.52930000000001
1983-03-31,210.9564
1983-04-04,211.40710000000001
1983-04-05,213.4102
1983-04-06,213.83080000000001
1983-04-07,213.69220000000001
1983-04-08,213.47980000000001
1983-04-11,215.66759999999999
1983-04-12,215.67679999999999
1983-04-13,216.06530000000001
1983-04-14,217.56559999999999
1983-04-15,217.22810000000001
1983-04-18,218.12200000000001
1983-04-19,216.25049999999999
1983-04-20,216.0324
1983-04-21,215.09739999999999
1983-04-22,215.52279999999999
1983-04-25,216.13829999999999
1983-04-26,216.56630000000001
1983-04-27,217.4932
1983-04-28,217.96379999999999
1983-04-29,218.5515
1983-05-02,218.5993
1983-05-03,218.87950000000001
1983-05-04,221.11699999999999
1983-05-05,220.6122
1983-05-06,221.01349999999999
1983-05-09,219.4151
1983-05-10,220.8707
1983-05-11,220.3681
1983-05-12,219.0127
1983-05-13,219.6816
1983-05-16,216.273
1983-05-17,215.83170000000001
1983-05-18,215.31700000000001
1983-05-19,214.09880000000001
1983-05-20,213.4452
1983-05-23,213.45779999999999
1983-05-24,213.91290000000001
1983-05-25,213.6301
1983-05-26,212.79849999999999
1983-05-27,212.59289999999999
1983-05-31,209.33250000000001
1983-06-01,210.48759999999999
1983-06-02,210.28790000000001
1983-06-03,210.232
1983-06-06,210.85550000000001
1983-06-07,209.6223
1983-06-08,208.7551
1983-06-09,209.97319999999999
1983-06-10,210.09530000000001
1983-06-13,212.30009999999999
1983-06-14,211.73609999999999
1983-06-15,212.94640000000001
1983-06-16,214.6105
1983-06-17,213.92339999999999
1983-06-20,212.3312
1983-06-21,212.23670000000001
1983-06-22,211.67410000000001
1983-06-23,210.8647
1983-06-24,208.7921
1983-06-27,207.20849999999999
1983-06-28,208.4057
1983-06-29,209.26300000000001
1983-06-30,210.23220000000001
1983-07-01,210.63919999999999
1983-07-05,206.15639999999999
1983-07-06,206.79069999999999
1983-07-07,205.30950000000001
1983-07-08,204.38560000000001
1983-07-11,205.82300000000001
1983-07-12,203.3562
1983-07-13,203.6104
1983-07-14,204.56639999999999
1983-07-15,203.22020000000001
1983-07-18,204.97669999999999
1983-07-19,205.7397
1983-07-20,206.67769999999999
1983-07-21,205.88120000000001
1983-07-22,203.4871
1983-07-25,204.57400000000001
1983-07-26,203.2646
1983-07-27,202.9239
1983-07-28,200.56809999999999
1983-07-29,198.61340000000001
1983-08-01,198.25960000000001
1983-08-02,198.91540000000001
1983-08-03,198.15299999999999
1983-08-04,194.5651
1983-08-05,195.47819999999999
1983-08-08,194.29060000000001
1983-08-09,195.29220000000001
1983-08-10,194.65209999999999
1983-08-11,196.6694
1983-08-12,198.6617
1983-08-15,201.62309999999999
1983-08-16,201.94049999999999
1983-08-17,203.43520000000001
1983-08-18,202.31450000000001
1983-08-19,201.5941
1983-08-22,205.2286
1983-08-23,204.41980000000001
1983-08-24,205.10769999999999
1983-08-25,204.36670000000001
1983-08-26,203.8287
1983-08-29,200.5119
1983-08-30,199.5223
1983-08-31,198.2611
1983-09-01,198.63239999999999
1983-09-02,198.34719999999999
1983-09-06,200.803
1983-09-07,203.08539999999999
1983-09-08,202.36259999999999
1983-09-09,203.0042
1983-09-12,205.4632
1983-09-13,204.65729999999999
1983-09-14,202.6514
1983-09-15,201.74090000000001
1983-09-16,204.20079999999999
1983-09-19,204.35659999999999
1983-09-20,205.70339999999999
1983-09-21,205.22829999999999
1983-09-22,205.5821
1983-09-23,207.51390000000001
1983-09-26,208.6568
1983-09-27,208.26929999999999
1983-09-28,207.84979999999999
1983-09-29,207.8382
1983-09-30,208.53899999999999
1983-10-03,208.01750000000001
1983-10-04,208.20910000000001
1983-10-05,209.97399999999999
1983-10-06,210.34010000000001
1983-10-07,210.1542
1983-10-10,210.24449999999999
1983-10-11,206.23079999999999
1983-10-12,206.08789999999999
1983-10-13,205.0873
1983-10-14,206.50069999999999
1983-10-17,208.33609999999999
1983-10-18,207.65039999999999
1983-10-19,208.44900000000001
1983-10-20,208.53919999999999
1983-10-21,209.37729999999999
1983-10-24,205.70650000000001
1983-10-25,205.2706
1983-10-26,205.42750000000001
1983-10-27,205.7818
1983-10-28,205.643
1983-10-31,205.07839999999999
1983-11-01,205.33410000000001
1983-11-02,205.32689999999999
1983-11-03,204.34139999999999
1983-11-04,203.27019999999999
1983-11-07,203.523
1983-11-08,203.61510000000001
1983-11-09,204.1266
1983-11-10,206.20910000000001
1983-11-11,206.3005
1983-11-14,206.7561
1983-11-15,206.81450000000001
1983-11-16,206.3777
1983-11-17,206.0745
1983-11-18,206.00219999999999
1983-11-21,207.51439999999999
1983-11-22,208.67599999999999
1983-11-23,208.7347
1983-11-25,209.23140000000001
1983-11-28,208.14830000000001
1983-11-29,209.38210000000001
1983-11-30,208.76730000000001
1983-12-01,208.85980000000001
1983-12-02,207.02019999999999
1983-12-05,206.71729999999999
1983-12-06,206.744
1983-12-07,206.57380000000001
1983-12-08,204.9708
1983-12-09,204.80520000000001
1983-12-12,205.0598
1983-12-13,204.25069999999999
1983-12-14,204.11940000000001
1983-12-15,204.9211
1983-12-16,205.89060000000001
1983-12-19,205.85470000000001
1983-12-20,205.94909999999999
1983-12-21,206.33609999999999
1983-12-22,207.57810000000001
1983-12-23,207.34229999999999
1983-12-27,208.49449999999999
1983-12-28,207.7927
1983-12-29,208.08539999999999
1983-12-30,207.75040000000001
1984-01-03,206.79390000000001
1984-01-04,208.601
1984-01-05,208.52969999999999
1984-01-06,209.02359999999999
1984-01-09,208.85249999999999
1984-01-10,209.9838
1984-01-11,209.41
1984-01-12,209.7732
1984-01-13,212.30549999999999
1984-01-16,213.1223
1984-01-17,212.7706
1984-01-18,212.14750000000001
1984-01-19,212.4485
1984-01-20,212.1688
1984-01-23,212.5384
1984-01-24,212.63460000000001
1984-01-25,212.3552
1984-01-26,212.6566
1984-01-27,212.37739999999999
1984-01-30,212.09880000000001
1984-01-31,211.72020000000001
1984-02-01,212.3604
1984-02-02,213.10679999999999
1984-02-03,212.89510000000001
1984-02-06,211.66419999999999
1984-02-07,211.7604
1984-02-08,211.3845
1984-02-09,211.2456
1984-02-10,209.87
1984-02-13,209.9665
1984-02-14,209.6319
1984-02-15,210.2269
1984-02-16,210.12459999999999
1984-02-17,208.96510000000001
1984-02-21,209.06280000000001
1984-02-22,208.56979999999999
1984-02-23,206.81559999999999
1984-02-24,208.11199999999999
1984-02-27,207.1069
1984-02-28,206.369
1984-02-29,207.4965
1984-03-01,207.3355
1984-03-02,209.0265
1984-03-05,207.36670000000001
1984-03-06,207.01300000000001
1984-03-07,205.19630000000001
1984-03-08,204.97810000000001
1984-03-09,204.76070000000001
1984-03-12,205.23689999999999
1984-03-13,204.7047
1984-03-14,204.26949999999999
1984-03-15,204.5239
1984-03-16,204.05930000000001
1984-03-19,202.48490000000001
1984-03-20,202.8905
1984-03-21,202.86580000000001
1984-03-22,202.9025
1984-03-23,203.3399
1984-03-26,203.93440000000001
1984-03-27,203.72280000000001
1984-03-28,204.75550000000001
1984-03-29,205.4829
1984-03-30,204.1439
1984-04-02,204.02770000000001
1984-04-03,203.07929999999999
1984-04-04,202.6294
1984-04-05,202.67019999999999
1984-04-06,205.09030000000001
1984-04-09,205.37880000000001
1984-04-10,204.4802
1984-04-11,204.92269999999999
1984-04-12,206.4667
1984-04-13,203.9708
1984-04-16,202.99459999999999
1984-04-17,203.6165
1984-04-18,201.97640000000001
1984-04-19,200.9922
1984-04-23,200.94319999999999
1984-04-24,201.97640000000001
1984-04-25,202.6833
1984-04-26,203.1799
1984-04-27,201.2817
1984-04-30,200.78399999999999
1984-05-01,200.79560000000001
1984-05-02,200.3905
1984-05-03,200.19479999999999
1984-05-04,197.94980000000001
1984-05-07,196.75389999999999
1984-05-08,197.57390000000001
1984-05-09,195.90100000000001
1984-05-10,195.2671
1984-05-11,192.50360000000001
1984-05-14,190.83699999999999
1984-05-15,192.73339999999999
1984-05-16,193.66329999999999
1984-05-17,192.2533
1984-05-18,193.7577
1984-05-21,193.86019999999999
1984-05-22,193.0522
1984-05-23,192.74359999999999
1984-05-24,190.4905
1984-05-25,190.405
1984-05-29,189.154
1984-05-30,188.0771
1984-05-31,189.43940000000001
1984-06-01,193.0361
1984-06-04,195.88489999999999
1984-06-05,196.21250000000001
1984-06-06,194.41159999999999
1984-06-07,194.37459999999999
1984-06-08,195.2544
1984-06-11,194.29920000000001
1984-06-12,195.5393
1984-06-13,196.87700000000001
1984-06-14,197.34649999999999
1984-06-15,199.68969999999999
1984-06-18,199.38419999999999
1984-06-19,197.81829999999999
1984-06-20,194.9085
1984-06-21,194.23660000000001
1984-06-22,194.2277
1984-06-25,194.2466
1984-06-26,193.74449999999999
1984-06-27,194.33930000000001
1984-06-28,194.19280000000001
1984-06-29,193.44649999999999
1984-07-02,193.38399999999999
1984-07-03,195.01910000000001
1984-07-05,194.5401
1984-07-06,194.5848
1984-07-09,198.6336
1984-07-10,198.7338
1984-07-11,198.17840000000001
1984-07-12,200.08510000000001
1984-07-13,201.3494
1984-07-16,201.5085
1984-07-17,200.79150000000001
1984-07-18,201.5934
1984-07-19,202.2244
1984-07-20,200.34039999999999
1984-07-23,200.4144
1984-07-24,200.86539999999999
1984-07-25,204.87110000000001
1984-07-26,206.33879999999999
1984-07-27,206.167
1984-07-30,204.99600000000001
1984-07-31,207.04580000000001
1984-08-01,208.53980000000001
1984-08-02,209.83179999999999
1984-08-03,211.61529999999999
1984-08-06,210.12989999999999
1984-08-07,210.89670000000001
1984-08-08,211.31710000000001
1984-08-09,213.2475
1984-08-10,213.21799999999999
1984-08-13,212.06190000000001
1984-08-14,212.99690000000001
1984-08-15,211.78059999999999
1984-08-16,212.97120000000001
1984-08-17,213.88059999999999
1984-08-20,214.92750000000001
1984-08-21,215.88339999999999
1984-08-22,214.93170000000001
1984-08-23,214.70590000000001
1984-08-24,215.10230000000001
1984-08-27,212.48159999999999
1984-08-28,213.06440000000001
1984-08-29,213.03700000000001
1984-08-30,213.42840000000001
1984-08-31,214.27379999999999
1984-09-04,213.53450000000001
1984-09-05,213.05789999999999
1984-09-06,215.13390000000001
1984-09-07,215.89109999999999
1984-09-10,217.14940000000001
1984-09-11,218.387
1984-09-12,218.2885
1984-09-13,220.25
1984-09-14,220.5583
1984-09-17,221.4161
1984-09-18,222.17590000000001
1984-09-19,223.6728
1984-09-20,223.6019
1984-09-21,221.00370000000001
1984-09-24,219.84800000000001
1984-09-25,219.31010000000001
1984-09-26,220.53149999999999
1984-09-27,223.21610000000001
1984-09-28,220.70140000000001
1984-10-01,219.68680000000001
1984-10-02,219.79169999999999
1984-10-03,219.7955
1984-10-04,220.6113
1984-10-05,222.59970000000001
1984-10-08,222.70439999999999
1984-10-09,223.2946
1984-10-10,223.57470000000001
1984-10-11,224.30889999999999
1984-10-12,225.15309999999999
1984-10-15,224.48689999999999
1984-10-16,224.6283
1984-10-17,225.82560000000001
1984-10-18,229.52109999999999
1984-10-19,232.2063
1984-10-22,233.4736
1984-10-23,234.29669999999999
1984-10-24,234.62950000000001
1984-10-25,233.67619999999999
1984-10-26,231.68860000000001
1984-10-29,232.35059999999999
1984-10-30,235.31720000000001
1984-10-31,234.77619999999999
1984-11-01,236.98519999999999
1984-11-02,236.62809999999999
1984-11-05,237.69890000000001
1984-11-06,237.80430000000001
1984-11-07,235.25790000000001
1984-11-08,232.6918
1984-11-09,234.8981
1984-11-12,235.0034
1984-11-13,233.5265
1984-11-14,232.8853
1984-11-15,234.41229999999999
1984-11-16,235.08340000000001
1984-11-19,236.5968
1984-11-20,237.54750000000001
1984-11-21,239.75299999999999
1984-11-23,242.55340000000001
1984-11-26,242.059
1984-11-27,242.48419999999999
1984-11-28,240.405
1984-11-29,239.9211
1984-11-30,237.65479999999999
1984-12-03,238.1455
1984-12-04,238.90940000000001
1984-12-05,239.01480000000001
1984-12-06,237.38210000000001
1984-12-07,235.88579999999999
1984-12-10,236.75129999999999
1984-12-11,238.2756
1984-12-12,239.03919999999999
1984-12-13,236.95089999999999
1984-12-14,239.24969999999999
1984-12-17,240.44739999999999
1984-12-18,243.6053
1984-12-19,243.11019999999999
1984-12-20,242.37960000000001
1984-12-21,243.3228
1984-12-24,243.91030000000001
1984-12-26,241.8629
1984-12-27,241.57409999999999
1984-12-28,241.48320000000001
1984-12-31,240.2946
1985-01-02,237.58189999999999
1985-01-03,238.56809999999999
1985-01-04,237.44839999999999
1985-01-07,240.7535
1985-01-08,241.8004
1985-01-09,241.709
1985-01-10,241.30410000000001
1985-01-11,239.27000000000001
1985-01-14,238.68360000000001
1985-01-15,240.76140000000001
1985-01-16,240.5557
1985-01-17,240.81809999999999
1985-01-18,242.57239999999999
1985-01-21,242.67930000000001
1985-01-22,245.54159999999999
1985-01-23,246.58080000000001
1985-01-24,250.02500000000001
1985-01-25,249.59100000000001
1985-01-28,249.8237
1985-01-29,250.26499999999999
1985-01-30,250.87520000000001
1985-01-31,249.85419999999999
1985-02-01,247.44399999999999
1985-02-04,247.06129999999999
1985-02-05,248.0675
1985-02-06,246.6645
1985-02-07,247.17410000000001
1985-02-08,247.767
1985-02-11,246.4067
1985-02-12,246.51089999999999
1985-02-13,247.26349999999999
1985-02-14,248.96350000000001
1985-02-15,246.3338
1985-02-19,246.84219999999999
1985-02-20,243.94069999999999
1985-02-21,242.31290000000001
1985-02-22,239.89940000000001
1985-02-25,239.92670000000001
1985-02-26,240.72229999999999
1985-02-27,237.36349999999999
1985-02-28,237.0943
1985-03-01,238.4786
1985-03-04,237.11660000000001
1985-03-05,238.80369999999999
1985-03-06,237.55119999999999
1985-03-07,236.98330000000001
1985-03-08,241.26050000000001
1985-03-11,241.13390000000001
1985-03-12,240.7388
1985-03-13,239.12629999999999
1985-03-14,238.96619999999999
1985-03-15,238.6934
1985-03-18,236.96199999999999
1985-03-19,237.66470000000001
1985-03-20,239.6173
1985-03-21,240.98269999999999
1985-03-22,240.01830000000001
1985-03-25,240.88829999999999
1985-03-26,242.4204
1985-03-27,241.6001
1985-03-28,242.05250000000001
1985-03-29,244.14320000000001
1985-04-01,244.84180000000001
1985-04-02,243.6523
1985-04-03,243.33009999999999
1985-04-04,242.93180000000001
1985-04-08,242.76730000000001
1985-04-09,244.55099999999999
1985-04-10,246.95500000000001
1985-04-11,249.8081
1985-04-12,249.58789999999999
1985-04-15,250.7174
1985-04-16,252.43680000000001
1985-04-17,251.8374
1985-04-18,254.7055
1985-04-19,253.75909999999999
1985-04-22,254.3287
1985-04-23,252.13560000000001
1985-04-24,251.8287
1985-04-25,250.20959999999999
1985-04-26,250.72559999999999
1985-04-29,248.39529999999999
1985-04-30,249.79660000000001
1985-05-01,252.40710000000001
1985-05-02,252.7227
1985-05-03,253.87299999999999
1985-05-06,254.19069999999999
1985-05-07,254.4247
1985-05-08,252.44730000000001
1985-05-09,253.7612
1985-05-10,256.90969999999999
1985-05-13,257.10430000000002
1985-05-14,260.02109999999999
1985-05-15,259.9119
1985-05-16,261.42419999999998
1985-05-17,261.0498
1985-05-20,266.66800000000001
1985-05-21,266.09429999999998
1985-05-22,265.1617
1985-05-23,264.86599999999999
1985-05-24,266.24489999999997
1985-05-28,269.3442
1985-05-29,269.31529999999998
1985-05-30,270.733
1985-05-31,272.87439999999998
1985-06-03,277.62349999999998
1985-06-04,277.88150000000002
1985-06-05,281.47489999999999
1985-06-06,280.78149999999999
1985-06-07,275.03160000000003
1985-06-10,276.15809999999999
1985-06-11,278.02800000000002
1985-06-12,276.91399999999999
1985-06-13,275.71249999999998
1985-06-14,280.73739999999998
1985-06-17,281.60039999999998
1985-06-18,282.97370000000001
1985-06-19,279.47070000000002
1985-06-20,277.6592
1985-06-21,274.33030000000002
1985-06-24,272.67930000000001
1985-06-25,271.8922
1985-06-26,271.7663
1985-06-27,275.48660000000001
1985-06-28,277.4862
1985-07-01,278.32999999999998
1985-07-02,278.6857
1985-07-03,278.30520000000001
1985-07-05,284.00040000000001
1985-07-08,281.98719999999997
1985-07-09,281.89620000000002
1985-07-10,281.70589999999999
1985-07-11,279.03539999999998
1985-07-12,279.29239999999999
1985-07-15,279.40179999999998
1985-07-16,280.7475
1985-07-17,281.80290000000002
1985-07-18,277.86070000000001
1985-07-19,277.09530000000001
1985-07-22,275.1825
1985-07-23,275.29129999999998
1985-07-24,274.68459999999999
1985-07-25,274.36509999999998
1985-07-26,272.49149999999997
1985-07-29,271.3408
1985-07-30,271.68299999999999
1985-07-31,273.85579999999999
1985-08-01,275.86739999999998
1985-08-02,272.52010000000001
1985-08-05,273.38060000000002
1985-08-06,273.11489999999998
1985-08-07,274.35669999999999
1985-08-08,276.3723
1985-08-09,277.06009999999998
1985-08-12,276.35550000000001
1985-08-13,274.8929
1985-08-14,277.29759999999999
1985-08-15,276.87979999999999
1985-08-16,279.21660000000003
1985-08-19,280.3064
1985-08-20,281.00830000000002
1985-08-21,282.60669999999999
1985-08-22,282.9674
1985-08-23,282.72910000000002
1985-08-26,281.94529999999997
1985-08-27,283.85109999999997
1985-08-28,283.3109
1985-08-29,284.42520000000002
1985-08-30,281.59160000000003
1985-09-03,282.19709999999998
1985-09-04,283.90269999999998
1985-09-05,281.67419999999998
1985-09-06,275.96600000000001
1985-09-09,276.17259999999999
1985-09-10,276.66480000000001
1985-09-11,276.29989999999998
1985-09-12,276.5068
1985-09-13,279.25920000000002
1985-09-16,280.24579999999997
1985-09-17,278.8999
1985-09-18,278.28789999999998
1985-09-19,278.68790000000001
1985-09-20,280.59399999999999
1985-09-23,279.34379999999999
1985-09-24,280.13529999999997
1985-09-25,281.51710000000003
1985-09-26,283.20749999999998
1985-09-30,281.5917
1985-10-01,282.19529999999997
1985-10-02,281.62
1985-10-03,281.73289999999997
1985-10-04,281.25779999999997
1985-10-07,279.86079999999998
1985-10-08,280.7987
1985-10-09,280.76519999999999
1985-10-10,281.61000000000001
1985-10-11,281.82089999999999
1985-10-14,281.93400000000003
1985-10-15,283.27730000000003
1985-10-16,284.2824
1985-10-17,285.6438
1985-10-18,286.61219999999997
1985-10-21,286.72519999999997
1985-10-22,288.10570000000001
1985-10-23,288.21870000000001
1985-10-24,287.92489999999998
1985-10-25,286.41890000000001
1985-10-28,284.72919999999999
1985-10-29,288.87169999999998
1985-10-30,291.92309999999998
1985-10-31,291.61959999999999
1985-11-01,292.77539999999999
1985-11-04,293.15019999999998
1985-11-05,294.5797
1985-11-06,294.4282
1985-11-07,294.80549999999999
1985-11-08,296.24759999999998
1985-11-11,296.3605
1985-11-12,299.16649999999998
1985-11-13,298.19540000000001
1985-11-14,296.85539999999997
1985-11-15,295.47539999999998
1985-11-18,299.83420000000001
1985-11-19,300.76760000000002
1985-11-20,300.88119999999998
1985-11-21,302.92500000000001
1985-11-22,301.81950000000001
1985-11-25,301.10629999999998
1985-11-26,301.76780000000002
1985-11-27,303.26209999999998
1985-11-29,304.76850000000002
1985-12-02,302.43000000000001
1985-12-03,303.09480000000002
1985-12-04,304.43079999999998
1985-12-05,304.54250000000002
1985-12-06,304.20780000000002
1985-12-09,308.09730000000002
1985-12-10,311.78469999999999
1985-12-11,315.43169999999998
1985-12-12,313.94130000000001
1985-12-13,315.65519999999998
1985-12-16,318.16849999999999
1985-12-17,321.33030000000002
1985-12-18,319.786
1985-12-19,320.56979999999999
1985-12-20,322.03449999999998
1985-12-23,321.5899
1985-12-24,322.13290000000001
1985-12-26,322.98739999999998
1985-12-27,324.2192
1985-12-30,323.89299999999997
1985-12-31,324.3159
1986-01-02,323.98950000000002
1986-01-03,323.47739999999999
1986-01-06,323.40210000000002
1986-01-07,327.46640000000002
1986-01-08,323.05790000000002
1986-01-09,320.15890000000002
1986-01-10,317.18959999999998
1986-01-13,313.9205
1986-01-14,316.9332
1986-01-15,320.90809999999999
1986-01-16,320.71469999999999
1986-01-17,321.8673
1986-01-20,321.97949999999997
1986-01-21,322.09179999999998
1986-01-22,320.55160000000001
1986-01-23,321.82499999999999
1986-01-24,321.02010000000001
1986-01-27,324.08629999999999
1986-01-28,326.76400000000001
1986-01-29,325.5607
1986-01-30,325.23860000000002
1986-01-31,325.72840000000002
1986-02-03,327.73020000000002
1986-02-04,329.8177
1986-02-05,328.21230000000003
1986-02-06,328.13459999999998
1986-02-07,325.91590000000002
1986-02-10,328.99180000000001
1986-02-11,331.47379999999998
1986-02-12,332.42660000000001
1986-02-13,334.29759999999999
1986-02-14,340.19209999999998
1986-02-18,341.52670000000001
1986-02-19,340.35059999999999
1986-02-20,341.8211
1986-02-21,347.67059999999998
1986-02-24,352.47609999999997
1986-02-25,352.66269999999997
1986-02-26,355.3895
1986-02-27,364.15429999999998
1986-02-28,366.03399999999999
1986-03-03,370.43009999999998
1986-03-04,372.92070000000001
1986-03-05,365.66199999999998
1986-03-06,367.3931
1986-03-07,369.52980000000002
1986-03-10,376.4008
1986-03-11,378.7919
1986-03-12,380.13600000000002
1986-03-13,378.1146
1986-03-14,378.71719999999999
1986-03-17,377.36040000000003
1986-03-18,375.93200000000002
1986-03-19,377.01499999999999
1986-03-20,378.99990000000003
1986-03-21,377.8879
1986-03-24,381.85739999999998
1986-03-25,381.72179999999997
1986-03-26,385.34050000000002
1986-03-27,394.46800000000002
1986-03-31,403.98559999999998
1986-04-01,402.54730000000001
1986-04-02,403.94040000000001
1986-04-03,401.95440000000002
1986-04-04,398.19119999999998
1986-04-07,397.5
1986-04-08,405.29149999999998
1986-04-09,408.3689
1986-04-10,409.22910000000002
1986-04-11,406.73219999999998
1986-04-14,410.57740000000001
1986-04-15,408.34609999999998
1986-04-16,417.76170000000002
1986-04-17,416.71030000000002
1986-04-18,415.3759
1986-04-21,417.1266
1986-04-22,409.97980000000001
1986-04-23,402.41730000000001
1986-04-24,397.14389999999997
1986-04-25,395.66550000000001
1986-04-28,399.76949999999999
1986-04-29,404.12990000000002
1986-04-30,403.8793
1986-05-01,401.00150000000002
1986-05-02,396.65260000000001
1986-05-05,402.02800000000002
1986-05-06,401.86919999999998
1986-05-07,400.27019999999999
1986-05-08,405.9067
1986-05-09,404.45240000000001
1986-05-12,400.92529999999999
1986-05-13,401.11660000000001
1986-05-14,400.76859999999999
1986-05-15,396.15280000000001
1986-05-16,390.86180000000002
1986-05-19,390.27940000000001
1986-05-20,394.69729999999998
1986-05-21,395.15010000000001
1986-05-22,398.2432
1986-05-23,401.46960000000001
1986-05-27,405.20069999999998
1986-05-28,405.31240000000003
1986-05-29,396.17689999999999
1986-05-30,392.63080000000002
1986-06-02,384.67610000000002
1986-06-03,388.81349999999998
1986-06-04,383.55759999999998
1986-06-05,385.07859999999999
1986-06-06,397.23059999999998
1986-06-09,390.73840000000001
1986-06-10,391.96600000000001
1986-06-11,395.01830000000001
1986-06-12,395.4803
1986-06-13,404.30079999999998
1986-06-16,408.7199
1986-06-17,409.02010000000001
1986-06-18,409.04320000000001
1986-06-19,404.92989999999998
1986-06-20,407.88229999999999
1986-06-23,410.03429999999997
1986-06-24,412.39350000000002
1986-06-25,414.30270000000002
1986-06-26,414.51440000000002
1986-06-27,417.49040000000002
1986-06-30,419.62970000000001
1986-07-01,420.6173
1986-07-02,420.44069999999999
1986-07-03,422.8981
1986-07-07,423.60239999999999
1986-07-08,419.7115
1986-07-09,424.31580000000002
1986-07-10,424.13529999999997
1986-07-11,422.97280000000001
1986-07-14,425.74990000000003
1986-07-15,427.45920000000001
1986-07-16,425.28949999999998
1986-07-17,424.32209999999998
1986-07-18,424.93430000000001
1986-07-21,426.04289999999997
1986-07-22,421.63749999999999
1986-07-23,417.41219999999998
1986-07-24,414.96370000000002
1986-07-25,415.55720000000002
1986-07-28,406.82440000000003
1986-07-29,411.26979999999998
1986-07-30,410.92619999999999
1986-07-31,413.56689999999998
1986-08-01,413.50009999999997
1986-08-04,413.99770000000001
1986-08-05,410.38529999999997
1986-08-06,408.75420000000003
1986-08-07,409.33530000000002
1986-08-08,416.4563
1986-08-11,419.44139999999999
1986-08-12,420.04349999999999
1986-08-13,423.26690000000002
1986-08-14,422.50959999999998
1986-08-15,423.0206
1986-08-18,423.63
1986-08-19,428.38639999999998
1986-08-20,429.3064
1986-08-21,428.02910000000003
1986-08-22,424.78789999999998
1986-08-25,425.69580000000002
1986-08-26,428.69009999999997
1986-08-27,425.04910000000001
1986-08-28,426.1558
1986-08-29,429.1551
1986-09-02,427.68430000000001
1986-09-03,418.25459999999998
1986-09-04,420.00400000000002
1986-09-05,413.4907
1986-09-08,411.29169999999999
1986-09-09,413.82960000000003
1986-09-10,413.67320000000001
1986-09-11,404.26609999999999
1986-09-12,404.21019999999999
1986-09-15,407.93920000000003
1986-09-16,407.60770000000002
1986-09-17,409.4631
1986-09-18,404.68990000000002
1986-09-19,401.16649999999998
1986-09-22,403.0609
1986-09-23,404.52260000000001
1986-09-24,409.89019999999999
1986-09-25,410.19749999999999
1986-09-26,410.59640000000002
1986-09-29,407.97930000000002
1986-09-30,412.22109999999998
1986-10-01,413.73540000000003
1986-10-02,412.00470000000001
1986-10-03,416.22390000000001
1986-10-06,416.53680000000003
1986-10-07,416.19159999999999
1986-10-08,413.88589999999999
1986-10-09,412.80619999999999
1986-10-10,411.36380000000003
1986-10-13,411.49000000000001
1986-10-14,405.88729999999998
1986-10-15,406.10309999999998
1986-10-16,405.06540000000001
1986-10-17,403.67759999999998
1986-10-20,400.27859999999998
1986-10-21,403.92559999999997
1986-10-22,407.09070000000003
1986-10-23,409.75139999999999
1986-10-24,408.06270000000001
1986-10-27,410.45940000000002
1986-10-28,408.58429999999998
1986-10-29,410.5283
1986-10-30,415.26119999999997
1986-10-31,415.01400000000001
1986-11-03,417.19540000000001
1986-11-04,416.3836
1986-11-05,417.91899999999998
1986-11-06,418.70530000000002
1986-11-07,415.0797
1986-11-10,414.92779999999999
1986-11-11,415.05470000000003
1986-11-12,417.32749999999999
1986-11-13,417.64210000000003
1986-11-14,420.41180000000003
1986-11-17,422.9246
1986-11-18,420.94630000000001
1986-11-19,424.90789999999998
1986-11-20,424.74400000000003
1986-11-21,425.54860000000002
1986-11-24,427.6225
1986-11-25,425.99450000000002
1986-11-26,427.09500000000003
1986-11-28,427.7106
1986-12-01,426.95830000000001
1986-12-02,431.01190000000003
1986-12-03,432.62889999999999
1986-12-04,433.9554
1986-12-05,429.40870000000001
1986-12-08,431.31150000000002
1986-12-09,432.13290000000001
1986-12-10,432.95699999999999
1986-12-11,429.9092
1986-12-12,429.74099999999999
1986-12-15,428.88600000000002
1986-12-16,429.99540000000002
1986-12-17,430.12270000000001
1986-12-18,430.74290000000002
1986-12-19,431.66079999999999
1986-12-22,431.98630000000003
1986-12-23,433.10739999999998
1986-12-24,433.23469999999998
1986-12-26,433.3621
1986-12-29,429.8254
1986-12-30,427.3134
1986-12-31,426.37450000000001
1987-01-02,428.92849999999999
1987-01-05,433.4864
1987-01-06,433.11439999999999
1987-01-07,434.73590000000002
1987-01-08,435.86430000000001
1987-01-09,436.99709999999999
1987-01-12,435.10660000000001
1987-01-13,433.2362
1987-01-14,431.38170000000002
1987-01-15,432.49549999999999
1987-01-16,435.10860000000002
1987-01-19,435.23649999999998
1987-01-20,436.35950000000003
1987-01-21,435.98309999999998
1987-01-22,434.60759999999999
1987-01-23,431.75650000000002
1987-01-26,428.45010000000002
1987-01-27,428.57659999999998
1987-01-28,430.16579999999999
1987-01-29,430.78219999999999
1987-01-30,429.44119999999998
1987-02-02,427.62049999999999
1987-02-03,427.26389999999998
1987-02-04,428.35840000000002
1987-02-05,430.43270000000001
1987-02-06,430.55939999999998
1987-02-09,427.76209999999998
1987-02-10,424.04840000000002
1987-02-11,422.75170000000003
1987-02-12,425.25560000000002
1987-02-13,426.3408
1987-02-17,423.5967
1987-02-18,425.15159999999997
1987-02-19,427.67750000000001
1987-02-20,427.8048
1987-02-23,428.8954
1987-02-24,431.45760000000001
1987-02-25,430.60680000000002
1987-02-26,430.73399999999998
1987-02-27,431.83940000000001
1987-03-02,432.94529999999997
1987-03-03,431.59910000000002
1987-03-04,434.18549999999999
1987-03-05,433.8184
1987-03-06,430.5102
1987-03-09,430.14729999999997
1987-03-10,430.2749
1987-03-11,430.40249999999997
1987-03-12,431.01710000000003
1987-03-13,432.61149999999998
1987-03-16,431.26710000000003
1987-03-17,431.88310000000001
1987-03-18,431.52229999999997
1987-03-19,432.13869999999997
1987-03-20,431.28960000000001
1987-03-23,429.95519999999999
1987-03-24,428.63319999999999
1987-03-25,429.24360000000001
1987-03-26,430.33940000000001
1987-03-27,426.6146
1987-03-30,417.3587
1987-03-31,418.86779999999999
1987-04-01,415.3288
1987-04-02,415.00369999999998
1987-04-03,415.58710000000002
1987-04-06,417.99720000000002
1987-04-07,414.47579999999999
1987-04-08,415.51159999999999
1987-04-09,408.47179999999997
1987-04-10,402.93979999999999
1987-04-13,400.07729999999998
1987-04-14,394.34269999999998
1987-04-15,397.79939999999999
1987-04-16,402.1601
1987-04-20,395.12079999999997
1987-04-21,395.66590000000002
1987-04-22,393.31939999999997
1987-04-23,390.59440000000001
1987-04-24,383.54309999999998
1987-04-27,387.62279999999998
1987-04-28,391.37569999999999
1987-04-29,389.08150000000001
1987-04-30,393.6748
1987-05-01,388.12790000000001
1987-05-04,383.11500000000001
1987-05-05,386.39080000000001
1987-05-06,382.20249999999999
1987-05-07,387.04329999999999
1987-05-08,387.97109999999998
1987-05-11,382.18979999999999
1987-05-12,383.87950000000001
1987-05-13,384.40289999999999
1987-05-14,383.75220000000002
1987-05-15,376.57839999999999
1987-05-18,378.22219999999999
1987-05-19,371.61189999999999
1987-05-20,371.37689999999998
1987-05-21,372.98469999999998
1987-05-22,376.09980000000002
1987-05-26,386.21640000000002
1987-05-27,383.99349999999998
1987-05-28,384.51650000000001
1987-05-29,388.19569999999999
1987-06-01,389.12200000000001
1987-06-02,378.70999999999998
1987-06-03,383.06229999999999
1987-06-04,384.36189999999999
1987-06-05,388.43049999999999
1987-06-08,387.76569999999998
1987-06-09,385.9246
1987-06-10,386.45049999999998
1987-06-11,387.76740000000001
1987-06-12,395.54750000000001
1987-06-15,397.3245
1987-06-16,397.04340000000002
1987-06-17,399.25040000000001
1987-06-18,398.13420000000002
1987-06-19,397.02480000000003
1987-06-22,400.0609
1987-06-23,400.19330000000002
1987-06-24,397.82709999999997
1987-06-25,400.875
1987-06-26,396.8467
1987-06-29,397.38850000000002
1987-06-30,396.697
1987-07-01,397.65410000000003
1987-07-02,400.27809999999999
1987-07-06,400.82429999999999
1987-07-07,401.7962
1987-07-08,399.83499999999998
1987-07-09,397.06790000000001
1987-07-10,399.68209999999999
1987-07-13,396.50470000000001
1987-07-14,397.87139999999999
1987-07-15,393.91359999999997
1987-07-16,394.85849999999999
1987-07-17,396.62419999999997
1987-07-20,394.30759999999998
1987-07-21,390.02269999999999
1987-07-22,387.78460000000001
1987-07-23,387.13380000000001
1987-07-24,386.09570000000002
1987-07-27,385.8374
1987-07-28,385.19479999999999
1987-07-29,385.71719999999999
1987-07-30,386.2405
1987-07-31,384.43540000000002
1987-08-03,379.60199999999998
1987-08-04,378.98379999999997
1987-08-05,382.52690000000001
1987-08-06,382.27969999999999
1987-08-07,383.56229999999999
1987-08-10,382.5453
1987-08-11,383.06240000000003
1987-08-12,383.19729999999998
1987-08-13,387.19319999999999
1987-08-14,390.4699
1987-08-17,390.60149999999999
1987-08-18,383.71109999999999
1987-08-19,382.69889999999998
1987-08-20,384.36489999999998
1987-08-21,383.34980000000002
1987-08-24,382.71859999999998
1987-08-25,384.76749999999998
1987-08-26,382.98689999999999
1987-08-27,378.5908
1987-08-28,376.1284
1987-08-31,376.63040000000001
1987-09-01,374.19439999999997
1987-09-02,366.7944
1987-09-03,366.2285
1987-09-04,366.36500000000001
1987-09-08,360.27429999999998
1987-09-09,360.07139999999998
1987-09-10,362.25529999999998
1987-09-11,365.85219999999998
1987-09-14,365.2885
1987-09-15,361.28550000000001
1987-09-16,359.3852
1987-09-17,361.21809999999999
1987-09-18,364.44529999999997
1987-09-21,362.16849999999999
1987-09-22,365.75639999999999
1987-09-23,365.1977
1987-09-24,361.20620000000002
1987-09-25,361.00360000000001
1987-09-28,361.47859999999997
1987-09-29,357.23450000000003
1987-09-30,357.70569999999998
1987-10-01,357.50999999999999
1987-10-02,361.00790000000001
1987-10-05,358.11130000000003
1987-10-06,357.58199999999999
1987-10-07,358.38729999999998
1987-10-08,356.19740000000002
1987-10-09,353.05619999999999
1987-10-12,353.19589999999999
1987-10-13,354.63529999999997
1987-10-14,348.3252
1987-10-15,344.69889999999998
1987-10-16,344.83789999999999
1987-10-19,344.66410000000002
1987-10-20,369.83920000000001
1987-10-21,371.75170000000003
1987-10-22,382.48289999999997
1987-10-23,384.12869999999998
1987-10-26,390.7921
1987-10-27,387.05439999999999
1987-10-28,383.38560000000001
1987-10-29,385.79660000000001
1987-10-30,387.84840000000003
1987-11-02,384.16579999999999
1987-11-03,388.11579999999998
1987-11-04,392.52890000000002
1987-11-05,397.43090000000001
1987-11-06,395.56659999999999
1987-11-09,395.30279999999999
1987-11-10,394.64589999999998
1987-11-11,394.78500000000003
1987-11-12,394.92099999999999
1987-11-13,393.08300000000003
1987-11-16,394.40050000000002
1987-11-17,392.96109999999999
1987-11-18,393.09899999999999
1987-11-19,394.02429999999998
1987-11-20,395.7457
1987-11-23,395.48329999999999
1987-11-24,391.29379999999998
1987-11-25,389.10820000000001
1987-11-27,384.66890000000001
1987-11-30,387.84039999999999
1987-12-01,386.07380000000001
1987-12-02,386.2124
1987-12-03,388.63909999999998
1987-12-04,387.62939999999998
1987-12-07,383.9787
1987-12-08,382.6223
1987-12-09,384.25639999999999
1987-12-10,377.73750000000001
1987-12-11,376.06630000000001
1987-12-14,377.64980000000003
1987-12-15,384.05020000000002
1987-12-16,387.96570000000003
1987-12-17,387.72370000000001
1987-12-18,395.21460000000002
1987-12-21,393.38659999999999
1987-12-22,391.96699999999998
1987-12-23,397.60520000000002
1987-12-24,398.1429
1987-12-28,393.9248
1987-12-29,396.4246
1987-12-30,398.55169999999998
1987-12-31,396.70049999999998
1988-01-04,396.83499999999998
1988-01-05,399.76479999999998
1988-01-06,396.31659999999999
1988-01-07,396.45600000000002
1988-01-08,390.73910000000001
1988-01-11,391.64670000000001
1988-01-12,391.78640000000001
1988-01-13,393.86649999999997
1988-01-14,394.00630000000001
1988-01-15,405.74000000000001
1988-01-18,405.88080000000002
1988-01-19,403.96480000000003
1988-01-20,405.33179999999999
1988-01-21,408.77809999999999
1988-01-22,410.17110000000002
1988-01-25,412.41269999999997
1988-01-26,408.76999999999998
1988-01-27,415.66419999999999
1988-01-28,418.3922
1988-01-29,421.58969999999999
1988-02-01,421.72519999999997
1988-02-02,426.30599999999998
1988-02-03,423.32049999999998
1988-02-04,420.37560000000002
1988-02-05,424.92720000000003
1988-02-08,422.84210000000002
1988-02-09,423.42360000000002
1988-02-10,425.78680000000003
1988-02-11,423.69889999999998
1988-02-12,419.44380000000001
1988-02-16,418.2765
1988-02-17,417.9837
1988-02-18,419.4228
1988-02-19,419.99740000000003
1988-02-22,421.00630000000001
1988-02-23,424.66890000000001
1988-02-24,424.3646
1988-02-25,422.7362
1988-02-26,424.20010000000002
1988-02-29,425.66860000000003
1988-03-01,425.363
1988-03-02,426.8408
1988-03-03,427.42849999999999
1988-03-04,420.48790000000002
1988-03-07,419.75540000000001
1988-03-08,418.1662
1988-03-09,418.30650000000003
1988-03-10,417.58659999999998
1988-03-11,419.88310000000001
1988-03-14,420.02010000000001
1988-03-15,419.72719999999998
1988-03-16,416.85419999999999
1988-03-17,419.57319999999999
1988-03-18,414.57589999999999
1988-03-21,412.6071
1988-03-22,413.1678
1988-03-23,412.05149999999998
1988-03-24,411.77499999999998
1988-03-25,414.01190000000003
1988-03-28,409.55700000000002
1988-03-29,410.52589999999998
1988-03-30,409.83929999999998
1988-03-31,410.39449999999999
1988-04-04,406.42349999999999
1988-04-05,407.38029999999998
1988-04-06,410.39789999999999
1988-04-07,410.9538
1988-04-08,414.43619999999999
1988-04-11,411.22820000000002
1988-04-12,412.61829999999998
1988-04-13,413.59649999999999
1988-04-14,407.93790000000001
1988-04-15,405.64030000000002
1988-04-18,403.36559999999997
1988-04-19,402.3109
1988-04-20,402.45350000000002
1988-04-21,402.59609999999998
1988-04-22,403.9366
1988-04-25,404.07619999999997
1988-04-26,403.8184
1988-04-27,403.56139999999999
1988-04-28,401.3186
1988-04-29,401.46159999999998
1988-05-02,399.24000000000001
1988-05-03,401.34829999999999
1988-05-04,401.0967
1988-05-05,401.63479999999998
1988-05-06,399.41750000000002
1988-05-09,399.55779999999999
1988-05-10,398.91980000000001
1988-05-11,398.28440000000001
1988-05-12,400.38029999999998
1988-05-13,402.89060000000001
1988-05-16,402.23849999999999
1988-05-17,398.8476
1988-05-18,395.51240000000001
1988-05-19,396.0401
1988-05-20,394.27120000000002
1988-05-23,394.03190000000001
1988-05-24,394.93799999999999
1988-05-25,396.23059999999998
1988-05-26,395.99119999999999
1988-05-27,395.75229999999999
1988-05-31,397.04379999999998
1988-06-01,404.22300000000001
1988-06-02,402.78070000000002
1988-06-03,406.50790000000001
1988-06-06,407.05090000000001
1988-06-07,404.791
1988-06-08,408.95269999999999
1988-06-09,407.4787
1988-06-10,408.43040000000002
1988-06-13,409.38209999999998
1988-06-14,418.2088
1988-06-15,417.50940000000003
1988-06-16,411.41739999999999
1988-06-17,405.89240000000001
1988-06-20,407.23540000000003
1988-06-21,406.9785
1988-06-22,413.62849999999997
1988-06-23,415.43119999999999
1988-06-24,416.8279
1988-06-27,413.22750000000002
1988-06-28,416.27379999999999
1988-06-29,415.16860000000003
1988-06-30,417.39909999999998
1988-07-01,418.80500000000001
1988-07-05,417.26260000000002
1988-07-06,413.2527
1988-07-07,412.57600000000002
1988-07-08,408.65359999999998
1988-07-11,410.41250000000002
1988-07-12,408.53629999999998
1988-07-13,405.08659999999998
1988-07-14,405.62849999999997
1988-07-15,406.96780000000001
1988-07-18,403.93740000000003
1988-07-19,405.26710000000003
1988-07-20,404.22800000000001
1988-07-21,403.19490000000002
1988-07-22,405.70420000000001
1988-07-25,407.83679999999998
1988-07-26,406.78539999999998
1988-07-27,404.161
1988-07-28,403.91419999999999
1988-07-29,405.63619999999997
1988-08-01,408.16460000000001
1988-08-02,411.93790000000001
1988-08-03,411.27170000000001
1988-08-04,413.86219999999997
1988-08-05,409.94200000000001
1988-08-08,410.48820000000001
1988-08-09,407.42649999999998
1988-08-10,401.6755
1988-08-11,400.27690000000001
1988-08-12,399.65499999999997
1988-08-15,399.03269999999998
1988-08-16,400.71499999999997
1988-08-17,399.70859999999999
1988-08-18,400.6241
1988-08-19,400.77120000000002
1988-08-22,399.76280000000003
1988-08-23,401.83420000000001
1988-08-24,401.59500000000003
1988-08-25,399.43599999999998
1988-08-26,400.73329999999999
1988-08-29,403.58449999999999
1988-08-30,404.90309999999999
1988-08-31,405.83510000000001
1988-09-01,405.98250000000002
1988-09-02,416.57709999999997
1988-09-06,416.71929999999998
1988-09-07,417.27910000000003
1988-09-08,417.01310000000001
1988-09-09,419.64890000000003
1988-09-12,417.71440000000001
1988-09-13,419.10590000000002
1988-09-14,421.34249999999997
1988-09-15,419.81470000000002
1988-09-16,419.54509999999999
1988-09-19,417.202
1988-09-20,417.762
1988-09-21,419.56740000000002
1988-09-22,418.4692
1988-09-23,418.61680000000001
1988-09-26,417.10950000000003
1988-09-27,416.43579999999997
1988-09-28,414.94869999999997
1988-09-29,417.96409999999997
1988-09-30,422.27229999999997
1988-10-03,423.25880000000001
1988-10-04,422.98489999999998
1988-10-05,422.71159999999998
1988-10-06,423.28059999999999
1988-10-07,430.26569999999998
1988-10-10,430.41489999999999
1988-10-11,428.39389999999997
1988-10-12,425.1191
1988-10-13,425.26710000000003
1988-10-14,427.11959999999999
1988-10-17,428.1216
1988-10-18,428.69959999999998
1988-10-19,427.1309
1988-10-20,429.85759999999999
1988-10-21,428.28140000000002
1988-10-24,426.71409999999997
1988-10-25,426.86239999999998
1988-10-26,427.43779999999998
1988-10-27,431.02949999999998
1988-10-28,432.91969999999998
1988-10-31,435.70209999999997
1988-11-01,434.96679999999998
1988-11-02,432.9196
1988-11-03,435.26220000000001
1988-11-04,428.87459999999999
1988-11-07,426.88220000000001
1988-11-08,426.60579999999999
1988-11-09,425.06060000000002
1988-11-10,426.05500000000001
1988-11-11,426.20580000000001
1988-11-14,425.50369999999998
1988-11-15,425.65289999999999
1988-11-16,422.02710000000002
1988-11-17,420.51850000000002
1988-11-18,421.49560000000002
1988-11-21,422.05700000000002
1988-11-22,421.79140000000001
1988-11-23,422.35640000000001
1988-11-25,419.6103
1988-11-28,420.99239999999998
1988-11-29,421.97000000000003
1988-11-30,424.62079999999997
1988-12-01,426.8766
1988-12-02,420.34039999999999
1988-12-05,422.5532
1988-12-06,430.29140000000001
1988-12-07,429.15649999999999
1988-12-08,429.73379999999997
1988-12-09,429.88369999999998
1988-12-12,431.31799999999998
1988-12-13,429.75099999999998
1988-12-14,426.50229999999999
1988-12-15,426.23129999999998
1988-12-16,427.2251
1988-12-19,427.37220000000002
1988-12-20,431.35649999999998
1988-12-21,431.5068
1988-12-22,432.5188
1988-12-23,433.5342
1988-12-27,431.95089999999999
1988-12-28,429.95749999999998
1988-12-29,430.10809999999998
1988-12-30,430.68599999999998
1989-01-03,427.0095
1989-01-04,427.58179999999999
1989-01-05,426.89019999999999
1989-01-06,428.72919999999999
1989-01-09,429.30099999999999
1989-01-10,429.452
1989-01-11,429.60309999999998
1989-01-12,432.74650000000003
1989-01-13,436.8021
1989-01-16,436.95460000000003
1989-01-17,437.10039999999998
1989-01-18,439.45139999999998
1989-01-19,438.71899999999999
1989-01-20,437.5505
1989-01-23,438.57690000000002
1989-01-24,442.72149999999999
1989-01-25,441.08670000000001
1989-01-26,441.68279999999999
1989-01-27,444.072
1989-01-30,441.08769999999998
1989-01-31,440.79480000000001
1989-02-01,441.39019999999999
1989-02-02,441.98660000000001
1989-02-03,441.24799999999999
1989-02-06,440.9522
1989-02-07,443.33049999999997
1989-02-08,442.58780000000002
1989-02-09,435.25940000000003
1989-02-10,432.82799999999997
1989-02-13,432.54899999999998
1989-02-14,430.99669999999998
1989-02-15,431.57389999999998
1989-02-16,433.00599999999997
1989-02-17,433.58670000000001
1989-02-21,433.73399999999998
1989-02-22,430.90039999999999
1989-02-23,428.94279999999998
1989-02-24,428.67579999999998
1989-02-27,429.24520000000001
1989-02-28,430.66250000000002
1989-03-01,429.12950000000001
1989-03-02,431.39089999999999
1989-03-03,431.54379999999998
1989-03-06,433.39530000000002
1989-03-07,433.54820000000001
1989-03-08,435.41660000000002
1989-03-09,434.70960000000002
1989-03-10,431.45100000000002
1989-03-13,431.60090000000002
1989-03-14,432.60239999999999
1989-03-15,432.75580000000002
1989-03-16,433.3347
1989-03-17,425.92959999999999
1989-03-20,425.6678
1989-03-21,426.23419999999999
1989-03-22,428.46170000000001
1989-03-23,429.45080000000002
1989-03-27,429.59969999999998
1989-03-28,431.01280000000003
1989-03-29,433.28070000000002
1989-03-30,433.85989999999998
1989-03-31,435.29480000000001
1989-04-03,437.16460000000001
1989-04-04,439.05079999999998
1989-04-05,439.63979999999998
1989-04-06,438.92329999999998
1989-04-07,436.05340000000001
1989-04-10,436.6336
1989-04-11,436.7878
1989-04-12,436.51209999999998
1989-04-13,434.95359999999999
1989-04-14,439.84379999999999
1989-04-17,439.12529999999998
1989-04-18,444.53890000000001
1989-04-19,443.80700000000002
1989-04-20,440.8836
1989-04-21,442.79079999999999
1989-04-24,442.94159999999999
1989-04-25,443.97789999999998
1989-04-26,444.57459999999998
1989-04-27,446.5068
1989-04-28,447.1078
1989-05-01,443.2627
1989-05-02,445.62729999999999
1989-05-03,445.78190000000001
1989-05-04,444.16430000000003
1989-05-05,446.09070000000003
1989-05-08,444.46850000000001
1989-05-09,440.6771
1989-05-10,439.09899999999999
1989-05-11,441.42189999999999
1989-05-12,451.79390000000001
1989-05-15,451.49079999999998
1989-05-16,452.09980000000002
1989-05-17,453.62279999999998
1989-05-18,455.15390000000002
1989-05-19,458.08449999999999
1989-05-22,463.87970000000001
1989-05-23,463.08300000000003
1989-05-24,462.76310000000001
1989-05-25,461.49930000000001
1989-05-26,463.07190000000003
1989-05-30,463.22089999999997
1989-05-31,464.8023
1989-06-01,464.48009999999999
1989-06-02,470.89800000000002
1989-06-05,473.00889999999998
1989-06-06,474.6438
1989-06-07,478.28579999999999
1989-06-08,479.94999999999999
1989-06-09,488.29820000000001
1989-06-12,489.49160000000001
1989-06-13,485.48820000000001
1989-06-14,487.7106
1989-06-15,481.18610000000001
1989-06-16,480.8338
1989-06-19,479.47000000000003
1989-06-20,482.65969999999999
1989-06-21,480.27859999999998
1989-06-22,479.9289
1989-06-23,487.22179999999997
1989-06-26,489.4495
1989-06-27,493.80700000000002
1989-06-28,491.3218
1989-06-29,493.58370000000002
1989-06-30,495.86270000000002
1989-07-03,494.9468
1989-07-05,491.39879999999999
1989-07-06,493.65940000000001
1989-07-07,497.00420000000003
1989-07-10,498.22669999999999
1989-07-11,497.30720000000002
1989-07-12,497.46129999999999
1989-07-13,497.07999999999998
1989-07-14,495.10160000000002
1989-07-17,494.19170000000003
1989-07-18,491.18799999999999
1989-07-19,492.9162
1989-07-20,495.18360000000001
1989-07-21,492.17099999999999
1989-07-24,493.37279999999998
1989-07-25,494.5831
1989-07-26,495.26729999999998
1989-07-27,499.6936
1989-07-28,502.01060000000001
1989-07-31,505.98579999999998
1989-08-01,511.13639999999998
1989-08-02,510.73000000000002
1989-08-03,507.54259999999999
1989-08-04,497.89080000000001
1989-08-07,498.04160000000002
1989-08-08,498.19650000000001
1989-08-09,496.22000000000003
1989-08-10,498.50560000000002
1989-08-11,495.99700000000001
1989-08-14,490.89319999999998
1989-08-15,493.13639999999998
1989-08-16,496.45400000000001
1989-08-17,495.02199999999999
1989-08-18,495.7056
1989-08-21,494.2747
1989-08-22,490.77120000000002
1989-08-23,494.05759999999998
1989-08-24,495.79329999999999
1989-08-25,494.89400000000001
1989-08-28,492.42430000000002
1989-08-29,493.62549999999999
1989-08-30,494.30590000000001
1989-08-31,493.93740000000003
1989-09-01,497.78519999999997
1989-09-05,497.93490000000003
1989-09-06,499.69
1989-09-07,499.846
1989-09-08,502.1497
1989-09-11,502.3014
1989-09-12,501.38010000000003
1989-09-13,498.32709999999997
1989-09-14,500.08229999999998
1989-09-15,502.38529999999997
1989-09-18,501.99860000000001
1989-09-19,502.15480000000002
1989-09-20,499.09719999999999
1989-09-21,497.13150000000002
1989-09-22,496.7602
1989-09-25,491.68220000000002
1989-09-26,494.4391
1989-09-27,494.59609999999998
1989-09-28,494.75310000000002
1989-09-29,495.43389999999999
1989-10-02,496.63740000000001
1989-10-03,498.37819999999999
1989-10-04,500.12860000000001
1989-10-05,504.03930000000003
1989-10-06,508.54989999999998
1989-10-09,508.70859999999999
1989-10-10,508.85879999999997
1989-10-11,506.8254
1989-10-12,508.62240000000003
1989-10-13,516.55550000000005
1989-10-16,511.11559999999997
1989-10-17,509.61680000000001
1989-10-18,508.67509999999999
1989-10-19,512.13879999999995
1989-10-20,511.74119999999999
1989-10-23,514.1173
1989-10-24,518.20749999999998
1989-10-25,517.79809999999998
1989-10-26,517.38980000000004
1989-10-27,514.17729999999995
1989-10-30,515.4479
1989-10-31,516.16579999999999
1989-11-01,518.01210000000003
1989-11-02,518.73469999999998
1989-11-03,516.63369999999998
1989-11-06,513.98779999999999
1989-11-07,519.19640000000004
1989-11-08,519.35339999999997
1989-11-09,517.81359999999995
1989-11-10,518.53520000000003
1989-11-13,519.25369999999998
1989-11-14,518.84479999999996
1989-11-15,520.70330000000001
1989-11-16,520.8605
1989-11-17,517.05740000000003
1989-11-20,518.33579999999995
1989-11-21,519.05769999999995
1989-11-22,520.91560000000004
1989-11-24,521.07079999999996
1989-11-27,518.95600000000002
1989-11-28,519.67880000000002
1989-11-29,518.70659999999998
1989-11-30,520.56050000000005
1989-12-01,521.85500000000002
1989-12-04,522.00819999999999
1989-12-05,522.16589999999997
1989-12-06,520.61779999999999
1989-12-07,519.64380000000006
1989-12-08,522.63869999999997
1989-12-11,522.22199999999998
1989-12-12,521.81079999999997
1989-12-13,523.10829999999999
1989-12-14,524.98429999999996
1989-12-15,524.56799999999998
1989-12-18,526.44730000000004
1989-12-19,525.45259999999996
1989-12-20,526.18640000000005
1989-12-21,525.19349999999997
1989-12-22,524.20479999999998
1989-12-26,517.56050000000005
1989-12-27,518.83950000000004
1989-12-28,519.56029999999998
1989-12-29,519.1567
1990-01-02,518.18730000000005
1990-01-03,516.11469999999997
1990-01-04,516.27380000000005
1990-01-05,515.32330000000002
1990-01-08,513.82119999999998
1990-01-09,513.43029999999999
1990-01-10,513.04049999999995
1990-01-11,513.20000000000005
1990-01-12,510.08199999999999
1990-01-15,510.24400000000003
1990-01-16,506.08260000000001
1990-01-17,506.24279999999999
1990-01-18,501.09739999999999
1990-01-19,504.42529999999999
1990-01-22,503.52069999999998
1990-01-23,504.74220000000003
1990-01-24,498.58749999999998
1990-01-25,496.16030000000001
1990-01-26,491.72070000000002
1990-01-29,492.38529999999997
1990-01-30,492.03960000000001
1990-01-31,496.7987
1990-02-01,497.99340000000001
1990-02-02,494.55110000000002
1990-02-05,493.68799999999999
1990-02-06,491.31299999999999
1990-02-07,491.9803
1990-02-08,495.7054
1990-02-09,503.13380000000001
1990-02-12,499.62540000000001
1990-02-13,501.87419999999997
1990-02-14,500.98930000000001
1990-02-15,498.03309999999999
1990-02-16,498.71199999999999
1990-02-20,488.6875
1990-02-21,488.8501
1990-02-22,494.0446
1990-02-23,494.20699999999999
1990-02-26,497.94749999999999
1990-02-27,500.17930000000001
1990-02-28,495.69999999999999
1990-03-01,492.30590000000001
1990-03-02,495.51170000000002
1990-03-05,490.10730000000001
1990-03-06,493.79259999999999
1990-03-07,494.46280000000002
1990-03-08,495.64359999999999
1990-03-09,492.25639999999999
1990-03-12,492.91969999999998
1990-03-13,488.07729999999998
1990-03-14,493.74340000000001
1990-03-15,492.89620000000002
1990-03-16,497.12150000000003
1990-03-19,497.79320000000001
1990-03-20,501.57029999999997
1990-03-21,501.73320000000001
1990-03-22,500.85719999999998
1990-03-23,501.5394
1990-03-26,502.21859999999998
1990-03-27,501.86130000000003
1990-03-28,502.54500000000002
1990-03-29,497.0283
1990-03-30,494.64929999999998
1990-04-02,494.8091
1990-04-03,495.98719999999997
1990-04-04,500.76089999999999
1990-04-05,500.92450000000002
1990-04-06,501.08819999999997
1990-04-09,499.69940000000003
1990-04-10,498.8356
1990-04-11,498.48700000000002
1990-04-12,497.62849999999997
1990-04-16,495.75189999999998
1990-04-17,490.89100000000002
1990-04-18,485.63229999999999
1990-04-19,485.31
1990-04-20,482.08569999999997
1990-04-23,480.80799999999999
1990-04-24,480.0181
1990-04-25,480.18360000000001
1990-04-26,477.5009
1990-04-27,477.66680000000002
1990-04-30,479.7242
1990-05-01,477.99299999999999
1990-05-02,477.68680000000001
1990-05-03,480.69810000000001
1990-05-04,488.60140000000001
1990-05-07,487.7817
1990-05-08,489.9135
1990-05-09,485.66930000000002
1990-05-10,490.23970000000003
1990-05-11,498.92399999999998
1990-05-14,502.16059999999999
1990-05-15,500.26920000000001
1990-05-16,499.41180000000003
1990-05-17,499.06709999999998
1990-05-18,496.69490000000002
1990-05-21,497.36219999999997
1990-05-22,501.60509999999999
1990-05-23,502.80029999999999
1990-05-24,502.45010000000002
1990-05-25,499.0299
1990-05-29,500.7199
1990-05-30,502.93970000000002
1990-05-31,504.13869999999997
1990-06-01,512.17219999999998
1990-06-04,512.33330000000001
1990-06-05,510.90359999999998
1990-06-06,512.13120000000004
1990-06-07,512.82939999999996
1990-06-08,512.46180000000004
1990-06-11,512.09090000000003
1990-06-12,512.25649999999996
1990-06-13,515.63070000000005
1990-06-14,517.4153
1990-06-15,513.8125
1990-06-18,511.84309999999999
1990-06-19,511.4787
1990-06-20,509.5324
1990-06-21,510.7525
1990-06-22,511.44729999999998
1990-06-25,507.92559999999997
1990-06-26,509.66390000000001
1990-06-27,511.94040000000001
1990-06-28,514.23339999999996
1990-06-29,516.54319999999996
1990-07-02,516.70510000000002
1990-07-03,517.41020000000003
1990-07-05,516.49680000000001
1990-07-06,511.86000000000001
1990-07-09,509.91419999999999
1990-07-10,509.55630000000002
1990-07-11,509.72320000000002
1990-07-12,513.05280000000005
1990-07-13,515.34910000000002
1990-07-16,515.51160000000004
1990-07-17,515.67830000000004
1990-07-18,511.06610000000001
1990-07-19,510.70749999999998
1990-07-20,511.9273
1990-07-23,512.09040000000005
1990-07-24,509.63010000000003
1990-07-25,511.89659999999998
1990-07-26,512.5915
1990-07-27,515.94470000000001
1990-07-30,520.41229999999996
1990-07-31,519.49570000000006
1990-08-01,522.92470000000003
1990-08-02,517.66600000000005
1990-08-03,513.03620000000001
1990-08-06,499.25749999999999
1990-08-07,497.42270000000002
1990-08-08,497.09289999999999
1990-08-09,503.30099999999999
1990-08-10,501.43810000000002
1990-08-13,499.58580000000001
1990-08-14,502.27719999999999
1990-08-15,503.4622
1990-08-16,496.08679999999998
1990-08-17,494.77300000000002
1990-08-20,495.92619999999999
1990-08-21,495.10730000000001
1990-08-22,490.86950000000002
1990-08-23,487.18079999999998
1990-08-24,484.49279999999999
1990-08-27,491.85320000000002
1990-08-28,489.59879999999998
1990-08-29,495.61840000000001
1990-08-30,494.3116
1990-08-31,493.99110000000002
1990-09-04,492.2011
1990-09-05,494.81540000000001
1990-09-06,495.97000000000003
1990-09-07,498.12020000000001
1990-09-10,495.31830000000002
1990-09-11,496.47399999999999
1990-09-12,496.64429999999999
1990-09-13,496.81459999999998
1990-09-14,494.52420000000001
1990-09-17,492.2516
1990-09-18,492.90839999999997
1990-09-19,494.54289999999997
1990-09-20,493.24880000000002
1990-09-21,489.54919999999998
1990-09-24,487.32560000000001
1990-09-25,488.92860000000002
1990-09-26,489.57909999999998
1990-09-27,494.10090000000002
1990-09-28,498.69540000000001
1990-10-01,504.87470000000002
1990-10-02,505.04539999999997
1990-10-03,504.70909999999998
1990-10-04,506.91320000000002
1990-10-05,508.10669999999999
1990-10-08,508.27940000000001
1990-10-09,498.8544
1990-10-10,496.55919999999998
1990-10-11,494.28550000000001
1990-10-12,499.36559999999997
1990-10-15,501.02460000000002
1990-10-16,501.69529999999997
1990-10-17,504.37639999999999
1990-10-18,506.5729
1990-10-19,511.87180000000001
1990-10-22,511.52109999999999
1990-10-23,510.14420000000001
1990-10-24,510.31560000000002
1990-10-25,513.07169999999996
1990-10-26,512.20519999999999
1990-10-29,508.25619999999998
1990-10-30,508.93889999999999
1990-10-31,511.6798
1990-11-01,516.01199999999994
1990-11-02,516.18340000000001
1990-11-05,520.04489999999998
1990-11-06,519.68489999999997
1990-11-07,516.16200000000003
1990-11-08,515.28700000000003
1990-11-09,520.72699999999998
1990-11-12,520.90049999999997
1990-11-13,526.97860000000003
1990-11-14,527.69410000000005
1990-11-15,526.77710000000002
1990-11-16,530.77300000000002
1990-11-19,528.19899999999996
1990-11-20,530.55989999999997
1990-11-21,532.38480000000004
1990-11-23,532.55380000000002
1990-11-26,533.82920000000001
1990-11-27,532.89120000000003
1990-11-28,531.95709999999997
1990-11-29,531.57730000000004
1990-11-30,535.62800000000004
1990-12-03,538.03610000000003
1990-12-04,537.64499999999998
1990-12-05,540.63800000000003
1990-12-06,539.11109999999996
1990-12-07,548.43809999999996
1990-12-10,551.52760000000001
1990-12-11,554.05820000000006
1990-12-12,556.01139999999998
1990-12-13,552.03290000000004
1990-12-14,548.69110000000001
1990-12-17,550.02340000000004
1990-12-18,551.95190000000002
1990-12-19,549.77949999999998
1990-12-20,548.20460000000003
1990-12-21,544.91179999999997
1990-12-24,540.51930000000004
1990-12-26,544.09860000000003
1990-12-27,547.14290000000005
1990-12-28,543.86609999999996
1990-12-31,546.90219999999999
1991-01-02,554.06730000000005
1991-01-03,556.01499999999999
1991-01-04,550.87980000000005
1991-01-07,544.10910000000001
1991-01-08,541.43830000000003
1991-01-09,536.55730000000005
1991-01-10,541.77639999999997
1991-01-11,540.81849999999997
1991-01-14,539.86030000000005
1991-01-15,540.03300000000002
1991-01-16,540.76859999999999
1991-01-17,553.57830000000001
1991-01-18,554.33879999999999
1991-01-21,554.51310000000001
1991-01-22,551.15949999999998
1991-01-23,552.49969999999996
1991-01-24,554.4325
1991-01-25,551.08960000000002
1991-01-28,551.84029999999996
1991-01-29,553.76819999999998
1991-01-30,552.18370000000004
1991-01-31,553.52629999999999
1991-02-01,560.80920000000003
1991-02-04,563.38630000000001
1991-02-05,565.37860000000001
1991-02-06,565.55050000000006
1991-02-07,566.33209999999997
1991-02-08,570.18610000000001
1991-02-11,569.11959999999999
1991-02-12,569.9076
1991-02-13,569.46310000000005
1991-02-14,568.40530000000001
1991-02-15,569.80709999999999
1991-02-19,568.74149999999997
1991-02-20,567.07619999999997
1991-02-21,566.02930000000003
1991-02-22,564.38099999999997
1991-02-25,565.76139999999998
1991-02-26,560.50739999999996
1991-02-27,560.08360000000005
1991-02-28,557.87950000000001
1991-03-01,552.76610000000005
1991-03-04,552.35379999999998
1991-03-05,554.86000000000001
1991-03-06,552.69880000000001
1991-03-07,556.37950000000001
1991-03-08,552.45950000000005
1991-03-11,556.71839999999997
1991-03-12,555.13070000000005
1991-03-13,558.83590000000004
1991-03-14,559.00969999999995
1991-03-15,553.30790000000002
1991-03-18,551.15940000000001
1991-03-19,546.74680000000001
1991-03-20,549.77779999999996
1991-03-21,551.68010000000004
1991-03-22,552.43309999999997
1991-03-25,553.18280000000004
1991-03-26,553.9384
1991-03-27,557.03409999999997
1991-03-28,558.38559999999995
1991-04-01,557.96379999999999
1991-04-02,559.90980000000002
1991-04-03,558.90129999999999
1991-04-04,562.04089999999997
1991-04-05,562.81219999999996
1991-04-08,564.17939999999999
1991-04-09,561.9615
1991-04-10,557.99120000000005
1991-04-11,558.1662
1991-04-12,564.87239999999997
1991-04-15,567.45410000000004
1991-04-16,567.02340000000004
1991-04-17,568.40959999999995
1991-04-18,564.35910000000001
1991-04-19,560.95690000000002
1991-04-22,557.59029999999996
1991-04-23,558.93970000000002
1991-04-24,562.66399999999999
1991-04-25,561.65049999999997
1991-04-26,563.0145
1991-04-29,562.58989999999994
1991-04-30,564.55439999999999
1991-05-01,565.92870000000005
1991-05-02,568.51599999999996
1991-05-03,563.87860000000001
1991-05-06,563.45330000000001
1991-05-07,563.03380000000004
1991-05-08,563.20950000000005
1991-05-09,565.1748
1991-05-10,558.24159999999995
1991-05-13,561.94219999999996
1991-05-14,556.83079999999995
1991-05-15,558.17359999999996
1991-05-16,558.93510000000003
1991-05-17,562.05330000000004
1991-05-20,561.04380000000003
1991-05-21,563.58659999999998
1991-05-22,562.57640000000004
1991-05-23,560.98080000000004
1991-05-24,561.15740000000005
1991-05-28,563.0992
1991-05-29,562.68359999999996
1991-05-30,567.02769999999998
1991-05-31,564.81259999999997
1991-06-03,560.25289999999995
1991-06-04,560.42989999999998
1991-06-05,557.68510000000003
1991-06-06,556.1223
1991-06-07,552.84709999999995
1991-06-10,553.0204
1991-06-11,553.19809999999995
1991-06-12,549.39279999999997
1991-06-13,550.70309999999995
1991-06-14,554.30309999999997
1991-06-17,553.33040000000005
1991-06-18,551.79669999999999
1991-06-19,551.97500000000002
1991-06-20,554.43780000000004
1991-06-21,552.89930000000004
1991-06-24,553.07320000000004
1991-06-25,553.25160000000005
1991-06-26,553.42999999999995
1991-06-27,554.75279999999998
1991-06-28,558.96979999999996
1991-07-01,557.98289999999997
1991-07-02,558.16120000000001
1991-07-03,559.50059999999996
1991-07-05,555.62800000000004
1991-07-08,554.65539999999999
1991-07-09,553.69140000000004
1991-07-10,553.87040000000002
1991-07-11,557.49059999999997
1991-07-12,559.40570000000002
1991-07-15,559.58000000000004
1991-07-16,558.59889999999996
1991-07-17,557.04560000000004
1991-07-18,556.64930000000004
1991-07-19,557.98040000000003
1991-07-22,558.15499999999997
1991-07-23,557.18129999999996
1991-07-24,561.99590000000001
1991-07-25,564.52059999999994
1991-07-26,564.11109999999996
1991-07-29,564.28560000000004
1991-07-30,564.46469999999999
1991-07-31,566.41380000000004
1991-08-01,565.41089999999997
1991-08-02,573.34559999999999
1991-08-05,574.12509999999997
1991-08-06,577.96040000000005
1991-08-07,578.75300000000004
1991-08-08,575.87049999999999
1991-08-09,575.44069999999999
1991-08-12,576.83339999999998
1991-08-13,579.46349999999995
1991-08-14,585.22609999999997
1991-08-15,584.77850000000001
1991-08-16,584.95699999999999
1991-08-19,583.88139999999999
1991-08-20,585.30930000000001
1991-08-21,586.74239999999998
1991-08-22,588.1807
1991-08-23,583.34320000000002
1991-08-26,582.2758
1991-08-27,583.07510000000002
1991-08-28,588.25699999999995
1991-08-29,592.87919999999997
1991-08-30,588.60670000000005
1991-09-03,589.40999999999997
1991-09-04,588.95680000000004
1991-09-05,587.24580000000003
1991-09-06,591.84900000000005
1991-09-09,593.29909999999995
1991-09-10,592.83889999999997
1991-09-11,592.37980000000005
1991-09-12,596.40409999999997
1991-09-13,597.2287
1991-09-16,598.69799999999998
1991-09-17,599.52679999999998
1991-09-18,599.7056
1991-09-19,599.88440000000003
1991-09-20,602.02210000000002
1991-09-23,602.85170000000005
1991-09-24,602.37429999999995
1991-09-25,601.2441
1991-09-26,602.73199999999997
1991-09-27,606.86800000000005
1991-09-30,607.70619999999997
1991-10-01,608.55100000000004
1991-10-02,607.39800000000002
1991-10-03,606.91279999999995
1991-10-04,610.4239
1991-10-07,610.59739999999999
1991-10-08,608.77020000000005
1991-10-09,602.99630000000002
1991-10-10,598.61779999999999
1991-10-11,604.00530000000003
1991-10-14,604.18740000000003
1991-10-15,606.33540000000005
1991-10-16,605.85440000000006
1991-10-17,598.197
1991-10-18,600.31669999999997
1991-10-21,594.69820000000004
1991-10-22,592.33680000000004
1991-10-23,593.15099999999995
1991-10-24,597.15800000000002
1991-10-25,596.05669999999998
1991-10-28,597.51400000000001
1991-10-29,605.48440000000005
1991-10-30,606.3229
1991-10-31,605.84429999999998
1991-11-01,604.71040000000005
1991-11-04,603.57629999999995
1991-11-05,599.2106
1991-11-06,600.03679999999997
1991-11-07,606.07929999999999
1991-11-08,608.90049999999997
1991-11-11,609.08339999999998
1991-11-12,614.60090000000002
1991-11-13,609.42539999999997
1991-11-14,613.60979999999995
1991-11-15,612.44860000000006
1991-11-18,612.62369999999999
1991-11-19,608.8075
1991-11-20,607.66669999999999
1991-11-21,605.21860000000004
1991-11-22,603.44100000000003
1991-11-25,603.6173
1991-11-26,606.41229999999996
1991-11-27,605.28290000000004
1991-11-29,607.42909999999995
1991-12-02,608.92370000000005
1991-12-03,610.42899999999997
1991-12-04,614.61329999999998
1991-12-05,613.45299999999997
1991-12-06,619.02650000000006
1991-12-09,619.20190000000002
1991-12-10,618.70280000000002
1991-12-11,617.52769999999998
1991-12-12,620.42510000000004
1991-12-13,619.24369999999999
1991-12-16,620.78139999999996
1991-12-17,622.33010000000002
1991-12-18,621.82600000000002
1991-12-19,627.5213
1991-12-20,634.0127
1991-12-23,638.46079999999995
1991-12-24,638.64070000000004
1991-12-26,640.25530000000003
1991-12-27,639.71529999999996
1991-12-30,644.95630000000006
1991-12-31,648.06550000000004
1992-01-02,644.57899999999995
1992-01-03,643.30409999999995
1992-01-06,646.39239999999995
1992-01-07,650.24869999999999
1992-01-08,648.95140000000004
1992-01-09,648.39480000000003
1992-01-10,644.91309999999999
1992-01-13,643.63340000000005
1992-01-14,640.20180000000005
1992-01-15,638.23249999999996
1992-01-16,632.73889999999994
1992-01-17,635.74289999999996
1992-01-20,635.92669999999998
1992-01-21,638.94650000000001
1992-01-22,635.56759999999997
1992-01-23,629.42560000000003
1992-01-24,629.60739999999998
1992-01-27,629.78369999999995
1992-01-28,633.46180000000004
1992-01-29,627.36360000000002
1992-01-30,624.79139999999995
1992-01-31,626.34770000000003
1992-02-03,623.09630000000004
1992-02-04,627.39319999999998
1992-02-05,628.9588
1992-02-06,628.44830000000002
1992-02-07,627.24869999999999
1992-02-10,626.04899999999998
1992-02-11,626.23170000000005
1992-02-12,625.04219999999998
1992-02-13,617.76459999999997
1992-02-14,618.61900000000003
1992-02-18,614.78480000000002
1992-02-19,617.6345
1992-02-20,619.15959999999995
1992-02-21,616.66300000000001
1992-02-24,615.50919999999996
1992-02-25,617.69320000000005
1992-02-26,623.9461
1992-02-27,623.44899999999996
1992-02-28,627.73429999999996
1992-03-02,621.08939999999996
1992-03-03,619.25340000000006
1992-03-04,621.45659999999998
1992-03-05,618.27800000000002
1992-03-06,619.80269999999996
1992-03-09,623.35580000000004
1992-03-10,622.86159999999995
1992-03-11,618.33169999999996
1992-03-12,613.20519999999999
1992-03-13,612.07560000000001
1992-03-16,611.6001
1992-03-17,615.07410000000004
1992-03-18,615.9212
1992-03-19,618.10029999999995
1992-03-20,613.64390000000003
1992-03-23,614.4828
1992-03-24,621.32299999999998
1992-03-25,621.50779999999997
1992-03-26,618.34180000000003
1992-03-27,621.87530000000004
1992-03-30,621.38210000000004
1992-03-31,620.89530000000002
1992-04-01,625.12909999999999
1992-04-02,623.95759999999996
1992-04-03,626.85990000000004
1992-04-06,627.0394
1992-04-07,625.8614
1992-04-08,623.33529999999996
1992-04-09,629.64419999999996
1992-04-10,627.08960000000002
1992-04-13,629.3211
1992-04-14,628.13589999999999
1992-04-15,629.00549999999998
1992-04-16,625.1001
1992-04-20,619.22770000000003
1992-04-21,618.74839999999995
1992-04-22,618.27030000000002
1992-04-23,617.13139999999999
1992-04-24,617.31769999999995
1992-04-27,614.86199999999997
1992-04-28,617.68420000000003
1992-04-29,616.54920000000004
1992-04-30,618.05719999999997
1992-05-01,621.56979999999999
1992-05-04,620.41539999999998
1992-05-05,621.93740000000003
1992-05-06,624.8107
1992-05-07,622.97789999999998
1992-05-08,629.93409999999994
1992-05-11,630.11479999999995
1992-05-12,633.04949999999997
1992-05-13,633.92639999999994
1992-05-14,632.73099999999999
1992-05-15,637.0752
1992-05-18,636.55849999999998
1992-05-19,640.24270000000001
1992-05-20,639.02350000000001
1992-05-21,634.33169999999996
1992-05-22,636.59860000000003
1992-05-26,630.56209999999999
1992-05-27,631.43340000000001
1992-05-28,634.37170000000003
1992-05-29,636.63710000000003
1992-06-01,632.66759999999999
1992-06-02,634.9221
1992-06-03,634.41769999999997
1992-06-04,634.60450000000003
1992-06-05,637.56399999999996
1992-06-08,637.74519999999995
1992-06-09,635.15530000000001
1992-06-10,633.96199999999999
1992-06-11,635.52919999999995
1992-06-12,637.79690000000005
1992-06-15,637.97839999999997
1992-06-16,638.8623
1992-06-17,640.44730000000004
1992-06-18,642.03819999999996
1992-06-19,640.11950000000002
1992-06-22,639.6019
1992-06-23,639.09109999999998
1992-06-24,640.67570000000001
1992-06-25,644.38030000000003
1992-06-26,643.86030000000005
1992-06-29,644.74890000000005
1992-06-30,644.2287
1992-07-01,646.54169999999999
1992-07-02,656.08090000000004
1992-07-06,656.98940000000005
1992-07-07,657.90809999999999
1992-07-08,658.09450000000004
1992-07-09,658.28089999999997
1992-07-10,656.27200000000005
1992-07-13,654.27020000000005
1992-07-14,653.00890000000004
1992-07-15,656.82560000000001
1992-07-16,658.47529999999995
1992-07-17,654.28570000000002
1992-07-20,655.91920000000005
1992-07-21,655.37909999999999
1992-07-22,659.21540000000005
1992-07-23,665.31719999999996
1992-07-24,663.27110000000005
1992-07-27,666.43029999999999
1992-07-28,673.40430000000003
1992-07-29,674.35320000000002
1992-07-30,672.25390000000004
1992-07-31,672.4402
1992-08-03,672.62059999999997
1992-08-04,675.09249999999997
1992-08-05,675.27869999999996
1992-08-06,673.93799999999999
1992-08-07,677.95140000000004
1992-08-10,680.44759999999997
1992-08-11,683.74429999999995
1992-08-12,683.93010000000004
1992-08-13,681.77739999999994
1992-08-14,684.30110000000002
1992-08-17,681.36400000000003
1992-08-18,684.66499999999996
1992-08-19,684.85109999999997
1992-08-20,685.82050000000004
1992-08-21,682.87990000000002
1992-08-24,676.87860000000001
1992-08-25,674.77390000000003
1992-08-26,678.01790000000005
1992-08-27,678.97329999999999
1992-08-28,679.16020000000003
1992-08-31,679.34109999999998
1992-09-01,682.61950000000002
1992-09-02,683.58360000000005
1992-09-03,683.77030000000002
1992-09-04,690.23099999999999
1992-09-08,695.18380000000002
1992-09-09,693.76940000000002
1992-09-10,694.75480000000005
1992-09-11,690.1644
1992-09-14,693.51959999999997
1992-09-15,688.15830000000005
1992-09-16,686.77520000000004
1992-09-17,687.74630000000002
1992-09-18,689.50649999999996
1992-09-21,687.32780000000002
1992-09-22,679.74519999999995
1992-09-23,677.63400000000001
1992-09-24,682.43039999999996
1992-09-25,688.06690000000003
1992-09-28,689.03359999999998
1992-09-29,687.65049999999997
1992-09-30,686.27340000000004
1992-10-01,692.75160000000005
1992-10-02,690.56399999999996
1992-10-05,689.95680000000004
1992-10-06,684.6653
1992-10-07,679.45039999999995
1992-10-08,681.94290000000001
1992-10-09,676.76909999999998
1992-10-12,676.96079999999995
1992-10-13,676.38099999999997
1992-10-14,678.85320000000002
1992-10-15,678.27880000000005
1992-10-16,676.18610000000001
1992-10-19,674.10090000000002
1992-10-20,668.30259999999998
1992-10-21,669.97910000000002
1992-10-22,671.66179999999997
1992-10-23,668.86860000000001
1992-10-26,668.31079999999997
1992-10-27,671.47680000000003
1992-10-28,670.17430000000002
1992-10-29,673.35379999999998
1992-10-30,671.29690000000005
1992-11-02,669.24720000000002
1992-11-03,670.18050000000005
1992-11-04,667.40509999999995
1992-11-05,667.59559999999999
1992-11-06,662.64829999999995
1992-11-09,663.56280000000004
1992-11-10,668.89689999999996
1992-11-11,669.09050000000002
1992-11-12,677.5077
1992-11-13,677.69780000000003
1992-11-16,678.64049999999997
1992-11-17,679.59079999999994
1992-11-18,682.83669999999995
1992-11-19,680.73000000000002
1992-11-20,680.92020000000002
1992-11-23,679.58040000000005
1992-11-24,682.05840000000001
1992-11-25,681.48400000000004
1992-11-27,677.86839999999995
1992-11-30,678.05319999999995
1992-12-01,679.76009999999997
1992-12-02,679.95069999999998
1992-12-03,680.14139999999998
1992-12-04,685.68859999999995
1992-12-07,689.74739999999997
1992-12-08,690.71770000000004
1992-12-09,690.90769999999998
1992-12-10,692.66369999999995
1992-12-11,691.2867
1992-12-14,690.68960000000004
1992-12-15,690.87990000000002
1992-12-16,691.85170000000005
1992-12-17,692.82529999999997
1992-12-18,693.01559999999995
1992-12-21,697.1404
1992-12-22,700.51310000000001
1992-12-23,699.10680000000002
1992-12-24,699.29690000000005
1992-12-28,696.30250000000001
1992-12-29,698.87049999999999
1992-12-30,697.47270000000003
1992-12-31,696.87130000000002
1993-01-04,702.62480000000005
1993-01-05,702.81479999999999
1993-01-06,702.2029
1993-01-07,693.66480000000001
1993-01-08,692.29089999999997
1993-01-11,692.476
1993-01-12,691.88679999999999
1993-01-13,694.42349999999999
1993-01-14,697.76469999999995
1993-01-15,702.72910000000002
1993-01-18,702.92290000000003
1993-01-19,706.32150000000001
1993-01-20,705.70450000000005
1993-01-21,706.70249999999999
1993-01-22,707.70249999999999
1993-01-25,714.41819999999996
1993-01-26,711.32339999999999
1993-01-27,712.33209999999997
1993-01-28,714.16449999999998
1993-01-29,716.00390000000004
1993-02-01,716.18759999999997
1993-02-02,713.08190000000002
1993-02-03,714.91610000000003
1993-02-04,718.41449999999998
1993-02-05,720.26969999999994
1993-02-08,719.61929999999995
1993-02-09,718.14610000000005
1993-02-10,713.38379999999995
1993-02-11,722.68499999999995
1993-02-12,724.55619999999999
1993-02-16,723.89440000000002
1993-02-17,726.61490000000003
1993-02-18,734.48789999999997
1993-02-19,735.54089999999997
1993-02-22,740.94190000000003
1993-02-23,751.76189999999997
1993-02-24,747.47640000000001
1993-02-25,746.77599999999995
1993-02-26,746.07740000000001
1993-03-01,752.50350000000003
1993-03-02,751.79269999999997
1993-03-03,757.39940000000001
1993-03-04,762.15750000000003
1993-03-05,759.5933
1993-03-08,763.44410000000005
1993-03-09,762.71019999999999
1993-03-10,761.06029999999998
1993-03-11,761.24810000000002
1993-03-12,751.45209999999997
1993-03-15,747.17489999999998
1993-03-16,750.92399999999998
1993-03-17,752.00810000000001
1993-03-18,757.60649999999998
1993-03-19,756.88750000000005
1993-03-22,757.06889999999999
1993-03-23,760.89819999999997
1993-03-24,757.44090000000006
1993-03-25,755.8184
1993-03-26,746.16830000000004
1993-03-29,749.89620000000002
1993-03-30,749.19569999999999
1993-03-31,747.61040000000003
1993-04-01,744.27110000000005
1993-04-02,736.62139999999999
1993-04-05,738.53279999999995
1993-04-06,744.82429999999999
1993-04-07,745.89419999999996
1993-04-08,755.87490000000003
1993-04-12,761.49559999999997
1993-04-13,760.77160000000003
1993-04-14,764.6223
1993-04-15,767.57889999999998
1993-04-16,764.99670000000003
1993-04-19,767.94749999999999
1993-04-20,765.36400000000003
1993-04-21,766.47460000000001
1993-04-22,766.6635
1993-04-23,763.17269999999996
1993-04-26,759.7056
1993-04-27,753.57920000000001
1993-04-28,752.87519999999995
1993-04-29,755.75300000000004
1993-04-30,749.68899999999996
1993-05-03,757.91570000000002
1993-05-04,762.64409999999998
1993-05-05,761.92129999999997
1993-05-06,763.93769999999995
1993-05-07,759.56989999999996
1993-05-10,763.39139999999998
1993-05-11,762.66790000000003
1993-05-12,759.22130000000004
1993-05-13,750.44500000000005
1993-05-14,751.5231
1993-05-17,749.93380000000002
1993-05-18,745.721
1993-05-19,749.4289
1993-05-20,748.73770000000002
1993-05-21,745.41489999999999
1993-05-24,749.1114
1993-05-25,747.54169999999999
1993-05-26,753.92470000000003
1993-05-27,755.00879999999995
1993-05-28,750.75009999999997
1993-06-01,759.86310000000003
1993-06-02,760.05399999999997
1993-06-03,762.05679999999995
1993-06-04,757.72709999999995
1993-06-07,760.61569999999995
1993-06-08,758.09960000000001
1993-06-09,761.90189999999996
1993-06-10,761.18650000000002
1993-06-11,768.67629999999997
1993-06-14,767.93920000000003
1993-06-15,766.29420000000005
1993-06-16,767.40189999999996
1993-06-17,768.51160000000004
1993-06-18,767.78309999999999
1993-06-21,771.65440000000001
1993-06-22,771.8451
1993-06-23,772.96339999999998
1993-06-24,775.94880000000001
1993-06-25,778.95270000000005
1993-06-28,782.91539999999998
1993-06-29,783.10530000000006
1993-06-30,782.34619999999995
1993-07-01,781.58900000000006
1993-07-02,783.67550000000006
1993-07-06,782.90470000000005
1993-07-07,783.09490000000005
1993-07-08,785.18679999999995
1993-07-09,787.28719999999998
1993-07-12,789.38869999999997
1993-07-13,789.57849999999996
1993-07-14,795.57500000000005
1993-07-15,796.74040000000002
1993-07-16,797.90809999999999
1993-07-19,798.08969999999999
1993-07-20,797.29989999999998
1993-07-21,790.6875
1993-07-22,787.99480000000005
1993-07-23,782.47149999999999
1993-07-26,785.49969999999996
1993-07-27,785.69039999999995
1993-07-28,787.78899999999999
1993-07-29,796.66099999999994
1993-07-30,796.85090000000002
1993-08-02,798.00969999999995
1993-08-03,801.14200000000005
1993-08-04,800.34780000000001
1993-08-05,801.52120000000002
1993-08-06,801.71090000000004
1993-08-09,807.83849999999995
1993-08-10,810.02850000000001
1993-08-11,811.22159999999997
1993-08-12,818.49639999999999
1993-08-13,820.73140000000001
1993-08-16,825.03150000000005
1993-08-17,825.21939999999995
1993-08-18,830.61030000000005
1993-08-19,836.0598
1993-08-20,835.18849999999998
1993-08-23,835.36739999999998
1993-08-24,837.67349999999999
1993-08-25,839.98929999999996
1993-08-26,849.86620000000005
1993-08-27,845.71169999999995
1993-08-30,846.97050000000002
1993-08-31,850.41359999999997
1993-09-01,850.59960000000001
1993-09-02,856.26340000000005
1993-09-03,866.46180000000004
1993-09-07,874.56769999999995
1993-09-08,877.04430000000002
1993-09-09,865.84400000000005
1993-09-10,873.94979999999998
1993-09-13,877.56150000000002
1993-09-14,865.22789999999998
1993-09-15,862.05690000000004
1993-09-16,861.12879999999996
1993-09-17,857.98710000000005
1993-09-20,853.76160000000004
1993-09-21,847.41420000000005
1993-09-22,851.94119999999998
1993-09-23,856.50800000000004
1993-09-24,856.69420000000002
1993-09-27,866.86919999999998
1993-09-28,870.43629999999996
1993-09-29,863.86919999999998
1993-09-30,859.60479999999995
1993-10-01,866.47190000000001
1993-10-04,866.88900000000001
1993-10-05,864.83960000000002
1993-10-06,865.03240000000005
1993-10-07,865.67370000000005
1993-10-08,876.03489999999999
1993-10-11,876.2278
1993-10-12,876.42079999999999
1993-10-13,876.15560000000005
1993-10-14,882.7826
1993-10-15,891.83870000000002
1993-10-18,883.36860000000001
1993-10-19,884.02229999999997
1993-10-20,886.07060000000001
1993-10-21,875.86879999999996
1993-10-22,868.79930000000002
1993-10-25,864.50649999999996
1993-10-26,867.37990000000002
1993-10-27,867.12130000000002
1993-10-28,871.13490000000002
1993-10-29,871.54960000000005
1993-11-01,864.54849999999999
1993-11-02,857.42629999999997
1993-11-03,853.23680000000002
1993-11-04,847.36580000000004
1993-11-05,843.05780000000004
1993-11-08,844.10230000000001
1993-11-09,851.16890000000001
1993-11-10,845.11199999999997
1993-11-11,845.30269999999996
1993-11-12,851.51490000000001
1993-11-15,849.10940000000005
1993-11-16,849.73030000000006
1993-11-17,848.62850000000003
1993-11-18,844.10329999999999
1993-11-19,833.10900000000004
1993-11-22,830.80709999999999
1993-11-23,837.67340000000002
1993-11-24,836.81590000000006
1993-11-26,841.85550000000001
1993-11-29,845.23680000000002
1993-11-30,839.05989999999997
1993-12-01,840.72979999999995
1993-12-02,842.40539999999999
1993-12-03,845.15129999999999
1993-12-06,853.94410000000005
1993-12-07,854.13760000000002
1993-12-08,854.33119999999997
1993-12-09,856.702
1993-12-10,852.11189999999999
1993-12-13,846.49609999999996
1993-12-14,840.94799999999998
1993-12-15,841.1404
1993-12-16,839.6463
1993-12-17,842.37310000000002
1993-12-20,841.50969999999995
1993-12-21,839.5951
1993-12-22,850.41179999999997
1993-12-23,851.03689999999995
1993-12-27,850.5865
1993-12-28,850.1377
1993-12-29,848.83079999999995
1993-12-30,839.46469999999999
1993-12-31,838.61170000000004
1994-01-03,832.55250000000001
1994-01-04,836.48829999999998
1994-01-05,833.56269999999995
1994-01-06,838.76130000000001
1994-01-07,852.11329999999998
1994-01-10,852.31110000000001
1994-01-11,852.29510000000005
1994-01-12,861.18259999999998
1994-01-13,851.15880000000004
1994-01-14,846.64779999999996
1994-01-17,846.84630000000004
1994-01-18,849.60720000000003
1994-01-19,847.66899999999998
1994-01-20,851.50649999999996
1994-01-21,850.4203
1994-01-24,849.12270000000001
1994-01-25,845.91570000000002
1994-01-26,847.18169999999998
1994-01-27,853.80719999999997
1994-01-28,860.51999999999998
1994-01-31,858.53959999999995
1994-02-01,850.09770000000003
1994-02-02,852.01469999999995
1994-02-03,850.07320000000004
1994-02-04,841.78060000000005
1994-02-07,840.92960000000005
1994-02-08,835.2867
1994-02-09,837.35749999999996
1994-02-10,835.89790000000005
1994-02-11,839.84730000000002
1994-02-14,836.29819999999995
1994-02-15,836.50139999999999
1994-02-16,836.08309999999994
1994-02-17,827.64509999999996
1994-02-18,819.16300000000001
1994-02-22,822.37649999999996
1994-02-23,817.17330000000004
1994-02-24,807.91189999999995
1994-02-25,810.07230000000004
1994-02-28,815.79169999999999
1994-03-01,804.62019999999995
1994-03-02,804.43960000000004
1994-03-03,799.83429999999998
1994-03-04,799.46810000000005
1994-03-07,804.47730000000001
1994-03-08,799.87549999999999
1994-03-09,799.70000000000005
1994-03-10,791.37649999999996
1994-03-11,794.40589999999997
1994-03-14,792.72860000000003
1994-03-15,795.38660000000004
1994-03-16,803.60180000000003
1994-03-17,803.42290000000003
1994-03-18,795.98580000000004
1994-03-21,792.42039999999997
1994-03-22,801.14829999999995
1994-03-23,800.97149999999999
1994-03-24,788.5163
1994-03-25,787.79319999999996
1994-03-28,788.92870000000005
1994-03-29,781.74480000000005
1994-03-30,777.57560000000001
1994-03-31,777.23850000000004
1994-04-04,749.29560000000004
1994-04-05,762.04920000000004
1994-04-06,764.88509999999997
1994-04-07,768.97829999999999
1994-04-08,764.06179999999995
1994-04-11,766.37940000000003
1994-04-12,770.48389999999995
1994-04-13,765.02530000000002
1994-04-14,762.25250000000005
1994-04-15,762.80930000000001
1994-04-18,752.29899999999998
1994-04-19,756.27260000000001
1994-04-20,759.93430000000001
1994-04-21,770.49109999999996
1994-04-22,770.87609999999995
1994-04-25,777.7124
1994-04-26,779.73059999999998
1994-04-28,764.745
1994-04-29,762.8537
1994-05-02,761.66869999999994
1994-05-03,759.79380000000003
1994-05-04,759.65520000000004
1994-05-05,761.9452
1994-05-06,744.73019999999997
1994-05-09,736.99469999999997
1994-05-10,748.31299999999999
1994-05-11,739.85069999999996
1994-05-12,742.87329999999997
1994-05-13,748.59590000000003
1994-05-16,752.52440000000001
1994-05-17,769.15260000000001
1994-05-18,768.65430000000003
1994-05-19,771.87090000000001
1994-05-20,766.42560000000003
1994-05-23,754.50930000000005
1994-05-24,757.62670000000003
1994-05-25,760.93700000000001
1994-05-26,761.14570000000003
1994-05-27,758.41999999999996
1994-05-31,755.54390000000001
1994-06-01,760.38660000000004
1994-06-02,763.71400000000006
1994-06-03,772.17139999999995
1994-06-06,776.83640000000003
1994-06-07,773.29560000000004
1994-06-08,771.73140000000001
1994-06-09,771.94240000000002
1994-06-10,768.27009999999996
1994-06-13,765.33019999999999
1994-06-14,770.27440000000001
1994-06-15,761.05269999999996
1994-06-16,764.20759999999996
1994-06-17,757.68610000000001
1994-06-20,757.38459999999998
1994-06-21,753.34109999999998
1994-06-22,762.44039999999995
1994-06-23,763.51829999999995
1994-06-24,753.44069999999999
1994-06-27,758.75819999999999
1994-06-28,752.67219999999998
1994-06-29,754.57629999999995
1994-06-30,744.72230000000002
1994-07-01,745.76419999999996
1994-07-05,747.97400000000005
1994-07-06,747.35469999999998
1994-07-07,748.40210000000002
1994-07-08,740.34460000000001
1994-07-11,738.11109999999996
1994-07-12,741.59209999999996
1994-07-13,742.62789999999995
1994-07-14,755.17470000000003
1994-07-15,754.54380000000003
1994-07-18,758.15449999999998
1994-07-19,761.79369999999994
1994-07-20,755.17790000000002
1994-07-21,755.39380000000006
1994-07-22,754.76369999999997
1994-07-25,757.86310000000003
1994-07-26,756.38019999999995
1994-07-27,752.03840000000002
1994-07-28,757.149
1994-07-29,771.15189999999996
1994-08-01,769.96749999999997
1994-08-02,771.06100000000004
1994-08-03,773.03589999999997
1994-08-04,771.14350000000002
1994-08-05,758.89750000000004
1994-08-08,759.96720000000005
1994-08-09,756.78200000000004
1994-08-10,756.15329999999994
1994-08-11,755.35109999999997
1994-08-12,761.67560000000003
1994-08-15,759.66459999999995
1994-08-16,770.21119999999996
1994-08-17,770.77120000000002
1994-08-18,761.11630000000002
1994-08-19,761.327
1994-08-22,756.43679999999995
1994-08-23,758.34040000000005
1994-08-24,764.87170000000003
1994-08-25,758.24170000000004
1994-08-26,763.56780000000003
1994-08-29,762.92200000000003
1994-08-30,766.05679999999995
1994-08-31,767.47969999999998
1994-09-01,767.69299999999998
1994-09-02,764.45510000000002
1994-09-06,759.7097
1994-09-07,757.71960000000001
1994-09-08,757.93309999999997
1994-09-09,746.61980000000005
1994-09-12,746.01070000000004
1994-09-13,747.86919999999998
1994-09-14,750.39890000000003
1994-09-15,753.60889999999995
1994-09-16,741.93740000000003
1994-09-19,745.25049999999999
1994-09-20,743.0154
1994-09-21,741.60500000000002
1994-09-22,742.63239999999996
1994-09-23,742.03539999999998
1994-09-26,742.2509
1994-09-27,738.10180000000003
1994-09-28,741.54280000000006
1994-09-29,737.72460000000001
1994-09-30,741.16129999999998
1994-10-03,738.15160000000003
1994-10-04,735.64430000000004
1994-10-05,731.09720000000004
1994-10-06,731.31269999999995
1994-10-07,735.01400000000001
1994-10-10,735.23009999999999
1994-10-11,739.4452
1994-10-12,737.5752
1994-10-13,741.81230000000005
1994-10-14,742.8383
1994-10-17,743.38009999999997
1994-10-18,740.84630000000004
1994-10-19,738.17089999999996
1994-10-20,730.4511
1994-10-21,731.77149999999995
1994-10-24,728.06870000000004
1994-10-25,727.0421
1994-10-26,726.95079999999996
1994-10-27,728.26179999999999
1994-10-28,735.24249999999995
1994-10-31,734.98689999999999
1994-11-01,727.50059999999996
1994-11-02,725.70190000000002
1994-11-03,724.3759
1994-11-04,720.44740000000002
1994-11-07,720.66759999999999
1994-11-08,724.57309999999995
1994-11-09,727.11559999999997
1994-11-10,722.70320000000004
1994-11-11,722.92499999999995
1994-11-14,728.08939999999996
1994-11-15,731.7473
1994-11-16,727.9067
1994-11-17,724.26009999999997
1994-11-18,724.79020000000003
1994-11-21,725.01239999999996
1994-11-22,727.55290000000002
1994-11-23,740.19849999999997
1994-11-25,742.024
1994-11-28,737.92899999999997
1994-11-29,733.72170000000006
1994-11-30,738.37139999999999
1994-12-01,736.53110000000004
1994-12-02,745.06470000000002
1994-12-05,743.35220000000004
1994-12-06,752.02160000000003
1994-12-07,746.69050000000004
1994-12-08,748.53750000000002
1994-12-09,750.3913
1994-12-12,745.40880000000004
1994-12-13,750.83029999999997
1994-12-14,750.06970000000001
1994-12-15,750.61749999999995
1994-12-16,751.16650000000004
1994-12-19,753.02779999999996
1994-12-20,752.09990000000005
1994-12-21,753.471
1994-12-22,751.2328
1994-12-23,753.42240000000004
1994-12-27,761.10000000000002
1994-12-28,754.83910000000003
1994-12-29,753.08600000000001
1994-12-30,750.36310000000003
1995-01-03,747.01220000000001
1995-01-04,754.07370000000003
1995-01-05,749.71630000000005
1995-01-06,752.87509999999997
1995-01-09,750.64620000000002
1995-01-10,753.31870000000004
1995-01-11,755.18299999999999
1995-01-12,752.61429999999996
1995-01-13,759.75750000000005
1995-01-16,759.97950000000003
1995-01-17,761.53390000000002
1995-01-18,762.09000000000003
1995-01-19,758.98080000000004
1995-01-20,752.94240000000002
1995-01-23,752.67669999999998
1995-01-24,750.94470000000001
1995-01-25,755.5806
1995-01-26,758.60889999999995
1995-01-27,767.86030000000005
1995-01-30,766.56489999999997
1995-01-31,771.02350000000001
1995-02-01,767.85329999999999
1995-02-02,767.57219999999995
1995-02-03,780.63430000000005
1995-02-06,778.60249999999996
1995-02-07,777.96320000000003
1995-02-08,777.32550000000003
1995-02-09,776.68539999999996
1995-02-10,774.3297
1995-02-13,775.40980000000002
1995-02-14,780.46420000000001
1995-02-15,783.9991
1995-02-16,784.74680000000001
1995-02-17,783.56889999999999
1995-02-21,781.69759999999997
1995-02-22,788.05020000000002
1995-02-23,786.86260000000004
1995-02-24,788.84939999999995
1995-02-27,793.51250000000005
1995-02-28,796.42240000000004
1995-03-01,797.54480000000001
1995-03-02,793.28250000000003
1995-03-03,788.18100000000004
1995-03-06,785.06370000000004
1995-03-07,780.92899999999997
1995-03-08,788.48800000000006
1995-03-09,791.71879999999999
1995-03-10,798.55859999999996
1995-03-13,799.68499999999995
1995-03-14,809.39760000000001
1995-03-15,808.32989999999995
1995-03-16,810.95270000000005
1995-03-17,807.8528
1995-03-20,804.95860000000005
1995-03-21,801.72059999999999
1995-03-22,799.95320000000004
1995-03-23,798.9135
1995-03-24,807.67520000000002
1995-03-27,812.88210000000004
1995-03-28,805.72990000000004
1995-03-29,807.23609999999996
1995-03-30,804.35310000000004
1995-03-31,804.03240000000005
1995-04-03,808.82770000000005
1995-04-04,809.97320000000002
1995-04-05,810.19849999999997
1995-04-06,811.90009999999995
1995-04-07,809.3569
1995-04-10,809.95050000000003
1995-04-11,812.02080000000001
1995-04-12,813.17190000000005
1995-04-13,816.00080000000003
1995-04-17,811.21659999999997
1995-04-18,810.52160000000003
1995-04-19,813.51840000000004
1995-04-20,815.97490000000005
1995-04-21,817.13469999999995
1995-04-24,819.60879999999997
1995-04-25,818.52380000000005
1995-04-26,819.68830000000003
1995-04-27,818.60289999999998
1995-04-28,818.26930000000004
1995-05-01,817.56290000000001
1995-05-02,819.66089999999997
1995-05-03,827.82429999999999
1995-05-04,837.68010000000004
1995-05-05,851.52509999999995
1995-05-08,851.35159999999996
1995-05-09,860.06560000000002
1995-05-10,856.42740000000003
1995-05-11,855.03700000000003
1995-05-12,854.66020000000003
1995-05-15,859.95460000000003
1995-05-16,868.39909999999998
1995-05-17,869.66499999999996
1995-05-18,864.71889999999996
1995-05-19,864.94709999999998
1995-05-22,863.73540000000003
1995-05-23,869.11879999999996
1995-05-24,880.6671
1995-05-25,884.73059999999998
1995-05-26,882.82069999999999
1995-05-30,891.64189999999996
1995-05-31,891.86869999999999
1995-06-01,899.52440000000001
1995-06-02,909.75160000000005
1995-06-05,911.10379999999998
1995-06-06,911.33140000000003
1995-06-07,909.30999999999995
1995-06-08,905.51319999999998
1995-06-09,888.40639999999996
1995-06-12,889.28020000000004
1995-06-13,907.24310000000003
1995-06-14,906.35659999999996
1995-06-15,901.70119999999997
1995-06-16,901.26880000000006
1995-06-19,907.70770000000005
1995-06-20,907.71479999999997
1995-06-21,910.18280000000004
1995-06-22,919.23019999999997
1995-06-23,915.59270000000004
1995-06-26,911.98239999999998
1995-06-27,909.96690000000001
1995-06-28,914.69659999999999
1995-06-29,899.08370000000002
1995-06-30,902.83450000000005
1995-07-03,901.29780000000005
1995-07-05,904.61800000000005
1995-07-06,916.48360000000002
1995-07-07,916.48860000000002
1995-07-10,917.8546
1995-07-11,911.30889999999999
1995-07-12,913.78830000000005
1995-07-13,913.56889999999999
1995-07-14,908.19669999999996
1995-07-17,900.2405
1995-07-18,894.36360000000002
1995-07-19,877.5127
1995-07-20,879.42439999999999
1995-07-21,870.27290000000005
1995-07-24,877.15070000000003
1995-07-25,883.27340000000004
1995-07-26,877.18759999999997
1995-07-27,883.73130000000003
1995-07-28,876.59550000000002
1995-07-31,882.07439999999997
1995-08-01,875.59100000000001
1995-08-02,882.53099999999995
1995-08-03,875.41930000000002
1995-08-04,878.78459999999995
1995-08-07,880.06719999999996
1995-08-08,880.72220000000004
1995-08-09,877.18529999999998
1995-08-10,877.62379999999996
1995-08-11,869.14710000000002
1995-08-14,870.6078
1995-08-15,875.79949999999997
1995-08-16,879.15719999999999
1995-08-17,877.92160000000001
1995-08-18,877.10680000000002
1995-08-21,881.94010000000003
1995-08-22,879.64869999999996
1995-08-23,876.74469999999997
1995-08-24,885.78449999999998
1995-08-25,898.87239999999997
1995-08-28,901.71709999999996
1995-08-29,899.76340000000005
1995-08-30,902.17439999999999
1995-08-31,907.89850000000001
1995-09-01,913.01459999999997
1995-09-05,917.72810000000004
1995-09-06,917.95709999999997
1995-09-07,914.8143
1995-09-08,915.04369999999994
1995-09-11,914.82410000000004
1995-09-12,924.30359999999996
1995-09-13,922.47910000000002
1995-09-14,930.70759999999996
1995-09-15,928.62840000000006
1995-09-18,921.99800000000005
1995-09-19,926.31880000000001
1995-09-20,930.44330000000002
1995-09-21,919.70699999999999
1995-09-22,916.1069
1995-09-25,917.00400000000002
1995-09-26,916.77859999999998
1995-09-27,912.75319999999999
1995-09-28,916.54960000000005
1995-09-29,928.54589999999996
1995-10-02,928.99810000000002
1995-10-03,932.44399999999996
1995-10-04,935.44709999999998
1995-10-05,936.83460000000002
1995-10-06,937.99369999999999
1995-10-09,938.22090000000003
1995-10-10,938.44820000000004
1995-10-11,938.44410000000005
1995-10-12,941.71299999999997
1995-10-13,954.9864
1995-10-16,953.29340000000002
1995-10-17,955.92370000000005
1995-10-18,953.74800000000005
1995-10-19,955.17700000000002
1995-10-20,950.13699999999994
1995-10-23,947.27750000000003
1995-10-24,954.41579999999999
1995-10-25,955.36590000000001
1995-10-26,947.95039999999995
1995-10-27,952.22329999999999
1995-10-30,951.97490000000005
1995-10-31,953.39890000000003
1995-11-01,959.15539999999999
1995-11-02,964.72649999999999
1995-11-03,961.78869999999995
1995-11-06,960.80520000000001
1995-11-07,958.1318
1995-11-08,966.12739999999997
1995-11-09,960.99549999999999
1995-11-10,956.39580000000001
1995-11-13,962.66129999999998
1995-11-14,960.46489999999994
1995-11-15,960.20950000000005
1995-11-16,967.24509999999998
1995-11-17,967.71510000000001
1995-11-20,966.47320000000002
1995-11-21,963.7722
1995-11-22,962.78359999999998
1995-11-24,965.68430000000001
1995-11-27,969.82809999999995
1995-11-28,969.3193
1995-11-29,972.00789999999995
1995-11-30,982.68299999999999
1995-12-01,987.95979999999997
1995-12-04,999.70799999999997
1995-12-05,996.57719999999995
1995-12-06,997.5779
1995-12-07,992.66560000000004
1995-12-08,994.17349999999999
1995-12-11,996.45450000000005
1995-12-12,995.91079999999999
1995-12-13,994.0865
1995-12-14,992.52369999999996
1995-12-15,991.47609999999997
1995-12-18,977.83209999999997
1995-12-19,985.06370000000004
1995-12-20,989.08209999999997
1995-12-21,988.80169999999998
1995-12-22,996.42510000000004
1995-12-26,999.22799999999995
1995-12-27,1003.3402
1995-12-28,1007.4795
1995-12-29,1010.8576
1996-01-02,1009.2445
1996-01-03,1011.3136
1996-01-04,1002.3847
1996-01-05,999.50840000000005
1996-01-08,1001.0284
1996-01-09,998.67579999999998
1996-01-10,985.64670000000001
1996-01-11,986.38019999999995
1996-01-12,986.61030000000005
1996-01-15,986.84040000000005
1996-01-16,996.46339999999998
1996-01-17,1008.3291
1996-01-18,1011.1803
1996-01-19,1012.7255
1996-01-22,1003.7935
1996-01-23,997.56889999999999
1996-01-24,1006.3206
1996-01-25,995.44219999999996
1996-01-26,1004.1595
1996-01-29,998.44939999999997
1996-01-30,1005.652
1996-01-31,1007.1849
1996-02-01,1001.4486000000001
1996-02-02,993.73239999999998
1996-02-05,993.45820000000003
1996-02-06,995.4769
1996-02-07,993.92759999999998
1996-02-08,998.75279999999998
1996-02-09,997.44550000000004
1996-02-12,1005.919
1996-02-13,1009.5344
1996-02-14,1003.2624
1996-02-15,991.9633
1996-02-16,984.39030000000002
1996-02-20,963.96640000000002
1996-02-21,963.23559999999998
1996-02-22,967.56910000000005
1996-02-23,960.09400000000005
1996-02-26,956.27589999999998
1996-02-27,954.13940000000002
1996-02-28,952.71860000000004
1996-02-29,953.42190000000005
1996-03-01,965.07849999999996
1996-03-04,970.6327
1996-03-05,964.80870000000004
1996-03-06,958.57249999999999
1996-03-07,956.42830000000004
1996-03-08,927.0462
1996-03-11,935.63059999999996
1996-03-12,932.45209999999997
1996-03-13,929.51850000000002
1996-03-14,929.74710000000005
1996-03-15,922.14509999999996
1996-03-18,926.82929999999999
1996-03-19,927.72950000000003
1996-03-20,933.58929999999998
1996-03-21,937.22699999999998
1996-03-22,934.49590000000001
1996-03-25,942.26120000000003
1996-03-26,942.26020000000005
1996-03-27,931.30809999999997
1996-03-28,925.47760000000005
1996-03-29,932.88400000000001
1996-04-01,934.24390000000005
1996-04-02,939.47969999999998
1996-04-03,937.65049999999997
1996-04-04,934.46709999999996
1996-04-08,909.40269999999998
1996-04-09,913.52850000000001
1996-04-10,906.6191
1996-04-11,902.14350000000002
1996-04-12,917.89269999999999
1996-04-15,920.31740000000002
1996-04-16,922.53269999999998
1996-04-17,919.01199999999994
1996-04-18,915.95450000000005
1996-04-19,919.68510000000003
1996-04-22,925.43439999999998
1996-04-23,922.77880000000005
1996-04-24,919.25829999999996
1996-04-25,919.48519999999996
1996-04-26,923.23950000000002
1996-04-29,919.06190000000004
1996-04-30,912.74749999999995
1996-05-01,910.81569999999999
1996-05-02,896.55650000000003
1996-05-03,889.07960000000003
1996-05-06,894.08349999999996
1996-05-07,892.85540000000003
1996-05-08,901.47130000000004
1996-05-09,899.58879999999999
1996-05-10,909.38509999999997
1996-05-13,912.84699999999998
1996-05-14,918.50919999999996
1996-05-15,919.83249999999998
1996-05-16,913.95709999999997
1996-05-17,920.28440000000001
1996-05-20,922.71040000000005
1996-05-21,919.64440000000002
1996-05-22,924.71079999999995
1996-05-23,918.34630000000004
1996-05-24,922.30050000000006
1996-05-28,921.43309999999997
1996-05-29,912.30079999999998
1996-05-30,914.69410000000005
1996-05-31,905.89959999999996
1996-06-03,904.64350000000002
1996-06-04,905.93790000000001
1996-06-05,910.44119999999998
1996-06-06,916.49779999999998
1996-06-07,901.72529999999995
1996-06-10,896.29179999999997
1996-06-11,893.40459999999996
1996-06-12,888.88980000000004
1996-06-13,892.21460000000002
1996-06-14,898.06060000000002
1996-06-17,902.49429999999995
1996-06-18,899.57339999999999
1996-06-19,897.08989999999994
1996-06-20,897.32619999999997
1996-06-21,899.02620000000002
1996-06-24,900.93979999999999
1996-06-25,904.75990000000002
1996-06-26,906.05610000000001
1996-06-27,912.69259999999997
1996-06-28,923.11760000000004
1996-07-01,922.69799999999998
1996-07-02,919.65980000000002
1996-07-03,919.89800000000002
1996-07-05,893.53620000000001
1996-07-08,893.3623
1996-07-09,898.16579999999999
1996-07-10,903.6431
1996-07-11,907.05309999999997
1996-07-12,911.55110000000002
1996-07-15,907.95249999999999
1996-07-16,912.45730000000003
1996-07-17,913.33989999999994
1996-07-18,925.28549999999996
1996-07-19,919.6259
1996-07-22,915.53890000000001
1996-07-23,920.10310000000004
1996-07-24,912.78790000000004
1996-07-25,913.45809999999994
1996-07-26,915.84770000000003
1996-07-29,908.60059999999999
1996-07-30,913.53269999999998
1996-07-31,921.32420000000002
1996-08-01,936.54409999999996
1996-08-02,948.54219999999998
1996-08-05,947.63890000000004
1996-08-06,946.28089999999997
1996-08-07,944.7011
1996-08-08,945.39290000000005
1996-08-09,952.4923
1996-08-12,953.19119999999998
1996-08-13,943.3587
1996-08-14,943.59540000000004
1996-08-15,939.76940000000002
1996-08-16,945.6549
1996-08-19,942.03949999999998
1996-08-20,942.27660000000003
1996-08-21,939.13639999999998
1996-08-22,938.702
1996-08-23,928.93650000000002
1996-08-26,921.09029999999996
1996-08-27,924.15179999999998
1996-08-28,922.65009999999995
1996-08-29,916.40840000000003
1996-08-30,907.70439999999996
1996-09-03,914.30579999999998
1996-09-04,911.34960000000001
1996-09-05,906.30499999999995
1996-09-06,909.70640000000003
1996-09-09,914.19280000000003
1996-09-10,909.12199999999996
1996-09-11,910.41909999999996
1996-09-12,914.90899999999999
1996-09-13,929.19629999999995
1996-09-16,929.87490000000003
1996-09-17,924.21019999999999
1996-09-18,922.71429999999998
1996-09-19,919.71389999999997
1996-09-20,921.03219999999999
1996-09-23,923.43520000000001
1996-09-24,927.37400000000002
1996-09-25,934.64689999999996
1996-09-26,940.45010000000002
1996-09-27,937.34299999999996
1996-09-30,935.36389999999994
1996-10-01,941.62009999999998
1996-10-02,946.36329999999998
1996-10-03,946.60540000000003
1996-10-04,959.18960000000004
1996-10-07,954.35850000000005
1996-10-08,953.45510000000002
1996-10-09,949.13480000000004
1996-10-10,943.05240000000003
1996-10-11,948.93589999999995
1996-10-14,949.18039999999996
1996-10-15,948.29089999999997
1996-10-16,946.95050000000003
1996-10-17,953.78510000000006
1996-10-18,955.86300000000006
1996-10-21,954.27359999999999
1996-10-22,949.95709999999997
1996-10-23,951.33939999999996
1996-10-24,949.99310000000003
1996-10-25,954.11040000000003
1996-10-28,953.21379999999999
1996-10-29,968.9479
1996-10-30,969.8981
1996-10-31,973.68299999999999
1996-11-01,972.03620000000001
1996-11-04,973.46410000000003
1996-11-05,982.53110000000004
1996-11-06,981.57550000000003
1996-11-07,994.1807
1996-11-08,991.2355
1996-11-11,991.47529999999995
1996-11-12,1000.3229
1996-11-13,998.08550000000002
1996-11-14,1003.7851000000001
1996-11-15,1000.0463999999999
1996-11-18,999.79240000000004
1996-11-19,1003.0144
1996-11-20,1007.0038
1996-11-21,1005.4918
1996-11-22,1003.2372
1996-11-25,1005.4732
1996-11-26,1005.4659
1996-11-27,1004.4601
1996-11-29,1014.7569
1996-12-02,1014.4903
1996-12-03,1016.5112
1996-12-04,1010.4184
1996-12-05,997.69110000000001
1996-12-06,994.74130000000002
1996-12-09,1000.6423
1996-12-10,999.64880000000005
1996-12-11,985.23990000000003
1996-12-12,981.88400000000001
1996-12-13,989.3442
1996-12-16,984.03890000000001
1996-12-17,980.21590000000003
1996-12-18,976.42089999999996
1996-12-19,988.36980000000005
1996-12-20,989.33969999999999
1996-12-23,991.28210000000001
1996-12-24,990.31370000000004
1996-12-26,990.55899999999997
1996-12-27,996.89610000000005
1996-12-30,997.14110000000005
1996-12-31,984.51610000000005
1997-01-02,971.94370000000004
1997-01-03,973.36249999999995
1997-01-06,970.5634
1997-01-07,967.31579999999997
1997-01-08,964.09000000000003
1997-01-09,972.46860000000004
1997-01-10,961.56960000000004
1997-01-13,962.04669999999999
1997-01-14,972.02210000000002
1997-01-15,970.40160000000003
1997-01-16,966.0027
1997-01-17,966.71590000000003
1997-01-20,966.96619999999996
1997-01-21,972.56659999999999
1997-01-22,967.45770000000005
1997-01-23,964.93219999999997
1997-01-24,960.58609999999999
1997-01-27,955.59810000000004
1997-01-28,959.25829999999996
1997-01-29,960.65139999999997
1997-01-30,963.19359999999995
1997-01-31,973.16819999999996
1997-02-03,980.00189999999998
1997-02-04,983.10069999999996
1997-02-05,979.79129999999998
1997-02-06,978.38789999999995
1997-02-07,983.85130000000004
1997-02-10,985.29489999999998
1997-02-11,985.5462
1997-02-12,984.60450000000003
1997-02-13,999.31740000000002
1997-02-14,1005.7096
1997-02-18,1003.979
1997-02-19,1001.7635
1997-02-20,993.4692
1997-02-21,994.44179999999994
1997-02-24,991.54579999999999
1997-02-25,991.79330000000004
1997-02-26,975.38070000000005
1997-02-27,973.29330000000004
1997-02-28,975.40920000000006
1997-03-03,972.15729999999996
1997-03-04,968.9271
1997-03-05,970.33249999999998
1997-03-06,966.42579999999998
1997-03-07,973.61379999999997
1997-03-10,973.39660000000003
1997-03-11,972.01649999999995
1997-03-12,969.25379999999996
1997-03-13,956.92669999999998
1997-03-14,960.11770000000001
1997-03-17,959.23249999999996
1997-03-18,959.48170000000005
1997-03-19,956.79200000000003
1997-03-20,958.84829999999999
1997-03-21,960.23040000000003
1997-03-24,962.7527
1997-03-25,961.86369999999999
1997-03-26,956.90470000000005
1997-03-27,947.0992
1997-03-31,945.80370000000005
1997-04-01,947.15859999999998
1997-04-02,948.51620000000003
1997-04-03,949.2115
1997-04-04,942.84339999999997
1997-04-07,949.26369999999997
1997-04-08,946.19669999999996
1997-04-09,946.89020000000005
1997-04-10,947.14269999999999
1997-04-11,940.37009999999998
1997-04-14,940.62220000000002
1997-04-15,948.99580000000003
1997-04-16,948.14229999999998
1997-04-17,952.83180000000004
1997-04-18,954.20000000000005
1997-04-21,951.10979999999995
1997-04-22,955.82140000000004
1997-04-23,951.60940000000005
1997-04-24,947.87620000000004
1997-04-25,946.58699999999999
1997-04-28,949.04510000000005
1997-04-29,964.29190000000006
1997-04-30,969.10940000000005
1997-05-01,972.12159999999994
1997-05-02,975.84370000000001
1997-05-05,976.09739999999999
1997-05-06,977.51310000000001
1997-05-07,969.67460000000005
1997-05-08,974.53309999999999
1997-05-09,978.7337
1997-05-12,980.15509999999995
1997-05-13,975.28989999999999
1997-05-14,978.32979999999998
1997-05-15,980.9171
1997-05-16,977.20870000000002
1997-05-19,976.76800000000003
1997-05-20,976.55880000000002
1997-05-21,971.04430000000002
1997-05-22,968.32460000000003
1997-05-23,969.72349999999994
1997-05-27,964.96540000000005
1997-05-28,965.67600000000004
1997-05-29,970.94860000000006
1997-05-30,979.27980000000002
1997-06-02,981.3999
1997-06-03,984.93539999999996
1997-06-04,984.72260000000006
1997-06-05,984.97950000000003
1997-06-06,997.09019999999998
1997-06-09,991.37469999999996
1997-06-10,990.44500000000005
1997-06-11,991.88829999999996
1997-06-12,999.31389999999999
1997-06-13,1004.8896
1997-06-16,1008.8033
1997-06-17,1006.6176
1997-06-18,1009.5593
1997-06-19,1011.0402
1997-06-20,1015.4837
1997-06-23,1010.8098
1997-06-24,1010.3314
1997-06-25,1005.7052
1997-06-26,1000.1535
1997-06-27,1004.5145
1997-06-30,999.22000000000003
1997-07-01,1006.7232
1997-07-02,1009.4188
1997-07-03,1021.7657
1997-07-07,1027.7917
1997-07-08,1027.2941000000001
1997-07-09,1031.3436999999999
1997-07-10,1031.0941
1997-07-11,1035.1659
1997-07-14,1032.3661
1997-07-15,1033.1321
1997-07-16,1041.8330000000001
1997-07-17,1041.3166000000001
1997-07-18,1037.2052000000001
1997-07-21,1033.634
1997-07-22,1048.8034
1997-07-23,1050.8880999999999
1997-07-24,1049.8364999999999
1997-07-25,1047.4849999999999
1997-07-28,1050.3480999999999
1997-07-29,1057.6992
1997-07-30,1064.067
1997-07-31,1068.883
1997-08-01,1047.3886
1997-08-04,1045.0512000000001
1997-08-05,1044.0153
1997-08-06,1046.0843
1997-08-07,1041.4335000000001
1997-08-08,1023.6752
1997-08-11,1024.9302
1997-08-12,1022.1944999999999
1997-08-13,1025.4418000000001
1997-08-14,1035.2650000000001
1997-08-15,1034.7592
1997-08-18,1040.6261
1997-08-19,1042.9366
1997-08-20,1039.8559
1997-08-21,1031.9699000000001
1997-08-22,1023.4467
1997-08-25,1023.7043
1997-08-26,1025.2075
1997-08-27,1025.4652000000001
1997-08-28,1037.5553
1997-08-29,1032.2320999999999
1997-09-02,1036.7942
1997-09-03,1034.5144
1997-09-04,1034.0146999999999
1997-09-05,1028.7309
1997-09-08,1033.2655
1997-09-09,1031.7588000000001
1997-09-10,1029.2554
1997-09-11,1026.0137999999999
1997-09-12,1037.586
1997-09-15,1039.1171999999999
1997-09-16,1061.9170999999999
1997-09-17,1064.828
1997-09-18,1063.7574
1997-09-19,1066.6755000000001
1997-09-22,1070.9458
1997-09-23,1067.1869999999999
1997-09-24,1075.4965
1997-09-25,1064.4843000000001
1997-09-26,1069.2719999999999
1997-09-29,1067.3938000000001
1997-09-30,1064.4588000000001
1997-10-01,1075.9553000000001
1997-10-02,1078.9239
1997-10-03,1080.5427
1997-10-06,1085.4480000000001
1997-10-07,1089.2841000000001
1997-10-08,1072.355
1997-10-09,1070.7372
1997-10-10,1063.0081
1997-10-13,1063.2688000000001
1997-10-14,1073.6505
1997-10-15,1069.8864000000001
1997-10-16,1070.1458
1997-10-17,1063.2233000000001
1997-10-20,1066.1295
1997-10-21,1066.3883000000001
1997-10-22,1067.9760000000001
1997-10-23,1079.5052000000001
1997-10-24,1084.3911000000001
1997-10-27,1092.8983000000001
1997-10-28,1086.8144
1997-10-29,1094.7963999999999
1997-10-30,1102.8756000000001
1997-10-31,1105.9525000000001
1997-11-03,1097.7775999999999
1997-11-04,1093.0324000000001
1997-11-05,1094.1220000000001
1997-11-06,1104.7085999999999
1997-11-07,1105.8072
1997-11-10,1105.2139
1997-11-11,1105.4674
1997-11-12,1108.5479
1997-11-13,1111.6415999999999
1997-11-14,1114.7485999999999
1997-11-17,1117.2935
1997-11-18,1117.5452
1997-11-19,1124.7276999999999
1997-11-20,1122.0816
1997-11-21,1123.7833000000001
1997-11-24,1118.2593999999999
1997-11-25,1121.394
1997-11-26,1122.2273
1997-11-28,1125.3797999999999
1997-12-01,1125.0530000000001
1997-12-02,1127.3434
1997-12-03,1129.0565999999999
1997-12-04,1126.9801
1997-12-05,1119.9953
1997-12-08,1113.0907999999999
1997-12-09,1113.3486
1997-12-10,1119.3237999999999
1997-12-11,1129.9982
1997-12-12,1142.0314000000001
1997-12-15,1137.8336999999999
1997-12-16,1139.5672999999999
1997-12-17,1135.3883000000001
1997-12-18,1143.0392999999999
1997-12-19,1146.877
1997-12-22,1151.6384
1997-12-23,1150.3856000000001
1997-12-24,1148.5342000000001
1997-12-26,1150.2900999999999
1997-12-29,1146.6424999999999
1997-12-30,1139.4535000000001
1997-12-31,1146.5442
1998-01-02,1157.9456
1998-01-05,1176.6718000000001
1998-01-06,1179.1187
1998-01-07,1167.8406
1998-01-08,1176.4739
1998-01-09,1183.6366
1998-01-12,1185.4726000000001
1998-01-13,1184.7791999999999
1998-01-14,1180.3047999999999
1998-01-15,1179.3033
1998-01-16,1169.2751000000001
1998-01-20,1166.4478999999999
1998-01-21,1169.787
1998-01-22,1163.8856000000001
1998-01-23,1144.482
1998-01-26,1156.7313999999999
1998-01-27,1148.8508999999999
1998-01-28,1150.0056
1998-01-29,1164.4840999999999
1998-01-30,1169.9675999999999
1998-02-02,1162.5409999999999
1998-02-03,1163.7144000000001
1998-02-04,1162.443
1998-02-05,1154.5003999999999
1998-02-06,1155.3612000000001
1998-02-09,1152.0030999999999
1998-02-10,1154.3661
1998-02-11,1165.8561
1998-02-12,1163.97
1998-02-13,1167.2896000000001
1998-02-17,1175.8842
1998-02-18,1169.9454000000001
1998-02-19,1168.6638
1998-02-20,1165.8520000000001
1998-02-23,1160.0092
1998-02-24,1150.6144999999999
1998-02-25,1157.4851000000001
1998-02-26,1154.7275999999999
1998-02-27,1158.9087999999999
1998-03-02,1143.2833000000001
1998-03-03,1137.0658000000001
1998-03-04,1140.8490999999999
1998-03-05,1137.5835999999999
1998-03-06,1145.2031999999999
1998-03-09,1152.9078
1998-03-10,1153.768
1998-03-11,1159.4486999999999
1998-03-12,1168.8415
1998-03-13,1166.6493
1998-03-16,1171.5105000000001
1998-03-17,1167.1626000000001
1998-03-18,1164.3683000000001
1998-03-19,1165.5417
1998-03-20,1167.9408000000001
1998-03-23,1169.1187
1998-03-24,1169.3774000000001
1998-03-25,1161.0948000000001
1998-03-26,1158.3321000000001
1998-03-27,1157.9889000000001
1998-03-30,1154.6391000000001
1998-03-31,1160.9184
1998-04-01,1167.2537
1998-04-02,1175.8051
1998-04-03,1186.9665
1998-04-06,1180.96
1998-04-07,1178.1081999999999
1998-04-08,1169.7282
1998-04-09,1172.4426000000001
1998-04-13,1163.5289
1998-04-14,1168.3542
1998-04-15,1171.6760999999999
1998-04-16,1175.0126
1998-04-17,1173.7309
1998-04-20,1167.2445
1998-04-21,1162.0360000000001
1998-04-22,1161.691
1998-04-23,1159.5376000000001
1998-04-24,1164.3304000000001
1998-04-27,1146.0075999999999
1998-04-28,1146.2688000000001
1998-04-29,1145.6466
1998-04-30,1164.1005
1998-05-01,1166.4848
1998-05-04,1166.7447
1998-05-05,1161.55
1998-05-06,1167.2610999999999
1998-05-07,1166.6099999999999
1998-05-08,1162.3253999999999
1998-05-11,1152.9836
1998-05-12,1165.2447
1998-05-13,1167.6315999999999
1998-05-14,1163.3433
1998-05-15,1164.5112999999999
1998-05-18,1172.9893
1998-05-19,1169.5799999999999
1998-05-20,1176.8838000000001
1998-05-21,1171.6158
1998-05-22,1175.8598999999999
1998-05-26,1183.8472999999999
1998-05-27,1186.5984000000001
1998-05-28,1186.8554999999999
1998-05-29,1190.8729000000001
1998-06-01,1195.8597
1998-06-02,1192.9581000000001
1998-06-03,1193.2162000000001
1998-06-04,1190.3280999999999
1998-06-05,1194.6759999999999
1998-06-08,1194.9329
1998-06-09,1195.1899000000001
1998-06-10,1209.7918
1998-06-11,1218.8078
1998-06-12,1217.4317000000001
1998-06-15,1225.8821
1998-06-16,1218.9079999999999
1998-06-17,1204.5916
1998-06-18,1211.2738999999999
1998-06-19,1215.7394999999999
1998-06-22,1217.6212
1998-06-23,1221.7973999999999
1998-06-24,1218.7811999999999
1998-06-25,1219.0371
1998-06-26,1222.5636999999999
1998-06-29,1221.1809000000001
1998-06-30,1225.7018
1998-07-01,1224.9697000000001
1998-07-02,1230.1750999999999
1998-07-06,1234.7482
1998-07-07,1230.6793
1998-07-08,1225.9767999999999
1998-07-09,1230.5228999999999
1998-07-10,1226.4821999999999
1998-07-13,1217.2379000000001
1998-07-14,1212.3106
1998-07-15,1214.5039999999999
1998-07-16,1212.1747
1998-07-17,1208.25
1998-07-20,1213.6523999999999
1998-07-21,1221.0485000000001
1998-07-22,1219.6732999999999
1998-07-23,1223.1939
1998-07-24,1220.182
1998-07-27,1217.1849
1998-07-28,1211.6221
1998-07-29,1207.0663
1998-07-30,1214.3907999999999
1998-07-31,1216.2670000000001
1998-08-03,1225.3193000000001
1998-08-04,1228.2064
1998-08-05,1227.4785999999999
1998-08-06,1225.4377999999999
1998-08-07,1232.2816
1998-08-10,1233.2036000000001
1998-08-11,1238.45
1998-08-12,1235.3770999999999
1998-08-13,1235.6303
1998-08-14,1244.9093
1998-08-17,1242.8078
1998-08-18,1242.3879999999999
1998-08-19,1241.9675999999999
1998-08-20,1249.6266000000001
1998-08-21,1258.7291
1998-08-24,1256.9237000000001
1998-08-25,1263.3533
1998-08-26,1264.2936999999999
1998-08-27,1274.2711999999999
1998-08-28,1276.9751000000001
1998-08-31,1288.8976
1998-09-01,1282.0310999999999
1998-09-02,1281.5699
1998-09-03,1287.8471
1998-09-04,1291.6655000000001
1998-09-08,1282.2915
1998-09-09,1293.9303
1998-09-10,1312.3204000000001
1998-09-11,1304.1413
1998-09-14,1302.9305999999999
1998-09-15,1299.5485000000001
1998-09-16,1304.1459
1998-09-17,1310.5938000000001
1998-09-18,1315.6152
1998-09-21,1319.1793
1998-09-22,1314.2376999999999
1998-09-23,1315.9541999999999
1998-09-24,1317.3026
1998-09-25,1322.739
1998-09-28,1318.5198
1998-09-29,1327.3197
1998-09-30,1350.317
1998-10-01,1366.1165000000001
1998-10-02,1375.4465
1998-10-05,1403.548
1998-10-06,1391.8882000000001
1998-10-07,1375.1928
1998-10-08,1341.0192999999999
1998-10-09,1309.7632000000001
1998-10-12,1309.9798000000001
1998-10-13,1314.2282
1998-10-14,1333.7811999999999
1998-10-15,1330.2271000000001
1998-10-16,1344.8317
1998-10-19,1341.2289000000001
1998-10-20,1324.8325
1998-10-21,1323.5626999999999
1998-10-22,1314.5246999999999
1998-10-23,1310.7122999999999
1998-10-26,1320.8802000000001
1998-10-27,1330.4301
1998-10-28,1324.3071
1998-10-29,1331.2706000000001
1998-10-30,1319.5599999999999
1998-11-02,1302.9301
1998-11-03,1306.4292
1998-11-04,1286.537
1998-11-05,1292.8106
1998-11-06,1278.8816999999999
1998-11-09,1297.1695999999999
1998-11-10,1300.6467
1998-11-11,1300.8870999999999
1998-11-12,1304.7411999999999
1998-11-13,1303.896
1998-11-16,1301.2479000000001
1998-11-17,1296.4536000000001
1998-11-18,1307.1496
1998-11-19,1306.6646000000001
1998-11-20,1310.9067
1998-11-23,1304.2322999999999
1998-11-24,1308.0947000000001
1998-11-25,1314.1657
1998-11-27,1319.9135000000001
1998-11-30,1335.7893999999999
1998-12-01,1339.0404000000001
1998-12-02,1345.7283
1998-12-03,1346.3385000000001
1998-12-04,1339.336
1998-12-07,1338.0472
1998-12-08,1349.2946999999999
1998-12-09,1356.0590999999999
1998-12-10,1359.3810000000001
1998-12-11,1346.1201000000001
1998-12-14,1350.5498
1998-12-15,1343.1307999999999
1998-12-16,1346.3981000000001
1998-12-17,1347.3849
1998-12-18,1347.6083000000001
1998-12-21,1336.4405999999999
1998-12-22,1324.6925000000001
1998-12-23,1312.7633000000001
1998-12-24,1306.8053
1998-12-28,1319.4322
1998-12-29,1329.6566
1998-12-30,1333.9951000000001
1998-12-31,1334.9724000000001
1999-01-04,1326.2345
1999-01-05,1315.3965000000001
1999-01-06,1324.4588000000001
1999-01-07,1313.652
1999-01-08,1304.0772999999999
1999-01-11,1298.1989000000001
1999-01-12,1309.2195999999999
1999-01-13,1321.498
1999-01-14,1339.2172
1999-01-15,1333.0499
1999-01-19,1326.5645999999999
1999-01-20,1320.8768
1999-01-21,1329.2434000000001
1999-01-22,1338.8246999999999
1999-01-25,1334.1696999999999
1999-01-26,1333.6502
1999-01-27,1332.3880999999999
1999-01-28,1338.2415000000001
1999-01-29,1342.2451000000001
1999-02-01,1323.7596000000001
1999-02-02,1314.0788
1999-02-03,1312.4925000000001
1999-02-04,1303.6804999999999
1999-02-05,1296.7564
1999-02-08,1295.9266
1999-02-09,1300.444
1999-02-10,1299.6116999999999
1999-02-11,1305.2212
1999-02-12,1278.8561999999999
1999-02-16,1291.3299999999999
1999-02-17,1297.5852
1999-02-18,1288.9543000000001
1999-02-19,1287.4257
1999-02-22,1292.5899999999999
1999-02-23,1281.576
1999-02-24,1266.9559999999999
1999-02-25,1251.6282000000001
1999-02-26,1259.2555
1999-03-01,1243.4359999999999
1999-03-02,1251.6488999999999
1999-03-03,1242.2559000000001
1999-03-04,1240.1928
1999-03-05,1253.3521000000001
1999-03-08,1254.2603999999999
1999-03-09,1264.6147000000001
1999-03-10,1261.4590000000001
1999-03-11,1260.0062
1999-03-12,1266.6880000000001
1999-03-15,1272.0553
1999-03-16,1278.1515999999999
1999-03-17,1273.2158999999999
1999-03-18,1276.2095999999999
1999-03-19,1268.8888999999999
1999-03-22,1261.6439
1999-03-23,1261.8822
1999-03-24,1267.2092
1999-03-25,1259.6486
1999-03-26,1256.5243
1999-03-29,1250.0793000000001
1999-03-30,1259.6826000000001
1999-03-31,1253.8788
1999-04-01,1247.4616000000001
1999-04-05,1261.0568000000001
1999-04-06,1273.8771999999999
1999-04-07,1275.1470999999999
1999-04-08,1288.9085
1999-04-09,1285.6515999999999
1999-04-12,1287.6380999999999
1999-04-13,1279.1794
1999-04-14,1278.3857
1999-04-15,1274.4940999999999
1999-04-16,1267.2132999999999
1999-04-19,1272.2298000000001
1999-04-20,1276.9328
1999-04-21,1276.4849999999999
1999-04-22,1261.3779
1999-04-23,1263.9840999999999
1999-04-26,1269.3157000000001
1999-04-27,1272.9719
1999-04-28,1268.7777000000001
1999-04-29,1277.5717999999999
1999-04-30,1252.3705
1999-05-03,1254.2815000000001
1999-05-04,1244.9114
1999-05-05,1248.1251999999999
1999-05-06,1232.9819
1999-05-07,1229.3557000000001
1999-05-10,1234.4427000000001
1999-05-11,1226.3094000000001
1999-05-12,1229.7678000000001
1999-05-13,1243.6454000000001
1999-05-14,1217.1016
1999-05-17,1218.3018999999999
1999-05-18,1220.1374000000001
1999-05-19,1232.8516
1999-05-20,1228.5864999999999
1999-05-21,1236.8951
1999-05-24,1238.1125999999999
1999-05-25,1239.9829999999999
1999-05-26,1233.0817999999999
1999-05-27,1226.5744
1999-05-28,1227.7784999999999
1999-06-01,1210.9034999999999
1999-06-02,1211.7735
1999-06-03,1210.771
1999-06-04,1208.2098000000001
1999-06-07,1209.0800999999999
1999-06-08,1204.6673000000001
1999-06-09,1201.8258000000001
1999-06-10,1196.2367999999999
1999-06-11,1183.145
1999-06-14,1187.6013
1999-06-15,1187.8489999999999
1999-06-16,1192.6365000000001
1999-06-17,1212.8856000000001
1999-06-18,1208.4503999999999
1999-06-21,1200.3445999999999
1999-06-22,1193.8592000000001
1999-06-23,1185.0296000000001
1999-06-24,1179.2936
1999-06-25,1181.6279
1999-06-28,1191.4925000000001
1999-06-29,1196.9096
1999-06-30,1211.0204000000001
1999-07-01,1205.6784
1999-07-02,1209.0257999999999
1999-07-06,1202.1622
1999-07-07,1198.4264000000001
1999-07-08,1208.8345999999999
1999-07-09,1209.0851
1999-07-12,1224.0649000000001
1999-07-13,1226.856
1999-07-14,1223.9264000000001
1999-07-15,1225.7626
1999-07-16,1228.2411999999999
1999-07-19,1227.8525
1999-07-20,1229.6967
1999-07-21,1226.7568000000001
1999-07-22,1216.8878999999999
1999-07-23,1209.3347000000001
1999-07-26,1206.4891
1999-07-27,1211.3855000000001
1999-07-28,1212.2589
1999-07-29,1202.6078
1999-07-30,1197.3542
1999-08-02,1195.7844
1999-08-03,1193.0079000000001
1999-08-04,1196.596
1999-08-05,1205.0966000000001
1999-08-06,1189.1967
1999-08-09,1179.5888
1999-08-10,1177.4754
1999-08-11,1182.173
1999-08-12,1183.6076
1999-08-13,1198.5940000000001
1999-08-16,1196.0995
1999-08-17,1207.9574
1999-08-18,1209.1232
1999-08-19,1206.2760000000001
1999-08-20,1211.4541999999999
1999-08-23,1212.6203
1999-08-24,1217.5284999999999
1999-08-25,1231.6470999999999
1999-08-26,1230.2883999999999
1999-08-27,1217.2551000000001
1999-08-30,1201.0959
1999-08-31,1200.7235000000001
1999-09-01,1199.4377999999999
1999-09-02,1188.4908
1999-09-03,1207.5229999999999
1999-09-07,1199.7898
1999-09-08,1201.2457999999999
1999-09-09,1196.3125
1999-09-10,1206.6044999999999
1999-09-13,1202.2414000000001
1999-09-14,1194.2724000000001
1999-09-15,1195.1120000000001
1999-09-16,1201.1112000000001
1999-09-17,1206.5474999999999
1999-09-20,1202.1922
1999-09-21,1199.3856000000001
1999-09-22,1200.8435999999999
1999-09-23,1209.3489999999999
1999-09-24,1223.8919000000001
1999-09-27,1213.8126
1999-09-28,1206.3377
1999-09-29,1196.2163
1999-09-30,1207.7171000000001
1999-10-01,1193.6455000000001
1999-10-04,1202.0545
1999-10-05,1191.1027999999999
1999-10-06,1190.7431999999999
1999-10-07,1189.1904
1999-10-08,1187.9404999999999
1999-10-11,1188.1831999999999
1999-10-12,1184.5597
1999-10-13,1175.9573
1999-10-14,1171.2408
1999-10-15,1180.8441
1999-10-18,1175.8018999999999
1999-10-19,1168.7699
1999-10-20,1169.8851999999999
1999-10-21,1167.2385999999999
1999-10-22,1167.4854
1999-10-25,1168.3112000000001
1999-10-26,1165.6745000000001
1999-10-27,1173.7356
1999-10-28,1185.7261000000001
1999-10-29,1200.6434999999999
1999-11-01,1196.3587
1999-11-02,1202.654
1999-11-03,1205.0340000000001
1999-11-04,1212.3262999999999
1999-11-05,1218.7601
1999-11-08,1217.4539
1999-11-09,1216.1511
1999-11-10,1213.3077000000001
1999-11-11,1213.5555999999999
1999-11-12,1224.3616
1999-11-15,1223.673
1999-11-16,1220.1768999999999
1999-11-17,1210.222
1999-11-18,1204.9730999999999
1999-11-19,1205.8375000000001
1999-11-22,1201.5355
1999-11-23,1201.7915
1999-11-24,1199.0252
1999-11-26,1195.0689
1999-11-29,1183.7179000000001
1999-11-30,1188.1102000000001
1999-12-01,1185.6984
1999-12-02,1183.8849
1999-12-03,1191.8388
1999-12-06,1195.0802000000001
1999-12-07,1201.347
1999-12-08,1197.9822999999999
1999-12-09,1200.3443
1999-12-10,1209.3974000000001
1999-12-13,1204.4740999999999
1999-12-14,1187.6237000000001
1999-12-15,1182.8649
1999-12-16,1174.646
1999-12-17,1176.3517999999999
1999-12-20,1167.3551
1999-12-21,1164.7457999999999
1999-12-22,1164.7166999999999
1999-12-23,1163.5465999999999
1999-12-27,1167.2327
1999-12-28,1164.6297999999999
1999-12-29,1169.1811
1999-12-30,1171.7396000000001
1999-12-31,1164.8198
2000-01-03,1147.8715
2000-01-04,1160.4680000000001
2000-01-05,1145.3050000000001
2000-01-06,1155.6047000000001
2000-01-07,1160.6677999999999
2000-01-10,1155.2901999999999
2000-01-11,1143.5758000000001
2000-01-12,1139.7198000000001
2000-01-13,1149.9306999999999
2000-01-14,1145.2094999999999
2000-01-18,1138.884
2000-01-19,1143.2798
2000-01-20,1140.8091999999999
2000-01-21,1144.663
2000-01-24,1152.7075
2000-01-25,1154.9431
2000-01-26,1161.4132
2000-01-27,1171.0878
2000-01-28,1182.9372000000001
2000-01-31,1175.6470999999999
2000-02-01,1184.6396999999999
2000-02-02,1197.6020000000001
2000-02-03,1216.8933999999999
2000-02-04,1210.4258
2000-02-07,1195.9263000000001
2000-02-08,1213.6466
2000-02-09,1199.3821
2000-02-10,1192.7923000000001
2000-02-11,1201.3878
2000-02-14,1212.2122999999999
2000-02-15,1206.4003
2000-02-16,1205.1495
2000-02-17,1212.0672999999999
2000-02-18,1223.6703
2000-02-22,1236.4049
2000-02-23,1227.2626
2000-02-24,1229.7023999999999
2000-02-25,1223.7448999999999
2000-02-28,1224.9324999999999
2000-02-29,1226.7420999999999
2000-03-01,1224.8286000000001
2000-03-02,1227.8810000000001
2000-03-03,1232.5092999999999
2000-03-06,1226.8436999999999
2000-03-07,1227.1042
2000-03-08,1225.1929
2000-03-09,1227.0019
2000-03-10,1221.3835999999999
2000-03-13,1224.7251000000001
2000-03-14,1234.9403
2000-03-15,1241.4970000000001
2000-03-16,1244.9263000000001
2000-03-17,1251.5699999999999
2000-03-20,1255.0427999999999
2000-03-21,1259.1796999999999
2000-03-22,1258.1373000000001
2000-03-23,1266.5277000000001
2000-03-24,1251.8411000000001
2000-03-27,1253.6985999999999
2000-03-28,1255.5599
2000-03-29,1254.1999000000001
2000-03-30,1270.0434
2000-03-31,1279.2221
2000-04-03,1280.1385
2000-04-04,1292.1400000000001
2000-04-05,1286.9857999999999
2000-04-06,1289.5978
2000-04-07,1304.4914000000001
2000-04-10,1306.8081
2000-04-11,1292.6641
2000-04-12,1281.8009999999999
2000-04-13,1287.0744999999999
2000-04-14,1292.0473999999999
2000-04-17,1269.9143999999999
2000-04-18,1270.1675
2000-04-19,1282.6617000000001
2000-04-20,1286.2619999999999
2000-04-24,1280.8263999999999
2000-04-25,1267.5317
2000-04-26,1267.1329000000001
2000-04-27,1258.6088999999999
2000-04-28,1263.7216000000001
2000-05-01,1261.7014999999999
2000-05-02,1253.2453
2000-05-03,1239.5189
2000-05-04,1226.0608
2000-05-05,1224.1564000000001
2000-05-08,1214.9337
2000-05-09,1220.9644000000001
2000-05-10,1229.826
2000-05-11,1233.1818000000001
2000-05-12,1224.7664
2000-05-15,1231.4985999999999
2000-05-16,1238.9165
2000-05-17,1229.8163
2000-05-18,1219.6138000000001
2000-05-19,1222.9181000000001
2000-05-22,1230.5541000000001
2000-05-23,1231.7336
2000-05-24,1228.2704000000001
2000-05-25,1242.8390999999999
2000-05-26,1251.0011
2000-05-30,1245.22
2000-05-31,1257.241
2000-06-01,1270.1143
2000-06-02,1272.6575
2000-06-05,1277.8439000000001
2000-06-06,1278.0947000000001
2000-06-07,1281.6560999999999
2000-06-08,1282.5722000000001
2000-06-09,1282.1583000000001
2000-06-12,1285.4058
2000-06-13,1275.0506
2000-06-14,1281.5762999999999
2000-06-15,1279.1831
2000-06-16,1287.7440999999999
2000-06-19,1284.9928
2000-06-20,1283.5823
2000-06-21,1273.2634
2000-06-22,1270.9007999999999
2000-06-23,1262.0625
2000-06-26,1269.7706000000001
2000-06-27,1275.9128000000001
2000-06-28,1272.8858
2000-06-29,1287.9967999999999
2000-06-30,1284.9149
2000-07-03,1290.8425
2000-07-05,1292.7739999999999
2000-07-06,1283.999
2000-07-07,1290.9194
2000-07-10,1290.1683
2000-07-11,1289.4199000000001
2000-07-12,1289.6753000000001
2000-07-13,1303.4135000000001
2000-07-14,1290.48
2000-07-17,1281.7415000000001
2000-07-18,1283.6492000000001
2000-07-19,1283.9016999999999
2000-07-20,1304.6273000000001
2000-07-21,1308.9843000000001
2000-07-24,1305.1328000000001
2000-07-25,1306.0710999999999
2000-07-26,1305.3043
2000-07-27,1312.4100000000001
2000-07-28,1311.2878000000001
2000-07-31,1309.8249000000001
2000-08-01,1318.0026
2000-08-02,1315.1439
2000-08-03,1321.2924
2000-08-04,1325.0378000000001
2000-08-07,1319.0220999999999
2000-08-08,1324.5011999999999
2000-08-09,1325.4603
2000-08-10,1332.3880999999999
2000-08-11,1325.6113
2000-08-14,1330.7808
2000-08-15,1327.5246
2000-08-16,1324.6306999999999
2000-08-17,1328.0382
2000-08-18,1332.8667
2000-08-21,1329.6016
2000-08-22,1330.5633
2000-08-23,1336.8231000000001
2000-08-24,1338.8571999999999
2000-08-25,1339.1166000000001
2000-08-28,1330.5311999999999
2000-08-29,1325.5343
2000-08-30,1327.5428999999999
2000-08-31,1340.1401000000001
2000-09-01,1341.1131
2000-09-05,1342.0880999999999
2000-09-06,1334.5376000000001
2000-09-07,1331.6247000000001
2000-09-08,1336.1156000000001
2000-09-11,1331.0862999999999
2000-09-12,1326.7932000000001
2000-09-13,1332.3109999999999
2000-09-14,1318.6122
2000-09-15,1304.8288
2000-09-18,1296.3275000000001
2000-09-19,1301.9763
2000-09-20,1293.8433
2000-09-21,1301.4928
2000-09-22,1302.7743
2000-09-25,1306.4286999999999
2000-09-26,1313.5141000000001
2000-09-27,1307.6364000000001
2000-09-28,1309.6077
2000-09-29,1311.5831000000001
2000-10-02,1303.3529000000001
2000-10-03,1301.2601999999999
2000-10-04,1299.847
2000-10-05,1306.8661999999999
2000-10-06,1317.3741
2000-10-09,1317.6422
2000-10-10,1322.0507
2000-10-11,1323.7080000000001
2000-10-12,1325.7153000000001
2000-10-13,1328.0726
2000-10-16,1326.5997
2000-10-17,1335.2616
2000-10-18,1335.5326
2000-10-19,1338.2719999999999
2000-10-20,1343.8570999999999
2000-10-23,1353.7847999999999
2000-10-24,1347.9525000000001
2000-10-25,1341.1029000000001
2000-10-26,1343.1482000000001
2000-10-27,1343.4203
2000-10-30,1340.1474000000001
2000-10-31,1334.4267
2000-11-01,1337.1601000000001
2000-11-02,1335.674
2000-11-03,1323.0371
2000-11-06,1318.1418000000001
2000-11-07,1317.3876
2000-11-08,1320.7572
2000-11-09,1327.2543000000001
2000-11-10,1323.7209
2000-11-13,1329.1995999999999
2000-11-14,1335.7645
2000-11-15,1343.0895
2000-11-16,1347.6293000000001
2000-11-17,1342.5762999999999
2000-11-20,1345.6891000000001
2000-11-21,1350.2414000000001
2000-11-22,1361.3052
2000-11-24,1363.3957
2000-11-27,1357.1548
2000-11-28,1363.9431
2000-11-29,1366.7692
2000-11-30,1378.0567000000001
2000-12-01,1370.9617000000001
2000-12-04,1367.5794000000001
2000-12-05,1381.4644000000001
2000-12-06,1395.5895
2000-12-07,1397.7594999999999
2000-12-08,1390.4874
2000-12-11,1391.8916999999999
2000-12-12,1394.0514000000001
2000-12-13,1404.5664999999999
2000-12-14,1411.3615
2000-12-15,1413.5676000000001
2000-12-18,1413.8458000000001
2000-12-19,1409.1177
2000-12-20,1419.8217999999999
2000-12-21,1422.8305
2000-12-22,1425.0662
2000-12-26,1422.6112000000001
2000-12-27,1415.1213
2000-12-28,1415.7864999999999
2000-12-29,1413.7502999999999
2001-01-02,1437.0649000000001
2001-01-03,1408.4169999999999
2001-01-04,1419.1014
2001-01-05,1427.5739000000001
2001-01-08,1425.1184000000001
2001-01-09,1423.4516000000001
2001-01-10,1411.3352
2001-01-11,1399.4024999999999
2001-01-12,1385.4129
2001-01-16,1391.2965999999999
2001-01-17,1405.9269999999999
2001-01-18,1417.3413
2001-01-19,1399.6178
2001-01-22,1391.2433000000001
2001-01-23,1383.3305
2001-01-24,1379.9201
2001-01-25,1390.5971
2001-01-26,1386.0368000000001
2001-01-29,1378.5544
2001-01-30,1397.4399000000001
2001-01-31,1405.6771000000001
2001-02-01,1422.8695
2001-02-02,1413.4857
2001-02-05,1418.7833000000001
2001-02-06,1413.2864999999999
2001-02-07,1412.4245000000001
2001-02-08,1421.1794
2001-02-09,1433.9450999999999
2001-02-12,1425.5953999999999
2001-02-13,1423.1451999999999
2001-02-14,1420.7025000000001
2001-02-15,1408.6594
2001-02-16,1416.5949000000001
2001-02-20,1417.6396999999999
2001-02-21,1411.3774000000001
2001-02-22,1406.6899000000001
2001-02-23,1414.9922999999999
2001-02-26,1422.9879000000001
2001-02-27,1444.8443
2001-02-28,1445.1204
2001-03-01,1456.2146
2001-03-02,1437.6955
2001-03-05,1440.3412000000001
2001-03-06,1437.4537
2001-03-07,1450.4387999999999
2001-03-08,1453.9241999999999
2001-03-09,1450.1833999999999
2001-03-12,1453.2669000000001
2001-03-13,1448.3335
2001-03-14,1461.4793999999999
2001-03-15,1460.5427999999999
2001-03-16,1463.6649
2001-03-19,1459.0767000000001
2001-03-20,1465.4414999999999
2001-03-21,1463.6864
2001-03-22,1470.9023
2001-03-23,1460.9872
2001-03-26,1448.3882000000001
2001-03-27,1429.307
2001-03-28,1427.2539999999999
2001-03-29,1424.8181
2001-03-30,1429.7654
2001-04-02,1423.4413
2001-04-03,1426.4377999999999
2001-04-04,1424.3983000000001
2001-04-05,1418.1235999999999
2001-04-06,1433.5153
2001-04-09,1426.0062
2001-04-10,1399.8978
2001-04-11,1404.3232
2001-04-12,1401.9680000000001
2001-04-16,1385.4655
2001-04-17,1395.7594999999999
2001-04-18,1396.7944
2001-04-19,1374.9185
2001-04-20,1372.3054999999999
2001-04-23,1385.0026
2001-04-24,1380.8870999999999
2001-04-25,1374.9735000000001
2001-04-26,1389.5504000000001
2001-04-27,1370.0672
2001-04-30,1375.0635
2001-05-01,1382.2851000000001
2001-05-02,1389.9382000000001
2001-05-03,1404.0246
2001-05-04,1401.6832999999999
2001-05-07,1397.857
2001-05-08,1391.4527
2001-05-09,1401.0586000000001
2001-05-10,1384.9971
2001-05-11,1359.5614
2001-05-14,1365.2049
2001-05-15,1358.3607999999999
2001-05-16,1363.2791999999999
2001-05-17,1373.626
2001-05-18,1380.4509
2001-05-21,1382.5645
2001-05-22,1377.3787
2001-05-23,1376.5776000000001
2001-05-24,1361.7424000000001
2001-05-25,1363.0989999999999
2001-05-29,1362.6718000000001
2001-05-30,1363.6727000000001
2001-05-31,1379.0754999999999
2001-06-01,1391.4494
2001-06-04,1395.4376999999999
2001-06-05,1400.5614
2001-06-06,1403.4653000000001
2001-06-07,1391.4567999999999
2001-06-08,1389.8987
2001-06-11,1398.3315
2001-06-12,1406.0977
2001-06-13,1405.2591
2001-06-14,1407.4276
2001-06-15,1402.0856000000001
2001-06-18,1399.3895
2001-06-19,1402.2942
2001-06-20,1406.3333
2001-06-21,1412.2786000000001
2001-06-22,1424.7601
2001-06-25,1422.3647000000001
2001-06-26,1411.2317
2001-06-27,1415.6858
2001-06-28,1403.144
2001-06-29,1391.1726000000001
2001-07-02,1400.7165
2001-07-03,1394.6892
2001-07-05,1388.7094
2001-07-06,1391.5709999999999
2001-07-09,1401.1126999999999
2001-07-10,1406.6351
2001-07-11,1405.0514000000001
2001-07-12,1412.8590999999999
2001-07-13,1415.0406
2001-07-16,1424.8503000000001
2001-07-17,1425.1392000000001
2001-07-18,1440.5050000000001
2001-07-19,1438.8442
2001-07-20,1437.1877999999999
2001-07-23,1439.4258
2001-07-24,1442.4521
2001-07-25,1431.0735999999999
2001-07-26,1429.4391000000001
2001-07-27,1439.0231000000001
2001-07-30,1443.2225000000001
2001-07-31,1447.4407000000001
2001-08-01,1443.8096
2001-08-02,1435.5252
2001-08-03,1431.9509
2001-08-06,1432.2463
2001-08-07,1430.6134
2001-08-08,1448.0110999999999
2001-08-09,1443.598
2001-08-10,1448.6014
2001-08-13,1449.6875
2001-08-14,1450.3773000000001
2001-08-15,1448.704
2001-08-16,1456.8991000000001
2001-08-17,1468.7831000000001
2001-08-20,1462.2555
2001-08-21,1465.7526
2001-08-22,1466.8516999999999
2001-08-23,1473.1913
2001-08-24,1465.4273000000001
2001-08-27,1461.7233000000001
2001-08-28,1474.8742
2001-08-29,1485.3541
2001-08-30,1483.6018999999999
2001-08-31,1479.8142
2001-09-04,1457.1513
2001-09-05,1461.4232999999999
2001-09-06,1475.7696000000001
2001-09-07,1482.5768
2001-09-10,1473.9282000000001
2001-09-17,1481.5386000000001
2001-09-18,1452.895
2001-09-19,1452.0207
2001-09-20,1439.0269000000001
2001-09-21,1446.729
2001-09-24,1448.9955
2001-09-25,1450.0900999999999
2001-09-26,1466.2321999999999
2001-09-27,1477.4069
2001-09-28,1482.1831
2001-10-01,1492.3236999999999
2001-10-02,1500.0817
2001-10-03,1504.5573999999999
2001-10-04,1506.9566
2001-10-05,1506.4227000000001
2001-10-08,1506.7272
2001-10-09,1490.405
2001-10-10,1497.7264
2001-10-11,1486.0768
2001-10-12,1485.1572000000001
2001-10-15,1494.492
2001-10-16,1500.1795
2001-10-17,1506.7372
2001-10-18,1507.8815
2001-10-19,1499.0072
2001-10-22,1500.1446000000001
2001-10-23,1496.3078
2001-10-24,1510.7707
2001-10-25,1519.52
2001-10-26,1521.9535000000001
2001-10-29,1527.383
2001-10-30,1534.1342999999999
2001-10-31,1592.4566
2001-11-01,1611.2744
2001-11-02,1575.0806
2001-11-05,1596.3076000000001
2001-11-06,1597.5035
2001-11-07,1616.8929000000001
2001-11-08,1598.4514999999999
2001-11-09,1595.4935
2001-11-12,1595.7692999999999
2001-11-13,1585.9446
2001-11-14,1563.6425999999999
2001-11-15,1519.4441999999999
2001-11-16,1500.4105
2001-11-19,1519.0931
2001-11-20,1502.5717
2001-11-21,1489.2275
2001-11-23,1479.7311
2001-11-26,1479.1950999999999
2001-11-27,1483.5174999999999
2001-11-28,1485.8226
2001-11-29,1509.9880000000001
2001-11-30,1504.8290999999999
2001-12-03,1510.5298
2001-12-04,1520.9097999999999
2001-12-05,1489.8757000000001
2001-12-06,1466.7103
2001-12-07,1437.5827999999999
2001-12-10,1443.2525000000001
2001-12-11,1449.3471
2001-12-12,1466.123
2001-12-13,1453.761
2001-12-14,1440.8105
2001-12-17,1437.2371000000001
2001-12-18,1455.7158999999999
2001-12-19,1470.6131
2001-12-20,1473.2817
2001-12-21,1468.7565
2001-12-24,1460.3008
2001-12-26,1454.6736000000001
2001-12-27,1463.2043000000001
2001-12-28,1454.4241999999999
2001-12-31,1468.098
2002-01-02,1449.462
2002-01-03,1454.4146000000001
2002-01-04,1448.0600999999999
2002-01-07,1466.3566000000001
2002-01-08,1463.4661000000001
2002-01-09,1464.5364999999999
2002-01-10,1485.2076999999999
2002-01-11,1494.8553999999999
2002-01-14,1492.2681
2002-01-15,1502.4041
2002-01-16,1498.5590999999999
2002-01-17,1486.9727
2002-01-18,1498.2737
2002-01-22,1492.4031
2002-01-23,1472.8633
2002-01-24,1475.9421
2002-01-25,1475.4204999999999
2002-01-28,1475.6998000000001
2002-01-29,1491.7163
2002-01-30,1489.9601
2002-01-31,1483.3453999999999
2002-02-01,1492.5489
2002-02-04,1503.9087
2002-02-05,1505.0188000000001
2002-02-06,1497.4652000000001
2002-02-07,1490.3903
2002-02-08,1497.6142
2002-02-11,1492.9863
2002-02-12,1483.5231000000001
2002-02-13,1478.9734000000001
2002-02-14,1491.7722000000001
2002-02-15,1503.1107999999999
2002-02-19,1480.1705999999999
2002-02-20,1482.4881
2002-02-21,1484.4104
2002-02-22,1493.2264
2002-02-25,1489.0626999999999
2002-02-26,1481.2867000000001
2002-02-27,1489.6661999999999
2002-02-28,1482.2942
2002-03-01,1468.2230999999999
2002-03-04,1466.5523000000001
2002-03-05,1468.8325
2002-03-06,1457.7335
2002-03-07,1436.7956999999999
2002-03-08,1423.8693000000001
2002-03-11,1425.6706999999999
2002-03-12,1422.604
2002-03-13,1424.7818
2002-03-14,1409.8369
2002-03-15,1419.7605000000001
2002-03-18,1425.6705999999999
2002-03-19,1421.8626999999999
2002-03-20,1412.8783000000001
2002-03-21,1416.8802000000001
2002-03-22,1413.4815000000001
2002-03-25,1412.3134
2002-03-26,1425.6143
2002-03-27,1423.6785
2002-03-28,1413.2076999999999
2002-04-01,1411.6731
2002-04-02,1424.5856000000001
2002-04-03,1432.4057
2002-04-04,1434.9878000000001
2002-04-05,1442.5266999999999
2002-04-08,1435.6077
2002-04-09,1443.1497999999999
2002-04-10,1441.5496000000001
2002-04-11,1444.155
2002-04-12,1446.3911000000001
2002-04-15,1452.4829
2002-04-16,1446.6375
2002-04-17,1433.6221
2002-04-18,1434.3221000000001
2002-04-19,1443.7492
2002-04-22,1446.3586
2002-04-23,1448.2098000000001
2002-04-24,1460.1147000000001
2002-04-25,1460.4311
2002-04-26,1462.7046
2002-04-29,1457.5734
2002-04-30,1463.7330999999999
2002-05-01,1469.9344000000001
2002-05-02,1464.3671999999999
2002-05-03,1476.0891999999999
2002-05-06,1474.4247
2002-05-07,1474.7406000000001
2002-05-08,1451.9795999999999
2002-05-09,1454.2292
2002-05-10,1463.8557000000001
2002-05-13,1449.0599999999999
2002-05-14,1437.5542
2002-05-15,1441.6552999999999
2002-05-16,1448.0704000000001
2002-05-17,1438.4776999999999
2002-05-20,1450.2092
2002-05-21,1452.4486999999999
2002-05-22,1460.4921999999999
2002-05-23,1455.0019
2002-05-24,1455.3206
2002-05-28,1455.6394
2002-05-29,1460.2174
2002-05-30,1467.9432999999999
2002-05-31,1464.7483999999999
2002-06-03,1464.6845000000001
2002-06-04,1466.9619
2002-06-05,1459.5012999999999
2002-06-06,1465.2689
2002-06-07,1456.2805000000001
2002-06-10,1466.2986000000001
2002-06-11,1476.4312
2002-06-12,1482.6990000000001
2002-06-13,1489.0093999999999
2002-06-14,1505.4985999999999
2002-06-17,1495.2624000000001
2002-06-18,1497.6098
2002-06-19,1510.1545000000001
2002-06-20,1496.6273000000001
2002-06-21,1510.7834
2002-06-24,1498.8671999999999
2002-06-25,1495.1543999999999
2002-06-26,1507.6554000000001
2002-06-27,1490.1536000000001
2002-06-28,1486.489
2002-07-01,1491.2165
2002-07-02,1501.6293000000001
2002-07-03,1503.5867000000001
2002-07-05,1486.1801
2002-07-08,1494.5118
2002-07-09,1506.9827
2002-07-10,1523.3544999999999
2002-07-11,1519.5454
2002-07-12,1524.0322000000001
2002-07-15,1518.5626
2002-07-16,1504.1248000000001
2002-07-17,1508.9431999999999
2002-07-18,1510.9200000000001
2002-07-19,1524.0299
2002-07-22,1536.4920999999999
2002-07-23,1538.941
2002-07-24,1526.6893
2002-07-25,1533.3059000000001
2002-07-26,1533.646
2002-07-29,1513.3858
2002-07-30,1515.2445
2002-07-31,1534.0178000000001
2002-08-01,1542.7538999999999
2002-08-02,1558.5531000000001
2002-08-05,1565.4304999999999
2002-08-06,1552.0474999999999
2002-08-07,1555.7650000000001
2002-08-08,1555.7650000000001
2002-08-09,1577.6982
2002-08-12,1587.3635999999999
2002-08-13,1606.8804
2002-08-14,1613.0142000000001
2002-08-15,1598.8878
2002-08-16,1581.0438999999999
2002-08-19,1585.8766000000001
2002-08-20,1603.5346
2002-08-21,1594.9844000000001
2002-08-22,1581.0438999999999
2002-08-23,1596.6573000000001
2002-08-26,1598.1442999999999
2002-08-27,1588.1070999999999
2002-08-28,1596.0997
2002-08-29,1608.925
2002-08-30,1618.5904
2002-09-03,1643.3599999999999
2002-09-04,1642.9866999999999
2002-09-05,1651.9464
2002-09-06,1632.5337
2002-09-09,1630.1070999999999
2002-09-10,1637.9467999999999
2002-09-11,1629.3604
2002-09-12,1642.0534
2002-09-13,1657.1729
2002-09-16,1659.9728
2002-09-17,1663.146
2002-09-18,1663.5192999999999
2002-09-19,1674.7190000000001
2002-09-20,1666.8792000000001
2002-09-23,1681.8121000000001
2002-09-24,1692.6384
2002-09-25,1672.1057000000001
2002-09-26,1668.1858999999999
2002-09-27,1680.6921
2002-09-30,1687.4119000000001
2002-10-01,1666.5563
2002-10-02,1676.1126999999999
2002-10-03,1671.9902999999999
2002-10-04,1677.2370000000001
2002-10-07,1680.0477000000001
2002-10-08,1680.6098
2002-10-09,1689.2293
2002-10-10,1675.9253000000001
2002-10-11,1656.0630000000001
2002-10-14,1653.6270999999999
2002-10-15,1614.4647
2002-10-16,1615.2141999999999
2002-10-17,1595.5392999999999
2002-10-18,1599.6617000000001
2002-10-21,1584.1092000000001
2002-10-22,1579.6121000000001
2002-10-23,1580.1741999999999
2002-10-24,1594.0402999999999
2002-10-25,1599.8490999999999
2002-10-28,1597.6005
2002-10-29,1618.3996999999999
2002-10-30,1617.8375000000001
2002-10-31,1625.1454000000001
2002-11-01,1618.3771999999999
2002-11-04,1611.2246
2002-11-05,1605.0130999999999
2002-11-06,1611.4128000000001
2002-11-07,1651.317
2002-11-08,1664.6811
2002-11-11,1673.7159999999999
2002-11-12,1664.1164000000001
2002-11-13,1667.6927000000001
2002-11-14,1633.0589
2002-11-15,1639.6469
2002-11-18,1646.9876999999999
2002-11-19,1653.011
2002-11-20,1636.8235
2002-11-21,1621.0124000000001
2002-11-22,1619.5065999999999
2002-11-25,1616.4948999999999
2002-11-26,1636.8235
2002-11-27,1599.9309000000001
2002-11-29,1610.2834
2002-12-02,1611.7798
2002-12-03,1614.0489
2002-12-04,1622.3687
2002-12-05,1626.5286000000001
2002-12-06,1629.365
2002-12-09,1638.4411
2002-12-10,1642.7900999999999
2002-12-11,1653.7572
2002-12-12,1652.2445
2002-12-13,1636.1721
2002-12-16,1623.8814
2002-12-17,1623.8814
2002-12-18,1636.5503000000001
2002-12-19,1651.1099999999999
2002-12-20,1652.2445
2002-12-23,1652.6226999999999
2002-12-24,1661.8879999999999
2002-12-26,1665.1024
2002-12-27,1683.4439
2002-12-30,1687.4147
2002-12-31,1683.1849
2003-01-02,1639.6657
2003-01-03,1643.4665
2003-01-06,1639.0956000000001
2003-01-07,1644.9867999999999
2003-01-08,1653.1585
2003-01-09,1621.4218000000001
2003-01-10,1625.6026999999999
2003-01-13,1628.2633000000001
2003-01-14,1633.9645
2003-01-15,1641.9462000000001
2003-01-16,1644.2266
2003-01-17,1652.3984
2003-01-21,1661.9004
2003-01-22,1670.0721000000001
2003-01-23,1661.9004
2003-01-24,1671.7825
2003-01-27,1665.7012
2003-01-28,1665.7012
2003-01-29,1665.7012
2003-01-30,1668.9319
2003-01-31,1673.4928
2003-02-03,1675.9177
2003-02-04,1683.3552
2003-02-05,1668.8616
2003-02-06,1682.4016999999999
2003-02-07,1686.2157999999999
2003-02-10,1674.3921
2003-02-11,1674.0107
2003-02-12,1679.9224999999999
2003-02-13,1689.0763999999999
2003-02-14,1674.5827999999999
2003-02-18,1676.6804999999999
2003-02-19,1688.1229000000001
2003-02-20,1693.8440000000001
2003-02-21,1683.9273000000001
2003-02-24,1691.9369999999999
2003-02-25,1699.7559000000001
2003-02-26,1711.5796
2003-02-27,1714.4402
2003-02-28,1725.3104000000001
2003-03-03,1727.4139
2003-03-04,1728.5624
2003-03-05,1734.3051
2003-03-06,1727.6052999999999
2003-03-07,1733.5393999999999
2003-03-10,1742.5364
2003-03-11,1739.4736
2003-03-12,1745.7906
2003-03-13,1713.6313
2003-03-14,1722.0540000000001
2003-03-17,1701.3801000000001
2003-03-18,1685.3005000000001
2003-03-19,1672.8579
2003-03-20,1670.1780000000001
2003-03-21,1647.2070000000001
2003-03-24,1673.2408
2003-03-25,1671.3264999999999
2003-03-26,1674.7722000000001
2003-03-27,1675.9206999999999
2003-03-28,1679.7492
2003-03-31,1701.7629999999999
2003-04-01,1696.9372000000001
2003-04-02,1679.2507000000001
2003-04-03,1678.2895000000001
2003-04-04,1673.4834000000001
2003-04-07,1669.6385
2003-04-08,1683.0956000000001
2003-04-09,1688.0940000000001
2003-04-10,1680.212
2003-04-11,1677.5205000000001
2003-04-14,1672.9067
2003-04-15,1681.9422
2003-04-16,1688.8629000000001
2003-04-17,1691.5544
2003-04-21,1687.9016999999999
2003-04-22,1686.9404999999999
2003-04-23,1690.4009000000001
2003-04-24,1705.5881999999999
2003-04-25,1709.433
2003-04-28,1706.7416000000001
2003-04-29,1703.8579999999999
2003-04-30,1719.6220000000001
2003-05-01,1720.4485999999999
2003-05-02,1706.9200000000001
2003-05-05,1716.0035
2003-05-06,1724.5072
2003-05-07,1744.6068
2003-05-08,1748.8586
2003-05-09,1750.598
2003-05-12,1761.6141
2003-05-13,1765.4794999999999
2003-05-14,1792.5365999999999
2003-05-15,1798.1413
2003-05-16,1811.2834
2003-05-19,1805.0989
2003-05-20,1831.7695000000001
2003-05-21,1831.5762
2003-05-22,1847.8105
2003-05-23,1852.4489000000001
2003-05-27,1819.0139999999999
2003-05-28,1815.9217000000001
2003-05-29,1831.7695000000001
2003-05-30,1828.2907
2003-06-02,1814.9245000000001
2003-06-03,1829.4811
2003-06-04,1834.9156
2003-06-05,1820.5531000000001
2003-06-06,1827.1521
2003-06-09,1839.3797
2003-06-10,1861.3117
2003-06-11,1858.9826
2003-06-12,1873.5392999999999
2003-06-13,1886.1550999999999
2003-06-16,1868.2989
2003-06-17,1853.5482
2003-06-18,1829.8693000000001
2003-06-19,1826.3757000000001
2003-06-20,1819.5826
2003-06-23,1830.4516000000001
2003-06-24,1847.3372999999999
2003-06-25,1817.8358000000001
2003-06-26,1793.3806
2003-06-27,1786.9757
2003-06-30,1795.3215
2003-07-01,1786.4496999999999
2003-07-02,1790.9309000000001
2003-07-03,1765.2126000000001
2003-07-07,1753.9121
2003-07-08,1755.4708000000001
2003-07-09,1761.1211000000001
2003-07-10,1760.5364999999999
2003-07-11,1768.9145000000001
2003-07-14,1748.6515999999999
2003-07-15,1707.7360000000001
2003-07-16,1717.4777999999999
2003-07-17,1712.2173
2003-07-18,1708.7102
2003-07-21,1672.4707000000001
2003-07-22,1680.6539
2003-07-23,1686.3041000000001
2003-07-24,1671.4965999999999
2003-07-25,1667.0153
2003-07-28,1644.6092000000001
2003-07-29,1622.2030999999999
2003-07-30,1640.5177000000001
2003-07-31,1616.1632
2003-08-01,1614.9552000000001
2003-08-04,1628.8518999999999
2003-08-05,1605.5601999999999
2003-08-06,1637.2683
2003-08-07,1644.1187
2003-08-08,1637.4639999999999
2003-08-11,1629.2434000000001
2003-08-12,1621.6099999999999
2003-08-13,1590.2934
2003-08-14,1605.9517000000001
2003-08-15,1604.9730999999999
2003-08-18,1612.4106999999999
2003-08-19,1637.2683
2003-08-20,1628.4604999999999
2003-08-21,1624.5459000000001
2003-08-22,1631.7879
2003-08-25,1619.0654999999999
2003-08-26,1631.7879
2003-08-27,1624.3502000000001
2003-08-28,1641.1828
2003-08-29,1637.2683
2003-09-02,1613.4285
2003-09-03,1615.9845
2003-09-04,1625.0289
2003-09-05,1652.9483
2003-09-08,1635.8426999999999
2003-09-09,1647.6396999999999
2003-09-10,1664.3520000000001
2003-09-11,1653.5381
2003-09-12,1664.9418000000001
2003-09-15,1662.3858
2003-09-16,1659.8298
2003-09-17,1680.4745
2003-09-18,1681.6541999999999
2003-09-19,1683.6203
2003-09-22,1670.2505000000001
2003-09-23,1681.6541999999999
2003-09-24,1696.2037
2003-09-25,1704.6582000000001
2003-09-26,1719.9942000000001
2003-09-29,1706.2311
2003-09-30,1734.5437999999999
2003-10-01,1727.9945
2003-10-02,1720.0969
2003-10-03,1683.9654
2003-10-06,1691.2707
2003-10-07,1671.7242000000001
2003-10-08,1671.3293000000001
2003-10-09,1659.4829
2003-10-10,1669.3549
2003-10-13,1662.8394000000001
2003-10-14,1651.3878
2003-10-15,1643.2927999999999
2003-10-16,1636.7773
2003-10-17,1649.4133999999999
2003-10-20,1654.9418000000001
2003-10-21,1661.0624
2003-10-22,1677.2525000000001
2003-10-23,1665.0111999999999
2003-10-24,1683.5705
2003-10-27,1680.2140999999999
2003-10-28,1689.0989
2003-10-29,1673.896
2003-10-30,1666.3933
2003-10-31,1681.991
2003-11-03,1674.0539000000001
2003-11-04,1683.5700999999999
2003-11-05,1672.0714
2003-11-06,1656.4094
2003-11-07,1655.4181000000001
2003-11-10,1654.0302999999999
2003-11-11,1654.2285999999999
2003-11-12,1666.3219999999999
2003-11-13,1692.095
2003-11-14,1703.3955000000001
2003-11-17,1705.9728
2003-11-18,1716.4802
2003-11-19,1697.4478999999999
2003-11-20,1713.9029
2003-11-21,1714.8942
2003-11-24,1700.8181999999999
2003-11-25,1710.1360999999999
2003-11-26,1703.1972000000001
2003-11-28,1687.7334000000001
2003-12-01,1678.3719000000001
2003-12-02,1685.5444
2003-12-03,1678.7704000000001
2003-12-04,1682.5559000000001
2003-12-05,1709.4529
2003-12-08,1697.4987000000001
2003-12-09,1685.5444
2003-12-10,1688.3338000000001
2003-12-11,1700.4872
2003-12-12,1703.675
2003-12-15,1702.6787999999999
2003-12-16,1708.2574
2003-12-17,1719.8132000000001
2003-12-18,1735.3536999999999
2003-12-19,1734.7560000000001
2003-12-22,1729.9743000000001
2003-12-23,1710.4491
2003-12-24,1726.5871999999999
2003-12-26,1732.9628
2003-12-29,1717.4223
2003-12-30,1710.4491
2003-12-31,1710.4431
2004-01-02,1690.2260000000001
2004-01-05,1685.8223
2004-01-06,1704.4380000000001
2004-01-07,1711.2438
2004-01-08,1710.6432
2004-01-09,1740.4684
2004-01-12,1739.0672
2004-01-13,1750.8771999999999
2004-01-14,1759.4845
2004-01-15,1766.0899999999999
2004-01-16,1753.6795999999999
2004-01-20,1753.2791999999999
2004-01-21,1757.4828
2004-01-22,1770.2936
2004-01-23,1749.0757000000001
2004-01-26,1738.4666999999999
2004-01-27,1749.2757999999999
2004-01-28,1733.8628000000001
2004-01-29,1730.2598
2004-01-30,1742.2699
2004-02-02,1738.6288999999999
2004-02-03,1747.4727
2004-02-04,1744.0558000000001
2004-02-05,1737.2219
2004-02-06,1756.3166000000001
2004-02-09,1761.5426
2004-02-10,1751.6937
2004-02-11,1764.7584999999999
2004-02-12,1757.3216
2004-02-13,1764.7584999999999
2004-02-17,1763.5526
2004-02-18,1765.9645
2004-02-19,1767.7735
2004-02-20,1755.5127
2004-02-23,1766.3665000000001
2004-02-24,1769.5825
2004-02-25,1772.3964000000001
2004-02-26,1766.7684999999999
2004-02-27,1782.0443
2004-03-01,1781.3529000000001
2004-03-02,1770.0517
2004-03-03,1766.8227999999999
2004-03-04,1774.6932999999999
2004-03-05,1809.0005000000001
2004-03-08,1819.6963000000001
2004-03-09,1831.8046999999999
2004-03-10,1830.5939000000001
2004-03-11,1833.2174
2004-03-12,1821.9161999999999
2004-03-15,1824.9432999999999
2004-03-16,1840.0788
2004-03-17,1837.0517
2004-03-18,1827.365
2004-03-19,1824.9432999999999
2004-03-22,1836.0427
2004-03-23,1839.2716
2004-03-24,1838.2626
2004-03-25,1831.1993
2004-03-26,1811.8258000000001
2004-03-29,1799.7174
2004-03-30,1798.5065
2004-03-31,1807.1841999999999
2004-04-01,1801.2915
2004-04-02,1756.7201
2004-04-05,1742.9435000000001
2004-04-06,1752.4655
2004-04-07,1748.4136000000001
2004-04-08,1743.3487
2004-04-12,1737.0681999999999
2004-04-13,1718.2266
2004-04-14,1716.8083999999999
2004-04-15,1706.6786
2004-04-16,1713.1617000000001
2004-04-19,1709.5148999999999
2004-04-20,1693.915
2004-04-21,1702.2213999999999
2004-04-22,1712.3513
2004-04-23,1702.6266000000001
2004-04-26,1705.463
2004-04-27,1711.9460999999999
2004-04-28,1695.9409000000001
2004-04-29,1687.6343999999999
2004-04-30,1694.5227
2004-05-03,1696.652
2004-05-04,1685.059
2004-05-05,1680.3811000000001
2004-05-06,1675.9066
2004-05-07,1653.9408000000001
2004-05-10,1650.0764999999999
2004-05-11,1657.6017999999999
2004-05-12,1646.6188999999999
2004-05-13,1640.3139000000001
2004-05-14,1653.7374
2004-05-17,1668.3813
2004-05-18,1661.8729000000001
2004-05-19,1656.3815
2004-05-20,1669.1948
2004-05-21,1662.4830999999999
2004-05-24,1667.7710999999999
2004-05-25,1672.6523999999999
2004-05-26,1681.6014
2004-05-27,1694.8216
2004-05-28,1690.1437000000001
2004-06-01,1674.7167999999999
2004-06-02,1670.4289000000001
2004-06-03,1673.9000000000001
2004-06-04,1664.0992000000001
2004-06-07,1664.5075999999999
2004-06-08,1667.5703000000001
2004-06-09,1660.4239
2004-06-10,1663.6909000000001
2004-06-14,1650.4188999999999
2004-06-15,1685.3344
2004-06-16,1678.8005000000001
2004-06-17,1689.8263999999999
2004-06-18,1686.1511
2004-06-21,1687.3761999999999
2004-06-22,1682.2716
2004-06-23,1685.5385000000001
2004-06-24,1695.7476999999999
2004-06-25,1697.3812
2004-06-28,1680.0255999999999
2004-06-29,1690.6431
2004-06-30,1707.9988000000001
2004-07-01,1711.184
2004-07-02,1729.2246
2004-07-06,1726.3544999999999
2004-07-07,1726.9694999999999
2004-07-08,1727.9945
2004-07-09,1729.8396
2004-07-12,1732.2996000000001
2004-07-13,1727.1745000000001
2004-07-14,1727.7895000000001
2004-07-15,1729.6346000000001
2004-07-16,1752.5952
2004-07-19,1753.8253
2004-07-20,1738.0398
2004-07-21,1733.3246999999999
2004-07-22,1735.7846999999999
2004-07-23,1741.5248999999999
2004-07-26,1733.3246999999999
2004-07-27,1709.954
2004-07-28,1710.1590000000001
2004-07-29,1714.0541000000001
2004-07-30,1734.1447000000001
2004-08-02,1736.3977
2004-08-03,1743.3951999999999
2004-08-04,1744.2184
2004-08-05,1749.1578
2004-08-06,1778.5881999999999
2004-08-09,1772.414
2004-08-10,1766.0340000000001
2004-08-11,1773.6488999999999
2004-08-12,1777.3534
2004-08-13,1783.116
2004-08-16,1776.9418000000001
2004-08-17,1787.0264
2004-08-18,1778.4648
2004-08-19,1782.7044000000001
2004-08-20,1781.0579
2004-08-23,1770.7675999999999
2004-08-24,1771.7965999999999
2004-08-25,1777.9708000000001
2004-08-26,1788.0554
2004-08-27,1786.8205
2004-08-30,1795.2587000000001
2004-08-31,1806.3723
2004-09-01,1808.2266
2004-09-02,1790.4563000000001
2004-09-03,1790.663
2004-09-07,1788.8033
2004-09-08,1803.8873000000001
2004-09-09,1797.0685000000001
2004-09-10,1799.7547
2004-09-13,1807.6067
2004-09-14,1809.4664
2004-09-15,1805.3336999999999
2004-09-16,1825.7901999999999
2004-09-17,1816.6984
2004-09-20,1828.683
2004-09-21,1834.0554
2004-09-22,1853.0654999999999
2004-09-23,1845.6268
2004-09-24,1847.8996999999999
2004-09-27,1855.9583
2004-09-28,1848.5196000000001
2004-09-29,1830.5427
2004-09-30,1823.5173
2004-10-01,1814.4400000000001
2004-10-04,1817.1373000000001
2004-10-05,1817.1373000000001
2004-10-06,1808.8379
2004-10-07,1800.9536000000001
2004-10-08,1824.8141000000001
2004-10-11,1826.6814999999999
2004-10-12,1830.8311000000001
2004-10-13,1837.4706000000001
2004-10-14,1846.1849
2004-10-15,1839.7529
2004-10-18,1840.5827999999999
2004-10-19,1845.355
2004-10-20,1858.0114000000001
2004-10-21,1859.2563
2004-10-22,1863.6134999999999
2004-10-25,1865.0659000000001
2004-10-26,1859.4638
2004-10-27,1841.2053000000001
2004-10-28,1847.2222999999999
2004-10-29,1855.7291
2004-11-01,1844.2387000000001
2004-11-02,1846.9471000000001
2004-11-03,1847.7805000000001
2004-11-04,1849.6556
2004-11-05,1829.4465
2004-11-08,1822.9879000000001
2004-11-09,1821.9462000000001
2004-11-10,1815.0708999999999
2004-11-11,1811.1124
2004-11-12,1830.6965
2004-11-15,1832.3632
2004-11-16,1832.3632
2004-11-17,1847.9888000000001
2004-11-18,1853.6141
2004-11-19,1838.8217999999999
2004-11-22,1848.4055000000001
2004-11-23,1850.6973
2004-11-24,1850.6973
2004-11-26,1838.6134999999999
2004-11-29,1819.0293999999999
2004-11-30,1811.3207
2004-12-01,1808.4998000000001
2004-12-02,1801.1778999999999
2004-12-03,1829.2102
2004-12-06,1835.4861000000001
2004-12-07,1837.7872
2004-12-08,1866.4471000000001
2004-12-09,1854.1044999999999
2004-12-10,1858.7068999999999
2004-12-13,1862.6815999999999
2004-12-14,1870.0034000000001
2004-12-15,1886.9483
2004-12-16,1859.1251999999999
2004-12-17,1856.6149
2004-12-20,1859.962
2004-12-21,1865.6103000000001
2004-12-22,1859.3344
2004-12-23,1853.2678000000001
2004-12-27,1838.8332
2004-12-28,1837.3688999999999
2004-12-29,1835.4861000000001
2004-12-30,1847.8287
2004-12-31,1859.4411
2005-01-03,1863.4309000000001
2005-01-04,1843.902
2005-01-05,1853.7715000000001
2005-01-06,1855.0314000000001
2005-01-07,1859.2311
2005-01-10,1862.171
2005-01-11,1873.0903000000001
2005-01-12,1875.6102000000001
2005-01-13,1893.6691000000001
2005-01-14,1893.4591
2005-01-18,1899.7588000000001
2005-01-19,1905.2184
2005-01-20,1908.9982
2005-01-21,1911.0980999999999
2005-01-24,1919.2876000000001
2005-01-25,1901.2286999999999
2005-01-26,1904.7985000000001
2005-01-27,1901.2286999999999
2005-01-28,1920.3376000000001
2005-01-31,1925.7972
2005-02-01,1922.7439999999999
2005-02-02,1927.1704
2005-02-03,1925.4842000000001
2005-02-04,1952.8857
2005-02-07,1967.4295999999999
2005-02-08,1978.6010000000001
2005-02-09,1983.8705
2005-02-10,1957.1013
2005-02-11,1955.8366000000001
2005-02-14,1961.9493
2005-02-15,1952.0426
2005-02-16,1944.6651999999999
2005-02-17,1932.4399000000001
2005-02-18,1915.1559
2005-02-22,1906.7247
2005-02-23,1913.0481
2005-02-24,1908.8325
2005-02-25,1918.1068
2005-02-28,1897.4503
2005-03-01,1896.8664000000001
2005-03-02,1894.3290999999999
2005-03-03,1893.2719
2005-03-04,1913.7819999999999
2005-03-07,1921.394
2005-03-08,1903.2098000000001
2005-03-09,1872.1275000000001
2005-03-10,1883.5454999999999
2005-03-11,1869.8016
2005-03-14,1881.0081
2005-03-15,1869.1672000000001
2005-03-16,1880.5852
2005-03-17,1886.7171000000001
2005-03-18,1874.8761999999999
2005-03-21,1869.5900999999999
2005-03-22,1853.7318
2005-03-23,1862.6125
2005-03-24,1866.4185
2005-03-28,1855.0005000000001
2005-03-29,1865.9956
2005-03-30,1875.2991
2005-03-31,1888.8316
2005-04-01,1895.1749
2005-04-04,1894.7503999999999
2005-04-05,1889.8692000000001
2005-04-06,1896.4482
2005-04-07,1881.1679999999999
2005-04-08,1887.7470000000001
2005-04-11,1897.9338
2005-04-12,1915.5485000000001
2005-04-13,1910.8796
2005-04-14,1907.9084
2005-04-15,1933.1632999999999
2005-04-18,1931.6777
2005-04-19,1950.3535999999999
2005-04-20,1945.4724000000001
2005-04-21,1925.9476
2005-04-22,1941.2279000000001
2005-04-25,1946.9579000000001
2005-04-26,1943.9867999999999
2005-04-27,1950.778
2005-04-28,1965.2093
2005-04-29,1961.8136999999999
2005-05-02,1961.3893
2005-05-03,1966.7139
2005-05-04,1949.4621
2005-05-05,1953.9348
2005-05-06,1939.4517000000001
2005-05-09,1941.3686
2005-05-10,1955.2127
2005-05-11,1961.1763000000001
2005-05-12,1968.8438000000001
2005-05-13,1976.5112999999999
2005-05-16,1974.1685
2005-05-17,1979.7061000000001
2005-05-18,1992.9112
2005-05-19,1987.7996000000001
2005-05-20,1990.1424
2005-05-23,2005.6904
2005-05-24,2011.2280000000001
2005-05-25,1997.171
2005-05-26,1996.5319999999999
2005-05-27,1998.6619000000001
2005-05-31,2023.3683000000001
2005-06-01,2048.0576000000001
2005-06-02,2052.9740999999999
2005-06-03,2036.0869
2005-06-06,2046.7750000000001
2005-06-07,2063.0210000000002
2005-06-08,2053.1878999999999
2005-06-09,2051.4778000000001
2005-06-10,2028.3915
2005-06-13,2016.2070000000001
2005-06-14,2002.9537
2005-06-15,2006.5877
2005-06-16,2016.6344999999999
2005-06-17,2016.4208000000001
2005-06-20,2013.0006000000001
2005-06-21,2027.7501999999999
2005-06-22,2052.3328999999999
2005-06-23,2050.1952000000001
2005-06-24,2060.4558000000002
2005-06-27,2066.0136000000002
2005-06-28,2051.9052999999999
2005-06-29,2048.6988999999999
2005-06-30,2067.0825
2005-07-01,2042.1065000000001
2005-07-05,2022.8008
2005-07-06,2033.9552000000001
2005-07-07,2038.2453
2005-07-08,2029.8796
2005-07-11,2029.8796
2005-07-12,2018.5107
2005-07-13,2015.5075999999999
2005-07-14,2010.3594000000001
2005-07-15,2015.7221
2005-07-18,2000.7066
2005-07-19,2007.7853
2005-07-20,2018.7252000000001
2005-07-21,1991.2683
2005-07-22,2006.7128
2005-07-25,1999.4195999999999
2005-07-26,2002.6371999999999
2005-07-27,1999.4195999999999
2005-07-28,2017.2236
2005-07-29,1997.2745
2005-08-01,1989.8761999999999
2005-08-02,1983.4168999999999
2005-08-03,1993.1058
2005-08-04,1989.0148999999999
2005-08-05,1973.5127
2005-08-08,1969.8525
2005-08-09,1977.173
2005-08-10,1975.0199
2005-08-11,1988.7996000000001
2005-08-12,2009.0386000000001
2005-08-15,2003.8712
2005-08-16,2017.8661999999999
2005-08-17,2004.5171
2005-08-18,2019.3733
2005-08-19,2019.1579999999999
2005-08-22,2017.0050000000001
2005-08-23,2026.2632000000001
2005-08-24,2028.201
2005-08-25,2034.6602
2005-08-26,2034.0143
2005-08-29,2036.598
2005-08-30,2049.5165000000002
2005-08-31,2066.7411000000002
2005-09-01,2054.3436999999999
2005-09-02,2056.0722000000001
2005-09-06,2041.5958000000001
2005-09-07,2022.3661
2005-09-08,2024.5266999999999
2005-09-09,2031.0087000000001
2005-09-12,2016.9645
2005-09-13,2027.5516
2005-09-14,2019.7733000000001
2005-09-15,2003.1362999999999
2005-09-16,1989.9564
2005-09-19,1994.2777000000001
2005-09-20,1999.4631999999999
2005-09-21,2018.0447999999999
2005-09-22,2016.1002000000001
2005-09-23,2000.9757
2005-09-26,1991.9009000000001
2005-09-27,1994.7098000000001
2005-09-28,2008.1058
2005-09-29,1999.0310999999999
2005-09-30,1992.117
2005-10-03,1976.5992000000001
2005-10-04,1983.1069
2005-10-05,1991.7837999999999
2005-10-06,1984.1914999999999
2005-10-07,1992.2176999999999
2005-10-10,1990.9160999999999
2005-10-11,1986.7945999999999
2005-10-12,1967.4884999999999
2005-10-13,1960.3299999999999
2005-10-14,1957.2931000000001
2005-10-17,1956.8593000000001
2005-10-18,1959.0284999999999
2005-10-19,1959.8961999999999
2005-10-20,1965.1023
2005-10-21,1983.3237999999999
2005-10-24,1967.9223
2005-10-25,1951.0024000000001
2005-10-26,1936.6855
2005-10-27,1943.627
2005-10-28,1943.8439000000001
2005-10-31,1947.5316
2005-11-01,1945.2869000000001
2005-11-02,1936.1357
2005-11-03,1923.0625
2005-11-04,1920.0120999999999
2005-11-07,1926.5487000000001
2005-11-08,1945.2869000000001
2005-11-09,1925.2414000000001
2005-11-10,1948.7731000000001
2005-11-11,1949.8625
2005-11-14,1935.2641000000001
2005-11-15,1947.9014999999999
2005-11-16,1968.3828000000001
2005-11-17,1973.1763000000001
2005-11-18,1964.0251000000001
2005-11-21,1969.9079999999999
2005-11-22,1972.5227
2005-11-23,1964.8966
2005-11-25,1972.0869
2005-11-28,1981.8918000000001
2005-11-29,1963.1534999999999
2005-11-30,1960.9747
2005-12-01,1957.9274
2005-12-02,1958.5839000000001
2005-12-05,1949.8304000000001
2005-12-06,1969.7445
2005-12-07,1962.3041000000001
2005-12-08,1974.9965999999999
2005-12-09,1959.4592
2005-12-12,1955.739
2005-12-13,1962.9606000000001
2005-12-14,1983.0934999999999
2005-12-15,1978.2791
2005-12-16,1984.8442
2005-12-19,1986.8136999999999
2005-12-20,1984.4065000000001
2005-12-21,1980.9051999999999
2005-12-22,1996.6614
2005-12-23,2008.9161999999999
2005-12-27,2025.3289
2005-12-28,2019.6948
2005-12-29,2024.0898
2005-12-30,2019.4751000000001
2006-01-03,2016.8380999999999
2006-01-04,2021.6726000000001
2006-01-05,2019.2553
2006-01-06,2015.5196000000001
2006-01-09,2016.8380999999999
2006-01-10,2000.5768
2006-01-11,1997.2806
2006-01-12,2010.6851999999999
2006-01-13,2022.3317999999999
2006-01-17,2031.3414
2006-01-18,2034.1981000000001
2006-01-19,2024.749
2006-01-20,2030.0228999999999
2006-01-23,2029.3637000000001
2006-01-24,2019.4751000000001
2006-01-25,1997.5003999999999
2006-01-26,1988.9302
2006-01-27,1988.9302
2006-01-30,1986.9525000000001
2006-01-31,1985.1946
2006-02-01,1985.6459
2006-02-02,1989.3949
2006-02-03,2003.5087000000001
2006-02-06,2007.4783
2006-02-07,1997.9955
2006-02-08,1993.3643999999999
2006-02-09,2002.4060999999999
2006-02-10,1991.3796
2006-02-13,1991.6002000000001
2006-02-14,1984.5432000000001
2006-02-15,1989.3949
2006-02-16,1989.8359
2006-02-17,2005.7139999999999
2006-02-21,2002.4060999999999
2006-02-22,2016.0789
2006-02-23,2011.0066999999999
2006-02-24,2007.9193
2006-02-27,2004.6114
2006-02-28,2007.4783
2006-03-01,2002.4003
2006-03-02,1988.4579000000001
2006-03-03,1976.9498000000001
2006-03-06,1959.6877999999999
2006-03-07,1961.0155999999999
2006-03-08,1960.3516999999999
2006-03-09,1961.0155999999999
2006-03-10,1953.7123999999999
2006-03-13,1952.1632999999999
2006-03-14,1965.2204999999999
2006-03-15,1954.5977
2006-03-16,1972.3023000000001
2006-03-17,1966.327
2006-03-20,1969.4253000000001
2006-03-21,1959.2451000000001
2006-03-22,1963.45
2006-03-23,1957.2534000000001
2006-03-24,1971.6384
2006-03-27,1964.3352
2006-03-28,1945.9666
2006-03-29,1936.6717000000001
2006-03-30,1923.1718000000001
2006-03-31,1915.2047
2006-04-03,1923.1355000000001
2006-04-04,1921.1361999999999
2006-04-05,1923.8019999999999
2006-04-06,1909.1402
2006-04-07,1890.4798000000001
2006-04-10,1894.0341000000001
2006-04-11,1900.6985999999999
2006-04-12,1889.1469
2006-04-13,1875.818
2006-04-17,1882.7046
2006-04-18,1886.0368000000001
2006-04-19,1874.4851000000001
2006-04-20,1872.9301
2006-04-21,1883.8153
2006-04-24,1891.3683000000001
2006-04-25,1868.9313999999999
2006-04-26,1865.8213000000001
2006-04-27,1868.2650000000001
2006-04-28,1862.2670000000001
2006-05-01,1855.5968
2006-05-02,1860.5034000000001
2006-05-03,1856.4889000000001
2006-05-04,1853.3665000000001
2006-05-05,1864.5179000000001
2006-05-08,1865.633
2006-05-09,1864.5179000000001
2006-05-10,1867.8633
2006-05-11,1858.7192
2006-05-12,1843.3302000000001
2006-05-15,1850.6901
2006-05-16,1864.5179000000001
2006-05-17,1852.9204
2006-05-18,1878.1225999999999
2006-05-19,1883.0292999999999
2006-05-22,1887.0437999999999
2006-05-23,1885.9286
2006-05-24,1886.8207
2006-05-25,1879.4608000000001
2006-05-26,1878.1225999999999
2006-05-30,1877.2304999999999
2006-05-31,1866.0790999999999
2006-06-01,1874.3807999999999
2006-06-02,1898.5635
2006-06-05,1896.1004
2006-06-06,1905.057
2006-06-07,1905.5047999999999
2006-06-08,1909.3113000000001
2006-06-09,1919.3875
2006-06-12,1920.9549
2006-06-13,1922.2982999999999
2006-06-14,1903.0418
2006-06-15,1892.0699999999999
2006-06-16,1887.8155999999999
2006-06-19,1885.1287
2006-06-20,1881.9938999999999
2006-06-21,1882.4417000000001
2006-06-22,1871.6939
2006-06-23,1867.8873000000001
2006-06-26,1864.3046999999999
2006-06-27,1873.4852000000001
2006-06-28,1863.633
2006-06-29,1869.9024999999999
2006-06-30,1888.0396000000001
2006-07-03,1886.1748
2006-07-05,1871.1141
2006-07-06,1882.5781999999999
2006-07-07,1894.7166
2006-07-10,1896.5148999999999
2006-07-11,1902.5841
2006-07-12,1903.0337
2006-07-13,1910.4516000000001
2006-07-14,1911.5754999999999
2006-07-17,1914.4976999999999
2006-07-18,1898.0884000000001
2006-07-19,1916.0712000000001
2006-07-20,1921.6909000000001
2006-07-21,1918.0943
2006-07-24,1916.9703999999999
2006-07-25,1911.3507
2006-07-26,1918.3190999999999
2006-07-27,1915.3969
2006-07-28,1926.4114
2006-07-31,1928.884
2006-08-01,1928.7054000000001
2006-08-02,1935.9274
2006-08-03,1936.3787
2006-08-04,1948.1143999999999
2006-08-07,1949.2428
2006-08-08,1944.9548
2006-08-09,1938.6356000000001
2006-08-10,1935.7017000000001
2006-08-11,1927.3513
2006-08-14,1923.9661000000001
2006-08-15,1940.2154
2006-08-16,1953.3051
2006-08-17,1952.6280999999999
2006-08-18,1958.2701999999999
2006-08-21,1965.2664
2006-08-22,1965.7177999999999
2006-08-23,1966.8462
2006-08-24,1970.4572000000001
2006-08-25,1973.3911000000001
2006-08-28,1975.1966
2006-08-29,1977.9048
2006-08-30,1983.0956000000001
2006-08-31,1987.835
2006-09-01,1988.5155
2006-09-05,1977.1862000000001
2006-09-06,1973.3343
2006-09-07,1977.1862000000001
2006-09-08,1978.7723000000001
2006-09-11,1976.9595999999999
2006-09-12,1986.9294
2006-09-13,1987.8357000000001
2006-09-14,1983.3040000000001
2006-09-15,1981.7179000000001
2006-09-18,1980.3584000000001
2006-09-19,2000.7511
2006-09-20,2003.6967
2006-09-21,2022.0501999999999
2006-09-22,2030.4338
2006-09-25,2046.2947999999999
2006-09-26,2037.6846
2006-09-27,2030.8869999999999
2006-09-28,2028.3946000000001
2006-09-29,2025.9021
2006-10-02,2031.4236000000001
2006-10-03,2028.6938
2006-10-04,2043.4802
2006-10-05,2029.1487999999999
2006-10-06,2007.9928
2006-10-09,2013.4523999999999
2006-10-10,1997.5286000000001
2006-10-11,1992.2964999999999
2006-10-12,1992.7515000000001
2006-10-13,1982.7421999999999
2006-10-16,1991.6141
2006-10-17,1993.2064
2006-10-18,1997.3010999999999
2006-10-19,1993.6614
2006-10-20,1991.6141
2006-10-23,1983.6522
2006-10-24,1983.6522
2006-10-25,1999.3485000000001
2006-10-26,2012.3150000000001
2006-10-27,2021.6418000000001
2006-10-30,2027.3289
2006-10-31,2035.0633
2006-11-01,2054.2957999999999
2006-11-02,2045.8466000000001
2006-11-03,2019.1288999999999
2006-11-06,2027.5780999999999
2006-11-07,2036.9407000000001
2006-11-08,2044.4765
2006-11-09,2043.1062999999999
2006-11-10,2052.0122000000001
2006-11-13,2051.5554999999999
2006-11-14,2059.5479999999998
2006-11-15,2051.7838999999999
2006-11-16,2042.4213
2006-11-17,2054.0675000000001
2006-11-20,2057.2645000000002
2006-11-21,2062.2883000000002
2006-11-22,2065.7136
2006-11-24,2069.3672999999999
2006-11-27,2076.9031
2006-11-28,2081.4702000000002
2006-11-29,2076.4463999999998
2006-11-30,2082.1552999999999
2006-12-01,2095.4485
2006-12-04,2099.1158999999998
2006-12-05,2089.2597999999998
2006-12-06,2085.134
2006-12-07,2083.5295999999998
2006-12-08,2068.4016000000001
2006-12-11,2077.3409000000001
2006-12-12,2081.6959000000002
2006-12-13,2063.1298000000002
2006-12-14,2055.5657999999999
2006-12-15,2056.7118999999998
2006-12-18,2057.3995
2006-12-19,2054.6489999999999
2006-12-20,2054.4196999999999
2006-12-21,2064.7343000000001
2006-12-22,2048.9187000000002
2006-12-26,2055.1073999999999
2006-12-27,2040.0387000000001
2006-12-28,2035.4389000000001
2006-12-29,2033.8289
2007-01-03,2048.5484999999999
2007-01-04,2060.7381
2007-01-05,2051.9983999999999
2007-01-08,2055.4483
2007-01-09,2055.4483
2007-01-10,2046.2484999999999
2007-01-11,2034.2889
2007-01-12,2024.8592000000001
2007-01-16,2028.5391
2007-01-17,2023.0192
2007-01-18,2029.229
2007-01-19,2023.7092
2007-01-22,2028.5391
2007-01-23,2015.1994999999999
2007-01-24,2014.9694999999999
2007-01-25,2000.4799
2007-01-26,1998.8699999999999
2007-01-29,1994.5001
2007-01-30,1996.8
2007-01-31,2005.3098
2007-02-01,2011.1813
2007-02-02,2013.7215000000001
2007-02-05,2016.4927
2007-02-06,2027.5773999999999
2007-02-07,2033.5816
2007-02-08,2035.1982
2007-02-09,2023.6515999999999
2007-02-12,2019.0329999999999
2007-02-13,2014.6452999999999
2007-02-14,2033.8126
2007-02-15,2039.8168000000001
2007-02-16,2046.9757
2007-02-20,2051.5943000000002
2007-02-21,2048.1302999999998
2007-02-22,2037.0455999999999
2007-02-23,2051.5943000000002
2007-02-26,2065.2192
2007-02-27,2091.3145
2007-02-28,2081.8463000000002
2007-03-01,2080.2908000000002
2007-03-02,2090.0268999999998
2007-03-05,2094.4313999999999
2007-03-06,2088.1723999999999
2007-03-07,2096.2858999999999
2007-03-08,2094.4313999999999
2007-03-09,2072.4090999999999
2007-03-12,2080.5225999999998
2007-03-13,2093.0405000000001
2007-03-14,2083.5362
2007-03-15,2083.3044
2007-03-16,2082.8407000000002
2007-03-19,2078.4362999999998
2007-03-20,2079.5954000000002
2007-03-21,2080.5225999999998
2007-03-22,2064.0639000000001
2007-03-23,2058.2685000000001
2007-03-26,2060.8184999999999
2007-03-27,2057.3413
2007-03-28,2053.1687000000002
2007-03-29,2050.3869
2007-03-30,2046.4460999999999
2007-04-02,2049.8312000000001
2007-04-03,2047.2718
2007-04-04,2049.3658999999998
2007-04-05,2041.6876999999999
2007-04-09,2028.1928
2007-04-10,2034.2422999999999
2007-04-11,2032.8462
2007-04-12,2033.3116
2007-04-13,2027.0295000000001
2007-04-16,2038.1976999999999
2007-04-17,2049.5985999999998
2007-04-18,2059.8361
2007-04-19,2056.346
2007-04-20,2050.9946
2007-04-23,2058.4400000000001
2007-04-24,2066.1181999999999
2007-04-25,2058.9054000000001
2007-04-26,2044.0144
2007-04-27,2043.5491
2007-04-30,2057.2766999999999
2007-05-01,2066.4443000000001
2007-05-02,2065.2766999999999
2007-05-03,2060.6062999999999
2007-05-04,2069.0131000000001
2007-05-07,2074.6176999999998
2007-05-08,2069.9472000000001
2007-05-09,2061.7739000000001
2007-05-10,2066.6779000000001
2007-05-11,2059.4387000000002
2007-05-14,2054.0675999999999
2007-05-15,2053.3670999999999
2007-05-16,2051.9659000000001
2007-05-17,2043.5590999999999
2007-05-18,2030.0147999999999
2007-05-21,2036.0863999999999
2007-05-22,2025.5778
2007-05-23,2019.7398000000001
2007-05-24,2021.6079
2007-05-25,2016.9375
2007-05-29,2017.171
2007-05-30,2020.9074000000001
2007-05-31,2017.171
2007-06-01,2006.6052999999999
2007-06-04,2015.7485999999999
2007-06-05,2003.0887
2007-06-06,2002.1509000000001
2007-06-07,1966.2809999999999
2007-06-08,1964.6398999999999
2007-06-11,1959.0132000000001
2007-06-12,1930.6455000000001
2007-06-13,1953.6210000000001
2007-06-14,1948.6976999999999
2007-06-15,1962.0609999999999
2007-06-18,1958.0753999999999
2007-06-19,1976.3621000000001
2007-06-20,1966.9843000000001
2007-06-21,1951.0420999999999
2007-06-22,1963.7021
2007-06-25,1974.4865
2007-06-26,1974.9554000000001
2007-06-27,1976.8308999999999
2007-06-28,1976.3621000000001
2007-06-29,1996.7587000000001
2007-07-02,2007.2075
2007-07-03,1994.9699000000001
2007-07-05,1972.6126999999999
2007-07-06,1964.6111000000001
2007-07-09,1971.6713
2007-07-10,2005.0895
2007-07-11,1984.3796
2007-07-12,1977.5547999999999
2007-07-13,1982.9675999999999
2007-07-16,2002.0300999999999
2007-07-17,1997.7940000000001
2007-07-18,2005.3248000000001
2007-07-19,2004.8541
2007-07-20,2022.9753000000001
2007-07-23,2019.6804999999999
2007-07-24,2027.2113999999999
2007-07-25,2031.2121
2007-07-26,2048.1565000000001
2007-07-27,2053.5693000000001
2007-07-30,2048.1565000000001
2007-07-31,2062.9829
2007-08-01,2058.5236
2007-08-02,2063.7213000000002
2007-08-03,2077.4243000000001
2007-08-06,2062.3036999999999
2007-08-07,2060.6498999999999
2007-08-08,2035.6063999999999
2007-08-09,2038.4416000000001
2007-08-10,2033.7164
2007-08-13,2039.6228000000001
2007-08-14,2045.0568000000001
2007-08-15,2037.7328
2007-08-16,2058.7597999999998
2007-08-17,2049.5457000000001
2007-08-20,2051.6720999999998
2007-08-21,2061.5949000000001
2007-08-22,2058.2873
2007-08-23,2065.3751000000002
2007-08-24,2075.5342000000001
2007-08-27,2086.4020999999998
2007-08-28,2089.9459999999999
2007-08-29,2084.2757999999999
2007-08-30,2098.2150999999999
2007-08-31,2099.8688999999999
2007-09-04,2100.8561
2007-09-05,2117.6990000000001
2007-09-06,2112.2429000000002
2007-09-07,2142.1331
2007-09-10,2158.7388000000001
2007-09-11,2157.0781999999999
2007-09-12,2149.0126
2007-09-13,2129.7975000000001
2007-09-14,2135.7280999999998
2007-09-17,2143.0819999999999
2007-09-18,2126.9508000000001
2007-09-19,2107.2611999999999
2007-09-20,2067.4074999999998
2007-09-21,2084.9621000000002
2007-09-24,2090.8926999999999
2007-09-25,2083.5387999999998
2007-09-26,2085.4366
2007-09-27,2099.9072000000001
2007-09-28,2104.6516999999999
2007-10-01,2116.6257999999998
2007-10-02,2123.2937999999999
2007-10-03,2117.1021000000001
2007-10-04,2125.1990000000001
2007-10-05,2102.3371000000002
2007-10-08,2100.6700999999998
2007-10-09,2098.0506
2007-10-10,2099.2413000000001
2007-10-11,2097.098
2007-10-12,2086.8578000000002
2007-10-15,2087.3341
2007-10-16,2088.0484999999999
2007-10-17,2110.9103
2007-10-18,2122.5794000000001
2007-10-19,2154.2525999999998
2007-10-22,2154.4906999999998
2007-10-23,2151.6329999999998
2007-10-24,2167.5886999999998
2007-10-25,2160.2062000000001
2007-10-26,2155.2051999999999
2007-10-29,2163.5401999999999
2007-10-30,2162.3494999999998
2007-10-31,2142.8217
2007-11-01,2170.5360999999998
2007-11-02,2177.4722999999999
2007-11-05,2176.5156000000002
2007-11-06,2165.9917999999998
2007-11-07,2169.8186000000001
2007-11-08,2165.9917999999998
2007-11-09,2184.4083999999998
2007-11-12,2192.3013000000001
2007-11-13,2184.1691999999998
2007-11-14,2186.5610000000001
2007-11-15,2207.1302999999998
2007-11-16,2210.2395999999999
2007-11-19,2224.5902000000001
2007-11-20,2222.1985
2007-11-21,2235.1140999999998
2007-11-23,2241.8110000000001
2007-11-26,2286.0589
2007-11-27,2264.2937000000002
2007-11-28,2248.9863999999998
2007-11-29,2268.3597
2007-11-30,2257.3575999999998
2007-12-03,2275.1975000000002
2007-12-04,2274.9573999999998
2007-12-05,2247.8231000000001
2007-12-06,2228.1327000000001
2007-12-07,2203.1596
2007-12-10,2189.9526000000001
2007-12-11,2232.9353000000001
2007-12-12,2209.8831
2007-12-13,2185.8705
2007-12-14,2175.7851999999998
2007-12-17,2195.2354
2007-12-18,2209.4029
2007-12-19,2238.6983
2007-12-20,2233.8957999999998
2007-12-21,2201.2386000000001
2007-12-24,2190.9131000000002
2007-12-26,2171.703
2007-12-27,2195.2770999999998
2007-12-28,2229.5104999999999
2007-12-31,2243.1316000000002
2008-01-02,2275.3157999999999
2008-01-03,2272.1817000000001
2008-01-04,2272.6639
2008-01-07,2282.5482000000002
2008-01-08,2279.8962999999999
2008-01-09,2284.2357999999999
2008-01-10,2253.3775000000001
2008-01-11,2270.9762999999998
2008-01-14,2279.4142000000002
2008-01-15,2304.9686999999999
2008-01-16,2288.3341
2008-01-17,2317.9870000000001
2008-01-18,2302.0756999999999
2008-01-22,2326.6635000000001
2008-01-23,2321.3620999999998
2008-01-24,2274.8335999999999
2008-01-25,2313.1653999999999
2008-01-28,2304.4865
2008-01-29,2288.8163
2008-01-30,2273.8692999999998
2008-01-31,2290.0216999999998
2008-02-01,2303.7348000000002
2008-02-04,2280.0273999999999
2008-02-05,2297.4450999999999
2008-02-06,2290.4295999999999
2008-02-07,2241.0794000000001
2008-02-08,2266.7222000000002
2008-02-11,2276.1568000000002
2008-02-12,2262.6097
2008-02-13,2238.6579000000002
2008-02-14,2205.7602000000002
2008-02-15,2222.6941000000002
2008-02-19,2200.1961999999999
2008-02-20,2215.4367000000002
2008-02-21,2238.9022
2008-02-22,2226.0808999999999
2008-02-25,2203.3411000000001
2008-02-26,2204.0668000000001
2008-02-27,2206.0021000000002
2008-02-28,2245.192
2008-02-29,2279.5436
2008-03-03,2273.6878999999999
2008-03-04,2251.5920000000001
2008-03-05,2224.6399999999999
2008-03-06,2236.5376999999999
2008-03-07,2239.4515000000001
2008-03-10,2272.4738000000002
2008-03-11,2253.0488999999998
2008-03-12,2296.5122000000001
2008-03-13,2278.5441000000001
2008-03-14,2306.7103000000002
2008-03-17,2324.4355
2008-03-18,2315.4515000000001
2008-03-19,2353.8157000000001
2008-03-20,2359.6675
2008-03-24,2313.9946
2008-03-25,2323.7071000000001
2008-03-26,2313.9946
2008-03-27,2297.7262999999998
2008-03-28,2320.0648999999999
2008-03-31,2328.3204999999998
2008-04-01,2290.5886999999998
2008-04-02,2295.4684000000002
2008-04-03,2300.5893999999998
2008-04-04,2321.5614999999998
2008-04-07,2309.3685
2008-04-08,2301.3209999999999
2008-04-09,2325.2195000000002
2008-04-10,2317.4159
2008-04-11,2333.0230000000001
2008-04-14,2319.3667999999998
2008-04-15,2290.5911000000001
2008-04-16,2268.1559000000002
2008-04-17,2264.2541000000001
2008-04-18,2262.3031999999998
2008-04-21,2271.3261000000002
2008-04-22,2279.1296000000002
2008-04-23,2271.5699
2008-04-24,2252.3049000000001
2008-04-25,2239.1363000000001
2008-04-28,2245.9645
2008-04-29,2254.4996000000001
2008-04-30,2270.7163999999998
2008-05-01,2270.7498000000001
2008-05-02,2242.1145999999999
2008-05-05,2242.1145999999999
2008-05-06,2225.9612999999999
2008-05-07,2235.5039999999999
2008-05-08,2255.5756000000001
2008-05-09,2263.8969000000002
2008-05-12,2260.4704999999999
2008-05-13,2235.7512000000002
2008-05-14,2236.7302
2008-05-15,2257.0439999999999
2008-05-16,2247.7437
2008-05-19,2250.7296000000001
2008-05-20,2262.4283999999998
2008-05-21,2262.9178999999999
2008-05-22,2236.2406999999998
2008-05-23,2246.0304999999998
2008-05-27,2230.8562999999999
2008-05-28,2211.0319
2008-05-29,2195.1233999999999
2008-05-30,2209.5634
2008-06-02,2218.0470999999998
2008-06-03,2234.0131000000001
2008-06-04,2214.1170000000002
2008-06-05,2200.8528999999999
2008-06-06,2229.3461000000002
2008-06-09,2229.3461000000002
2008-06-10,2214.8539000000001
2008-06-11,2209.6956
2008-06-12,2187.5888
2008-06-13,2182.9218999999998
2008-06-16,2183.4131000000002
2008-06-17,2187.8344999999999
2008-06-18,2206.2568000000001
2008-06-19,2193.2359000000001
2008-06-20,2206.0111999999999
2008-06-23,2210.6781999999998
2008-06-24,2225.2883000000002
2008-06-25,2226.3984999999998
2008-06-26,2241.3820000000001
2008-06-27,2267.6644999999999
2008-06-30,2268.1558
2008-07-01,2262.7946000000002
2008-07-02,2274.6275000000001
2008-07-03,2269.6972000000001
2008-07-07,2280.0509999999999
2008-07-08,2294.8420999999998
2008-07-09,2304.9493000000002
2008-07-10,2304.7028
2008-07-11,2271.9158000000002
2008-07-14,2291.8838000000001
2008-07-15,2291.1442999999999
2008-07-16,2249.7292000000002
2008-07-17,2238.1428000000001
2008-07-18,2229.7611000000002
2008-07-21,2238.3892999999998
2008-07-22,2227.2959999999998
2008-07-23,2222.8586
2008-07-24,2244.5522999999998
2008-07-25,2222.1190999999999
2008-07-28,2244.5522999999998
2008-07-29,2235.4310999999998
2008-07-30,2237.6496999999999
2008-07-31,2259.8364000000001
2008-08-01,2264.8281000000002
2008-08-04,2259.6324
2008-08-05,2242.8081999999999
2008-08-06,2233.6514000000002
2008-08-07,2270.0237999999999
2008-08-08,2276.2091
2008-08-11,2254.4367000000002
2008-08-12,2275.4668999999999
2008-08-13,2267.5495999999998
2008-08-14,2282.1469999999999
2008-08-15,2301.9402
2008-08-18,2311.0945000000002
2008-08-19,2302.1876000000002
2008-08-20,2308.6203
2008-08-21,2304.4142999999999
2008-08-22,2302.9297999999999
2008-08-25,2325.9393
2008-08-26,2327.9186
2008-08-27,2331.8773000000001
2008-08-28,2332.1246999999998
2008-08-29,2321.7332999999999
2008-09-02,2343.2583
2008-09-03,2353.1905000000002
2008-09-04,2371.9623999999999
2008-09-05,2370.8202000000001
2008-09-08,2380.7523999999999
2008-09-09,2404.3413999999998
2008-09-10,2389.4431
2008-09-11,2388.2015999999999
2008-09-12,2357.4117000000001
2008-09-15,2433.8897999999999
2008-09-16,2433.3932
2008-09-17,2445.5601000000001
2008-09-18,2409.8042
2008-09-19,2333.3261000000002
2008-09-22,2333.0778
2008-09-23,2324.1388000000002
2008-09-24,2334.3193000000001
2008-09-25,2329.6015000000002
2008-09-26,2346.4863
2008-09-29,2414.7703000000001
2008-09-30,2355.9218999999998
2008-10-01,2385.4702000000002
2008-10-02,2404.6475999999998
2008-10-03,2425.8175000000001
2008-10-06,2469.9005999999999
2008-10-07,2462.4288999999999
2008-10-08,2427.0628000000002
2008-10-09,2406.6401000000001
2008-10-10,2389.7042000000001
2008-10-13,2359.0702000000001
2008-10-14,2343.8777
2008-10-15,2366.2928000000002
2008-10-16,2354.0641000000001
2008-10-17,2337.9002999999998
2008-10-20,2356.5796
2008-10-21,2369.0324000000001
2008-10-22,2417.1005
2008-10-23,2435.0326
2008-10-24,2409.1307000000002
2008-10-27,2410.8741
2008-10-28,2375.7570000000001
2008-10-29,2363.8022000000001
2008-10-30,2342.3833
2008-10-31,2311.9983000000002
2008-11-03,2318.2248
2008-11-04,2361.7337000000002
2008-11-05,2389.7393999999999
2008-11-06,2372.4859000000001
2008-11-07,2356.9827
2008-11-10,2368.4825999999998
2008-11-11,2375.489
2008-11-12,2390.7395999999999
2008-11-13,2333.4778999999999
2008-11-14,2379.7374
2008-11-17,2390.2395000000001
2008-11-18,2420.9958000000001
2008-11-19,2483.0084999999999
2008-11-20,2611.2847999999999
2008-11-21,2573.5270999999998
2008-11-24,2533.2687999999998
2008-11-25,2607.7840999999999
2008-11-26,2611.2847999999999
2008-11-28,2643.5414000000001
2008-12-01,2744.4371000000001
2008-12-02,2754.9733000000001
2008-12-03,2762.75
2008-12-04,2817.1871999999998
2008-12-05,2771.5302000000001
2008-12-08,2765.5095000000001
2008-12-09,2820.1976
2008-12-10,2813.4243000000001
2008-12-11,2818.9432999999999
2008-12-12,2818.9432999999999
2008-12-15,2851.0536999999999
2008-12-16,2921.5461
2008-12-17,3000.8186999999998
2008-12-18,3063.7851999999998
2008-12-19,3067.0464000000002
2008-12-22,3043.4652999999998
2008-12-23,3039.4515000000001
2008-12-24,3032.9290999999998
2008-12-26,3042.9636
2008-12-29,3039.3292000000001
2008-12-30,3068.2752
2008-12-31,3004.0906
2009-01-02,2928.5792999999999
2009-01-05,2853.0680000000002
2009-01-06,2824.3737000000001
2009-01-07,2835.4486999999999
2009-01-08,2833.1833999999999
2009-01-09,2837.4623999999999
2009-01-12,2866.9117999999999
2009-01-13,2869.9322000000002
2009-01-14,2917.2525999999998
2009-01-15,2922.0349999999999
2009-01-16,2876.9798999999998
2009-01-20,2876.4765000000002
2009-01-21,2785.6113
2009-01-22,2731.9983000000002
2009-01-23,2710.6034
2009-01-26,2686.9432000000002
2009-01-27,2750.1210000000001
2009-01-28,2681.4056999999998
2009-01-29,2619.7381999999998
2009-01-30,2611.4319
2009-02-02,2659.8912999999998
2009-02-03,2596.5425
2009-02-04,2587.4566
2009-02-05,2589.7280999999998
2009-02-06,2581.6518000000001
2009-02-09,2589.9805000000001
2009-02-10,2646.2624999999998
2009-02-11,2680.5868999999998
2009-02-12,2655.3483999999999
2009-02-13,2584.6804000000002
2009-02-17,2665.1914000000002
2009-02-18,2642.4767000000002
2009-02-19,2597.5520999999999
2009-02-20,2622.7905999999998
2009-02-23,2647.0196000000001
2009-02-24,2644.2433999999998
2009-02-25,2613.7046999999998
2009-02-26,2586.1947
2009-02-27,2571.3040000000001
2009-03-02,2613.759
2009-03-03,2596.2968000000001
2009-03-04,2584.4023000000002
2009-03-05,2656.2755999999999
2009-03-06,2638.5603999999998
2009-03-09,2623.1228000000001
2009-03-10,2572.7608
2009-03-11,2600.5990999999999
2009-03-12,2612.9998000000001
2009-03-13,2599.8398999999999
2009-03-16,2558.8416999999999
2009-03-17,2544.9225999999999
2009-03-18,2641.3442
2009-03-19,2644.6342
2009-03-20,2629.9558000000002
2009-03-23,2607.1790000000001
2009-03-24,2631.4742999999999
2009-03-25,2596.5499
2009-03-26,2626.6658000000002
2009-03-27,2646.1525999999999
2009-03-30,2656.2755999999999
2009-03-31,2675.2561999999998
2009-04-01,2699.6053999999999
2009-04-02,2666.6122
2009-04-03,2612.0464999999999
2009-04-06,2600.8796000000002
2009-04-07,2607.4782
2009-04-08,2630.5734000000002
2009-04-09,2597.5801999999999
2009-04-13,2621.4369000000002
2009-04-14,2635.1417000000001
2009-04-15,2630.5734000000002
2009-04-16,2609.7622999999999
2009-04-17,2581.0835999999999
2009-04-20,2620.1678999999999
2009-04-21,2594.2809000000002
2009-04-22,2578.5457000000001
2009-04-23,2578.2919000000002
2009-04-24,2552.4049
2009-04-27,2563.3181
2009-04-28,2521.4421000000002
2009-04-29,2499.1082000000001
2009-04-30,2489.2103000000002
2009-05-01,2472.1219000000001
2009-05-04,2480.2680999999998
2009-05-05,2477.2132000000001
2009-05-06,2471.3580999999999
2009-05-07,2411.0252
2009-05-08,2416.8802999999998
2009-05-11,2451.2471999999998
2009-05-12,2460.1570999999999
2009-05-13,2486.8869
2009-05-14,2496.5605
2009-05-15,2495.7968000000001
2009-05-18,2457.1023
2009-05-19,2444.1192000000001
2009-05-20,2469.8307
2009-05-21,2407.7157999999999
2009-05-22,2380.9861000000001
2009-05-26,2345.0918000000001
2009-05-27,2303.6478999999999
2009-05-28,2336.9456
2009-05-29,2397.2784999999999
2009-06-01,2326.6464000000001
2009-06-02,2339.1622000000002
2009-06-03,2361.1284999999998
2009-06-04,2312.3427999999999
2009-06-05,2294.7186000000002
2009-06-08,2288.8438999999998
2009-06-09,2288.5884000000001
2009-06-10,2252.5738000000001
2009-06-11,2277.6053000000002
2009-06-12,2298.0391
2009-06-15,2318.7283000000002
2009-06-16,2359.0850999999998
2009-06-17,2345.8031000000001
2009-06-18,2310.2993999999999
2009-06-19,2341.9717999999998
2009-06-22,2364.7044000000001
2009-06-23,2392.5455000000002
2009-06-24,2368.5358000000001
2009-06-25,2411.9576999999999
2009-06-26,2416.0444000000002
2009-06-29,2419.6203
2009-06-30,2415.5336000000002
2009-07-01,2410.7653
2009-07-02,2416.4027000000001
2009-07-06,2411.7903000000001
2009-07-07,2427.9337999999998
2009-07-08,2472.7768999999998
2009-07-09,2443.3085999999998
2009-07-10,2465.8582999999999
2009-07-13,2452.0210000000002
2009-07-14,2411.2777999999998
2009-07-15,2349.2662
2009-07-16,2374.6345999999999
2009-07-17,2337.9913999999999
2009-07-20,2350.2912000000001
2009-07-21,2397.1842999999999
2009-07-22,2375.6596
2009-07-23,2332.0976999999998
2009-07-24,2343.3724999999999
2009-07-27,2316.4666999999999
2009-07-28,2336.9663999999998
2009-07-29,2349.7786999999998
2009-07-30,2383.0907000000002
2009-07-31,2429.4713000000002
2009-08-03,2392.7892000000002
2009-08-04,2373.7620999999999
2009-08-05,2338.2791000000002
2009-08-06,2346.2498999999998
2009-08-07,2326.7085000000002
2009-08-10,2355.7635
2009-08-11,2383.0185000000001
2009-08-12,2357.5632999999998
2009-08-13,2390.9893999999999
2009-08-14,2400.2458000000001
2009-08-17,2435.7287999999999
2009-08-18,2421.587
2009-08-19,2441.6426000000001
2009-08-20,2461.6983
2009-08-21,2411.0450000000001
2009-08-24,2454.7559000000001
2009-08-25,2468.6406000000002
2009-08-26,2479.9540000000002
2009-08-27,2470.1833000000001
2009-08-28,2481.4967999999999
2009-08-31,2483.8108999999999
2009-09-01,2477.8321000000001
2009-09-02,2513.9445999999998
2009-09-03,2498.4677999999999
2009-09-04,2455.9065999999998
2009-09-08,2438.6242000000002
2009-09-09,2435.7867999999999
2009-09-10,2480.6695
2009-09-11,2494.3406
2009-09-14,2469.5778
2009-09-15,2456.9384
2009-09-16,2461.3235
2009-09-17,2492.2770999999998
2009-09-18,2470.0936999999999
2009-09-21,2475.7685000000001
2009-09-22,2480.9274
2009-09-23,2488.4079000000002
2009-09-24,2495.6304
2009-09-25,2527.3578000000002
2009-09-28,2549.5410999999999
2009-09-29,2547.2195999999999
2009-09-30,2544.8980999999999
2009-10-01,2579.6505000000002
2009-10-02,2561.7973000000002
2009-10-05,2562.0560999999998
2009-10-06,2536.6994
2009-10-07,2566.4546999999998
2009-10-08,2539.5455999999999
2009-10-09,2481.3287999999998
2009-10-12,2485.2098999999998
2009-10-13,2498.1469999999999
2009-10-14,2461.1469999999999
2009-10-15,2449.7624000000001
2009-10-16,2469.6855
2009-10-19,2489.0911000000001
2009-10-20,2502.5455999999999
2009-10-21,2487.5385999999999
2009-10-22,2475.3778000000002
2009-10-23,2456.7483999999999
2009-10-26,2424.9232000000002
2009-10-27,2458.0421000000001
2009-10-28,2469.6855
2009-10-29,2442.7764000000002
2009-10-30,2478.2239
2009-11-02,2467.3130999999998
2009-11-03,2442.6529999999998
2009-11-04,2420.3290999999999
2009-11-05,2420.3290999999999
2009-11-06,2422.6653000000001
2009-11-09,2425.5207
2009-11-10,2421.1078000000002
2009-11-11,2431.2314000000001
2009-11-12,2426.8186000000001
2009-11-13,2437.9805000000001
2009-11-16,2466.5344
2009-11-17,2479.7730000000001
2009-11-18,2465.2365
2009-11-19,2469.6493999999998
2009-11-20,2469.1302000000001
2009-11-23,2466.0151999999998
2009-11-24,2481.5900999999999
2009-11-25,2493.0115999999998
2009-11-27,2502.3564999999999
2009-11-30,2508.3269
2009-12-01,2480.4632000000001
2009-12-02,2482.5464999999999
2009-12-03,2456.7653
2009-12-04,2430.7237
2009-12-07,2433.8487
2009-12-08,2437.4944999999998
2009-12-09,2426.2966000000001
2009-12-10,2398.4321
2009-12-11,2398.1716999999999
2009-12-14,2401.0363000000002
2009-12-15,2390.3591999999999
2009-12-16,2387.4946
2009-12-17,2426.8175000000001
2009-12-18,2416.4007999999999
2009-12-21,2373.4322000000002
2009-12-22,2360.1509000000001
2009-12-23,2360.6718000000001
2009-12-24,2336.1927000000001
2009-12-28,2329.6822999999999
2009-12-29,2344.9994999999999
2009-12-30,2360.4186
2009-12-31,2349.181
2010-01-04,2347.0902000000001
2010-01-05,2362.2478999999998
2010-01-06,2330.6257999999998
2010-01-07,2334.5459000000001
2010-01-08,2333.5005999999998
2010-01-11,2320.6949
2010-01-12,2360.4186
2010-01-13,2332.9778999999999
2010-01-14,2365.6453000000001
2010-01-15,2380.2804000000001
2010-01-19,2373.4854999999998
2010-01-20,2397.5288
2010-01-21,2408.5050000000001
2010-01-22,2404.3236000000002
2010-01-25,2393.3472999999999
2010-01-26,2394.1314000000002
2010-01-27,2392.8247000000001
2010-01-28,2391.518
2010-01-29,2412.4250999999999
2010-02-01,2390.5976999999998
2010-02-02,2397.4168
2010-02-03,2369.6161000000002
2010-02-04,2407.1208000000001
2010-02-05,2412.3661999999999
2010-02-08,2415.5133999999998
2010-02-09,2391.3845000000001
2010-02-10,2368.567
2010-02-11,2355.7157000000002
2010-02-12,2365.4196999999999
2010-02-16,2369.8782999999999
2010-02-17,2342.8645000000001
2010-02-18,2333.4227000000001
2010-02-19,2346.0117
2010-02-22,2336.3076999999998
2010-02-23,2372.7633000000001
2010-02-24,2378.5333000000001
2010-02-25,2391.9090999999999
2010-02-26,2404.2357999999999
2010-03-01,2403.1774
2010-03-02,2400.0201000000002
2010-03-03,2393.9688000000001
2010-03-04,2406.5976999999998
2010-03-05,2375.0254
2010-03-08,2362.6596
2010-03-09,2363.1858000000002
2010-03-10,2357.1343999999999
2010-03-11,2365.8168000000001
2010-03-12,2380.5506
2010-03-15,2377.3933000000002
2010-03-16,2396.3366999999998
2010-03-17,2406.5976999999998
2010-03-18,2398.7046
2010-03-19,2401.0725000000002
2010-03-22,2403.7035999999998
2010-03-23,2392.3901999999998
2010-03-24,2348.7152000000001
2010-03-25,2333.7183
2010-03-26,2340.2959000000001
2010-03-29,2331.3503999999998
2010-03-30,2338.7172999999998
2010-03-31,2354.7665000000002
2010-04-01,2349.0221999999999
2010-04-05,2309.9378999999999
2010-04-06,2313.6350000000002
2010-04-07,2343.2123999999999
2010-04-08,2344.2687000000001
2010-04-09,2349.8145
2010-04-12,2362.2264
2010-04-13,2369.8847999999998
2010-04-14,2353.2474999999999
2010-04-15,2355.8883999999998
2010-04-16,2373.0538000000001
2010-04-19,2367.2440000000001
2010-04-20,2375.6945999999998
2010-04-21,2395.2368000000001
2010-04-22,2388.1066000000001
2010-04-23,2379.6559000000002
2010-04-26,2382.2966999999999
2010-04-27,2415.8353000000002
2010-04-28,2395.2368000000001
2010-04-29,2405.2719999999999
2010-04-30,2433.0007000000001
2010-05-03,2429.8326999999999
2010-05-04,2473.5585999999998
2010-05-05,2488.1338999999998
2010-05-06,2564.9854
2010-05-07,2532.9196999999999
2010-05-10,2480.4486999999999
2010-05-11,2474.0886
2010-05-12,2455.2732000000001
2010-05-13,2471.4385000000002
2010-05-14,2514.3694
2010-05-17,2505.0942
2010-05-18,2543.5198999999998
2010-05-19,2552.0001000000002
2010-05-20,2605.7962000000002
2010-05-21,2608.4461999999999
2010-05-24,2599.4360000000001
2010-05-25,2612.1563000000001
2010-05-26,2604.7361000000001
2010-05-27,2545.6399999999999
2010-05-28,2557.3002000000001
2010-06-01,2575.2105999999999
2010-06-02,2550.7480999999998
2010-06-03,2532.1352999999999
2010-06-04,2600.2049000000002
2010-06-07,2620.1471999999999
2010-06-08,2607.1181999999999
2010-06-09,2604.1934000000001
2010-06-10,2557.6614
2010-06-11,2590.1008000000002
2010-06-14,2576.806
2010-06-15,2566.1700999999998
2010-06-16,2580.7945
2010-06-17,2601.8002999999999
2010-06-18,2597.5459000000001
2010-06-21,2590.1008000000002
2010-06-22,2620.9449
2010-06-23,2638.7600000000002
2010-06-24,2623.0720000000001
2010-06-25,2633.7078999999999
2010-06-28,2658.4362999999998
2010-06-29,2687.4191000000001
2010-06-30,2705.5001000000002
2010-07-01,2709.7420000000002
2010-07-02,2688.1388000000002
2010-07-06,2710.2754
2010-07-07,2678.5373
2010-07-08,2661.4681
2010-07-09,2646.2658000000001
2010-07-12,2645.1988999999999
2010-07-13,2622.5288999999998
2010-07-14,2648.9328
2010-07-15,2675.3368
2010-07-16,2688.4054999999998
2010-07-19,2671.8696
2010-07-20,2675.8701999999998
2010-07-21,2721.2103999999999
2010-07-22,2689.739
2010-07-23,2661.2013999999999
2010-07-26,2656.6673000000001
2010-07-27,2631.0635000000002
2010-07-28,2639.5981000000002
2010-07-29,2638.7979999999998
2010-07-30,2679.8708000000001
2010-08-02,2642.3831
2010-08-03,2657.6352999999999
2010-08-04,2637.299
2010-08-05,2649.6079
2010-08-06,2678.5068000000001
2010-08-09,2668.6062999999999
2010-08-10,2674.2255
2010-08-11,2710.0816
2010-08-12,2703.3921
2010-08-13,2737.1075000000001
2010-08-16,2805.6088
2010-08-17,2789.5538000000001
2010-08-18,2797.0461
2010-08-19,2840.6622000000002
2010-08-20,2837.4512
2010-08-23,2837.9863999999998
2010-08-24,2883.4755
2010-08-25,2874.1100999999999
2010-08-26,2901.136
2010-08-27,2818.9879999999998
2010-08-30,2872.9326999999998
2010-08-31,2904.8820999999998
2010-09-01,2845.0037000000002
2010-09-02,2814.9432999999999
2010-09-03,2780.0517
2010-09-07,2836.9517999999998
2010-09-08,2814.4065000000001
2010-09-09,2758.8483999999999
2010-09-10,2746.2337000000002
2010-09-13,2759.7878000000001
2010-09-14,2786.2248
2010-09-15,2744.8917000000001
2010-09-16,2717.7837
2010-09-17,2728.788
2010-09-20,2744.6233000000002
2010-09-21,2782.7357000000002
2010-09-22,2807.6965
2010-09-23,2815.8020999999999
2010-09-24,2777.9045000000001
2010-09-27,2826.2159000000001
2010-09-28,2845.5405000000001
2010-09-29,2833.7310000000002
2010-09-30,2831.8521999999998
2010-10-01,2818.2238000000002
2010-10-04,2825.4976000000001
2010-10-05,2808.5252999999998
2010-10-06,2843.817
2010-10-07,2820.1095999999998
2010-10-08,2807.7170000000001
2010-10-11,2808.2557999999999
2010-10-12,2780.5073000000002
2010-10-13,2776.1968999999999
2010-10-14,2734.6550000000002
2010-10-15,2701.3029000000001
2010-10-18,2723.1244999999999
2010-10-19,2739.5581000000002
2010-10-20,2745.4850000000001
2010-10-21,2712.8872000000001
2010-10-22,2731.2066
2010-10-25,2739.0192999999999
2010-10-26,2696.723
2010-10-27,2673.0156000000002
2010-10-28,2680.2894999999999
2010-10-29,2705.3438999999998
2010-11-01,2693.7438999999999
2010-11-02,2729.1487000000002
2010-11-03,2673.4739
2010-11-04,2694.2844
2010-11-05,2648.0689000000002
2010-11-08,2659.9605999999999
2010-11-09,2601.3128000000002
2010-11-10,2604.8263000000002
2010-11-11,2603.4749000000002
2010-11-12,2589.4211
2010-11-15,2535.3678
2010-11-16,2598.2858000000001
2010-11-17,2584.0158000000001
2010-11-18,2594.5560999999998
2010-11-19,2610.5018
2010-11-22,2621.5828000000001
2010-11-23,2634.5554999999999
2010-11-24,2587.5291999999999
2010-11-26,2623.4746
2010-11-29,2645.9067
2010-11-30,2659.6903000000002
2010-12-01,2600.8742999999999
2010-12-02,2593.9852000000001
2010-12-03,2573.6433999999999
2010-12-06,2609.9874
2010-12-07,2554.1152999999999
2010-12-08,2529.4339
2010-12-09,2541.9101999999998
2010-12-10,2526.4504000000002
2010-12-13,2535.9432999999999
2010-12-14,2498.9212000000002
2010-12-15,2466.5099
2010-12-16,2483.5971
2010-12-17,2528.8914
2010-12-20,2526.1792
2010-12-21,2543.8087999999998
2010-12-22,2525.6368000000002
2010-12-23,2520.4834999999998
2010-12-27,2542.9951000000001
2010-12-28,2493.3719999999998
2010-12-29,2535.5587
2010-12-30,2533.6534999999999
2010-12-31,2561.6873000000001
2011-01-03,2542.3629999999998
2011-01-04,2545.3569000000002
2011-01-05,2489.2894000000001
2011-01-06,2500.1763000000001
2011-01-07,2513.5127000000002
2011-01-10,2527.1212999999998
2011-01-11,2512.9684000000002
2011-01-12,2493.3719999999998
2011-01-13,2515.6900999999998
2011-01-14,2499.4958000000001
2011-01-18,2487.9285
2011-01-19,2505.8919000000001
2011-01-20,2471.326
2011-01-21,2490.9223999999999
2011-01-24,2492.0111000000002
2011-01-25,2515.6900999999998
2011-01-26,2477.5859999999998
2011-01-27,2488.7449999999999
2011-01-28,2501.8092999999999
2011-01-31,2482.7572
2011-02-01,2470.5082000000002
2011-02-02,2471.0544
2011-02-03,2450.5693000000001
2011-02-04,2425.7139999999999
2011-02-07,2438.2782000000002
2011-02-08,2415.8811000000001
2011-02-09,2436.9124999999999
2011-02-10,2408.7795999999998
2011-02-11,2443.4677999999999
2011-02-14,2445.1338999999998
2011-02-15,2456.0320000000002
2011-02-16,2448.1111000000001
2011-02-17,2451.9349999999999
2011-02-18,2444.2872000000002
2011-02-22,2480.8872999999999
2011-02-23,2489.9007999999999
2011-02-24,2505.7426
2011-02-25,2520.4919
2011-02-28,2523.7694999999999
2011-03-01,2531.0590999999999
2011-03-02,2492.1491999999998
2011-03-03,2467.7620999999999
2011-03-04,2488.3130999999998
2011-03-07,2472.4203000000002
2011-03-08,2457.3496
2011-03-09,2481.1887000000002
2011-03-10,2522.9757
2011-03-11,2508.5900000000001
2011-03-14,2507.4940000000001
2011-03-15,2545.0338000000002
2011-03-16,2573.8051999999998
2011-03-17,2554.0762
2011-03-18,2560.9265
2011-03-21,2545.8557999999998
2011-03-22,2554.3501999999999
2011-03-23,2551.0621000000001
2011-03-24,2531.8811000000001
2011-03-25,2525.5787999999998
2011-03-28,2529.1410000000001
2011-03-29,2509.6860999999999
2011-03-30,2529.6889999999999
2011-03-31,2524.4828000000002
2011-04-01,2536.6990000000001
2011-04-04,2539.4506000000001
2011-04-05,2529.2696000000001
2011-04-06,2491.2975999999999
2011-04-07,2486.3447000000001
2011-04-08,2473.1370000000002
2011-04-11,2475.3382999999999
2011-04-12,2502.0288
2011-04-13,2517.7129
2011-04-14,2515.7867999999999
2011-04-15,2549.9065999999998
2011-04-18,2555.6849999999999
2011-04-19,2566.6914000000002
2011-04-20,2550.1817999999998
2011-04-21,2547.9805000000001
2011-04-25,2557.6111000000001
2011-04-26,2582.3755000000001
2011-04-27,2555.9600999999998
2011-04-28,2575.4965000000002
2011-04-29,2583.4760999999999
2011-05-02,2587.6061
2011-05-03,2602.2519000000002
2011-05-04,2613.8580000000002
2011-05-05,2638.7282
2011-05-06,2627.1221
2011-05-09,2624.3588
2011-05-10,2605.5680000000002
2011-05-11,2620.4901
2011-05-12,2603.9099000000001
2011-05-13,2627.3984999999998
2011-05-16,2642.0443
2011-05-17,2669.1251000000002
2011-05-18,2633.7541999999999
2011-05-19,2632.6487999999999
2011-05-20,2634.0304999999998
2011-05-23,2646.7420000000002
2011-05-24,2656.6900000000001
2011-05-25,2644.2548999999999
2011-05-26,2666.9144999999999
2011-05-27,2665.8090999999999
2011-05-31,2671.8885
2011-06-01,2707.8674000000001
2011-06-02,2656.2837
2011-06-03,2671.5369000000001
2011-06-06,2651.2917000000002
2011-06-07,2663.4942999999998
2011-06-08,2684.2941999999998
2011-06-09,2673.4782
2011-06-10,2694.0007999999998
2011-06-13,2680.4115000000002
2011-06-14,2639.9211
2011-06-15,2687.8995
2011-06-16,2700.1021000000001
2011-06-17,2687.3447999999999
2011-06-20,2690.6727999999998
2011-06-21,2678.7474999999999
2011-06-22,2680.4115000000002
2011-06-23,2700.9340999999999
2011-06-24,2689.5635000000002
2011-06-27,2652.6783999999998
2011-06-28,2631.3238000000001
2011-06-29,2613.8519000000001
2011-06-30,2609.6918999999998
2011-07-01,2605.5225
2011-07-05,2611.3663999999999
2011-07-06,2624.7237
2011-07-07,2616.9319
2011-07-08,2653.9430000000002
2011-07-11,2693.7368000000001
2011-07-12,2702.9200000000001
2011-07-13,2710.4335000000001
2011-07-14,2671.7528000000002
2011-07-15,2676.2053000000001
2011-07-18,2650.3254000000002
2011-07-19,2705.4245000000001
2011-07-20,2673.4225000000001
2011-07-21,2652.8299000000002
2011-07-22,2672.8658999999998
2011-07-25,2643.6466999999998
2011-07-26,2661.7348000000002
2011-07-27,2662.0131000000001
2011-07-28,2672.0311000000002
2011-07-29,2724.904
2011-08-01,2752.3191000000002
2011-08-02,2834.9612000000002
2011-08-03,2840.5450999999998
2011-08-04,2941.6143000000002
2011-08-05,2856.7384999999999
2011-08-08,2946.9189999999999
2011-08-09,2955.8533000000002
2011-08-10,3043.8002000000001
2011-08-11,2890.2420999999999
2011-08-12,2947.4774000000002
2011-08-15,2917.6034
2011-08-16,2965.9043999999999
2011-08-17,3017.8348999999998
2011-08-18,3079.8164999999999
2011-08-19,3104.665
2011-08-22,3096.8474999999999
2011-08-23,3054.1305000000002
2011-08-24,2967.3004000000001
2011-08-25,2999.4079999999999
2011-08-26,3029.0028000000002
2011-08-29,2987.1233000000002
2011-08-30,3035.1451000000002
2011-08-31,2988.2401
2011-09-01,3051.4068000000002
2011-09-02,3150.5349000000001
2011-09-06,3183.2975000000001
2011-09-07,3122.5326
2011-09-08,3150.5349000000001
2011-09-09,3184.1376
2011-09-12,3187.4978999999998
2011-09-13,3142.1342
2011-09-14,3168.7363
2011-09-15,3120.2923999999998
2011-09-16,3142.9742999999999
2011-09-19,3202.8991000000001
2011-09-20,3216.3402000000001
2011-09-21,3322.7487999999998
2011-09-22,3447.6388999999999
2011-09-23,3383.5137
2011-09-26,3329.1893
2011-09-27,3278.2251999999999
2011-09-28,3277.1051000000002
2011-09-29,3299.7869000000001
2011-09-30,3382.6736000000001
2011-10-03,3475.5263
2011-10-04,3431.4540999999999
2011-10-05,3406.7512000000002
2011-10-06,3343.8712
2011-10-07,3319.1682999999998
2011-10-10,3272.2890000000002
2011-10-11,3261.3411000000001
2011-10-12,3213.9004
2011-10-13,3245.9018000000001
2011-10-14,3198.7417999999998
2011-10-17,3254.0426000000002
2011-10-18,3233.8310999999999
2011-10-19,3232.7082999999998
2011-10-20,3209.6896999999999
2011-10-21,3175.7231999999999
2011-10-24,3181.0567999999998
2011-10-25,3261.9025999999999
2011-10-26,3204.9175
2011-10-27,3096.2809999999999
2011-10-28,3128.8438999999998
2011-10-31,3252.9196999999999
2011-11-01,3361.5410000000002
2011-11-02,3319.6095999999998
2011-11-03,3274.0198999999998
2011-11-04,3277.9596999999999
2011-11-07,3298.7847000000002
2011-11-08,3256.5720000000001
2011-11-09,3324.1122999999998
2011-11-10,3274.5826999999999
2011-11-11,3254.6019999999999
2011-11-14,3306.9458
2011-11-15,3302.4431
2011-11-16,3332.5549000000001
2011-11-17,3359.2896000000001
2011-11-18,3358.4454000000001
2011-11-21,3378.4261000000001
2011-11-22,3416.1361000000002
2011-11-23,3449.6248999999998
2011-11-25,3399.5324000000001
2011-11-28,3397.8438999999998
2011-11-29,3369.9834999999998
2011-11-30,3317.3582999999999
2011-12-01,3300.75
2011-12-02,3347.0169000000001
2011-12-05,3340.2460999999998
2011-12-06,3308.3670999999999
2011-12-07,3320.2159000000001
2011-12-08,3361.6869000000002
2011-12-09,3292.5686000000001
2011-12-12,3329.2435999999998
2011-12-13,3360.2763
2011-12-14,3423.7523000000001
2011-12-15,3411.0571
2011-12-16,3450.8353999999999
2011-12-19,3494.5632999999998
2011-12-20,3407.3896
2011-12-21,3359.9942000000001
2011-12-22,3374.0999999999999
2011-12-23,3336.5785999999998
2011-12-27,3352.3730999999998
2011-12-28,3414.3544999999999
2011-12-29,3420.5810000000001
2011-12-30,3431.6187
2012-01-03,3380.1091000000001
2012-01-04,3339.9202
2012-01-05,3333.9767999999999
2012-01-06,3360.2977000000001
2012-01-09,3354.3543
2012-01-10,3348.6939000000002
2012-01-11,3392.279
2012-01-12,3387.4675999999999
2012-01-13,3421.1469999999999
2012-01-17,3436.9960999999998
2012-01-18,3395.3921999999998
2012-01-19,3348.6939000000002
2012-01-20,3310.7692000000002
2012-01-23,3289.8256999999999
2012-01-24,3295.7691
2012-01-25,3287.8445000000002
2012-01-26,3331.4295999999999
2012-01-27,3341.9014000000002
2012-01-30,3381.2411999999999
2012-01-31,3420.2979
2012-02-01,3381.2069999999999
2012-02-02,3379.7885000000001
2012-02-03,3307.1597999999999
2012-02-06,3340.0697
2012-02-07,3298.6486
2012-02-08,3301.2019
2012-02-09,3276.5194999999999
2012-02-10,3319.0754000000002
2012-02-13,3323.3310000000001
2012-02-14,3340.9207999999999
2012-02-15,3334.9629
2012-02-16,3308.2946000000002
2012-02-17,3307.4434999999999
2012-02-21,3270.8454000000002
2012-02-22,3311.9828000000002
2012-02-23,3311.9828000000002
2012-02-24,3333.5444000000002
2012-02-27,3363.0497999999998
2012-02-28,3351.9852999999998
2012-02-29,3331.5585000000001
2012-03-01,3300.2595000000001
2012-03-02,3331.2545
2012-03-05,3304.8092000000001
2012-03-06,3344.9036999999998
2012-03-07,3324.4299000000001
2012-03-08,3291.1599999999999
2012-03-09,3297.7003
2012-03-12,3297.1316000000002
2012-03-13,3239.1224999999999
2012-03-14,3157.5118000000002
2012-03-15,3162.3458000000001
2012-03-16,3168.6017000000002
2012-03-19,3130.7820999999999
2012-03-20,3143.2939000000001
2012-03-21,3178.8386
2012-03-22,3189.0754999999999
2012-03-23,3219.2175000000002
2012-03-26,3202.7247000000002
2012-03-27,3225.7577000000001
2012-03-28,3221.2080000000001
2012-03-29,3245.3784000000001
2012-03-30,3190.4973
2012-04-02,3208.1275999999998
2012-04-03,3152.5347999999999
2012-04-04,3195.8685999999998
2012-04-05,3218.9609999999998
2012-04-09,3294.2249999999999
2012-04-10,3331.5718999999999
2012-04-11,3291.6592000000001
2012-04-12,3277.9748
2012-04-13,3331.0016999999998
2012-04-16,3326.1552000000001
2012-04-17,3324.1595000000002
2012-04-18,3333.8526000000002
2012-04-19,3336.9886000000001
2012-04-20,3337.5587999999998
2012-04-23,3361.7914999999998
2012-04-24,3338.1289999999999
2012-04-25,3321.0234999999998
2012-04-26,3340.9798999999998
2012-04-27,3343.8308000000002
2012-04-30,3344.6860999999999
2012-05-01,3327.3951999999999
2012-05-02,3350.8296
2012-05-03,3349.9722000000002
2012-05-04,3376.2644
2012-05-07,3376.8359999999998
2012-05-08,3394.8404999999998
2012-05-09,3397.1268
2012-05-10,3387.1242999999999
2012-05-11,3415.1311999999998
2012-05-14,3462.8573000000001
2012-05-15,3476.8607999999999
2012-05-16,3486.8633
2012-05-17,3548.5927999999999
2012-05-18,3549.4502000000002
2012-05-21,3542.0198
2012-05-22,3502.5814
2012-05-23,3526.8732
2012-05-24,3513.4413
2012-05-25,3526.5873999999999
2012-05-29,3515.7275
2012-05-30,3604.8924999999999
2012-05-31,3646.6170999999999
2012-06-01,3733
2012-06-04,3703.5048000000002
2012-06-05,3653.9643999999998
2012-06-06,3580.9423999999999
2012-06-07,3586.3832000000002
2012-06-08,3585.5241000000001
2012-06-11,3601.8467000000001
2012-06-12,3568.9151999999999
2012-06-13,3604.1376
2012-06-14,3599.5558000000001
2012-06-15,3619.6010999999999
2012-06-18,3639.0736000000002
2012-06-19,3591.5376999999999
2012-06-20,3609.2921000000001
2012-06-21,3628.4783000000002
2012-06-22,3580.0832999999998
2012-06-25,3632.2008999999998
2012-06-26,3617.8829000000001
2012-06-27,3623.6100999999999
2012-06-28,3632.4872999999998
2012-06-29,3585.2377999999999
2012-07-02,3622.1444999999999
2012-07-03,3594.3083000000001
2012-07-05,3612.6745000000001
2012-07-06,3646.25
2012-07-09,3678.3908000000001
2012-07-10,3685.8519999999999
2012-07-11,3690.4434999999999
2012-07-12,3716.5578999999998
2012-07-13,3706.8009000000002
2012-07-16,3724.0191
2012-07-17,3694.7480999999998
2012-07-18,3696.7568999999999
2012-07-19,3687.2869000000001
2012-07-20,3732.3413
2012-07-23,3753.2901000000002
2012-07-24,3782.8481000000002
2012-07-25,3792.6051000000002
2012-07-26,3757.8816000000002
2012-07-27,3686.9998999999998
2012-07-30,3714.5491000000002
2012-07-31,3722.0102999999999
2012-08-01,3703.4294
2012-08-02,3724.4225999999999
2012-08-03,3664.3188
2012-08-06,3665.7566999999999
2012-08-07,3618.5938999999998
2012-08-08,3599.3262
2012-08-09,3596.7379999999998
2012-08-10,3614.8553999999999
2012-08-13,3608.8162000000002
2012-08-14,3559.9279999999999
2012-08-15,3509.8894
2012-08-16,3479.9812999999999
2012-08-17,3496.9484000000002
2012-08-20,3504.1378
2012-08-21,3519.6669999999999
2012-08-22,3577.7577999999999
2012-08-23,3592.7118999999998
2012-08-24,3589.2609000000002
2012-08-27,3610.2541000000001
2012-08-28,3618.8815
2012-08-29,3603.0646999999999
2012-08-30,3621.7572
2012-08-31,3672.9461000000001
2012-09-04,3669.2575000000002
2012-09-05,3651.9659999999999
2012-09-06,3591.1574999999998
2012-09-07,3574.4423999999999
2012-09-10,3583.0880999999999
2012-09-11,3560.6091999999999
2012-09-12,3516.2276000000002
2012-09-13,3502.3944000000001
2012-09-14,3409.3085000000001
2012-09-17,3450.2316999999998
2012-09-18,3467.5232000000001
2012-09-19,3490.2903999999999
2012-09-20,3498.9360999999999
2012-09-21,3502.9708000000001
2012-09-24,3530.3490000000002
2012-09-25,3565.2202000000002
2012-09-26,3603.5497
2012-09-27,3577.9007000000001
2012-09-28,3579.9180000000001
2012-10-01,3593.1657
2012-10-02,3588.2561999999998
2012-10-03,3589.4114
2012-10-04,3544.6484
2012-10-05,3498.7303000000002
2012-10-08,3528.1871999999998
2012-10-09,3521.8337000000001
2012-10-10,3546.6700000000001
2012-10-11,3571.2174
2012-10-12,3580.1700000000001
2012-10-15,3572.0837999999999
2012-10-16,3522.7001
2012-10-17,3490.0664999999999
2012-10-18,3468.6958
2012-10-19,3515.7691
2012-10-22,3493.2431999999999
2012-10-23,3543.2044000000001
2012-10-24,3508.2604999999999
2012-10-25,3490.3553000000002
2012-10-26,3541.7604999999999
2012-10-31,3562.5536000000002
2012-11-01,3541.1700000000001
2012-11-02,3538.5650999999998
2012-11-05,3558.5358000000001
2012-11-06,3524.9618999999998
2012-11-07,3588.9259000000002
2012-11-08,3642.1808999999998
2012-11-09,3646.2329
2012-11-12,3652.3108999999999
2012-11-13,3664.4670000000001
2012-11-14,3667.9400999999998
2012-11-15,3660.7044000000001
2012-11-16,3657.5205999999998
2012-11-19,3636.9712
2012-11-20,3600.5030000000002
2012-11-21,3598.4769999999999
2012-11-23,3595.0039000000002
2012-11-26,3612.0801999999999
2012-11-27,3626.2622999999999
2012-11-28,3621.0524999999998
2012-11-29,3621.6314000000002
2012-11-30,3611.7908000000002
2012-12-03,3615.1140999999998
2012-12-04,3635.9940000000001
2012-12-05,3634.2539999999999
2012-12-06,3642.0839000000001
2012-12-07,3608.4441000000002
2012-12-10,3624.3939999999998
2012-12-11,3596.8442
2012-12-12,3555.0844999999999
2012-12-13,3557.6945000000001
2012-12-14,3584.3742999999999
2012-12-17,3530.7247000000002
2012-12-18,3494.7649999999999
2012-12-19,3506.3649
2012-12-20,3506.9449
2012-12-21,3545.2246
2012-12-24,3538.8445999999999
2012-12-26,3551.5538000000001
2012-12-27,3563.4697999999999
2012-12-28,3583.8141999999998
2012-12-31,3521.9090999999999
2013-01-02,3474.8263000000002
2013-01-03,3427.7435
2013-01-04,3441.1127000000001
2013-01-07,3442.5659000000001
2013-01-08,3465.2354
2013-01-09,3462.0383999999999
2013-01-10,3452.4474
2013-01-11,3483.2547
2013-01-14,3473.6637999999998
2013-01-15,3489.6487000000002
2013-01-16,3496.9144999999999
2013-01-17,3462.0383999999999
2013-01-18,3488.7768000000001
2013-01-22,3495.4612999999999
2013-01-23,3490.2298999999998
2013-01-24,3478.0232999999998
2013-01-25,3430.3591999999999
2013-01-28,3417.8618999999999
2013-01-29,3398.9706999999999
2013-01-30,3393.1579999999999
2013-01-31,3409.7242000000001
2013-02-01,3365.5529999999999
2013-02-04,3408.6637999999998
2013-02-05,3378.3697999999999
2013-02-06,3406.0421999999999
2013-02-07,3398.4686999999999
2013-02-08,3411.5767000000001
2013-02-11,3408.9551000000001
2013-02-12,3400.5077000000001
2013-02-13,3372.8353000000002
2013-02-14,3403.4205999999999
2013-02-15,3393.5167999999999
2013-02-19,3376.6219999999998
2013-02-20,3386.8171000000002
2013-02-21,3406.6248000000001
2013-02-22,3408.9551000000001
2013-02-25,3475.9515999999999
2013-02-26,3455.8526000000002
2013-02-27,3445.6574999999998
2013-02-28,3452.0659000000001
2013-03-01,3470.8206
2013-03-04,3452.4301999999998
2013-03-05,3442.5052000000001
2013-03-06,3411.2707999999998
2013-03-07,3384.9987999999998
2013-03-08,3349.6776
2013-03-11,3352.8886000000002
2013-03-12,3377.1172000000001
2013-03-13,3373.6143000000002
2013-03-14,3363.3973999999998
2013-03-15,3379.1606000000002
2013-03-18,3404.8487
2013-03-19,3427.9097000000002
2013-03-20,3389.6694000000002
2013-03-21,3422.3634000000002
2013-03-22,3424.9906000000001
2013-03-25,3421.7795999999998
2013-03-26,3425.8663000000001
2013-03-27,3455.0574000000001
2013-03-28,3437.5428000000002
2013-04-01,3463.3806
2013-04-02,3449.3386999999998
2013-04-03,3480.348
2013-04-04,3521.8886000000002
2013-04-05,3592.9758000000002
2013-04-08,3565.4771000000001
2013-04-09,3556.7008999999998
2013-04-10,3507.8467000000001
2013-04-11,3514.5751
2013-04-12,3566.9398000000001
2013-04-15,3597.9490000000001
2013-04-16,3568.4025000000001
2013-04-17,3592.0981999999999
2013-04-18,3600.8744000000002
2013-04-19,3593.2683999999999
2013-04-22,3595.9011999999998
2013-04-23,3583.3220000000001
2013-04-24,3592.3908000000001
2013-04-25,3576.8861000000002
2013-04-26,3609.6505999999999
2013-04-29,3596.4863
2013-04-30,3598.5340999999999
2013-05-01,3635.4106999999999
2013-05-02,3630.7202000000002
2013-05-03,3545.1190999999999
2013-05-06,3536.3244
2013-05-07,3522.5462000000002
2013-05-08,3528.1161000000002
2013-05-09,3519.0282999999999
2013-05-10,3481.2114000000001
2013-05-13,3454.5342999999998
2013-05-14,3417.0104999999999
2013-05-15,3439.8766000000001
2013-05-16,3475.6414
2013-05-17,3431.6682000000001
2013-05-20,3427.5641000000001
2013-05-21,3454.5342999999998
2013-05-22,3403.2321999999999
2013-05-23,3419.3557000000001
2013-05-24,3424.0462000000002
2013-05-28,3337.2723999999998
2013-05-29,3374.7962000000002
2013-05-30,3366.5879
2013-05-31,3355.1549
2013-06-03,3372.8930999999998
2013-06-04,3341.7442000000001
2013-06-05,3387.8798000000002
2013-06-06,3385.8227999999999
2013-06-07,3325.2882
2013-06-10,3309.4198999999999
2013-06-11,3348.7968000000001
2013-06-12,3300.8980999999999
2013-06-13,3352.6169
2013-06-14,3344.6828
2013-06-17,3327.0513999999998
2013-06-18,3328.8145
2013-06-19,3294.4331999999999
2013-06-20,3240.3634999999999
2013-06-21,3185.4122000000002
2013-06-24,3198.6358
2013-06-25,3170.1316000000002
2013-06-26,3190.7015999999999
2013-06-27,3223.3198000000002
2013-06-28,3245.3591000000001
2013-07-01,3251.8710999999998
2013-07-02,3249.8094000000001
2013-07-03,3240.0900999999999
2013-07-05,3129.6424999999999
2013-07-08,3159.9787999999999
2013-07-09,3163.2184999999999
2013-07-10,3138.4783000000002
2013-07-11,3175.2941000000001
2013-07-12,3172.6433999999999
2013-07-15,3189.4313999999999
2013-07-16,3200.3289
2013-07-17,3206.2195000000002
2013-07-18,3166.1637999999998
2013-07-19,3216.2334000000001
2013-07-22,3220.9458
2013-07-23,3207.3975999999998
2013-07-24,3166.7529
2013-07-25,3165.5747999999999
2013-07-26,3185.0135
2013-07-29,3161.7458999999999
2013-07-30,3160.5677999999998
2013-07-31,3172.0544
2013-08-01,3111.0866000000001
2013-08-02,3145.3391999999999
2013-08-05,3121.1262000000002
2013-08-06,3130.2799
2013-08-07,3153.6071000000002
2013-08-08,3162.1703000000002
2013-08-09,3167.1900999999998
2013-08-12,3145.6345000000001
2013-08-13,3100.1612
2013-08-14,3104.8856999999998
2013-08-15,3062.9557
2013-08-16,3052.3256000000001
2013-08-19,3025.7501999999999
2013-08-20,3049.0774999999999
2013-08-21,3015.7105999999999
2013-08-22,3046.4198999999999
2013-08-23,3079.4915000000001
2013-08-26,3094.8461000000002
2013-08-27,3133.8233
2013-08-28,3108.4290000000001
2013-08-29,3133.2327
2013-08-30,3129.6893
2013-09-03,3085.6637999999998
2013-09-04,3078.8542000000002
2013-09-05,3035.9236999999998
2013-09-06,3051.0234
2013-09-09,3052.5038
2013-09-10,3031.1866
2013-09-11,3058.1291000000001
2013-09-12,3053.9841000000001
2013-09-13,3065.8270000000002
2013-09-16,3045.3980000000001
2013-09-17,3070.5641999999998
2013-09-18,3108.4614000000001
2013-09-19,3090.1048999999998
2013-09-20,3106.3888999999999
2013-09-23,3129.1864
2013-09-24,3162.9387000000002
2013-09-25,3169.4522999999999
2013-09-26,3147.2469000000001
2013-09-27,3154.9447
2013-09-30,3150.2076000000002
2013-10-01,3140.6659
2013-10-02,3145.4155000000001
2013-10-03,3140.3690000000001
2013-10-04,3137.9942000000001
2013-10-07,3150.7588000000001
2013-10-08,3151.6493
2013-10-09,3126.4171000000001
2013-10-10,3131.4634999999998
2013-10-11,3130.5729999999999
2013-10-14,3105.3407999999999
2013-10-15,3103.2629000000002
2013-10-16,3142.1500999999998
2013-10-17,3170.6477
2013-10-18,3177.4751999999999
2013-10-21,3167.3823000000002
2013-10-22,3202.7073999999998
2013-10-23,3215.1750999999999
2013-10-24,3202.7073999999998
2013-10-25,3214.5814
2013-10-28,3203.5979000000002
2013-10-29,3207.7538
2013-10-30,3188.4585999999999
2013-10-31,3195.2862
2013-11-01,3160.7882
2013-11-04,3163.7647999999999
2013-11-05,3125.9627
2013-11-06,3127.451
2013-11-07,3153.9422
2013-11-08,3078.0403999999999
2013-11-11,3066.4319
2013-11-12,3080.7193000000002
2013-11-13,3092.0300999999999
2013-11-14,3111.0799999999999
2013-11-15,3117.3307
2013-11-18,3136.0828999999999
2013-11-19,3112.2705999999998
2013-11-20,3059.2882
2013-11-21,3064.3483000000001
2013-11-22,3092.9231
2013-11-25,3101.8526999999999
2013-11-26,3113.4612000000002
2013-11-27,3108.1035000000002
2013-11-29,3108.9964
2013-12-02,3084.8863999999999
2013-12-03,3096.2312000000002
2013-12-04,3066.6750000000002
2013-12-05,3058.0171999999998
2013-12-06,3072.6460000000002
2013-12-09,3079.8110999999999
2013-12-10,3101.9036000000001
2013-12-11,3078.0198
2013-12-12,3066.3764999999999
2013-12-13,3081.3038000000001
2013-12-16,3069.9589999999998
2013-12-17,3083.6922
2013-12-18,3068.1678000000002
2013-12-19,3065.1822999999999
2013-12-20,3112.3526999999999
2013-12-23,3094.7384000000002
2013-12-24,3069.9589999999998
2013-12-26,3058.1567
2013-12-27,3049.4704999999999
2013-12-30,3070.4373000000001
2013-12-31,3050.9681
2014-01-02,3060.2534000000001
2014-01-03,3060.2534000000001
2014-01-06,3073.1329999999998
2014-01-07,3080.9207000000001
2014-01-08,3072.5340000000001
2014-01-09,3090.5055000000002
2014-01-10,3127.3471
2014-01-13,3142.9225000000001
2014-01-14,3128.5452
2014-01-15,3125.2505000000001
2014-01-16,3146.2172999999998
2014-01-17,3159.3964000000001
2014-01-21,3161.7926000000002
2014-01-22,3154.0048999999999
2014-01-23,3198.6342
2014-01-24,3219.3015
2014-01-27,3196.8371000000002
2014-01-28,3204.6248000000001
2014-01-29,3230.9830000000002
2014-01-30,3221.6977000000002
2014-01-31,3243.2636000000002
2014-02-03,3282.6680000000001
2014-02-04,3247.8355000000001
2014-02-05,3217.8074000000001
2014-02-06,3203.9944999999998
2014-02-07,3206.6970000000001
2014-02-10,3215.7055
2014-02-11,3197.0880999999999
2014-02-12,3180.5726
2014-02-13,3198.5895
2014-02-14,3200.3912
2014-02-18,3207.5979000000002
2014-02-19,3194.0853000000002
2014-02-20,3186.2779999999998
2014-02-21,3203.0936999999999
2014-02-24,3194.9861000000001
2014-02-25,3223.5128
2014-02-26,3240.6288
2014-02-27,3258.3453
2014-02-28,3260.1469999999999
2014-03-03,3281.8656000000001
2014-03-04,3232.5007000000001
2014-03-05,3239.4238
2014-03-06,3207.5171999999998
2014-03-07,3187.3498
2014-03-10,3191.8649
2014-03-11,3200.2930999999999
2014-03-12,3222.5675000000001
2014-03-13,3265.9123
2014-03-14,3266.5142999999998
2014-03-17,3242.1329000000001
2014-03-18,3253.8721
2014-03-19,3228.5875999999998
2014-03-20,3222.8685
2014-03-21,3257.7851999999998
2014-03-24,3280.9625999999998
2014-03-25,3268.6214
2014-03-26,3294.2067999999999
2014-03-27,3310.7622000000001
2014-03-28,3292.0998
2014-03-31,3283.9726999999998
2014-04-01,3255.9857999999999
2014-04-02,3237.2750000000001
2014-04-03,3251.4589999999998
2014-04-04,3273.1876999999999
2014-04-07,3292.8038999999999
2014-04-08,3300.6504
2014-04-09,3284.3537999999999
2014-04-10,3314.8344000000002
2014-04-11,3341.6934999999999
2014-04-14,3332.9416000000001
2014-04-15,3353.7649999999999
2014-04-16,3357.9899999999998
2014-04-17,3321.1718999999998
2014-04-21,3318.4558000000002
2014-04-22,3329.6219999999998
2014-04-23,3348.6345999999999
2014-04-24,3354.9721
2014-04-25,3359.8006999999998
2014-04-28,3343.5041999999999
2014-04-29,3338.9774000000002
2014-04-30,3352.8595999999998
2014-05-01,3388.7514000000001
2014-05-02,3409.6248000000001
2014-05-05,3389.0538999999999
2014-05-06,3402.6669999999999
2014-05-07,3390.5664999999999
2014-05-08,3376.0459000000001
2014-05-09,3365.1554000000001
2014-05-12,3351.5423000000001
2014-05-13,3380.5835999999999
2014-05-14,3417.1876000000002
2014-05-15,3444.4137999999998
2014-05-16,3434.7334000000001
2014-05-19,3409.3222999999998
2014-05-20,3416.8851
2014-05-21,3396.0117
2014-05-22,3391.1714999999999
2014-05-23,3409.3222999999998
2014-05-27,3429.2882
2014-05-28,3471.6399999999999
2014-05-29,3453.1867000000002
2014-05-30,3451.6741000000002
2014-06-02,3426.0767000000001
2014-06-03,3383.9180000000001
2014-06-04,3383.0081
2014-06-05,3384.5246000000002
2014-06-06,3384.5246000000002
2014-06-09,3379.6718000000001
2014-06-10,3367.2365
2014-06-11,3373.3024999999998
2014-06-12,3403.3292000000001
2014-06-13,3401.5093999999999
2014-06-16,3410.0018
2014-06-17,3383.0081
2014-06-18,3409.0918999999999
2014-06-19,3365.4167000000002
2014-06-20,3390.8939
2014-06-23,3380.2784000000001
2014-06-24,3414.5513000000001
2014-06-25,3423.3470000000002
2014-06-26,3439.7251999999999
2014-06-27,3434.5691000000002
2014-06-30,3443.0614999999998
2014-07-01,3414.3024999999998
2014-07-02,3377.8119000000002
2014-07-03,3365.6484
2014-07-07,3390.2795000000001
2014-07-08,3428.2905000000001
2014-07-09,3431.0273000000002
2014-07-10,3431.9396000000002
2014-07-11,3453.8339000000001
2014-07-14,3438.9335999999998
2014-07-15,3431.9396000000002
2014-07-16,3450.1849000000002
2014-07-17,3493.6695
2014-07-18,3482.4182000000001
2014-07-21,3499.7512999999999
2014-07-22,3507.0493999999999
2014-07-23,3502.4881
2014-07-24,3476.3364999999999
2014-07-25,3517.3883999999998
2014-07-28,3512.5230000000001
2014-07-29,3525.2946999999999
2014-07-30,3476.3364999999999
2014-07-31,3465.9974999999999
2014-08-01,3492.7512000000002
2014-08-04,3483.6046999999999
2014-08-05,3494.8854000000001
2014-08-06,3497.0196000000001
2014-08-07,3529.6421999999998
2014-08-08,3522.0201000000002
2014-08-11,3521.7152000000001
2014-08-12,3498.8489
2014-08-13,3521.7152000000001
2014-08-14,3550.0693999999999
2014-08-15,3588.7896999999998
2014-08-18,3553.1183000000001
2014-08-19,3542.1424999999999
2014-08-20,3536.3497000000002
2014-08-21,3556.1671000000001
2014-08-22,3575.9845999999998
2014-08-25,3589.3995
2014-08-26,3577.8139000000001
2014-08-27,3608.3022999999998
2014-08-28,3627.2051000000001
2014-08-29,3629.6442000000002
2014-09-02,3567.1738999999998
2014-09-03,3587.0374000000002
2014-09-04,3543.3377999999998
2014-09-05,3536.6147000000001
2014-09-08,3538.1426999999999
2014-09-09,3535.3924000000002
2014-09-10,3513.0841999999998
2014-09-11,3501.4717000000001
2014-09-12,3464.8006
2014-09-15,3469.9956999999999
2014-09-16,3455.9385000000002
2014-09-17,3447.0763000000002
2014-09-18,3458.0776000000001
2014-09-19,3502.0828999999999
2014-09-22,3506.3611000000001
2014-09-23,3528.0581999999999
2014-09-24,3508.5003000000002
2014-09-25,3550.0608000000002
2014-09-26,3544.8656999999998
2014-09-29,3573.2858000000001
2014-09-30,3553.1167
2014-10-01,3621.8555000000001
2014-10-02,3590.3024999999998
2014-10-03,3605.6194999999998
2014-10-06,3607.7638999999999
2014-10-07,3656.4719
2014-10-08,3657.3908999999999
2014-10-09,3641.4612000000002
2014-10-10,3677.6093000000001
2014-10-13,3699.9721
2014-10-14,3724.1729999999998
2014-10-15,3753.5816
2014-10-16,3729.6871000000001
2014-10-17,3708.8560000000002
2014-10-20,3722.3348999999998
2014-10-21,3692.6199999999999
2014-10-22,3696.6024000000002
2014-10-23,3663.8240000000001
2014-10-24,3667.5001000000002
2014-10-27,3674.2395999999999
2014-10-28,3651.2640999999999
2014-10-29,3659.5353
2014-10-30,3662.5987
2014-10-31,3653.1021999999998
2014-11-03,3653.1021999999998
2014-11-04,3664.4645
2014-11-05,3659.2440000000001
2014-11-06,3635.5983000000001
2014-11-07,3677.3620999999998
2014-11-10,3643.5826000000002
2014-11-11,3646.0392999999999
2014-11-12,3642.9684000000002
2014-11-13,3651.5668000000001
2014-11-14,3669.3778000000002
2014-11-17,3660.1651999999999
2014-11-18,3670.2991000000002
2014-11-19,3646.9605000000001
2014-11-20,3665.9998999999998
2014-11-21,3688.1100999999999
2014-11-24,3691.181
2014-11-25,3721.8896
2014-11-26,3732.0234999999998
2014-11-28,3761.5038
2014-12-01,3739.5949000000001
2014-12-02,3703.2761999999998
2014-12-03,3717.7422000000001
2014-12-04,3748.8285000000001
2014-12-05,3726.9757
2014-12-08,3772.5279999999998
2014-12-09,3791.9185000000002
2014-12-10,3819.6192000000001
2014-12-11,3835.3163
2014-12-12,3887.3319999999999
2014-12-15,3879.3296
2014-12-16,3927.3440999999998
2014-12-17,3891.9488000000001
2014-12-18,3822.6970000000001
2014-12-19,3874.0972000000002
2014-12-22,3879.3296
2014-12-23,3802.3832000000002
2014-12-24,3823.0446000000002
2014-12-26,3837.2325999999998
2014-12-29,3865.9169999999999
2014-12-30,3876.4038
2014-12-31,3883.8062
2015-01-02,3926.9870000000001
2015-01-05,3988.6738999999998
2015-01-06,4060.5391
2015-01-07,4052.5198
2015-01-08,3998.8521999999998
2015-01-09,4042.6498999999999
2015-01-12,4065.7824999999998
2015-01-13,4065.7824999999998
2015-01-14,4096.6260000000002
2015-01-15,4161.0888000000004
2015-01-16,4108.0379999999996
2015-01-20,4162.6309000000001
2015-01-21,4114.5151999999998
2015-01-22,4099.7102999999997
2015-01-23,4156.7707
2015-01-26,4144.1248999999998
2015-01-27,4150.6019999999999
2015-01-28,4218.4575999999997
2015-01-29,4190.6985000000004
2015-01-30,4265.0312000000004
2015-02-02,4248.9623000000001
2015-02-03,4159.0258000000003
2015-02-04,4166.1342000000004
2015-02-05,4120.3932000000004
2015-02-06,4047.4549999999999
2015-02-09,4040.9647
2015-02-10,4008.8224
2015-02-11,4016.2399
2015-02-12,4002.9503
2015-02-13,3961.8452000000002
2015-02-17,3902.1966000000002
2015-02-18,3925.3761
2015-02-19,3899.415
2015-02-20,3910.8503000000001
2015-02-23,3955.6640000000002
2015-02-24,4007.5862000000002
2015-02-25,4024.8935000000001
2015-02-26,3969.8807999999999
2015-02-27,4003.2593000000002
2015-03-02,3928.8404
2015-03-03,3914.5953
2015-03-04,3915.8339999999998
2015-03-05,3910.8791999999999
2015-03-06,3824.4801000000002
2015-03-09,3859.7829000000002
2015-03-10,3910.5695999999998
2015-03-11,3939.0596
2015-03-12,3936.2725
2015-03-13,3924.1952000000001
2015-03-16,3961.9755
2015-03-17,3994.8009999999999
2015-03-18,4071.9099999999999
2015-03-19,4051.1617999999999
2015-03-20,4072.5293000000001
2015-03-23,4067.5745000000002
2015-03-24,4106.9031999999997
2015-03-25,4072.2197000000001
2015-03-26,4008.7363999999998
2015-03-27,4058.5940000000001
2015-03-30,4038.4650999999999
2015-03-31,4047.136
2015-04-01,4100.1855999999998
2015-04-02,4056.7415999999998
2015-04-06,4034.0886999999998
2015-04-07,4067.9128999999998
2015-04-08,4069.1541999999999
2015-04-09,4016.4007000000001
2015-04-10,4022.2966999999999
2015-04-13,4027.8824
2015-04-14,4056.4313000000002
2015-04-15,4053.0178000000001
2015-04-16,4032.8474000000001
2015-04-17,4079.0843
2015-04-20,4043.0877999999998
2015-04-21,4024.7791999999999
2015-04-22,3963.3368999999998
2015-04-23,3980.4041999999999
2015-04-24,4005.2294000000002
2015-04-27,4005.2294000000002
2015-04-28,3949.9933999999998
2015-04-29,3901.5844000000002
2015-04-30,3908.4113000000002
2015-05-01,3855.9090999999999
2015-05-04,3819.5268000000001
2015-05-05,3814.2404000000001
2015-05-06,3748.9387000000002
2015-05-07,3799.3143
2015-05-08,3809.576
2015-05-11,3716.9097999999999
2015-05-12,3726.5495999999998
2015-05-13,3696.6974
2015-05-14,3706.6480999999999
2015-05-15,3780.9677000000001
2015-05-18,3717.5317
2015-05-19,3684.5699
2015-05-20,3690.7892000000002
2015-05-21,3742.4086000000002
2015-05-22,3743.9634000000001
2015-05-26,3808.0212000000001
2015-05-27,3816.7280999999998
2015-05-28,3807.3993
2015-05-29,3815.7952
2015-06-01,3774.8838999999998
2015-06-02,3722.2168999999999
2015-06-03,3662.3822
2015-06-04,3710.0630000000001
2015-06-05,3664.8753000000002
2015-06-08,3660.8240000000001
2015-06-09,3631.8416000000002
2015-06-10,3600.0544
2015-06-11,3675.7827000000002
2015-06-12,3676.4059999999999
2015-06-15,3681.7037999999998
2015-06-16,3710.3746000000001
2015-06-17,3682.0155
2015-06-18,3664.8753000000002
2015-06-19,3710.9978999999998
2015-06-22,3635.2696000000001
2015-06-23,3613.4549000000002
2015-06-24,3644.6188000000002
2015-06-25,3631.8416000000002
2015-06-26,3591.0169000000001
2015-06-29,3683.8852999999999
2015-06-30,3662.6939000000002
2015-07-01,3611.2163
2015-07-02,3625.2714000000001
2015-07-06,3690.2370000000001
2015-07-07,3724.9061999999999
2015-07-08,3757.0767000000001
2015-07-09,3683.0533
2015-07-10,3624.6466999999998
2015-07-13,3613.4025999999999
2015-07-14,3625.2714000000001
2015-07-15,3663.3762000000002
2015-07-16,3688.9877000000001
2015-07-17,3708.0401000000002
2015-07-20,3692.4234000000001
2015-07-21,3712.4128000000001
2015-07-22,3735.5255999999999
2015-07-23,3782.0635000000002
2015-07-24,3791.4335000000001
2015-07-27,3811.7352999999998
2015-07-28,3783.9375
2015-07-29,3771.1318000000001
2015-07-30,3798.9295999999999
2015-07-31,3827.0396999999998
2015-08-03,3867.2505000000001
2015-08-04,3836.5754000000002
2015-08-05,3807.7784000000001
2015-08-06,3841.5835999999999
2015-08-07,3891.9784
2015-08-10,3843.7746999999999
2015-08-11,3904.8117999999999
2015-08-12,3883.5270999999998
2015-08-13,3871.0066999999999
2015-08-14,3880.0839999999998
2015-08-17,3897.6125999999999
2015-08-18,3866.9375
2015-08-19,3903.8728000000001
2015-08-20,3944.5641999999998
2015-08-21,3956.1455999999998
2015-08-24,3954.5805999999998
2015-08-25,3891.6653999999999
2015-08-26,3815.6037000000001
2015-08-27,3818.7338
2015-08-28,3830.0021999999999
2015-08-31,3800.5792000000001
2015-09-01,3827.8946999999998
2015-09-02,3794.9578000000001
2015-09-03,3811.5830999999998
2015-09-04,3848.2842000000001
2015-09-08,3791.5073000000002
2015-09-09,3809.701
2015-09-10,3783.9789000000001
2015-09-11,3807.8189000000002
2015-09-14,3813.7788999999998
2015-09-15,3740.6904
2015-09-16,3726.5745000000002
2015-09-17,3772.0587999999998
2015-09-18,3830.0904999999998
2015-09-21,3767.6671999999999
2015-09-22,3820.0526
2015-09-23,3819.7388999999998
2015-09-24,3845.7746999999999
2015-09-25,3812.5241999999998
2015-09-28,3877.7705999999998
2015-09-29,3888.7496000000001
2015-09-30,3875.2611000000002
2015-10-01,3891.7692000000002
2015-10-02,3915.3443000000002
2015-10-05,3862.2217999999998
2015-10-06,3878.8815
2015-10-07,3865.9938000000002
2015-10-08,3833.6174000000001
2015-10-09,3843.6761000000001
2015-10-12,3872.9092000000001
2015-10-13,3879.5102000000002
2015-10-14,3913.4582999999998
2015-10-15,3894.2838999999999
2015-10-16,3895.5412000000001
2015-10-19,3884.8539000000001
2015-10-20,3860.9645
2015-10-21,3899.3132000000001
2015-10-22,3905.9142000000002
2015-10-23,3872.5947999999999
2015-10-26,3898.3701999999998
2015-10-27,3908.1145999999999
2015-10-28,3892.3978999999999
2015-10-29,3830.7883999999999
2015-10-30,3859.3928000000001
2015-11-02,3841.6831000000002
2015-11-03,3810.181
2015-11-04,3814.5913
2015-11-05,3804.5106000000001
2015-11-06,3748.7519000000002
2015-11-09,3727.6455000000001
2015-11-10,3738.6712000000002
2015-11-11,3730.7957000000001
2015-11-12,3748.7519000000002
2015-11-13,3770.1732999999999
2015-11-16,3766.7080999999998
2015-11-17,3773.0084999999999
2015-11-18,3780.884
2015-11-19,3806.0857000000001
2015-11-20,3794.4299999999998
2015-11-23,3806.0857000000001
2015-11-24,3805.7707
2015-11-25,3814.5913
2015-11-27,3810.8110999999999
2015-11-30,3825.9321
2015-12-01,3877.4857999999999
2015-12-02,3878.7485000000001
2015-12-03,3773.3117000000002
2015-12-04,3806.4580000000001
2015-12-07,3843.3924999999999
2015-12-08,3845.2865999999999
2015-12-09,3841.1826999999998
2015-12-10,3846.2336
2015-12-11,3906.8440000000001
2015-12-14,3856.3353000000002
2015-12-15,3833.6064000000001
2015-12-16,3825.3987999999999
2015-12-17,3868.6468
2015-12-18,3890.1129999999998
2015-12-21,3889.1660000000002
2015-12-22,3861.0704999999998
2015-12-23,3832.0279999999998
2015-12-24,3853.9371999999998
2015-12-28,3865.3253
2015-12-29,3801.1089000000002
2015-12-30,3797.3128000000002
2015-12-31,3814.395
2016-01-04,3841.9164000000001
2016-01-05,3826.4158000000002
2016-01-06,3877.9787999999999
2016-01-07,3884.9382000000001
2016-01-08,3902.3368
2016-01-11,3859.6311999999998
2016-01-12,3915.3065999999999
2016-01-13,3953.8998000000001
2016-01-14,3916.8883000000001
2016-01-15,3977.9414000000002
2016-01-19,3965.6042000000002
2016-01-20,4007.3607999999999
2016-01-21,3980.1558
2016-01-22,3964.9715999999999
2016-01-25,3986.4825000000001
2016-01-26,3988.3805000000002
2016-01-27,3987.4315000000001
2016-01-28,3993.1255999999998
2016-01-29,4026.9737
2016-02-01,4014.6691999999998
2016-02-02,4089.1498999999999
2016-02-03,4055.2375000000002
2016-02-04,4074.8877000000002
2016-02-05,4079.6417999999999
2016-02-08,4167.4339
2016-02-09,4171.8711000000003
2016-02-10,4208.6360000000004
2016-02-11,4238.1113999999998
2016-02-12,4167.7509
2016-02-16,4123.6962999999996
2016-02-17,4098.3411999999998
2016-02-18,4148.7344999999996
2016-02-19,4152.2209000000003
2016-02-22,4150.0023000000001
2016-02-23,4166.8001000000004
2016-02-24,4158.5595999999996
2016-02-25,4173.4557999999997
2016-02-26,4133.2044999999998
2016-02-29,4151.2700000000004
2016-03-01,4078.3233
2016-03-02,4095.1534999999999
2016-03-03,4110.0784999999996
2016-03-04,4083.7217000000001
2016-03-07,4082.4515000000001
2016-03-08,4127.5438999999997
2016-03-09,4102.4571999999998
2016-03-10,4085.627
2016-03-11,4044.3452000000002
2016-03-14,4057.0473000000002
2016-03-15,4060.8579
2016-03-16,4072.9249
2016-03-17,4089.7552000000001
2016-03-18,4098.3290999999999
2016-03-21,4066.8914
2016-03-22,4065.9387000000002
2016-03-23,4111.9838
2016-03-24,4113.5716000000002
2016-03-28,4118.9700000000003
2016-03-29,4162.1571000000004
2016-03-30,4118.3348999999998
2016-03-31,4147.5496999999996
2016-04-01,4158.3581999999997
2016-04-04,4160.9039000000002
2016-04-05,4206.4078
2016-04-06,4175.8597
2016-04-07,4227.4096
2016-04-08,4200.6800000000003
2016-04-11,4195.2704999999996
2016-04-12,4166.3134
2016-04-13,4180.9511000000002
2016-04-14,4160.9039000000002
2016-04-15,4196.5433000000003
2016-04-18,4178.4053999999996
2016-04-19,4165.3588
2016-04-20,4119.5366999999997
2016-04-21,4095.0346
2016-04-22,4084.5337
2016-04-25,4067.6686
2016-04-26,4049.2125000000001
2016-04-27,4089.625
2016-04-28,4106.4901
2016-04-29,4116.991
2016-05-02,4075.6297
2016-05-03,4126.9656999999997
2016-05-04,4149.6045000000004
2016-05-05,4177.3450999999995
2016-05-06,4159.4890999999998
2016-05-09,4172.5622000000003
2016-05-10,4172.8810999999996
2016-05-11,4196.4764999999998
2016-05-12,4177.3450999999995
2016-05-13,4217.8398999999999
2016-05-16,4181.4902000000002
2016-05-17,4188.5051000000003
2016-05-18,4128.8788000000004
2016-05-19,4146.7348000000002
2016-05-20,4149.9233999999997
2016-05-23,4159.1701999999996
2016-05-24,4140.6764999999996
2016-05-25,4125.0524999999998
2016-05-26,4146.4159
2016-05-27,4140.3576999999996
2016-05-31,4150.2421999999997
2016-06-01,4167.0546999999997
2016-06-02,4197.0887000000002
2016-06-03,4256.8370999999997
2016-06-06,4225.2056000000002
2016-06-07,4235.4299000000001
2016-06-08,4258.1152000000002
2016-06-09,4285.5931
2016-06-10,4306.3612000000003
2016-06-13,4325.5319
2016-06-14,4322.3368
2016-06-15,4338.9512999999997
2016-06-16,4360.0389999999998
2016-06-17,4332.8806000000004
2016-06-20,4286.5515999999998
2016-06-21,4266.7419
2016-06-22,4273.7712000000001
2016-06-23,4224.8860999999997
2016-06-24,4338.3122999999996
2016-06-27,4446.6262999999999
2016-06-28,4455.8921
2016-06-29,4421.7044999999998
2016-06-30,4437.9994999999999
2016-07-01,4499.5110000000004
2016-07-05,4555.8468999999996
2016-07-06,4563.2089999999998
2016-07-07,4562.8888999999999
2016-07-08,4596.4984000000004
2016-07-11,4556.1670000000004
2016-07-12,4481.2658000000001
2016-07-13,4534.0807999999997
2016-07-14,4468.1421
2016-07-15,4429.7313000000004
2016-07-18,4425.5700999999999
2016-07-19,4450.5371999999998
2016-07-20,4426.2102999999997
2016-07-21,4435.1728000000003
2016-07-22,4442.8549999999996
2016-07-25,4439.6540999999997
2016-07-26,4446.6961000000001
2016-07-27,4502.0717000000004
2016-07-28,4493.7493999999997
2016-07-29,4531.1998999999996
2016-08-01,4482.1668
2016-08-02,4435.9885999999997
2016-08-03,4438.5541000000003
2016-08-04,4471.9049999999997
2016-08-05,4425.4062000000004
2016-08-08,4433.7439000000004
2016-08-09,4477.3566000000001
2016-08-10,4494.6733999999997
2016-08-11,4454.5882000000001
2016-08-12,4492.1079
2016-08-15,4449.7780000000002
2016-08-16,4437.9126999999999
2016-08-17,4464.5293000000001
2016-08-18,4471.5843000000004
2016-08-19,4448.1745000000001
2016-08-22,4485.6943000000001
2016-08-23,4490.5045
2016-08-24,4479.9219999999996
2016-08-25,4462.9259000000002
2016-08-26,4436.9507000000003
2016-08-29,4496.2767999999996
2016-08-30,4478.96
2016-08-31,4485.3735999999999
2016-09-01,4490.3176999999996
2016-09-02,4453.6935000000003
2016-09-06,4486.1412
2016-09-07,4482.9286000000002
2016-09-08,4426.7071999999998
2016-09-09,4353.7800999999999
2016-09-12,4356.0290000000005
2016-09-13,4306.5541999999996
2016-09-14,4312.9795000000004
2016-09-15,4294.3462
2016-09-16,4329.0427
2016-09-19,4314.9071000000004
2016-09-20,4330.0065000000004
2016-09-21,4365.0244000000002
2016-09-22,4399.7209999999995
2016-09-23,4395.5446000000002
2016-09-26,4423.4946
2016-09-27,4455.9422999999997
2016-09-28,4446.3044
2016-09-29,4457.5487000000003
2016-09-30,4417.7118
2016-10-03,4403.1607000000004
2016-10-04,4351.6655000000001
2016-10-05,4331.3892999999998
2016-10-06,4307.2509
2016-10-07,4310.1475
2016-10-10,4284.7217000000001
2016-10-11,4275.0663999999997
2016-10-12,4279.2503999999999
2016-10-13,4295.3425999999999
2016-10-14,4235.1575999999995
2016-10-17,4262.1926000000003
2016-10-18,4276.0319
2016-10-19,4279.5721999999996
2016-10-20,4284.0780999999997
2016-10-21,4290.5150000000003
2016-10-24,4271.8478999999998
2016-10-25,4283.1125000000002
2016-10-26,4254.1464999999998
2016-10-27,4207.8008
2016-10-28,4198.4673000000003
2016-10-31,4224.2148999999999
2016-11-01,4224.5321999999996
2016-11-02,4242.9124000000002
2016-11-03,4210.3440000000001
2016-11-04,4248.0717000000004
2016-11-07,4211.9562999999998
2016-11-08,4194.866
2016-11-09,4016.8688000000002
2016-11-10,3957.5364
2016-11-11,3935.2867000000001
2016-11-14,3911.7471999999998
2016-11-15,3931.0947999999999
2016-11-16,3966.5652
2016-11-17,3908.2002000000002
2016-11-18,3896.9141
2016-11-21,3906.5879
2016-11-22,3905.2981
2016-11-23,3890.1424999999999
2016-11-25,3895.9468000000002
2016-11-28,3924.6455999999998
2016-11-29,3941.0909999999999
2016-11-30,3877.2440999999999
2016-12-01,3836.3782999999999
2016-12-02,3864.4895999999999
2016-12-05,3860.2890000000002
2016-12-06,3857.3809999999999
2016-12-07,3890.3389999999999
2016-12-08,3844.4562000000001
2016-12-09,3796.6347999999998
2016-12-12,3803.7433999999998
2016-12-13,3817.3143
2016-12-14,3774.6628000000001
2016-12-15,3793.7267000000002
2016-12-16,3785.0025999999998
2016-12-19,3825.7154
2016-12-20,3806.6514999999999
2016-12-21,3823.4535999999998
2016-12-22,3816.6217999999999
2016-12-23,3824.3969000000002
2016-12-27,3812.0862999999999
2016-12-28,3839.9472000000001
2016-12-29,3853.5536999999999
2016-12-30,3859.3850000000002
2017-01-03,3875.9072000000001
2017-01-04,3890.8096
2017-01-05,3951.7148000000002
2017-01-06,3915.4308000000001
2017-01-09,3946.8553999999999
2017-01-10,3944.2637
2017-01-11,3957.5462000000002
2017-01-12,3948.7991999999999
2017-01-13,3930.0092
2017-01-17,3971.1527000000001
2017-01-18,3920.2903000000001
2017-01-19,3893.4013
2017-01-20,3885.6261
2017-01-23,3924.5018
2017-01-24,3897.6127999999999
2017-01-25,3848.6941999999999
2017-01-26,3861.6527999999998
2017-01-27,3875.5832999999998
2017-01-30,3863.9205000000002
2017-01-31,3890.8096
2017-02-01,3866.8090000000002
2017-02-02,3865.1855999999998
2017-02-03,3863.5623000000001
2017-02-06,3886.9385000000002
2017-02-07,3915.5093000000002
2017-02-08,3968.7550999999999
2017-02-09,3922.9767000000002
2017-02-10,3920.7040000000002
2017-02-13,3908.3665999999998
2017-02-14,3880.1203999999998
2017-02-15,3862.2636000000002
2017-02-16,3883.3670999999999
2017-02-17,3906.4186
2017-02-21,3899.6006000000002
2017-02-22,3906.0938999999998
2017-02-23,3917.7820000000002
2017-02-24,3961.2876999999999
2017-02-27,3937.9115000000002
2017-02-28,3952.5216
2017-03-01,3886.415
2017-03-02,3872.4268999999999
2017-03-03,3882.5113000000001
2017-03-06,3863.9690000000001
2017-03-07,3852.2579999999998
2017-03-08,3831.4385000000002
2017-03-09,3800.8598999999999
2017-03-10,3814.1974
2017-03-13,3790.1248000000001
2017-03-14,3808.3418999999999
2017-03-15,3854.8604
2017-03-16,3835.3422
2017-03-17,3859.4146999999998
2017-03-20,3876.0052000000001
2017-03-21,3908.2103999999999
2017-03-22,3923.8249999999998
2017-03-23,3918.2948999999999
2017-03-24,3932.2829999999999
2017-03-27,3950.1747
2017-03-28,3923.8249999999998
2017-03-29,3947.2469999999998
2017-03-30,3915.3670999999999
2017-03-31,3926.7528000000002
2017-04-03,3966.2629000000002
2017-04-04,3944.7478999999998
2017-04-05,3956.8092999999999
2017-04-06,3950.9416000000001
2017-04-07,3934.9683
2017-04-10,3953.2235000000001
2017-04-11,3990.7118
2017-04-12,4012.5527999999999
2017-04-13,4024.9403000000002
2017-04-17,4012.5527999999999
2017-04-18,4065.0365000000002
2017-04-19,4042.8694999999998
2017-04-20,4027.2222000000002
2017-04-21,4027.2222000000002
2017-04-24,4007.3371000000002
2017-04-25,3959.0911999999998
2017-04-26,3980.9322999999999
2017-04-27,3979.6282999999999
2017-04-28,3988.4299000000001
2017-05-01,3955.3362000000002
2017-05-02,3975.5898000000002
2017-05-03,3978.2031999999999
2017-05-04,3958.6028999999999
2017-05-05,3962.1963000000001
2017-05-08,3940.636
2017-05-09,3940.3092999999999
2017-05-10,3935.7359000000001
2017-05-11,3935.7359000000001
2017-05-12,3965.4630000000002
2017-05-15,3954.6828999999998
2017-05-16,3969.3831
2017-05-17,4027.2039
2017-05-18,4031.7773000000002
2017-05-19,4041.2507999999998
2017-05-22,4030.1439
2017-05-23,4003.0302000000001
2017-05-24,4025.5704999999998
2017-05-25,4026.8771999999999
2017-05-26,4033.7372999999998
2017-05-30,4053.6642999999999
2017-05-31,4063.7910999999999
2017-06-01,4064.2152999999998
2017-06-02,4112.3377
2017-06-05,4086.8033999999998
2017-06-06,4109.0640999999996
2017-06-07,4089.4223000000002
2017-06-08,4078.6192999999998
2017-06-09,4072.3993999999998
2017-06-12,4071.0898999999999
2017-06-13,4071.7447000000002
2017-06-14,4134.5983999999999
2017-06-15,4128.0510999999997
2017-06-16,4136.2352000000001
2017-06-19,4130.3427000000001
2017-06-20,4167.3347000000003
2017-06-21,4175.8462
2017-06-22,4185.0123999999996
2017-06-23,4183.0482000000002
2017-06-26,4198.7615999999998
2017-06-27,4153.9128000000001
2017-06-28,4140.1635999999999
2017-06-29,4105.4630999999999
2017-06-30,4095.9695000000002
2017-07-03,4082.7977000000001
2017-07-05,4083.7818000000002
2017-07-06,4049.9935999999998
2017-07-07,4025.7186000000002
2017-07-10,4031.6233000000002
2017-07-11,4038.5122000000001
2017-07-12,4066.3955999999998
2017-07-13,4040.8083999999999
2017-07-14,4045.7291
2017-07-17,4056.8825000000002
2017-07-18,4092.3108999999999
2017-07-19,4093.9511000000002
2017-07-20,4105.7605999999996
2017-07-21,4123.1467000000002
2017-07-24,4107.0726999999997
2017-07-25,4053.6019999999999
2017-07-26,4060.1628999999998
2017-07-27,4040.1523999999999
2017-07-28,4064.0994000000001
2017-07-31,4069.02
2017-08-01,4097.5154000000002
2017-08-02,4099.8166000000001
2017-08-03,4142.2250999999997
2017-08-04,4107.0491000000002
2017-08-07,4111.6516000000001
2017-08-08,4096.8579
2017-08-09,4119.2128000000002
2017-08-10,4154.3887999999997
2017-08-11,4156.3612999999996
2017-08-14,4134.9926999999998
2017-08-15,4117.5690000000004
2017-08-16,4132.6914999999999
2017-08-17,4163.5937999999996
2017-08-18,4162.6075000000001
2017-08-21,4172.7987000000003
2017-08-22,4156.6900999999998
2017-08-23,4184.9624000000003
2017-08-24,4169.5111999999999
2017-08-25,4185.6198999999997
2017-08-28,4182.9898999999996
2017-08-29,4196.4686000000002
2017-08-30,4195.1535999999996
2017-08-31,4207.6459999999997
2017-09-01,4175.5155000000004
2017-09-05,4241.7308000000003
2017-09-06,4215.7058999999999
2017-09-07,4258.8611000000001
2017-09-08,4249.6370999999999
2017-09-11,4198.9049999999997
2017-09-12,4176.8332
2017-09-13,4160.3617000000004
2017-09-14,4177.4921000000004
2017-09-15,4179.1391999999996
2017-09-18,4155.0909000000001
2017-09-19,4144.8786
2017-09-20,4147.8433999999997
2017-09-21,4145.5374000000002
2017-09-22,4157.3968999999997
2017-09-25,4183.4218000000001
2017-09-26,4175.8449000000001
2017-09-27,4112.9238999999998
2017-09-28,4100.7349999999997
2017-09-29,4109.9591
2017-10-02,4102.4609
2017-10-03,4106.4219999999996
2017-10-04,4106.7520999999997
2017-10-05,4091.2375000000002
2017-10-06,4079.6840999999999
2017-10-09,4092.5578999999998
2017-10-10,4099.1598999999997
2017-10-11,4107.0821999999998
2017-10-12,4124.5774000000001
2017-10-13,4154.2862999999998
2017-10-16,4151.3154000000004
2017-10-17,4156.5969999999998
2017-10-18,4129.1988000000001
2017-10-19,4136.4610000000002
2017-10-20,4092.5578999999998
2017-10-23,4099.8200999999999
2017-10-24,4074.4025000000001
2017-10-25,4054.9267
2017-10-26,4041.3926999999999
2017-10-27,4068.1306
2017-10-30,4107.0821999999998
2017-10-31,4108.4026000000003
2017-11-01,4126.6594999999998
2017-11-02,4144.8531999999996
2017-11-03,4156.1001999999999
2017-11-06,4171.6475
2017-11-07,4189.1796000000004
2017-11-08,4179.9174000000003
2017-11-09,4168.0087999999996
2017-11-10,4105.1578
2017-11-13,4113.7584999999999
2017-11-14,4141.5451999999996
2017-11-15,4186.5333000000001
2017-11-16,4150.1459000000004
2017-11-17,4180.9097000000002
2017-11-20,4179.2557999999999
2017-11-21,4192.4875000000002
2017-11-22,4206.0501000000004
2017-11-24,4194.4723000000004
2017-11-27,4188.518
2017-11-28,4194.1414999999997
2017-11-29,4152.7921999999999
2017-11-30,4138.8989000000001
2017-12-01,4194.6279000000004
2017-12-04,4196.6166999999996
2017-12-05,4217.4987000000001
2017-12-06,4232.0829000000003
2017-12-07,4198.9368999999997
2017-12-08,4199.2683999999999
2017-12-11,4190.6504000000004
2017-12-12,4188.9930999999997
2017-12-13,4220.4817999999996
2017-12-14,4238.3806999999997
2017-12-15,4254.2906999999996
2017-12-18,4215.5099
2017-12-19,4160.8190000000004
2017-12-20,4114.7460000000001
2017-12-21,4138.6628000000001
2017-12-22,4144.3095000000003
2017-12-26,4156.5992999999999
2017-12-27,4210.7407000000003
2017-12-28,4207.0870000000004
2017-12-29,4213.7300999999998
2018-01-02,4168.2246999999998
2018-01-03,4188.1540999999997
2018-01-04,4187.4898000000003
2018-01-05,4175.5321000000004
2018-01-08,4172.8748999999998
2018-01-09,4117.0726999999997
2018-01-10,4112.0904
2018-01-11,4129.0303000000004
2018-01-12,4136.0056000000004
2018-01-16,4153.2776999999996
2018-01-17,4147.6310000000003
2018-01-18,4109.1009999999997
2018-01-19,4087.5108
2018-01-22,4091.4967000000001
2018-01-23,4109.1009999999997
2018-01-24,4086.8465000000001
2018-01-25,4120.3942999999999
2018-01-26,4105.1151
2018-01-29,4076.5497
2018-01-30,4052.6343999999999
2018-01-31,4076.5497
2018-02-01,4017.5771
2018-02-02,3980.2972
2018-02-05,4017.9099000000001
2018-02-06,3992.9457000000002
2018-02-07,3955.0001000000002
2018-02-08,3950.6729
2018-02-09,3925.7087000000001
2018-02-12,3943.0171999999998
2018-02-13,3960.6586000000002
2018-02-14,3916.7215999999999
2018-02-15,3930.0358000000001
2018-02-16,3951.3386999999998
2018-02-20,3934.0300999999999
2018-02-21,3885.7658999999999
2018-02-22,3897.4159
2018-02-23,3932.0329999999999
2018-02-26,3933.3643999999999
2018-02-27,3927.7058000000002
2018-02-28,3952.6700999999998
2018-03-01,3979.5976000000001
2018-03-02,3947.2458000000001
2018-03-05,3936.5731000000001
2018-03-06,3940.2417999999998
2018-03-07,3935.9059999999999
2018-03-08,3958.5855999999999
2018-03-09,3932.5708
2018-03-12,3955.2503999999999
2018-03-13,3975.2618000000002
2018-03-14,4010.2817
2018-03-15,4010.2817
2018-03-16,3995.9402
2018-03-19,3983.2662999999998
2018-03-20,3967.2572
2018-03-21,3971.5929999999998
2018-03-22,4010.9486999999999
2018-03-23,4007.9470000000001
2018-03-26,3992.605
2018-03-27,4035.2959000000001
2018-03-28,4045.9686999999999
2018-03-29,4065.6464999999998
2018-04-02,4073.6655999999998
2018-04-03,4042.2474000000002
2018-04-04,4033.8915000000002
2018-04-05,4003.8103000000001
2018-04-06,4047.5952000000002
2018-04-09,4054.2799
2018-04-10,4046.9267
2018-04-11,4061.2988
2018-04-12,4031.5518000000002
2018-04-13,4040.9104000000002
2018-04-16,4042.2474000000002
2018-04-17,4053.2772
2018-04-18,4020.8562999999999
2018-04-19,3988.1012000000001
2018-04-20,3959.3569000000002
2018-04-23,3960.3595999999998
2018-04-24,3942.3108999999999
2018-04-25,3915.9063000000001
2018-04-26,3943.3136
2018-04-27,3973.7291
2018-04-30,3980.748
2018-05-01,3966.4454999999998
2018-05-02,3962.0907999999999
2018-05-03,3979.8445000000002
2018-05-04,3985.8741
2018-05-07,3979.5095000000001
2018-05-08,3975.8247999999999
2018-05-09,3952.0414999999998
2018-05-10,3983.8642
2018-05-11,3993.9135000000001
2018-05-14,3972.8099999999999
2018-05-15,3927.5882999999999
2018-05-16,3912.5144
2018-05-17,3892.7509
2018-05-18,3926.2483999999999
2018-05-21,3928.2583
2018-05-22,3922.2287000000001
2018-05-23,3950.7015999999999
2018-05-24,3982.1893
2018-05-25,4006.9775
2018-05-29,4094.7411000000002
2018-05-30,4067.2730999999999
2018-05-31,4060.5736000000002
2018-06-01,4039.1687000000002
2018-06-04,4009.9576999999999
2018-06-05,4019.3589999999999
2018-06-06,3986.7903999999999
2018-06-07,4025.4025999999999
2018-06-08,4013.3153000000002
2018-06-11,4005.9286000000002
2018-06-12,4006.9358999999999
2018-06-13,4004.9214000000002
2018-06-14,4038.1614
2018-06-15,4041.8548000000001
2018-06-18,4038.1614
2018-06-19,4061.6644999999999
2018-06-20,4026.0740999999998
2018-06-21,4047.2269000000001
2018-06-22,4046.8910999999998
2018-06-25,4055.9566
2018-06-26,4061.6644999999999
2018-06-27,4099.9408999999996
2018-06-28,4100.9481999999998
2018-06-29,4086.8463000000002
2018-07-02,4083.6545999999998
2018-07-03,4105.5282999999999
2018-07-05,4117.3064999999997
2018-07-06,4130.7672000000002
2018-07-09,4104.1822000000002
2018-07-10,4103.8456999999999
2018-07-11,4119.6620999999996
2018-07-12,4119.3256000000001
2018-07-13,4129.7577000000001
2018-07-16,4112.5951999999997
2018-07-17,4104.8553000000002
2018-07-18,4088.3658999999998
2018-07-19,4114.2777999999998
2018-07-20,4063.8000000000002
2018-07-23,4013.6587
2018-07-24,4027.4560000000001
2018-07-25,4021.0621000000001
2018-07-26,4013.3222000000001
2018-07-27,4020.0526
2018-07-30,4006.2552999999998
2018-07-31,4028.1289999999999
2018-08-01,3995.3793999999998
2018-08-02,4001.1131
2018-08-03,4021.0124000000001
2018-08-06,4023.3733999999999
2018-08-07,4002.4621999999999
2018-08-08,4006.5095999999999
2018-08-09,4040.2372
2018-08-10,4069.5803000000001
2018-08-13,4061.1484
2018-08-14,4052.0419000000002
2018-08-15,4075.6513
2018-08-16,4075.3139999999999
2018-08-17,4080.3730999999998
2018-08-20,4107.6926000000003
2018-08-21,4093.8642
2018-08-22,4110.0535
2018-08-23,4116.4616999999998
2018-08-24,4124.5564000000004
2018-08-27,4100.9470000000001
2018-08-28,4076.3258000000001
2018-08-29,4081.7222000000002
2018-08-30,4090.4913999999999
2018-08-31,4081.0477000000001
2018-09-04,4057.5169999999998
2018-09-05,4046.6997000000001
2018-09-06,4061.5736000000002
2018-09-07,4027.0933
2018-09-10,4041.9670999999998
2018-09-11,4011.2053000000001
2018-09-12,4020.6705000000002
2018-09-13,4026.7552000000001
2018-09-14,4007.4868000000001
2018-09-17,4007.4868000000001
2018-09-18,3965.5695999999998
2018-09-19,3941.9067
2018-09-20,3960.1610000000001
2018-09-21,3958.4708000000001
2018-09-24,3948.3294999999998
2018-09-25,3944.2730000000001
2018-09-26,3971.9924000000001
2018-09-27,3974.6968000000002
2018-09-28,3964.2175000000002
2018-10-01,3935.1752000000001
2018-10-02,3959.2301000000002
2018-10-03,3890.4535000000001
2018-10-04,3863.0106000000001
2018-10-05,3829.8081000000002
2018-10-08,3816.9335999999998
2018-10-09,3855.5569999999998
2018-10-10,3845.0540999999998
2018-10-11,3891.8087
2018-10-12,3878.2566000000002
2018-10-15,3876.5626000000002
2018-10-16,3885.3715000000002
2018-10-17,3862.3330000000001
2018-10-18,3860.9778000000001
2018-10-19,3852.5077000000001
2018-10-22,3847.4256999999998
2018-10-23,3859.6226000000001
2018-10-24,3888.7595000000001
2018-10-25,3872.4969999999998
2018-10-26,3895.8742999999999
2018-10-29,3887.0655000000002
2018-10-30,3867.7538
2018-10-31,3848.1033000000002
2018-11-01,3851.6505000000002
2018-11-02,3803.7638000000002
2018-11-05,3818.7071999999998
2018-11-06,3816.3298
2018-11-07,3821.4241000000002
2018-11-08,3821.0844999999999
2018-11-09,3849.6127000000001
2018-11-12,3874.7447999999999
2018-11-13,3872.3674000000001
2018-11-14,3874.7447999999999
2018-11-15,3873.0466000000001
2018-11-16,3895.4616999999998
2018-11-19,3906.3296
2018-11-20,3907.6880999999998
2018-11-21,3906.3296
2018-11-23,3910.4050000000002
2018-11-26,3901.5749000000001
2018-11-27,3905.9899999999998
2018-11-28,3886.9711000000002
2018-11-29,3902.2541000000001
2018-11-30,3916.8579
2018-12-03,3944.5994000000001
2018-12-04,4010.6378
2018-12-06,4023.2327
2018-12-07,4030.7215999999999
2018-12-10,4047.4014000000002
2018-12-11,4046.7206000000001
2018-12-12,4028.6792
2018-12-13,4019.1478999999999
2018-12-14,4033.1044000000002
2018-12-17,4056.5922999999998
2018-12-18,4080.8253
2018-12-19,4134.7358999999997
2018-12-20,4119.7227999999996
2018-12-21,4119.0403999999999
2018-12-24,4139.5128000000004
2018-12-26,4095.1559999999999
2018-12-27,4095.8384000000001
2018-12-28,4130.3001999999997
2018-12-31,4145.9957000000004
2019-01-02,4167.8329000000003
2019-01-03,4215.2605999999996
2019-01-04,4166.4681
2019-01-07,4154.1846999999998
2019-01-08,4143.2660999999998
2019-01-09,4136.7831999999999
2019-01-10,4110.1691000000001
2019-01-11,4126.2057999999997
2019-01-14,4110.8514999999998
2019-01-15,4095.8384000000001
2019-01-16,4099.9328999999998
2019-01-17,4100.9565000000002
2019-01-18,4079.4605000000001
2019-01-22,4107.0982000000004
2019-01-23,4105.3922000000002
2019-01-24,4132.3474999999999
2019-01-25,4112.5574999999999
2019-01-28,4108.4629999999997
2019-01-29,4129.2766000000001
2019-01-30,4126.2057999999997
2019-01-31,4161.6912000000002
2019-02-01,4136.6072000000004
2019-02-04,4118.1401999999998
2019-02-05,4136.9492
2019-02-06,4139.0011000000004
2019-02-07,4166.3595999999998
2019-02-08,4184.1426000000001
2019-02-11,4167.7275
2019-02-12,4157.1261000000004
2019-02-13,4141.3949000000002
2019-02-14,4164.9916000000003
2019-02-15,4171.4893000000002
2019-02-19,4182.0906999999997
2019-02-20,4170.1214
2019-02-21,4132.8454000000002
2019-02-22,4157.4681
2019-02-25,4145.1566999999995
2019-02-26,4165.6755999999996
2019-02-27,4118.4822000000004
2019-02-28,4104.4609
2019-03-01,4066.6134999999999
2019-03-04,4098.4857000000002
2019-03-05,4107.0535
2019-03-06,4122.1328000000003
2019-03-07,4148.8643000000002
2019-03-08,4166.3425999999999
2019-03-11,4154.0050000000001
2019-03-12,4183.1354000000001
2019-03-13,4175.2530999999999
2019-03-14,4145.0945000000002
2019-03-15,4172.5114000000003
2019-03-18,4170.1124
2019-03-19,4160.8591999999999
2019-03-20,4204.3834999999999
2019-03-21,4213.6367
2019-03-22,4279.0946000000004
2019-03-25,4285.9488000000001
2019-03-26,4282.8644000000004
2019-03-27,4322.2763000000004
2019-03-28,4337.3555999999999
2019-03-29,4333.2430000000004
2019-04-01,4271.8356000000003
2019-04-02,4279.7356
2019-04-03,4242.6400000000003
2019-04-04,4254.6616999999997
2019-04-05,4260.1574000000001
2019-04-08,4245.0443999999998
2019-04-09,4258.4399999999996
2019-04-10,4268.7443000000003
2019-04-11,4243.6705000000002
2019-04-12,4213.4444000000003
2019-04-15,4224.0922
2019-04-16,4197.6444000000001
2019-04-17,4199.3617999999997
2019-04-18,4221.3444
2019-04-22,4201.0792000000001
2019-04-23,4210.0096000000003
2019-04-24,4244.3573999999999
2019-04-25,4238.1747999999998
2019-04-26,4252.6009000000004
2019-04-29,4225.4660999999996
2019-04-30,4247.1052
2019-05-01,4264.5852000000004
2019-05-02,4244.2776000000003
2019-05-03,4256.3244999999997
2019-05-06,4268.0271000000002
2019-05-07,4300.7257
2019-05-08,4282.1391999999996
2019-05-09,4299.6931000000004
2019-05-10,4293.8418000000001
2019-05-13,4327.5730000000003
2019-05-14,4314.8377
2019-05-15,4341.3407999999999
2019-05-16,4326.8846000000003
2019-05-17,4336.5221000000001
2019-05-20,4327.5730000000003
2019-05-21,4320.6890999999996
2019-05-22,4345.4712
2019-05-23,4394.3469999999998
2019-05-24,4398.1331
2019-05-28,4429.7991000000002
2019-05-29,4443.2227999999996
2019-05-30,4481.4285
2019-05-31,4537.5324000000001
2019-06-03,4567.8055000000004
2019-06-04,4515.7262000000001
2019-06-05,4490.2039000000004
2019-06-06,4504.6895000000004
2019-06-07,4543.6628000000001
2019-06-10,4500.8957
2019-06-11,4503.6548000000003
2019-06-12,4507.1037999999999
2019-06-13,4522.6241
2019-06-14,4534.0056999999997
2019-06-17,4541.9382999999998
2019-06-18,4564.7015000000001
2019-06-19,4571.2545
2019-06-20,4583.3258999999998
2019-06-21,4532.9709999999995
2019-06-24,4566.7709000000004
2019-06-25,4580.9116000000004
2019-06-26,4551.5954000000002
2019-06-27,4583.6707999999999
2019-06-28,4580.5667000000003
2019-07-01,4569.8805000000002
2019-07-02,4605.1291000000001
2019-07-03,4637.9587000000001
2019-07-05,4576.4463999999998
2019-07-08,4582.6668
2019-07-09,4580.9389000000001
2019-07-10,4555.7119000000002
2019-07-11,4494.8908000000001
2019-07-12,4500.0744000000004
2019-07-15,4525.9925000000003
2019-07-16,4512.5150999999996
2019-07-17,4561.2411000000002
2019-07-18,4561.5866999999998
2019-07-19,4550.8738999999996
2019-07-22,4559.5132999999996
2019-07-23,4534.6319000000003
2019-07-24,4554.3296
2019-07-25,4532.5583999999999
2019-07-26,4543.2713000000003
2019-07-29,4544.6535000000003
2019-07-30,4555.7119000000002
2019-07-31,4592.3428999999996
2019-08-01,4683.3656000000001
2019-08-02,4726.6467000000002
2019-08-05,4808.3615
2019-08-06,4846.7951000000003
2019-08-07,4848.5263999999997
2019-08-08,4858.9138999999996
2019-08-09,4849.2188999999998
2019-08-12,4950.3235999999997
2019-08-13,4933.3573999999999
2019-08-14,5044.5033999999996
2019-08-15,5100.5956999999999
2019-08-16,5059.7384000000002
2019-08-19,4987.3723
2019-08-20,5038.9633999999996
2019-08-21,5005.3771999999999
2019-08-22,4972.1373000000003
2019-08-23,5053.8521000000001
2019-08-26,5033.4233999999997
2019-08-27,5110.9831999999997
2019-08-28,5117.5619999999999
2019-08-29,5098.1719999999996
2019-08-30,5099.5569999999998
2019-09-03,5106.1421
2019-09-04,5113.7730000000001
2019-09-05,5021.1611000000003
2019-09-06,5056.8878000000004
2019-09-09,4967.0508
2019-09-10,4879.9885999999997
2019-09-11,4871.3171000000002
2019-09-12,4839.4058999999997
2019-09-13,4736.0412999999999
2019-09-16,4796.3950999999997
2019-09-17,4822.4097000000002
2019-09-18,4842.8744999999999
2019-09-19,4857.4426999999996
2019-09-20,4921.6120000000001
2019-09-23,4920.5713999999998
2019-09-24,4979.8846000000003
2019-09-25,4907.0438000000004
2019-09-26,4938.6081999999997
2019-09-27,4950.7483000000002
2019-09-30,4962.8883999999998
2019-10-01,4977.8065999999999
2019-10-02,4989.9678999999996
2019-10-03,5035.4859999999999
2019-10-04,5072.665
2019-10-07,5030.6215000000002
2019-10-08,5044.1727000000001
2019-10-09,5015.6804000000002
2019-10-10,4940.9750999999997
2019-10-11,4879.8209999999999
2019-10-14,4915.2626
2019-10-15,4855.8458000000001
2019-10-16,4861.7527
2019-10-17,4849.9389000000001
2019-10-18,4849.9389000000001
2019-10-21,4813.4548999999997
2019-10-22,4841.5996999999998
2019-10-23,4846.4642000000003
2019-10-24,4836.7350999999999
2019-10-25,4813.1073999999999
2019-10-28,4769.3266000000003
2019-10-29,4772.4538000000002
2019-10-30,4842.2946000000002
2019-10-31,4907.6183000000001
2019-11-01,4892.5257000000001
2019-11-04,4828.1319999999996
2019-11-05,4773.8325000000004
2019-11-06,4802.7227000000003
2019-11-07,4715.7042000000001
2019-11-08,4695.8639999999996
2019-11-11,4698.9966999999997
2019-11-12,4720.5771999999997
2019-11-13,4751.2076999999999
2019-11-14,4800.2861000000003
2019-11-15,4795.0649999999996
2019-11-18,4803.7668999999996
2019-11-19,4843.7954
2019-11-20,4893.9179999999997
2019-11-21,4863.2875000000004
2019-11-22,4869.5528000000004
2019-11-25,4883.8239000000003
2019-11-26,4912.3658999999998
2019-11-27,4898.0949000000001
2019-11-29,4887.6526999999996
2019-12-02,4822.5806000000002
2019-12-03,4923.6976000000004
2019-12-04,4874.5338000000002
2019-12-05,4850.8235999999997
2019-12-06,4823.9753000000001
2019-12-09,4834.4357
2019-12-10,4834.7843999999996
2019-12-11,4872.7903999999999
2019-12-12,4792.5941999999995
2019-12-13,4848.0342000000001
2019-12-16,4804.4493000000002
2019-12-17,4797.8244000000004
2019-12-18,4758.4237000000003
2019-12-19,4766.0115999999998
2019-12-20,4772.2978000000003
2019-12-23,4765.3131000000003
2019-12-24,4778.9332999999997
2019-12-26,4790.4579999999996
2019-12-27,4795.6966000000002
2019-12-30,4778.2348000000002
2019-12-31,4731.4372999999996
2020-01-02,4784.8702999999996
2020-01-03,4858.5589
2020-01-06,4830.9692999999997
2020-01-07,4807.2213000000002
2020-01-08,4775.4408999999996
2020-01-09,4792.2042000000001
2020-01-10,4834.8109000000004
2020-01-13,4820.143
2020-01-14,4844.9386999999997
2020-01-15,4877.0684000000001
2020-01-16,4861.7020000000002
2020-01-17,4820.143
2020-01-21,4870.7821000000004
2020-01-22,4887.8945999999996
2020-01-23,4922.1197000000002
2020-01-24,4961.9324999999999
2020-01-27,5039.1134000000002
2020-01-28,4999.6499000000003
2020-01-29,5048.5428000000002
2020-01-30,5049.2412999999997
2020-01-31,5095.3402999999998
2020-02-03,5091.2181
2020-02-04,5022.6543000000001
2020-02-05,4967.7331999999997
2020-02-06,4990.1214
2020-02-07,5052.3886000000002
2020-02-10,5066.3811999999998
2020-02-11,5040.8446999999996
2020-02-12,5015.3081000000002
2020-02-13,5034.5479999999998
2020-02-14,5056.5864000000001
2020-02-18,5091.2181
2020-02-19,5090.8683000000001
2020-02-20,5130.7473
2020-02-21,5178.6720999999998
2020-02-24,5255.9813000000004
2020-02-25,5283.9665999999997
2020-02-26,5255.9813000000004
2020-02-27,5313.0012999999999
2020-02-28,5432.9880999999996
2020-03-02,5393.0825999999997
2020-03-03,5476.8131000000003
2020-03-04,5418.6571999999996
2020-03-05,5553.5367999999999
2020-03-06,5842.5645000000004
2020-03-09,6000.9166999999998
2020-03-10,5693.3211000000001
2020-03-11,5483.8198000000002
2020-03-12,5517.8023999999996
2020-03-13,5393.0825999999997
2020-03-16,5742.3681999999999
2020-03-17,5359.4503000000004
2020-03-18,5057.1097
2020-03-19,5194.7920000000004
2020-03-20,5585.4174000000003
2020-03-23,5815.5886
2020-03-24,5707.3346000000001
2020-03-25,5694.3720999999996
2020-03-26,5722.3990999999996
2020-03-27,5875.1458000000002
2020-03-30,5826.7993999999999
2020-03-31,5779.5038999999997
2020-04-01,5860.3621999999996
2020-04-02,5897.5508
2020-04-03,5911.5843000000004
2020-04-06,5896.1475
2020-04-07,5834.4004000000004
2020-04-08,5791.9492
2020-04-09,5802.4742999999999
2020-04-13,5749.4980999999998
2020-04-14,5748.0947999999999
2020-04-15,5900.3575000000001
2020-04-16,5967.3671999999997
2020-04-17,5887.3765999999996
2020-04-20,5934.7394000000004
2020-04-21,6009.4674999999997
2020-04-22,5948.0712000000003
2020-04-23,5979.6463999999996
2020-04-24,5993.6799000000001
2020-04-27,5882.1140999999998
2020-04-28,5949.8253999999997
2020-04-29,5918.9517999999998
2020-04-30,5849.8371999999999
2020-05-01,5899.8735999999999
2020-05-04,5872.1219000000001
2020-05-05,5834.5340999999999
2020-05-06,5740.3891000000003
2020-05-07,5836.2906000000003
2020-05-08,5760.4125000000004
2020-05-11,5715.4476999999997
2020-05-12,5774.1126999999997
2020-05-13,5814.5106999999998
2020-05-14,5871.4192999999996
2020-05-15,5856.3140000000003
2020-05-18,5727.7426999999998
2020-05-19,5749.1713
2020-05-20,5766.3843999999999
2020-05-21,5780.7870999999996
2020-05-22,5815.5645999999997
2020-05-26,5737.5788000000002
2020-05-27,5727.0402000000004
2020-05-28,5705.9629000000004
2020-05-29,5746.7123000000001
2020-06-01,5708.0772999999999
2020-06-02,5687.3244999999997
2020-06-03,5611.6998000000003
2020-06-04,5530.4472999999998
2020-06-05,5491.0522000000001
2020-06-08,5512.1566999999995
2020-06-09,5574.7668999999996
2020-06-10,5657.4264000000003
2020-06-11,5764.3561
2020-06-12,5708.7808000000005
2020-06-15,5711.9463999999998
2020-06-16,5624.3626000000004
2020-06-17,5647.5775999999996
2020-06-18,5707.3738000000003
2020-06-19,5711.9463999999998
2020-06-22,5712.6499000000003
2020-06-23,5673.6064999999999
2020-06-24,5734.4579999999996
2020-06-25,5750.9898999999996
2020-06-26,5812.5447999999997
2020-06-29,5794.2542000000003
2020-06-30,5766.1148000000003
2020-07-01,5754.9173000000001
2020-07-02,5760.9039000000002
2020-07-06,5737.3095000000003
2020-07-07,5817.9530000000004
2020-07-08,5794.7107999999998
2020-07-09,5886.9754000000003
2020-07-10,5857.3944000000001
2020-07-13,5876.7628999999997
2020-07-14,5885.2146000000002
2020-07-15,5857.7465000000002
2020-07-16,5885.5667999999996
2020-07-17,5873.2413999999999
2020-07-20,5887.6796999999997
2020-07-21,5891.2012999999997
2020-07-22,5908.8090000000002
2020-07-23,5977.8314
2020-07-24,5977.4791999999998
2020-07-27,5955.2934999999998
2020-07-28,5996.4956000000002
2020-07-29,5986.2830999999996
2020-07-30,6025.7245000000003
2020-07-31,6021.8508000000002
2020-08-03,5991.5703999999996
2020-08-04,6048.6832999999997
2020-08-05,5995.8010000000004
2020-08-06,6029.2930999999999
2020-08-07,5989.1025
2020-08-10,5962.3087999999998
2020-08-11,5891.2701999999999
2020-08-12,5837.8590000000004
2020-08-13,5775.4578000000001
2020-08-14,5752.8946999999998
2020-08-17,5767.3491999999997
2020-08-18,5808.5973999999997
2020-08-19,5772.2848999999997
2020-08-20,5824.4620999999997
2020-08-21,5859.3644999999997
2020-08-24,5849.8456999999999
2020-08-25,5805.0718999999999
2020-08-26,5782.8613999999998
2020-08-27,5684.5002000000004
2020-08-28,5680.2695999999996
2020-08-31,5717.9922999999999
2020-09-01,5783.3168999999998
2020-09-02,5838.3759
2020-09-03,5854.9642000000003
2020-09-04,5743.7873
2020-09-08,5779.0815000000002
2020-09-09,5763.5520999999999
2020-09-10,5792.8463000000002
2020-09-11,5805.1993000000002
2020-09-14,5804.8464000000004
2020-09-15,5790.7286000000004
2020-09-16,5773.4345000000003
2020-09-17,5791.0816000000004
2020-09-18,5773.0815000000002
2020-09-21,5802.3757999999998
2020-09-22,5797.7875000000004
2020-09-23,5805.5522000000001
2020-09-24,5827.7875999999997
2020-09-25,5827.7875999999997
2020-09-28,5811.1993000000002
2020-09-29,5817.9052000000001
2020-09-30,5762.1403
2020-10-01,5771.6365999999998
2020-10-02,5750.0847999999996
2020-10-05,5637.7329
2020-10-06,5668.1174000000001
2020-10-07,5626.7803999999996
2020-10-08,5657.1647999999996
2020-10-09,5656.1049000000003
2020-10-12,5674.1235999999999
2020-10-13,5714.7539999999999
2020-10-14,5727.8263999999999
2020-10-15,5717.9337999999998
2020-10-16,5702.0348999999997
2020-10-19,5680.4831999999997
2020-10-20,5626.4270999999999
2020-10-21,5606.9951000000001
2020-10-22,5548.6993000000002
2020-10-23,5582.6169
2020-10-26,5634.5531000000001
2020-10-27,5672.3571000000002
2020-10-28,5677.6566999999995
2020-10-29,5622.5406999999996
2020-10-30,5567.0712999999996
2020-11-02,5608.7422999999999
2020-11-03,5576.2031999999999
2020-11-04,5697.1635999999999
2020-11-05,5707.0667999999996
2020-11-06,5638.0982000000004
2020-11-09,5519.6135999999997
2020-11-10,5487.7819
2020-11-11,5507.5883000000003
2020-11-12,5601.3149000000003
2020-11-13,5593.8874999999998
2020-11-16,5580.4474
2020-11-17,5616.8770000000004
2020-11-18,5633.1466
2020-11-19,5662.1487999999999
2020-11-20,5712.3720999999996
2020-11-23,5686.1994000000004
2020-11-24,5629.6097
2020-11-25,5612.2790999999997
2020-11-27,5666.7466999999997
2020-11-30,5659.6729999999998
2020-12-01,5576.3094000000001
2020-12-02,5532.0529999999999
2020-12-03,5576.6634999999997
2020-12-04,5494.8775999999998
2020-12-07,5544.4448000000002
2020-12-08,5570.6445999999996
2020-12-09,5552.2339000000002
2020-12-10,5601.4471000000003
2020-12-11,5621.2740000000003
2020-12-14,5605.6957000000002
2020-12-15,5586.9309999999996
2020-12-16,5572.0608000000002
2020-12-17,5557.3297000000002
2020-12-18,5540.6719000000003
2020-12-21,5562.6460999999999
2020-12-22,5591.3541999999998
2020-12-23,5552.7222000000002
2020-12-24,5574.6963999999998
2020-12-28,5577.1773000000003
2020-12-29,5570.0888999999997
2020-12-30,5582.1391999999996
2020-12-31,5590.2909
2021-01-04,5583.5568999999996
2021-01-05,5542.0896000000002
2021-01-06,5428.3203000000003
2021-01-07,5380.4733999999999
2021-01-08,5363.1067000000003
2021-01-11,5354.2461999999996
2021-01-12,5349.9930999999997
2021-01-13,5410.2448000000004
2021-01-14,5359.5625
2021-01-15,5380.8278
2021-01-19,5398.1944999999996
2021-01-20,5403.5108
2021-01-21,5365.5877
2021-01-22,5382.9543000000003
2021-01-25,5446.3958000000002
2021-01-26,5436.1175999999996
2021-01-27,5449.9399999999996
2021-01-28,5419.8141999999998
2021-01-29,5387.2074000000002
2021-02-01,5393.4372000000003
2021-02-02,5358.6637000000001
2021-02-03,5311.1162999999997
2021-02-04,5296.9231
2021-02-05,5252.5690999999997
2021-02-08,5275.6332000000002
2021-02-09,5279.5362999999998
2021-02-10,5314.6646000000001
2021-02-11,5285.5685000000003
2021-02-12,5219.9246000000003
2021-02-16,5140.4423999999999
2021-02-17,5173.0869000000002
2021-02-18,5152.1518999999998
2021-02-19,5083.6693999999998
2021-02-22,5044.9928
2021-02-23,5030.4447
2021-02-24,4997.4453999999996
2021-02-25,4915.8341
2021-02-26,5078.3468999999996
2021-03-01,5011.3450000000003
2021-03-02,5011.7003000000004
2021-03-03,4957.3450000000003
2021-03-04,4925.3712999999998
2021-03-05,4934.9633999999996
2021-03-08,4896.5950000000003
2021-03-09,4964.4503000000004
2021-03-10,4974.3976000000002
2021-03-11,4938.5159999999996
2021-03-12,4833.7133000000003
2021-03-15,4862.1343999999999
2021-03-16,4842.5949000000001
2021-03-17,4806.3581000000004
2021-03-18,4757.6869999999999
2021-03-19,4787.1737999999996
2021-03-22,4840.8185999999996
2021-03-23,4884.5159999999996
2021-03-24,4910.8055000000004
2021-03-25,4872.0817999999999
2021-03-26,4855.0290999999997
2021-03-29,4813.8185999999996
2021-03-30,4839.0423000000001
2021-03-31,4812.0423000000001
2021-04-01,4891.8011999999999
2021-04-05,4870.4566999999997
2021-04-06,4903.5406999999996
2021-04-07,4869.3895000000002
2021-04-08,4909.5883000000003
2021-04-09,4891.8011999999999
2021-04-12,4889.6666999999998
2021-04-13,4926.3081000000002
2021-04-14,4910.6554999999998
2021-04-15,4992.8317999999999
2021-04-16,4954.0559000000003
2021-04-19,4939.8262999999997
2021-04-20,4962.5937000000004
2021-04-21,4972.5545000000002
2021-04-22,4994.2547000000004
2021-04-23,4982.5153
2021-04-26,4975.4004000000004
2021-04-27,4932
2021-04-28,4935.2016000000003
2021-04-29,4920.6162000000004
2021-04-30,4932
2021-05-03,4934.9551000000001
2021-05-04,4968.4439000000002
2021-05-05,4976.6378999999997
2021-05-06,4984.8320000000003
2021-05-07,4960.2497999999996
2021-05-10,4910.0167000000001
2021-05-11,4882.2281999999996
2021-05-12,4830.9264000000003
2021-05-13,4838.4079000000002
2021-05-14,4883.6532999999999
2021-05-17,4873.3216000000002
2021-05-18,4860.8523999999998
2021-05-19,4849.0958000000001
2021-05-20,4888.9971999999998
2021-05-21,4904.6728000000003
2021-05-24,4922.8422
2021-05-25,4968.4439000000002
2021-05-26,4959.8936000000003
2021-05-27,4939.7646999999997
2021-05-28,4932.1049999999996
2021-06-01,4931.0102999999999
2021-06-02,4942.4272000000001
2021-06-03,4923.8747999999996
2021-06-04,4991.3055999999997
2021-06-07,4975.9642000000003
2021-06-08,5010.9282999999996
2021-06-09,5055.1686
2021-06-10,5085.4946
2021-06-11,5077.2888000000003
2021-06-14,5038.4000999999998
2021-06-15,5032.3348999999998
2021-06-16,5028.0536000000002
2021-06-17,5103.3334999999997
2021-06-18,5199.3064000000004
2021-06-21,5112.2529000000004
2021-06-22,5124.7401
2021-06-23,5111.5393000000004
2021-06-24,5119.7452000000003
2021-06-25,5066.5855000000001
2021-06-28,5118.6747999999998
2021-06-29,5127.2375000000002
2021-06-30,5150.0712000000003
2021-07-01,5150.3388000000004
2021-07-02,5181.4188000000004
2021-07-06,5242.1496999999999
2021-07-07,5288.5910000000003
2021-07-08,5309.3109000000004
2021-07-09,5234.6476000000002
2021-07-12,5227.8600999999999
2021-07-13,5187.8491000000004
2021-07-14,5246.7938000000004
2021-07-15,5304.6668
2021-07-16,5294.6641
2021-07-19,5410.7673000000004
2021-07-20,5358.6102000000001
2021-07-21,5290.7344000000003
2021-07-22,5340.7480999999998
2021-07-23,5305.0240999999996
2021-07-26,5289.3055000000004
2021-07-27,5345.7494999999999
2021-07-28,5346.1067000000003
2021-07-29,5316.4557999999997
2021-07-30,5341.4625999999998
2021-08-02,5389.0371999999998
2021-08-03,5391.8985000000002
2021-08-04,5402.9863999999998
2021-08-05,5375.4457000000002
2021-08-06,5285.6701000000003
2021-08-09,5266.7134999999998
2021-08-10,5242.3918000000003
2021-08-11,5239.1728000000003
2021-08-12,5230.5887000000002
2021-08-13,5313.2107999999998
2021-08-16,5326.0870000000004
2021-08-17,5323.9409999999998
2021-08-18,5341.8244999999997
2021-08-19,5381.1683999999996
2021-08-20,5384.7451000000001
2021-08-23,5381.1683999999996
2021-08-24,5339.3208000000004
2021-08-25,5294.9696000000004
2021-08-26,5309.6341000000002
2021-08-27,5345.7588999999998
2021-08-30,5359.7080999999998
2021-08-31,5323.2255999999998
2021-09-01,5332.1441000000004
2021-09-02,5355.4223000000002
2021-09-03,5306.7170999999998
2021-09-07,5261.9512999999997
2021-09-08,5297.7638999999999
2021-09-09,5361.8685999999998
2021-09-10,5314.5959000000003
2021-09-13,5346.8272999999999
2021-09-14,5411.6481000000003
2021-09-15,5392.6674000000003
2021-09-16,5367.9566999999997
2021-09-17,5342.1715999999997
2021-09-20,5408.4250000000002
2021-09-21,5403.7694000000001
2021-09-22,5436.0006999999996
2021-09-23,5313.1634000000004
2021-09-24,5261.2349999999997
2021-09-27,5241.8962000000001
2021-09-28,5160.2434000000003
2021-09-29,5169.1966000000002
2021-09-30,5168.4803000000002
2021-10-01,5211.9241000000002
2021-10-04,5198.6566999999995
2021-10-05,5148.4558999999999
2021-10-06,5177.5006000000003
2021-10-07,5123.3554000000004
2021-10-08,5087.4976999999999
2021-10-11,5074.5888999999997
2021-10-12,5161.3647000000001
2021-10-13,5211.5654999999997
2021-10-14,5230.9287000000004
2021-10-15,5200.4495999999999
2021-10-18,5224.8329000000003
2021-10-19,5152.7587999999996
2021-10-20,5117.9768000000004
2021-10-21,5111.8810000000003
2021-10-22,5168.1776
2021-10-25,5160.2888999999996
2021-10-26,5202.9596000000001
2021-10-27,5297.6241
2021-10-28,5279.6952000000001
2021-10-29,5295.8311999999996
2021-11-01,5257.7579999999998
2021-11-02,5281.0955000000004
2021-11-03,5226.5217000000002
2021-11-04,5281.4544999999998
2021-11-05,5360.4430000000002
2021-11-08,5350.3899000000001
2021-11-09,5420.0433000000003
2021-11-10,5320.9488000000001
2021-11-11,5313.0499
2021-11-12,5289.7124000000003
2021-11-15,5223.2902999999997
2021-11-16,5210.0059000000001
2021-11-17,5251.2952999999998
2021-11-18,5271.0424000000003
2021-11-19,5326.6934000000001
2021-11-22,5264.2206999999999
2021-11-23,5188.1045999999997
2021-11-24,5271.4014999999999
2021-11-26,5404.6046999999999
2021-11-29,5361.1611000000003
2021-11-30,5442.6628000000001
2021-12-01,5476.2026999999998
2021-12-02,5483.0325999999995
2021-12-03,5548.4566000000004
2021-12-06,5472.2484999999997
2021-12-07,5428.0334000000003
2021-12-08,5334.2111000000004
2021-12-09,5364.0473000000002
2021-12-10,5351.1063000000004
2021-12-13,5430.1902
2021-12-14,5417.2492000000002
2021-12-15,5365.1256999999996
2021-12-16,5367.1965
2021-12-17,5428.0155999999997
2021-12-20,5387.3495000000003
2021-12-21,5366.8365999999996
2021-12-22,5391.6680999999999
2021-12-23,5344.8841000000002
2021-12-27,5357.8397000000004
2021-12-28,5336.607
2021-12-29,5278.3069999999998
2021-12-30,5322.5717999999997
2021-12-31,5333.0082000000002
2022-01-03,5193.0163000000002
2022-01-04,5171.4237000000003
2022-01-05,5143.3532999999998
2022-01-06,5156.6688000000004
2022-01-07,5119.6014999999998
2022-01-10,5132.1971999999996
2022-01-11,5166.3854000000001
2022-01-12,5146.5922
2022-01-13,5192.2965000000004
2022-01-14,5113.8434999999999
2022-01-18,5041.8681999999999
2022-01-19,5076.7762000000002
2022-01-20,5108.0855000000001
2022-01-21,5168.9045999999998
2022-01-24,5126.4391999999998
2022-01-25,5118.1620000000003
2022-01-26,5056.2632999999996
2022-01-27,5149.1113999999998
2022-01-28,5150.9107999999997
2022-01-31,5124.2799000000005
2022-02-01,5107.2986000000001
2022-02-02,5124.5968000000003
2022-02-03,5084.5946000000004
2022-02-04,5009.6356999999998
2022-02-07,5012.8791000000001
2022-02-08,4979.3638000000001
2022-02-09,4988.7336999999998
2022-02-10,4909.4502000000002
2022-02-11,4982.2469000000001
2022-02-14,4920.2615999999998
2022-02-15,4864.4027999999998
2022-02-16,4893.2331000000004
2022-02-17,4929.6315000000004
2022-02-18,4981.5261
2022-02-22,4994.4997999999996
2022-02-23,4925.6673000000001
2022-02-24,4928.9107000000004
2022-02-25,4932.5145000000002
2022-02-28,5040.6283000000003
2022-03-01,5098.8197
2022-03-02,4924.5288
2022-03-03,4974.6869999999999
2022-03-04,5060.5694999999996
2022-03-07,5021.9584999999997
2022-03-08,4971.4394000000002
2022-03-09,4922.7245000000003
2022-03-10,4851.9978000000001
2022-03-11,4868.2361000000001
2022-03-14,4754.5681000000004
2022-03-15,4746.2686000000003
2022-03-16,4792.8182999999999
2022-03-17,4757.0941000000003
2022-03-18,4815.1909999999998
2022-03-21,4703.6881999999996
2022-03-22,4643.4260999999997
2022-03-23,4745.1859999999997
2022-03-24,4708.0183999999999
2022-03-25,4642.7043999999996
2022-03-28,4682.3980000000001
2022-03-29,4717.7614000000003
2022-03-30,4754.5681000000004
2022-03-31,4766.1153999999997
2022-04-01,4784.2201999999997
2022-04-04,4750.9714000000004
2022-04-05,4643.6354000000001
2022-04-06,4606.0496999999996
2022-04-07,4571.3553000000002
2022-04-08,4521.8433999999997
2022-04-11,4450.2861000000003
2022-04-12,4444.1423000000004
2022-04-13,4453.1773000000003
2022-04-14,4363.9114
2022-04-18,4342.2273999999998
2022-04-19,4309.7012999999997
2022-04-20,4396.4373999999998
2022-04-21,4363.9114
2022-04-22,4336.4449999999997
2022-04-25,4379.8130000000001
2022-04-26,4423.9039000000002
2022-04-27,4367.1639999999998
2022-04-28,4373.6692000000003
2022-04-29,4316.9292999999998
2022-05-02,4242.2325000000001
2022-05-03,4270.8326999999999
2022-05-04,4294.3644000000004
2022-05-05,4176.7056000000002
2022-05-06,4115.1611000000003
2022-05-09,4151.3638000000001
2022-05-10,4189.0146000000004
2022-05-11,4269.7466000000004
2022-05-12,4261.7820000000002
2022-05-13,4198.7893000000004
2022-05-16,4194.4449999999997
2022-05-17,4143.7611999999999
2022-05-18,4232.0958000000001
2022-05-19,4242.2325000000001
2022-05-20,4290.3820999999998
2022-05-23,4219.7869000000001
2022-05-24,4303.0531000000001
2022-05-25,4320.0682999999999
2022-05-26,4300.5189
2022-05-27,4311.0177000000003
2022-05-31,4219.7869000000001
2022-06-01,4214.9877999999999
2022-06-02,4217.1638000000003
2022-06-03,4208.0969999999998
2022-06-06,4130.4849000000004
2022-06-07,4175.0937000000004
2022-06-08,4138.1009999999997
2022-06-09,4151.8825999999999
2022-06-10,4126.1328000000003
2022-06-13,3996.6585
2022-06-14,3946.2469000000001
2022-06-15,4019.8696
2022-06-16,4051.7847999999999
2022-06-17,4064.8411000000001
2022-06-21,3995.9331999999999
2022-06-22,4105.8230999999996
2022-06-23,4139.5517
2022-06-24,4082.2494000000002
2022-06-27,4047.4326999999998
2022-06-28,4066.2918
2022-06-29,4129.7596000000003
2022-06-30,4166.0268999999998
2022-07-01,4208.7112999999999
2022-07-05,4241.7791999999999
2022-07-06,4170.5559999999996
2022-07-07,4133.8541999999998
2022-07-08,4088.0679
2022-07-11,4158.5643
2022-07-12,4183.2744000000002
2022-07-13,4231.2411000000002
2022-07-14,4196.7196000000004
2022-07-15,4220.3396000000002
2022-07-18,4176.3701000000001
2022-07-19,4153.8402999999998
2022-07-20,4164.7419
2022-07-21,4236.6918999999998
2022-07-22,4307.9151000000002
2022-07-25,4265.7626
2022-07-26,4269.0330000000004
2022-07-27,4245.0496999999996
2022-07-28,4278.8444
2022-07-29,4267.2160999999996
2022-08-01,4369.8009000000002
2022-08-02,4277.3375999999998
2022-08-03,4344.6828999999998
2022-08-04,4343.2268000000004
2022-08-05,4239.8425999999999
2022-08-08,4308.2799999999997
2022-08-09,4291.5347000000002
2022-08-10,4263.5045
2022-08-11,4164.1247000000003
2022-08-12,4206.3519999999999
2022-08-15,4202.7116999999998
2022-08-16,4220.1850999999997
2022-08-17,4176.1376
2022-08-18,4182.3261000000002
2022-08-19,4114.9808000000003
2022-08-22,4101.1477000000004
2022-08-23,4078.5779000000002
2022-08-24,4048.7276000000002
2022-08-25,4105.152
2022-08-26,4136.0945000000002
2022-08-29,4101.8757999999998
2022-08-30,4112.0685999999996
2022-08-31,4072.7534999999998
2022-09-01,3998.3508999999999
2022-09-02,4020.9693000000002
2022-09-06,3921.3753000000002
2022-09-07,3983.3935999999999
2022-09-08,3942.5345000000002
2022-09-09,3951.29
2022-09-12,3918.8217
2022-09-13,3927.942
2022-09-14,3941.4400999999998
2022-09-15,3938.8863999999999
2022-09-16,3906.0531999999998
2022-09-19,3915.1734999999999
2022-09-20,3876.1385
2022-09-21,3941.0753
2022-09-22,3840.3869
2022-09-23,3856.0738000000001
2022-09-26,3782.3816000000002
2022-09-27,3682.7876000000001
2022-09-28,3806.0944
2022-09-29,3786.3944999999999
2022-09-30,3737.5095999999999
2022-10-03,3796.7593999999999
2022-10-04,3786.1549
2022-10-05,3749.9535000000001
2022-10-06,3729.1102999999998
2022-10-07,3692.9088999999999
2022-10-10,3635.4985999999999
2022-10-11,3651.5880999999999
2022-10-12,3669.5059999999999
2022-10-13,3634.4016000000001
2022-10-14,3604.4166
2022-10-17,3586.8643999999999
2022-10-18,3595.2748000000001
2022-10-19,3529.8197
2022-10-20,3469.4841000000001
2022-10-21,3406.9544000000001
2022-10-24,3378.7977000000001
2022-10-25,3477.1631000000002
2022-10-26,3527.2600000000002
2022-10-27,3564.1927999999998
2022-10-28,3539.6927999999998
2022-10-31,3514.4616000000001
2022-11-01,3547.2123999999999
2022-11-02,3531.8168000000001
2022-11-03,3512.7556
2022-11-04,3453.7393000000002
2022-11-07,3419.2824999999998
2022-11-08,3456.6718000000001
2022-11-09,3468.0351999999998
2022-11-10,3601.4634000000001
2022-11-11,3588.2671999999998
2022-11-14,3579.4697999999999
2022-11-15,3637.3863999999999
2022-11-16,3716.9301999999998
2022-11-17,3677.7082
2022-11-18,3652.4153999999999
2022-11-21,3667.8110000000001
2022-11-22,3719.8627000000001
2022-11-23,3784.7440000000001
2022-11-25,3771.9144000000001
2022-11-28,3782.5446000000002
2022-11-29,3738.1907000000001
2022-11-30,3765.6828
2022-12-01,3885.7039
2022-12-02,3934.5691000000002
2022-12-05,3879.4578999999999
2022-12-06,3929.4254000000001
2022-12-07,4022.0120999999999
2022-12-08,4010.9899
2022-12-09,3906.6460999999999
2022-12-12,3919.1379999999999
2022-12-13,3956.9810000000002
2022-12-14,3973.8816999999999
2022-12-15,3989.3517000000002
2022-12-16,3944.7883000000002
2022-12-19,3878.4955
2022-12-20,3809.6246999999998
2022-12-21,3819.2003
2022-12-22,3818.4636999999998
2022-12-23,3762.4830999999999
2022-12-27,3688.0879
2022-12-28,3666.3586
2022-12-29,3707.9758000000002
2022-12-30,3666.7269000000001
2023-01-03,3736.7026000000001
2023-01-04,3787.8953999999999
2023-01-05,3803.732
2023-01-06,3873.7076999999999
2023-01-09,3894.3321000000001
2023-01-10,3829.8807999999999
2023-01-11,3892.1223
2023-01-12,3968.7273
2023-01-13,3931.5297
2023-01-17,3906.1174999999998
2023-01-18,4000.7687999999998
2023-01-19,3975.7249000000002
2023-01-20,3911.2736
2023-01-23,3892.8589000000002
2023-01-24,3948.8395
2023-01-25,3958.4151000000002
2023-01-26,3940.0005000000001
2023-01-27,3930.0565000000001
2023-01-30,3915.6931
2023-01-31,3946.998
2023-02-01,3994.3420000000001
2023-02-02,3999.5111999999999
2023-02-03,3939.6958
2023-02-06,3910.5264999999999
2023-02-07,3879.1419000000001
2023-02-08,3897.6034
2023-02-09,3860.6803
2023-02-10,3817.4803000000002
2023-02-13,3849.6034
2023-02-14,3840.7417999999998
2023-02-15,3804.9263999999998
2023-02-16,3751.0187000000001
2023-02-17,3780.1878999999999
2023-02-21,3706.7109999999998
2023-02-22,3740.6801999999998
2023-02-23,3777.2341000000001
2023-02-24,3728.1264000000001
2023-02-27,3738.4648000000002
2023-02-28,3755.4495000000002
2023-03-01,3715.1945999999998
2023-03-02,3682.2512999999999
2023-03-03,3771.4573999999998
2023-03-06,3742.2156
2023-03-07,3765.1649000000002
2023-03-08,3768.8663999999999
2023-03-09,3778.1201000000001
2023-03-10,3908.4128999999998
2023-03-13,3917.2964999999999
2023-03-14,3852.8904000000002
2023-03-15,3927.2905000000001
2023-03-16,3896.5681
2023-03-17,3955.0518000000002
2023-03-20,3920.2577000000001
2023-03-21,3886.5740000000001
2023-03-22,3938.395
2023-03-23,3938.395
2023-03-24,3955.0518000000002
2023-03-27,3862.1441
2023-03-28,3869.1770000000001
2023-03-29,3861.4038
2023-03-30,3879.1709999999998
2023-03-31,3937.2846
2023-04-03,3955.7460000000001
2023-04-04,3975.4133999999999
2023-04-05,4016.9747000000002
2023-04-06,4027.3649999999998
2023-04-10,3962.4254999999998
2023-04-11,3970.5893000000001
2023-04-12,3966.5074
2023-04-13,3935.3364000000001
2023-04-14,3899.3413
2023-04-17,3852.9560000000001
2023-04-18,3866.6860000000001
2023-04-19,3862.9751999999999
2023-04-20,3896.0016000000001
2023-04-21,3874.1077
2023-04-24,3911.5871000000002
2023-04-25,3969.105
2023-04-26,3926.8015
2023-04-27,3887.8377999999998
2023-04-28,3950.5508
2023-05-01,3836.9250000000002
2023-05-02,3932.5412000000001
2023-05-03,3954.4920000000002
2023-05-04,3915.4270000000001
2023-05-05,3902.4052999999999
2023-05-08,3847.7143999999998
2023-05-09,3833.9486000000002
2023-05-10,3871.1532999999999
2023-05-11,3912.0785999999998
2023-05-12,3879.3384000000001
2023-05-15,3839.1572999999999
2023-05-16,3827.6237999999998
2023-05-17,3816.4623999999999
2023-05-18,3788.1867999999999
2023-05-19,3761.3993999999998
2023-05-22,3748.0057000000002
2023-05-23,3758.7950000000001
2023-05-24,3740.1927000000001
2023-05-25,3730.8915000000002
2023-05-26,3761.0273000000002
2023-05-30,3798.6041
2023-05-31,3831.7163
2023-06-01,3846.7116000000001
2023-06-02,3804.5589
2023-06-05,3797.4713000000002
2023-06-06,3819.8532
2023-06-07,3763.1523000000002
2023-06-08,3807.1700999999998
2023-06-09,3801.9477000000002
2023-06-12,3813.1387
2023-06-13,3775.4623999999999
2023-06-14,3805.6779999999999
2023-06-15,3842.2352000000001
2023-06-16,3827.3139000000001
2023-06-20,3853.7991999999999
2023-06-21,3863.125
2023-06-22,3816.4958999999999
2023-06-23,3854.5453000000002
2023-06-26,3858.6486
2023-06-27,3848.5767000000001
2023-06-28,3864.9902000000002
2023-06-29,3795.2330999999999
2023-06-30,3839.9969999999998
2023-07-03,3818.2759000000001
2023-07-05,3781.9933000000001
2023-07-06,3728.5045
2023-07-07,3706.0617000000002
2023-07-10,3710.9243000000001
2023-07-11,3730.0007000000001
2023-07-12,3771.52
2023-07-13,3811.1689999999999
2023-07-14,3788.7262000000001
2023-07-17,3790.5963999999999
2023-07-18,3807.8026
2023-07-19,3850.8180000000002
2023-07-20,3804.0621000000001
2023-07-21,3805.1842000000001
2023-07-24,3791.3445000000002
2023-07-25,3784.2375999999999
2023-07-26,3787.9780999999998
2023-07-27,3714.2907
2023-07-28,3733.3670999999999
2023-07-31,3742.3443000000002
2023-08-01,3681.1981000000001
2023-08-02,3641.8128999999999
2023-08-03,3557.7912999999999
2023-08-04,3620.8074999999999
2023-08-07,3585.1732999999999
2023-08-08,3626.8090999999999
2023-08-09,3645.5639000000001
2023-08-10,3585.5484000000001
2023-08-11,3577.2963
2023-08-14,3569.4193
2023-08-15,3547.6637000000001
2023-08-16,3519.9065000000001
2023-08-17,3504.9027000000001
2023-08-18,3517.2809000000002
2023-08-21,3470.3937999999998
2023-08-22,3497.0255999999999
2023-08-23,3583.6729999999998
2023-08-24,3560.0419000000002
2023-08-25,3571.6698999999999
2023-08-28,3575.4207999999999
2023-08-29,3612.5554000000002
2023-08-30,3608.8044
2023-08-31,3624.9335999999998
2023-09-01,3568.6158
2023-09-05,3518.5762
2023-09-06,3527.2296000000001
2023-09-07,3537.0118000000002
2023-09-08,3550.5563999999999
2023-09-11,3524.9722000000002
2023-09-12,3545.2891
2023-09-13,3544.5365999999999
2023-09-14,3518.9524000000001
2023-09-15,3497.5068000000001
2023-09-18,3517.4475000000002
2023-09-19,3491.4870000000001
2023-09-20,3502.3978999999999
2023-09-21,3412.4771000000001
2023-09-22,3439.9425000000001
2023-09-25,3355.2889
2023-09-26,3343.6255999999998
2023-09-27,3326.3186000000001
2023-09-28,3336.4771000000001
2023-09-29,3336.8533000000002
2023-10-02,3281.1705999999999
2023-10-03,3210.5875000000001
2023-10-04,3255.8815
2023-10-05,3239.6511999999998
2023-10-06,3200.3964000000001
2023-10-09,3275.5088999999998
2023-10-10,3270.9794999999999
2023-10-11,3339.2979
2023-10-12,3248.7098999999998
2023-10-13,3306.8371999999999
2023-10-16,3253.6167999999998
2023-10-17,3217.7591000000002
2023-10-18,3189.4503
2023-10-19,3124.1514999999999
2023-10-20,3141.8917000000001
2023-10-23,3179.6365999999998
2023-10-24,3221.5336000000002
2023-10-25,3149.8181
2023-10-26,3198.1316999999999
2023-10-27,3184.5435000000002
2023-10-30,3170.2004000000002
2023-10-31,3154.7249999999999
2023-11-01,3222.9034000000001
2023-11-02,3296.375
2023-11-03,3318.7194
2023-11-06,3286.5282999999999
2023-11-07,3335.0043999999998
2023-11-08,3391.8123000000001
2023-11-09,3313.7961
2023-11-10,3332.3533000000002
2023-11-13,3324.7788999999998
2023-11-14,3400.1441
2023-11-15,3352.4254999999998
2023-11-16,3394.0846000000001
2023-11-17,3409.9908
2023-11-20,3430.8204000000001
2023-11-21,3429.3054999999999
2023-11-22,3441.4245000000001
2023-11-24,3400.9016000000001
2023-11-27,3457.7094999999999
2023-11-28,3464.5264000000002
2023-11-29,3508.0792000000001
2023-11-30,3467.5562
2023-12-01,3532.6550999999999
2023-12-04,3518.4088999999999
2023-12-05,3594.1981999999998
2023-12-06,3642.0652
2023-12-07,3621.1709000000001
2023-12-08,3591.5390000000002
2023-12-11,3583.9409999999998
2023-12-12,3594.5781000000002
2023-12-13,3678.9151000000002
2023-12-14,3774.2892999999999
2023-12-15,3778.4812999999999
2023-12-18,3748.3753999999999
2023-12-19,3768.5729999999999
2023-12-20,3794.1059
2023-12-21,3770.0974000000001
2023-12-22,3752.7579000000001
2023-12-26,3763.6188999999999
2023-12-27,3830.3092000000001
2023-12-28,3802.4897999999998
2023-12-29,3768.1918999999998
2024-01-02,3746.4699999999998
2024-01-03,3762.0945999999999
2024-01-04,3704.9313999999999
2024-01-05,3669.4902999999999
2024-01-08,3705.6936000000001
2024-01-09,3682.0662000000002
2024-01-10,3664.9173000000001
2024-01-11,3685.4960000000001
2024-01-12,3678.2552999999998
2024-01-16,3613.4704999999999
2024-01-17,3607.7541999999999
2024-01-18,3574.2184999999999
2024-01-19,3585.6511
2024-01-22,3606.9920000000002
2024-01-23,3578.4104000000002
2024-01-24,3557.4506000000001
2024-01-25,3580.6970000000001
2024-01-26,3573.8373999999999
2024-01-29,3614.9947999999999
2024-01-30,3647.7683000000002
2024-01-31,3683.5906
2024-02-01,3755.6206999999999
2024-02-02,3672.6637000000001
2024-02-05,3598.4994000000002
2024-02-06,3633.6700999999998
2024-02-07,3616.0846999999999
2024-02-08,3595.0587999999998
2024-02-09,3587.7952
2024-02-12,3592.0003999999999
2024-02-13,3530.4517000000001
2024-02-14,3548.4193
2024-02-15,3566.7692999999999
2024-02-16,3546.1255999999998
2024-02-20,3549.1839
2024-02-21,3523.9526999999998
2024-02-22,3541.1558
2024-02-23,3588.5598
2024-02-26,3577.8557000000001
2024-02-27,3552.6244999999999
2024-02-28,3575.1797000000001
2024-02-29,3600.4108000000001
2024-03-01,3622.7838000000002
2024-03-04,3608.2112999999999
2024-03-05,3659.5983000000001
2024-03-06,3681.0735
2024-03-07,3677.6221
2024-03-08,3671.1028999999999
2024-03-11,3669.1855
2024-03-12,3638.5066000000002
2024-03-13,3620.8663000000001
2024-03-14,3565.261
2024-03-15,3564.1104999999998
2024-03-18,3553.3728999999998
2024-03-19,3563.3436000000002
2024-03-20,3562.1931
2024-03-21,3569.8627999999999
2024-03-22,3603.9929999999999
2024-03-25,3585.9692
2024-03-26,3595.9398000000001
2024-03-27,3631.6039000000001
2024-03-28,3628.5360000000001
2024-04-01,3561.1356000000001
2024-04-02,3541.5119
2024-04-03,3540.7422999999999
2024-04-04,3566.1378
2024-04-05,3516.5012000000002
2024-04-08,3516.1163999999999
2024-04-09,3548.8227000000002
2024-04-10,3471.482
2024-04-11,3455.7060000000001
2024-04-12,3474.1754000000001
2024-04-15,3420.3063000000002
2024-04-16,3397.6043
2024-04-17,3435.3126999999999
2024-04-18,3417.9976000000001
2024-04-19,3430.3105999999998
2024-04-22,3424.5389
2024-04-23,3425.6932000000002
2024-04-24,3401.4521
2024-04-25,3377.5958000000001
2024-04-26,3395.2955999999999
2024-04-29,3423.7692999999999
2024-04-30,3394.5261
2024-05-01,3419.4499000000001
2024-05-02,3434.1223
2024-05-03,3468.8728000000001
2024-05-06,3482.3869
2024-05-07,3503.6233000000002
2024-05-08,3482.3869
2024-05-09,3499.3761
2024-05-10,3479.6840999999999
2024-05-13,3488.5648000000001
2024-05-14,3508.2566999999999
2024-05-15,3556.1352000000002
2024-05-16,3552.6601999999998
2024-05-17,3528.7208999999998
2024-05-20,3518.2957999999999
2024-05-21,3536.4432999999999
2024-05-22,3540.6905000000002
2024-05-23,3517.9097000000002
2024-05-24,3528.3348000000001
2024-05-28,3477.7534999999998
2024-05-29,3435.6668
2024-05-30,3468.8728000000001
2024-05-31,3492.4259999999999
2024-06-03,3548.7332000000001
2024-06-04,3590.1867000000002
2024-06-05,3616.5309999999999
2024-06-06,3611.1071999999999
2024-06-07,3544.8589999999999
2024-06-10,3521.2266
2024-06-11,3557.6437000000001
2024-06-12,3584.3755000000001
2024-06-13,3637.0641000000001
2024-06-14,3667.6700000000001
2024-06-17,3631.2528000000002
2024-06-18,3664.5706
2024-06-20,3640.1633999999999
2024-06-21,3640.1633999999999
2024-06-24,3654.8852000000002
2024-06-25,3661.0839000000001
2024-06-26,3608.7827000000002
2024-06-27,3623.1170999999999
2024-06-28,3555.7067000000002
2024-07-01,3494.5376999999999
2024-07-02,3521.7446
2024-07-03,3567.9964
2024-07-05,3597.5354000000002
2024-07-08,3605.3087999999998
2024-07-09,3589.3733000000002
2024-07-10,3600.6446999999998
2024-07-11,3635.6251000000002
2024-07-12,3651.1718999999998
2024-07-15,3609.1954999999998
2024-07-16,3660.1113
2024-07-17,3660.8887
2024-07-18,3632.9043999999999
2024-07-19,3611.5275000000001
2024-07-22,3601.0333999999998
2024-07-23,3595.9807000000001
2024-07-24,3557.1136000000001
2024-07-25,3586.2638999999999
2024-07-26,3614.2482
2024-07-29,3633.6817000000001
2024-07-30,3647.6738999999998
2024-07-31,3684.9863
2024-08-01,3716.6572999999999
2024-08-02,3832.4738000000002
2024-08-05,3852.7514999999999
2024-08-06,3766.5715
2024-08-07,3740.0545999999999
2024-08-08,3717.0473000000002
2024-08-09,3753.703
2024-08-12,3767.3514
2024-08-13,3793.4784
2024-08-14,3817.2656000000002
2024-08-15,3786.4591999999998
2024-08-16,3799.7177000000001
2024-08-19,3817.2656000000002
2024-08-20,3847.6821
2024-08-21,3850.0218
2024-08-22,3811.8063000000002
2024-08-23,3836.7633000000001
2024-08-26,3827.0145000000002
2024-08-27,3820.3852999999999
2024-08-28,3815.7058000000002
2024-08-29,3803.2273
2024-08-30,3762.672
2024-09-03,3824.0032999999999
2024-09-04,3873.2948000000001
2024-09-05,3895.2022000000002
2024-09-06,3894.8110000000001
2024-09-09,3911.6327000000001
2024-09-10,3939.0167999999999
2024-09-11,3935.8872000000001
2024-09-12,3917.5007000000001
2024-09-13,3928.0632000000001
2024-09-16,3964.0538000000001
2024-09-17,3944.8849
2024-09-18,3895.9845999999998
2024-09-19,3883.0749000000001
2024-09-20,3868.2091999999998
2024-09-23,3859.9938999999999
2024-09-24,3859.2114999999999
2024-09-25,3827.1329000000001
2024-09-26,3836.1306
2024-09-27,3856.0819000000001
2024-09-30,3837.6954000000001
2024-10-01,3865.3047000000001
2024-10-02,3832.7307999999998
2024-10-03,3796.6248000000001
2024-10-04,3749.9225000000001
2024-10-07,3721.6655999999998
2024-10-08,3727.9449
2024-10-09,3706.7523000000001
2024-10-10,3692.2314000000001
2024-10-11,3677.3180000000002
2024-10-14,3679.8690000000001
2024-10-15,3724.8053
2024-10-16,3740.5034999999998
2024-10-17,3681.2426
2024-10-18,3683.9897999999998
2024-10-21,3619.6269000000002
2024-10-22,3623.1590000000001
2024-10-23,3613.3476000000001
2024-10-24,3636.5025000000001
2024-10-25,3616.0947999999999
2024-10-28,3606.2833999999998
2024-10-29,3611.7777999999998
2024-10-30,3622.3741
2024-10-31,3628.261
2024-11-01,3577.2628
2024-11-04,3632.7883999999999
2024-11-05,3652.0844999999999
2024-11-06,3552.0596999999998
2024-11-07,3596.5589
2024-11-08,3642.2395000000001
2024-11-11,3624.5185999999999
2024-11-12,3570.1745000000001
2024-11-13,3536.3078
2024-11-14,3556.7853
2024-11-15,3547.3341999999998
2024-11-18,3553.6349
2024-11-19,3571.7496999999998
2024-11-20,3560.3294999999998
2024-11-21,3557.5729000000001
2024-11-22,3559.5419000000002
2024-11-25,3651.6907000000001
2024-11-26,3637.5140000000001
2024-11-27,3662.7170000000001
2024-11-29,3700.5216999999998
2024-12-02,3709.3829999999998
2024-12-03,3677.3748999999998
2024-12-04,3716.8910000000001
2024-12-05,3724.3991000000001
2024-12-06,3729.9313999999999
2024-12-09,3695.5522999999998
2024-12-10,3678.1651999999999
2024-12-11,3643.3908999999999
2024-12-12,3599.1327999999999
2024-12-13,3562.3827999999999
2024-12-16,3573.0522000000001
2024-12-17,3581.7456999999999
2024-12-18,3537.1332000000002
2024-12-19,3483.5763999999999
2024-12-20,3503.4122000000002
2024-12-23,3471.2781
2024-12-24,3485.9567000000002
2024-12-26,3483.9731000000002
2024-12-27,3455.4094
2024-12-30,3483.1795999999999
2024-12-31,3464.5338999999999
2025-01-02,3474.0551
2025-01-03,3462.9470999999999
2025-01-06,3447.4751000000001
2025-01-07,3408.5967999999998
2025-01-08,3412.9607000000001
2025-01-10,3390.3478
2025-01-13,3389.1576
2025-01-14,3383.6035999999999
2025-01-15,3441.9209999999998
2025-01-16,3453.0291000000002
2025-01-17,3458.9798999999998
2025-01-21,3489.9238
2025-01-22,3471.6747999999998
2025-01-23,3444.6981000000001
2025-01-24,3460.1700000000001
2025-01-27,3501.0319
2025-01-28,3498.6516000000001
2025-01-29,3491.5106999999998
2025-01-30,3504.6024000000002
2025-01-31,3481.5927999999999
2025-02-03,3509.8503000000001
2025-02-04,3520.5996
2025-02-05,3578.7255
2025-02-06,3577.1329999999998
2025-02-07,3554.0419000000002
2025-02-10,3543.2926000000002
2025-02-11,3520.5996
2025-02-12,3472.8247999999999
2025-02-13,3530.5526
2025-02-14,3549.2644
2025-02-18,3507.4614999999999
2025-02-19,3511.8409000000001
2025-02-20,3524.9789000000001
2025-02-21,3567.5781000000002
2025-02-24,3577.9292
2025-02-25,3639.6383000000001
2025-02-26,3661.1369
2025-02-27,3635.2588999999998
2025-02-28,3679.8487
2025-03-03,3696.9607000000001
2025-03-04,3651.4326000000001
2025-03-05,3622.2786000000001
2025-03-06,3610.2975000000001
2025-03-07,3598.7157999999999
2025-03-10,3636.2565
2025-03-11,3610.2975000000001
2025-03-12,3588.7316000000001
2025-03-13,3620.2818000000002
2025-03-14,3601.1120999999998
2025-03-17,3619.0837000000001
2025-03-18,3622.6779999999999
2025-03-19,3641.4483
2025-03-20,3643.8445999999999
2025-03-21,3622.2786000000001
2025-03-24,3585.1372999999999
2025-03-25,3584.7379000000001
2025-03-26,3561.1750999999999
2025-03-27,3550.7914999999998
2025-03-28,3599.9139
2025-03-31,3635.4578000000001
2025-04-01,3666.8314999999998
2025-04-02,3664.4268000000002
2025-04-03,3681.2600000000002
2025-04-04,3721.3389999999999
2025-04-07,3609.1176999999998
2025-04-08,3540.9832999999999
2025-04-09,3561.8244
2025-04-10,3463.6307999999999
2025-04-11,3482.4679000000001
2025-04-14,3507.3168999999998
2025-04-15,3519.7413999999999
2025-04-16,3539.3802000000001
2025-04-17,3508.1185
2025-04-21,3446.7975999999999
2025-04-22,3466.0355
2025-04-23,3499.7019
2025-04-24,3536.5745999999999
2025-04-25,3562.6260000000002
2025-04-28,3585.0702999999999
2025-04-29,3615.1296000000002
2025-04-30,3585.8719000000001
2025-05-01,3567.7406000000001
2025-05-02,3529.1226000000001
2025-05-05,3509.4113000000002
2025-05-06,3521.0772000000002
2025-05-07,3535.9612000000002
2025-05-08,3496.5385999999999
2025-05-09,3501.7682
2025-05-12,3469.1842000000001
2025-05-13,3455.1046999999999
2025-05-14,3432.1752999999999
2025-05-15,3462.3456000000001
2025-05-16,3471.5978
2025-05-19,3461.5410999999999
2025-05-20,3436.6003000000001
2025-05-21,3377.8687
2025-05-22,3395.5686000000001
2025-05-23,3401.2004000000002
2025-05-27,3448.6684
2025-05-28,3433.7844
2025-05-29,3465.5637999999999
2025-05-30,3470.7932999999998
2025-06-02,3438.5927999999999
2025-06-03,3432.5360999999998
2025-06-04,3488.2577999999999
2025-06-05,3490.6804999999999
2025-06-06,3446.2646
2025-06-09,3449.8987000000002
2025-06-10,3467.665
2025-06-11,3478.1633000000002
2025-06-12,3519.7525999999998
2025-06-13,3485.8350999999998
2025-06-16,3450.7062000000001
2025-06-17,3492.6994
2025-06-18,3498.7561000000001
2025-06-20,3492.2955999999999
2025-06-23,3503.6014
2025-06-24,3529.0396000000001
2025-06-25,3533.4812000000002
2025-06-26,3551.2474999999999
2025-06-27,3528.6358
2025-06-30,3563.3609000000001
2025-07-01,3572.1754999999998
2025-07-02,3549.4796000000001
2025-07-03,3524.7572
2025-07-07,3491.1185999999998
2025-07-08,3486.6605
2025-07-09,3523.1361000000002
2025-07-10,3525.5677999999998
2025-07-11,3476.9337
2025-07-14,3469.6386000000002
2025-07-15,3445.3215
2025-07-16,3450.1849000000002
2025-07-17,3449.3742999999999
2025-07-18,3454.643
2025-07-21,3485.4445999999998
2025-07-22,3506.5194000000001
2025-07-23,3487.0657999999999
2025-07-24,3480.9865
2025-07-25,3502.8719000000001
2025-07-28,3480.1759000000002
2025-07-29,3538.9422
2025-07-30,3520.7044000000001
2025-07-31,3522.7307999999998
2025-08-01,3572.6133
2025-08-04,3582.3766999999998
2025-08-05,3593.3606
2025-08-06,3572.6133
2025-08-07,3566.5111000000002
2025-08-08,3551.0522999999998
2025-08-11,3555.1203999999998
2025-08-12,3537.2206999999999
2025-08-13,3566.5111000000002
2025-08-14,3540.0684000000001
2025-08-15,3514.8461000000002
2025-08-18,3504.6758
2025-08-19,3525.0164
2025-08-20,3532.7458000000001
2025-08-21,3515.2529
2025-08-22,3541.2887999999998
2025-08-25,3531.1185999999998
2025-08-26,3529.0844999999999
2025-08-27,3525.0164
2025-08-28,3548.2046
2025-08-29,3522.9823000000001
2025-09-02,3496.8685
2025-09-03,3535.2552000000001
2025-09-04,3562.2076000000002
2025-09-05,3616.5207
2025-09-08,3664.7082999999998
2025-09-09,3643.8815
2025-09-10,3664.7082999999998
2025-09-11,3689.2105000000001
2025-09-12,3673.2840999999999
2025-09-15,3681.8598999999999
2025-09-16,3689.6188999999999
2025-09-17,3680.2264
2025-09-18,3642.248
2025-09-19,3635.3056999999999
2025-09-22,3622.2379000000001
2025-09-23,3647.5567999999998
2025-09-24,3633.6722
2025-09-25,3633.6722
2025-09-26,3630.4052999999999
2025-09-29,3660.2163
2025-09-30,3649.5987
2025-10-01,3659.0093999999999
2025-10-02,3669.6639
2025-10-03,3662.6975000000002
2025-10-06,3633.6025
2025-10-07,3654.5016999999998
2025-10-08,3657.3703
2025-10-09,3654.5016999999998
2025-10-10,3713.5113999999999
2025-10-13,3711.4625000000001
2025-10-14,3723.3463000000002
2025-10-15,3715.1505999999999
2025-10-16,3743.0162
2025-10-17,3737.2791999999999
2025-10-20,3751.6217999999999
2025-10-21,3770.0623000000001
2025-10-22,3772.5210999999999
2025-10-23,3746.7042999999999
2025-10-24,3748.3434999999999
2025-10-27,3761.047
2025-10-28,3770.8818999999999
2025-10-29,3732.7714999999998
2025-10-30,3711.0527000000002
2025-10-31,3699.9884000000002
2025-11-03,3690.7732000000001
2025-11-04,3698.9987000000001
2025-11-05,3658.6938
2025-11-06,3691.5958000000001
2025-11-07,3683.7815999999998
2025-11-10,3682.9589999999998
2025-11-11,3699.8211999999999
2025-11-12,3706.4016000000001
2025-11-13,3675.9672999999998
2025-11-14,3654.9924000000001
2025-11-17,3664.0403999999999
2025-11-18,3662.8065999999999
2025-11-19,3655.4036000000001
2025-11-20,3669.7982000000002
2025-11-21,3680.9025999999999
2025-11-24,3701.8775999999998
2025-11-25,3711.3368999999998
2025-11-26,3727.7878999999998
2025-11-28,3710.1030999999998
2025-12-01,3664.0671000000002
2025-12-02,3665.7181
2025-12-03,3676.0371
2025-12-04,3656.2246
2025-12-05,3639.3015
2025-12-08,3627.3314
2025-12-09,3631.0463
2025-12-10,3645.0801000000001
2025-12-11,3640.127
2025-12-12,3605.0423999999998
2025-12-15,3607.5189999999998
2025-12-16,3627.3314
2025-12-17,3624.0293999999999
2025-12-18,3641.3652999999999
2025-12-19,3627.8447999999999
2025-12-22,3619.9717000000001
2025-12-23,3625.7728999999999
2025-12-24,3647.7348000000002
2025-12-26,3635.7179000000001
2025-12-29,3649.3921999999998
2025-12-30,3640.6904
2025-12-31,3611.6842000000001
2026-01-02,3606.2973000000002
2026-01-05,3624.1154000000001
2026-01-06,3616.6567
2026-01-07,3637.7898
2026-01-08,3619.5572999999999
2026-01-09,3643.5909999999999
2026-01-12,3632.8173000000002
2026-01-13,3639.0329000000002
2026-01-14,3660.1660000000002
2026-01-15,3659.3371999999999
2026-01-16,3638.2040999999999
2026-01-20,3590.5511000000001
2026-01-21,3617.8998000000001
2026-01-22,3633.6460000000002
2026-01-23,3643.5909999999999
2026-01-26,3660.9947000000002
2026-01-27,3638.2040999999999
2026-01-28,3629.9167000000002
2026-01-29,3630.7453999999998
2026-01-30,3610.4411
2026-02-02,3600.1597999999999
2026-02-03,3608.8951000000002
2026-02-04,3599.7438999999999
2026-02-05,3638.8444
2026-02-06,3641.3402000000001
2026-02-09,3640.5083
2026-02-10,3682.5205000000001
2026-02-11,3662.9703
2026-02-12,3711.6379000000002
2026-02-13,3732.0201000000002
2026-02-17,3738.2595999999999
2026-02-18,3724.1167999999998
2026-02-19,3727.8604999999998
2026-02-20,3719.1253000000002
2026-02-23,3732.8519999999999
2026-02-24,3739.5075000000002
2026-02-25,3739.9234000000001
2026-02-26,3754.8980999999999
2026-02-27,3777.7761
2026-03-02,3739.9497000000001
2026-03-03,3732.4373000000001
2026-03-04,3720.7512999999999
2026-03-05,3705.7262999999998
2026-03-06,3691.9535000000001
2026-03-09,3724.0900999999999
2026-03-10,3684.4411
2026-03-11,3636.8622
2026-03-12,3629.7671
2026-03-13,3611.8207000000002
2026-03-16,3639.7837
2026-03-17,3649.8002999999999
2026-03-18,3629.1410999999998
2026-03-19,3651.4697000000001
2026-03-20,3582.1882000000001
2026-03-23,3605.3516
2026-03-24,3589.7006999999999
2026-03-25,3624.3413999999998
2026-03-26,3593.8742999999999
2026-03-27,3574.2584000000002
2026-03-30,3621.8373000000001
2026-03-31,3618.0810999999999
2026-04-01,3614.5243
2026-04-02,3636.7327
2026-04-06,3630.8663000000001
2026-04-07,3630.4472999999998
2026-04-08,3642.1799999999998
2026-04-09,3632.9614999999999
2026-04-10,3624.1619000000001
2026-04-13,3635.0565999999999
2026-04-14,3654.3317999999999
2026-04-15,3638.4088000000002
2026-04-16,3615.3622999999998
2026-04-17,3648.4654
2026-04-20,3647.6273999999999
2026-04-21,3627.5140999999999
2026-04-22,3634.6376
2026-04-23,3626.6761000000001
2026-04-24,3633.3805000000002
2026-04-27,3615.3622999999998
2026-04-28,3619.1336000000001
2026-04-29,3591.0587999999998
2026-04-30,3587.7066
2026-05-01,3600.5014000000001
2026-05-04,3573.1642999999999
2026-05-05,3592.9310999999998
2026-05-06,3620.2682
2026-05-07,3602.1837
2026-05-08,3620.2682
2026-05-11,3598.3984999999998
2026-05-12,3574.4259999999999
2026-05-13,3566.4351999999999
2026-05-14,3571.482
2026-05-15,3518.4902000000002
2026-05-18,3514.2845000000002
2026-05-19,3491.5736999999999
2026-05-20,3529.0045
2026-05-21,3542.0421000000001
2026-05-22,3561.3883999999998
2026-05-26,3579.0522999999998
2026-05-27,3587.4636999999998
2026-05-28,3605.9688000000001
2026-05-29,3606.8099000000002
2026-06-01,3608.7446
2026-06-02,3616.3445999999999
2026-06-03,3601.989
2026-06-04,3610.0111999999999
2026-06-05,3591.4333999999999
2026-06-08,3572.8555999999999
2026-06-09,3593.9666999999999
2026-06-10,3583.8334
2026-06-11,3630.2779999999998
2026-06-12,3621.4113000000002
2026-06-15,3619.3002000000001
2026-06-16,3639.1446999999998
2026-06-17,3645.0558000000001
2026-06-18,3662.7892000000002
2026-06-22,3634.9223999999999
2026-06-23,3639.5668999999998
2026-06-24,3689.3892999999998
2026-06-25,3688.1226000000001
2026-06-26,3688.5448000000001
2026-06-29,3692.3447999999999
2026-06-30,3648.8557999999998
2026-07-01,3624.2837
2026-07-02,3623.8598999999999
2026-07-06,3621.3171000000002
2026-07-07,3583.1756999999998
2026-07-08,3575.1235999999999
2026-07-09,3580.6329000000001
2026-07-10,3579.7853
2026-07-13,3558.5956000000001
2026-07-14,3563.2574
2026-07-15,3570.0381000000002
2026-07-16,3568.7667000000001
2026-07-17,3581.9043000000001
2026-07-20,3555.2053000000001
2026-07-21,3545.4580000000001
2026-07-22,3536.1345999999999
2026-07-23,3524.6921000000002
2026-07-24,3528.0825
2026-07-27,3549.2721999999999
2026-07-28,3570.0381000000002
2026-07-29,3511.1307000000002
2026-07-30,3509.0118000000002
2026-07-31,3485.7031000000002
2026-08-03,3497.1648
2026-08-04,3523.9711000000002
2026-08-05,3531.6300999999999
2026-08-06,3511.2062000000001
2026-08-07,3521.4182000000001
2026-08-10,3491.6333
2026-08-11,3497.1648
2026-08-12,3493.7608
2026-08-13,3514.1846999999998
2026-08-14,3490.7822999999999
2026-08-17,3461.4229999999998
2026-08-18,3474.6134000000002
2026-08-19,3532.4811
