date,index
1971-01-04,100
1971-01-05,100.00830000000001
1971-01-06,99.999899999999997
1971-01-07,100.066
1971-01-08,100.0655
1971-01-11,100.0812
1971-01-12,100.06359999999999
1971-01-13,100.06229999999999
1971-01-14,100.05200000000001
1971-01-15,100.0664
1971-01-18,100.0556
1971-01-19,100.0364
1971-01-20,100.0253
1971-01-21,100.03060000000001
1971-01-22,100.0278
1971-01-25,100.00830000000001
1971-01-26,100.0141
1971-01-27,100.0197
1971-01-28,100.03360000000001
1971-01-29,100.0389
1971-02-01,100.06910000000001
1971-02-02,100.0993
1971-02-03,100.0795
1971-02-04,100.09269999999999
1971-02-05,100.1223
1971-02-08,100.1347
1971-02-09,100.13800000000001
1971-02-10,100.17489999999999
1971-02-11,100.19499999999999
1971-02-12,100.20659999999999
1971-02-16,100.16
1971-02-17,100.1632
1971-02-18,100.17440000000001
1971-02-19,100.1605
1971-02-22,100.1382
1971-02-23,100.1326
1971-02-24,100.1934
1971-02-25,100.2208
1971-02-26,100.28149999999999
1971-03-01,100.2838
1971-03-02,100.261
1971-03-03,100.2548
1971-03-04,100.27370000000001
1971-03-05,100.2591
1971-03-08,100.2362
1971-03-09,100.25490000000001
1971-03-10,100.2653
1971-03-11,100.292
1971-03-12,100.3188
1971-03-15,100.33750000000001
1971-03-16,100.348
1971-03-17,100.3342
1971-03-18,100.3618
1971-03-19,100.3724
1971-03-22,100.3827
1971-03-23,100.38500000000001
1971-03-24,100.3873
1971-03-25,100.4064
1971-03-26,100.4173
1971-03-29,100.4367
1971-03-30,100.4483
1971-03-31,100.4516
1971-04-01,100.4718
1971-04-02,100.4836
1971-04-05,100.5039
1971-04-06,100.4909
1971-04-07,100.5368
1971-04-08,100.5663
1971-04-12,100.5796
1971-04-13,100.6682
1971-04-14,100.66459999999999
1971-04-15,100.6272
1971-04-16,100.6397
1971-04-19,100.70229999999999
1971-04-20,100.69799999999999
1971-04-21,100.6771
1971-04-22,100.6895
1971-04-23,100.7354
1971-04-26,100.7478
1971-04-27,100.7441
1971-04-28,100.69880000000001
1971-04-29,100.71210000000001
1971-04-30,100.7334
1971-05-03,100.72920000000001
1971-05-04,100.73350000000001
1971-05-05,100.3188
1971-05-06,100.3061
1971-05-07,100.1674
1971-05-10,99.911500000000004
1971-05-11,100.2931
1971-05-12,100.2221
1971-05-13,100.07599999999999
1971-05-14,100.1484
1971-05-17,100.15430000000001
1971-05-18,100.1523
1971-05-19,100.0746
1971-05-20,99.912899999999993
1971-05-21,99.860299999999995
1971-05-24,99.933800000000005
1971-05-25,100.18380000000001
1971-05-26,100.2573
1971-05-27,100.28870000000001
1971-05-28,100.3704
1971-06-01,100.60339999999999
1971-06-02,100.458
1971-06-03,100.32080000000001
1971-06-04,100.2931
1971-06-07,100.2744
1971-06-08,100.3066
1971-06-09,100.27160000000001
1971-06-10,100.3293
1971-06-11,100.34520000000001
1971-06-14,100.4042
1971-06-15,100.4635
1971-06-16,100.4552
1971-06-17,100.4804
1971-06-18,100.47199999999999
1971-06-21,100.514
1971-06-22,100.4973
1971-06-23,100.4126
1971-06-24,100.4542
1971-06-25,100.4877
1971-06-28,100.5384
1971-06-29,100.5226
1971-06-30,100.49850000000001
1971-07-01,100.5249
1971-07-02,100.5351
1971-07-06,100.5963
1971-07-07,100.5898
1971-07-08,100.6086
1971-07-09,100.61879999999999
1971-07-12,100.63720000000001
1971-07-13,100.6473
1971-07-14,100.57299999999999
1971-07-15,100.5579
1971-07-16,100.501
1971-07-19,100.5202
1971-07-20,100.5309
1971-07-21,100.4991
1971-07-22,100.4669
1971-07-23,100.4605
1971-07-26,100.5134
1971-07-27,100.5408
1971-07-28,100.5766
1971-07-29,100.5613
1971-07-30,100.5543
1971-08-02,100.59780000000001
1971-08-03,100.6332
1971-08-04,100.48220000000001
1971-08-05,100.4413
1971-08-06,100.49339999999999
1971-08-09,100.0457
1971-08-10,100.1236
1971-08-11,100.0907
1971-08-12,99.9221
1971-08-13,99.956699999999998
1971-08-16,99.973100000000002
1971-08-17,99.989199999999997
1971-08-18,100.00539999999999
1971-08-19,100.0206
1971-08-20,100.0363
1971-08-23,100.05240000000001
1971-08-24,100.06789999999999
1971-08-25,100.0839
1971-08-26,100.0997
1971-08-27,100.1153
1971-08-30,100.1302
1971-08-31,98.980900000000005
1971-09-01,99.089299999999994
1971-09-02,98.908900000000003
1971-09-03,98.9495
1971-09-07,98.998699999999999
1971-09-08,99.013999999999996
1971-09-09,99.004000000000005
1971-09-10,98.960099999999997
1971-09-13,98.950500000000005
1971-09-14,98.745699999999999
1971-09-15,98.693899999999999
1971-09-16,98.692999999999998
1971-09-17,98.691699999999997
1971-09-20,98.375399999999999
1971-09-21,98.425399999999996
1971-09-22,98.322000000000003
1971-09-23,98.005600000000001
1971-09-24,97.961600000000004
1971-09-27,98.036900000000003
1971-09-28,98.0779
1971-09-29,97.982600000000005
1971-09-30,97.997699999999995
1971-10-01,97.910399999999996
1971-10-04,97.950599999999994
1971-10-05,97.957099999999997
1971-10-06,97.895200000000003
1971-10-07,97.884600000000006
1971-10-08,97.891000000000005
1971-10-11,97.905799999999999
1971-10-12,97.886300000000006
1971-10-13,97.986199999999997
1971-10-14,98.103200000000001
1971-10-15,98.066500000000005
1971-10-18,97.927400000000006
1971-10-19,97.959199999999996
1971-10-20,97.939599999999999
1971-10-21,97.920199999999994
1971-10-22,97.951899999999995
1971-10-25,97.966499999999996
1971-10-26,97.920900000000003
1971-10-27,98.029300000000006
1971-10-28,98.009299999999996
1971-10-29,98.066100000000006
1971-11-01,98.062799999999996
1971-11-02,98.076700000000002
1971-11-03,98.081599999999995
1971-11-04,98.146299999999997
1971-11-05,98.065600000000003
1971-11-08,98.122
1971-11-09,98.152600000000007
1971-11-10,98.200400000000002
1971-11-11,98.179699999999997
1971-11-12,98.150400000000005
1971-11-15,98.121099999999998
1971-11-16,98.134299999999996
1971-11-17,98.1477
1971-11-18,98.195400000000006
1971-11-19,98.028999999999996
1971-11-22,97.991299999999995
1971-11-23,97.902500000000003
1971-11-24,97.736800000000002
1971-11-26,97.708299999999994
1971-11-29,97.722399999999993
1971-11-30,97.805199999999999
1971-12-01,97.6905
1971-12-02,97.464100000000002
1971-12-03,97.194299999999998
1971-12-06,97.087299999999999
1971-12-07,97.117599999999996
1971-12-08,97.0535
1971-12-09,97.006500000000003
1971-12-10,96.993799999999993
1971-12-13,96.997799999999998
1971-12-14,96.804599999999994
1971-12-15,96.697400000000002
1971-12-16,96.693100000000001
1971-12-17,96.576899999999995
1971-12-20,96.590000000000003
1971-12-21,95.554400000000001
1971-12-22,95.584199999999996
1971-12-23,95.673500000000004
1971-12-27,95.788399999999996
1971-12-28,95.851600000000005
1971-12-29,95.880399999999995
1971-12-30,95.668199999999999
1971-12-31,95.679500000000004
1972-01-03,95.673599999999993
1972-01-04,95.753900000000002
1972-01-05,95.722300000000004
1972-01-06,95.561000000000007
1972-01-07,95.588099999999997
1972-01-10,95.510900000000007
1972-01-11,95.546199999999999
1972-01-12,95.306100000000001
1972-01-13,95.108900000000006
1972-01-14,94.765199999999993
1972-01-17,94.628399999999999
1972-01-18,94.775800000000004
1972-01-19,94.716700000000003
1972-01-20,94.752499999999998
1972-01-21,94.823099999999997
1972-01-24,94.678600000000003
1972-01-25,94.542699999999996
1972-01-26,94.5702
1972-01-27,94.528800000000004
1972-01-28,94.538799999999995
1972-01-31,94.505600000000001
1972-02-01,94.369299999999996
1972-02-02,94.017200000000003
1972-02-03,94.139300000000006
1972-02-04,94.329899999999995
1972-02-07,94.209500000000006
1972-02-08,94.192899999999995
1972-02-09,93.995000000000005
1972-02-10,93.969300000000004
1972-02-11,93.986500000000007
1972-02-14,94.029600000000002
1972-02-15,94.029799999999994
1972-02-16,93.719200000000001
1972-02-17,93.8142
1972-02-18,93.771299999999997
1972-02-22,93.840999999999994
1972-02-23,93.807000000000002
1972-02-24,93.773200000000003
1972-02-25,93.955799999999996
1972-02-28,93.991699999999994
1972-02-29,93.898300000000006
1972-03-01,93.8827
1972-03-02,93.884399999999999
1972-03-03,93.843000000000004
1972-03-06,93.671899999999994
1972-03-07,93.535600000000002
1972-03-08,93.381900000000002
1972-03-09,93.176500000000004
1972-03-10,93.308400000000006
1972-03-13,93.510000000000005
1972-03-14,93.530500000000004
1972-03-15,93.602999999999994
1972-03-16,93.632199999999997
1972-03-17,94.4833
1972-03-20,93.906800000000004
1972-03-21,93.719499999999996
1972-03-22,93.782899999999998
1972-03-23,93.9328
1972-03-24,94.074200000000005
1972-03-27,93.921199999999999
1972-03-28,93.863600000000005
1972-03-29,93.875399999999999
1972-03-30,93.878399999999999
1972-04-03,93.915899999999993
1972-04-04,93.996899999999997
1972-04-05,94.025899999999993
1972-04-06,94.063500000000005
1972-04-07,94.014399999999995
1972-04-10,93.861099999999993
1972-04-11,93.985399999999998
1972-04-12,93.988299999999995
1972-04-13,94.234300000000005
1972-04-14,94.141900000000007
1972-04-17,94.162400000000005
1972-04-18,94.373000000000005
1972-04-19,94.444800000000001
1972-04-20,94.264600000000002
1972-04-21,94.292299999999997
1972-04-24,94.276600000000002
1972-04-25,94.235200000000006
1972-04-26,94.272000000000006
1972-04-27,94.282700000000006
1972-04-28,94.319699999999997
1972-05-01,94.295900000000003
1972-05-02,94.306899999999999
1972-05-03,94.283000000000001
1972-05-04,94.250200000000007
1972-05-05,94.2864
1972-05-08,94.296700000000001
1972-05-09,94.194800000000001
1972-05-10,94.101399999999998
1972-05-11,94.164500000000004
1972-05-12,94.210099999999997
1972-05-15,94.299300000000002
1972-05-16,94.362899999999996
1972-05-17,94.261399999999995
1972-05-18,94.264300000000006
1972-05-19,94.275899999999993
1972-05-22,94.278800000000004
1972-05-23,94.264399999999995
1972-05-24,94.197800000000001
1972-05-25,94.261499999999998
1972-05-26,94.255499999999998
1972-05-30,94.249700000000004
1972-05-31,94.174300000000002
1972-06-01,94.142399999999995
1972-06-02,94.145499999999998
1972-06-05,94.174599999999998
1972-06-06,94.212699999999998
1972-06-07,94.180999999999997
1972-06-08,94.158000000000001
1972-06-09,94.1524
1972-06-12,94.172700000000006
1972-06-13,94.114800000000002
1972-06-14,94.117800000000003
1972-06-15,94.173400000000001
1972-06-16,94.342500000000001
1972-06-19,94.398099999999999
1972-06-20,94.584699999999998
1972-06-21,94.692899999999995
1972-06-22,94.888499999999993
1972-06-23,94.421199999999999
1972-06-26,94.555599999999998
1972-06-27,94.742500000000007
1972-06-28,94.422799999999995
1972-06-29,94.688100000000006
1972-06-30,94.735600000000005
1972-07-03,94.835899999999995
1972-07-05,94.761300000000006
1972-07-06,94.852400000000003
1972-07-07,94.847399999999993
1972-07-10,94.868700000000004
1972-07-11,94.899100000000004
1972-07-12,94.833100000000002
1972-07-13,94.793300000000002
1972-07-14,94.822999999999993
1972-07-17,94.878799999999998
1972-07-18,94.926100000000005
1972-07-19,95.060599999999994
1972-07-20,95.037700000000001
1972-07-21,95.093599999999995
1972-07-24,95.167199999999994
1972-07-25,95.153499999999994
1972-07-26,95.139600000000002
1972-07-27,95.151700000000005
1972-07-28,95.189899999999994
1972-07-31,95.201599999999999
1972-08-01,95.221999999999994
1972-08-02,95.2774
1972-08-03,95.262799999999999
1972-08-04,95.2483
1972-08-07,95.260199999999998
1972-08-08,95.281000000000006
1972-08-09,95.301699999999997
1972-08-10,95.331199999999995
1972-08-11,95.351799999999997
1972-08-14,95.346299999999999
1972-08-15,95.384799999999998
1972-08-16,95.458299999999994
1972-08-17,95.531700000000001
1972-08-18,95.543899999999994
1972-08-21,95.617699999999999
1972-08-22,95.569299999999998
1972-08-23,95.529899999999998
1972-08-24,95.551699999999997
1972-08-25,95.635300000000001
1972-08-28,95.622399999999999
1972-08-29,95.636700000000005
1972-08-30,95.651300000000006
1972-08-31,95.665899999999993
1972-09-01,95.697999999999993
1972-09-05,95.730699999999999
1972-09-06,95.710800000000006
1972-09-07,95.682100000000005
1972-09-08,95.732500000000002
1972-09-11,95.783000000000001
1972-09-12,95.798299999999998
1972-09-13,95.787199999999999
1972-09-14,95.811199999999999
1972-09-15,95.852699999999999
1972-09-18,95.920500000000004
1972-09-19,95.970699999999994
1972-09-20,95.950400000000002
1972-09-21,95.965500000000006
1972-09-22,96.007099999999994
1972-09-25,96.048699999999997
1972-09-26,96.125299999999996
1972-09-27,96.149000000000001
1972-09-28,96.278199999999998
1972-09-29,96.345699999999994
1972-10-02,96.465999999999994
1972-10-03,96.507599999999996
1972-10-04,96.3643
1972-10-05,96.256299999999996
1972-10-06,96.298100000000005
1972-10-09,96.313400000000001
1972-10-10,96.417000000000002
1972-10-11,96.503100000000003
1972-10-12,96.554100000000005
1972-10-13,96.578800000000001
1972-10-16,96.656300000000002
1972-10-17,96.645600000000002
1972-10-18,96.617199999999997
1972-10-19,96.6768
1972-10-20,96.709999999999994
1972-10-23,96.725499999999997
1972-10-24,96.944100000000006
1972-10-25,96.968400000000003
1972-10-26,97.116399999999999
1972-10-27,97.105400000000003
1972-10-30,97.191599999999994
1972-10-31,97.136600000000001
1972-11-01,97.019599999999997
1972-11-02,97.017399999999995
1972-11-03,97.077100000000002
1972-11-06,97.118899999999996
1972-11-08,97.1875
1972-11-09,97.229600000000005
1972-11-10,97.236199999999997
1972-11-13,97.2607
1972-11-14,97.285300000000007
1972-11-15,97.238900000000001
1972-11-16,97.236900000000006
1972-11-17,97.3322
1972-11-20,97.365600000000001
1972-11-21,97.355000000000004
1972-11-22,97.362099999999998
1972-11-24,97.387
1972-11-27,97.332300000000004
1972-11-28,97.410399999999996
1972-11-29,97.400000000000006
1972-11-30,97.407300000000006
1972-12-01,97.441199999999995
1972-12-04,97.510800000000003
1972-12-05,97.545100000000005
1972-12-06,97.588399999999993
1972-12-07,97.631799999999998
1972-12-08,97.675299999999993
1972-12-11,97.718999999999994
1972-12-12,97.753600000000006
1972-12-13,97.708100000000002
1972-12-14,97.742599999999996
1972-12-15,97.786199999999994
1972-12-18,97.9191
1972-12-19,97.936499999999995
1972-12-20,97.864999999999995
1972-12-21,97.802099999999996
1972-12-22,97.863699999999994
1972-12-26,97.907700000000006
1972-12-27,97.978200000000001
1972-12-29,97.986500000000007
1973-01-02,98.057500000000005
1973-01-03,98.119299999999996
1973-01-04,98.136600000000001
1973-01-05,98.162700000000001
1973-01-08,98.188900000000004
1973-01-09,98.161799999999999
1973-01-10,98.054599999999994
1973-01-11,98.107799999999997
1973-01-12,98.161100000000005
1973-01-15,98.259100000000004
1973-01-16,98.295100000000005
1973-01-17,98.277699999999996
1973-01-18,98.331900000000005
1973-01-19,98.386499999999998
1973-01-22,98.075599999999994
1973-01-23,98.139300000000006
1973-01-24,97.971299999999999
1973-01-26,97.892700000000005
1973-01-29,97.546000000000006
1973-01-30,97.333200000000005
1973-01-31,97.361400000000003
1973-02-01,97.184399999999997
1973-02-02,97.436099999999996
1973-02-05,97.375
1973-02-06,97.340500000000006
1973-02-07,97.269900000000007
1973-02-08,97.207700000000003
1973-02-09,96.957800000000006
1973-02-12,96.975999999999999
1973-02-13,92.316100000000006
1973-02-14,90.937700000000007
1973-02-15,91.598799999999997
1973-02-16,91.606999999999999
1973-02-20,91.991699999999994
1973-02-21,91.875399999999999
1973-02-22,91.087100000000007
1973-02-23,90.307400000000001
1973-02-26,90.639099999999999
1973-02-27,90.299400000000006
1973-02-28,89.762100000000004
1973-03-01,89.385800000000003
1973-03-02,88.534000000000006
1973-03-05,89.448700000000002
1973-03-06,89.323800000000006
1973-03-07,89.225499999999997
1973-03-08,88.911600000000007
1973-03-09,89.073300000000003
1973-03-12,89.091700000000003
1973-03-13,89.487499999999997
1973-03-14,89.6143
1973-03-15,89.480900000000005
1973-03-16,90.2012
1973-03-19,90.409700000000001
1973-03-20,90.304100000000005
1973-03-21,90.396299999999997
1973-03-22,90.479399999999998
1973-03-23,90.589500000000001
1973-03-26,90.546400000000006
1973-03-27,90.530299999999997
1973-03-28,90.667400000000001
1973-03-29,90.831599999999995
1973-03-30,91.122200000000007
1973-04-02,91.404300000000006
1973-04-03,91.6327
1973-04-04,91.068100000000001
1973-04-05,91.025899999999993
1973-04-06,91.217200000000005
1973-04-09,91.3001
1973-04-10,91.302000000000007
1973-04-11,91.159700000000001
1973-04-12,91.2517
1973-04-13,91.316800000000001
1973-04-16,91.526300000000006
1973-04-17,91.293400000000005
1973-04-18,91.394300000000001
1973-04-19,91.504300000000001
1973-04-23,91.524299999999997
1973-04-24,91.689099999999996
1973-04-25,91.637100000000004
1973-04-26,91.792699999999996
1973-04-27,91.776600000000002
1973-04-30,91.760599999999997
1973-05-01,91.753799999999998
1973-05-02,91.746899999999997
1973-05-03,91.803100000000001
1973-05-04,91.859399999999994
1973-05-07,91.915400000000005
1973-05-08,91.798900000000003
1973-05-09,91.664100000000005
1973-05-10,91.710599999999999
1973-05-11,91.649199999999993
1973-05-14,90.844200000000001
1973-05-15,89.957300000000004
1973-05-16,90.385000000000005
1973-05-17,90.559200000000004
1973-05-18,90.325299999999999
1973-05-21,89.5471
1973-05-22,89.758700000000005
1973-05-23,89.870599999999996
1973-05-24,90.054900000000004
1973-05-25,90.266800000000003
1973-05-29,89.843699999999998
1973-05-30,89.375100000000003
1973-05-31,89.097200000000001
1973-06-01,88.719399999999993
1973-06-04,87.504999999999995
1973-06-05,87.636499999999998
1973-06-06,88.659499999999994
1973-06-07,88.873000000000005
1973-06-08,88.613100000000003
1973-06-11,88.708299999999994
1973-06-12,88.5762
1973-06-13,88.935900000000004
1973-06-14,88.776499999999999
1973-06-15,88.389200000000002
1973-06-18,87.883200000000002
1973-06-19,88.070300000000003
1973-06-20,88.056799999999996
1973-06-21,87.851600000000005
1973-06-22,87.700999999999993
1973-06-25,87.741799999999998
1973-06-26,87.591200000000001
1973-06-27,87.139099999999999
1973-06-28,86.3947
1973-06-29,85.814899999999994
1973-07-02,85.418999999999997
1973-07-03,85.2059
1973-07-05,84.288399999999996
1973-07-06,82.857900000000001
1973-07-09,83.961500000000001
1973-07-10,85.852900000000005
1973-07-11,86.297899999999998
1973-07-12,85.836100000000002
1973-07-13,85.805300000000003
1973-07-16,85.380600000000001
1973-07-17,84.717699999999994
1973-07-18,84.338800000000006
1973-07-19,85.280900000000003
1973-07-20,84.8566
1973-07-23,84.817099999999996
1973-07-24,84.897300000000001
1973-07-25,84.931700000000006
1973-07-26,84.837699999999998
1973-07-27,85.010099999999994
1973-07-30,85.513400000000004
1973-07-31,85.447400000000002
1973-08-01,85.436599999999999
1973-08-02,85.627899999999997
1973-08-03,85.828500000000005
1973-08-06,86.471199999999996
1973-08-07,86.222499999999997
1973-08-08,86.222499999999997
1973-08-09,86.683300000000003
1973-08-10,87.319599999999994
1973-08-13,87.412300000000002
1973-08-14,88.206699999999998
1973-08-15,88.493899999999996
1973-08-16,89.011700000000005
1973-08-17,88.855400000000003
1973-08-20,87.646500000000003
1973-08-21,88.525000000000006
1973-08-22,88.738100000000003
1973-08-23,88.969399999999993
1973-08-24,88.626900000000006
1973-08-27,88.820999999999998
1973-08-28,88.886200000000002
1973-08-29,88.414400000000001
1973-08-30,88.728999999999999
1973-08-31,88.719999999999999
1973-09-04,88.7577
1973-09-05,88.471000000000004
1973-09-06,88.657200000000003
1973-09-07,88.3797
1973-09-10,88.585099999999997
1973-09-11,88.855699999999999
1973-09-12,88.847899999999996
1973-09-13,88.9602
1973-09-14,88.923599999999993
1973-09-17,88.106399999999994
1973-09-18,88.143600000000006
1973-09-19,88.2547
1973-09-20,87.723299999999995
1973-09-21,88.184799999999996
1973-09-24,88.003500000000003
1973-09-25,88.035499999999999
1973-09-26,88.057900000000004
1973-09-27,88.228800000000007
1973-09-28,88.316000000000003
1973-10-01,88.291700000000006
1973-10-02,88.353300000000004
1973-10-03,88.358400000000003
1973-10-04,88.457099999999997
1973-10-05,88.480500000000006
1973-10-08,88.503900000000002
1973-10-09,88.433199999999999
1973-10-10,88.166399999999996
1973-10-11,87.992900000000006
1973-10-12,88.136799999999994
1973-10-15,88.215500000000006
1973-10-16,88.061000000000007
1973-10-17,87.775300000000001
1973-10-18,87.872500000000002
1973-10-19,88.156400000000005
1973-10-22,88.1785
1973-10-23,87.760999999999996
1973-10-24,87.885900000000007
1973-10-25,88.020399999999995
1973-10-26,88.632900000000006
1973-10-29,89.114699999999999
1973-10-30,89.193899999999999
1973-10-31,89.095699999999994
1973-11-01,89.3446
1973-11-02,89.547399999999996
1973-11-05,90.173500000000004
1973-11-06,90.199600000000004
1973-11-07,91.352500000000006
1973-11-08,91.576499999999996
1973-11-09,92.007199999999997
1973-11-12,93.266000000000005
1973-11-13,93.351699999999994
1973-11-14,92.900599999999997
1973-11-15,93.132499999999993
1973-11-16,93.045199999999994
1973-11-19,92.985699999999994
1973-11-20,93.1905
1973-11-21,93.3202
1973-11-23,95.003299999999996
1973-11-26,94.794499999999999
1973-11-27,94.340100000000007
1973-11-28,94.667100000000005
1973-11-29,94.683000000000007
1973-11-30,94.613500000000002
1973-12-03,94.863900000000001
1973-12-04,95.426100000000005
1973-12-05,95.301599999999993
1973-12-06,95.082499999999996
1973-12-07,95.373000000000005
1973-12-10,95.681799999999996
1973-12-11,95.726600000000005
1973-12-12,95.506699999999995
1973-12-13,95.561099999999996
1973-12-14,95.738299999999995
1973-12-17,95.905799999999999
1973-12-18,96.120199999999997
1973-12-19,96.069699999999997
1973-12-20,96.198999999999998
1973-12-21,96.290499999999994
1973-12-24,96.363200000000006
1973-12-26,96.7303
1973-12-27,96.955200000000005
1973-12-28,97.0381
1973-12-31,97.054699999999997
1974-01-02,98.284700000000001
1974-01-03,98.851600000000005
1974-01-04,98.992000000000004
1974-01-07,102.0928
1974-01-08,102.1778
1974-01-09,101.0861
1974-01-10,100.5355
1974-01-11,100.7256
1974-01-14,101.2961
1974-01-15,102.2372
1974-01-16,101.8862
1974-01-17,102.343
1974-01-18,102.03919999999999
1974-01-21,103.9903
1974-01-22,103.8776
1974-01-23,104.2599
1974-01-24,103.3856
1974-01-25,103.4821
1974-01-28,103.23520000000001
1974-01-29,102.8442
1974-01-30,102.13800000000001
1974-01-31,101.0022
1974-02-01,101.3244
1974-02-04,100.7206
1974-02-05,101.0127
1974-02-06,101.2572
1974-02-07,101.1302
1974-02-08,101.1652
1974-02-11,100.8471
1974-02-12,100.8728
1974-02-13,100.363
1974-02-14,100.14919999999999
1974-02-15,100.1649
1974-02-19,99.453599999999994
1974-02-20,99.115099999999998
1974-02-21,98.470399999999998
1974-02-22,97.834999999999994
1974-02-25,98.836600000000004
1974-02-26,98.469899999999996
1974-02-27,98.735299999999995
1974-02-28,98.742599999999996
1974-03-01,99.402000000000001
1974-03-04,99.477000000000004
1974-03-05,98.718400000000003
1974-03-06,98.688299999999998
1974-03-07,98.773300000000006
1974-03-08,98.580600000000004
1974-03-11,98.330200000000005
1974-03-12,98.021900000000002
1974-03-13,97.992000000000004
1974-03-14,98.355599999999995
1974-03-15,98.2393
1974-03-18,98.238699999999994
1974-03-19,98.017399999999995
1974-03-20,97.305499999999995
1974-03-21,96.333500000000001
1974-03-22,96.794799999999995
1974-03-25,95.802800000000005
1974-03-26,95.985799999999998
1974-03-27,96.477800000000002
1974-03-28,95.486400000000003
1974-03-29,95.948899999999995
1974-04-01,96.373199999999997
1974-04-02,96.016999999999996
1974-04-03,96.5291
1974-04-04,96.800799999999995
1974-04-05,96.667199999999994
1974-04-08,96.706999999999994
1974-04-09,97.297700000000006
1974-04-10,97.530799999999999
1974-04-11,97.202299999999994
1974-04-15,97.317300000000003
1974-04-16,97.394599999999997
1974-04-17,96.910600000000002
1974-04-18,96.697400000000002
1974-04-19,96.753699999999995
1974-04-22,96.509699999999995
1974-04-23,95.869500000000002
1974-04-24,95.732600000000005
1974-04-25,96.177899999999994
1974-04-26,96.023399999999995
1974-04-29,95.278800000000004
1974-04-30,95.571700000000007
1974-05-01,95.592600000000004
1974-05-02,95.846199999999996
1974-05-03,95.964500000000001
1974-05-06,95.286299999999997
1974-05-07,95.647499999999994
1974-05-08,94.900400000000005
1974-05-09,94.871399999999994
1974-05-10,94.821600000000004
1974-05-13,94.255799999999994
1974-05-14,94.312799999999996
1974-05-15,95.634500000000003
1974-05-16,95.564700000000002
1974-05-17,95.660200000000003
1974-05-20,96.389200000000002
1974-05-21,96.174300000000002
1974-05-22,95.900499999999994
1974-05-23,95.8095
1974-05-24,96.294499999999999
1974-05-28,96.937100000000001
1974-05-29,97.717100000000002
1974-05-30,97.696299999999994
1974-05-31,97.451499999999996
1974-06-03,97.275000000000006
1974-06-04,97.342699999999994
1974-06-05,97.077500000000001
1974-06-06,96.890299999999996
1974-06-07,97.104699999999994
1974-06-10,97.417000000000002
1974-06-11,97.719700000000003
1974-06-12,98.140299999999996
1974-06-13,97.954800000000006
1974-06-14,97.9452
1974-06-17,97.993799999999993
1974-06-18,98.189300000000003
1974-06-19,98.247100000000003
1974-06-20,98.343500000000006
1974-06-21,98.604600000000005
1974-06-24,99.268799999999999
1974-06-25,98.785799999999995
1974-06-26,98.762600000000006
1974-06-27,98.455500000000001
1974-06-28,98.393100000000004
1974-07-01,98.683999999999997
1974-07-02,98.395600000000002
1974-07-03,98.305199999999999
1974-07-05,98.578400000000002
1974-07-08,98.674300000000002
1974-07-09,98.789699999999996
1974-07-10,98.963499999999996
1974-07-11,99.117500000000007
1974-07-12,98.838499999999996
1974-07-15,98.649000000000001
1974-07-16,98.695400000000006
1974-07-17,98.624399999999994
1974-07-18,98.662499999999994
1974-07-19,98.808700000000002
1974-07-22,98.707400000000007
1974-07-23,98.526700000000005
1974-07-24,97.665000000000006
1974-07-25,98.578800000000001
1974-07-26,98.861599999999996
1974-07-29,99.134900000000002
1974-07-30,99.469099999999997
1974-07-31,99.3583
1974-08-01,99.465900000000005
1974-08-02,99.505899999999997
1974-08-05,99.536100000000005
1974-08-06,99.695999999999998
1974-08-07,100.035
1974-08-08,100.5827
1974-08-09,100.35809999999999
1974-08-12,100.5882
1974-08-13,101.0562
1974-08-14,100.93989999999999
1974-08-15,101.19029999999999
1974-08-16,101.50020000000001
1974-08-19,101.9992
1974-08-20,101.904
1974-08-21,101.9289
1974-08-22,102.1829
1974-08-23,102.0805
1974-08-26,101.9676
1974-08-27,102.5408
1974-08-28,102.4975
1974-08-29,102.63079999999999
1974-08-30,102.7041
1974-09-03,102.7197
1974-09-04,102.7152
1974-09-05,103.06910000000001
1974-09-06,103.04430000000001
1974-09-09,103.0689
1974-09-10,102.8439
1974-09-11,103.0376
1974-09-12,103.0027
1974-09-13,102.9367
1974-09-16,102.937
1974-09-17,102.54770000000001
1974-09-18,102.46680000000001
1974-09-19,102.7028
1974-09-20,102.73869999999999
1974-09-23,102.55419999999999
1974-09-24,102.57980000000001
1974-09-25,102.7257
1974-09-26,102.70099999999999
1974-09-27,102.56310000000001
1974-09-30,102.6052
1974-10-01,102.3492
1974-10-02,102.52419999999999
1974-10-03,102.4499
1974-10-04,102.163
1974-10-07,102.1665
1974-10-08,102.2719
1974-10-09,101.5669
1974-10-10,102.07689999999999
1974-10-11,102.2655
1974-10-14,102.2936
1974-10-15,102.14149999999999
1974-10-16,101.929
1974-10-17,101.91759999999999
1974-10-18,101.91549999999999
1974-10-21,102.17449999999999
1974-10-22,102.10129999999999
1974-10-23,101.747
1974-10-24,101.7749
1974-10-25,101.7936
1974-10-28,101.9243
1974-10-29,101.8734
1974-10-30,102.0136
1974-10-31,102.0121
1974-11-01,101.8595
1974-11-04,101.65649999999999
1974-11-05,101.68519999999999
1974-11-06,101.572
1974-11-07,101.378
1974-11-08,101.8092
1974-11-11,101.837
1974-11-12,102.3685
1974-11-13,102.2333
1974-11-14,101.5021
1974-11-15,101.4278
1974-11-18,100.20229999999999
1974-11-19,100.9367
1974-11-20,101.4589
1974-11-21,101.85039999999999
1974-11-22,101.1896
1974-11-25,100.7811
1974-11-26,100.6056
1974-11-27,100.67359999999999
1974-11-29,100.8526
1974-12-02,101.3044
1974-12-03,101.261
1974-12-04,100.8524
1974-12-05,100.72750000000001
1974-12-06,100.8861
1974-12-09,100.4255
1974-12-10,100.44110000000001
1974-12-11,100.3753
1974-12-12,100.19889999999999
1974-12-13,100.42829999999999
1974-12-16,100.1086
1974-12-17,99.502899999999997
1974-12-18,99.689599999999999
1974-12-19,100.14100000000001
1974-12-20,99.9422
1974-12-23,99.927099999999996
1974-12-24,99.697699999999998
1974-12-26,99.732600000000005
1974-12-27,99.370699999999999
1974-12-30,99.049899999999994
1974-12-31,99.0749
1975-01-02,99.527000000000001
1975-01-03,99.000900000000001
1975-01-06,98.464100000000002
1975-01-07,98.507199999999997
1975-01-08,99.039699999999996
1975-01-09,98.858800000000002
1975-01-10,98.8005
1975-01-13,98.946600000000004
1975-01-14,99.387799999999999
1975-01-15,99.125600000000006
1975-01-16,98.954400000000007
1975-01-17,98.874200000000002
1975-01-20,98.437100000000001
1975-01-21,98.234099999999998
1975-01-22,98.265600000000006
1975-01-23,97.579599999999999
1975-01-24,97.189300000000003
1975-01-27,96.553799999999995
1975-01-28,97.104500000000002
1975-01-29,97.9422
1975-01-30,97.798100000000005
1975-01-31,97.837900000000005
1975-02-03,98.133399999999995
1975-02-04,98.653999999999996
1975-02-05,98.713499999999996
1975-02-06,98.476799999999997
1975-02-07,98.312100000000001
1975-02-10,97.738
1975-02-11,97.849599999999995
1975-02-12,97.869100000000003
1975-02-13,97.344999999999999
1975-02-14,97.383799999999994
1975-02-18,97.186300000000003
1975-02-19,97.193799999999996
1975-02-20,96.811300000000003
1975-02-21,96.674499999999995
1975-02-24,96.015100000000004
1975-02-25,96.187100000000001
1975-02-26,95.692599999999999
1975-02-27,95.423599999999993
1975-02-28,95.513300000000001
1975-03-03,95.346999999999994
1975-03-04,95.755899999999997
1975-03-05,95.743499999999997
1975-03-06,95.998199999999997
1975-03-07,96.725999999999999
1975-03-10,96.837400000000002
1975-03-11,96.362300000000005
1975-03-12,96.873900000000006
1975-03-13,96.902299999999997
1975-03-14,96.714500000000001
1975-03-17,96.598799999999997
1975-03-18,96.349299999999999
1975-03-19,96.2029
1975-03-20,96.457499999999996
1975-03-21,96.671099999999996
1975-03-24,96.926599999999993
1975-03-25,97.151300000000006
1975-03-26,97.375900000000001
1975-03-27,97.786000000000001
1975-03-31,97.753200000000007
1975-04-01,97.391000000000005
1975-04-02,97.502799999999993
1975-04-03,97.769300000000001
1975-04-04,98.386899999999997
1975-04-07,98.407700000000006
1975-04-08,98.200199999999995
1975-04-09,98.591200000000001
1975-04-10,98.910200000000003
1975-04-11,98.764099999999999
1975-04-14,99.061899999999994
1975-04-15,98.739800000000002
1975-04-16,98.757999999999996
1975-04-17,98.755700000000004
1975-04-18,98.763900000000007
1975-04-21,98.938000000000002
1975-04-22,98.875100000000003
1975-04-23,98.5017
1975-04-24,98.521199999999993
1975-04-25,98.943899999999999
1975-04-28,99.149500000000003
1975-04-29,98.765100000000004
1975-04-30,98.763199999999998
1975-05-01,98.751000000000005
1975-05-02,98.851900000000001
1975-05-05,98.673299999999998
1975-05-06,98.6815
1975-05-07,98.379000000000005
1975-05-08,98.065799999999996
1975-05-09,98.415700000000001
1975-05-12,98.609399999999994
1975-05-13,98.076599999999999
1975-05-14,98.113900000000001
1975-05-15,98.815399999999997
1975-05-16,98.697599999999994
1975-05-19,98.507400000000004
1975-05-20,98.534999999999997
1975-05-21,98.064599999999999
1975-05-22,97.926400000000001
1975-05-23,97.871200000000002
1975-05-27,97.888999999999996
1975-05-28,98.062299999999993
1975-05-29,98.173400000000001
1975-05-30,98.346800000000002
1975-06-02,98.260599999999997
1975-06-03,98.101600000000005
1975-06-04,98.233699999999999
1975-06-05,98.251300000000001
1975-06-06,98.362499999999997
1975-06-09,98.462900000000005
1975-06-10,98.396799999999999
1975-06-11,98.371799999999993
1975-06-12,98.409000000000006
1975-06-13,98.477599999999995
1975-06-16,98.483500000000006
1975-06-17,98.500399999999999
1975-06-18,98.674800000000005
1975-06-19,98.796700000000001
1975-06-20,98.805899999999994
1975-06-23,99.023300000000006
1975-06-24,99.116100000000003
1975-06-25,99.2196
1975-06-26,99.323899999999995
1975-06-27,99.698499999999996
1975-06-30,100.011
1975-07-01,100.2512
1975-07-02,100.88800000000001
1975-07-03,100.9823
1975-07-07,101.4944
1975-07-08,101.3385
1975-07-09,101.2349
1975-07-10,101.8309
1975-07-11,102.145
1975-07-14,102.4278
1975-07-15,102.7004
1975-07-16,103.1092
1975-07-17,103.5702
1975-07-18,103.9269
1975-07-21,104.253
1975-07-22,104.36
1975-07-23,104.9067
1975-07-24,104.9819
1975-07-25,104.8061
1975-07-28,105.47880000000001
1975-07-29,105.7012
1975-07-30,106.0177
1975-07-31,106.1354
1975-08-01,106.2116
1975-08-04,106.1412
1975-08-05,105.8613
1975-08-06,106.3678
1975-08-07,106.8852
1975-08-08,106.8045
1975-08-11,106.99639999999999
1975-08-12,107.0941
1975-08-13,106.97150000000001
1975-08-14,106.7754
1975-08-15,106.85209999999999
1975-08-18,106.7608
1975-08-19,106.4068
1975-08-20,106.5468
1975-08-21,106.64490000000001
1975-08-22,106.91119999999999
1975-08-25,107.08320000000001
1975-08-26,106.9924
1975-08-27,107.0488
1975-08-28,107.15730000000001
1975-08-29,107.21299999999999
1975-09-02,107.34269999999999
1975-09-03,107.1562
1975-09-04,107.3698
1975-09-05,107.4362
1975-09-08,107.38679999999999
1975-09-09,107.4216
1975-09-10,107.57259999999999
1975-09-11,107.7238
1975-09-12,107.88549999999999
1975-09-15,107.9948
1975-09-16,108.5688
1975-09-17,109.03700000000001
1975-09-18,109.3573
1975-09-19,109.5192
1975-09-22,110.2517
1975-09-23,110.79430000000001
1975-09-24,110.54430000000001
1975-09-25,110.1887
1975-09-26,110.5204
1975-09-29,110.8523
1975-09-30,110.31740000000001
1975-10-01,109.51739999999999
1975-10-02,109.6061
1975-10-03,110.0857
1975-10-06,109.62269999999999
1975-10-07,109.4248
1975-10-08,109.5549
1975-10-09,109.31399999999999
1975-10-10,108.6378
1975-10-13,108.661
1975-10-14,109.2569
1975-10-15,108.67570000000001
1975-10-16,108.4332
1975-10-17,108.5192
1975-10-20,108.5204
1975-10-21,108.3507
1975-10-22,108.0538
1975-10-23,108.224
1975-10-24,108.1922
1975-10-27,108.405
1975-10-28,108.5112
1975-10-29,108.44710000000001
1975-10-30,108.2443
1975-10-31,108.0523
1975-11-03,108.05200000000001
1975-11-04,108.0728
1975-11-05,108.60420000000001
1975-11-06,108.36960000000001
1975-11-07,108.5067
1975-11-10,108.50530000000001
1975-11-11,108.52509999999999
1975-11-12,108.61969999999999
1975-11-13,108.97
1975-11-14,109.4272
1975-11-17,110.08710000000001
1975-11-18,109.86279999999999
1975-11-19,109.7238
1975-11-20,109.4354
1975-11-21,109.7765
1975-11-24,109.8082
1975-11-25,109.81870000000001
1975-11-26,110.14919999999999
1975-11-28,110.49039999999999
1975-12-01,110.3409
1975-12-02,110.3836
1975-12-03,110.3729
1975-12-04,110.1915
1975-12-05,110.6187
1975-12-08,110.56529999999999
1975-12-09,110.7475
1975-12-10,110.7371
1975-12-11,110.81189999999999
1975-12-12,110.9402
1975-12-15,111.1431
1975-12-16,111.036
1975-12-17,110.8537
1975-12-18,110.7997
1975-12-19,110.7449
1975-12-22,110.7118
1975-12-23,110.6251
1975-12-24,110.6558
1975-12-26,110.729
1975-12-29,110.8772
1975-12-30,110.9076
1975-12-31,110.92740000000001
1976-01-02,110.9258
1976-01-05,110.4098
1976-01-06,110.4401
1976-01-07,110.3627
1976-01-08,110.4781
1976-01-09,110.7323
1976-01-12,110.729
1976-01-13,110.8008
1976-01-14,110.67959999999999
1976-01-15,110.6763
1976-01-16,110.7483
1976-01-19,110.70180000000001
1976-01-20,110.79510000000001
1976-01-21,111.3824
1976-01-22,111.4864
1976-01-23,111.5684
1976-01-26,111.4251
1976-01-27,111.4216
1976-01-28,111.5038
1976-01-29,111.5429
1976-01-30,111.71129999999999
1976-02-02,111.34229999999999
1976-02-03,111.4469
1976-02-04,111.16459999999999
1976-02-05,111.3231
1976-02-06,111.3847
1976-02-09,111.18770000000001
1976-02-10,111.1523
1976-02-11,110.8583
1976-02-12,110.8764
1976-02-13,111.2932
1976-02-17,111.67789999999999
1976-02-18,111.535
1976-02-19,111.4996
1976-02-20,111.75490000000001
1976-02-23,111.8595
1976-02-24,111.932
1976-02-25,111.78879999999999
1976-02-26,111.7426
1976-02-27,111.82640000000001
1976-03-01,112.224
1976-03-02,112.309
1976-03-03,112.2859
1976-03-04,112.6298
1976-03-05,112.89790000000001
1976-03-08,112.9607
1976-03-09,113.04470000000001
1976-03-10,113.3879
1976-03-11,113.4937
1976-03-12,113.6314
1976-03-15,114.22329999999999
1976-03-16,114.6103
1976-03-17,114.54340000000001
1976-03-18,114.3466
1976-03-19,114.1713
1976-03-22,114.0279
1976-03-23,114.24160000000001
1976-03-24,114.10899999999999
1976-03-25,114.0628
1976-03-26,114.3198
1976-03-29,114.32810000000001
1976-03-30,114.0877
1976-03-31,114.08540000000001
1976-04-01,114.1374
1976-04-02,114.64409999999999
1976-04-05,114.66330000000001
1976-04-06,114.67149999999999
1976-04-07,114.7992
1976-04-08,114.88330000000001
1976-04-09,115.08669999999999
1976-04-12,115.5719
1976-04-13,115.33029999999999
1976-04-14,114.926
1976-04-15,115.12909999999999
1976-04-19,115.19110000000001
1976-04-20,115.1661
1976-04-21,115.23860000000001
1976-04-22,115.4635
1976-04-23,115.64570000000001
1976-04-26,115.6215
1976-04-27,115.5973
1976-04-28,115.51860000000001
1976-04-29,115.43989999999999
1976-04-30,115.4483
1976-05-03,115.5326
1976-05-04,115.7474
1976-05-05,115.76649999999999
1976-05-06,115.3075
1976-05-07,115.1314
1976-05-10,114.8903
1976-05-11,115.0843
1976-05-12,115.3875
1976-05-13,115.4729
1976-05-14,115.7764
1976-05-17,116.4721
1976-05-18,116.3081
1976-05-19,116.05719999999999
1976-05-20,116.06789999999999
1976-05-21,116.5582
1976-05-24,116.2641
1976-05-25,116.4823
1976-05-26,116.77679999999999
1976-05-27,116.69
1976-05-28,117.0175
1976-06-01,117.1491
1976-06-02,117.139
1976-06-03,117.3359
1976-06-04,117.44540000000001
1976-06-07,116.9545
1976-06-08,116.9329
1976-06-09,116.9003
1976-06-10,117.0861
1976-06-11,117.03149999999999
1976-06-14,117.0752
1976-06-15,116.9221
1976-06-16,116.922
1976-06-17,116.9875
1976-06-18,117.0637
1976-06-21,117.1729
1976-06-22,117.1181
1976-06-23,116.8989
1976-06-24,116.7343
1976-06-25,116.9855
1976-06-28,116.87569999999999
1976-06-29,116.8098
1976-06-30,116.7876
1976-07-01,116.75449999999999
1976-07-02,116.80889999999999
1976-07-06,116.732
1976-07-07,116.7757
1976-07-08,116.9396
1976-07-09,117.0594
1976-07-12,117.0801
1976-07-13,117.01309999999999
1976-07-14,116.9131
1976-07-15,117.1529
1976-07-16,117.492
1976-07-19,117.6448
1976-07-20,117.5343
1976-07-21,117.52249999999999
1976-07-22,117.64239999999999
1976-07-23,117.74039999999999
1976-07-26,117.7723
1976-07-27,117.63930000000001
1976-07-28,117.3526
1976-07-29,117.3184
1976-07-30,117.1414
1976-08-02,116.97499999999999
1976-08-03,117.1935
1976-08-04,117.0714
1976-08-05,117.3562
1976-08-06,117.4101
1976-08-09,117.464
1976-08-10,117.5399
1976-08-11,117.42870000000001
1976-08-12,117.6806
1976-08-13,117.5033
1976-08-16,117.3368
1976-08-17,116.7957
1976-08-18,116.8494
1976-08-19,117.03530000000001
1976-08-20,117.2214
1976-08-23,117.0877
1976-08-24,117.009
1976-08-25,117.18380000000001
1976-08-26,116.9836
1976-08-27,117.1255
1976-08-30,116.95829999999999
1976-08-31,117.1221
1976-09-01,116.9328
1976-09-02,117.01949999999999
1976-09-03,117.0509
1976-09-07,116.994
1976-09-08,116.9371
1976-09-09,116.8913
1976-09-10,116.9781
1976-09-13,116.95440000000001
1976-09-14,116.91970000000001
1976-09-15,116.5201
1976-09-16,116.5073
1976-09-17,116.6159
1976-09-20,116.73560000000001
1976-09-21,116.7667
1976-09-22,116.643
1976-09-23,116.9729
1976-09-24,116.938
1976-09-27,116.98050000000001
1976-09-28,117.2885
1976-09-29,117.0321
1976-09-30,116.85299999999999
1976-10-01,117.22750000000001
1976-10-04,116.9267
1976-10-05,116.7033
1976-10-06,116.6571
1976-10-07,116.7769
1976-10-08,116.90730000000001
1976-10-11,116.9268
1976-10-12,117.1459
1976-10-13,117.0878
1976-10-14,117.3622
1976-10-15,117.55880000000001
1976-10-18,117.9884
1976-10-19,117.7304
1976-10-20,117.4611
1976-10-21,117.63590000000001
1976-10-22,117.6332
1976-10-25,117.7307
1976-10-26,117.80589999999999
1976-10-27,117.7032
1976-10-28,117.845
1976-10-29,117.7535
1976-11-01,117.95059999999999
1976-11-03,117.6921
1976-11-04,117.878
1976-11-05,117.9308
1976-11-08,117.7835
1976-11-09,117.85890000000001
1976-11-10,117.83410000000001
1976-11-11,117.8539
1976-11-12,117.8959
1976-11-15,117.871
1976-11-16,117.946
1976-11-17,117.8205
1976-11-18,117.86199999999999
1976-11-19,117.76909999999999
1976-11-22,117.6203
1976-11-23,117.7724
1976-11-24,117.84650000000001
1976-11-26,118.0761
1976-11-29,118.20529999999999
1976-11-30,118.4123
1976-12-01,118.4743
1976-12-02,118.43600000000001
1976-12-03,118.38630000000001
1976-12-06,118.11360000000001
1976-12-07,118.1086
1976-12-08,118.0592
1976-12-09,118.0209
1976-12-10,117.9823
1976-12-13,117.8432
1976-12-14,117.87139999999999
1976-12-15,117.8995
1976-12-16,117.8272
1976-12-17,117.7432
1976-12-20,117.2458
1976-12-21,117.2401
1976-12-22,117.23439999999999
1976-12-23,117.3181
1976-12-27,117.15600000000001
1976-12-28,116.9718
1976-12-29,116.8882
1976-12-30,116.9721
1976-12-31,116.9667
1977-01-03,116.5475
1977-01-04,116.4755
1977-01-05,116.64960000000001
1977-01-06,116.9246
1977-01-07,117.2338
1977-01-10,117.8342
1977-01-11,117.6956
1977-01-12,117.6353
1977-01-13,117.96680000000001
1977-01-14,118.0411
1977-01-17,118.1604
1977-01-18,118.36960000000001
1977-01-19,118.2984
1977-01-20,118.2384
1977-01-21,118.2457
1977-01-24,118.57850000000001
1977-01-25,118.7655
1977-01-26,118.7171
1977-01-27,118.82599999999999
1977-01-28,118.9572
1977-01-31,118.44880000000001
1977-02-01,118.6474
1977-02-02,118.6553
1977-02-03,118.7865
1977-02-04,118.7938
1977-02-07,118.6438
1977-02-08,118.6735
1977-02-09,118.45610000000001
1977-02-10,118.4633
1977-02-11,118.44799999999999
1977-02-14,118.11799999999999
1977-02-15,118.4062
1977-02-16,118.3797
1977-02-17,118.34180000000001
1977-02-18,118.3492
1977-02-22,118.3904
1977-02-23,118.46550000000001
1977-02-24,118.7319
1977-02-25,118.5033
1977-02-28,118.4883
1977-03-01,118.5296
1977-03-02,118.4243
1977-03-03,118.4089
1977-03-04,118.54000000000001
1977-03-07,118.5924
1977-03-08,118.6223
1977-03-09,118.7647
1977-03-10,118.9071
1977-03-11,118.8691
1977-03-14,118.7634
1977-03-15,118.83799999999999
1977-03-16,118.78879999999999
1977-03-17,118.7396
1977-03-18,118.7467
1977-03-21,118.59569999999999
1977-03-22,118.58
1977-03-23,118.4965
1977-03-24,118.6276
1977-03-25,118.6348
1977-03-28,118.4273
1977-03-29,118.5698
1977-03-30,118.5429
1977-03-31,118.65130000000001
1977-04-01,118.5564
1977-04-04,118.69880000000001
1977-04-05,118.5702
1977-04-06,118.5772
1977-04-07,118.5842
1977-04-11,118.4327
1977-04-12,118.2136
1977-04-13,118.1412
1977-04-14,118.261
1977-04-15,118.2563
1977-04-18,118.2968
1977-04-19,118.45050000000001
1977-04-20,118.66070000000001
1977-04-21,118.554
1977-04-22,118.6173
1977-04-25,118.5335
1977-04-26,118.64190000000001
1977-04-27,118.45569999999999
1977-04-28,118.3031
1977-04-29,118.28789999999999
1977-05-02,118.3296
1977-05-03,118.5072
1977-05-04,118.1519
1977-05-05,118.1936
1977-05-06,118.29219999999999
1977-05-09,118.5723
1977-05-10,118.6263
1977-05-11,118.8622
1977-05-12,118.79170000000001
1977-05-13,118.7212
1977-05-16,118.7527
1977-05-17,118.63679999999999
1977-05-18,118.61150000000001
1977-05-19,118.5981
1977-05-20,118.73269999999999
1977-05-23,118.8331
1977-05-24,118.8198
1977-05-25,118.72669999999999
1977-05-26,118.6789
1977-05-27,118.8242
1977-05-31,118.85590000000001
1977-06-01,118.86499999999999
1977-06-02,118.8173
1977-06-03,118.87179999999999
1977-06-06,118.8695
1977-06-07,118.9924
1977-06-08,118.86499999999999
1977-06-09,118.8402
1977-06-10,118.89490000000001
1977-06-13,118.7901
1977-06-14,118.85590000000001
1977-06-15,118.8535
1977-06-16,118.87390000000001
1977-06-17,118.96250000000001
1977-06-20,119.0968
1977-06-21,119.1173
1977-06-22,119.0123
1977-06-23,119.0441
1977-06-24,119.08710000000001
1977-06-27,119.0729
1977-06-28,119.05880000000001
1977-06-29,118.48560000000001
1977-06-30,118.5286
1977-07-01,118.50320000000001
1977-07-05,117.7705
1977-07-06,117.88249999999999
1977-07-07,117.6862
1977-07-08,117.66119999999999
1977-07-11,117.17919999999999
1977-07-12,117.4628
1977-07-13,117.2664
1977-07-15,117.3901
1977-07-18,116.96510000000001
1977-07-19,116.9175
1977-07-20,116.84699999999999
1977-07-21,116.91379999999999
1977-07-22,116.73999999999999
1977-07-25,116.4975
1977-07-26,116.5067
1977-07-27,116.7338
1977-07-28,117.1906
1977-07-29,117.8079
1977-08-01,117.9556
1977-08-02,117.6798
1977-08-03,117.6555
1977-08-04,117.7919
1977-08-05,117.6875
1977-08-08,118.202
1977-08-09,118.11
1977-08-10,118.4075
1977-08-11,118.3728
1977-08-12,118.774
1977-08-15,118.8771
1977-08-16,119.15309999999999
1977-08-17,118.80889999999999
1977-08-18,118.8432
1977-08-19,118.8657
1977-08-22,118.6815
1977-08-23,118.6009
1977-08-24,118.2216
1977-08-25,118.6695
1977-08-26,118.5428
1977-08-29,119.3935
1977-08-30,119.33620000000001
1977-08-31,119.2212
1977-09-01,119.3017
1977-09-02,119.4166
1977-09-06,119.4627
1977-09-07,119.2788
1977-09-08,119.42870000000001
1977-09-09,119.5565
1977-09-12,119.70740000000001
1977-09-13,119.70910000000001
1977-09-14,119.8374
1977-09-15,119.7467
1977-09-16,119.79430000000001
1977-09-19,119.7727
1977-09-20,119.7165
1977-09-21,119.68340000000001
1977-09-22,119.7546
1977-09-23,119.8026
1977-09-26,119.78149999999999
1977-09-27,119.9217
1977-09-28,119.8193
1977-09-29,119.57810000000001
1977-09-30,119.23309999999999
1977-10-03,118.6572
1977-10-04,118.92529999999999
1977-10-05,118.96250000000001
1977-10-06,118.6182
1977-10-07,118.6553
1977-10-10,118.6808
1977-10-11,118.9384
1977-10-12,118.6874
1977-10-13,118.51730000000001
1977-10-14,118.13849999999999
1977-10-17,117.90989999999999
1977-10-18,117.93600000000001
1977-10-19,118.27419999999999
1977-10-20,118.3459
1977-10-21,118.348
1977-10-24,117.89830000000001
1977-10-25,118.0629
1977-10-26,117.9954
1977-10-27,118.0437
1977-10-28,117.8481
1977-10-31,117.166
1977-11-01,116.565
1977-11-02,117.0896
1977-11-03,117.25449999999999
1977-11-04,117.6748
1977-11-07,117.8745
1977-11-08,117.90009999999999
1977-11-09,117.86750000000001
1977-11-10,117.428
1977-11-11,117.4533
1977-11-14,117.39700000000001
1977-11-15,117.45699999999999
1977-11-16,117.36579999999999
1977-11-17,117.4606
1977-11-18,117.1596
1977-11-21,117.13800000000001
1977-11-22,116.91849999999999
1977-11-23,116.82689999999999
1977-11-25,116.58369999999999
1977-11-28,116.5269
1977-11-29,117.0061
1977-11-30,117.0076
1977-12-01,116.7758
1977-12-02,116.5673
1977-12-05,116.0787
1977-12-06,115.8351
1977-12-07,115.56829999999999
1977-12-08,115.8147
1977-12-09,116.08450000000001
1977-12-12,115.794
1977-12-13,115.15300000000001
1977-12-14,114.4766
1977-12-15,114.7811
1977-12-16,114.7234
1977-12-19,113.89409999999999
1977-12-20,113.8597
1977-12-21,113.6966
1977-12-22,114.9372
1977-12-23,114.88
1977-12-27,115.1623
1977-12-28,113.8065
1977-12-29,113.0587
1977-12-30,112.9308
1978-01-03,111.5151
1978-01-04,111.28149999999999
1978-01-05,114.6798
1978-01-06,113.6504
1978-01-09,114.2867
1978-01-10,114.0909
1978-01-11,113.2034
1978-01-12,113.91
1978-01-13,113.6194
1978-01-16,113.58669999999999
1978-01-17,114.05880000000001
1978-01-18,114.21420000000001
1978-01-19,114.029
1978-01-20,113.93770000000001
1978-01-23,113.529
1978-01-24,113.3668
1978-01-25,113.11069999999999
1978-01-26,113.35980000000001
1978-01-27,113.7735
1978-01-30,113.7876
1978-01-31,113.7076
1978-02-01,113.93340000000001
1978-02-02,114.0651
1978-02-03,114.2911
1978-02-06,114.28189999999999
1978-02-07,114.37869999999999
1978-02-08,114.3223
1978-02-09,114.34829999999999
1978-02-10,114.29179999999999
1978-02-13,114.31789999999999
1978-02-14,113.68380000000001
1978-02-15,113.75709999999999
1978-02-16,113.2054
1978-02-17,113.03060000000001
1978-02-21,112.502
1978-02-22,112.3507
1978-02-23,111.6797
1978-02-24,113.3228
1978-02-27,112.8287
1978-02-28,111.791
1978-03-01,111.76909999999999
1978-03-02,111.67610000000001
1978-03-03,112.0558
1978-03-06,112.2345
1978-03-07,111.9875
1978-03-08,112.18980000000001
1978-03-09,112.82980000000001
1978-03-10,113.7662
1978-03-13,112.9034
1978-03-14,112.7509
1978-03-15,112.8706
1978-03-16,112.5164
1978-03-17,112.33969999999999
1978-03-20,112.364
1978-03-21,112.6494
1978-03-22,112.4725
1978-03-23,112.6396
1978-03-27,112.0951
1978-03-28,112.0488
1978-03-29,111.75320000000001
1978-03-30,111.8021
1978-03-31,111.4359
1978-04-03,110.93819999999999
1978-04-04,111.49769999999999
1978-04-05,111.2735
1978-04-06,111.1324
1978-04-07,111.3593
1978-04-10,111.13460000000001
1978-04-11,111.2071
1978-04-12,111.2081
1978-04-13,111.8514
1978-04-14,112.0659
1978-04-17,112.48269999999999
1978-04-18,112.80459999999999
1978-04-19,112.9965
1978-04-20,114.5817
1978-04-21,114.15430000000001
1978-04-24,114.4409
1978-04-25,114.4063
1978-04-26,114.3839
1978-04-27,113.4439
1978-04-28,114.0536
1978-05-01,114.0313
1978-05-02,114.3676
1978-05-03,114.3218
1978-05-04,113.8818
1978-05-05,114.0868
1978-05-08,114.6379
1978-05-09,114.9148
1978-05-10,114.57040000000001
1978-05-11,114.9306
1978-05-12,115.31480000000001
1978-05-15,115.53149999999999
1978-05-16,116.14319999999999
1978-05-17,116.0613
1978-05-18,115.3935
1978-05-19,115.97
1978-05-22,116.00830000000001
1978-05-23,116.2503
1978-05-24,116.1335
1978-05-25,115.8009
1978-05-26,115.7204
1978-05-30,115.53189999999999
1978-05-31,114.43259999999999
1978-06-01,114.44750000000001
1978-06-02,114.23439999999999
1978-06-05,114.65689999999999
1978-06-06,114.5638
1978-06-07,114.5908
1978-06-08,114.41379999999999
1978-06-09,114.41679999999999
1978-06-12,114.0474
1978-06-13,114.1103
1978-06-14,114.005
1978-06-15,114.4285
1978-06-16,114.3597
1978-06-19,114.1104
1978-06-20,113.69280000000001
1978-06-21,113.3717
1978-06-22,113.9045
1978-06-23,113.1742
1978-06-26,113.1177
1978-06-27,113.25409999999999
1978-06-28,113.017
1978-06-29,112.7919
1978-06-30,112.71169999999999
1978-07-03,112.3058
1978-07-05,111.7677
1978-07-06,112.3867
1978-07-07,112.0656
1978-07-10,111.5153
1978-07-11,111.8458
1978-07-12,112.1039
1978-07-13,111.98779999999999
1978-07-14,112.17310000000001
1978-07-17,112.63590000000001
1978-07-18,112.435
1978-07-19,112.05249999999999
1978-07-20,111.8995
1978-07-21,111.6857
1978-07-24,111.04770000000001
1978-07-25,110.9542
1978-07-26,111.163
1978-07-27,111.3228
1978-07-28,110.5142
1978-07-31,110.1412
1978-08-01,110.1198
1978-08-02,110.0372
1978-08-03,110.1245
1978-08-04,110.3934
1978-08-07,109.7047
1978-08-08,109.0519
1978-08-09,108.7869
1978-08-10,108.4252
1978-08-11,107.9299
1978-08-14,106.83969999999999
1978-08-15,107.2792
1978-08-16,106.9913
1978-08-17,109.2175
1978-08-18,109.0517
1978-08-21,110.18600000000001
1978-08-22,109.8379
1978-08-23,110.2068
1978-08-24,109.8948
1978-08-25,110.5317
1978-08-28,110.9258
1978-08-29,109.714
1978-08-30,109.57299999999999
1978-08-31,109.63930000000001
1978-09-01,109.3408
1978-09-05,109.4072
1978-09-06,109.4614
1978-09-07,109.83280000000001
1978-09-08,110.4485
1978-09-11,110.3085
1978-09-12,110.16849999999999
1978-09-13,109.4914
1978-09-14,109.6442
1978-09-15,109.59
1978-09-18,109.69459999999999
1978-09-19,109.6895
1978-09-20,109.0249
1978-09-21,108.7021
1978-09-22,108.9421
1978-09-25,108.50920000000001
1978-09-26,108.8956
1978-09-27,108.7308
1978-09-28,108.786
1978-09-29,108.8297
1978-10-02,108.9224
1978-10-03,108.2071
1978-10-04,107.7856
1978-10-05,107.7809
1978-10-06,108.0582
1978-10-09,108.0904
1978-10-10,107.8035
1978-10-11,106.902
1978-10-12,107.15309999999999
1978-10-13,106.74120000000001
1978-10-16,106.5013
1978-10-17,105.9919
1978-10-18,105.7642
1978-10-19,106.0521
1978-10-20,105.1591
1978-10-23,104.9661
1978-10-24,105.1925
1978-10-25,103.9036
1978-10-26,102.94750000000001
1978-10-27,102.8169
1978-10-30,101.1605
1978-10-31,102.4254
1978-11-01,106.9097
1978-11-02,107.6469
1978-11-03,108.54510000000001
1978-11-06,109.1849
1978-11-07,109.22020000000001
1978-11-08,108.12
1978-11-09,108.5378
1978-11-10,108.6579
1978-11-13,108.7893
1978-11-14,108.92100000000001
1978-11-15,109.4598
1978-11-16,110.5934
1978-11-17,111.38030000000001
1978-11-20,111.6858
1978-11-21,111.2884
1978-11-22,111.15000000000001
1978-11-24,111.5825
1978-11-27,111.6563
1978-11-28,111.63160000000001
1978-11-29,111.6807
1978-11-30,111.9781
1978-12-01,112.5232
1978-12-04,111.8399
1978-12-05,111.6157
1978-12-06,111.6023
1978-12-07,111.738
1978-12-08,111.526
1978-12-11,110.9903
1978-12-12,111.1133
1978-12-13,111.2116
1978-12-14,110.9366
1978-12-15,110.7992
1978-12-18,109.2299
1978-12-19,108.6936
1978-12-20,108.71810000000001
1978-12-21,109.60299999999999
1978-12-22,109.45359999999999
1978-12-26,109.30410000000001
1978-12-27,108.0677
1978-12-28,108.4413
1978-12-29,108.07850000000001
1979-01-02,108.1408
1979-01-03,109.2902
1979-01-04,109.48999999999999
1979-01-05,109.46510000000001
1979-01-08,109.1523
1979-01-09,109.6901
1979-01-10,109.7649
1979-01-11,110.4034
1979-01-12,110.3411
1979-01-15,110.52979999999999
1979-01-16,110.1293
1979-01-17,109.8539
1979-01-18,109.66630000000001
1979-01-19,110.00539999999999
1979-01-22,110.10590000000001
1979-01-23,110.31950000000001
1979-01-24,110.1815
1979-01-25,110.7974
1979-01-26,110.8353
1979-01-29,111.1375
1979-01-30,111.2885
1979-01-31,111.8676
1979-02-01,112.3839
1979-02-02,112.43470000000001
1979-02-05,111.55289999999999
1979-02-06,111.27549999999999
1979-02-07,110.15349999999999
1979-02-08,110.7204
1979-02-09,110.8592
1979-02-12,110.89709999999999
1979-02-13,111.36409999999999
1979-02-14,111.4777
1979-02-15,111.3766
1979-02-16,111.5789
1979-02-20,111.6679
1979-02-21,111.75709999999999
1979-02-22,111.58069999999999
1979-02-23,111.5941
1979-02-26,111.5189
1979-02-27,111.6464
1979-02-28,111.7358
1979-03-01,111.9011
1979-03-02,112.1046
1979-03-05,112.232
1979-03-06,112.18210000000001
1979-03-07,111.89100000000001
1979-03-08,111.8535
1979-03-09,112.045
1979-03-12,112.17310000000001
1979-03-13,112.6063
1979-03-14,112.3914
1979-03-15,112.5197
1979-03-16,112.699
1979-03-19,112.64919999999999
1979-03-20,112.7396
1979-03-21,112.7283
1979-03-22,112.62779999999999
1979-03-23,112.74379999999999
1979-03-26,112.46469999999999
1979-03-27,112.78449999999999
1979-03-28,112.7597
1979-03-29,112.93899999999999
1979-03-30,113.042
1979-04-02,113.6562
1979-04-03,113.8621
1979-04-04,113.9529
1979-04-05,113.9926
1979-04-06,114.1096
1979-04-09,114.393
1979-04-10,114.15260000000001
1979-04-11,114.2063
1979-04-12,114.8104
1979-04-16,114.8897
1979-04-17,115.04510000000001
1979-04-18,114.6229
1979-04-19,114.7133
1979-04-20,115.26560000000001
1979-04-23,115.2146
1979-04-24,115.1632
1979-04-25,115.26560000000001
1979-04-26,115.2529
1979-04-27,115.4866
1979-04-30,115.6943
1979-05-01,115.90179999999999
1979-05-02,116.0711
1979-05-03,116.0736
1979-05-04,115.8961
1979-05-07,115.345
1979-05-08,115.63079999999999
1979-05-09,115.54300000000001
1979-05-10,115.932
1979-05-11,116.1275
1979-05-14,116.10380000000001
1979-05-15,116.27379999999999
1979-05-16,116.2373
1979-05-17,116.74299999999999
1979-05-18,117.2111
1979-05-21,117.45999999999999
1979-05-22,117.489
1979-05-23,117.3498
1979-05-24,117.22280000000001
1979-05-25,117.5745
1979-05-29,117.8617
1979-05-30,117.90309999999999
1979-05-31,117.3099
1979-06-01,117.72669999999999
1979-06-04,117.5087
1979-06-05,117.76990000000001
1979-06-06,117.7974
1979-06-07,117.6948
1979-06-08,117.7085
1979-06-11,117.7475
1979-06-12,117.70780000000001
1979-06-13,117.55110000000001
1979-06-14,117.5633
1979-06-15,116.8096
1979-06-18,116.9389
1979-06-19,116.0795
1979-06-20,115.8182
1979-06-21,115.5827
1979-06-22,115.191
1979-06-25,114.3028
1979-06-26,114.9649
1979-06-27,114.7933
1979-06-28,114.7655
1979-06-29,114.6335
1979-07-02,114.7231
1979-07-03,114.6698
1979-07-05,114.0817
1979-07-06,114.34220000000001
1979-07-09,114.69459999999999
1979-07-10,114.4594
1979-07-11,114.1583
1979-07-12,114.1448
1979-07-13,114.1576
1979-07-16,113.8434
1979-07-17,113.3061
1979-07-18,112.8206
1979-07-19,113.1079
1979-07-20,113.7106
1979-07-23,113.1863
1979-07-24,112.858
1979-07-25,113.1061
1979-07-26,113.3802
1979-07-27,113.5761
1979-07-30,114.00790000000001
1979-07-31,114.7426
1979-08-01,114.3343
1979-08-02,114.4392
1979-08-03,114.63639999999999
1979-08-06,114.6889
1979-08-07,114.9127
1979-08-08,114.8997
1979-08-09,114.6365
1979-08-10,114.5314
1979-08-13,114.8612
1979-08-14,115.1254
1979-08-15,115.1922
1979-08-16,115.14019999999999
1979-08-17,115.37869999999999
1979-08-20,115.36620000000001
1979-08-21,115.4991
1979-08-22,115.5793
1979-08-23,115.46120000000001
1979-08-24,115.4361
1979-08-27,115.6622
1979-08-28,115.5979
1979-08-29,115.7851
1979-08-30,115.4427
1979-08-31,115.51090000000001
1979-09-04,115.6464
1979-09-05,115.62309999999999
1979-09-06,115.2428
1979-09-07,115.1281
1979-09-10,115.14660000000001
1979-09-11,115.43000000000001
1979-09-12,115.5145
1979-09-13,116.0111
1979-09-14,116.22799999999999
1979-09-17,116.3258
1979-09-18,116.35720000000001
1979-09-19,116.2681
1979-09-20,114.7415
1979-09-21,114.83750000000001
1979-09-24,115.1065
1979-09-25,115.13590000000001
1979-09-26,114.8062
1979-09-27,114.0898
1979-09-28,114.0257
1979-10-01,114.04179999999999
1979-10-02,114.6996
1979-10-03,115.0108
1979-10-04,115.25620000000001
1979-10-05,115.2217
1979-10-08,115.2675
1979-10-09,117.2979
1979-10-10,116.49290000000001
1979-10-11,116.9983
1979-10-12,117.1682
1979-10-15,117.58069999999999
1979-10-16,118.008
1979-10-17,118.42149999999999
1979-10-18,118.0724
1979-10-19,118.1002
1979-10-22,118.6002
1979-10-23,119.28959999999999
1979-10-24,119.0911
1979-10-25,118.95869999999999
1979-10-26,119.52290000000001
1979-10-29,119.80540000000001
1979-10-30,120.0615
1979-10-31,119.8869
1979-11-01,119.7253
1979-11-02,119.3477
1979-11-05,119.5904
1979-11-06,119.6443
1979-11-07,119.4572
1979-11-08,119.98560000000001
1979-11-09,120.30970000000001
1979-11-12,120.36369999999999
1979-11-13,120.4721
1979-11-14,119.7679
1979-11-15,120.02330000000001
1979-11-16,119.6297
1979-11-19,118.8702
1979-11-20,119.1401
1979-11-21,118.9756
1979-11-23,119.37860000000001
1979-11-26,119.1833
1979-11-27,119.0966
1979-11-28,118.9298
1979-11-29,118.572
1979-11-30,118.0652
1979-12-03,117.0155
1979-12-04,117.84220000000001
1979-12-05,118.5741
1979-12-06,118.3669
1979-12-07,118.6649
1979-12-10,118.1459
1979-12-11,117.7774
1979-12-12,117.8058
1979-12-13,117.84690000000001
1979-12-14,118.43380000000001
1979-12-17,118.2148
1979-12-18,118.0635
1979-12-19,117.8835
1979-12-20,118.0454
1979-12-21,118.304
1979-12-24,118.0697
1979-12-26,117.876
1979-12-27,117.27070000000001
1979-12-28,117.73439999999999
1979-12-31,117.80110000000001
1980-01-02,117.16840000000001
1980-01-03,117.139
1980-01-04,117.1508
1980-01-07,116.59780000000001
1980-01-08,117.0342
1980-01-09,117.0167
1980-01-10,117.3282
1980-01-11,117.5724
1980-01-14,117.45910000000001
1980-01-15,118.0762
1980-01-16,117.7974
1980-01-17,118.0155
1980-01-18,117.9721
1980-01-21,118.3712
1980-01-22,118.56319999999999
1980-01-23,118.2848
1980-01-24,118.54600000000001
1980-01-25,118.9186
1980-01-28,119.1942
1980-01-29,119.13809999999999
1980-01-30,119.1091
1980-01-31,119.4119
1980-02-01,119.4524
1980-02-04,119.39490000000001
1980-02-05,119.4079
1980-02-06,118.9064
1980-02-07,119.2094
1980-02-08,119.4577
1980-02-11,119.38720000000001
1980-02-12,119.4417
1980-02-13,119.3849
1980-02-14,119.5369
1980-02-15,119.9564
1980-02-19,120.5881
1980-02-20,120.6065
1980-02-21,120.5698
1980-02-22,121.3421
1980-02-25,121.5859
1980-02-26,121.6913
1980-02-27,121.50320000000001
1980-02-28,121.71899999999999
1980-02-29,122.6786
1980-03-03,123.0282
1980-03-04,123.4208
1980-03-05,123.3665
1980-03-06,123.90260000000001
1980-03-07,124.1023
1980-03-10,124.84780000000001
1980-03-11,124.97669999999999
1980-03-12,124.86790000000001
1980-03-13,125.6003
1980-03-14,126.4466
1980-03-17,128.55799999999999
1980-03-18,128.74170000000001
1980-03-19,128.44489999999999
1980-03-20,128.16540000000001
1980-03-21,128.8314
1980-03-24,129.4034
1980-03-25,129.80680000000001
1980-03-26,129.75810000000001
1980-03-27,130.87889999999999
1980-03-28,131.43299999999999
1980-03-31,132.56549999999999
1980-04-01,133.54750000000001
1980-04-02,133.41
1980-04-03,133.911
1980-04-07,134.70760000000001
1980-04-08,132.76519999999999
1980-04-09,130.2372
1980-04-10,129.51159999999999
1980-04-11,129.8501
1980-04-14,129.5763
1980-04-15,130.76840000000001
1980-04-16,129.06870000000001
1980-04-17,129.0487
1980-04-18,129.0985
1980-04-21,128.6618
1980-04-22,129.29169999999999
1980-04-23,126.9509
1980-04-24,126.9503
1980-04-25,126.7919
1980-04-28,125.9286
1980-04-29,125.9359
1980-04-30,126.12739999999999
1980-05-01,126.33320000000001
1980-05-02,127.35290000000001
1980-05-05,125.8797
1980-05-06,125.3074
1980-05-07,125.06189999999999
1980-05-08,125.5177
1980-05-09,126.2897
1980-05-12,124.9948
1980-05-13,125.24769999999999
1980-05-14,124.8395
1980-05-15,124.95050000000001
1980-05-16,125.3798
1980-05-19,125.6361
1980-05-20,125.45829999999999
1980-05-21,124.2582
1980-05-22,124.2796
1980-05-23,123.46429999999999
1980-05-27,122.59099999999999
1980-05-28,123.3879
1980-05-29,123.73990000000001
1980-05-30,123.8177
1980-06-02,124.0836
1980-06-03,124.08880000000001
1980-06-04,123.73260000000001
1980-06-05,123.6499
1980-06-06,123.36490000000001
1980-06-09,122.6593
1980-06-10,122.7315
1980-06-11,123.0042
1980-06-12,122.85769999999999
1980-06-13,122.42230000000001
1980-06-16,122.9843
1980-06-17,123.0716
1980-06-18,122.8999
1980-06-19,123.13290000000001
1980-06-20,123.2925
1980-06-23,123.16500000000001
1980-06-24,123.3853
1980-06-25,123.4905
1980-06-26,123.29259999999999
1980-06-27,123.2834
1980-06-30,123.4199
1980-07-01,123.31100000000001
1980-07-02,123.2015
1980-07-03,123.07680000000001
1980-07-07,122.0988
1980-07-08,122.2504
1980-07-09,122.28570000000001
1980-07-10,122.1033
1980-07-11,122.2846
1980-07-14,122.5677
1980-07-15,122.9375
1980-07-16,122.75409999999999
1980-07-17,122.3535
1980-07-18,123.0283
1980-07-21,122.8015
1980-07-22,122.66200000000001
1980-07-23,123.0168
1980-07-24,122.71769999999999
1980-07-25,123.10290000000001
1980-07-28,123.41630000000001
1980-07-29,124.2692
1980-07-30,125.22499999999999
1980-07-31,125.4975
1980-08-01,126.13509999999999
1980-08-04,125.6498
1980-08-05,125.223
1980-08-06,124.7366
1980-08-07,125.3878
1980-08-08,125.51479999999999
1980-08-11,125.58450000000001
1980-08-12,125.288
1980-08-13,125.4293
1980-08-14,125.6726
1980-08-15,125.8141
1980-08-18,126.4851
1980-08-19,126.5872
1980-08-20,126.3963
1980-08-21,126.5146
1980-08-22,127.2915
1980-08-25,126.883
1980-08-26,126.4898
1980-08-27,126.4195
1980-08-28,125.76349999999999
1980-08-29,126.0446
1980-09-02,125.12139999999999
1980-09-03,125.10760000000001
1980-09-04,125.226
1980-09-05,125.5797
1980-09-08,125.31780000000001
1980-09-09,125.55540000000001
1980-09-10,125.54259999999999
1980-09-11,125.31
1980-09-12,125.3278
1980-09-15,125.6121
1980-09-16,125.68940000000001
1980-09-17,125.66379999999999
1980-09-18,126.25660000000001
1980-09-19,126.259
1980-09-22,127.0021
1980-09-23,127.44929999999999
1980-09-24,126.56659999999999
1980-09-25,126.80719999999999
1980-09-26,126.8729
1980-09-29,127.4284
1980-09-30,127.3052
1980-10-01,126.9599
1980-10-02,127.20699999999999
1980-10-03,127.1421
1980-10-06,126.6465
1980-10-07,127.07040000000001
1980-10-08,127.0056
1980-10-09,127.1176
1980-10-10,127.0966
1980-10-13,127.1498
1980-10-14,127.41070000000001
1980-10-15,127.86360000000001
1980-10-16,128.04949999999999
1980-10-17,128.74250000000001
1980-10-20,129.4811
1980-10-21,129.44800000000001
1980-10-22,129.71360000000001
1980-10-23,129.74090000000001
1980-10-24,130.2449
1980-10-27,130.99090000000001
1980-10-28,131.66390000000001
1980-10-29,131.0539
1980-10-30,131.71279999999999
1980-10-31,132.10429999999999
1980-11-03,132.5583
1980-11-05,133.89619999999999
1980-11-06,134.32339999999999
1980-11-07,134.97290000000001
1980-11-10,132.6001
1980-11-11,132.66739999999999
1980-11-12,133.06290000000001
1980-11-13,132.70840000000001
1980-11-14,133.40549999999999
1980-11-17,134.82820000000001
1980-11-18,134.3869
1980-11-19,133.81010000000001
1980-11-20,134.36170000000001
1980-11-21,134.82550000000001
1980-11-24,135.04939999999999
1980-11-25,134.80520000000001
1980-11-26,135.3597
1980-11-28,135.79560000000001
1980-12-01,136.6858
1980-12-02,136.92840000000001
1980-12-03,136.47569999999999
1980-12-04,136.44659999999999
1980-12-05,137.4358
1980-12-08,137.26490000000001
1980-12-09,138.38159999999999
1980-12-10,139.65199999999999
1980-12-11,140.4101
1980-12-12,140.05850000000001
1980-12-15,139.3586
1980-12-16,140.81399999999999
1980-12-17,139.13929999999999
1980-12-18,139.6962
1980-12-19,138.77090000000001
1980-12-22,138.01140000000001
1980-12-23,137.44710000000001
1980-12-24,137.29490000000001
1980-12-26,137.4308
1980-12-29,137.88579999999999
1980-12-30,137.25700000000001
1980-12-31,138.14060000000001
1981-01-02,138.40049999999999
1981-01-05,136.376
1981-01-06,136.155
1981-01-07,136.9949
1981-01-08,137.89840000000001
1981-01-09,138.77459999999999
1981-01-12,139.34520000000001
1981-01-13,140.1619
1981-01-14,139.78139999999999
1981-01-15,140.0771
1981-01-16,140.61850000000001
1981-01-19,140.5643
1981-01-20,140.15350000000001
1981-01-21,139.60579999999999
1981-01-22,141.3835
1981-01-23,142.05330000000001
1981-01-26,142.86070000000001
1981-01-27,143.77619999999999
1981-01-28,144.6301
1981-01-29,145.28309999999999
1981-01-30,147.2953
1981-02-02,146.7287
1981-02-03,147.5384
1981-02-04,146.53639999999999
1981-02-05,148.16720000000001
1981-02-06,148.03620000000001
1981-02-09,148.03020000000001
1981-02-10,148.61349999999999
1981-02-11,148.74760000000001
1981-02-12,148.83519999999999
1981-02-13,152.7158
1981-02-17,152.27449999999999
1981-02-18,152.00299999999999
1981-02-19,149.67240000000001
1981-02-20,148.0224
1981-02-23,149.39580000000001
1981-02-24,150.0215
1981-02-25,149.93020000000001
1981-02-26,150.69720000000001
1981-02-27,151.71539999999999
1981-03-02,153.18979999999999
1981-03-03,152.85069999999999
1981-03-04,152.19890000000001
1981-03-05,152.298
1981-03-06,152.45840000000001
1981-03-09,151.0822
1981-03-10,150.84819999999999
1981-03-11,151.61779999999999
1981-03-12,151.46029999999999
1981-03-13,151.34700000000001
1981-03-16,150.43090000000001
1981-03-17,150.1739
1981-03-18,148.54509999999999
1981-03-19,148.37780000000001
1981-03-20,149.37530000000001
1981-03-23,150.80189999999999
1981-03-24,150.5121
1981-03-25,150.7895
1981-03-26,152.37729999999999
1981-03-27,153.36750000000001
1981-03-30,152.09780000000001
1981-03-31,152.9271
1981-04-01,152.23929999999999
1981-04-02,153.22810000000001
1981-04-03,154.18860000000001
1981-04-06,155.8844
1981-04-07,154.23830000000001
1981-04-08,154.7612
1981-04-09,155.4263
1981-04-10,156.10849999999999
1981-04-13,157.37960000000001
1981-04-14,157.01419999999999
1981-04-15,158.14340000000001
1981-04-16,158.5275
1981-04-20,158.78450000000001
1981-04-21,158.69120000000001
1981-04-22,157.5308
1981-04-23,158.05760000000001
1981-04-24,158.31659999999999
1981-04-27,158.30619999999999
1981-04-28,158.72720000000001
1981-04-29,160.34569999999999
1981-04-30,160.4837
1981-05-01,160.30099999999999
1981-05-04,162.82820000000001
1981-05-05,164.0506
1981-05-06,163.41739999999999
1981-05-07,164.4813
1981-05-08,163.6388
1981-05-11,165.63409999999999
1981-05-12,166.52709999999999
1981-05-13,166.8115
1981-05-14,168.0257
1981-05-15,167.98670000000001
1981-05-18,167.39840000000001
1981-05-19,167.7612
1981-05-20,167.38390000000001
1981-05-21,168.89429999999999
1981-05-22,168.64660000000001
1981-05-26,169.47470000000001
1981-05-27,170.2235
1981-05-28,169.24019999999999
1981-05-29,169.75720000000001
1981-06-01,169.92160000000001
1981-06-02,171.83539999999999
1981-06-03,171.75909999999999
1981-06-04,175.49170000000001
1981-06-05,175.97
1981-06-08,175.4546
1981-06-09,175.55430000000001
1981-06-10,173.5566
1981-06-11,175.47210000000001
1981-06-12,174.98310000000001
1981-06-15,171.80350000000001
1981-06-16,171.92490000000001
1981-06-17,172.09870000000001
1981-06-18,173.74430000000001
1981-06-19,174.18440000000001
1981-06-22,173.38159999999999
1981-06-23,173.11750000000001
1981-06-24,174.03020000000001
1981-06-25,175.62690000000001
1981-06-26,175.6224
1981-06-29,175.97640000000001
1981-06-30,176.36580000000001
1981-07-01,177.78970000000001
1981-07-02,177.95249999999999
1981-07-06,179.7373
1981-07-07,179.4941
1981-07-08,181.43369999999999
1981-07-09,181.19280000000001
1981-07-10,179.91380000000001
1981-07-13,179.40479999999999
1981-07-14,181.084
1981-07-15,178.9777
1981-07-16,179.30629999999999
1981-07-17,180.3595
1981-07-20,181.5369
1981-07-21,183.19540000000001
1981-07-22,181.9016
1981-07-23,182.50380000000001
1981-07-24,182.07919999999999
1981-07-27,182.36519999999999
1981-07-28,182.80170000000001
1981-07-29,183.73419999999999
1981-07-30,183.95349999999999
1981-07-31,185.21680000000001
1981-08-03,189.15520000000001
1981-08-04,189.6311
1981-08-05,188.09809999999999
1981-08-06,188.62280000000001
1981-08-07,189.09870000000001
1981-08-10,191.11969999999999
1981-08-11,190.61150000000001
1981-08-12,186.8766
1981-08-13,188.16829999999999
1981-08-14,188.91210000000001
1981-08-17,186.8904
1981-08-18,186.36779999999999
1981-08-19,186.6788
1981-08-20,185.23580000000001
1981-08-21,183.98990000000001
1981-08-24,185.38839999999999
1981-08-25,187.84219999999999
1981-08-26,185.8451
1981-08-27,186.45849999999999
1981-08-28,185.0583
1981-08-31,185.1001
1981-09-01,186.01509999999999
1981-09-02,185.00030000000001
1981-09-03,184.4545
1981-09-04,183.97479999999999
1981-09-08,186.0692
1981-09-09,186.21109999999999
1981-09-10,184.22819999999999
1981-09-11,184.7843
1981-09-14,184.02510000000001
1981-09-15,181.3235
1981-09-16,179.9699
1981-09-17,178.76660000000001
1981-09-18,178.54220000000001
1981-09-21,175.67930000000001
1981-09-22,178.83760000000001
1981-09-23,180.32140000000001
1981-09-24,181.73910000000001
1981-09-25,182.46420000000001
1981-09-28,183.76509999999999
1981-09-29,182.13300000000001
1981-09-30,182.94450000000001
1981-10-01,182.77340000000001
1981-10-02,181.54929999999999
1981-10-05,178.995
1981-10-06,180.99379999999999
1981-10-07,178.8759
1981-10-08,178.13380000000001
1981-10-09,177.03049999999999
1981-10-12,177.11920000000001
1981-10-13,179.358
1981-10-14,179.68610000000001
1981-10-15,180.33969999999999
1981-10-16,181.0975
1981-10-19,181.0017
1981-10-20,181.50360000000001
1981-10-21,183.59559999999999
1981-10-22,184.1497
1981-10-23,183.74469999999999
1981-10-26,186.21789999999999
1981-10-27,185.81450000000001
1981-10-28,184.92930000000001
1981-10-29,183.90469999999999
1981-10-30,182.25899999999999
1981-11-02,180.38800000000001
1981-11-03,180.47380000000001
1981-11-04,179.92089999999999
1981-11-05,180.9659
1981-11-06,180.8039
1981-11-09,179.62260000000001
1981-11-10,181.488
1981-11-11,181.56319999999999
1981-11-12,179.92840000000001
1981-11-13,180.2072
1981-11-16,180.83019999999999
1981-11-17,181.74690000000001
1981-11-18,180.3991
1981-11-19,180.75999999999999
1981-11-20,181.58760000000001
1981-11-23,181.17429999999999
1981-11-24,179.77289999999999
1981-11-25,179.6671
1981-11-27,178.7484
1981-11-30,178.64400000000001
1981-12-01,179.52709999999999
1981-12-02,179.11279999999999
1981-12-03,180.34350000000001
1981-12-04,179.99359999999999
1981-12-07,180.99799999999999
1981-12-08,181.7259
1981-12-09,181.79570000000001
1981-12-10,182.92660000000001
1981-12-11,183.81630000000001
1981-12-14,185.0378
1981-12-15,183.39189999999999
1981-12-16,183.97020000000001
1981-12-17,184.16820000000001
1981-12-18,184.95599999999999
1981-12-21,184.77119999999999
1981-12-22,184.2199
1981-12-23,184.5763
1981-12-24,184.75710000000001
1981-12-28,184.6951
1981-12-29,184.81059999999999
1981-12-30,183.73689999999999
1981-12-31,182.86969999999999
1982-01-04,182.82499999999999
1982-01-05,184.28550000000001
1982-01-06,183.50880000000001
1982-01-07,184.708
1982-01-08,184.6473
1982-01-11,186.5855
1982-01-12,187.01910000000001
1982-01-13,187.6121
1982-01-14,188.41540000000001
1982-01-15,188.7294
1982-01-18,188.11410000000001
1982-01-19,187.83410000000001
1982-01-20,188.83680000000001
1982-01-21,188.47049999999999
1982-01-22,189.45910000000001
1982-01-25,191.40049999999999
1982-01-26,189.98089999999999
1982-01-27,190.8467
1982-01-28,191.18100000000001
1982-01-29,190.4425
1982-02-01,192.81469999999999
1982-02-02,193.1251
1982-02-03,193.34880000000001
1982-02-04,192.79519999999999
1982-02-05,193.33580000000001
1982-02-08,194.1798
1982-02-09,195.75139999999999
1982-02-10,195.3605
1982-02-11,195.1995
1982-02-12,195.304
1982-02-16,197.76840000000001
1982-02-17,197.96510000000001
1982-02-18,195.79650000000001
1982-02-19,195.4521
1982-02-22,195.7749
1982-02-23,197.53550000000001
1982-02-24,197.44630000000001
1982-02-25,197.7501
1982-02-26,199.22989999999999
1982-03-01,199.37479999999999
1982-03-02,198.9863
1982-03-03,198.5967
1982-03-04,198.31290000000001
1982-03-05,196.7449
1982-03-08,196.9768
1982-03-09,199.04910000000001
1982-03-10,198.62379999999999
1982-03-11,199.62899999999999
1982-03-12,200.4041
1982-03-15,200.25069999999999
1982-03-16,200.9546
1982-03-17,200.9255
1982-03-18,201.8459
1982-03-19,202.64349999999999
1982-03-22,203.59999999999999
1982-03-23,203.33690000000001
1982-03-24,203.1465
1982-03-25,204.24889999999999
1982-03-26,204.81549999999999
1982-03-29,205.94300000000001
1982-03-30,205.3459
1982-03-31,206.4555
1982-04-01,205.5325
1982-04-02,205.2929
1982-04-05,206.5103
1982-04-06,207.27889999999999
1982-04-07,207.02099999999999
1982-04-08,208.2047
1982-04-12,207.69110000000001
1982-04-13,207.15819999999999
1982-04-14,207.81780000000001
1982-04-15,208.24340000000001
1982-04-16,208.2336
1982-04-19,207.155
1982-04-20,206.6001
1982-04-21,206.38640000000001
1982-04-22,206.5367
1982-04-23,206.2157
1982-04-26,205.02430000000001
1982-04-27,204.90199999999999
1982-04-28,204.03550000000001
1982-04-29,203.18620000000001
1982-04-30,202.8441
1982-05-03,202.7774
1982-05-04,203.72890000000001
1982-05-05,202.09690000000001
1982-05-06,201.22550000000001
1982-05-07,200.1523
1982-05-10,200.0078
1982-05-11,200.04519999999999
1982-05-12,200.3022
1982-05-13,201.45419999999999
1982-05-14,202.2775
1982-05-17,202.40729999999999
1982-05-18,203.2672
1982-05-19,204.089
1982-05-20,204.0119
1982-05-21,203.2396
1982-05-24,202.85079999999999
1982-05-25,203.81720000000001
1982-05-26,204.8758
1982-05-27,206.57669999999999
1982-05-28,206.86689999999999
1982-06-01,208.6472
1982-06-02,208.35589999999999
1982-06-03,207.99100000000001
1982-06-04,208.3064
1982-06-07,209.57650000000001
1982-06-08,211.0138
1982-06-09,212.41480000000001
1982-06-10,212.6019
1982-06-11,211.86879999999999
1982-06-14,215.8339
1982-06-15,216.09960000000001
1982-06-16,217.3604
1982-06-17,218.60599999999999
1982-06-18,219.66970000000001
1982-06-21,221.26820000000001
1982-06-22,219.62
1982-06-23,221.24100000000001
1982-06-24,220.44319999999999
1982-06-25,222.2354
1982-06-28,223.01089999999999
1982-06-29,220.69489999999999
1982-06-30,220.57830000000001
1982-07-01,221.2193
1982-07-02,221.8613
1982-07-06,222.9864
1982-07-07,224.6687
1982-07-08,224.8433
1982-07-09,222.8991
1982-07-12,221.6216
1982-07-13,223.5051
1982-07-14,223.345
1982-07-15,223.21870000000001
1982-07-16,222.1019
1982-07-19,221.858
1982-07-20,220.49260000000001
1982-07-21,218.9032
1982-07-22,219.3604
1982-07-23,216.6652
1982-07-26,217.77520000000001
1982-07-27,216.98400000000001
1982-07-28,221.04769999999999
1982-07-29,222.04929999999999
1982-07-30,222.5625
1982-08-02,220.3022
1982-08-03,221.05500000000001
1982-08-04,224.20230000000001
1982-08-05,224.3956
1982-08-06,225.1926
1982-08-09,226.9974
1982-08-10,227.0814
1982-08-11,227.6335
1982-08-12,227.54310000000001
1982-08-13,226.88890000000001
1982-08-16,227.69239999999999
1982-08-17,226.76410000000001
1982-08-18,224.6901
1982-08-19,225.089
1982-08-20,222.36590000000001
1982-08-23,222.51990000000001
1982-08-24,219.85579999999999
1982-08-25,220.55359999999999
1982-08-26,221.55009999999999
1982-08-27,224.11449999999999
1982-08-30,227.09700000000001
1982-08-31,226.45140000000001
1982-09-01,226.03139999999999
1982-09-02,223.74619999999999
1982-09-03,225.2629
1982-09-07,225.27510000000001
1982-09-08,226.45509999999999
1982-09-09,225.95760000000001
1982-09-10,228.27070000000001
1982-09-13,229.20570000000001
1982-09-14,228.76159999999999
1982-09-15,228.999
1982-09-16,228.8013
1982-09-17,228.2062
1982-09-20,228.55369999999999
1982-09-21,228.8244
1982-09-22,228.0341
1982-09-23,229.26599999999999
1982-09-24,229.78270000000001
1982-09-27,232.05889999999999
1982-09-28,232.3673
1982-09-29,231.3707
1982-09-30,231.43430000000001
1982-10-01,231.3817
1982-10-04,233.79730000000001
1982-10-05,233.82839999999999
1982-10-06,233.49850000000001
1982-10-07,232.4453
1982-10-08,233.23099999999999
1982-10-11,233.2963
1982-10-12,230.1131
1982-10-13,232.12960000000001
1982-10-14,232.9521
1982-10-15,233.2244
1982-10-18,232.86869999999999
1982-10-19,232.89340000000001
1982-10-20,233.98320000000001
1982-10-21,234.67439999999999
1982-10-22,234.75800000000001
1982-10-25,236.74610000000001
1982-10-26,236.33860000000001
1982-10-27,236.17859999999999
1982-10-28,237.59800000000001
1982-10-29,237.70400000000001
1982-11-01,236.9709
1982-11-02,237.0378
1982-11-03,237.3904
1982-11-04,239.11539999999999
1982-11-05,239.14439999999999
1982-11-08,240.47200000000001
1982-11-09,238.9769
1982-11-10,238.37880000000001
1982-11-11,238.4486
1982-11-12,239.60900000000001
1982-11-15,239.6825
1982-11-16,238.68549999999999
1982-11-17,239.1978
1982-11-18,238.9254
1982-11-19,236.71940000000001
1982-11-22,236.99799999999999
1982-11-23,237.6978
1982-11-24,235.69839999999999
1982-11-26,234.92339999999999
1982-11-29,233.53809999999999
1982-11-30,231.9221
1982-12-01,232.04939999999999
1982-12-02,230.7749
1982-12-03,229.40190000000001
1982-12-06,229.6591
1982-12-07,229.11089999999999
1982-12-08,229.5033
1982-12-09,231.73910000000001
1982-12-10,231.46090000000001
1982-12-13,233.39150000000001
1982-12-14,230.63120000000001
1982-12-15,231.6173
1982-12-16,229.54859999999999
1982-12-17,230.1139
1982-12-20,229.5446
1982-12-21,228.91739999999999
1982-12-22,228.52099999999999
1982-12-23,228.10509999999999
1982-12-27,227.03399999999999
1982-12-28,225.92490000000001
1982-12-29,225.6448
1982-12-30,227.3682
1982-12-31,226.37270000000001
1983-01-03,225.68530000000001
1983-01-04,224.88249999999999
1983-01-05,223.90520000000001
1983-01-06,224.39429999999999
1983-01-07,223.60749999999999
1983-01-10,223.03229999999999
1983-01-11,224.0796
1983-01-12,225.55260000000001
1983-01-13,224.20359999999999
1983-01-14,225.13470000000001
1983-01-17,225.15770000000001
1983-01-18,227.88980000000001
1983-01-19,229.48179999999999
1983-01-20,230.10769999999999
1983-01-21,231.66569999999999
1983-01-24,234.07749999999999
1983-01-25,231.25880000000001
1983-01-26,231.5204
1983-01-27,231.78149999999999
1983-01-28,232.31399999999999
1983-01-31,235.0204
1983-02-01,234.83779999999999
1983-02-02,237.4111
1983-02-03,235.0932
1983-02-04,235.88220000000001
1983-02-07,233.9323
1983-02-08,233.53639999999999
1983-02-09,232.7902
1983-02-10,231.43979999999999
1983-02-11,231.23580000000001
1983-02-14,231.77189999999999
1983-02-15,231.37430000000001
1983-02-16,229.82730000000001
1983-02-17,230.7516
1983-02-18,230.9547
1983-02-22,232.30680000000001
1983-02-23,233.01689999999999
1983-02-24,232.36240000000001
1983-02-25,233.01310000000001
1983-02-28,234.8356
1983-03-01,235.7619
1983-03-02,234.87379999999999
1983-03-03,234.31659999999999
1983-03-04,233.1542
1983-03-07,232.69589999999999
1983-03-08,234.642
1983-03-09,234.92750000000001
1983-03-10,234.52850000000001
1983-03-11,235.303
1983-03-14,232.83000000000001
1983-03-15,233.09540000000001
1983-03-16,233.5181
1983-03-17,234.9401
1983-03-18,236.0112
1983-03-21,238.8862
1983-03-22,238.64760000000001
1983-03-23,239.52510000000001
1983-03-24,239.1678
1983-03-25,238.96860000000001
1983-03-28,240.77099999999999
1983-03-29,240.70930000000001
1983-03-30,240.25489999999999
1983-03-31,240.13409999999999
1983-04-04,239.4631
1983-04-05,238.8887
1983-04-06,238.25389999999999
1983-04-07,239.0343
1983-04-08,239.874
1983-04-11,239.02010000000001
1983-04-12,238.91409999999999
1983-04-13,240.16650000000001
1983-04-14,240.119
1983-04-15,239.63829999999999
1983-04-18,240.89089999999999
1983-04-19,240.56790000000001
1983-04-20,241.50620000000001
1983-04-21,240.8477
1983-04-22,240.58340000000001
1983-04-25,239.90450000000001
1983-04-26,240.48869999999999
1983-04-27,240.26300000000001
1983-04-28,241.69669999999999
1983-04-29,241.9256
1983-05-02,241.30430000000001
1983-05-03,241.256
1983-05-04,240.51499999999999
1983-05-05,240.20939999999999
1983-05-06,240.16
1983-05-09,239.73599999999999
1983-05-10,240.3004
1983-05-11,239.5378
1983-05-12,239.88499999999999
1983-05-13,240.17269999999999
1983-05-16,241.8098
1983-05-17,241.94059999999999
1983-05-18,241.89269999999999
1983-05-19,243.33320000000001
1983-05-20,243.20699999999999
1983-05-23,243.99619999999999
1983-05-24,244.4289
1983-05-25,243.84889999999999
1983-05-26,244.0241
1983-05-27,245.39150000000001
1983-05-31,246.2243
1983-06-01,248.07149999999999
1983-06-02,247.67080000000001
1983-06-03,248.36490000000001
1983-06-06,249.59790000000001
1983-06-07,250.13640000000001
1983-06-08,250.4562
1983-06-09,250.35669999999999
1983-06-10,250.03829999999999
1983-06-13,250.33699999999999
1983-06-14,251.7533
1983-06-15,251.91319999999999
1983-06-16,250.79509999999999
1983-06-17,250.9744
1983-06-20,250.09800000000001
1983-06-21,250.4796
1983-06-22,248.4033
1983-06-23,248.56440000000001
1983-06-24,248.60669999999999
1983-06-27,249.4691
1983-06-28,250.1114
1983-06-29,250.61259999999999
1983-06-30,250.27260000000001
1983-07-01,250.4325
1983-07-05,252.53899999999999
1983-07-06,252.1814
1983-07-07,252.96719999999999
1983-07-08,253.11189999999999
1983-07-11,253.8578
1983-07-12,253.96289999999999
1983-07-13,253.72630000000001
1983-07-14,253.52950000000001
1983-07-15,255.34219999999999
1983-07-18,255.126
1983-07-19,254.97020000000001
1983-07-20,253.68729999999999
1983-07-21,254.1739
1983-07-22,255.02330000000001
1983-07-25,255.9736
1983-07-26,256.24029999999999
1983-07-27,257.13119999999998
1983-07-28,257.49970000000002
1983-07-29,258.99790000000002
1983-08-01,261.58640000000003
1983-08-02,260.5077
1983-08-03,260.73880000000003
1983-08-04,261.83839999999998
1983-08-05,262.97930000000002
1983-08-08,263.73770000000002
1983-08-09,263.34519999999998
1983-08-10,266.10599999999999
1983-08-11,266.88659999999999
1983-08-12,266.47399999999999
1983-08-15,265.45310000000001
1983-08-16,261.71899999999999
1983-08-17,260.51260000000002
1983-08-18,260.01409999999998
1983-08-19,261.6429
1983-08-22,260.04829999999998
1983-08-23,259.81150000000002
1983-08-24,260.54739999999998
1983-08-25,261.20240000000001
1983-08-26,263.2183
1983-08-29,264.42430000000002
1983-08-30,265.12389999999999
1983-08-31,265.92500000000001
1983-09-01,265.81169999999997
1983-09-02,265.9631
1983-09-06,264.95429999999999
1983-09-07,265.6327
1983-09-08,264.9479
1983-09-09,264.64980000000003
1983-09-12,263.67840000000001
1983-09-13,265.45699999999999
1983-09-14,266.1977
1983-09-15,265.61369999999999
1983-09-16,264.64150000000001
1983-09-19,263.87180000000001
1983-09-20,264.67259999999999
1983-09-21,264.71850000000001
1983-09-22,266.2955
1983-09-23,263.91039999999998
1983-09-26,263.4837
1983-09-27,263.95600000000002
1983-09-28,263.4477
1983-09-29,263.26659999999998
1983-09-30,262.67509999999999
1983-10-03,262.34960000000001
1983-10-04,263.02609999999999
1983-10-05,260.83479999999997
1983-10-06,260.1377
1983-10-07,258.7029
1983-10-10,258.78399999999999
1983-10-11,260.17959999999999
1983-10-12,262.33460000000002
1983-10-13,261.76249999999999
1983-10-14,262.58519999999999
1983-10-17,261.78410000000002
1983-10-18,260.69479999999999
1983-10-19,260.91930000000002
1983-10-20,261.24700000000001
1983-10-21,260.91719999999998
1983-10-24,262.87099999999998
1983-10-25,262.29579999999999
1983-10-26,263.26339999999999
1983-10-27,263.49059999999997
1983-10-28,263.6558
1983-10-31,264.52010000000001
1983-11-01,266.3116
1983-11-02,265.71390000000002
1983-11-03,266.53969999999998
1983-11-04,267.75959999999998
1983-11-07,268.52600000000001
1983-11-08,268.61200000000002
1983-11-09,267.93450000000001
1983-11-10,267.02910000000003
1983-11-11,267.11450000000002
1983-11-14,268.35700000000003
1983-11-15,268.52569999999997
1983-11-16,269.37700000000001
1983-11-17,270.47730000000001
1983-11-18,271.12329999999997
1983-11-21,271.024
1983-11-22,270.1379
1983-11-23,271.07380000000001
1983-11-25,272.0514
1983-11-28,272.09820000000002
1983-11-29,272.35219999999998
1983-11-30,270.94779999999997
1983-12-01,271.32600000000002
1983-12-02,272.30669999999998
1983-12-05,274.82380000000001
1983-12-06,274.08330000000001
1983-12-07,274.42219999999998
1983-12-08,274.57510000000002
1983-12-09,276.49430000000001
1983-12-12,276.81360000000001
1983-12-13,278.40289999999999
1983-12-14,278.16309999999999
1983-12-15,278.29820000000001
1983-12-16,279.11959999999999
1983-12-19,278.92099999999999
1983-12-20,278.47179999999997
1983-12-21,278.64690000000002
1983-12-22,278.4248
1983-12-23,277.74459999999999
1983-12-27,277.6266
1983-12-28,277.36320000000001
1983-12-29,275.57600000000002
1983-12-30,275.22800000000001
1984-01-03,278.24239999999998
1984-01-04,280.42290000000003
1984-01-05,281.0369
1984-01-06,282.00599999999997
1984-01-09,283.7079
1984-01-10,282.83800000000002
1984-01-11,284.98099999999999
1984-01-12,284.96929999999998
1984-01-13,282.48480000000001
1984-01-16,281.73759999999999
1984-01-17,283.0018
1984-01-18,282.61200000000002
1984-01-19,281.86529999999999
1984-01-20,284.28570000000002
1984-01-23,283.60239999999999
1984-01-24,284.78620000000001
1984-01-25,284.66930000000002
1984-01-26,283.94330000000002
1984-01-27,284.79199999999997
1984-01-30,284.2962
1984-01-31,284.93509999999998
1984-02-01,283.21940000000001
1984-02-02,281.20830000000001
1984-02-03,279.49099999999999
1984-02-06,280.23649999999998
1984-02-07,282.41390000000001
1984-02-08,281.64409999999998
1984-02-09,281.86360000000002
1984-02-10,281.28269999999998
1984-02-13,281.37599999999998
1984-02-14,279.8877
1984-02-15,276.26760000000002
1984-02-16,276.4649
1984-02-17,277.06439999999998
1984-02-21,279.1422
1984-02-22,275.96120000000002
1984-02-23,275.84370000000001
1984-02-24,273.39980000000003
1984-02-27,274.1474
1984-02-28,271.78620000000001
1984-02-29,271.47519999999997
1984-03-01,272.4769
1984-03-02,270.28149999999999
1984-03-05,268.84750000000003
1984-03-06,267.45530000000002
1984-03-07,267.77980000000002
1984-03-08,270.7978
1984-03-09,270.57249999999999
1984-03-12,272.4264
1984-03-13,269.59120000000001
1984-03-14,269.57870000000003
1984-03-15,271.09570000000002
1984-03-16,274.46249999999998
1984-03-19,274.81490000000002
1984-03-20,275.46699999999998
1984-03-21,276.54500000000002
1984-03-22,275.79360000000003
1984-03-23,275.29689999999999
1984-03-26,273.22370000000001
1984-03-27,272.57659999999998
1984-03-28,273.05759999999998
1984-03-29,272.60070000000002
1984-03-30,273.50850000000003
1984-04-02,273.90469999999999
1984-04-03,275.58240000000001
1984-04-04,275.66050000000001
1984-04-05,276.6354
1984-04-06,276.0077
1984-04-09,276.81029999999998
1984-04-10,275.73259999999999
1984-04-11,274.84660000000002
1984-04-12,275.99239999999998
1984-04-13,276.69060000000002
1984-04-16,277.79649999999998
1984-04-17,278.23899999999998
1984-04-18,278.53179999999998
1984-04-19,279.72449999999998
1984-04-23,279.84530000000001
1984-04-24,281.81049999999999
1984-04-25,281.39550000000003
1984-04-26,282.69600000000003
1984-04-27,283.72019999999998
1984-04-30,284.95999999999998
1984-05-01,285.7278
1984-05-02,285.76510000000002
1984-05-03,284.10390000000001
1984-05-04,285.4332
1984-05-07,289.66849999999999
1984-05-08,290.50760000000002
1984-05-09,289.58139999999997
1984-05-10,290.61279999999999
1984-05-11,290.50470000000001
1984-05-14,289.66320000000002
1984-05-15,288.99509999999998
1984-05-16,288.88319999999999
1984-05-17,290.06619999999998
1984-05-18,291.6388
1984-05-21,290.25310000000002
1984-05-22,289.69099999999997
1984-05-23,290.87729999999999
1984-05-24,289.90050000000002
1984-05-25,289.05119999999999
1984-05-29,289.41419999999999
1984-05-30,289.66969999999998
1984-05-31,289.51400000000001
1984-06-01,285.95870000000002
1984-06-04,284.9794
1984-06-05,286.75040000000001
1984-06-06,286.09480000000002
1984-06-07,287.67320000000001
1984-06-08,288.06
1984-06-11,289.44709999999998
1984-06-12,290.55340000000001
1984-06-13,289.98610000000002
1984-06-14,290.35239999999999
1984-06-15,291.9796
1984-06-18,293.21749999999997
1984-06-19,293.12889999999999
1984-06-20,295.1943
1984-06-21,295.78129999999999
1984-06-22,296.10629999999998
1984-06-25,298.30369999999999
1984-06-26,297.1259
1984-06-27,298.3442
1984-06-28,297.4058
1984-06-29,297.34010000000001
1984-07-02,298.40690000000001
1984-07-03,300.93979999999999
1984-07-05,302.53539999999998
1984-07-06,303.49900000000002
1984-07-09,304.26659999999998
1984-07-10,303.02460000000002
1984-07-11,304.47160000000002
1984-07-12,305.43759999999997
1984-07-13,303.5582
1984-07-16,302.86020000000002
1984-07-17,305.16430000000003
1984-07-18,306.63670000000002
1984-07-19,305.01979999999998
1984-07-20,306.5813
1984-07-23,308.25439999999998
1984-07-24,307.40589999999997
1984-07-25,306.18349999999998
1984-07-26,305.55279999999999
1984-07-27,309.24979999999999
1984-07-30,310.13720000000001
1984-07-31,310.74029999999999
1984-08-01,311.78399999999999
1984-08-02,310.12259999999998
1984-08-03,306.85309999999998
1984-08-06,308.95460000000003
1984-08-07,311.56420000000003
1984-08-08,310.40699999999998
1984-08-09,310.52659999999997
1984-08-10,310.33769999999998
1984-08-13,312.02409999999998
1984-08-14,309.40629999999999
1984-08-15,308.81650000000002
1984-08-16,307.14460000000003
1984-08-17,307.8365
1984-08-20,308.75119999999998
1984-08-21,310.17489999999998
1984-08-22,309.71929999999998
1984-08-23,308.59989999999999
1984-08-24,309.62729999999999
1984-08-27,310.48059999999998
1984-08-28,310.1601
1984-08-29,309.86160000000001
1984-08-30,310.78210000000001
1984-08-31,311.39260000000002
1984-09-04,315.04399999999998
1984-09-05,317.25479999999999
1984-09-06,316.93529999999998
1984-09-07,320.36939999999998
1984-09-10,320.67070000000001
1984-09-11,321.7278
1984-09-12,321.07319999999999
1984-09-13,324.48899999999998
1984-09-14,324.16829999999999
1984-09-17,328.10059999999999
1984-09-18,329.76280000000003
1984-09-19,329.84350000000001
1984-09-20,332.9556
1984-09-21,327.77409999999998
1984-09-24,325.37799999999999
1984-09-25,329.47449999999998
1984-09-26,327.00900000000001
1984-09-27,326.32769999999999
1984-09-28,329.80250000000001
1984-10-01,328.80970000000002
1984-10-02,327.59269999999998
1984-10-03,325.56849999999997
1984-10-04,326.85419999999999
1984-10-05,328.81229999999999
1984-10-08,328.93540000000002
1984-10-09,331.85829999999999
1984-10-10,330.97320000000002
1984-10-11,332.75389999999999
1984-10-12,334.49009999999998
1984-10-15,336.45299999999997
1984-10-16,336.98050000000001
1984-10-17,336.04790000000003
1984-10-18,336.57229999999998
1984-10-19,333.1182
1984-10-22,333.16770000000002
1984-10-23,330.13569999999999
1984-10-24,328.42469999999997
1984-10-25,327.63510000000002
1984-10-26,329.7955
1984-10-29,332.97000000000003
1984-10-30,330.9425
1984-10-31,329.92520000000002
1984-11-01,326.36040000000003
1984-11-02,322.9058
1984-11-05,321.0684
1984-11-06,321.16989999999998
1984-11-07,321.38279999999997
1984-11-08,321.9144
1984-11-09,322.7835
1984-11-12,322.8852
1984-11-13,322.10669999999999
1984-11-14,325.03500000000003
1984-11-15,324.45940000000002
1984-11-16,325.55610000000001
1984-11-19,327.37740000000002
1984-11-20,329.17759999999998
1984-11-21,330.38929999999999
1984-11-23,331.37389999999999
1984-11-26,334.5342
1984-11-27,333.77510000000001
1984-11-28,335.28210000000001
1984-11-29,335.79199999999997
1984-11-30,338.50330000000002
1984-12-03,339.28750000000002
1984-12-04,334.7629
1984-12-05,336.3417
1984-12-06,335.28739999999999
1984-12-07,337.22910000000002
1984-12-10,337.69479999999999
1984-12-11,337.54739999999998
1984-12-12,337.73970000000003
1984-12-13,339.5016
1984-12-14,338.39569999999998
1984-12-17,338.47050000000002
1984-12-18,338.2928
1984-12-19,339.84410000000003
1984-12-20,342.24009999999998
1984-12-21,341.24259999999998
1984-12-24,341.88350000000003
1984-12-26,342.45620000000002
1984-12-27,344.9221
1984-12-28,344.26580000000001
1984-12-31,345.64100000000002
1985-01-02,347.47309999999999
1985-01-03,346.97750000000002
1985-01-04,347.39519999999999
1985-01-07,349.0915
1985-01-08,347.13369999999998
1985-01-09,348.34969999999998
1985-01-10,347.07549999999998
1985-01-11,348.5675
1985-01-14,352.04910000000001
1985-01-15,351.18650000000002
1985-01-16,351.67360000000002
1985-01-17,351.35989999999998
1985-01-18,351.48090000000002
1985-01-21,351.57909999999998
1985-01-22,350.3023
1985-01-23,351.75069999999999
1985-01-24,349.87610000000001
1985-01-25,350.91250000000002
1985-01-28,351.03309999999999
1985-01-29,351.70580000000001
1985-01-30,350.97930000000002
1985-01-31,350.64550000000003
1985-02-01,352.4717
1985-02-04,355.95249999999999
1985-02-05,357.16030000000001
1985-02-06,357.0127
1985-02-07,358.75060000000002
1985-02-08,359.98450000000003
1985-02-11,362.11579999999998
1985-02-12,362.22379999999998
1985-02-13,364.97879999999998
1985-02-14,363.8211
1985-02-15,361.5804
1985-02-19,365.92599999999999
1985-02-20,367.92489999999998
1985-02-21,370.48090000000002
1985-02-22,373.70650000000001
1985-02-25,380.00119999999998
1985-02-26,378.64010000000002
1985-02-27,369.0874
1985-02-28,370.40199999999999
1985-03-01,371.97379999999998
1985-03-04,373.77800000000002
1985-03-05,378.65609999999998
1985-03-06,374.73149999999998
1985-03-07,376.14659999999998
1985-03-08,377.51310000000001
1985-03-11,370.73540000000003
1985-03-12,371.66070000000002
1985-03-13,372.4948
1985-03-14,375.11430000000001
1985-03-15,374.6499
1985-03-18,371.03550000000001
1985-03-19,364.5222
1985-03-20,363.08199999999999
1985-03-21,357.81279999999998
1985-03-22,359.98849999999999
1985-03-25,361.23590000000002
1985-03-26,358.58300000000003
1985-03-27,349.8442
1985-03-28,350.83089999999999
1985-03-29,346.7294
1985-04-01,350.24860000000001
1985-04-02,353.70100000000002
1985-04-03,351.13119999999998
1985-04-04,356.39909999999998
1985-04-08,355.20100000000002
1985-04-09,353.44299999999998
1985-04-10,352.82499999999999
1985-04-11,346.70929999999998
1985-04-12,345.43579999999997
1985-04-15,342.32089999999999
1985-04-16,342.27929999999998
1985-04-17,342.8186
1985-04-18,337.89929999999998
1985-04-19,337.99430000000001
1985-04-22,341.65839999999997
1985-04-23,347.24020000000002
1985-04-24,351.37689999999998
1985-04-25,354.6995
1985-04-26,352.90719999999999
1985-04-29,351.51150000000001
1985-04-30,350.04500000000002
1985-05-01,354.51560000000001
1985-05-02,356.57960000000003
1985-05-03,360.70310000000001
1985-05-06,361.71640000000002
1985-05-07,356.62099999999998
1985-05-08,358.99299999999999
1985-05-09,352.09010000000001
1985-05-10,353.0317
1985-05-13,348.65379999999999
1985-05-14,345.93619999999999
1985-05-15,348.67829999999998
1985-05-16,349.75560000000002
1985-05-17,348.20639999999997
1985-05-20,345.19929999999999
1985-05-21,347.96570000000003
1985-05-22,349.04289999999997
1985-05-23,349.88499999999999
1985-05-24,350.77370000000002
1985-05-28,352.50900000000001
1985-05-29,349.87400000000002
1985-05-30,349.79939999999999
1985-05-31,347.79590000000002
1985-06-03,345.71910000000003
1985-06-04,347.24020000000002
1985-06-05,349.49099999999999
1985-06-06,347.69490000000002
1985-06-07,349.83240000000001
1985-06-10,351.97199999999998
1985-06-11,350.71929999999998
1985-06-12,350.64330000000001
1985-06-13,351.6026
1985-06-14,347.98500000000001
1985-06-17,348.42250000000001
1985-06-18,345.25
1985-06-19,344.34190000000001
1985-06-20,349.452
1985-06-21,348.45409999999998
1985-06-24,348.91980000000001
1985-06-25,349.12639999999999
1985-06-26,346.70960000000002
1985-06-27,348.18900000000002
1985-06-28,345.41399999999999
1985-07-01,346.25510000000003
1985-07-02,346.74290000000002
1985-07-03,345.60000000000002
1985-07-05,343.10469999999998
1985-07-08,340.7285
1985-07-09,338.11500000000001
1985-07-10,335.80759999999998
1985-07-11,334.7792
1985-07-12,332.28230000000002
1985-07-15,330.7312
1985-07-16,331.31150000000002
1985-07-17,326.79559999999998
1985-07-18,330.08010000000002
1985-07-19,333.43759999999997
1985-07-22,333.99849999999998
1985-07-23,329.48219999999998
1985-07-24,332.9855
1985-07-25,330.74439999999998
1985-07-26,330.85329999999999
1985-07-29,327.09140000000002
1985-07-30,326.96289999999999
1985-07-31,326.2878
1985-08-01,329.13040000000001
1985-08-02,329.57339999999999
1985-08-05,329.82580000000002
1985-08-06,332.59989999999999
1985-08-07,332.87580000000003
1985-08-08,331.19990000000001
1985-08-09,331.4991
1985-08-12,328.10640000000001
1985-08-13,327.21359999999999
1985-08-14,327.8922
1985-08-15,325.2835
1985-08-16,324.93720000000002
1985-08-19,325.25850000000003
1985-08-20,326.8202
1985-08-21,325.90039999999999
1985-08-22,323.57209999999998
1985-08-23,324.67989999999998
1985-08-26,326.19439999999997
1985-08-27,328.18709999999999
1985-08-28,326.6934
1985-08-29,327.34899999999999
1985-08-30,330.3723
1985-09-03,334.54419999999999
1985-09-04,334.07850000000002
1985-09-05,335.38350000000003
1985-09-06,342.31299999999999
1985-09-09,343.88560000000001
1985-09-10,343.44810000000001
1985-09-11,345.30889999999999
1985-09-12,343.86590000000001
1985-09-13,340.09800000000001
1985-09-16,338.60410000000002
1985-09-17,339.57819999999998
1985-09-18,340.95909999999998
1985-09-19,340.58999999999997
1985-09-20,335.32659999999998
1985-09-23,323.72519999999997
1985-09-24,321.81229999999999
1985-09-25,318.7466
1985-09-26,315.92039999999997
1985-09-30,317.36880000000002
1985-10-01,315.11840000000001
1985-10-02,314.64479999999998
1985-10-03,312.22379999999998
1985-10-04,313.4796
1985-10-07,315.21809999999999
1985-10-08,315.10649999999998
1985-10-09,314.94709999999998
1985-10-10,316.03930000000003
1985-10-11,316.09660000000002
1985-10-14,316.178
1985-10-15,316.64499999999998
1985-10-16,318.96699999999998
1985-10-17,315.6277
1985-10-18,314.62459999999999
1985-10-21,314.41660000000002
1985-10-22,315.19650000000001
1985-10-23,314.79559999999998
1985-10-24,316.20440000000002
1985-10-25,316.18990000000002
1985-10-28,315.01639999999998
1985-10-29,313.09379999999999
1985-10-30,312.9812
1985-10-31,312.65109999999999
1985-11-01,311.0403
1985-11-04,310.58920000000001
1985-11-05,312.12040000000002
1985-11-06,310.5813
1985-11-07,313.0573
1985-11-08,313.1626
1985-11-11,313.24369999999999
1985-11-12,313.42160000000001
1985-11-13,312.17169999999999
1985-11-14,312.15679999999998
1985-11-15,313.06290000000001
1985-11-18,312.1748
1985-11-19,310.63150000000002
1985-11-20,311.73050000000001
1985-11-21,308.31909999999999
1985-11-22,307.04050000000001
1985-11-25,306.97399999999999
1985-11-26,305.69400000000002
1985-11-27,305.72410000000002
1985-11-29,303.59269999999998
1985-12-02,304.47329999999999
1985-12-03,305.88839999999999
1985-12-04,304.67959999999999
1985-12-05,304.9776
1985-12-06,305.6891
1985-12-09,306.98399999999998
1985-12-10,308.20620000000002
1985-12-11,308.2595
1985-12-12,306.70679999999999
1985-12-13,307.14839999999998
1985-12-16,306.37329999999997
1985-12-17,306.13319999999999
1985-12-18,308.23349999999999
1985-12-19,307.60509999999999
1985-12-20,306.85379999999998
1985-12-23,307.02890000000002
1985-12-24,306.71600000000001
1985-12-26,306.988
1985-12-27,303.37970000000001
1985-12-30,302.82029999999997
1985-12-31,301.48059999999998
1986-01-02,299.84780000000001
1986-01-03,304.1737
1986-01-06,302.34480000000002
1986-01-07,301.88310000000001
1986-01-08,304.06279999999998
1986-01-09,301.32920000000001
1986-01-10,303.73039999999997
1986-01-13,304.56760000000003
1986-01-14,305.13600000000002
1986-01-15,304.30900000000003
1986-01-16,304.94909999999999
1986-01-17,304.7328
1986-01-20,305.27569999999997
1986-01-21,305.10730000000001
1986-01-22,305.7962
1986-01-23,305.13690000000003
1986-01-24,301.1182
1986-01-27,300.3836
1986-01-28,299.67270000000002
1986-01-29,299.0609
1986-01-30,297.41809999999998
1986-01-31,298.40050000000002
1986-02-03,299.75200000000001
1986-02-04,301.86529999999999
1986-02-05,298.89449999999999
1986-02-06,299.41269999999997
1986-02-07,299.88330000000002
1986-02-10,297.10860000000002
1986-02-11,296.6678
1986-02-12,295.48869999999999
1986-02-13,293.22620000000001
1986-02-14,292.51209999999998
1986-02-18,290.68990000000002
1986-02-19,288.64580000000001
1986-02-20,288.49759999999998
1986-02-21,288.86509999999998
1986-02-24,285.58609999999999
1986-02-25,283.95729999999998
1986-02-26,283.0428
1986-02-27,282.15210000000002
1986-02-28,283.94959999999998
1986-03-03,282.29309999999998
1986-03-04,280.75760000000002
1986-03-05,286.67680000000001
1986-03-06,284.64609999999999
1986-03-07,284.0213
1986-03-10,287.17590000000001
1986-03-11,286.35329999999999
1986-03-12,287.08789999999999
1986-03-13,288.68770000000001
1986-03-14,284.97140000000002
1986-03-17,284.07310000000001
1986-03-18,283.12459999999999
1986-03-19,284.8723
1986-03-20,283.89769999999999
1986-03-21,282.69940000000003
1986-03-24,289.37479999999999
1986-03-25,292.58539999999999
1986-03-26,292.42869999999999
1986-03-27,291.65170000000001
1986-03-31,292.31180000000001
1986-04-01,292.5754
1986-04-02,294.7484
1986-04-03,297.54230000000001
1986-04-04,299.44319999999999
1986-04-07,298.83909999999997
1986-04-08,293.89060000000001
1986-04-09,294.05180000000001
1986-04-10,290.34019999999998
1986-04-11,291.34440000000001
1986-04-14,291.90140000000002
1986-04-15,291.7122
1986-04-16,285.6832
1986-04-17,284.10109999999997
1986-04-18,281.37529999999998
1986-04-21,281.0104
1986-04-22,279.02969999999999
1986-04-23,279.06459999999998
1986-04-24,279.57229999999998
1986-04-25,276.57190000000003
1986-04-28,276.1583
1986-04-29,277.48700000000002
1986-04-30,278.36810000000003
1986-05-01,282.43770000000001
1986-05-02,280.90449999999998
1986-05-05,277.25170000000003
1986-05-06,279.25439999999998
1986-05-07,277.84289999999999
1986-05-08,277.65249999999997
1986-05-09,277.66160000000002
1986-05-12,275.87560000000002
1986-05-13,278.3297
1986-05-14,278.21449999999999
1986-05-15,278.57440000000003
1986-05-16,281.83069999999998
1986-05-19,280.76859999999999
1986-05-20,283.90210000000002
1986-05-21,285.98750000000001
1986-05-22,287.82389999999998
1986-05-23,288.61130000000003
1986-05-27,287.59890000000001
1986-05-28,288.68669999999997
1986-05-29,291.45159999999998
1986-05-30,293.99270000000001
1986-06-02,294.00869999999998
1986-06-03,289.47089999999997
1986-06-04,288.887
1986-06-05,285.69889999999998
1986-06-06,284.0598
1986-06-09,286.05220000000003
1986-06-10,283.10919999999999
1986-06-11,282.72160000000002
1986-06-12,281.80669999999998
1986-06-13,282.29399999999998
1986-06-16,283.30759999999998
1986-06-17,285.80099999999999
1986-06-18,284.73320000000001
1986-06-19,285.12060000000002
1986-06-20,287.9674
1986-06-23,284.54000000000002
1986-06-24,284.24930000000001
1986-06-25,283.93329999999997
1986-06-26,283.7176
1986-06-27,281.86810000000003
1986-06-30,280.51979999999998
1986-07-01,279.52300000000002
1986-07-02,279.30529999999999
1986-07-03,279.363
1986-07-07,280.5772
1986-07-08,279.62939999999998
1986-07-09,279.08300000000003
1986-07-10,279.69369999999998
1986-07-11,281.96469999999999
1986-07-14,280.0326
1986-07-15,277.84789999999998
1986-07-16,277.17340000000002
1986-07-17,277.4556
1986-07-18,275.77229999999997
1986-07-21,274.97039999999998
1986-07-22,275.75630000000001
1986-07-23,275.96339999999998
1986-07-24,277.02800000000002
1986-07-25,279.02620000000002
1986-07-28,275.2998
1986-07-29,275.50749999999999
1986-07-30,275.08440000000002
1986-07-31,272.7672
1986-08-01,272.87259999999998
1986-08-04,273.12880000000001
1986-08-05,273.71350000000001
1986-08-06,272.40390000000002
1986-08-07,272.02859999999998
1986-08-08,272.0573
1986-08-11,270.9735
1986-08-12,272.64440000000002
1986-08-13,272.09019999999998
1986-08-14,271.08069999999998
1986-08-15,271.38600000000002
1986-08-18,272.45089999999999
1986-08-19,270.75729999999999
1986-08-20,270.30259999999998
1986-08-21,269.87169999999998
1986-08-22,270.40269999999998
1986-08-25,270.7303
1986-08-26,272.32479999999998
1986-08-27,271.25999999999999
1986-08-28,272.37369999999999
1986-08-29,269.78620000000001
1986-09-02,269.4033
1986-09-03,269.40120000000002
1986-09-04,270.00700000000001
1986-09-05,272.10989999999998
1986-09-08,274.01069999999999
1986-09-09,273.62830000000002
1986-09-10,273.24540000000002
1986-09-11,276.18759999999997
1986-09-12,273.1397
1986-09-15,271.84249999999997
1986-09-16,272.90600000000001
1986-09-17,270.46480000000003
1986-09-18,267.08409999999998
1986-09-19,266.90359999999998
1986-09-22,271.3227
1986-09-23,273.50670000000002
1986-09-24,273.2509
1986-09-25,273.63060000000002
1986-09-26,273.88330000000002
1986-09-29,271.1859
1986-09-30,271.59050000000002
1986-10-01,271.18090000000001
1986-10-02,270.2876
1986-10-03,270.23289999999997
1986-10-06,268.803
1986-10-07,270.12259999999998
1986-10-08,270.06720000000001
1986-10-09,270.34320000000002
1986-10-10,269.01429999999999
1986-10-13,268.37290000000002
1986-10-14,267.9615
1986-10-15,268.03460000000001
1986-10-16,268.38839999999999
1986-10-17,268.51350000000002
1986-10-20,269.55720000000002
1986-10-21,269.68310000000002
1986-10-22,269.75779999999997
1986-10-23,272.46030000000002
1986-10-24,275.98059999999998
1986-10-27,276.87209999999999
1986-10-28,275.4153
1986-10-29,275.00479999999999
1986-10-30,277.37779999999998
1986-10-31,279.16430000000003
1986-11-03,279.3931
1986-11-04,278.80470000000003
1986-11-05,278.98289999999997
1986-11-06,278.85449999999997
1986-11-07,278.62439999999998
1986-11-10,277.04000000000002
1986-11-11,276.27339999999998
1986-11-12,274.66219999999998
1986-11-13,274.48320000000001
1986-11-14,273.81779999999998
1986-11-17,275.19979999999998
1986-11-18,275.12259999999998
1986-11-19,274.68669999999997
1986-11-20,275.40350000000001
1986-11-21,276.6583
1986-11-24,276.35109999999997
1986-11-25,273.09699999999998
1986-11-26,273.22469999999998
1986-11-28,271.5582
1986-12-01,271.14760000000001
1986-12-02,272.14699999999999
1986-12-03,271.78750000000002
1986-12-04,274.71129999999999
1986-12-05,275.17349999999999
1986-12-08,275.55959999999999
1986-12-09,276.53590000000003
1986-12-10,275.4846
1986-12-11,275.9991
1986-12-12,275.82040000000001
1986-12-15,276.41239999999999
1986-12-16,276.77420000000001
1986-12-17,276.57150000000001
1986-12-18,275.62290000000002
1986-12-19,274.85289999999998
1986-12-22,272.92579999999998
1986-12-23,271.56400000000002
1986-12-24,271.35930000000002
1986-12-26,271.4117
1986-12-29,269.09800000000001
1986-12-30,269.7432
1986-12-31,266.68169999999998
1987-01-02,266.81020000000001
1987-01-05,268.22640000000001
1987-01-06,267.14429999999999
1987-01-07,268.17340000000002
1987-01-08,266.88389999999998
1987-01-09,267.3716
1987-01-12,264.63729999999998
1987-01-13,262.49489999999997
1987-01-14,258.34039999999999
1987-01-15,258.72340000000003
1987-01-16,258.84829999999999
1987-01-19,255.59350000000001
1987-01-20,258.50450000000001
1987-01-21,258.68079999999998
1987-01-22,255.96680000000001
1987-01-23,256.47919999999999
1987-01-26,256.83789999999999
1987-01-27,253.8389
1987-01-28,252.33699999999999
1987-01-29,253.39250000000001
1987-01-30,258.11939999999998
1987-02-02,255.71420000000001
1987-02-03,254.75550000000001
1987-02-04,255.81379999999999
1987-02-05,258.26870000000002
1987-02-06,260.88049999999998
1987-02-09,255.24039999999999
1987-02-10,256.58620000000002
1987-02-11,256.97519999999997
1987-02-12,258.08780000000002
1987-02-13,257.25810000000001
1987-02-17,256.79140000000001
1987-02-18,257.90339999999998
1987-02-19,257.87430000000001
1987-02-20,257.6635
1987-02-23,258.5933
1987-02-24,258.3827
1987-02-25,257.65350000000001
1987-02-26,257.31310000000002
1987-02-27,257.5172
1987-03-02,258.26650000000001
1987-03-03,257.71929999999998
1987-03-04,258.4692
1987-03-05,257.37650000000002
1987-03-06,258.56939999999997
1987-03-09,259.99639999999999
1987-03-10,259.50229999999999
1987-03-11,259.6576
1987-03-12,259.99459999999999
1987-03-13,259.10980000000001
1987-03-16,257.05520000000001
1987-03-17,256.81889999999999
1987-03-18,256.97199999999998
1987-03-19,256.94290000000001
1987-03-20,256.36770000000001
1987-03-23,254.8306
1987-03-24,255.1925
1987-03-25,255.84049999999999
1987-03-26,256.09820000000002
1987-03-27,254.29949999999999
1987-03-30,252.42230000000001
1987-03-31,253.01849999999999
1987-04-01,255.67259999999999
1987-04-02,254.2099
1987-04-03,254.64930000000001
1987-04-06,254.93219999999999
1987-04-07,254.85040000000001
1987-04-08,256.25510000000003
1987-04-09,254.14150000000001
1987-04-10,252.81059999999999
1987-04-13,252.60310000000001
1987-04-14,250.9588
1987-04-15,252.65309999999999
1987-04-16,253.19800000000001
1987-04-20,252.80260000000001
1987-04-21,253.39930000000001
1987-04-22,254.5702
1987-04-23,252.50200000000001
1987-04-24,250.4879
1987-04-27,250.85210000000001
1987-04-28,250.98150000000001
1987-04-29,251.2929
1987-04-30,251.001
1987-05-01,249.55860000000001
1987-05-04,248.32560000000001
1987-05-05,248.97790000000001
1987-05-06,248.58029999999999
1987-05-07,250.12039999999999
1987-05-08,251.0849
1987-05-11,252.12960000000001
1987-05-12,251.7594
1987-05-13,251.8339
1987-05-14,250.7834
1987-05-15,250.07550000000001
1987-05-18,250.8347
1987-05-19,249.9674
1987-05-20,250.25299999999999
1987-05-21,250.74690000000001
1987-05-22,251.50370000000001
1987-05-26,255.80430000000001
1987-05-27,256.85320000000002
1987-05-28,255.7482
1987-05-29,256.79660000000001
1987-06-01,257.81939999999997
1987-06-02,253.95679999999999
1987-06-03,255.26840000000001
1987-06-04,256.7115
1987-06-05,256.52569999999997
1987-06-08,255.3142
1987-06-09,253.07509999999999
1987-06-10,253.83320000000001
1987-06-11,253.67150000000001
1987-06-12,255.79900000000001
1987-06-15,257.6388
1987-06-16,257.82080000000002
1987-06-17,258.34530000000001
1987-06-18,258.05380000000002
1987-06-19,258.5523
1987-06-22,260.73689999999999
1987-06-23,259.97210000000001
1987-06-24,257.49509999999998
1987-06-25,258.99740000000003
1987-06-26,258.89139999999998
1987-06-29,259.60169999999999
1987-06-30,258.8623
1987-07-01,259.20319999999998
1987-07-02,259.70269999999999
1987-07-06,260.73039999999997
1987-07-07,261.25619999999998
1987-07-08,261.3331
1987-07-09,261.19920000000002
1987-07-10,261.96289999999999
1987-07-13,261.80259999999998
1987-07-14,262.69850000000002
1987-07-15,259.55180000000001
1987-07-16,260.76510000000002
1987-07-17,264.43709999999999
1987-07-20,264.80529999999999
1987-07-21,264.24950000000001
1987-07-22,264.38080000000002
1987-07-23,264.00970000000001
1987-07-24,263.48039999999997
1987-07-27,263.74560000000002
1987-07-28,263.69369999999998
1987-07-29,264.19799999999998
1987-07-30,263.75110000000001
1987-07-31,264.39010000000002
1987-08-03,265.69150000000002
1987-08-04,267.78629999999998
1987-08-05,266.8603
1987-08-06,267.36439999999999
1987-08-07,268.6388
1987-08-10,268.6943
1987-08-11,268.90929999999997
1987-08-12,268.56740000000002
1987-08-13,268.38459999999998
1987-08-14,266.84800000000001
1987-08-17,266.31979999999999
1987-08-18,262.49900000000002
1987-08-19,260.93439999999998
1987-08-20,261.33580000000001
1987-08-21,258.52199999999999
1987-08-24,258.87049999999999
1987-08-25,260.28250000000003
1987-08-26,260.12709999999998
1987-08-27,258.03059999999999
1987-08-28,258.32749999999999
1987-08-31,258.99639999999999
1987-09-01,258.1472
1987-09-02,256.41899999999998
1987-09-03,256.23520000000002
1987-09-04,256.90550000000002
1987-09-08,256.13830000000002
1987-09-09,257.60860000000002
1987-09-10,258.1191
1987-09-11,258.63010000000003
1987-09-14,259.94099999999997
1987-09-15,259.0926
1987-09-16,259.44389999999999
1987-09-17,259.23559999999998
1987-09-18,258.12040000000002
1987-09-21,258.95389999999998
1987-09-22,260.2414
1987-09-23,260.46120000000002
1987-09-24,260.03949999999998
1987-09-25,260.25959999999998
1987-09-28,260.93439999999998
1987-09-29,262.92079999999999
1987-09-30,263.57060000000001
1987-10-01,263.23149999999998
1987-10-02,263.88220000000001
1987-10-05,263.3562
1987-10-06,262.53440000000001
1987-10-07,261.4178
1987-10-08,260.1146
1987-10-09,259.40050000000002
1987-10-12,259.83769999999998
1987-10-13,260.83769999999998
1987-10-14,259.18990000000002
1987-10-15,258.98739999999998
1987-10-16,258.32749999999999
1987-10-19,255.78460000000001
1987-10-20,260.4237
1987-10-21,261.14510000000001
1987-10-22,261.1397
1987-10-23,256.83940000000001
1987-10-26,256.21440000000001
1987-10-27,254.64949999999999
1987-10-28,251.65960000000001
1987-10-29,252.0788
1987-10-30,251.61410000000001
1987-11-02,249.46010000000001
1987-11-03,250.20760000000001
1987-11-04,249.09989999999999
1987-11-05,245.27699999999999
1987-11-06,244.97640000000001
1987-11-09,243.46510000000001
1987-11-10,243.88980000000001
1987-11-11,245.20240000000001
1987-11-12,246.73230000000001
1987-11-13,246.94479999999999
1987-11-16,249.57990000000001
1987-11-17,246.9924
1987-11-18,246.36879999999999
1987-11-19,246.01320000000001
1987-11-20,245.92750000000001
1987-11-23,245.1148
1987-11-24,245.2989
1987-11-25,244.8623
1987-11-27,242.7261
1987-11-30,240.47710000000001
1987-12-01,242.9511
1987-12-02,242.86240000000001
1987-12-03,243.74379999999999
1987-12-04,244.22139999999999
1987-12-07,245.1078
1987-12-08,243.94300000000001
1987-12-09,243.53360000000001
1987-12-10,239.85650000000001
1987-12-11,239.25720000000001
1987-12-14,239.1439
1987-12-15,239.4639
1987-12-16,238.6756
1987-12-17,237.21090000000001
1987-12-18,239.55840000000001
1987-12-21,238.68790000000001
1987-12-22,238.548
1987-12-23,239.59739999999999
1987-12-24,238.53550000000001
1987-12-28,235.03639999999999
1987-12-29,234.7594
1987-12-30,234.6977
1987-12-31,231.4393
1988-01-04,233.2209
1988-01-05,239.66480000000001
1988-01-06,241.52979999999999
1988-01-07,241.7953
1988-01-08,241.38399999999999
1988-01-11,240.8622
1988-01-12,239.7988
1988-01-13,240.1729
1988-01-14,239.3809
1988-01-15,246.37899999999999
1988-01-18,245.61510000000001
1988-01-19,245.04179999999999
1988-01-20,242.6199
1988-01-21,243.2397
1988-01-22,243.7509
1988-01-25,245.3768
1988-01-26,244.7199
1988-01-27,244.08920000000001
1988-01-28,243.78389999999999
1988-01-29,245.7628
1988-02-01,247.1986
1988-02-02,245.9145
1988-02-03,247.16079999999999
1988-02-04,246.39279999999999
1988-02-05,248.2107
1988-02-08,248.23220000000001
1988-02-09,248.0898
1988-02-10,247.34809999999999
1988-02-11,247.66900000000001
1988-02-12,250.3621
1988-02-16,249.6763
1988-02-17,249.12639999999999
1988-02-18,250.1574
1988-02-19,249.7705
1988-02-22,248.42840000000001
1988-02-23,247.93129999999999
1988-02-24,248.0343
1988-02-25,247.86439999999999
1988-02-26,247.20269999999999
1988-02-29,247.251
1988-03-01,247.05350000000001
1988-03-02,248.24889999999999
1988-03-03,248.16059999999999
1988-03-04,247.52670000000001
1988-03-07,245.41669999999999
1988-03-08,244.3176
1988-03-09,244.2843
1988-03-10,244.4974
1988-03-11,243.56139999999999
1988-03-14,243.7739
1988-03-15,244.53290000000001
1988-03-16,245.07320000000001
1988-03-17,247.4752
1988-03-18,247.87989999999999
1988-03-21,246.8066
1988-03-22,247.13030000000001
1988-03-23,246.8244
1988-03-24,245.03819999999999
1988-03-25,244.94980000000001
1988-03-28,242.09289999999999
1988-03-29,243.2655
1988-03-30,242.62860000000001
1988-03-31,242.2654
1988-04-04,241.9308
1988-04-05,243.8477
1988-04-06,245.4366
1988-04-07,245.10429999999999
1988-04-08,244.82660000000001
1988-04-11,246.08690000000001
1988-04-12,246.82480000000001
1988-04-13,247.45230000000001
1988-04-14,243.1046
1988-04-15,242.79730000000001
1988-04-18,242.87440000000001
1988-04-19,243.55609999999999
1988-04-20,243.52330000000001
1988-04-21,243.7379
1988-04-22,244.6405
1988-04-25,244.9657
1988-04-26,245.12639999999999
1988-04-27,245.01150000000001
1988-04-28,244.5669
1988-04-29,245.63730000000001
1988-05-02,245.68979999999999
1988-05-03,245.9907
1988-05-04,245.90600000000001
1988-05-05,246.73140000000001
1988-05-06,246.28980000000001
1988-05-09,246.17910000000001
1988-05-10,245.71010000000001
1988-05-11,246.01259999999999
1988-05-12,246.09399999999999
1988-05-13,246.25790000000001
1988-05-16,246.89150000000001
1988-05-17,249.2938
1988-05-18,248.6301
1988-05-19,248.57339999999999
1988-05-20,248.62799999999999
1988-05-23,248.434
1988-05-24,248.3511
1988-05-25,249.01490000000001
1988-05-26,249.18209999999999
1988-05-27,250.37309999999999
1988-05-31,252.11799999999999
1988-06-01,252.2311
1988-06-02,252.59309999999999
1988-06-03,252.8723
1988-06-06,251.90539999999999
1988-06-07,251.13149999999999
1988-06-08,252.24119999999999
1988-06-09,250.94059999999999
1988-06-10,251.8295
1988-06-13,252.21960000000001
1988-06-14,255.2715
1988-06-15,255.85570000000001
1988-06-16,255.2465
1988-06-17,255.52600000000001
1988-06-20,256.36079999999998
1988-06-21,256.00389999999999
1988-06-22,259.5068
1988-06-23,259.64999999999998
1988-06-24,263.79430000000002
1988-06-27,265.27300000000002
1988-06-28,264.58449999999999
1988-06-29,265.86970000000002
1988-06-30,265.40309999999999
1988-07-01,266.79989999999998
1988-07-05,266.63940000000002
1988-07-06,266.20010000000002
1988-07-07,265.70519999999999
1988-07-08,268.35739999999998
1988-07-11,268.97730000000001
1988-07-12,267.87180000000001
1988-07-13,268.46510000000001
1988-07-14,269.56049999999999
1988-07-15,273.6112
1988-07-18,273.17399999999998
1988-07-19,269.92020000000002
1988-07-20,269.78930000000003
1988-07-21,267.20359999999999
1988-07-22,265.98379999999997
1988-07-25,269.2586
1988-07-26,270.16239999999999
1988-07-27,268.49829999999997
1988-07-28,270.52089999999998
1988-07-29,272.59989999999999
1988-08-01,271.21359999999999
1988-08-02,272.34269999999998
1988-08-03,272.10210000000001
1988-08-04,272.78379999999999
1988-08-05,274.8655
1988-08-08,275.4083
1988-08-09,278.10899999999998
1988-08-10,276.86239999999998
1988-08-11,274.01920000000001
1988-08-12,274.39600000000002
1988-08-15,274.18419999999998
1988-08-16,275.17829999999998
1988-08-17,277.71440000000001
1988-08-18,276.57830000000001
1988-08-19,276.4237
1988-08-22,277.39120000000003
1988-08-23,278.61290000000002
1988-08-24,275.70920000000001
1988-08-25,273.95589999999999
1988-08-26,273.85950000000003
1988-08-29,275.5607
1988-08-30,275.09899999999999
1988-08-31,276.68880000000001
1988-09-01,276.78910000000002
1988-09-02,274.358
1988-09-06,272.93869999999998
1988-09-07,272.50409999999999
1988-09-08,273.05410000000001
1988-09-09,273.7165
1988-09-12,273.33690000000001
1988-09-13,273.63240000000002
1988-09-14,276.68880000000001
1988-09-15,276.42169999999999
1988-09-16,276.37970000000001
1988-09-19,275.6044
1988-09-20,275.59089999999998
1988-09-21,276.45170000000002
1988-09-22,277.2002
1988-09-23,276.9898
1988-09-26,277.79629999999997
1988-09-27,277.50229999999999
1988-09-28,276.92579999999998
1988-09-29,277.76100000000002
1988-09-30,276.13760000000002
1988-10-03,275.1352
1988-10-04,275.34780000000001
1988-10-05,275.56049999999999
1988-10-06,275.91550000000001
1988-10-07,275.47809999999998
1988-10-10,274.24799999999999
1988-10-11,273.81009999999998
1988-10-12,270.82319999999999
1988-10-13,268.60019999999997
1988-10-14,267.45240000000001
1988-10-17,267.83449999999999
1988-10-18,267.84859999999998
1988-10-19,268.51560000000001
1988-10-20,267.31119999999999
1988-10-21,265.02789999999999
1988-10-24,266.26310000000001
1988-10-25,266.87360000000001
1988-10-26,264.53120000000001
1988-10-27,264.82850000000002
1988-10-28,264.38729999999998
1988-10-31,266.50310000000002
1988-11-01,266.09010000000001
1988-11-02,264.17039999999997
1988-11-03,265.06529999999998
1988-11-04,266.89999999999998
1988-11-07,265.3784
1988-11-08,266.61790000000002
1988-11-09,263.24579999999997
1988-11-10,262.66329999999999
1988-11-11,260.79860000000002
1988-11-14,262.18259999999998
1988-11-15,261.7165
1988-11-16,259.02620000000002
1988-11-17,259.49970000000002
1988-11-18,260.88650000000001
1988-11-21,259.27839999999998
1988-11-22,258.09769999999997
1988-11-23,257.94409999999999
1988-11-25,257.44799999999998
1988-11-28,259.55059999999997
1988-11-29,259.36849999999998
1988-11-30,258.8417
1988-12-01,258.82929999999999
1988-12-02,257.64659999999998
1988-12-05,258.03609999999998
1988-12-06,259.77010000000001
1988-12-07,263.13709999999998
1988-12-08,260.09210000000002
1988-12-09,260.25209999999998
1988-12-12,261.10000000000002
1988-12-13,262.63819999999998
1988-12-14,261.16759999999999
1988-12-15,263.71120000000002
1988-12-16,264.21949999999998
1988-12-19,264.44150000000002
1988-12-20,266.95949999999999
1988-12-21,265.57380000000001
1988-12-22,266.02449999999999
1988-12-23,266.24579999999997
1988-12-27,266.72669999999999
1988-12-28,268.44510000000002
1988-12-29,268.15050000000002
1988-12-30,266.101
1989-01-03,265.23020000000002
1989-01-04,267.64060000000001
1989-01-05,269.4769
1989-01-06,271.77510000000001
1989-01-09,272.26010000000002
1989-01-10,274.04199999999997
1989-01-11,272.56779999999998
1989-01-12,272.8802
1989-01-13,274.95119999999997
1989-01-16,277.02350000000001
1989-01-17,275.98110000000003
1989-01-18,278.83460000000002
1989-01-19,276.75259999999997
1989-01-20,274.69839999999999
1989-01-23,274.34750000000003
1989-01-24,275.32510000000002
1989-01-25,274.82990000000001
1989-01-26,276.09870000000001
1989-01-27,278.2937
1989-01-30,277.91449999999998
1989-01-31,280.14089999999999
1989-02-01,279.67610000000002
1989-02-02,280.39839999999998
1989-02-03,280.31119999999999
1989-02-06,280.02159999999998
1989-02-07,280.05070000000001
1989-02-08,279.84769999999997
1989-02-09,277.49790000000002
1989-02-10,279.7022
1989-02-13,279.17989999999998
1989-02-14,276.48009999999999
1989-02-15,275.98480000000001
1989-02-16,276.0412
1989-02-17,275.83580000000001
1989-02-21,277.63580000000002
1989-02-22,276.99520000000001
1989-02-23,275.0172
1989-02-24,275.4821
1989-02-27,276.23869999999999
1989-02-28,276.35559999999998
1989-03-01,278.68520000000001
1989-03-02,279.76369999999997
1989-03-03,279.18150000000003
1989-03-06,280.52210000000002
1989-03-07,280.78519999999997
1989-03-08,281.89409999999998
1989-03-09,281.16629999999998
1989-03-10,281.69369999999998
1989-03-13,282.80560000000003
1989-03-14,281.72730000000001
1989-03-15,283.42309999999998
1989-03-16,283.2208
1989-03-17,284.5401
1989-03-20,283.52260000000001
1989-03-21,283.79250000000002
1989-03-22,283.44720000000001
1989-03-23,283.98000000000002
1989-03-27,285.88999999999999
1989-03-28,287.83019999999999
1989-03-29,287.63150000000002
1989-03-30,287.72570000000002
1989-03-31,287.8193
1989-04-03,286.06439999999998
1989-04-04,284.22030000000001
1989-04-05,284.89879999999999
1989-04-06,285.28440000000001
1989-04-07,286.46260000000001
1989-04-10,287.08260000000001
1989-04-11,287.52609999999999
1989-04-12,287.41120000000001
1989-04-13,286.12130000000002
1989-04-14,285.18169999999998
1989-04-17,284.77100000000002
1989-04-18,283.91660000000002
1989-04-19,285.24020000000002
1989-04-20,283.47480000000002
1989-04-21,283.947
1989-04-24,285.15660000000003
1989-04-25,286.0127
1989-04-26,287.78230000000002
1989-04-27,287.48689999999999
1989-04-28,288.37150000000003
1989-05-01,289.8492
1989-05-02,289.79219999999998
1989-05-03,290.29570000000001
1989-05-04,290.56319999999999
1989-05-05,290.91820000000001
1989-05-08,292.60430000000002
1989-05-09,292.51749999999998
1989-05-10,291.60270000000003
1989-05-11,293.46719999999999
1989-05-12,294.38330000000002
1989-05-15,297.40219999999999
1989-05-16,297.13569999999999
1989-05-17,301.84609999999998
1989-05-18,302.08620000000002
1989-05-19,302.3261
1989-05-22,307.72460000000001
1989-05-23,308.351
1989-05-24,309.39420000000001
1989-05-25,305.24689999999998
1989-05-26,304.42140000000001
1989-05-30,307.21870000000001
1989-05-31,305.9785
1989-06-01,305.56939999999997
1989-06-02,300.9366
1989-06-05,305.99189999999999
1989-06-06,304.8929
1989-06-07,305.1019
1989-06-08,305.75709999999998
1989-06-09,310.61099999999999
1989-06-12,313.02569999999997
1989-06-13,312.43340000000001
1989-06-14,314.73000000000002
1989-06-15,310.44150000000002
1989-06-16,308.11860000000001
1989-06-19,307.55360000000002
1989-06-20,308.95699999999999
1989-06-21,305.4975
1989-06-22,303.2002
1989-06-23,301.40780000000001
1989-06-26,304.57220000000001
1989-06-27,304.66109999999998
1989-06-28,305.43700000000001
1989-06-29,305.97329999999999
1989-06-30,305.10500000000002
1989-07-03,301.84350000000001
1989-07-05,294.988
1989-07-06,295.72910000000002
1989-07-07,294.34500000000003
1989-07-10,293.4991
1989-07-11,296.27679999999998
1989-07-12,295.28100000000001
1989-07-13,296.56240000000003
1989-07-14,299.7937
1989-07-17,299.22000000000003
1989-07-18,297.98599999999999
1989-07-19,300.17149999999998
1989-07-20,299.20780000000002
1989-07-21,299.65609999999998
1989-07-24,298.81330000000003
1989-07-25,297.12819999999999
1989-07-26,294.48050000000001
1989-07-27,295.346
1989-07-28,295.55020000000002
1989-07-31,292.92720000000003
1989-08-01,291.53399999999999
1989-08-02,292.30610000000001
1989-08-03,294.70389999999998
1989-08-04,299.6644
1989-08-07,300.92489999999998
1989-08-08,297.57769999999999
1989-08-09,297.75319999999999
1989-08-10,298.983
1989-08-11,304.64609999999999
1989-08-14,305.76029999999997
1989-08-15,304.70310000000001
1989-08-16,305.03199999999998
1989-08-17,308.3784
1989-08-18,307.19799999999998
1989-08-21,307.01429999999999
1989-08-22,304.89879999999999
1989-08-23,306.83019999999999
1989-08-24,307.1302
1989-08-25,308.00470000000001
1989-08-28,308.54730000000001
1989-08-29,305.55000000000001
1989-08-30,307.63400000000001
1989-08-31,309.65879999999999
1989-09-01,311.41199999999998
1989-09-05,313.43889999999999
1989-09-06,311.8614
1989-09-07,312.82799999999997
1989-09-08,313.79480000000001
1989-09-11,313.97280000000001
1989-09-12,313.57380000000001
1989-09-13,311.71809999999999
1989-09-14,312.4708
1989-09-15,310.55220000000003
1989-09-18,309.18009999999998
1989-09-19,309.66030000000001
1989-09-20,308.1377
1989-09-21,308.863
1989-09-22,309.83089999999999
1989-09-25,302.77390000000003
1989-09-26,301.76389999999998
1989-09-27,300.57170000000002
1989-09-28,301.02229999999997
1989-09-29,299.79969999999997
1989-10-02,300.73770000000002
1989-10-03,302.19260000000003
1989-10-04,301.7901
1989-10-05,302.75839999999999
1989-10-06,303.29820000000001
1989-10-09,304.0213
1989-10-10,306.84960000000001
1989-10-11,307.88049999999998
1989-10-12,307.20319999999998
1989-10-13,304.60149999999999
1989-10-16,302.02679999999998
1989-10-17,302.35180000000003
1989-10-18,300.29509999999999
1989-10-19,300.34640000000002
1989-10-20,301.37549999999999
1989-10-23,300.1431
1989-10-24,298.29750000000001
1989-10-25,298.28699999999998
1989-10-26,300.20440000000002
1989-10-27,298.88069999999999
1989-10-30,299.3929
1989-10-31,300.3956
1989-11-01,301.7971
1989-11-02,301.23790000000002
1989-11-03,301.44580000000002
1989-11-06,302.17540000000002
1989-11-07,300.97199999999998
1989-11-08,301.08609999999999
1989-11-09,302.09019999999998
1989-11-10,303.8623
1989-11-13,303.36340000000001
1989-11-14,300.5299
1989-11-15,301.65699999999998
1989-11-16,302.447
1989-11-17,302.43860000000001
1989-11-20,302.2149
1989-11-21,299.83800000000002
1989-11-22,299.92000000000002
1989-11-24,298.95499999999998
1989-11-27,297.77569999999997
1989-11-28,296.59640000000002
1989-11-29,297.26339999999999
1989-11-30,296.60539999999997
1989-12-01,297.61009999999999
1989-12-04,297.8759
1989-12-05,296.78559999999999
1989-12-06,295.54140000000001
1989-12-07,296.33280000000002
1989-12-08,296.41410000000002
1989-12-11,295.26130000000001
1989-12-12,292.28680000000003
1989-12-13,291.81209999999999
1989-12-14,292.57170000000002
1989-12-15,291.13819999999998
1989-12-18,291.03250000000003
1989-12-19,292.81319999999999
1989-12-20,292.21269999999998
1989-12-21,291.51909999999998
1989-12-22,289.30939999999998
1989-12-26,289.39049999999997
1989-12-27,286.90199999999999
1989-12-28,288.87020000000001
1989-12-29,288.7629
1990-01-02,292.18759999999997
1990-01-03,292.67079999999999
1990-01-04,286.8614
1990-01-05,287.96249999999998
1990-01-08,285.55950000000001
1990-01-09,286.56779999999998
1990-01-10,286.76929999999999
1990-01-11,286.87830000000002
1990-01-12,287.04880000000003
1990-01-15,288.39960000000002
1990-01-16,288.78949999999998
1990-01-17,288.18619999999999
1990-01-18,291.4375
1990-01-19,291.36349999999999
1990-01-22,293.404
1990-01-23,289.97000000000003
1990-01-24,289.5523
1990-01-25,288.44990000000001
1990-01-26,288.12509999999997
1990-01-29,286.89760000000001
1990-01-30,289.50099999999998
1990-01-31,288.02390000000003
1990-02-01,287.3254
1990-02-02,288.27940000000001
1990-02-05,285.55410000000001
1990-02-06,285.666
1990-02-07,286.3707
1990-02-08,287.1694
1990-02-09,287.24979999999999
1990-02-12,287.73590000000002
1990-02-13,288.40800000000002
1990-02-14,287.95589999999999
1990-02-15,290.09890000000001
1990-02-16,288.2722
1990-02-20,287.2276
1990-02-21,287.24540000000002
1990-02-22,287.8888
1990-02-23,288.53190000000001
1990-02-26,291.1481
1990-02-27,290.4151
1990-02-28,292.3134
1990-03-01,294.62060000000002
1990-03-02,294.73450000000003
1990-03-05,292.49770000000001
1990-03-06,293.49079999999998
1990-03-07,293.82569999999998
1990-03-08,293.56459999999998
1990-03-09,294.7167
1990-03-12,296.43459999999999
1990-03-13,296.23750000000001
1990-03-14,296.16570000000002
1990-03-15,294.77390000000003
1990-03-16,294.9212
1990-03-19,294.03120000000001
1990-03-20,296.63209999999998
1990-03-21,297.09500000000003
1990-03-22,296.4246
1990-03-23,297.1386
1990-03-26,296.93970000000002
1990-03-27,297.43389999999999
1990-03-28,297.70740000000001
1990-03-29,295.45960000000002
1990-03-30,295.41680000000002
1990-04-02,296.66640000000001
1990-04-03,296.59249999999997
1990-04-04,296.58089999999999
1990-04-05,296.28530000000001
1990-04-06,295.92630000000003
1990-04-09,295.8836
1990-04-10,293.81900000000002
1990-04-11,293.68020000000001
1990-04-12,293.57279999999997
1990-04-16,295.14060000000001
1990-04-17,295.03359999999998
1990-04-18,293.78840000000002
1990-04-19,294.28230000000002
1990-04-20,295.3134
1990-04-23,296.91520000000003
1990-04-24,297.0301
1990-04-25,294.9282
1990-04-26,295.36000000000001
1990-04-27,294.87270000000001
1990-04-30,295.11410000000001
1990-05-01,295.26209999999998
1990-05-02,295.82220000000001
1990-05-03,295.5575
1990-05-04,293.22840000000002
1990-05-07,292.16840000000002
1990-05-08,292.18709999999999
1990-05-09,289.60079999999999
1990-05-10,289.87200000000001
1990-05-11,289.66550000000001
1990-05-14,289.6816
1990-05-15,289.72969999999998
1990-05-16,290.03250000000003
1990-05-17,290.68540000000002
1990-05-18,290.6712
1990-05-21,292.6626
1990-05-22,293.0308
1990-05-23,293.5575
1990-05-24,294.37169999999998
1990-05-25,294.1035
1990-05-29,293.45260000000002
1990-05-30,294.45949999999999
1990-05-31,296.64699999999999
1990-06-01,296.66539999999998
1990-06-04,296.58819999999997
1990-06-05,295.71300000000002
1990-06-06,295.89089999999999
1990-06-07,296.29250000000002
1990-06-08,297.46100000000001
1990-06-11,297.03269999999998
1990-06-12,297.14749999999998
1990-06-13,295.9187
1990-06-14,296.95999999999998
1990-06-15,296.27449999999999
1990-06-18,294.88440000000003
1990-06-19,293.8784
1990-06-20,294.92129999999997
1990-06-21,295.03609999999998
1990-06-22,294.79860000000002
1990-06-25,295.45839999999998
1990-06-26,293.45800000000003
1990-06-27,293.28390000000002
1990-06-28,294.10359999999997
1990-06-29,292.51740000000001
1990-07-02,290.80200000000002
1990-07-03,290.30489999999998
1990-07-05,290.5136
1990-07-06,290.81970000000001
1990-07-09,290.09840000000003
1990-07-10,287.96269999999998
1990-07-11,289.97239999999999
1990-07-12,287.4803
1990-07-13,289.714
1990-07-16,290.53339999999997
1990-07-17,288.7466
1990-07-18,289.27569999999997
1990-07-19,288.64580000000001
1990-07-20,288.4665
1990-07-23,286.45010000000002
1990-07-24,286.39879999999999
1990-07-25,287.476
1990-07-26,287.49000000000001
1990-07-27,285.27800000000002
1990-07-30,284.38709999999998
1990-07-31,281.36590000000001
1990-08-01,282.24790000000002
1990-08-02,283.32420000000002
1990-08-03,282.81700000000001
1990-08-06,281.50200000000001
1990-08-07,282.86900000000003
1990-08-08,283.17020000000002
1990-08-09,283.56889999999999
1990-08-10,283.28859999999997
1990-08-13,281.5204
1990-08-14,279.55720000000002
1990-08-15,279.24369999999999
1990-08-16,277.92680000000001
1990-08-17,277.15960000000001
1990-08-20,279.24279999999999
1990-08-21,279.25409999999999
1990-08-22,278.6823
1990-08-23,275.93770000000001
1990-08-24,277.8279
1990-08-27,276.60579999999999
1990-08-28,277.13440000000003
1990-08-29,277.76060000000001
1990-08-30,278.97109999999998
1990-08-31,281.12310000000002
1990-09-04,281.91230000000002
1990-09-05,278.57589999999999
1990-09-06,277.8048
1990-09-07,279.7638
1990-09-10,282.11430000000001
1990-09-11,282.67739999999998
1990-09-12,282.88229999999999
1990-09-13,279.21510000000001
1990-09-14,279.06099999999998
1990-09-17,276.40019999999998
1990-09-18,277.64569999999998
1990-09-19,280.12970000000001
1990-09-20,280.92090000000002
1990-09-21,281.35359999999997
1990-09-24,278.72250000000003
1990-09-25,280.26339999999999
1990-09-26,279.81529999999998
1990-09-27,279.72469999999998
1990-09-28,280.7099
1990-10-01,278.92099999999999
1990-10-02,277.9153
1990-10-03,276.71280000000002
1990-10-04,274.88869999999997
1990-10-05,275.44799999999998
1990-10-08,273.29489999999998
1990-10-09,272.09010000000001
1990-10-10,272.42189999999999
1990-10-11,270.85590000000002
1990-10-12,272.13560000000001
1990-10-15,272.49990000000003
1990-10-16,270.40940000000001
1990-10-17,270.3809
1990-10-18,268.4862
1990-10-19,269.66980000000001
1990-10-22,271.90230000000003
1990-10-23,272.3331
1990-10-24,270.46929999999998
1990-10-25,272.37520000000001
1990-10-26,271.91989999999998
1990-10-29,273.17059999999998
1990-10-30,272.19029999999998
1990-10-31,273.44119999999998
1990-11-01,271.99979999999999
1990-11-02,270.22949999999997
1990-11-05,268.49110000000002
1990-11-06,269.8734
1990-11-07,269.71179999999998
1990-11-08,270.10890000000001
1990-11-09,270.1112
1990-11-12,268.83069999999998
1990-11-13,269.35899999999998
1990-11-14,268.70299999999997
1990-11-15,269.4624
1990-11-16,268.70749999999998
1990-11-19,268.67700000000002
1990-11-20,268.94279999999998
1990-11-21,268.64800000000002
1990-11-23,269.90199999999999
1990-11-26,270.72800000000001
1990-11-27,269.51010000000002
1990-11-28,271.29320000000001
1990-11-29,274.75959999999998
1990-11-30,273.73950000000002
1990-12-03,276.71319999999997
1990-12-04,274.90050000000002
1990-12-05,274.87020000000001
1990-12-06,273.28719999999998
1990-12-07,270.77710000000002
1990-12-10,271.40519999999998
1990-12-11,272.23160000000001
1990-12-12,271.6361
1990-12-13,272.29750000000001
1990-12-14,273.19099999999997
1990-12-17,273.98520000000002
1990-12-18,272.59449999999998
1990-12-19,273.51929999999999
1990-12-20,277.8544
1990-12-21,280.60219999999998
1990-12-24,280.7002
1990-12-26,281.85809999999998
1990-12-27,280.89519999999999
1990-12-28,276.08600000000001
1990-12-31,275.5188
1991-01-02,274.65309999999999
1991-01-03,274.78199999999998
1991-01-04,276.67059999999998
1991-01-07,281.08229999999998
1991-01-08,282.07580000000002
1991-01-09,280.74329999999998
1991-01-10,279.6755
1991-01-11,280.06830000000002
1991-01-14,281.92200000000003
1991-01-15,282.04829999999998
1991-01-16,282.97239999999999
1991-01-17,277.24810000000002
1991-01-18,275.31189999999998
1991-01-21,274.30610000000001
1991-01-22,275.49549999999999
1991-01-23,273.6583
1991-01-24,274.38290000000001
1991-01-25,275.47449999999998
1991-01-28,274.40300000000002
1991-01-29,275.56220000000002
1991-01-30,274.82279999999997
1991-01-31,273.2833
1991-02-01,272.14100000000002
1991-02-04,271.33139999999997
1991-02-05,270.22120000000001
1991-02-06,268.5763
1991-02-07,269.86630000000002
1991-02-08,269.75540000000001
1991-02-11,268.6429
1991-02-12,270.03280000000001
1991-02-13,271.22309999999999
1991-02-14,271.77940000000001
1991-02-15,273.63900000000001
1991-02-19,276.0009
1991-02-20,276.25880000000001
1991-02-21,275.68110000000001
1991-02-22,277.91109999999998
1991-02-25,280.40989999999999
1991-02-26,280.70339999999999
1991-02-27,280.56209999999999
1991-02-28,281.32400000000001
1991-03-01,283.9271
1991-03-04,283.55239999999998
1991-03-05,284.75069999999999
1991-03-06,284.44319999999999
1991-03-07,285.50839999999999
1991-03-08,289.15210000000002
1991-03-11,291.18819999999999
1991-03-12,288.93579999999997
1991-03-13,289.46379999999999
1991-03-14,290.76220000000001
1991-03-15,294.77749999999997
1991-03-18,298.22469999999998
1991-03-19,300.73469999999998
1991-03-20,300.0249
1991-03-21,298.27440000000001
1991-03-22,300.3494
1991-03-25,305.8159
1991-03-26,305.74419999999998
1991-03-27,308.59359999999998
1991-03-28,309.1592
1991-04-01,305.15600000000001
1991-04-02,303.67169999999999
1991-04-03,304.10250000000002
1991-04-04,302.34789999999998
1991-04-05,304.79539999999997
1991-04-08,305.9314
1991-04-09,301.51729999999998
1991-04-10,304.60399999999998
1991-04-11,302.71109999999999
1991-04-12,304.1825
1991-04-15,301.8177
1991-04-16,301.64089999999999
1991-04-17,302.60829999999999
1991-04-18,307.5856
1991-04-19,312.39749999999998
1991-04-22,316.16590000000002
1991-04-23,313.2629
1991-04-24,314.06619999999998
1991-04-25,314.4982
1991-04-26,315.23410000000001
1991-04-29,314.78930000000003
1991-04-30,308.87819999999999
1991-05-01,310.18599999999998
1991-05-02,311.45949999999999
1991-05-03,315.46780000000001
1991-05-06,312.99529999999999
1991-05-07,310.96129999999999
1991-05-08,312.81060000000002
1991-05-09,312.5659
1991-05-10,312.1859
1991-05-13,310.99470000000002
1991-05-14,308.62020000000001
1991-05-15,306.988
1991-05-16,308.26249999999999
1991-05-17,314.40750000000003
1991-05-20,313.68880000000001
1991-05-21,310.70370000000003
1991-05-22,312.25119999999998
1991-05-23,311.09109999999998
1991-05-24,310.60750000000002
1991-05-28,308.70170000000002
1991-05-29,311.6721
1991-05-30,312.27280000000002
1991-05-31,315.55090000000001
1991-06-03,316.66269999999997
1991-06-04,316.21550000000002
1991-06-05,316.92090000000002
1991-06-06,317.72789999999998
1991-06-07,320.70530000000002
1991-06-10,320.76740000000001
1991-06-11,321.84710000000001
1991-06-12,324.2842
1991-06-13,325.53469999999999
1991-06-14,325.19060000000002
1991-06-17,325.21969999999999
1991-06-18,328.50889999999998
1991-06-19,324.565
1991-06-20,324.08409999999998
1991-06-21,325.5736
1991-06-24,323.05380000000002
1991-06-25,324.81580000000002
1991-06-26,324.02859999999998
1991-06-27,324.80500000000001
1991-06-28,326.73779999999999
1991-07-01,329.35210000000001
1991-07-02,330.57249999999999
1991-07-03,330.36410000000001
1991-07-05,329.20280000000002
1991-07-08,326.95170000000002
1991-07-09,328.54730000000001
1991-07-10,328.16820000000001
1991-07-11,331.05849999999998
1991-07-12,323.90010000000001
1991-07-15,324.47379999999998
1991-07-16,325.79770000000002
1991-07-17,324.7022
1991-07-18,322.78789999999998
1991-07-19,318.82659999999998
1991-07-22,321.24160000000001
1991-07-23,320.72399999999999
1991-07-24,318.15890000000002
1991-07-25,321.4966
1991-07-26,319.27199999999999
1991-07-29,320.1189
1991-07-30,321.03429999999997
1991-07-31,319.35399999999998
1991-08-01,321.08929999999998
1991-08-02,319.03160000000003
1991-08-05,315.6069
1991-08-06,314.09359999999998
1991-08-07,314.59640000000002
1991-08-08,315.64620000000002
1991-08-09,317.61919999999998
1991-08-12,317.13
1991-08-13,318.1114
1991-08-14,318.95639999999997
1991-08-15,320.86259999999999
1991-08-16,323.11130000000003
1991-08-19,330.28879999999998
1991-08-20,326.92250000000001
1991-08-21,319.34480000000002
1991-08-22,318.27289999999999
1991-08-23,320.69600000000003
1991-08-26,320.44760000000002
1991-08-27,320.84980000000002
1991-08-28,319.33150000000001
1991-08-29,320.178
1991-08-30,320.64830000000001
1991-09-03,318.9239
1991-09-04,318.81099999999998
1991-09-05,319.14389999999997
1991-09-06,316.14789999999999
1991-09-09,312.77300000000002
1991-09-10,313.03539999999998
1991-09-11,312.33659999999998
1991-09-12,311.77449999999999
1991-09-13,311.86399999999998
1991-09-16,310.40789999999998
1991-09-17,309.94779999999997
1991-09-18,312.20229999999998
1991-09-19,312.67059999999998
1991-09-20,312.14179999999999
1991-09-23,309.75639999999999
1991-09-24,312.49380000000002
1991-09-25,311.51729999999998
1991-09-26,312.53539999999998
1991-09-27,310.14729999999997
1991-09-30,309.44450000000001
1991-10-01,309.91149999999999
1991-10-02,309.38029999999998
1991-10-03,308.29730000000001
1991-10-04,310.20979999999997
1991-10-07,310.46969999999999
1991-10-08,313.38229999999999
1991-10-09,312.22989999999999
1991-10-10,313.00729999999999
1991-10-11,311.99200000000002
1991-10-14,313.38959999999997
1991-10-15,315.61489999999998
1991-10-16,314.77170000000001
1991-10-17,313.06670000000003
1991-10-18,312.01659999999998
1991-10-21,313.13990000000001
1991-10-22,314.19490000000002
1991-10-23,316.28539999999998
1991-10-24,314.47489999999999
1991-10-25,314.70069999999998
1991-10-28,317.37810000000002
1991-10-29,312.5609
1991-10-30,310.57409999999999
1991-10-31,310.76310000000001
1991-11-01,306.56259999999997
1991-11-04,305.71319999999997
1991-11-05,306.10809999999998
1991-11-06,306.29410000000001
1991-11-07,306.79140000000001
1991-11-08,307.5308
1991-11-11,306.6447
1991-11-12,306.89999999999998
1991-11-13,306.39429999999999
1991-11-14,305.47309999999999
1991-11-15,304.13580000000002
1991-11-18,302.76339999999999
1991-11-19,300.8014
1991-11-20,302.05860000000001
1991-11-21,301.72230000000002
1991-11-22,300.10430000000002
1991-11-25,300.21800000000002
1991-11-26,303.55360000000002
1991-11-27,304.42970000000003
1991-11-29,305.68680000000001
1991-12-02,304.17160000000001
1991-12-03,303.41840000000002
1991-12-04,302.07499999999999
1991-12-05,300.4538
1991-12-06,297.44389999999999
1991-12-09,298.38650000000001
1991-12-10,299.26060000000001
1991-12-11,299.33620000000002
1991-12-12,300.14060000000001
1991-12-13,300.66759999999999
1991-12-16,298.90370000000001
1991-12-17,298.66640000000001
1991-12-18,297.94310000000002
1991-12-19,296.87139999999999
1991-12-20,293.36470000000003
1991-12-23,290.82999999999998
1991-12-24,291.42169999999999
1991-12-26,289.47750000000002
1991-12-27,290.59089999999998
1991-12-30,291.04450000000003
1991-12-31,290.31659999999999
1992-01-02,291.43060000000003
1992-01-03,293.5181
1992-01-06,289.20819999999998
1992-01-07,288.09570000000002
1992-01-08,288.4085
1992-01-09,296.7912
1992-01-10,300.9674
1992-01-13,299.85649999999998
1992-01-14,301.5985
1992-01-15,306.89069999999998
1992-01-16,305.71019999999999
1992-01-17,300.7355
1992-01-20,300.3546
1992-01-21,299.97300000000001
1992-01-22,300.39229999999998
1992-01-23,302.79689999999999
1992-01-24,300.84910000000002
1992-01-27,304.5093
1992-01-28,303.29300000000001
1992-01-29,303.08710000000002
1992-01-30,305.21550000000002
1992-01-31,304.93990000000002
1992-02-03,303.54880000000003
1992-02-04,302.262
1992-02-05,300.73090000000002
1992-02-06,300.245
1992-02-07,297.45659999999998
1992-02-10,300.31729999999999
1992-02-11,303.24869999999999
1992-02-12,305.27379999999999
1992-02-13,308.03250000000003
1992-02-14,308.2099
1992-02-18,310.83030000000002
1992-02-19,310.83420000000001
1992-02-20,311.01310000000001
1992-02-21,313.00790000000001
1992-02-24,312.31479999999999
1992-02-25,313.43770000000001
1992-02-26,311.55720000000002
1992-02-27,309.92059999999998
1992-02-28,310.90350000000001
1992-03-02,311.67829999999998
1992-03-03,314.4101
1992-03-04,316.33870000000002
1992-03-05,317.00970000000001
1992-03-06,316.3177
1992-03-09,315.59010000000001
1992-03-10,317.23989999999998
1992-03-11,315.98779999999999
1992-03-12,317.7081
1992-03-13,317.78550000000001
1992-03-16,316.67340000000002
1992-03-17,314.09160000000003
1992-03-18,314.93810000000002
1992-03-19,318.19970000000001
1992-03-20,318.34719999999999
1992-03-23,317.47969999999998
1992-03-24,317.0317
1992-03-25,315.1825
1992-03-26,317.04500000000002
1992-03-27,313.58409999999998
1992-03-30,314.64120000000003
1992-03-31,314.1225
1992-04-01,316.16090000000003
1992-04-02,314.90600000000001
1992-04-03,312.24799999999999
1992-04-06,312.07810000000001
1992-04-07,311.52140000000003
1992-04-08,312.01639999999998
1992-04-09,310.29969999999997
1992-04-10,313.03649999999999
1992-04-13,315.3526
1992-04-14,315.07339999999999
1992-04-15,316.19740000000002
1992-04-16,317.6028
1992-04-20,317.64049999999997
1992-04-21,317.67809999999997
1992-04-22,316.66269999999997
1992-04-23,316.94569999999999
1992-04-24,315.26280000000003
1992-04-27,315.2654
1992-04-28,315.1977
1992-04-29,315.86750000000001
1992-04-30,314.81630000000001
1992-05-01,313.09649999999999
1992-05-04,314.29239999999999
1992-05-05,312.88839999999999
1992-05-06,311.62450000000001
1992-05-07,312.53919999999999
1992-05-08,314.22750000000002
1992-05-11,313.4205
1992-05-12,310.43340000000001
1992-05-13,308.04289999999997
1992-05-14,309.27359999999999
1992-05-15,308.21870000000001
1992-05-18,305.7217
1992-05-19,305.1934
1992-05-20,307.0575
1992-05-21,309.5215
1992-05-22,309.34690000000001
1992-05-26,308.50439999999998
1992-05-27,312.69439999999997
1992-05-28,310.76010000000002
1992-05-29,307.10050000000001
1992-06-01,307.06729999999999
1992-06-02,307.59730000000002
1992-06-03,307.35230000000001
1992-06-04,306.75479999999999
1992-06-05,305.02969999999999
1992-06-08,305.03059999999999
1992-06-09,305.5951
1992-06-10,305.84269999999998
1992-06-11,303.16489999999999
1992-06-12,303.05950000000001
1992-06-15,302.21370000000002
1992-06-16,301.26179999999999
1992-06-17,303.09500000000003
1992-06-18,301.93099999999998
1992-06-19,303.02440000000001
1992-06-22,301.89569999999998
1992-06-23,301.89620000000002
1992-06-24,299.56760000000003
1992-06-25,297.41460000000001
1992-06-26,296.91980000000001
1992-06-29,295.15359999999998
1992-06-30,295.54020000000003
1992-07-01,295.2912
1992-07-02,293.41449999999998
1992-07-06,293.5498
1992-07-07,290.11849999999998
1992-07-08,290.74779999999998
1992-07-09,294.30869999999999
1992-07-10,291.86559999999997
1992-07-13,289.13920000000002
1992-07-14,290.36919999999998
1992-07-15,290.00909999999999
1992-07-16,288.90679999999998
1992-07-17,286.42579999999998
1992-07-20,291.75549999999998
1992-07-21,291.32490000000001
1992-07-22,291.45949999999999
1992-07-23,291.13440000000003
1992-07-24,294.13279999999997
1992-07-27,290.80259999999998
1992-07-28,289.41680000000002
1992-07-29,290.82459999999998
1992-07-30,290.0043
1992-07-31,289.78519999999997
1992-08-03,289.77820000000003
1992-08-04,290.26659999999998
1992-08-05,291.25049999999999
1992-08-06,290.74810000000002
1992-08-07,289.00659999999999
1992-08-10,288.8929
1992-08-11,289.41629999999998
1992-08-12,288.94850000000002
1992-08-13,287.87830000000002
1992-08-14,289.18000000000001
1992-08-17,288.9239
1992-08-18,288.06569999999999
1992-08-19,287.59699999999998
1992-08-20,286.6678
1992-08-21,284.00229999999999
1992-08-24,279.70760000000001
1992-08-25,279.48689999999999
1992-08-26,280.71910000000003
1992-08-27,281.10090000000002
1992-08-28,280.63209999999998
1992-08-31,279.63150000000002
1992-09-01,277.709
1992-09-02,278.01949999999999
1992-09-03,281.55669999999998
1992-09-04,279.5247
1992-09-08,278.37880000000001
1992-09-09,281.84350000000001
1992-09-10,282.8614
1992-09-11,287.81709999999998
1992-09-14,294.12130000000002
1992-09-15,295.88569999999999
1992-09-16,299.24689999999998
1992-09-17,296.82429999999999
1992-09-18,301.10860000000002
1992-09-21,299.64429999999999
1992-09-22,300.62909999999999
1992-09-23,299.80360000000002
1992-09-24,298.48070000000001
1992-09-25,297.7244
1992-09-28,293.6302
1992-09-29,287.65269999999998
1992-09-30,288.03059999999999
1992-10-01,290.50299999999999
1992-10-02,288.99790000000002
1992-10-05,292.71440000000001
1992-10-06,293.51949999999999
1992-10-07,295.88900000000001
1992-10-08,301.56270000000001
1992-10-09,301.375
1992-10-12,298.59320000000002
1992-10-13,297.8725
1992-10-14,297.68560000000002
1992-10-15,296.92989999999998
1992-10-16,300.61720000000003
1992-10-19,303.98599999999999
1992-10-20,307.42720000000003
1992-10-21,308.05889999999999
1992-10-22,305.5967
1992-10-23,308.71769999999998
1992-10-26,310.34539999999998
1992-10-27,309.51929999999999
1992-10-28,311.85910000000001
1992-10-29,310.71289999999999
1992-10-30,311.8082
1992-11-02,316.1422
1992-11-03,315.1395
1992-11-04,315.52440000000001
1992-11-05,317.54640000000001
1992-11-06,320.1035
1992-11-09,321.0949
1992-11-10,319.77229999999997
1992-11-11,319.12599999999998
1992-11-12,318.51490000000001
1992-11-13,316.87119999999999
1992-11-16,320.67689999999999
1992-11-17,320.63709999999998
1992-11-18,320.13389999999998
1992-11-19,318.98939999999999
1992-11-20,324.68610000000001
1992-11-23,323.82799999999997
1992-11-24,323.18329999999997
1992-11-25,322.25360000000001
1992-11-27,324.78129999999999
1992-11-30,323.8519
1992-12-01,321.39019999999999
1992-12-02,321.03160000000003
1992-12-03,321.49270000000001
1992-12-04,323.09429999999998
1992-12-07,317.3492
1992-12-08,317.91649999999998
1992-12-09,320.6952
1992-12-10,321.6549
1992-12-11,321.50900000000001
1992-12-14,320.14999999999998
1992-12-15,320.43180000000001
1992-12-16,318.85770000000002
1992-12-17,319.06779999999998
1992-12-18,320.16989999999998
1992-12-21,320.73680000000002
1992-12-22,324.05340000000001
1992-12-23,325.15660000000003
1992-12-24,325.65260000000001
1992-12-28,329.18470000000002
1992-12-29,329.1816
1992-12-30,329.28469999999999
1992-12-31,329.99459999999999
1993-01-04,333.95600000000002
1993-01-05,331.02210000000002
1993-01-06,332.62599999999998
1993-01-07,333.08679999999998
1993-01-08,334.04730000000001
1993-01-11,331.36180000000002
1993-01-12,332.10730000000001
1993-01-13,331.17230000000001
1993-01-14,331.34530000000001
1993-01-15,332.73360000000002
1993-01-18,329.25839999999999
1993-01-19,329.07369999999997
1993-01-20,327.49430000000001
1993-01-21,330.02809999999999
1993-01-22,327.05270000000002
1993-01-25,323.71870000000001
1993-01-26,324.03390000000002
1993-01-27,326.96089999999998
1993-01-28,326.70310000000001
1993-01-29,330.95499999999998
1993-02-01,334.92129999999997
1993-02-02,336.24009999999998
1993-02-03,337.41539999999998
1993-02-04,338.48320000000001
1993-02-05,338.04730000000001
1993-02-08,337.89800000000002
1993-02-09,336.78190000000001
1993-02-10,338.42349999999999
1993-02-11,337.8802
1993-02-12,337.65940000000001
1993-02-16,333.5335
1993-02-17,332.98939999999999
1993-02-18,333.98579999999998
1993-02-19,334.55290000000002
1993-02-22,332.07409999999999
1993-02-23,333.03550000000001
1993-02-24,334.85759999999999
1993-02-25,335.28190000000001
1993-02-26,337.21190000000001
1993-03-01,337.7081
1993-03-02,334.36790000000002
1993-03-03,334.97140000000002
1993-03-04,334.35520000000002
1993-03-05,338.25940000000003
1993-03-08,337.28590000000003
1993-03-09,338.608
1993-03-10,338.31580000000002
1993-03-11,338.59730000000002
1993-03-12,339.13010000000003
1993-03-15,339.19690000000003
1993-03-16,338.47390000000001
1993-03-17,338.21730000000002
1993-03-18,334.51429999999999
1993-03-19,333.50319999999999
1993-03-22,333.64049999999997
1993-03-23,332.98770000000002
1993-03-24,335.02800000000002
1993-03-25,335.88330000000002
1993-03-26,333.79399999999998
1993-03-29,333.28489999999999
1993-03-30,332.12869999999998
1993-03-31,330.07389999999998
1993-04-01,327.33629999999999
1993-04-02,328.33510000000001
1993-04-05,327.78879999999998
1993-04-06,329.65039999999999
1993-04-07,330.54199999999997
1993-04-08,328.0548
1993-04-12,325.9624
1993-04-13,323.47370000000001
1993-04-14,325.40649999999999
1993-04-15,327.0521
1993-04-16,328.37439999999998
1993-04-19,324.9495
1993-04-20,324.36509999999998
1993-04-21,324.89569999999998
1993-04-22,322.98050000000001
1993-04-23,321.56900000000002
1993-04-26,318.46679999999998
1993-04-27,322.45269999999999
1993-04-28,321.25760000000002
1993-04-29,321.21370000000002
1993-04-30,322.10559999999998
1993-05-03,321.5215
1993-05-04,320.39729999999997
1993-05-05,320.8211
1993-05-06,319.62450000000001
1993-05-07,321.30829999999997
1993-05-10,325.98110000000003
1993-05-11,325.9735
1993-05-12,326.25400000000002
1993-05-13,327.54349999999999
1993-05-14,324.83530000000002
1993-05-17,326.55810000000002
1993-05-18,327.52480000000003
1993-05-19,326.68950000000001
1993-05-20,325.74590000000001
1993-05-21,326.89280000000002
1993-05-24,328.14850000000001
1993-05-25,326.66550000000001
1993-05-26,326.22739999999999
1993-05-27,322.76089999999999
1993-05-28,320.77210000000002
1993-06-01,321.01819999999998
1993-06-02,322.41879999999998
1993-06-03,322.1601
1993-06-04,327.34859999999998
1993-06-07,326.18939999999998
1993-06-08,326.29300000000001
1993-06-09,327.73129999999998
1993-06-10,326.35539999999997
1993-06-11,326.38589999999999
1993-06-14,325.91109999999998
1993-06-15,328.72059999999999
1993-06-16,331.13339999999999
1993-06-17,331.34449999999998
1993-06-18,335.52719999999999
1993-06-21,337.1112
1993-06-22,338.58749999999998
1993-06-23,337.60890000000001
1993-06-24,339.80799999999999
1993-06-25,337.92579999999998
1993-06-28,337.45179999999999
1993-06-29,335.4239
1993-06-30,338.3091
1993-07-01,336.75
1993-07-02,337.82799999999997
1993-07-06,339.12380000000002
1993-07-07,339.7697
1993-07-08,339.80099999999999
1993-07-09,343.37490000000003
1993-07-12,344.4187
1993-07-13,342.06439999999998
1993-07-14,341.66180000000003
1993-07-15,343.06729999999999
1993-07-16,342.15839999999997
1993-07-19,340.81569999999999
1993-07-20,340.1241
1993-07-21,339.97519999999997
1993-07-22,340.07979999999998
1993-07-23,342.21069999999997
1993-07-26,342.93049999999999
1993-07-27,343.39749999999998
1993-07-28,341.8374
1993-07-29,345.8143
1993-07-30,345.26710000000003
1993-08-02,342.62049999999999
1993-08-03,341.82010000000002
1993-08-04,341.77999999999997
1993-08-05,342.31889999999999
1993-08-06,340.9744
1993-08-09,341.87509999999997
1993-08-10,344.91320000000002
1993-08-11,345.01740000000001
1993-08-12,345.19400000000002
1993-08-13,344.71850000000001
1993-08-16,340.43810000000002
1993-08-17,340.61419999999998
1993-08-18,338.47059999999999
1993-08-19,341.18349999999998
1993-08-20,338.53199999999998
1993-08-23,339.65030000000002
1993-08-24,339.24610000000001
1993-08-25,340.9085
1993-08-26,338.36500000000001
1993-08-27,338.39609999999999
1993-08-30,339.58789999999999
1993-08-31,340.81599999999997
1993-09-01,339.25110000000001
1993-09-02,338.12099999999998
1993-09-03,334.12360000000001
1993-09-07,331.54059999999998
1993-09-08,332.87670000000003
1993-09-09,330.4753
1993-09-10,329.59750000000003
1993-09-13,331.00659999999999
1993-09-14,331.14550000000003
1993-09-15,329.5052
1993-09-16,330.22449999999998
1993-09-17,331.92430000000002
1993-09-20,331.95400000000001
1993-09-21,336.77730000000003
1993-09-22,335.35410000000002
1993-09-23,337.16370000000001
1993-09-24,336.6123
1993-09-27,335.18849999999998
1993-09-28,333.65539999999999
1993-09-29,333.9393
1993-09-30,337.34840000000003
1993-10-01,336.90570000000002
1993-10-04,335.69970000000001
1993-10-05,336.02109999999999
1993-10-06,335.50619999999998
1993-10-07,335.6456
1993-10-08,333.27620000000002
1993-10-11,333.52449999999999
1993-10-12,332.13679999999999
1993-10-13,333.84050000000002
1993-10-14,336.0899
1993-10-15,336.59370000000001
1993-10-18,339.68060000000003
1993-10-19,339.96710000000002
1993-10-20,339.6712
1993-10-21,342.61410000000001
1993-10-22,343.73779999999999
1993-10-25,345.1164
1993-10-26,344.7851
1993-10-27,345.32749999999999
1993-10-28,344.01249999999999
1993-10-29,346.22890000000001
1993-11-01,346.98970000000003
1993-11-02,347.60570000000001
1993-11-03,346.07249999999999
1993-11-04,346.54230000000001
1993-11-05,345.66399999999999
1993-11-08,344.67630000000003
1993-11-09,346.53100000000001
1993-11-10,345.79910000000001
1993-11-11,346.16030000000001
1993-11-12,344.44400000000002
1993-11-15,346.11720000000003
1993-11-16,347.27999999999997
1993-11-17,347.05779999999999
1993-11-18,348.91390000000001
1993-11-19,350.15089999999998
1993-11-22,349.30939999999998
1993-11-23,348.97829999999999
1993-11-24,348.72000000000003
1993-11-26,350.28539999999998
1993-11-29,350.06369999999998
1993-11-30,351.04610000000002
1993-12-01,352.02850000000001
1993-12-02,351.95269999999999
1993-12-03,350.67259999999999
1993-12-06,346.69099999999997
1993-12-07,347.19839999999999
1993-12-08,347.41379999999998
1993-12-09,347.95740000000001
1993-12-10,347.07709999999997
1993-12-13,348.78910000000002
1993-12-14,349.9171
1993-12-15,350.57029999999997
1993-12-16,349.47039999999998
1993-12-17,349.75850000000003
1993-12-20,349.75450000000001
1993-12-21,349.5317
1993-12-22,347.6644
1993-12-23,346.01600000000002
1993-12-27,348.09500000000003
1993-12-28,347.76209999999998
1993-12-29,352.58240000000001
1993-12-30,353.52820000000003
1993-12-31,354.07240000000002
1994-01-03,354.5804
1994-01-04,353.07819999999998
1994-01-05,353.22109999999998
1994-01-06,354.1318
1994-01-07,351.45760000000001
1994-01-10,352.76979999999998
1994-01-11,353.75290000000001
1994-01-12,352.10160000000002
1994-01-13,354.10890000000001
1994-01-14,353.81150000000002
1994-01-17,354.39229999999998
1994-01-18,352.77710000000002
1994-01-19,353.13830000000002
1994-01-20,352.10829999999999
1994-01-21,354.07999999999998
1994-01-24,353.4889
1994-01-25,353.37369999999999
1994-01-26,352.1232
1994-01-27,349.59059999999999
1994-01-28,352.29520000000002
1994-01-31,350.16570000000002
1994-02-01,349.94170000000003
1994-02-02,350.0111
1994-02-03,351.29059999999998
1994-02-04,354.55040000000002
1994-02-07,354.18270000000001
1994-02-08,355.35469999999998
1994-02-09,354.95080000000002
1994-02-10,354.1438
1994-02-11,354.363
1994-02-14,348.01940000000002
1994-02-15,349.22829999999999
1994-02-16,349.00720000000001
1994-02-17,349.00630000000001
1994-02-18,347.02480000000003
1994-02-22,349.37150000000003
1994-02-23,349.95890000000003
1994-02-24,348.63830000000002
1994-02-25,347.7946
1994-02-28,347.02390000000003
1994-03-01,347.86989999999997
1994-03-02,346.9538
1994-03-03,347.02879999999999
1994-03-04,349.41750000000002
1994-03-07,349.71359999999999
1994-03-08,348.98200000000003
1994-03-09,348.21319999999997
1994-03-10,344.24799999999999
1994-03-11,345.02080000000001
1994-03-14,346.23540000000003
1994-03-15,347.56099999999998
1994-03-16,346.20359999999999
1994-03-17,346.49889999999999
1994-03-18,347.63979999999998
1994-03-21,347.12729999999999
1994-03-22,346.79849999999999
1994-03-23,346.10109999999997
1994-03-24,344.1164
1994-03-25,343.89699999999999
1994-03-28,343.89839999999998
1994-03-29,344.81959999999998
1994-03-30,344.15879999999999
1994-03-31,342.4307
1994-04-04,347.10719999999998
1994-04-05,350.68079999999998
1994-04-06,350.20580000000001
1994-04-07,350.02420000000001
1994-04-08,349.51179999999999
1994-04-11,348.74119999999999
1994-04-12,349.48039999999997
1994-04-13,348.23110000000003
1994-04-14,349.00749999999999
1994-04-15,349.6001
1994-04-18,348.68389999999999
1994-04-19,348.02589999999998
1994-04-20,346.40980000000002
1994-04-21,346.30410000000001
1994-04-22,346.16180000000003
1994-04-25,345.06110000000001
1994-04-26,344.10930000000002
1994-04-28,340.87139999999999
1994-04-29,339.73430000000002
1994-05-02,339.5564
1994-05-03,338.08890000000002
1994-05-04,341.01119999999997
1994-05-05,343.1223
1994-05-06,342.13650000000001
1994-05-09,341.29899999999998
1994-05-10,345.14859999999999
1994-05-11,344.5693
1994-05-12,343.80399999999997
1994-05-13,344.55220000000003
1994-05-16,345.04250000000002
1994-05-17,344.68419999999998
1994-05-18,341.77670000000001
1994-05-19,342.1927
1994-05-20,340.87240000000003
1994-05-23,340.91919999999999
1994-05-24,342.85180000000003
1994-05-25,341.75319999999999
1994-05-26,342.20679999999999
1994-05-27,341.40359999999998
1994-05-31,342.19009999999997
1994-06-01,341.94150000000002
1994-06-02,343.39370000000002
1994-06-03,345.66000000000003
1994-06-06,345.59550000000002
1994-06-07,344.49520000000001
1994-06-08,344.98599999999999
1994-06-09,344.62560000000002
1994-06-10,344.22800000000001
1994-06-13,341.31270000000001
1994-06-14,341.35879999999997
1994-06-15,340.10910000000001
1994-06-16,340.19209999999998
1994-06-17,337.0523
1994-06-20,335.17140000000001
1994-06-21,332.99459999999999
1994-06-22,335.48669999999998
1994-06-23,334.97660000000002
1994-06-24,332.20530000000002
1994-06-27,332.25060000000002
1994-06-28,331.48070000000001
1994-06-29,331.85989999999998
1994-06-30,332.46170000000001
1994-07-01,333.62079999999997
1994-07-05,332.36869999999999
1994-07-06,331.56240000000003
1994-07-07,331.572
1994-07-08,329.91289999999998
1994-07-11,324.1705
1994-07-12,323.84750000000003
1994-07-13,325.49189999999999
1994-07-14,328.54680000000002
1994-07-15,328.1474
1994-07-18,327.45049999999998
1994-07-19,330.80360000000002
1994-07-20,330.6651
1994-07-21,334.2063
1994-07-22,335.25869999999998
1994-07-25,334.0437
1994-07-26,333.5351
1994-07-27,332.24610000000001
1994-07-28,335.53100000000001
1994-07-29,334.351
1994-08-01,333.24509999999998
1994-08-02,334.44659999999999
1994-08-03,333.08069999999998
1994-08-04,335.25
1994-08-05,333.69940000000003
1994-08-08,334.79180000000002
1994-08-09,334.69260000000003
1994-08-10,335.0394
1994-08-11,331.99630000000002
1994-08-12,331.37419999999997
1994-08-15,331.31180000000001
1994-08-16,332.10860000000002
1994-08-17,331.48869999999999
1994-08-18,329.0797
1994-08-19,328.23540000000003
1994-08-22,326.08550000000002
1994-08-23,327.29169999999999
1994-08-24,329.09449999999998
1994-08-25,328.88380000000001
1994-08-26,334.30680000000001
1994-08-29,334.2835
1994-08-30,333.99919999999997
1994-08-31,334.75959999999998
1994-09-01,333.61610000000002
1994-09-02,330.71730000000002
1994-09-06,328.71390000000002
1994-09-07,330.18329999999997
1994-09-08,331.31709999999998
1994-09-09,328.52859999999998
1994-09-12,328.31779999999998
1994-09-13,327.99489999999997
1994-09-14,328.34440000000001
1994-09-15,328.7688
1994-09-16,327.47379999999998
1994-09-19,328.53390000000002
1994-09-20,328.28579999999999
1994-09-21,327.4787
1994-09-22,328.05560000000003
1994-09-23,327.77199999999999
1994-09-26,329.35950000000003
1994-09-27,327.39060000000001
1994-09-28,328.93799999999999
1994-09-29,328.16489999999999
1994-09-30,329.15280000000001
1994-10-03,329.72980000000001
1994-10-04,328.6617
1994-10-05,328.38010000000003
1994-10-06,328.51069999999999
1994-10-07,329.50209999999998
1994-10-10,329.25689999999997
1994-10-11,329.61160000000001
1994-10-12,328.76769999999999
1994-10-13,327.84750000000003
1994-10-14,325.42590000000001
1994-10-17,321.87790000000001
1994-10-18,322.4194
1994-10-19,321.72280000000001
1994-10-20,320.4264
1994-10-21,321.53230000000002
1994-10-24,320.42340000000002
1994-10-25,320.10329999999999
1994-10-26,319.9701
1994-10-27,320.88850000000002
1994-10-28,323.16030000000001
1994-10-31,322.08839999999998
1994-11-01,321.43020000000001
1994-11-02,324.79450000000003
1994-11-03,325.60320000000002
1994-11-04,325.36020000000002
1994-11-07,325.34339999999997
1994-11-08,324.23559999999998
1994-11-09,327.64240000000001
1994-11-10,328.00229999999999
1994-11-11,327.87310000000002
1994-11-14,330.41739999999999
1994-11-15,332.43680000000001
1994-11-16,331.97120000000001
1994-11-17,331.61810000000003
1994-11-18,332.96010000000001
1994-11-21,333.28500000000003
1994-11-22,333.87400000000002
1994-11-23,333.36939999999998
1994-11-25,334.67430000000002
1994-11-28,335.56619999999998
1994-11-29,336.46030000000002
1994-11-30,336.2989
1994-12-01,336.81639999999999
1994-12-02,338.05220000000003
1994-12-05,337.47840000000002
1994-12-06,337.35750000000002
1994-12-07,336.93299999999999
1994-12-08,338.66129999999998
1994-12-09,338.53899999999999
1994-12-12,338.37979999999999
1994-12-13,338.41019999999997
1994-12-14,338.32589999999999
1994-12-15,338.5043
1994-12-16,338.83420000000001
1994-12-19,339.31560000000002
1994-12-20,339.07740000000001
1994-12-21,340.65410000000003
1994-12-22,340.30220000000003
1994-12-23,340.55669999999998
1994-12-27,340.28129999999999
1994-12-28,335.15899999999999
1994-12-29,337.19229999999999
1994-12-30,336.15839999999997
1995-01-03,337.66250000000002
1995-01-04,338.48719999999997
1995-01-05,337.30399999999997
1995-01-06,339.75959999999998
1995-01-09,335.27789999999999
1995-01-10,335.42079999999999
1995-01-11,335.44839999999999
1995-01-12,334.29989999999998
1995-01-13,334.5163
1995-01-16,334.12549999999999
1995-01-17,335.25360000000001
1995-01-18,335.88979999999998
1995-01-19,332.50080000000003
1995-01-20,332.22559999999999
1995-01-23,332.02640000000002
1995-01-24,332.20769999999999
1995-01-25,333.11070000000001
1995-01-26,333.1397
1995-01-27,333.20659999999998
1995-01-30,331.29559999999998
1995-01-31,334.74829999999997
1995-02-01,334.01839999999999
1995-02-02,333.74419999999998
1995-02-03,335.71480000000003
1995-02-06,335.78269999999998
1995-02-07,336.76459999999997
1995-02-08,335.99450000000002
1995-02-09,335.71940000000001
1995-02-10,334.416
1995-02-13,334.55990000000003
1995-02-14,332.95049999999998
1995-02-15,333.24619999999999
1995-02-16,330.30000000000001
1995-02-17,329.67910000000001
1995-02-21,328.52440000000001
1995-02-22,327.9409
1995-02-23,327.3956
1995-02-24,327.65170000000001
1995-02-27,329.12939999999998
1995-02-28,328.16460000000001
1995-03-01,328.42140000000001
1995-03-02,324.93490000000003
1995-03-03,322.40170000000001
1995-03-06,319.10340000000002
1995-03-07,313.12889999999999
1995-03-08,318.31450000000001
1995-03-09,317.49860000000001
1995-03-10,322.19
1995-03-13,320.57159999999999
1995-03-14,321.66879999999998
1995-03-15,318.09789999999998
1995-03-16,319.57760000000002
1995-03-17,318.91419999999999
1995-03-20,320.73919999999998
1995-03-21,320.26710000000003
1995-03-22,319.64159999999998
1995-03-23,319.55189999999999
1995-03-24,321.45429999999999
1995-03-27,319.90780000000001
1995-03-28,317.21120000000002
1995-03-29,316.27679999999998
1995-03-30,320.7115
1995-03-31,314.21589999999998
1995-04-03,314.20150000000001
1995-04-04,314.87819999999999
1995-04-05,313.40539999999999
1995-04-06,313.77429999999998
1995-04-07,312.76130000000001
1995-04-10,317.46960000000001
1995-04-11,316.5718
1995-04-12,316.51859999999999
1995-04-13,314.15899999999999
1995-04-17,310.76130000000001
1995-04-18,308.63069999999999
1995-04-19,312.34359999999998
1995-04-20,315.2885
1995-04-21,313.08069999999998
1995-04-24,314.02670000000001
1995-04-25,311.58749999999998
1995-04-26,313.07299999999998
1995-04-27,313.40440000000001
1995-04-28,315.00650000000002
1995-05-01,314.8766
1995-05-02,313.62959999999998
1995-05-03,313.19049999999999
1995-05-04,313.21289999999999
1995-05-05,313.38909999999998
1995-05-08,311.5224
1995-05-09,313.58819999999997
1995-05-10,314.53660000000002
1995-05-11,321.84960000000001
1995-05-12,324.26659999999998
1995-05-15,323.05759999999998
1995-05-16,323.70049999999998
1995-05-17,324.96100000000001
1995-05-18,324.40769999999998
1995-05-19,325.36000000000001
1995-05-22,325.07709999999997
1995-05-23,326.22370000000001
1995-05-24,325.05180000000001
1995-05-25,317.7731
1995-05-26,313.54500000000002
1995-05-30,315.07580000000002
1995-05-31,319.35230000000001
1995-06-01,319.2971
1995-06-02,319.31830000000002
1995-06-05,318.79880000000003
1995-06-06,319.51769999999999
1995-06-07,318.99880000000002
1995-06-08,318.71230000000003
1995-06-09,318.27089999999998
1995-06-12,318.75830000000002
1995-06-13,319.55430000000001
1995-06-14,317.79340000000002
1995-06-15,319.40370000000001
1995-06-16,318.34050000000002
1995-06-19,318.59440000000001
1995-06-20,317.22030000000001
1995-06-21,316.1164
1995-06-22,318.26949999999999
1995-06-23,315.9622
1995-06-26,317.10739999999998
1995-06-27,316.5847
1995-06-28,319.51609999999999
1995-06-29,316.31580000000002
1995-06-30,316.84129999999999
1995-07-03,316.8623
1995-07-05,316.18470000000002
1995-07-06,316.04899999999998
1995-07-07,318.16730000000001
1995-07-10,318.34280000000001
1995-07-11,320.0736
1995-07-12,320.01639999999998
1995-07-13,318.44260000000003
1995-07-14,318.65800000000002
1995-07-17,319.69060000000002
1995-07-18,318.62240000000003
1995-07-19,316.81380000000001
1995-07-20,317.96319999999997
1995-07-21,318.52910000000003
1995-07-24,317.96600000000001
1995-07-25,319.03859999999997
1995-07-26,317.85230000000001
1995-07-27,317.56099999999998
1995-07-28,317.30880000000002
1995-07-31,317.99180000000001
1995-08-01,316.45330000000001
1995-08-02,320.64569999999998
1995-08-03,319.41879999999998
1995-08-04,320.21960000000001
1995-08-07,322.15190000000001
1995-08-08,322.52390000000003
1995-08-09,322.58390000000003
1995-08-10,324.6739
1995-08-11,328.36559999999997
1995-08-14,328.15390000000002
1995-08-15,335.59750000000003
1995-08-16,336.48079999999999
1995-08-17,335.37200000000001
1995-08-18,335.98219999999998
1995-08-21,336.12369999999999
1995-08-22,337.20359999999999
1995-08-23,336.60219999999998
1995-08-24,335.60849999999999
1995-08-25,335.31819999999999
1995-08-28,334.59710000000001
1995-08-29,336.77170000000001
1995-08-30,336.83319999999998
1995-08-31,335.01569999999998
1995-09-01,334.68520000000001
1995-09-05,334.82470000000001
1995-09-06,337.23599999999999
1995-09-07,337.41559999999998
1995-09-08,337.0471
1995-09-11,337.03089999999997
1995-09-12,337.13170000000002
1995-09-13,341.30950000000001
1995-09-14,340.35219999999998
1995-09-15,341.12020000000001
1995-09-18,339.77030000000002
1995-09-19,341.32170000000002
1995-09-20,337.34100000000001
1995-09-21,328.5326
1995-09-22,330.82850000000002
1995-09-25,331.9873
1995-09-26,332.63670000000002
1995-09-27,330.85109999999997
1995-09-28,330.20420000000001
1995-09-29,331.20659999999998
1995-10-02,331.26650000000001
1995-10-03,332.42809999999997
1995-10-04,332.25299999999999
1995-10-05,329.9545
1995-10-06,331.46980000000002
1995-10-09,330.35059999999999
1995-10-10,331.15809999999999
1995-10-11,332.28100000000001
1995-10-12,330.80700000000002
1995-10-13,332.32350000000002
1995-10-16,331.40030000000002
1995-10-17,330.476
1995-10-18,332.15030000000002
1995-10-19,329.96519999999998
1995-10-20,329.04020000000003
1995-10-23,327.8784
1995-10-24,328.64659999999998
1995-10-25,328.94220000000001
1995-10-26,328.37040000000002
1995-10-27,330.40120000000002
1995-10-30,330.65839999999997
1995-10-31,330.04849999999999
1995-11-01,331.56869999999998
1995-11-02,332.69470000000001
1995-11-03,332.04520000000002
1995-11-06,331.82999999999998
1995-11-07,332.1284
1995-11-08,332.18979999999999
1995-11-09,329.76350000000002
1995-11-10,331.2473
1995-11-13,332.57369999999997
1995-11-14,331.96359999999999
1995-11-15,330.60250000000002
1995-11-16,331.45429999999999
1995-11-17,331.27820000000003
1995-11-20,330.70659999999998
1995-11-21,331.04469999999998
1995-11-22,330.55200000000002
1995-11-24,332.35359999999997
1995-11-27,334.63099999999997
1995-11-28,334.53469999999999
1995-11-29,335.74439999999998
1995-11-30,337.66699999999997
1995-12-01,337.33249999999998
1995-12-04,336.64159999999998
1995-12-05,335.31650000000002
1995-12-06,336.60640000000001
1995-12-07,337.9366
1995-12-08,337.95920000000001
1995-12-11,337.9024
1995-12-12,338.83580000000001
1995-12-13,339.05579999999998
1995-12-14,336.81630000000001
1995-12-15,337.82870000000003
1995-12-18,335.90480000000002
1995-12-19,337.63029999999998
1995-12-20,337.291
1995-12-21,336.67230000000001
1995-12-22,336.41079999999999
1995-12-26,335.43360000000001
1995-12-27,336.08539999999999
1995-12-28,336.97500000000002
1995-12-29,336.87299999999999
1996-01-02,336.65190000000001
1996-01-03,338.37950000000001
1996-01-04,338.87509999999997
1996-01-05,338.2971
1996-01-08,338.27569999999997
1996-01-09,338.4529
1996-01-10,337.87459999999999
1996-01-11,338.8082
1996-01-12,338.5881
1996-01-15,339.64170000000001
1996-01-16,342.40690000000001
1996-01-17,343.54039999999998
1996-01-18,344.31529999999998
1996-01-19,345.60829999999999
1996-01-22,345.58730000000003
1996-01-23,346.0444
1996-01-24,347.53769999999997
1996-01-25,348.51339999999999
1996-01-26,349.4495
1996-01-29,348.59199999999998
1996-01-30,349.36919999999998
1996-01-31,348.58999999999997
1996-02-01,347.8501
1996-02-02,347.22899999999998
1996-02-05,344.17360000000002
1996-02-06,344.9486
1996-02-07,345.96280000000002
1996-02-08,346.45800000000003
1996-02-09,346.95350000000002
1996-02-12,346.65050000000002
1996-02-13,346.50700000000001
1996-02-14,345.3648
1996-02-15,345.46069999999997
1996-02-16,344.23750000000001
1996-02-20,342.81490000000002
1996-02-21,342.51119999999997
1996-02-22,342.2072
1996-02-23,341.78339999999997
1996-02-26,341.75970000000001
1996-02-27,341.73630000000003
1996-02-28,343.99360000000001
1996-02-29,345.37139999999999
1996-03-01,346.38900000000001
1996-03-04,346.08629999999999
1996-03-05,345.90370000000001
1996-03-06,346.32170000000002
1996-03-07,346.13909999999998
1996-03-08,348.15940000000001
1996-03-11,347.09640000000002
1996-03-12,345.99299999999999
1996-03-13,345.77100000000002
1996-03-14,346.15039999999999
1996-03-15,345.9289
1996-03-18,346.1087
1996-03-19,345.96789999999999
1996-03-20,345.78649999999999
1996-03-21,347.12849999999997
1996-03-22,347.02679999999998
1996-03-25,347.00479999999999
1996-03-26,347.46539999999999
1996-03-27,348.48860000000002
1996-03-28,346.66160000000002
1996-03-29,347.524
1996-04-01,348.34679999999997
1996-04-02,348.286
1996-04-03,347.70269999999999
1996-04-04,347.5206
1996-04-08,347.94200000000001
1996-04-09,351.01600000000002
1996-04-10,351.19580000000002
1996-04-11,351.73759999999999
1996-04-12,352.11860000000001
1996-04-15,353.6653
1996-04-16,353.20010000000002
1996-04-17,352.85559999999998
1996-04-18,351.18299999999999
1996-04-19,352.20740000000001
1996-04-22,352.91000000000003
1996-04-23,353.21140000000003
1996-04-24,353.35219999999998
1996-04-25,355.46629999999999
1996-04-26,354.19709999999998
1996-04-29,353.93520000000001
1996-04-30,354.80180000000001
1996-05-01,356.11160000000001
1996-05-02,354.64030000000002
1996-05-03,354.29750000000001
1996-05-06,354.19650000000001
1996-05-07,354.25709999999998
1996-05-08,353.22829999999999
1996-05-09,353.3691
1996-05-10,354.88220000000001
1996-05-13,355.387
1996-05-14,356.01299999999998
1996-05-15,356.39670000000001
1996-05-16,356.41730000000001
1996-05-17,356.47829999999999
1996-05-20,356.9434
1996-05-21,358.45940000000002
1996-05-22,358.52120000000002
1996-05-23,358.30000000000001
1996-05-24,359.17020000000002
1996-05-28,359.91950000000003
1996-05-29,357.31240000000003
1996-05-30,357.00990000000002
1996-05-31,355.17000000000002
1996-06-03,355.96010000000001
1996-06-04,356.3861
1996-06-05,356.8528
1996-06-06,356.91469999999998
1996-06-07,358.07049999999998
1996-06-10,358.05279999999999
1996-06-11,358.15620000000001
1996-06-12,358.05700000000002
1996-06-13,357.06599999999997
1996-06-14,357.24950000000001
1996-06-17,356.09519999999998
1996-06-18,354.21109999999999
1996-06-19,355.48919999999998
1996-06-20,356.2004
1996-06-21,358.20979999999997
1996-06-24,357.42079999999999
1996-06-25,357.32100000000003
1996-06-26,356.85579999999999
1996-06-27,355.65929999999997
1996-06-28,356.57299999999998
1996-07-01,356.4726
1996-07-02,357.14510000000001
1996-07-03,356.35449999999997
1996-07-05,358.04259999999999
1996-07-08,357.98399999999998
1996-07-09,357.92599999999999
1996-07-10,357.9486
1996-07-11,357.40159999999997
1996-07-12,358.1558
1996-07-15,357.1617
1996-07-16,351.6114
1996-07-17,352.20190000000002
1996-07-18,352.95530000000002
1996-07-19,352.00009999999997
1996-07-22,351.37029999999999
1996-07-23,352.20600000000002
1996-07-24,352.71629999999999
1996-07-25,351.14960000000002
1996-07-26,352.22989999999999
1996-07-29,351.76339999999999
1996-07-30,351.37799999999999
1996-07-31,350.13630000000001
1996-08-01,351.01280000000003
1996-08-02,351.07369999999997
1996-08-05,351.7867
1996-08-06,352.66300000000001
1996-08-07,353.25400000000002
1996-08-08,353.1105
1996-08-09,352.59960000000001
1996-08-12,352.49669999999998
1996-08-13,352.10829999999999
1996-08-14,353.8424
1996-08-15,353.6585
1996-08-16,354.33199999999999
1996-08-19,354.0256
1996-08-20,354.24990000000003
1996-08-21,353.5342
1996-08-22,354.45269999999999
1996-08-23,352.42880000000002
1996-08-26,352.44889999999998
1996-08-27,352.55079999999998
1996-08-28,352.61180000000002
1996-08-29,352.71420000000001
1996-08-30,353.3492
1996-09-03,354.14839999999998
1996-09-04,353.72030000000001
1996-09-05,354.56110000000001
1996-09-06,355.60680000000002
1996-09-09,356.2835
1996-09-10,358.6807
1996-09-11,358.86720000000003
1996-09-12,359.42200000000003
1996-09-13,359.4434
1996-09-16,358.68579999999997
1996-09-17,359.11829999999998
1996-09-18,358.1567
1996-09-19,359.0394
1996-09-20,359.1848
1996-09-23,358.67399999999998
1996-09-24,358.20240000000001
1996-09-25,359.32940000000002
1996-09-26,360.45589999999999
1996-09-27,360.59820000000002
1996-09-30,361.06889999999999
1996-10-01,361.13010000000003
1996-10-02,362.13479999999998
1996-10-03,361.74349999999998
1996-10-04,362.05000000000001
1996-10-07,361.49450000000002
1996-10-08,361.22730000000001
1996-10-09,361.61759999999998
1996-10-10,361.26839999999999
1996-10-11,361.65890000000002
1996-10-14,361.39170000000001
1996-10-15,363.26339999999999
1996-10-16,363.49009999999998
1996-10-17,364.0455
1996-10-18,363.77809999999999
1996-10-21,362.76999999999998
1996-10-22,360.85640000000001
1996-10-23,361.00029999999998
1996-10-24,361.06189999999998
1996-10-25,360.9588
1996-10-28,360.97989999999999
1996-10-29,359.88810000000001
1996-10-30,359.00189999999998
1996-10-31,360.38240000000002
1996-11-01,359.41379999999998
1996-11-04,359.02190000000002
1996-11-05,360.19690000000003
1996-11-06,360.13510000000002
1996-11-07,358.71190000000001
1996-11-08,357.45350000000002
1996-11-11,356.11219999999997
1996-11-12,358.31950000000001
1996-11-13,357.63810000000001
1996-11-14,357.90600000000001
1996-11-15,358.04989999999998
1996-11-18,357.12029999999999
1996-11-19,357.51209999999998
1996-11-20,356.08629999999999
1996-11-21,355.98230000000001
1996-11-22,357.77929999999998
1996-11-25,360.73410000000001
1996-11-26,361.16820000000001
1996-11-27,361.89170000000001
1996-11-29,363.64890000000003
1996-12-02,366.52280000000002
1996-12-03,366.95650000000001
1996-12-04,367.51420000000002
1996-12-05,366.4169
1996-12-06,366.27100000000002
1996-12-09,367.57339999999999
1996-12-10,367.1782
1996-12-11,364.9194
1996-12-12,365.55919999999998
1996-12-13,367.56560000000002
1996-12-16,366.59050000000002
1996-12-17,366.69260000000003
1996-12-18,367.25099999999998
1996-12-19,368.26530000000002
1996-12-20,367.66320000000002
1996-12-23,367.84989999999999
1996-12-24,368.36829999999998
1996-12-26,368.30630000000002
1996-12-27,368.28579999999999
1996-12-30,368.76420000000002
1996-12-31,366.00619999999998
1997-01-02,366.81650000000002
1997-01-03,370.78199999999998
1997-01-06,370.05709999999999
1997-01-07,369.74669999999998
1997-01-08,371.6377
1997-01-09,371.8673
1997-01-10,373.09469999999999
1997-01-13,373.86540000000002
1997-01-14,375.46780000000001
1997-01-15,373.82780000000002
1997-01-16,374.68200000000002
1997-01-17,377.90649999999999
1997-01-20,380.84100000000001
1997-01-21,381.1977
1997-01-22,384.7998
1997-01-23,385.24059999999997
1997-01-24,383.47550000000001
1997-01-27,386.24770000000001
1997-01-28,387.93799999999999
1997-01-29,387.42180000000002
1997-01-30,386.69720000000001
1997-01-31,387.63830000000002
1997-02-03,387.91239999999999
1997-02-04,388.60320000000002
1997-02-05,389.00290000000001
1997-02-06,389.69470000000001
1997-02-07,390.63690000000003
1997-02-10,390.03649999999999
1997-02-11,393.14780000000002
1997-02-12,395.13400000000001
1997-02-13,395.57690000000002
1997-02-14,396.10289999999998
1997-02-18,396.92140000000001
1997-02-19,398.82549999999998
1997-02-20,396.30470000000003
1997-02-21,396.91449999999998
1997-02-24,393.84980000000002
1997-02-25,393.79169999999999
1997-02-26,396.70100000000002
1997-02-27,396.47750000000002
1997-02-28,396.63010000000003
1997-03-03,398.78930000000003
1997-03-04,401.74369999999999
1997-03-05,401.14440000000002
1997-03-06,401.13060000000002
1997-03-07,402.12060000000002
1997-03-10,399.93099999999998
1997-03-11,400.37650000000002
1997-03-12,399.3997
1997-03-13,401.9812
1997-03-14,400.20929999999998
1997-03-17,400.69839999999999
1997-03-18,397.83699999999999
1997-03-19,398.82870000000003
1997-03-20,400.99459999999999
1997-03-21,399.30739999999997
1997-03-24,399.25369999999998
1997-03-25,400.29050000000001
1997-03-26,399.73329999999999
1997-03-27,397.12150000000003
1997-03-31,397.3184
1997-04-01,394.74639999999999
1997-04-02,397.58530000000002
1997-04-03,395.76690000000002
1997-04-04,399.27820000000003
1997-04-07,403.67230000000001
1997-04-08,404.58260000000001
1997-04-09,407.04669999999999
1997-04-10,405.52269999999999
1997-04-11,405.72059999999999
1997-04-14,407.34710000000001
1997-04-15,406.49489999999997
1997-04-16,407.113
1997-04-17,406.55439999999999
1997-04-18,404.9024
1997-04-21,402.9135
1997-04-22,406.01389999999998
1997-04-23,405.75029999999998
1997-04-24,406.07490000000001
1997-04-25,408.41930000000002
1997-04-28,409.6284
1997-04-29,408.01780000000002
1997-04-30,409.22640000000001
1997-05-01,407.7398
1997-05-02,408.77969999999999
1997-05-05,409.35579999999999
1997-05-06,406.68819999999999
1997-05-07,406.75880000000001
1997-05-08,404.42700000000002
1997-05-09,400.11279999999999
1997-05-12,402.54270000000002
1997-05-13,400.16719999999998
1997-05-14,398.6336
1997-05-15,398.19529999999997
1997-05-16,397.75790000000001
1997-05-19,399.60059999999999
1997-05-20,393.67959999999999
1997-05-21,396.9126
1997-05-22,398.45870000000002
1997-05-23,398.0206
1997-05-27,401.17189999999999
1997-05-28,399.50909999999999
1997-05-29,399.95580000000001
1997-05-30,400.86630000000002
1997-06-02,404.65050000000002
1997-06-03,403.8306
1997-06-04,404.7867
1997-06-05,404.221
1997-06-06,404.0351
1997-06-09,400.6343
1997-06-10,401.88589999999999
1997-06-11,400.76740000000001
1997-06-12,404.13409999999999
1997-06-13,405.51299999999998
1997-06-16,404.05579999999998
1997-06-17,404.03870000000001
1997-06-18,404.52960000000002
1997-06-19,402.73419999999999
1997-06-20,403.77629999999999
1997-06-23,402.1087
1997-06-24,403.40519999999998
1997-06-25,402.79500000000002
1997-06-26,402.52510000000001
1997-06-27,405.18029999999999
1997-06-30,405.7593
1997-07-01,406.5926
1997-07-02,406.7054
1997-07-03,405.54450000000003
1997-07-07,405.27359999999999
1997-07-08,406.82810000000001
1997-07-09,406.93959999999998
1997-07-10,405.86290000000002
1997-07-11,409.07440000000003
1997-07-14,412.6696
1997-07-15,413.20859999999999
1997-07-16,413.15210000000002
1997-07-17,414.24310000000003
1997-07-18,413.80540000000002
1997-07-21,414.3032
1997-07-22,417.52069999999998
1997-07-23,418.48590000000002
1997-07-24,420.55759999999998
1997-07-25,421.73700000000002
1997-07-28,424.06549999999999
1997-07-29,423.96929999999998
1997-07-30,423.78800000000001
1997-07-31,424.20269999999999
1997-08-01,427.59809999999999
1997-08-04,428.48250000000002
1997-08-05,430.94310000000002
1997-08-06,431.9563
1997-08-07,430.4991
1997-08-08,425.33390000000003
1997-08-11,428.00909999999999
1997-08-12,429.577
1997-08-13,425.00630000000001
1997-08-14,426.70249999999999
1997-08-15,423.74979999999999
1997-08-18,424.0376
1997-08-19,426.245
1997-08-20,428.79430000000002
1997-08-21,426.09559999999999
1997-08-22,422.92599999999999
1997-08-25,423.85469999999998
1997-08-26,420.08629999999999
1997-08-27,421.18529999999998
1997-08-28,420.2337
1997-08-29,423.04140000000001
1997-09-02,427.68700000000001
1997-09-03,425.75139999999999
1997-09-04,425.26850000000002
1997-09-05,422.39159999999998
1997-09-08,423.70409999999998
1997-09-09,423.69119999999998
1997-09-10,422.30880000000002
1997-09-11,419.3005
1997-09-12,418.25900000000001
1997-09-15,416.40449999999998
1997-09-16,418.18709999999999
1997-09-17,418.34350000000001
1997-09-18,419.65620000000001
1997-09-19,419.21269999999998
1997-09-22,421.6814
1997-09-23,421.58019999999999
1997-09-24,417.79259999999999
1997-09-25,415.93209999999999
1997-09-26,416.90089999999998
1997-09-29,417.01280000000003
1997-09-30,416.43959999999998
1997-10-01,418.61149999999998
1997-10-02,418.85340000000002
1997-10-03,416.82130000000001
1997-10-06,416.76150000000001
1997-10-07,416.87439999999998
1997-10-08,415.0564
1997-10-09,414.78379999999999
1997-10-10,415.0693
1997-10-13,415.61250000000001
1997-10-14,416.4556
1997-10-15,416.01010000000002
1997-10-16,414.61930000000001
1997-10-17,419.11470000000003
1997-10-20,419.05579999999998
1997-10-21,421.74829999999997
1997-10-22,421.30470000000003
1997-10-23,419.05450000000002
1997-10-24,420.3734
1997-10-27,417.34739999999999
1997-10-28,413.29039999999998
1997-10-29,412.15699999999998
1997-10-30,410.89370000000002
1997-10-31,411.73970000000003
1997-11-03,413.66300000000001
1997-11-04,411.45330000000001
1997-11-05,411.39640000000003
1997-11-06,412.1585
1997-11-07,410.07760000000002
1997-11-10,410.28019999999998
1997-11-11,410.74149999999997
1997-11-12,412.84010000000001
1997-11-13,413.94740000000002
1997-11-14,414.45139999999998
1997-11-17,414.91320000000002
1997-11-18,414.98680000000002
1997-11-19,415.9228
1997-11-20,417.42000000000002
1997-11-21,416.84570000000002
1997-11-24,417.39429999999999
1997-11-25,419.8426
1997-11-26,421.68669999999997
1997-11-28,422.40780000000001
1997-12-01,425.11649999999997
1997-12-02,424.84539999999998
1997-12-03,423.96929999999998
1997-12-04,425.12430000000001
1997-12-05,427.4905
1997-12-08,429.1232
1997-12-09,428.85270000000003
1997-12-10,428.14859999999999
1997-12-11,424.76220000000001
1997-12-12,427.21499999999997
1997-12-15,427.4194
1997-12-16,428.79219999999998
1997-12-17,425.49099999999999
1997-12-18,426.38780000000003
1997-12-19,426.33390000000003
1997-12-22,428.10079999999999
1997-12-23,427.05279999999999
1997-12-24,426.8698
1997-12-26,427.07619999999997
1997-12-29,429.5806
1997-12-30,430.4393
1997-12-31,432.12060000000002
1998-01-02,434.14879999999999
1998-01-05,438.38810000000001
1998-01-06,439.93920000000003
1998-01-07,436.71850000000001
1998-01-08,438.44200000000001
1998-01-09,438.12479999999999
1998-01-12,438.19799999999998
1998-01-13,437.31810000000002
1998-01-14,437.52370000000002
1998-01-15,438.64069999999998
1998-01-16,438.45530000000002
1998-01-20,439.74689999999998
1998-01-21,435.65039999999999
1998-01-22,433.63869999999997
1998-01-23,427.97550000000001
1998-01-26,431.17899999999997
1998-01-27,430.86290000000002
1998-01-28,434.19979999999998
1998-01-29,437.58080000000001
1998-01-30,438.57010000000002
1998-02-02,436.38400000000001
1998-02-03,434.67619999999999
1998-02-04,431.61599999999999
1998-02-05,429.12119999999999
1998-02-06,433.37520000000001
1998-02-09,435.27850000000001
1998-02-10,433.78590000000003
1998-02-11,435.0376
1998-02-12,434.15460000000002
1998-02-13,436.4092
1998-02-17,438.18439999999998
1998-02-18,436.77789999999999
1998-02-19,436.11239999999998
1998-02-20,437.58370000000002
1998-02-23,433.29860000000002
1998-02-24,433.50569999999999
1998-02-25,437.77140000000003
1998-02-26,436.23489999999998
1998-02-27,435.78859999999997
1998-03-02,434.81830000000002
1998-03-03,434.76310000000001
1998-03-04,436.67239999999998
1998-03-05,440.50409999999999
1998-03-06,440.09899999999999
1998-03-09,438.90750000000003
1998-03-10,438.85059999999999
1998-03-11,439.71159999999998
1998-03-12,438.95510000000002
1998-03-13,436.75560000000002
1998-03-16,437.57299999999998
1998-03-17,437.69159999999999
1998-03-18,439.21050000000002
1998-03-19,440.99259999999998
1998-03-20,440.1934
1998-03-23,439.30599999999998
1998-03-24,439.6003
1998-03-25,438.80029999999999
1998-03-26,436.99349999999998
1998-03-27,439.43470000000002
1998-03-30,444.02339999999998
1998-03-31,444.80059999999997
1998-04-01,445.79660000000001
1998-04-02,446.44189999999998
1998-04-03,446.34190000000001
1998-04-06,445.10219999999998
1998-04-07,443.94920000000002
1998-04-08,439.1114
1998-04-09,440.28199999999998
1998-04-13,440.75279999999998
1998-04-14,436.7473
1998-04-15,437.1721
1998-04-16,438.21089999999998
1998-04-17,438.7672
1998-04-20,438.05009999999999
1998-04-21,435.83999999999997
1998-04-22,436.1773
1998-04-23,437.48110000000003
1998-04-24,436.76400000000001
1998-04-27,436.6617
1998-04-28,437.96570000000003
1998-04-29,438.52300000000002
1998-04-30,438.5077
1998-05-01,436.42559999999997
1998-05-04,436.5865
1998-05-05,434.02109999999999
1998-05-06,434.79880000000003
1998-05-07,435.26870000000002
1998-05-08,436.04719999999998
1998-05-11,437.26620000000003
1998-05-12,437.69290000000001
1998-05-13,438.64819999999997
1998-05-14,438.76780000000002
1998-05-15,440.25310000000002
1998-05-18,441.43060000000003
1998-05-19,441.24310000000003
1998-05-20,438.6309
1998-05-21,436.01839999999999
1998-05-22,436.93200000000002
1998-05-26,439.87290000000002
1998-05-27,441.7998
1998-05-28,442.31509999999997
1998-05-29,443.27100000000002
1998-06-01,442.19670000000002
1998-06-02,442.05059999999997
1998-06-03,440.62509999999997
1998-06-04,439.59620000000001
1998-06-05,442.27620000000002
1998-06-08,443.5
1998-06-09,443.53199999999998
1998-06-10,447.18650000000002
1998-06-11,450.53230000000002
1998-06-12,450.38799999999998
1998-06-15,452.01159999999999
1998-06-16,448.0224
1998-06-17,442.44049999999999
1998-06-18,444.68389999999999
1998-06-19,442.94670000000002
1998-06-22,444.74759999999998
1998-06-23,446.41590000000002
1998-06-24,447.59690000000001
1998-06-25,447.67129999999997
1998-06-26,449.8261
1998-06-29,450.1223
1998-06-30,448.11720000000003
1998-07-01,449.47739999999999
1998-07-02,451.85669999999999
1998-07-06,450.9135
1998-07-07,450.63499999999999
1998-07-08,451.37599999999998
1998-07-09,454.28910000000002
1998-07-10,452.72489999999999
1998-07-13,450.22930000000002
1998-07-14,450.17349999999999
1998-07-15,449.76249999999999
1998-07-16,447.39949999999999
1998-07-17,446.411
1998-07-20,445.99900000000002
1998-07-21,448.16070000000002
1998-07-22,448.94650000000001
1998-07-23,448.44510000000002
1998-07-24,447.32159999999999
1998-07-27,448.81869999999998
1998-07-28,445.96190000000001
1998-07-29,446.92570000000001
1998-07-30,449.44529999999997
1998-07-31,449.92149999999998
1998-08-03,451.99849999999998
1998-08-04,449.7629
1998-08-05,448.54899999999998
1998-08-06,449.78030000000001
1998-08-07,451.58960000000002
1998-08-10,451.17469999999997
1998-08-11,452.58499999999998
1998-08-12,453.14980000000003
1998-08-13,452.60230000000001
1998-08-14,456.15069999999997
1998-08-17,455.06939999999997
1998-08-18,456.1703
1998-08-19,454.99970000000002
1998-08-20,454.541
1998-08-21,455.41849999999999
1998-08-24,454.82659999999998
1998-08-25,455.79509999999999
1998-08-26,457.38749999999999
1998-08-27,454.60899999999998
1998-08-28,446.65460000000002
1998-08-31,447.03899999999999
1998-09-01,442.60550000000001
1998-09-02,443.61419999999998
1998-09-03,439.13260000000002
1998-09-04,438.39960000000002
1998-09-08,437.80020000000002
1998-09-09,438.71910000000003
1998-09-10,431.64280000000002
1998-09-11,431.08679999999998
1998-09-14,432.49579999999997
1998-09-15,431.26819999999998
1998-09-16,432.45240000000001
1998-09-17,431.22289999999998
1998-09-18,432.048
1998-09-21,432.69540000000001
1998-09-22,432.1379
1998-09-23,431.35419999999999
1998-09-24,430.34480000000002
1998-09-25,431.21339999999998
1998-09-28,430.11270000000002
1998-09-29,428.834
1998-09-30,430.46089999999998
1998-10-01,426.89389999999997
1998-10-02,426.9966
1998-10-05,425.30739999999997
1998-10-06,423.3494
1998-10-07,413.73219999999998
1998-10-08,417.0976
1998-10-09,417.10399999999998
1998-10-12,420.24650000000003
1998-10-13,417.38569999999999
1998-10-14,418.60430000000002
1998-10-15,416.82240000000002
1998-10-16,413.41820000000001
1998-10-19,415.0367
1998-10-20,417.10629999999998
1998-10-21,419.26690000000002
1998-10-22,418.0641
1998-10-23,417.93729999999999
1998-10-26,423.46460000000002
1998-10-27,421.23140000000001
1998-10-28,421.46899999999999
1998-10-29,420.98939999999999
1998-10-30,420.73419999999999
1998-11-02,420.03140000000002
1998-11-03,421.66419999999999
1998-11-04,422.71480000000003
1998-11-05,422.28399999999999
1998-11-06,425.94119999999998
1998-11-09,429.55450000000002
1998-11-10,430.0224
1998-11-11,428.51339999999999
1998-11-12,430.05880000000002
1998-11-13,430.39100000000002
1998-11-16,426.27359999999999
1998-11-17,427.05410000000001
1998-11-18,428.50959999999998
1998-11-19,429.74090000000001
1998-11-20,431.01760000000002
1998-11-23,433.3766
1998-11-24,433.8021
1998-11-25,433.68680000000001
1998-11-27,435.86649999999997
1998-11-30,433.09500000000003
1998-12-01,430.41199999999998
1998-12-02,427.00760000000002
1998-12-03,426.57389999999998
1998-12-04,427.5369
1998-12-07,429.08620000000002
1998-12-08,427.16550000000001
1998-12-09,426.55090000000001
1998-12-10,423.23309999999998
1998-12-11,421.40199999999999
1998-12-14,421.0582
1998-12-15,423.01330000000002
1998-12-16,426.00560000000002
1998-12-17,425.39080000000001
1998-12-18,424.23500000000001
1998-12-21,426.10219999999998
1998-12-22,426.43529999999998
1998-12-23,426.58929999999998
1998-12-24,428.32279999999997
1998-12-28,427.34840000000003
1998-12-29,426.23869999999999
1998-12-30,427.6114
1998-12-31,425.3254
1999-01-04,422.09039999999999
1999-01-05,422.28739999999999
1999-01-06,427.1377
1999-01-07,423.53919999999999
1999-01-08,426.44799999999998
1999-01-11,427.91160000000002
1999-01-12,428.5616
1999-01-13,426.18200000000002
1999-01-14,425.24860000000001
1999-01-15,428.43040000000002
1999-01-19,427.58679999999998
1999-01-20,428.55200000000002
1999-01-21,427.6164
1999-01-22,428.40089999999998
1999-01-25,428.779
1999-01-26,428.79590000000002
1999-01-27,433.20409999999998
1999-01-28,433.7654
1999-01-29,435.14170000000001
1999-02-01,435.88529999999997
1999-02-02,433.59429999999998
1999-02-03,435.1071
1999-02-04,433.58479999999997
1999-02-05,436.09539999999998
1999-02-08,435.20760000000001
1999-02-09,436.49579999999997
1999-02-10,435.10860000000002
1999-02-11,438.43700000000001
1999-02-12,436.82389999999998
1999-02-16,440.97030000000001
1999-02-17,440.35480000000001
1999-02-18,441.5994
1999-02-19,445.97579999999999
1999-02-22,447.17759999999998
1999-02-23,448.74360000000001
1999-02-24,449.99250000000001
1999-02-25,447.6087
1999-02-26,448.17660000000001
1999-03-01,452.2423
1999-03-02,451.44799999999998
1999-03-03,453.28769999999997
1999-03-04,455.99130000000002
1999-03-05,455.60559999999998
1999-03-08,453.17469999999997
1999-03-09,452.6515
1999-03-10,450.21859999999998
1999-03-11,447.78539999999998
1999-03-12,450.99040000000002
1999-03-15,449.87509999999997
1999-03-16,448.62240000000003
1999-03-17,448.23340000000002
1999-03-18,448.61759999999998
1999-03-19,450.86790000000002
1999-03-22,450.3424
1999-03-23,450.40809999999999
1999-03-24,451.1114
1999-03-25,453.09010000000001
1999-03-26,456.39019999999999
1999-03-29,457.23140000000001
1999-03-30,458.11779999999999
1999-03-31,456.17970000000003
1999-04-01,456.19959999999998
1999-04-05,459.22730000000001
1999-04-06,455.5093
1999-04-07,457.5804
1999-04-08,458.05579999999998
1999-04-09,456.4794
1999-04-12,455.26609999999999
1999-04-13,456.5154
1999-04-14,455.48340000000002
1999-04-15,457.91950000000003
1999-04-16,456.79689999999999
1999-04-19,459.09719999999999
1999-04-20,460.2577
1999-04-21,461.0985
1999-04-22,460.84429999999998
1999-04-23,460.72770000000003
1999-04-26,461.47949999999997
1999-04-27,459.76530000000002
1999-04-28,460.56369999999998
1999-04-29,461.31650000000002
1999-04-30,461.65899999999999
1999-05-03,462.23090000000002
1999-05-04,460.33479999999997
1999-05-05,456.88319999999999
1999-05-06,454.84840000000003
1999-05-07,457.38659999999999
1999-05-10,456.26569999999998
1999-05-11,458.66759999999999
1999-05-12,460.84100000000001
1999-05-13,460.90980000000002
1999-05-14,462.03219999999999
1999-05-17,461.78230000000002
1999-05-18,461.2115
1999-05-19,462.9753
1999-05-20,464.18970000000002
1999-05-21,465.63350000000003
1999-05-24,464.6044
1999-05-25,464.58300000000003
1999-05-26,468.59469999999999
1999-05-27,467.93239999999997
1999-05-28,469.97460000000001
1999-06-01,468.02929999999998
1999-06-02,471.40339999999998
1999-06-03,472.34629999999999
1999-06-04,470.90269999999998
1999-06-07,473.08210000000003
1999-06-08,466.95929999999998
1999-06-09,467.02910000000003
1999-06-10,466.27420000000001
1999-06-11,463.68400000000003
1999-06-14,468.85120000000001
1999-06-15,469.38310000000001
1999-06-16,472.39370000000002
1999-06-17,470.94940000000003
1999-06-18,470.33229999999998
1999-06-21,472.83960000000002
1999-06-22,473.3723
1999-06-23,473.62939999999998
1999-06-24,471.26650000000001
1999-06-25,470.28320000000002
1999-06-28,472.97829999999999
1999-06-29,473.97309999999999
1999-06-30,473.1275
1999-07-01,476.92590000000001
1999-07-02,476.2167
1999-07-06,477.94560000000001
1999-07-07,478.38659999999999
1999-07-08,479.33429999999998
1999-07-09,480.8809
1999-07-12,481.23099999999999
1999-07-13,480.47620000000001
1999-07-14,478.75409999999999
1999-07-15,479.14999999999998
1999-07-16,479.59179999999998
1999-07-19,474.3193
1999-07-20,472.04070000000002
1999-07-21,468.51580000000001
1999-07-22,467.94069999999999
1999-07-23,468.28829999999999
1999-07-26,463.84120000000001
1999-07-27,464.9271
1999-07-28,463.24579999999997
1999-07-29,460.41079999999999
1999-07-30,460.34399999999999
1999-08-02,460.83150000000001
1999-08-03,461.22770000000003
1999-08-04,458.34550000000002
1999-08-05,459.10919999999999
1999-08-06,459.96640000000002
1999-08-09,461.8417
1999-08-10,461.1318
1999-08-11,462.91570000000002
1999-08-12,462.57260000000002
1999-08-13,464.95490000000001
1999-08-16,465.21210000000002
1999-08-17,466.25659999999999
1999-08-18,465.08089999999999
1999-08-19,461.59249999999997
1999-08-20,460.7407
1999-08-23,466.08879999999999
1999-08-24,465.00889999999998
1999-08-25,468.87889999999999
1999-08-26,468.49220000000003
1999-08-27,467.9674
1999-08-30,467.3963
1999-08-31,462.88889999999998
1999-09-01,462.22379999999998
1999-09-02,459.79739999999998
1999-09-03,462.3272
1999-09-07,463.41969999999998
1999-09-08,462.93700000000001
1999-09-09,461.85140000000001
1999-09-10,468.36680000000001
1999-09-13,465.47269999999997
1999-09-14,467.1694
1999-09-15,464.78399999999999
1999-09-16,465.41210000000001
1999-09-17,465.66849999999999
1999-09-20,466.4359
1999-09-21,462.28609999999998
1999-09-22,463.05549999999999
1999-09-23,462.9896
1999-09-24,462.69069999999999
1999-09-27,462.99599999999998
1999-09-28,460.7011
1999-09-29,459.00889999999998
1999-09-30,457.87450000000001
1999-10-01,455.29939999999999
1999-10-04,455.6968
1999-10-05,455.49059999999997
1999-10-06,457.88690000000003
1999-10-07,457.49470000000002
1999-10-08,460.54309999999998
1999-10-11,459.45310000000001
1999-10-12,455.71210000000002
1999-10-13,455.50779999999997
1999-10-14,455.72300000000001
1999-10-15,451.70339999999999
1999-10-18,453.54820000000001
1999-10-19,453.43939999999998
1999-10-20,457.00909999999999
1999-10-21,454.05970000000002
1999-10-22,458.7937
1999-10-25,458.21780000000001
1999-10-26,460.53250000000003
1999-10-27,462.84789999999998
1999-10-28,463.25240000000002
1999-10-29,461.88569999999999
1999-11-01,463.12979999999999
1999-11-02,462.60239999999999
1999-11-03,464.40660000000003
1999-11-04,468.59019999999998
1999-11-05,467.9701
1999-11-08,468.37729999999999
1999-11-09,468.08460000000002
1999-11-10,465.9246
1999-11-11,467.63920000000002
1999-11-12,470.56909999999999
1999-11-15,470.37139999999999
1999-11-16,470.92140000000001
1999-11-17,468.24680000000001
1999-11-18,472.06670000000003
1999-11-19,471.63459999999998
1999-11-22,470.64139999999998
1999-11-23,471.51900000000001
1999-11-24,475.76400000000001
1999-11-26,474.16410000000002
1999-11-29,476.5872
1999-11-30,477.27960000000002
1999-12-01,477.8313
1999-12-02,479.9273
1999-12-03,479.96429999999998
1999-12-06,473.58659999999998
1999-12-07,472.21699999999998
1999-12-08,471.78370000000001
1999-12-09,473.31830000000002
1999-12-10,476.40030000000002
1999-12-13,476.5326
1999-12-14,479.80549999999999
1999-12-15,480.12540000000001
1999-12-16,476.46069999999997
1999-12-17,479.2672
1999-12-20,477.80860000000001
1999-12-21,478.27339999999998
1999-12-22,478.08089999999999
1999-12-23,476.15030000000002
1999-12-27,476.47190000000001
1999-12-28,478.67059999999998
1999-12-29,478.94159999999999
1999-12-30,478.27330000000001
1999-12-31,478.59300000000002
2000-01-03,470.92790000000002
2000-01-04,471.90609999999998
2000-01-05,471.85090000000002
2000-01-06,473.20530000000002
2000-01-07,473.99540000000002
2000-01-10,474.9742
2000-01-11,473.03800000000001
2000-01-12,473.40640000000002
2000-01-13,475.27969999999999
2000-01-14,478.75369999999998
2000-01-18,479.49880000000002
2000-01-19,479.11660000000001
2000-01-20,477.3211
2000-01-21,479.2921
2000-01-24,481.45240000000001
2000-01-25,482.53140000000002
2000-01-26,482.76299999999998
2000-01-27,486.29360000000003
2000-01-28,492.56060000000002
2000-01-31,495.71929999999998
2000-02-01,494.82429999999999
2000-02-02,494.30529999999999
2000-02-03,489.7287
2000-02-04,492.13380000000001
2000-02-07,493.87860000000001
2000-02-08,491.99079999999998
2000-02-09,489.5351
2000-02-10,491.75310000000002
2000-02-11,492.12990000000002
2000-02-14,494.72640000000001
2000-02-15,494.68049999999999
2000-02-16,492.83859999999999
2000-02-17,492.88659999999999
2000-02-18,494.68369999999999
2000-02-22,488.3972
2000-02-23,489.67520000000002
2000-02-24,492.04129999999998
2000-02-25,498.05070000000001
2000-02-28,498.19549999999998
2000-02-29,501.3689
2000-03-01,496.59089999999998
2000-03-02,500.28559999999999
2000-03-03,502.04079999999999
2000-03-06,502.89749999999998
2000-03-07,502.66500000000002
2000-03-08,502.0061
2000-03-09,499.45100000000002
2000-03-10,501.1617
2000-03-13,500.26580000000001
2000-03-14,499.41680000000002
2000-03-15,499.89519999999999
2000-03-16,499.04559999999998
2000-03-17,499.23989999999998
2000-03-20,499.10250000000002
2000-03-21,502.33499999999998
2000-03-22,503.5274
2000-03-23,499.7817
2000-03-24,497.69690000000003
2000-03-27,501.02569999999997
2000-03-28,501.50560000000002
2000-03-29,505.0274
2000-03-30,501.4203
2000-03-31,501.3775
2000-04-03,501.95229999999998
2000-04-04,500.29160000000002
2000-04-05,500.96170000000001
2000-04-06,502.1558
2000-04-07,504.39749999999998
2000-04-10,503.11720000000003
2000-04-11,504.45429999999999
2000-04-12,504.649
2000-04-13,505.60539999999997
2000-04-14,503.84690000000001
2000-04-17,505.75639999999999
2000-04-18,508.23849999999999
2000-04-19,510.72149999999999
2000-04-20,512.34690000000001
2000-04-24,511.63619999999997
2000-04-25,518.46079999999995
2000-04-26,517.89359999999999
2000-04-27,522.8605
2000-04-28,525.68340000000001
2000-05-01,523.35289999999998
2000-05-02,526.46529999999996
2000-05-03,531.34540000000004
2000-05-04,534.03030000000001
2000-05-05,531.79759999999999
2000-05-08,532.57560000000001
2000-05-09,529.34169999999995
2000-05-10,529.69119999999998
2000-05-11,533.24379999999996
2000-05-12,525.60889999999995
2000-05-15,528.87469999999996
2000-05-16,532.57410000000004
2000-05-17,536.46339999999998
2000-05-18,537.09730000000002
2000-05-19,533.66210000000001
2000-05-22,531.80529999999999
2000-05-23,532.29679999999996
2000-05-24,532.78660000000002
2000-05-25,530.64049999999997
2000-05-26,522.9348
2000-05-30,522.12599999999998
2000-05-31,521.3143
2000-06-01,522.90120000000002
2000-06-02,518.54560000000004
2000-06-05,515.48350000000005
2000-06-06,511.41480000000001
2000-06-07,509.55020000000002
2000-06-08,512.19550000000004
2000-06-09,513.64210000000003
2000-06-12,513.64779999999996
2000-06-13,511.01310000000001
2000-06-14,511.40190000000001
2000-06-15,513.52030000000002
2000-06-16,509.2011
2000-06-19,511.07900000000001
2000-06-20,511.1789
2000-06-21,516.56759999999997
2000-06-22,518.01580000000001
2000-06-23,519.56119999999999
2000-06-26,520.14449999999999
2000-06-27,516.6386
2000-06-28,517.89499999999998
2000-06-29,514.33939999999996
2000-06-30,514.44169999999997
2000-07-03,515.60410000000002
2000-07-05,515.99779999999998
2000-07-06,517.3075
2000-07-07,518.76260000000002
2000-07-10,515.78560000000004
2000-07-11,516.51919999999996
2000-07-12,521.35220000000004
2000-07-13,523.48710000000005
2000-07-14,523.16290000000004
2000-07-17,524.47850000000005
2000-07-18,527.86940000000004
2000-07-19,528.99390000000005
2000-07-20,524.37459999999999
2000-07-21,523.56659999999999
2000-07-24,524.98009999999999
2000-07-25,523.59360000000004
2000-07-26,522.39930000000004
2000-07-27,526.27909999999997
2000-07-28,530.49829999999997
2000-07-31,529.78869999999995
2000-08-01,532.22249999999997
2000-08-02,535.33439999999996
2000-08-03,536.94759999999997
2000-08-04,536.43259999999998
2000-08-07,536.30470000000003
2000-08-08,538.93619999999999
2000-08-09,539.63199999999995
2000-08-10,537.13210000000004
2000-08-11,538.74890000000005
2000-08-14,538.23429999999996
2000-08-15,535.58770000000004
2000-08-16,534.49069999999995
2000-08-17,533.87789999999995
2000-08-18,538.35580000000004
2000-08-21,540.65319999999997
2000-08-22,542.36980000000005
2000-08-23,540.69110000000001
2000-08-24,539.88520000000005
2000-08-25,540.58399999999995
2000-08-28,541.23469999999998
2000-08-29,544.94470000000001
2000-08-30,544.77089999999998
2000-08-31,547.12289999999996
2000-09-01,541.50630000000001
2000-09-05,546.43320000000006
2000-09-06,554.86120000000005
2000-09-07,552.69309999999996
2000-09-08,556.16430000000003
2000-09-11,561.29020000000003
2000-09-12,560.43340000000001
2000-09-13,561.3768
2000-09-14,560.61810000000003
2000-09-15,564.53250000000003
2000-09-18,564.94269999999995
2000-09-19,565.59699999999998
2000-09-20,567.17690000000005
2000-09-21,561.7414
2000-09-22,553.52599999999995
2000-09-25,556.07939999999996
2000-09-26,551.80849999999998
2000-09-27,551.68119999999999
2000-09-28,552.77419999999995
2000-09-29,552.59889999999996
2000-10-02,555.35069999999996
2000-10-03,557.56740000000002
2000-10-04,557.44190000000003
2000-10-05,560.34379999999999
2000-10-06,561.00019999999995
2000-10-09,560.92409999999995
2000-10-10,558.84460000000001
2000-10-11,559.59849999999994
2000-10-12,561.67160000000001
2000-10-13,566.53219999999999
2000-10-16,569.24429999999995
2000-10-17,566.92139999999995
2000-10-18,574.08759999999995
2000-10-19,572.30330000000004
2000-10-20,573.50329999999997
2000-10-23,575.48770000000002
2000-10-24,575.02509999999995
2000-10-25,580.39049999999997
2000-10-26,580.56569999999999
2000-10-27,575.25350000000003
2000-10-30,574.69280000000003
2000-10-31,571.87710000000004
2000-11-01,566.65779999999995
2000-11-02,567.02639999999997
2000-11-03,564.01120000000003
2000-11-06,567.66729999999995
2000-11-07,566.95770000000005
2000-11-08,570.56650000000002
2000-11-09,566.32230000000004
2000-11-10,568.65520000000004
2000-11-13,568.33709999999996
2000-11-14,571.01499999999999
2000-11-15,571.77809999999999
2000-11-16,574.75250000000005
2000-11-17,576.74509999999998
2000-11-20,577.06719999999996
2000-11-21,580.14319999999998
2000-11-22,579.77750000000003
2000-11-24,583.00289999999995
2000-11-27,576.33820000000003
2000-11-28,573.90239999999994
2000-11-29,574.1721
2000-11-30,567.54790000000003
2000-12-01,565.1567
2000-12-04,560.25099999999998
2000-12-05,564.1114
2000-12-06,558.51170000000002
2000-12-07,559.76160000000004
2000-12-08,562.39179999999999
2000-12-11,563.69159999999999
2000-12-12,563.65970000000004
2000-12-13,565.99570000000006
2000-12-14,559.54989999999998
2000-12-15,557.2953
2000-12-18,558.24680000000001
2000-12-19,559.05010000000004
2000-12-20,553.03679999999997
2000-12-21,550.86450000000002
2000-12-22,547.55269999999996
2000-12-26,545.1395
2000-12-27,545.29470000000003
2000-12-28,545.69970000000001
2000-12-29,541.75469999999996
2001-01-02,537.95550000000003
2001-01-03,544.9828
2001-01-04,538.35320000000002
2001-01-05,536.51520000000005
2001-01-08,538.78539999999998
2001-01-09,542.14599999999996
2001-01-10,543.9248
2001-01-11,539.81290000000001
2001-01-12,541.64229999999998
2001-01-16,545.45399999999995
2001-01-17,549.01949999999999
2001-01-18,544.8057
2001-01-19,548.46879999999999
2001-01-22,546.48310000000004
2001-01-23,546.57849999999996
2001-01-24,553.81449999999995
2001-01-25,553.56489999999997
2001-01-26,552.91629999999998
2001-01-29,554.54819999999995
2001-01-30,550.72080000000005
2001-01-31,548.529
2001-02-01,544.35149999999999
2001-02-02,547.71910000000003
2001-02-05,545.67679999999996
2001-02-06,550.13840000000005
2001-02-07,550.827
2001-02-08,556.73159999999996
2001-02-09,554.14229999999998
2001-02-12,552.59550000000002
2001-02-13,556.51480000000004
2001-02-14,557.00609999999995
2001-02-15,562.86699999999996
2001-02-16,558.28660000000002
2001-02-20,561.16510000000005
2001-02-21,562.75059999999996
2001-02-22,563.9384
2001-02-23,557.51139999999998
2001-02-26,561.2826
2001-02-27,559.23149999999998
2001-02-28,557.67819999999995
2001-03-01,554.13260000000002
2001-03-02,553.67330000000004
2001-03-05,555.60389999999995
2001-03-06,553.99779999999998
2001-03-07,557.22159999999997
2001-03-08,555.61279999999999
2001-03-09,555.44979999999998
2001-03-12,558.37549999999999
2001-03-13,563.94410000000005
2001-03-14,566.9692
2001-03-15,572.08910000000003
2001-03-16,575.21600000000001
2001-03-19,574.70240000000001
2001-03-20,569.34860000000003
2001-03-21,576.51289999999995
2001-03-22,580.43449999999996
2001-03-23,578.71820000000002
2001-03-26,575.15449999999998
2001-03-27,576.33360000000005
2001-03-28,579.31020000000001
2001-03-29,582.3374
2001-03-30,586.26390000000004
2001-04-02,586.19359999999995
2001-04-03,577.72889999999995
2001-04-04,575.0566
2001-04-05,577.08090000000004
2001-04-06,573.5548
2001-04-09,575.92539999999997
2001-04-10,580.04660000000001
2001-04-11,580.67200000000003
2001-04-12,577.79610000000002
2001-04-16,581.07339999999999
2001-04-17,582.55039999999997
2001-04-18,580.97180000000003
2001-04-19,575.48969999999997
2001-04-20,572.05539999999996
2001-04-23,574.37440000000004
2001-04-24,576.59500000000003
2001-04-25,575.56359999999995
2001-04-26,573.03009999999995
2001-04-27,578.90710000000001
2001-04-30,580.13120000000004
2001-05-01,577.44910000000004
2001-05-02,576.81899999999996
2001-05-03,577.99080000000004
2001-05-04,575.80420000000004
2001-05-07,577.82550000000003
2001-05-08,581.70050000000003
2001-05-09,581.61810000000003
2001-05-10,583.29010000000005
2001-05-11,585.71519999999998
2001-05-14,587.28719999999998
2001-05-15,585.59879999999998
2001-05-16,582.40449999999998
2001-05-17,582.36869999999999
2001-05-18,583.88850000000002
2001-05-21,584.50670000000002
2001-05-22,590.44219999999996
2001-05-23,593.51940000000002
2001-05-24,593.93939999999998
2001-05-25,593.10400000000004
2001-05-29,593.37369999999999
2001-05-30,593.44200000000001
2001-05-31,597.77599999999995
2001-06-01,596.94079999999997
2001-06-04,598.51580000000001
2001-06-05,596.12300000000005
2001-06-06,599.50469999999996
2001-06-07,598.21640000000002
2001-06-08,598.88710000000003
2001-06-11,603.17409999999995
2001-06-12,601.0299
2001-06-13,598.18150000000003
2001-06-14,593.02099999999996
2001-06-15,594.5933
2001-06-18,595.00980000000004
2001-06-19,598.49270000000001
2001-06-20,599.00959999999998
2001-06-21,597.86770000000001
2001-06-22,598.03160000000003
2001-06-25,595.12800000000004
2001-06-26,593.93380000000002
2001-06-27,595.55780000000004
2001-06-28,603.82569999999998
2001-06-29,600.97630000000004
2001-07-02,602.25289999999995
2001-07-03,601.96939999999995
2001-07-05,608.58109999999999
2001-07-06,603.61620000000005
2001-07-09,603.63459999999998
2001-07-10,599.87630000000001
2001-07-11,597.47559999999999
2001-07-12,599.80870000000004
2001-07-13,601.08510000000001
2001-07-16,601.00220000000002
2001-07-17,599.05460000000005
2001-07-18,591.46199999999999
2001-07-19,591.27499999999998
2001-07-20,590.73479999999995
2001-07-23,594.02560000000005
2001-07-24,590.41150000000005
2001-07-25,588.05690000000004
2001-07-26,588.62599999999998
2001-07-27,589.69910000000004
2001-07-30,591.07550000000003
2001-07-31,591.0394
2001-08-01,587.97670000000005
2001-08-02,586.62840000000006
2001-08-03,585.98590000000002
2001-08-06,587.4624
2001-08-07,589.5951
2001-08-08,588.19500000000005
2001-08-09,581.74670000000003
2001-08-10,582.01009999999997
2001-08-13,580.65819999999997
2001-08-14,577.58900000000006
2001-08-15,571.59059999999999
2001-08-16,571.09460000000001
2001-08-17,570.69870000000003
2001-08-20,572.82939999999996
2001-08-21,572.33309999999994
2001-08-22,572.29129999999998
2001-08-23,571.44159999999999
2001-08-24,572.71439999999996
2001-08-27,573.07830000000001
2001-08-28,573.34029999999996
2001-08-29,573.95630000000006
2001-08-30,570.47670000000005
2001-08-31,573.46789999999999
2001-09-04,584.95529999999997
2001-09-05,584.61180000000002
2001-09-06,581.48540000000003
2001-09-07,576.88999999999999
2001-09-10,579.57719999999995
2001-09-17,566.66930000000002
2001-09-18,566.25279999999998
2001-09-19,564.71699999999998
2001-09-20,566.06569999999999
2001-09-21,572.01980000000003
2001-09-24,571.04480000000001
2001-09-25,568.2482
2001-09-26,568.3356
2001-09-27,571.8646
2001-09-28,574.43290000000002
2001-10-01,572.04010000000005
2001-10-02,572.12519999999995
2001-10-03,574.13350000000003
2001-10-04,572.95180000000005
2001-10-05,571.71900000000005
2001-10-08,570.13160000000005
2001-10-09,574.0136
2001-10-10,575.81970000000001
2001-10-11,579.60230000000001
2001-10-12,576.85140000000001
2001-10-15,576.53150000000005
2001-10-16,577.07190000000003
2001-10-17,579.43589999999995
2001-10-18,579.31730000000005
2001-10-19,581.93439999999998
2001-10-22,586.47770000000003
2001-10-23,587.01829999999995
2001-10-24,585.78489999999999
2001-10-25,585.56410000000005
2001-10-26,586.10339999999997
2001-10-29,580.00260000000003
2001-10-30,579.57659999999998
2001-10-31,582.19159999999999
2001-11-01,580.19470000000001
2001-11-02,580.62940000000003
2001-11-05,580.65869999999995
2001-11-06,582.05319999999995
2001-11-07,582.93979999999999
2001-11-08,583.726
2001-11-09,583.54870000000005
2001-11-12,584.84169999999995
2001-11-13,590.2423
2001-11-14,589.25480000000005
2001-11-15,590.85450000000003
2001-11-16,590.37570000000005
2001-11-19,593.04100000000005
2001-11-20,591.49720000000002
2001-11-21,594.21400000000006
2001-11-23,595.15560000000005
2001-11-26,594.06889999999999
2001-11-27,592.98069999999996
2001-11-28,589.35500000000002
2001-11-29,589.1771
2001-11-30,589.20159999999998
2001-12-03,588.36369999999999
2001-12-04,588.99609999999996
2001-12-05,590.69489999999996
2001-12-06,586.76080000000002
2001-12-07,589.42190000000005
2001-12-10,590.00310000000002
2001-12-11,588.95910000000003
2001-12-12,585.327
2001-12-13,587.73469999999998
2001-12-14,583.3424
2001-12-17,583.36580000000004
2001-12-18,584.50519999999995
2001-12-19,586.20249999999999
2001-12-20,586.78319999999997
2001-12-21,593.8623
2001-12-24,598.75919999999996
2001-12-26,598.32650000000001
2001-12-27,596.9289
2001-12-28,595.37840000000006
2001-12-31,592.81280000000004
2002-01-02,587.96199999999999
2002-01-03,589.61030000000005
2002-01-04,590.75059999999996
2002-01-07,590.7731
2002-01-08,593.33460000000002
2002-01-09,594.27110000000005
2002-01-10,593.63329999999996
2002-01-11,592.43430000000001
2002-01-14,592.45429999999999
2002-01-15,595.77629999999999
2002-01-16,597.32100000000003
2002-01-17,598.66330000000005
2002-01-18,596.95730000000003
2002-01-22,598.19920000000002
2002-01-23,601.88030000000003
2002-01-24,602.76760000000002
2002-01-25,608.93880000000001
2002-01-28,609.92840000000001
2002-01-29,607.81830000000002
2002-01-30,608.40179999999998
2002-01-31,611.01819999999998
2002-02-01,608.75649999999996
2002-02-04,604.25869999999998
2002-02-05,606.82449999999994
2002-02-06,606.34059999999999
2002-02-07,605.19560000000001
2002-02-08,604.76220000000001
2002-02-11,602.04150000000004
2002-02-12,601.10000000000002
2002-02-13,603.92039999999997
2002-02-14,602.06399999999996
2002-02-15,602.95230000000004
2002-02-19,601.75639999999999
2002-02-20,604.6789
2002-02-21,605.87300000000005
2002-02-22,602.44029999999998
2002-02-25,605.77020000000005
2002-02-26,609.30380000000002
2002-02-27,608.05769999999995
2002-02-28,605.99829999999997
2002-03-01,607.24379999999996
2002-03-04,604.26880000000006
2002-03-05,603.07380000000001
2002-03-06,599.99630000000002
2002-03-07,594.12099999999998
2002-03-08,600.19939999999997
2002-03-11,598.90300000000002
2002-03-12,599.28549999999996
2002-03-13,600.12540000000001
2002-03-14,596.74339999999995
2002-03-15,596.41380000000004
2002-03-18,597.86509999999998
2002-03-19,597.89170000000001
2002-03-20,596.49329999999998
2002-03-21,598.04589999999996
2002-03-22,600.76909999999998
2002-03-25,601.04960000000005
2002-03-26,601.27890000000002
2002-03-27,603.34050000000002
2002-03-28,603.7731
2002-04-01,599.47170000000006
2002-04-02,600.26070000000004
2002-04-03,599.0643
2002-04-04,600.41279999999995
2002-04-05,599.16459999999995
2002-04-08,601.78530000000001
2002-04-09,598.70349999999996
2002-04-10,598.31949999999995
2002-04-11,597.63019999999995
2002-04-12,599.53740000000005
2002-04-15,599.05150000000003
2002-04-16,597.70060000000001
2002-04-17,593.80309999999997
2002-04-18,592.75699999999995
2002-04-19,592.27120000000002
2002-04-22,593.00750000000005
2002-04-23,593.7441
2002-04-24,591.62819999999999
2002-04-25,588.08640000000003
2002-04-26,586.02170000000001
2002-04-29,585.28179999999998
2002-04-30,586.83420000000001
2002-05-01,583.54700000000003
2002-05-02,585.25229999999999
2002-05-03,578.75480000000005
2002-05-06,579.13509999999997
2002-05-07,580.48350000000005
2002-05-08,585.55179999999996
2002-05-09,583.58870000000002
2002-05-10,580.70809999999994
2002-05-13,581.75130000000001
2002-05-14,586.56610000000001
2002-05-15,581.64639999999997
2002-05-16,581.72090000000003
2002-05-17,575.98500000000001
2002-05-20,575.09090000000003
2002-05-21,575.01220000000001
2002-05-22,572.63940000000002
2002-05-23,575.00729999999999
2002-05-24,575.08130000000006
2002-05-28,571.53610000000003
2002-05-29,568.44920000000002
2002-05-30,566.84059999999999
2002-05-31,570.12660000000005
2002-06-03,567.54909999999995
2002-06-04,566.50149999999996
2002-06-05,567.79930000000002
2002-06-06,565.22119999999995
2002-06-07,566.0598
2002-06-10,566.64380000000006
2002-06-11,565.03459999999995
2002-06-12,566.17939999999999
2002-06-13,566.96669999999995
2002-06-14,564.99940000000004
2002-06-17,565.48090000000002
2002-06-18,562.1875
2002-06-19,559.50559999999996
2002-06-20,555.80349999999999
2002-06-21,551.99890000000005
2002-06-24,552.12279999999998
2002-06-25,548.87929999999994
2002-06-26,543.74680000000001
2002-06-27,542.79819999999995
2002-06-28,541.49239999999998
2002-07-01,543.55470000000003
2002-07-02,545.05600000000004
2002-07-03,546.35329999999999
2002-07-05,549.53909999999996
2002-07-08,542.56849999999997
2002-07-09,539.27210000000002
2002-07-10,541.1309
2002-07-11,539.67179999999996
2002-07-12,540.56060000000002
2002-07-15,534.35360000000003
2002-07-16,533.45569999999998
2002-07-17,533.11929999999995
2002-07-18,533.39549999999997
2002-07-19,531.3229
2002-07-22,534.86670000000004
2002-07-23,544.63990000000001
2002-07-24,538.83950000000004
2002-07-25,536.81759999999997
2002-07-26,544.44709999999998
2002-07-29,546.97080000000005
2002-07-30,545.46019999999999
2002-07-31,548.59690000000001
2002-08-01,546.62559999999996
2002-08-02,544.85749999999996
2002-08-05,547.94190000000003
2002-08-06,555.21529999999996
2002-08-07,550.94330000000002
2002-08-08,555.10059999999999
2002-08-09,552.82129999999995
2002-08-12,548.75490000000002
2002-08-13,547.24180000000001
2002-08-14,545.62670000000003
2002-08-15,545.28830000000005
2002-08-16,545.30759999999998
2002-08-19,549.41539999999998
2002-08-20,548.36180000000002
2002-08-21,547.51260000000002
2002-08-22,552.59180000000003
2002-08-23,551.79430000000002
2002-08-26,551.2527
2002-08-27,545.70270000000005
2002-08-28,547.3075
2002-08-29,545.38580000000002
2002-08-30,546.83780000000002
2002-09-03,539.65020000000004
2002-09-04,542.37869999999998
2002-09-05,541.78420000000006
2002-09-06,546.20069999999998
2002-09-09,547.55070000000001
2002-09-10,549.71860000000004
2002-09-11,550.25080000000003
2002-09-12,547.91980000000001
2002-09-13,552.54250000000002
2002-09-16,553.48440000000005
2002-09-17,553.96590000000003
2002-09-18,551.072
2002-09-19,547.20550000000003
2002-09-20,549.93600000000004
2002-09-23,551.64369999999997
2002-09-24,549.92499999999995
2002-09-25,551.32619999999997
2002-09-26,550.78369999999995
2002-09-27,550.03610000000003
2002-09-30,546.67840000000001
2002-10-01,547.72019999999998
2002-10-02,548.19899999999996
2002-10-03,547.24530000000004
2002-10-04,550.48739999999998
2002-10-07,550.25130000000001
2002-10-08,552.93100000000004
2002-10-09,547.16780000000006
2002-10-10,548.51660000000004
2002-10-11,548.79089999999997
2002-10-14,548.29780000000005
2002-10-15,551.54219999999998
2002-10-16,550.79499999999996
2002-10-17,554.60249999999996
2002-10-18,555.39080000000001
2002-10-21,553.92819999999995
2002-10-22,552.46510000000001
2002-10-23,552.79300000000001
2002-10-24,552.35249999999996
2002-10-25,552.42370000000005
2002-10-28,548.55219999999997
2002-10-29,548.10850000000005
2002-10-30,548.12540000000001
2002-10-31,545.93979999999999
2002-11-01,543.0883
2002-11-04,543.30840000000001
2002-11-05,542.04349999999999
2002-11-06,540.6721
2002-11-07,537.45719999999994
2002-11-08,535.06140000000005
2002-11-11,535.43050000000005
2002-11-12,535.90189999999996
2002-11-13,538.1653
2002-11-14,538.73929999999996
2002-11-15,537.87940000000003
2002-11-18,538.70960000000002
2002-11-19,541.12689999999998
2002-11-20,542.16179999999997
2002-11-21,541.86530000000005
2002-11-22,543.46379999999999
2002-11-25,545.62599999999998
2002-11-26,545.5856
2002-11-27,546.82579999999996
2002-11-29,544.99289999999996
2002-12-02,544.69680000000005
2002-12-03,544.81029999999998
2002-12-04,543.64300000000003
2002-12-05,543.44899999999996
2002-12-06,539.66920000000005
2002-12-09,539.06550000000004
2002-12-10,539.74180000000001
2002-12-11,539.6499
2002-12-12,535.35749999999996
2002-12-13,532.65300000000002
2002-12-16,533.07360000000006
2002-12-17,530.26660000000004
2002-12-18,530.89170000000001
2002-12-19,530.1336
2002-12-20,530.04139999999995
2002-12-23,530.97349999999994
2002-12-24,528.98530000000005
2002-12-26,526.79190000000006
2002-12-27,524.70050000000003
2002-12-30,522.66150000000005
2002-12-31,521.85209999999995
2003-01-02,527.65229999999997
2003-01-03,525.04960000000005
2003-01-06,522.49779999999998
2003-01-07,525.58199999999999
2003-01-08,522.00490000000002
2003-01-09,522.37360000000001
2003-01-10,518.74519999999995
2003-01-13,519.98519999999996
2003-01-14,518.66250000000002
2003-01-15,519.33860000000004
2003-01-16,516.52949999999998
2003-01-17,515.30889999999999
2003-01-21,513.67859999999996
2003-01-22,513.68780000000004
2003-01-23,511.80070000000001
2003-01-24,508.52949999999998
2003-01-27,508.74360000000001
2003-01-28,509.88040000000001
2003-01-29,508.8646
2003-01-30,510.10410000000002
2003-01-31,512.11239999999998
2003-02-03,512.07050000000004
2003-02-04,508.18380000000002
2003-02-05,510.8073
2003-02-06,509.84249999999997
2003-02-07,510.41539999999998
2003-02-10,514.01289999999995
2003-02-11,514.63739999999996
2003-02-12,515.26199999999994
2003-02-13,510.5548
2003-02-14,512.87109999999996
2003-02-18,515.39269999999999
2003-02-19,512.68499999999995
2003-02-20,510.38740000000001
2003-02-21,513.16549999999995
2003-02-24,510.97089999999997
2003-02-25,511.85219999999998
2003-02-26,510.78539999999998
2003-02-27,511.76960000000003
2003-02-28,511.26659999999998
2003-03-03,508.14850000000001
2003-03-04,508.31180000000001
2003-03-05,503.96249999999998
2003-03-06,504.12560000000002
2003-03-07,502.74900000000002
2003-03-10,501.78190000000001
2003-03-11,502.50740000000002
2003-03-12,503.38670000000002
2003-03-13,510.52300000000002
2003-03-14,512.78769999999997
2003-03-17,516.64279999999997
2003-03-18,517.26679999999999
2003-03-19,520.96839999999997
2003-03-20,518.77239999999995
2003-03-21,522.73099999999999
2003-03-24,517.91920000000005
2003-03-25,517.36450000000002
2003-03-26,516.04039999999998
2003-03-27,516.20330000000001
2003-03-28,512.72400000000005
2003-03-31,508.11619999999999
2003-04-01,508.58589999999998
2003-04-02,513.3646
2003-04-03,514.70619999999997
2003-04-04,515.27840000000003
2003-04-07,518.31410000000005
2003-04-08,515.70680000000004
2003-04-09,513.81709999999998
2003-04-10,512.08150000000001
2003-04-11,513.9375
2003-04-14,512.81859999999995
2003-04-15,511.80189999999999
2003-04-16,508.21980000000002
2003-04-17,509.46039999999999
2003-04-21,510.95760000000001
2003-04-22,506.55459999999999
2003-04-23,506.8202
2003-04-24,504.51990000000001
2003-04-25,504.6823
2003-04-28,506.28129999999999
2003-04-29,502.9547
2003-04-30,498.70409999999998
2003-05-01,496.19729999999998
2003-05-02,496.51310000000001
2003-05-05,494.51990000000001
2003-05-06,489.24189999999999
2003-05-07,490.48110000000003
2003-05-08,487.15269999999998
2003-05-09,487.41680000000002
2003-05-12,485.21749999999997
2003-05-13,486.09710000000001
2003-05-14,485.3852
2003-05-15,488.67619999999999
2003-05-16,482.83199999999999
2003-05-19,481.2987
2003-05-20,478.6361
2003-05-21,480.07960000000003
2003-05-22,480.1891
2003-05-23,477.57839999999999
2003-05-27,475.89170000000001
2003-05-28,479.64600000000002
2003-05-29,475.85509999999999
2003-05-30,478.73680000000002
2003-06-02,479.10399999999998
2003-06-03,480.08609999999999
2003-06-04,481.11900000000003
2003-06-05,474.91419999999999
2003-06-06,479.84820000000002
2003-06-09,478.93009999999998
2003-06-10,480.26949999999999
2003-06-11,477.245
2003-06-12,476.8895
2003-06-13,473.4015
2003-06-16,474.32830000000001
2003-06-17,475.40969999999999
2003-06-18,478.2876
2003-06-19,478.23820000000001
2003-06-20,482.75779999999997
2003-06-23,482.96559999999999
2003-06-24,484.5591
2003-06-25,483.17689999999999
2003-06-26,487.54410000000001
2003-06-27,488.47109999999998
2003-06-30,486.3186
2003-07-01,484.11439999999999
2003-07-02,483.19319999999999
2003-07-03,484.68490000000003
2003-07-07,490.33589999999998
2003-07-08,491.93130000000002
2003-07-09,490.75400000000002
2003-07-10,489.73059999999998
2003-07-11,491.83879999999999
2003-07-14,493.2287
2003-07-15,493.23259999999999
2003-07-16,496.57350000000002
2003-07-17,497.29579999999999
2003-07-18,497.2996
2003-07-21,493.45299999999997
2003-07-22,494.84339999999997
2003-07-23,490.0213
2003-07-24,489.51190000000003
2003-07-25,487.565
2003-07-28,488.08319999999998
2003-07-29,489.47480000000002
2003-07-30,493.27940000000001
2003-07-31,497.49439999999998
2003-08-01,496.31799999999998
2003-08-04,493.85829999999999
2003-08-05,493.76029999999997
2003-08-06,494.12419999999997
2003-08-07,492.07479999999998
2003-08-08,494.80099999999999
2003-08-11,492.28960000000001
2003-08-12,493.7319
2003-08-13,493.89060000000001
2003-08-14,496.46289999999999
2003-08-15,496.31330000000003
2003-08-18,499.91269999999997
2003-08-19,499.71199999999999
2003-08-20,500.0249
2003-08-21,506.39760000000001
2003-08-22,507.53269999999998
2003-08-25,507.53870000000001
2003-08-26,507.18509999999998
2003-08-27,507.70420000000001
2003-08-28,507.55560000000003
2003-08-29,503.81180000000001
2003-09-02,508.18239999999997
2003-09-03,506.95479999999998
2003-09-04,504.34059999999999
2003-09-05,498.64460000000003
2003-09-08,499.00909999999999
2003-09-09,495.3159
2003-09-10,495.62880000000001
2003-09-11,495.94170000000003
2003-09-12,493.1216
2003-09-15,492.97219999999999
2003-09-16,496.52030000000002
2003-09-17,491.74810000000002
2003-09-18,492.83139999999997
2003-09-19,487.7509
2003-09-22,482.05419999999998
2003-09-23,482.77749999999997
2003-09-24,481.29230000000001
2003-09-25,481.60469999999998
2003-09-26,482.1739
2003-09-29,478.12079999999997
2003-09-30,476.94369999999998
2003-10-01,474.58519999999999
2003-10-02,474.74340000000001
2003-10-03,478.90839999999997
2003-10-06,474.7004
2003-10-07,472.03289999999998
2003-10-08,471.21460000000002
2003-10-09,472.55380000000002
2003-10-10,470.1431
2003-10-13,472.04759999999999
2003-10-14,471.74329999999998
2003-10-15,474.77809999999999
2003-10-16,475.75810000000001
2003-10-17,474.1182
2003-10-20,474.8417
2003-10-21,474.53739999999999
2003-10-22,468.89089999999999
2003-10-23,470.12830000000002
2003-10-24,468.95100000000002
2003-10-27,470.65120000000002
2003-10-28,471.94009999999997
2003-10-29,471.94459999999998
2003-10-30,473.74720000000002
2003-10-31,476.42340000000002
2003-11-03,481.20600000000002
2003-11-04,479.00110000000001
2003-11-05,481.06079999999997
2003-11-06,482.40129999999999
2003-11-07,477.9359
2003-11-10,478.09469999999999
2003-11-11,478.35640000000001
2003-11-12,474.30169999999998
2003-11-13,470.70909999999998
2003-11-14,469.8399
2003-11-17,470.30680000000001
2003-11-18,464.1454
2003-11-19,467.07839999999999
2003-11-20,465.84949999999998
2003-11-21,465.5453
2003-11-24,470.63679999999999
2003-11-25,469.97309999999999
2003-11-26,465.55799999999999
2003-11-28,463.55779999999999
2003-12-01,464.28149999999999
2003-12-02,460.637
2003-12-03,459.92160000000001
2003-12-04,460.43939999999998
2003-12-05,458.07909999999998
2003-12-08,456.0788
2003-12-09,455.36320000000001
2003-12-10,456.6003
2003-12-11,456.7577
2003-12-12,454.75700000000001
2003-12-15,454.6062
2003-12-16,453.83879999999999
2003-12-17,451.94049999999999
2003-12-18,451.48099999999999
2003-12-19,452.82010000000002
2003-12-22,452.20679999999999
2003-12-23,452.20999999999998
2003-12-24,449.9006
2003-12-26,450.36579999999998
2003-12-29,448.93020000000001
2003-12-30,447.13529999999997
2003-12-31,446.72820000000002
2004-01-02,446.7319
2004-01-05,442.36680000000001
2004-01-06,440.10890000000001
2004-01-07,443.04180000000002
2004-01-08,439.8066
2004-01-09,437.44499999999999
2004-01-12,439.70960000000002
2004-01-13,439.50700000000001
2004-01-14,442.1825
2004-01-15,444.90940000000001
2004-01-16,450.92610000000002
2004-01-20,445.6866
2004-01-21,443.89060000000001
2004-01-22,441.11779999999999
2004-01-23,444.9246
2004-01-26,448.47460000000001
2004-01-27,443.49209999999999
2004-01-28,447.04259999999999
2004-01-29,450.18209999999999
2004-01-30,448.23230000000001
2004-02-02,449.93270000000001
2004-02-03,446.13279999999997
2004-02-04,446.39370000000002
2004-02-05,446.70600000000002
2004-02-06,442.18619999999999
2004-02-09,442.0874
2004-02-10,441.26889999999997
2004-02-11,437.98259999999999
2004-02-12,438.44889999999998
2004-02-13,439.84039999999999
2004-02-17,437.0684
2004-02-18,441.49329999999998
2004-02-19,441.85700000000003
2004-02-20,448.49259999999998
2004-02-23,447.46890000000002
2004-02-24,442.84640000000002
2004-02-25,448.55720000000002
2004-02-26,450.77210000000002
2004-02-27,448.87419999999997
2004-03-01,449.95830000000001
2004-03-02,456.6977
2004-03-03,457.73050000000001
2004-03-04,458.30040000000002
2004-03-05,453.3689
2004-03-08,452.4479
2004-03-09,453.94330000000002
2004-03-10,457.34100000000001
2004-03-11,455.08319999999998
2004-03-12,458.22390000000001
2004-03-15,456.63459999999998
2004-03-16,455.50779999999997
2004-03-17,455.8202
2004-03-18,450.93950000000001
2004-03-19,453.30869999999999
2004-03-22,451.51330000000002
2004-03-23,451.72309999999999
2004-03-24,457.28039999999999
2004-03-25,457.1302
2004-03-26,457.0829
2004-03-29,455.75049999999999
2004-03-30,454.72640000000001
2004-03-31,450.51389999999998
2004-04-01,448.46100000000001
2004-04-02,455.15010000000001
2004-04-05,458.80529999999999
2004-04-06,456.39240000000001
2004-04-07,453.9282
2004-04-08,457.78899999999999
2004-04-12,457.4332
2004-04-13,461.96280000000002
2004-04-14,464.07569999999998
2004-04-15,463.15429999999998
2004-04-16,462.5412
2004-04-19,461.82580000000002
2004-04-20,465.37909999999999
2004-04-21,468.62430000000001
2004-04-22,467.08609999999999
2004-04-23,468.428
2004-04-26,466.0675
2004-04-27,464.99239999999998
2004-04-28,468.90600000000001
2004-04-29,465.82470000000001
2004-04-30,465.36660000000001
2004-05-03,466.81209999999999
2004-05-04,461.93130000000002
2004-05-05,459.36450000000002
2004-05-06,462.3014
2004-05-07,468.7373
2004-05-10,470.95589999999999
2004-05-11,471.47660000000002
2004-05-12,469.57940000000002
2004-05-13,473.03100000000001
2004-05-14,471.49290000000002
2004-05-17,468.10449999999997
2004-05-18,469.39679999999998
2004-05-19,465.69900000000001
2004-05-20,468.27679999999998
2004-05-21,465.50470000000001
2004-05-24,465.4599
2004-05-25,462.17419999999998
2004-05-26,461.5634
2004-05-27,456.16800000000001
2004-05-28,457.61489999999998
2004-06-01,457.26299999999998
2004-06-02,457.06540000000001
2004-06-03,457.6395
2004-06-04,455.53879999999998
2004-06-07,454.05630000000002
2004-06-08,455.40390000000002
2004-06-09,461.69099999999997
2004-06-10,459.23169999999999
2004-06-14,462.79489999999998
2004-06-15,458.4325
2004-06-16,463.33150000000001
2004-06-17,461.07740000000001
2004-06-18,458.41180000000003
2004-06-21,459.50369999999998
2004-06-22,460.23509999999999
2004-06-23,460.19409999999999
2004-06-24,456.75619999999998
2004-06-25,457.4357
2004-06-28,456.62430000000001
2004-06-29,460.1875
2004-06-30,457.05900000000003
2004-07-01,457.01659999999998
2004-07-02,452.80630000000002
2004-07-06,453.58949999999999
2004-07-07,451.1807
2004-07-08,450.62430000000001
2004-07-09,450.01639999999998
2004-07-12,449.87310000000002
2004-07-13,452.09769999999997
2004-07-14,450.87329999999997
2004-07-15,452.99509999999998
2004-07-16,448.63029999999998
2004-07-19,448.84739999999999
2004-07-20,452.20530000000002
2004-07-21,455.97519999999997
2004-07-22,455.42039999999997
2004-07-23,459.60270000000003
2004-07-26,458.43180000000001
2004-07-27,462.35860000000002
2004-07-28,462.166
2004-07-29,463.20909999999998
2004-07-30,463.27390000000003
2004-08-02,462.20679999999999
2004-08-03,461.2937
2004-08-04,461.8741
2004-08-05,461.68189999999998
2004-08-06,455.10239999999999
2004-08-09,455.27109999999999
2004-08-10,457.34550000000002
2004-08-11,457.66759999999999
2004-08-12,456.85640000000001
2004-08-13,452.7998
2004-08-16,453.12270000000001
2004-08-17,453.6515
2004-08-18,453.76830000000001
2004-08-19,452.2878
2004-08-20,454.00150000000002
2004-08-23,458.85930000000002
2004-08-24,460.93509999999998
2004-08-25,460.74400000000003
2004-08-26,460.14069999999998
2004-08-27,462.57760000000002
2004-08-30,462.18169999999998
2004-08-31,458.3329
2004-09-01,457.98759999999999
2004-09-02,458.57029999999997
2004-09-03,461.93689999999998
2004-09-07,459.89260000000002
2004-09-08,457.5385
2004-09-09,457.86430000000001
2004-09-10,455.61329999999998
2004-09-13,456.45499999999998
2004-09-14,456.00790000000001
2004-09-15,459.58179999999999
2004-09-16,457.74310000000003
2004-09-17,458.37959999999998
2004-09-20,458.81020000000001
2004-09-21,454.39429999999999
2004-09-22,456.37119999999999
2004-09-23,456.02820000000003
2004-09-24,455.84010000000001
2004-09-27,455.29129999999998
2004-09-28,454.38099999999997
2004-09-29,454.34719999999999
2004-09-30,450.54860000000002
2004-10-01,451.95839999999998
2004-10-04,455.84440000000001
2004-10-05,454.779
2004-10-06,456.3956
2004-10-07,455.69099999999997
2004-10-08,451.11759999999998
2004-10-11,451.59930000000003
2004-10-12,454.09320000000002
2004-10-13,453.3888
2004-10-14,451.70440000000002
2004-10-15,449.3494
2004-10-18,449.00749999999999
2004-10-19,448.09820000000002
2004-10-20,445.58909999999997
2004-10-21,443.90589999999997
2004-10-22,443.15129999999999
2004-10-25,438.52730000000003
2004-10-26,439.78640000000001
2004-10-27,440.9941
2004-10-28,440.18869999999998
2004-10-29,438.29930000000002
2004-11-01,439.81819999999999
2004-11-02,441.2337
2004-11-03,437.2799
2004-11-04,436.47539999999998
2004-11-05,433.76139999999998
2004-11-08,434.19749999999999
2004-11-09,435.25330000000002
2004-11-10,435.99939999999998
2004-11-11,435.71269999999998
2004-11-12,432.2242
2004-11-15,433.84899999999999
2004-11-16,432.84019999999998
2004-11-17,430.22980000000001
2004-11-18,432.31970000000001
2004-11-19,430.38080000000002
2004-11-22,429.78579999999999
2004-11-23,428.6739
2004-11-24,425.80509999999998
2004-11-26,422.57459999999998
2004-11-29,423.37479999999999
2004-11-30,422.83150000000001
2004-12-01,421.5127
2004-12-02,423.553
2004-12-03,418.5643
2004-12-06,420.14019999999999
2004-12-07,419.95859999999999
2004-12-08,423.3954
2004-12-09,424.0926
2004-12-10,426.8064
2004-12-13,424.50540000000001
2004-12-14,425.6678
2004-12-15,422.12470000000002
2004-12-16,426.6481
2004-12-17,424.91449999999998
2004-12-20,422.40550000000002
2004-12-21,423.82659999999998
2004-12-22,423.79930000000002
2004-12-23,420.77179999999998
2004-12-27,417.59019999999998
2004-12-28,417.61540000000002
2004-12-29,418.93349999999998
2004-12-30,416.6816
2004-12-31,418.36180000000002
2005-01-03,420.7167
2005-01-04,427.31549999999999
2005-01-05,427.18720000000002
2005-01-06,430.37090000000001
2005-01-07,432.77879999999999
2005-01-10,431.15039999999999
2005-01-11,429.78030000000001
2005-01-12,425.25200000000001
2005-01-13,427.19470000000001
2005-01-14,430.06979999999999
2005-01-18,431.6515
2005-01-19,432.9221
2005-01-20,434.19260000000003
2005-01-21,431.2167
2005-01-24,431.14109999999999
2005-01-25,435.05419999999998
2005-01-26,431.50889999999998
2005-01-27,432.21140000000003
2005-01-28,432.49979999999999
2005-01-31,433.15199999999999
2005-02-01,432.40530000000001
2005-02-02,432.79840000000002
2005-02-03,435.1601
2005-02-04,437.36660000000001
2005-02-07,440.76620000000003
2005-02-08,441.10829999999999
2005-02-09,440.72469999999998
2005-02-10,438.26740000000001
2005-02-11,438.45420000000001
2005-02-14,435.32389999999998
2005-02-15,433.43740000000003
2005-02-16,433.88369999999998
2005-02-17,432.87810000000002
2005-02-18,433.0138
2005-02-22,427.44560000000001
2005-02-23,428.87880000000001
2005-02-24,429.94920000000002
2005-02-25,428.84190000000001
2005-02-28,428.09809999999999
2005-03-01,429.48110000000003
2005-03-02,431.12329999999997
2005-03-03,432.19540000000001
2005-03-04,428.38940000000002
2005-03-07,429.721
2005-03-08,425.55079999999998
2005-03-09,423.76780000000002
2005-03-10,423.4898
2005-03-11,422.74459999999999
2005-03-14,425.63470000000001
2005-03-15,426.44819999999999
2005-03-16,423.88619999999997
2005-03-17,425.06290000000001
2005-03-18,426.6037
2005-03-21,430.53500000000003
2005-03-22,433.06479999999999
2005-03-23,436.42529999999999
2005-03-24,437.13670000000002
2005-03-28,439.71899999999999
2005-03-29,438.19630000000001
2005-03-30,438.07639999999998
2005-03-31,436.91640000000001
2005-04-01,438.87490000000003
2005-04-04,440.72989999999999
2005-04-05,440.14179999999999
2005-04-06,440.2808
2005-04-07,441.30380000000002
2005-04-08,439.2595
2005-04-11,437.6825
2005-04-12,439.06950000000001
2005-04-13,439.10469999999998
2005-04-14,442.15679999999998
2005-04-15,439.90359999999998
2005-04-18,437.02780000000001
2005-04-19,435.81650000000002
2005-04-20,434.60419999999999
2005-04-21,435.57740000000001
2005-04-22,434.57409999999999
2005-04-25,436.27710000000002
2005-04-26,437.04320000000001
2005-04-27,437.91300000000001
2005-04-28,439.1472
2005-04-29,439.601
2005-05-02,439.95139999999998
2005-05-03,440.09309999999999
2005-05-04,437.47410000000002
2005-05-05,437.19720000000001
2005-05-06,440.72329999999999
2005-05-09,440.91730000000001
2005-05-10,439.96499999999997
2005-05-11,442.55459999999999
2005-05-12,445.45749999999998
2005-05-13,448.67239999999998
2005-05-16,448.81470000000002
2005-05-17,449.32150000000001
2005-05-18,447.3263
2005-05-19,448.77109999999999
2005-05-20,451.62389999999999
2005-05-23,450.46449999999999
2005-05-24,450.34699999999998
2005-05-25,450.28190000000001
2005-05-26,452.92809999999997
2005-05-27,450.72519999999997
2005-05-31,457.75389999999999
2005-06-01,459.61959999999999
2005-06-02,457.78199999999998
2005-06-03,459.3356
2005-06-06,457.08120000000002
2005-06-07,456.54820000000001
2005-06-08,458.62430000000001
2005-06-09,459.65640000000002
2005-06-10,462.9332
2005-06-13,464.33199999999999
2005-06-14,465.99169999999998
2005-06-15,462.84859999999998
2005-06-16,463.25459999999998
2005-06-17,458.12610000000001
2005-06-20,462.13589999999999
2005-06-21,460.55840000000001
2005-06-22,462.58460000000002
2005-06-23,465.55189999999999
2005-06-24,463.81869999999998
2005-06-27,462.1386
2005-06-28,465.00369999999998
2005-06-29,465.67430000000002
2005-06-30,465.71789999999999
2005-07-01,471.09309999999999
2005-07-05,472.75920000000002
2005-07-06,472.49099999999999
2005-07-07,472.01280000000003
2005-07-08,471.90089999999998
2005-07-11,467.81569999999999
2005-07-12,462.37020000000001
2005-07-13,467.12200000000001
2005-07-14,467.63830000000002
2005-07-15,469.35820000000001
2005-07-18,468.98680000000002
2005-07-19,470.13279999999997
2005-07-20,467.51139999999998
2005-07-21,465.41359999999997
2005-07-22,469.17739999999998
2005-07-25,469.01780000000002
2005-07-26,471.16109999999998
2005-07-27,469.79680000000002
2005-07-28,467.8039
2005-07-29,467.90530000000001
2005-08-01,465.0754
2005-08-02,464.91590000000002
2005-08-03,460.93220000000002
2005-08-04,459.98599999999999
2005-08-05,461.39819999999997
2005-08-08,460.71539999999999
2005-08-09,460.60829999999999
2005-08-10,459.19080000000002
2005-08-11,456.56740000000002
2005-08-12,455.98809999999997
2005-08-15,457.82060000000001
2005-08-16,458.44749999999999
2005-08-17,461.4862
2005-08-18,464.63010000000003
2005-08-19,464.62810000000002
2005-08-22,462.37110000000001
2005-08-23,462.10700000000003
2005-08-24,461.26549999999997
2005-08-25,459.89929999999998
2005-08-26,461.1044
2005-08-29,463.20179999999999
2005-08-30,463.7774
2005-08-31,459.78590000000003
2005-09-01,454.42770000000002
2005-09-02,453.1635
2005-09-06,454.63069999999999
2005-09-07,456.78019999999998
2005-09-08,457.1968
2005-09-09,456.4581
2005-09-12,460.81540000000001
2005-09-13,461.07490000000001
2005-09-14,460.70310000000001
2005-09-15,463.16919999999999
2005-09-16,462.7987
2005-09-19,464.90019999999998
2005-09-20,465.79360000000003
2005-09-21,463.42410000000001
2005-09-22,465.68189999999998
2005-09-23,469.1497
2005-09-26,468.67520000000002
2005-09-27,471.30290000000002
2005-09-28,470.6694
2005-09-29,470.35270000000003
2005-09-30,471.03579999999999
2005-10-03,474.29860000000002
2005-10-04,474.1943
2005-10-05,473.6155
2005-10-06,466.72059999999999
2005-10-07,469.4579
2005-10-10,471.0376
2005-10-11,473.77800000000002
2005-10-12,472.04250000000002
2005-10-13,473.04590000000002
2005-10-14,470.67919999999998
2005-10-17,473.10719999999998
2005-10-18,475.74639999999999
2005-10-19,474.22359999999998
2005-10-20,473.8596
2005-10-21,476.02550000000002
2005-10-24,475.03059999999999
2005-10-25,470.5034
2005-10-26,471.87959999999998
2005-10-27,469.88099999999997
2005-10-28,472.52339999999998
2005-10-31,475.11489999999998
2005-11-01,475.22739999999999
2005-11-02,473.38760000000002
2005-11-03,477.2457
2005-11-04,481.63299999999998
2005-11-07,481.8519
2005-11-08,482.33479999999997
2005-11-09,483.08229999999998
2005-11-10,486.2054
2005-11-11,485.73869999999999
2005-11-14,486.59309999999999
2005-11-15,486.44409999999999
2005-11-16,487.77379999999999
2005-11-17,485.4588
2005-11-18,485.78480000000002
2005-11-21,486.37509999999997
2005-11-22,483.63470000000001
2005-11-23,483.7482
2005-11-25,486.61059999999998
2005-11-28,481.06799999999998
2005-11-29,484.51299999999998
2005-11-30,484.30930000000001
2005-12-01,485.6927
2005-12-02,486.44200000000001
2005-12-05,484.01830000000001
2005-12-06,483.8691
2005-12-07,486.3125
2005-12-08,483.03919999999999
2005-12-09,483.04660000000001
2005-12-12,478.34230000000002
2005-12-13,478.56060000000002
2005-12-14,475.70740000000001
2005-12-15,476.77280000000002
2005-12-16,475.13740000000001
2005-12-19,476.09800000000001
2005-12-20,480.97899999999998
2005-12-21,481.88780000000003
2005-12-22,480.78300000000002
2005-12-23,481.48000000000002
2005-12-27,483.3963
2005-12-28,483.82810000000001
2005-12-29,483.04169999999999
2005-12-30,483.47590000000002
2006-01-03,476.48759999999999
2006-01-04,472.839
2006-01-05,473.91070000000002
2006-01-06,471.42849999999999
2006-01-09,473.61520000000002
2006-01-10,474.10539999999997
2006-01-11,472.36669999999998
2006-01-12,474.82130000000001
2006-01-13,471.96800000000002
2006-01-17,474.21199999999999
2006-01-18,474.06630000000001
2006-01-19,474.8236
2006-01-20,472.55329999999998
2006-01-23,467.30779999999999
2006-01-24,467.959
2006-01-25,469.46109999999999
2006-01-26,471.0702
2006-01-27,474.85919999999999
2006-01-30,475.46019999999999
2006-01-31,473.08350000000002
2006-02-01,476.07729999999998
2006-02-02,475.40199999999999
2006-02-03,478.2373
2006-02-06,480.43529999999998
2006-02-07,480.2396
2006-02-08,481.32119999999998
2006-02-09,480.64690000000002
2006-02-10,482.10199999999998
2006-02-13,482.12049999999999
2006-02-14,482.19220000000001
2006-02-15,483.22239999999999
2006-02-16,483.34739999999999
2006-02-17,482.93950000000001
2006-02-21,482.53199999999998
2006-02-22,483.24349999999998
2006-02-23,481.8236
2006-02-24,483.06880000000001
2006-02-27,483.24849999999998
2006-02-28,480.54880000000003
2006-03-01,481.20769999999999
2006-03-02,477.75999999999999
2006-03-03,478.3655
2006-03-06,479.66460000000001
2006-03-07,484.4325
2006-03-08,483.7045
2006-03-09,484.47089999999997
2006-03-10,485.07780000000002
2006-03-13,483.49579999999997
2006-03-14,480.68470000000002
2006-03-15,479.15499999999997
2006-03-16,475.86200000000002
2006-03-17,475.1327
2006-03-20,476.32740000000001
2006-03-21,479.01920000000001
2006-03-22,479.62729999999999
2006-03-23,483.65649999999999
2006-03-24,481.64499999999998
2006-03-27,481.71780000000001
2006-03-28,482.75369999999998
2006-03-29,482.82670000000002
2006-03-30,478.29860000000002
2006-03-31,480.19040000000001
2006-04-03,479.72859999999997
2006-04-04,475.52019999999999
2006-04-05,474.5222
2006-04-06,476.36169999999998
2006-04-07,480.02260000000001
2006-04-10,480.57850000000002
2006-04-11,479.15269999999998
2006-04-12,480.19080000000002
2006-04-13,480.2647
2006-04-17,475.08749999999998
2006-04-18,473.01729999999998
2006-04-19,470.67840000000001
2006-04-20,473.21769999999998
2006-04-21,472.21910000000003
2006-04-24,469.07510000000002
2006-04-25,468.45159999999998
2006-04-26,467.98899999999998
2006-04-27,464.89679999999998
2006-04-28,462.17910000000001
2006-05-01,461.50099999999998
2006-05-02,460.6078
2006-05-03,460.94940000000003
2006-05-04,461.0222
2006-05-05,457.2285
2006-05-08,457.89280000000002
2006-05-09,455.81760000000003
2006-05-10,454.11790000000002
2006-05-11,452.95389999999998
2006-05-12,451.35989999999998
2006-05-15,454.55029999999999
2006-05-16,452.63319999999999
2006-05-17,456.36200000000002
2006-05-18,454.60590000000002
2006-05-19,456.66849999999999
2006-05-22,453.88959999999997
2006-05-23,453.96199999999999
2006-05-24,457.26319999999998
2006-05-25,455.721
2006-05-26,459.07769999999999
2006-05-30,453.87419999999997
2006-05-31,456.31650000000002
2006-06-01,456.76609999999999
2006-06-02,452.85199999999998
2006-06-05,453.40940000000001
2006-06-06,456.66140000000001
2006-06-07,458.13589999999999
2006-06-08,463.16860000000003
2006-06-09,462.21870000000001
2006-06-12,462.99509999999998
2006-06-13,466.19779999999997
2006-06-14,464.70890000000003
2006-06-15,464.13560000000001
2006-06-16,463.67059999999998
2006-06-19,465.85090000000002
2006-06-20,465.22500000000002
2006-06-21,463.14120000000003
2006-06-22,466.50990000000002
2006-06-23,468.90859999999998
2006-06-26,467.20460000000003
2006-06-27,467.1748
2006-06-28,468.11669999999998
2006-06-29,464.08760000000001
2006-06-30,460.6515
2006-07-03,460.51310000000001
2006-07-05,462.86020000000002
2006-07-06,461.5849
2006-07-07,459.66070000000002
2006-07-10,462.5505
2006-07-11,461.87060000000002
2006-07-12,464.92410000000001
2006-07-13,464.3526
2006-07-14,466.05430000000001
2006-07-17,470.8433
2006-07-18,471.1943
2006-07-19,468.29590000000002
2006-07-20,467.07490000000001
2006-07-21,465.5829
2006-07-24,467.88319999999999
2006-07-25,469.58879999999999
2006-07-26,465.82040000000001
2006-07-27,465.57400000000001
2006-07-28,463.32100000000003
2006-07-31,462.64030000000002
2006-08-01,461.36309999999997
2006-08-02,461.44130000000001
2006-08-03,461.3569
2006-08-04,458.99299999999999
2006-08-07,460.04809999999998
2006-08-08,459.63749999999999
2006-08-09,459.98630000000003
2006-08-10,462.07240000000002
2006-08-11,464.53980000000001
2006-08-14,465.27080000000001
2006-08-15,463.06779999999998
2006-08-16,461.29820000000001
2006-08-17,462.2457
2006-08-18,462.59589999999997
2006-08-21,460.17360000000002
2006-08-22,463.24220000000003
2006-08-23,463.04860000000002
2006-08-24,463.94279999999998
2006-08-25,464.56560000000002
2006-08-28,463.82810000000001
2006-08-29,462.16469999999998
2006-08-30,462.56869999999998
2006-08-31,463.08170000000001
2006-09-01,462.55970000000002
2006-09-05,462.96300000000002
2006-09-06,463.58370000000002
2006-09-07,466.00229999999999
2006-09-08,468.36649999999997
2006-09-11,468.27940000000001
2006-09-12,468.35520000000002
2006-09-13,468.15870000000001
2006-09-14,467.09030000000001
2006-09-15,468.96629999999999
2006-09-18,468.06130000000002
2006-09-19,468.84690000000001
2006-09-20,468.21409999999997
2006-09-21,464.8526
2006-09-22,465.03739999999999
2006-09-25,465.6035
2006-09-26,467.53460000000001
2006-09-27,467.77379999999999
2006-09-28,468.17660000000001
2006-09-29,469.61759999999998
2006-10-02,467.61750000000001
2006-10-03,468.34879999999998
2006-10-04,469.1354
2006-10-05,469.64909999999998
2006-10-06,472.56830000000002
2006-10-09,473.0829
2006-10-10,475.89519999999999
2006-10-11,476.52120000000002
2006-10-12,475.50720000000001
2006-10-13,476.68099999999998
2006-10-16,476.10500000000002
2006-10-17,475.47399999999999
2006-10-18,475.60910000000001
2006-10-19,472.18619999999999
2006-10-20,472.43020000000001
2006-10-23,474.92020000000002
2006-10-24,474.56299999999999
2006-10-25,473.27429999999998
2006-10-26,470.67020000000002
2006-10-27,468.9418
2006-10-30,469.18560000000002
2006-10-31,467.78469999999999
2006-11-01,467.86340000000001
2006-11-02,468.05180000000001
2006-11-03,470.16019999999997
2006-11-06,470.45909999999998
2006-11-07,468.78280000000001
2006-11-08,468.7525
2006-11-09,467.56939999999997
2006-11-10,466.93509999999998
2006-11-13,468.71589999999998
2006-11-14,468.13619999999997
2006-11-15,468.76459999999997
2006-11-16,469.72269999999997
2006-11-17,469.08789999999999
2006-11-20,469.44170000000003
2006-11-21,468.53149999999999
2006-11-22,465.36700000000002
2006-11-24,460.27699999999999
2006-11-27,459.25439999999998
2006-11-28,457.68130000000002
2006-11-29,459.02280000000002
2006-11-30,456.23869999999999
2006-12-01,453.8938
2006-12-04,454.02409999999998
2006-12-05,453.87889999999999
2006-12-06,455.71539999999999
2006-12-07,455.9556
2006-12-08,458.94909999999999
2006-12-11,457.8673
2006-12-12,457.1157
2006-12-13,457.19049999999999
2006-12-14,461.01240000000001
2006-12-15,463.34679999999997
2006-12-18,462.98200000000003
2006-12-19,460.19130000000001
2006-12-20,460.59769999999997
2006-12-21,460.94909999999999
2006-12-22,463.06599999999997
2006-12-26,463.85980000000001
2006-12-27,463.21890000000002
2006-12-28,462.63339999999999
2006-12-29,462.15839999999997
2007-01-03,463.33980000000003
2007-01-04,465.62569999999999
2007-01-05,467.41550000000001
2007-01-08,467.32870000000003
2007-01-09,468.18079999999998
2007-01-10,470.13850000000002
2007-01-11,471.48930000000001
2007-01-12,470.0215
2007-01-16,470.21179999999998
2007-01-17,469.9049
2007-01-18,469.59780000000001
2007-01-19,469.40159999999997
2007-01-22,470.36669999999998
2007-01-23,468.51080000000002
2007-01-24,470.08479999999997
2007-01-25,471.10599999999999
2007-01-26,472.12740000000002
2007-01-29,471.21159999999998
2007-01-30,470.90440000000001
2007-01-31,468.65859999999998
2007-02-01,468.8494
2007-02-02,470.7577
2007-02-05,471.50330000000002
2007-02-06,469.92140000000001
2007-02-07,469.83569999999997
2007-02-08,469.63920000000002
2007-02-09,470.66239999999999
2007-02-12,472.2962
2007-02-13,470.0478
2007-02-14,467.18810000000002
2007-02-15,466.21420000000001
2007-02-16,466.73840000000001
2007-02-20,467.37400000000002
2007-02-21,467.56560000000002
2007-02-22,468.25700000000001
2007-02-23,466.9495
2007-02-26,466.2525
2007-02-27,463.83199999999999
2007-02-28,464.41140000000001
2007-03-01,465.10199999999998
2007-03-02,464.91570000000002
2007-03-05,467.89600000000002
2007-03-06,467.52339999999998
2007-03-07,465.66079999999999
2007-03-08,467.89600000000002
2007-03-09,468.64100000000002
2007-03-12,467.15089999999998
2007-03-13,466.0333
2007-03-14,464.91570000000002
2007-03-15,464.91570000000002
2007-03-16,463.23939999999999
2007-03-19,465.66079999999999
2007-03-20,462.86680000000001
2007-03-21,461.56299999999999
2007-03-22,461.48849999999999
2007-03-23,464.3569
2007-03-26,462.86680000000001
2007-03-27,462.68060000000003
2007-03-28,462.68060000000003
2007-03-29,463.23939999999999
2007-03-30,461.74919999999997
2007-04-02,462.78300000000002
2007-04-03,463.42559999999997
2007-04-04,462.86680000000001
2007-04-05,461.37670000000003
2007-04-09,464.3569
2007-04-10,462.86680000000001
2007-04-11,462.86680000000001
2007-04-12,460.0729
2007-04-13,459.88659999999999
2007-04-16,458.024
2007-04-17,457.83769999999998
2007-04-18,457.27890000000002
2007-04-19,457.27890000000002
2007-04-20,455.60250000000002
2007-04-23,458.024
2007-04-24,457.46519999999998
2007-04-25,456.7201
2007-04-26,458.58269999999999
2007-04-27,457.0926
2007-04-30,456.16129999999998
2007-05-01,458.95530000000002
2007-05-02,459.32780000000002
2007-05-03,459.88659999999999
2007-05-04,458.21019999999999
2007-05-07,459.32780000000002
2007-05-08,460.63170000000002
2007-05-09,461.19040000000001
2007-05-10,461.74919999999997
2007-05-11,462.12180000000001
2007-05-14,461.74919999999997
2007-05-15,460.25909999999999
2007-05-16,462.30799999999999
2007-05-17,463.42559999999997
2007-05-18,462.49430000000001
2007-05-21,463.79809999999998
2007-05-22,463.98439999999999
2007-05-23,463.61189999999999
2007-05-24,464.3569
2007-05-25,463.98439999999999
2007-05-29,464.17070000000001
2007-05-30,464.91570000000002
2007-05-31,464.17070000000001
2007-06-01,464.3569
2007-06-04,462.49430000000001
2007-06-05,461.19040000000001
2007-06-06,461.93549999999999
2007-06-07,464.91570000000002
2007-06-08,466.40589999999997
2007-06-11,467.52339999999998
2007-06-12,468.4529
2007-06-13,469.3861
2007-06-14,469.94490000000002
2007-06-15,467.3372
2007-06-18,466.77839999999998
2007-06-19,466.96460000000002
2007-06-20,466.96460000000002
2007-06-21,467.52339999999998
2007-06-22,464.72949999999997
2007-06-25,466.21960000000001
2007-06-26,465.47449999999998
2007-06-27,466.21960000000001
2007-06-28,466.21769999999998
2007-06-29,463.4461
2007-07-02,461.00420000000003
2007-07-03,460.25909999999999
2007-07-05,462.49430000000001
2007-07-06,461.64679999999998
2007-07-09,461.74919999999997
2007-07-10,458.58269999999999
2007-07-11,458.024
2007-07-12,457.27890000000002
2007-07-13,457.72590000000002
2007-07-16,457.46519999999998
2007-07-17,457.46519999999998
2007-07-18,457.0926
2007-07-19,456.90640000000002
2007-07-20,456.16129999999998
2007-07-23,457.0926
2007-07-24,453.55360000000002
2007-07-25,457.46519999999998
2007-07-26,455.41629999999998
2007-07-27,459.14150000000001
2007-07-30,459.88659999999999
2007-07-31,459.14150000000001
2007-08-01,459.32780000000002
2007-08-02,460.0729
2007-08-03,455.78879999999998
2007-08-06,456.7201
2007-08-07,458.024
2007-08-08,456.7201
2007-08-09,460.25909999999999
2007-08-10,460.63170000000002
2007-08-13,461.93549999999999
2007-08-14,464.91570000000002
2007-08-15,466.96460000000002
2007-08-16,465.66079999999999
2007-08-17,464.3569
2007-08-20,465.47449999999998
2007-08-21,465.66269999999997
2007-08-22,464.3569
2007-08-23,463.61189999999999
2007-08-24,461.56299999999999
2007-08-27,461.19040000000001
2007-08-28,461.19040000000001
2007-08-29,460.74340000000001
2007-08-30,462.86680000000001
2007-08-31,461.74919999999997
2007-09-04,462.49430000000001
2007-09-05,460.74340000000001
2007-09-06,459.51409999999998
2007-09-07,456.90640000000002
2007-09-10,456.3476
2007-09-11,456.90640000000002
2007-09-12,454.6712
2007-09-13,455.97500000000002
2007-09-14,455.97500000000002
2007-09-17,456.7201
2007-09-18,455.23000000000002
2007-09-19,455.0437
2007-09-20,451.61649999999997
2007-09-21,451.87720000000002
2007-09-24,451.69099999999997
2007-09-25,450.57339999999999
2007-09-26,452.06349999999998
2007-09-27,451.3184
2007-09-28,447.96379999999999
2007-10-01,448.52449999999999
2007-10-02,451.3184
2007-10-03,452.6968
2007-10-04,452.06349999999998
2007-10-05,451.3184
2007-10-08,454.11239999999998
2007-10-09,452.43599999999998
2007-10-10,451.13220000000001
2007-10-11,451.50470000000001
2007-10-12,450.75959999999998
2007-10-15,450.20089999999999
2007-10-16,450.75959999999998
2007-10-17,450.57339999999999
2007-10-18,447.77940000000001
2007-10-19,446.84809999999999
2007-10-22,450.57339999999999
2007-10-23,447.77940000000001
2007-10-24,447.03440000000001
2007-10-25,446.10300000000001
2007-10-26,444.24040000000002
2007-10-29,443.49529999999999
2007-10-30,444.38749999999999
2007-10-31,442.37779999999998
2007-11-01,443.86790000000002
2007-11-02,439.5838
2007-11-05,441.81900000000002
2007-11-06,440.3288
2007-11-07,438.09370000000001
2007-11-08,437.72109999999998
2007-11-09,437.72109999999998
2007-11-12,441.81900000000002
2007-11-13,440.14260000000002
2007-11-14,440.3288
2007-11-15,441.44639999999998
2007-11-16,440.88760000000002
2007-11-19,439.5838
2007-11-20,435.48599999999999
2007-11-21,433.25080000000003
2007-11-23,436.49180000000001
2007-11-26,434.18209999999999
2007-11-27,436.60359999999997
2007-11-28,437.9074
2007-11-29,440.3288
2007-11-30,443.6816
2007-12-03,442.75029999999998
2007-12-04,439.5838
2007-12-05,444.9855
2007-12-06,444.79919999999998
2007-12-07,445.54419999999999
2007-12-10,442.37779999999998
2007-12-11,441.44639999999998
2007-12-12,443.13029999999998
2007-12-13,444.61290000000002
2007-12-14,450.20089999999999
2007-12-17,453.92610000000002
2007-12-18,449.60660000000001
2007-12-19,450.92129999999997
2007-12-20,451.67250000000001
2007-12-21,452.79930000000002
2007-12-24,449.7944
2007-12-26,448.10419999999999
2007-12-27,445.28710000000001
2007-12-28,442.28219999999999
2007-12-31,445.09930000000003
2008-01-02,441.15539999999999
2008-01-03,442.09440000000001
2008-01-04,437.39920000000001
2008-01-07,441.71879999999999
2008-01-08,441.15539999999999
2008-01-09,444.53590000000003
2008-01-10,440.21629999999999
2008-01-11,442.28219999999999
2008-01-14,440.02850000000001
2008-01-15,439.65289999999999
2008-01-16,445.09930000000003
2008-01-17,444.34809999999999
2008-01-18,445.66269999999997
2008-01-22,446.36509999999998
2008-01-23,445.09930000000003
2008-01-24,441.34320000000002
2008-01-25,442.47000000000003
2008-01-28,439.65289999999999
2008-01-29,439.46510000000001
2008-01-30,436.83580000000001
2008-01-31,440.21629999999999
2008-02-01,441.90660000000003
2008-02-04,441.15539999999999
2008-02-05,445.85050000000001
2008-02-06,445.85050000000001
2008-02-07,450.17000000000002
2008-02-08,448.85539999999997
2008-02-11,447.91640000000001
2008-02-12,446.41390000000001
2008-02-13,447.1651
2008-02-14,445.66269999999997
2008-02-15,445.66269999999997
2008-02-19,444.91149999999999
2008-02-20,445.09930000000003
2008-02-21,441.90660000000003
2008-02-22,436.83580000000001
2008-02-25,439.08949999999999
2008-02-26,436.08460000000002
2008-02-27,433.26560000000001
2008-02-28,430.8261
2008-02-29,431.01389999999998
2008-03-03,430.07479999999998
2008-03-04,431.23919999999998
2008-03-05,429.13580000000002
2008-03-06,426.88209999999998
2008-03-07,428.1968
2008-03-10,426.88209999999998
2008-03-11,429.69920000000002
2008-03-12,422.18700000000001
2008-03-13,421.06020000000001
2008-03-14,421.80950000000001
2008-03-17,418.24310000000003
2008-03-18,423.12599999999998
2008-03-19,423.5016
2008-03-20,428.00900000000001
2008-03-24,434.39440000000002
2008-03-25,424.81630000000001
2008-03-26,418.85719999999998
2008-03-27,419.55770000000001
2008-03-28,419.93329999999997
2008-03-31,420.68450000000001
2008-04-01,427.2577
2008-04-02,423.12599999999998
2008-04-03,424.62849999999997
2008-04-04,420.49489999999997
2008-04-07,423.5016
2008-04-08,423.5016
2008-04-09,420.68450000000001
2008-04-10,422.56259999999997
2008-04-11,421.06020000000001
2008-04-14,421.06020000000001
2008-04-15,421.62360000000001
2008-04-16,417.49189999999999
2008-04-17,419.74549999999999
2008-04-18,422.56259999999997
2008-04-21,419.36989999999997
2008-04-22,417.86750000000001
2008-04-23,420.68450000000001
2008-04-24,425.37970000000001
2008-04-25,426.50650000000002
2008-04-28,425.94310000000002
2008-04-29,427.63339999999999
2008-04-30,424.62849999999997
2008-05-01,428.1968
2008-05-02,430.4504
2008-05-05,428.38459999999998
2008-05-06,426.88209999999998
2008-05-07,429.72739999999999
2008-05-08,429.69920000000002
2008-05-09,426.88029999999998
2008-05-12,426.31869999999998
2008-05-13,428.1968
2008-05-14,428.7226
2008-05-15,428.38459999999998
2008-05-16,424.25290000000001
2008-05-19,426.50650000000002
2008-05-20,422.18700000000001
2008-05-21,419.18209999999999
2008-05-22,421.81139999999999
2008-05-23,419.36989999999997
2008-05-27,421.81139999999999
2008-05-28,423.68939999999998
2008-05-29,427.06990000000002
2008-05-30,426.50650000000002
2008-06-02,425.94310000000002
2008-06-03,428.1968
2008-06-04,429.3236
2008-06-05,427.2577
2008-06-06,422.3109
2008-06-09,425.94310000000002
2008-06-10,430.4504
2008-06-11,427.63339999999999
2008-06-12,431.20170000000002
2008-06-13,431.76510000000002
2008-06-16,429.887
2008-06-17,428.94799999999998
2008-06-18,428.57240000000002
2008-06-19,428.94799999999998
2008-06-20,426.1309
2008-06-23,428.57240000000002
2008-06-24,427.44560000000001
2008-06-25,425.37970000000001
2008-06-26,422.75040000000001
2008-06-27,421.43579999999997
2008-06-30,422.37479999999999
2008-07-01,421.99919999999997
2008-07-02,419.93329999999997
2008-07-03,424.06509999999997
2008-07-07,423.68939999999998
2008-07-08,425.5675
2008-07-09,422.56259999999997
2008-07-10,422.18700000000001
2008-07-11,419.36989999999997
2008-07-14,418.61869999999999
2008-07-15,418.24310000000003
2008-07-16,420.30889999999999
2008-07-17,421.06020000000001
2008-07-18,421.06020000000001
2008-07-21,419.55770000000001
2008-07-22,422.56259999999997
2008-07-23,424.25290000000001
2008-07-24,423.87720000000002
2008-07-25,424.44069999999999
2008-07-28,423.5016
2008-07-29,427.06990000000002
2008-07-30,426.6943
2008-07-31,426.6943
2008-08-01,428.00900000000001
2008-08-04,428.1968
2008-08-05,431.3895
2008-08-06,432.70409999999998
2008-08-07,434.95780000000002
2008-08-08,441.90660000000003
2008-08-11,444.34809999999999
2008-08-12,443.40899999999999
2008-08-13,443.40899999999999
2008-08-14,446.03829999999999
2008-08-15,449.23099999999999
2008-08-18,447.35289999999998
2008-08-19,445.66269999999997
2008-08-20,446.78949999999998
2008-08-21,442.09440000000001
2008-08-22,446.41390000000001
2008-08-25,446.60169999999999
2008-08-26,448.85539999999997
2008-08-27,447.72859999999997
2008-08-28,448.85539999999997
2008-08-29,449.4169
2008-09-02,453.73829999999998
2008-09-03,453.5505
2008-09-04,457.11880000000002
2008-09-05,458.8091
2008-09-08,461.25060000000002
2008-09-09,461.06279999999998
2008-09-10,464.06760000000003
2008-09-11,465.00670000000002
2008-09-12,456.93099999999998
2008-09-15,452.61149999999998
2008-09-16,459.3725
2008-09-17,450.17000000000002
2008-09-18,451.48469999999998
2008-09-19,447.72859999999997
2008-09-22,437.58710000000002
2008-09-23,440.40410000000003
2008-09-24,444.72370000000001
2008-09-25,443.97239999999999
2008-09-26,443.99119999999999
2008-09-29,447.35289999999998
2008-09-30,458.99689999999998
2008-10-01,459.56220000000002
2008-10-02,467.26029999999997
2008-10-03,465.38040000000001
2008-10-06,470.92250000000001
2008-10-07,465.75790000000001
2008-10-08,466.13350000000003
2008-10-09,468.57499999999999
2008-10-10,469.32619999999997
2008-10-13,468.95060000000001
2008-10-14,468.76280000000003
2008-10-15,474.20909999999998
2008-10-16,474.96039999999999
2008-10-17,477.40179999999998
2008-10-20,480.59449999999998
2008-10-21,489.04579999999999
2008-10-22,495.05560000000003
2008-10-23,492.05070000000001
2008-10-24,504.82150000000001
2008-10-27,503.31900000000002
2008-10-28,498.99950000000001
2008-10-29,489.60919999999999
2008-10-30,490.54640000000001
2008-10-31,496.93360000000001
2008-11-03,500.12439999999998
2008-11-04,489.61110000000002
2008-11-05,491.4873
2008-11-06,498.24829999999997
2008-11-07,497.12139999999999
2008-11-10,497.49700000000001
2008-11-11,504.63369999999998
2008-11-12,506.32389999999998
2008-11-13,498.24829999999997
2008-11-14,502.38
2008-11-17,502.00439999999998
2008-11-18,503.5068
2008-11-19,505.2346
2008-11-20,508.57760000000002
2008-11-21,506.1361
2008-11-24,493.74090000000001
2008-11-25,487.91899999999998
2008-11-26,493.36529999999999
2008-11-28,498.62389999999999
2008-12-01,501.44099999999997
2008-12-02,498.62389999999999
2008-12-03,499.37509999999997
2008-12-04,498.06049999999999
2008-12-05,500.12630000000001
2008-12-08,491.67509999999999
2008-12-09,492.98779999999999
2008-12-10,490.17259999999999
2008-12-11,479.2799
2008-12-12,478.15309999999999
2008-12-15,469.89530000000002
2008-12-16,458.54419999999999
2008-12-17,453.06049999999999
2008-12-18,460.81319999999999
2008-12-19,467.84739999999999
2008-12-22,467.58269999999999
2008-12-23,467.2423
2008-12-24,467.0532
2008-12-26,464.59500000000003
2008-12-29,466.86410000000001
2008-12-30,464.78410000000002
2008-12-31,466.86410000000001
2009-01-02,471.21129999999999
2009-01-05,476.31869999999998
2009-01-06,475.56229999999999
2009-01-07,472.53680000000003
2009-01-08,467.80959999999999
2009-01-09,474.995
2009-01-12,477.26409999999998
2009-01-13,482.72879999999998
2009-01-14,484.6386
2009-01-15,484.4495
2009-01-16,480.28949999999998
2009-01-20,494.09309999999999
2009-01-21,489.7441
2009-01-22,489.36590000000001
2009-01-23,489.17680000000001
2009-01-26,482.74770000000001
2009-01-27,482.18049999999999
2009-01-28,483.88229999999999
2009-01-29,487.66410000000002
2009-01-30,490.68950000000001
2009-02-02,490.31130000000002
2009-02-03,484.2604
2009-02-04,488.79860000000002
2009-02-05,490.31130000000002
2009-02-06,486.15140000000002
2009-02-09,482.93680000000001
2009-02-10,488.60950000000003
2009-02-11,489.36590000000001
2009-02-12,491.2568
2009-02-13,489.7441
2009-02-17,499.3877
2009-02-18,501.65679999999998
2009-02-19,498.82040000000001
2009-02-20,491.82409999999999
2009-02-23,496.36219999999997
2009-02-24,493.71499999999997
2009-02-25,499.76589999999999
2009-02-26,499.3877
2009-02-27,500.66590000000002
2009-03-02,505.81670000000003
2009-03-03,505.6277
2009-03-04,502.79320000000001
2009-03-05,505.43860000000001
2009-03-06,502.98039999999997
2009-03-09,505.81670000000003
2009-03-10,502.98039999999997
2009-03-11,497.49680000000001
2009-03-12,495.07639999999998
2009-03-13,495.56810000000002
2009-03-16,494.07420000000002
2009-03-17,493.33679999999998
2009-03-18,477.52879999999999
2009-03-19,471.78050000000002
2009-03-20,475.75139999999999
2009-03-23,473.29320000000001
2009-03-24,478.58769999999998
2009-03-25,474.80590000000001
2009-03-26,477.83139999999997
2009-03-27,483.50409999999999
2009-03-30,486.52760000000001
2009-03-31,484.82769999999999
2009-04-01,485.20589999999999
2009-04-02,478.77679999999998
2009-04-03,477.26409999999998
2009-04-06,479.53320000000002
2009-04-07,483.1259
2009-04-08,483.315
2009-04-09,485.20589999999999
2009-04-13,478.77679999999998
2009-04-14,479.91140000000001
2009-04-15,480.66770000000002
2009-04-16,482.36950000000002
2009-04-17,487.28590000000003
2009-04-20,491.0677
2009-04-21,489.9332
2009-04-22,488.60950000000003
2009-04-23,483.1259
2009-04-24,479.34410000000003
2009-04-27,485.01679999999999
2009-04-28,481.9914
2009-04-29,478.58769999999998
2009-04-30,479.15499999999997
2009-05-01,478.02050000000003
2009-05-04,473.67140000000001
2009-05-05,475.1841
2009-05-06,474.23869999999999
2009-05-07,474.23869999999999
2009-05-08,465.7296
2009-05-11,468.18779999999998
2009-05-12,465.7296
2009-05-13,467.4314
2009-05-14,465.9187
2009-05-15,469.13319999999999
2009-05-18,466.67500000000001
2009-05-19,464.21690000000001
2009-05-20,458.54419999999999
2009-05-21,455.51870000000002
2009-05-22,452.30419999999998
2009-05-26,453.24959999999999
2009-05-27,454.76229999999998
2009-05-28,455.14049999999997
2009-05-29,448.7115
2009-06-01,447.57690000000002
2009-06-02,443.4169
2009-06-03,450.0351
2009-06-04,449.08960000000002
2009-06-05,456.84230000000002
2009-06-08,457.03140000000002
2009-06-09,451.1696
2009-06-10,453.81689999999998
2009-06-11,449.27870000000001
2009-06-12,453.62779999999998
2009-06-15,461.94779999999997
2009-06-16,455.89690000000002
2009-06-17,453.24959999999999
2009-06-18,455.32960000000003
2009-06-19,453.24959999999999
2009-06-22,456.27510000000001
2009-06-23,450.98050000000001
2009-06-24,453.62779999999998
2009-06-25,453.24959999999999
2009-06-26,450.60239999999999
2009-06-29,450.2242
2009-06-30,451.92599999999999
2009-07-01,449.65690000000001
2009-07-02,452.11509999999998
2009-07-06,452.83359999999999
2009-07-07,454.76229999999998
2009-07-08,454.19510000000002
2009-07-09,450.41329999999999
2009-07-10,451.5478
2009-07-13,450.79149999999998
2009-07-14,451.1696
2009-07-15,446.82060000000001
2009-07-16,446.44240000000002
2009-07-17,447.38780000000003
2009-07-20,444.36239999999998
2009-07-21,444.55149999999998
2009-07-22,443.79509999999999
2009-07-23,443.79509999999999
2009-07-24,443.2278
2009-07-27,442.84969999999998
2009-07-28,444.17329999999998
2009-07-29,447.38780000000003
2009-07-30,446.82060000000001
2009-07-31,440.9588
2009-08-03,437.36599999999999
2009-08-04,437.36599999999999
2009-08-05,436.79880000000003
2009-08-06,438.87880000000001
2009-08-07,443.98419999999999
2009-08-10,445.49689999999998
2009-08-11,445.87509999999997
2009-08-12,443.79509999999999
2009-08-13,441.71510000000001
2009-08-14,443.4169
2009-08-17,446.06420000000003
2009-08-18,444.92959999999999
2009-08-19,442.0933
2009-08-20,440.7697
2009-08-21,439.25689999999997
2009-08-24,440.20240000000001
2009-08-25,440.20240000000001
2009-08-26,441.9042
2009-08-27,439.44600000000003
2009-08-28,440.20240000000001
2009-08-31,439.82420000000002
2009-09-01,442.66059999999999
2009-09-02,440.9588
2009-09-03,441.33690000000001
2009-09-04,439.63510000000002
2009-09-08,434.71879999999999
2009-09-09,433.20600000000002
2009-09-10,432.26060000000001
2009-09-11,431.31509999999997
2009-09-14,430.93700000000001
2009-09-15,429.42419999999998
2009-09-16,428.10059999999999
2009-09-17,428.85700000000003
2009-09-18,430.36970000000002
2009-09-21,431.88240000000002
2009-09-22,427.3442
2009-09-23,429.23509999999999
2009-09-24,432.44970000000001
2009-09-25,431.31509999999997
2009-09-28,432.6388
2009-09-29,433.39510000000001
2009-09-30,430.93700000000001
2009-10-01,433.9624
2009-10-02,433.017
2009-10-05,430.55880000000002
2009-10-06,428.66789999999997
2009-10-07,429.04610000000002
2009-10-08,426.2097
2009-10-09,429.61329999999998
2009-10-12,427.72239999999999
2009-10-13,426.77699999999999
2009-10-14,423.56240000000003
2009-10-15,423.75150000000002
2009-10-16,424.8861
2009-10-19,422.80610000000001
2009-10-20,424.697
2009-10-21,422.04969999999997
2009-10-22,421.86059999999998
2009-10-23,424.12970000000001
2009-10-26,426.96609999999998
2009-10-27,428.06279999999998
2009-10-28,429.80239999999998
2009-10-29,426.77699999999999
2009-10-30,429.23509999999999
2009-11-02,427.72239999999999
2009-11-03,428.85700000000003
2009-11-04,425.64240000000001
2009-11-05,433.77330000000001
2009-11-06,431.69330000000002
2009-11-09,426.2097
2009-11-10,424.31880000000001
2009-11-11,425.0752
2009-11-12,431.12610000000001
2009-11-13,422.04969999999997
2009-11-16,420.15879999999999
2009-11-17,422.80610000000001
2009-11-18,421.29340000000002
2009-11-19,422.61700000000002
2009-11-20,424.31880000000001
2009-11-23,421.10430000000002
2009-11-24,421.48239999999998
2009-11-25,416.56610000000001
2009-11-27,420.91520000000003
2009-11-30,419.21339999999998
2009-12-01,417.32249999999999
2009-12-02,418.64609999999999
2009-12-03,418.83519999999999
2009-12-04,425.0752
2009-12-07,425.0752
2009-12-08,427.15519999999998
2009-12-09,425.45330000000001
2009-12-10,425.45330000000001
2009-12-11,428.85700000000003
2009-12-14,427.91149999999999
2009-12-15,430.93700000000001
2009-12-16,430.55880000000002
2009-12-17,435.09690000000001
2009-12-18,435.09690000000001
2009-12-21,436.42059999999998
2009-12-22,437.93329999999997
2009-12-23,435.4751
2009-12-24,435.4751
2009-12-28,434.34059999999999
2009-12-29,435.66419999999999
2009-12-30,435.66419999999999
2009-12-31,436.42059999999998
2010-01-04,433.39510000000001
2010-01-05,433.20600000000002
2010-01-06,432.07150000000001
2010-01-07,434.90789999999998
2010-01-08,431.88240000000002
2010-01-11,429.61329999999998
2010-01-12,429.61329999999998
2010-01-13,429.23509999999999
2010-01-14,428.10059999999999
2010-01-15,430.55880000000002
2010-01-19,431.88240000000002
2010-01-20,437.17689999999999
2010-01-21,437.17689999999999
2010-01-22,436.42059999999998
2010-01-25,435.85329999999999
2010-01-26,437.74419999999998
2010-01-27,439.25689999999997
2010-01-28,440.01330000000002
2010-01-29,443.4169
2010-02-01,441.52600000000001
2010-02-02,440.01330000000002
2010-02-03,442.47149999999999
2010-02-04,445.30779999999999
2010-02-05,447.19869999999997
2010-02-08,447.00959999999998
2010-02-09,444.17329999999998
2010-02-10,445.49689999999998
2010-02-11,445.30779999999999
2010-02-12,446.82060000000001
2010-02-16,443.03870000000001
2010-02-17,447.19869999999997
2010-02-18,447.19869999999997
2010-02-19,448.5224
2010-02-22,447.76600000000002
2010-02-23,450.2242
2010-02-24,449.27870000000001
2010-02-25,448.33330000000001
2010-02-26,447.00959999999998
2010-03-01,448.5224
2010-03-02,447.19869999999997
2010-03-03,444.55149999999998
2010-03-04,447.00959999999998
2010-03-05,446.82060000000001
2010-03-08,446.63150000000002
2010-03-09,447.38780000000003
2010-03-10,446.63150000000002
2010-03-11,445.68599999999998
2010-03-12,442.84969999999998
2010-03-15,445.30779999999999
2010-03-16,442.0933
2010-03-17,442.2824
2010-03-18,445.30779999999999
2010-03-19,448.33330000000001
2010-03-22,447.19869999999997
2010-03-23,448.7115
2010-03-24,454.76229999999998
2010-03-25,456.27510000000001
2010-03-26,453.06049999999999
2010-03-29,450.79149999999998
2010-03-30,452.49329999999998
2010-03-31,450.0351
2010-04-01,447.38780000000003
2010-04-05,449.65690000000001
2010-04-06,450.98050000000001
2010-04-07,451.92599999999999
2010-04-08,451.5478
2010-04-09,448.14420000000001
2010-04-12,446.25330000000002
2010-04-13,446.25330000000002
2010-04-14,443.98419999999999
2010-04-15,445.68599999999998
2010-04-16,447.19869999999997
2010-04-19,447.95510000000002
2010-04-20,448.7115
2010-04-21,449.65690000000001
2010-04-22,451.73689999999999
2010-04-23,450.79149999999998
2010-04-26,450.60239999999999
2010-04-27,456.08600000000001
2010-04-28,455.89690000000002
2010-04-29,453.81689999999998
2010-04-30,453.06049999999999
2010-05-03,455.89690000000002
2010-05-04,461.00229999999999
2010-05-05,465.35140000000001
2010-05-06,469.16910000000001
2010-05-07,467.0532
2010-05-10,465.9187
2010-05-11,467.99869999999999
2010-05-12,469.32229999999998
2010-05-13,471.96960000000001
2010-05-14,476.31869999999998
2010-05-17,476.31869999999998
2010-05-18,481.42410000000001
2010-05-19,476.88589999999999
2010-05-20,474.42770000000002
2010-05-21,472.34780000000001
2010-05-24,477.07499999999999
2010-05-25,478.39859999999999
2010-05-26,481.61320000000001
2010-05-27,476.5077
2010-05-28,479.15499999999997
2010-06-01,479.34410000000003
2010-06-02,479.15499999999997
2010-06-03,481.61320000000001
2010-06-04,487.28590000000003
2010-06-07,488.42039999999997
2010-06-08,486.90769999999998
2010-06-09,485.01679999999999
2010-06-10,479.91140000000001
2010-06-11,481.42410000000001
2010-06-14,477.07499999999999
2010-06-15,473.10410000000002
2010-06-16,474.61680000000001
2010-06-17,471.78050000000002
2010-06-18,471.59140000000002
2010-06-21,473.29320000000001
2010-06-22,474.0496
2010-06-23,472.15870000000001
2010-06-24,472.15870000000001
2010-06-25,469.51139999999998
2010-06-28,471.96960000000001
2010-06-29,474.23869999999999
2010-06-30,473.8605
2010-07-01,465.16230000000002
2010-07-02,464.59500000000003
2010-07-06,463.08229999999998
2010-07-07,461.56959999999998
2010-07-08,461.00229999999999
2010-07-09,462.13690000000003
2010-07-12,463.46050000000002
2010-07-13,459.4896
2010-07-14,458.54419999999999
2010-07-15,453.24959999999999
2010-07-16,454.00599999999997
2010-07-19,454.38420000000002
2010-07-20,455.14049999999997
2010-07-21,458.166
2010-07-22,454.38420000000002
2010-07-23,453.62779999999998
2010-07-26,451.1696
2010-07-27,451.92599999999999
2010-07-28,451.73689999999999
2010-07-29,448.7115
2010-07-30,448.90050000000002
2010-08-02,444.74059999999997
2010-08-03,442.84969999999998
2010-08-04,445.30779999999999
2010-08-05,443.79509999999999
2010-08-06,441.52600000000001
2010-08-09,443.79509999999999
2010-08-10,444.74059999999997
2010-08-11,452.49329999999998
2010-08-12,454.00599999999997
2010-08-13,455.89690000000002
2010-08-16,453.06049999999999
2010-08-17,451.5478
2010-08-18,452.11509999999998
2010-08-19,453.06049999999999
2010-08-20,456.27510000000001
2010-08-23,457.22050000000002
2010-08-24,456.46420000000001
2010-08-25,457.22050000000002
2010-08-26,454.38420000000002
2010-08-27,455.14049999999997
2010-08-30,456.46420000000001
2010-08-31,456.08600000000001
2010-09-01,452.49329999999998
2010-09-02,452.11509999999998
2010-09-03,449.846
2010-09-07,454.57330000000002
2010-09-08,453.06049999999999
2010-09-09,453.06049999999999
2010-09-10,453.43869999999998
2010-09-13,448.5224
2010-09-14,444.74059999999997
2010-09-15,446.63150000000002
2010-09-16,445.11869999999999
2010-09-17,446.25330000000002
2010-09-20,445.68599999999998
2010-09-21,440.7697
2010-09-22,437.55509999999998
2010-09-23,438.87880000000001
2010-09-24,434.34059999999999
2010-09-27,434.90789999999998
2010-09-28,432.6388
2010-09-29,431.88240000000002
2010-09-30,431.88240000000002
2010-10-01,428.28969999999998
2010-10-04,430.18060000000003
2010-10-05,426.58789999999999
2010-10-06,424.50790000000001
2010-10-07,425.0752
2010-10-08,423.56240000000003
2010-10-11,425.26429999999999
2010-10-12,423.94060000000002
2010-10-13,422.80610000000001
2010-10-14,419.96969999999999
2010-10-15,422.42790000000002
2010-10-18,422.04969999999997
2010-10-19,429.23509999999999
2010-10-20,423.37329999999997
2010-10-21,424.8861
2010-10-22,424.8861
2010-10-25,422.99520000000001
2010-10-26,425.83150000000001
2010-10-27,428.28969999999998
2010-10-28,423.75150000000002
2010-10-29,422.99520000000001
2010-11-01,423.75150000000002
2010-11-02,420.63150000000002
2010-11-03,418.64609999999999
2010-11-04,415.4316
2010-11-05,419.4024
2010-11-08,421.76609999999999
2010-11-09,425.45330000000001
2010-11-10,425.0752
2010-11-11,428.10059999999999
2010-11-12,427.5333
2010-11-15,430.93700000000001
2010-11-16,433.39510000000001
2010-11-17,433.017
2010-11-18,429.99149999999997
2010-11-19,428.66789999999997
2010-11-22,429.89699999999999
2010-11-23,435.66419999999999
2010-11-24,436.23149999999998
2010-11-26,438.87880000000001
2010-11-29,441.52600000000001
2010-11-30,444.36239999999998
2010-12-01,440.5806
2010-12-02,437.93329999999997
2010-12-03,432.6388
2010-12-06,434.71879999999999
2010-12-07,436.60969999999998
2010-12-08,436.79880000000003
2010-12-09,437.17689999999999
2010-12-10,437.17689999999999
2010-12-13,432.44970000000001
2010-12-14,433.20600000000002
2010-12-15,437.74419999999998
2010-12-16,436.60969999999998
2010-12-17,438.50060000000002
2010-12-20,439.44600000000003
2010-12-21,440.39150000000001
2010-12-22,440.01330000000002
2010-12-23,438.68970000000002
2010-12-27,437.74419999999998
2010-12-28,437.93329999999997
2010-12-29,434.90789999999998
2010-12-30,433.39510000000001
2010-12-31,429.42419999999998
2011-01-03,431.55149999999998
2011-01-04,432.6388
2011-01-05,436.98790000000002
2011-01-06,440.3442
2011-01-07,441.76240000000001
2011-01-10,440.24970000000002
2011-01-11,439.91879999999998
2011-01-12,435.61689999999999
2011-01-13,431.12610000000001
2011-01-14,430.55880000000002
2011-01-18,430.13330000000002
2011-01-19,427.5333
2011-01-20,428.85700000000003
2011-01-21,425.26429999999999
2011-01-24,424.31880000000001
2011-01-25,424.03519999999997
2011-01-26,423.27879999999999
2011-01-27,422.61700000000002
2011-01-28,425.26429999999999
2011-01-31,422.80610000000001
2011-02-01,418.64609999999999
2011-02-02,419.35520000000002
2011-02-03,422.7115
2011-02-04,424.17700000000002
2011-02-07,424.17700000000002
2011-02-08,423.65699999999998
2011-02-09,421.86059999999998
2011-02-10,425.26429999999999
2011-02-11,426.35149999999999
2011-02-14,426.96609999999998
2011-02-15,427.3442
2011-02-16,424.8861
2011-02-17,423.75150000000002
2011-02-18,421.71879999999999
2011-02-22,422.75880000000001
2011-02-23,420.34789999999998
2011-02-24,418.83519999999999
2011-02-25,419.49700000000001
2011-02-28,417.70060000000001
2011-03-01,418.2679
2011-03-02,415.99880000000002
2011-03-03,415.4316
2011-03-04,414.7697
2011-03-07,415.24250000000001
2011-03-08,417.08609999999999
2011-03-09,416.37700000000001
2011-03-10,419.5915
2011-03-11,416.56610000000001
2011-03-14,414.48610000000002
2011-03-15,414.86430000000001
2011-03-16,416.18790000000001
2011-03-17,412.59519999999998
2011-03-18,410.70429999999999
2011-03-21,409.38069999999999
2011-03-22,409.47519999999997
2011-03-23,411.83879999999999
2011-03-24,410.89339999999999
2011-03-25,413.6352
2011-03-28,413.35160000000002
2011-03-29,413.16250000000002
2011-03-30,412.78429999999997
2011-03-31,412.02789999999999
2011-04-01,411.6497
2011-04-04,411.6497
2011-04-05,411.83879999999999
2011-04-06,409.56970000000001
2011-04-07,409.75880000000001
2011-04-08,406.54430000000002
2011-04-11,407.11160000000001
2011-04-12,406.16609999999997
2011-04-13,406.54430000000002
2011-04-14,405.03160000000003
2011-04-15,405.78789999999998
2011-04-18,409.56970000000001
2011-04-19,407.11160000000001
2011-04-20,403.14069999999998
2011-04-21,401.53339999999997
2011-04-25,401.0607
2011-04-26,400.11520000000002
2011-04-27,397.46800000000002
2011-04-28,396.33339999999998
2011-04-29,396.14429999999999
2011-05-02,396.52249999999998
2011-05-03,396.428
2011-05-04,396.33339999999998
2011-05-05,402.1952
2011-05-06,405.22070000000002
2011-05-09,404.65339999999998
2011-05-10,404.27519999999998
2011-05-11,408.05700000000002
2011-05-12,407.30070000000001
2011-05-13,410.137
2011-05-16,408.8134
2011-05-17,408.43520000000001
2011-05-18,408.24610000000001
2011-05-19,406.54430000000002
2011-05-20,409.38069999999999
2011-05-23,412.02789999999999
2011-05-24,410.89339999999999
2011-05-25,410.51519999999999
2011-05-26,408.8134
2011-05-27,405.40980000000002
2011-05-31,403.49990000000003
2011-06-01,404.46429999999998
2011-06-02,401.81700000000001
2011-06-03,398.79160000000002
2011-06-06,399.92610000000002
2011-06-07,397.65710000000001
2011-06-08,399.548
2011-06-09,400.8716
2011-06-10,404.65339999999998
2011-06-13,402.57339999999999
2011-06-14,402.0061
2011-06-15,408.47300000000001
2011-06-16,408.24610000000001
2011-06-17,405.59890000000001
2011-06-20,405.59890000000001
2011-06-21,402.95159999999998
2011-06-22,404.46429999999998
2011-06-23,406.54430000000002
2011-06-24,409.0025
2011-06-27,407.11160000000001
2011-06-28,405.59890000000001
2011-06-29,403.14069999999998
2011-06-30,401.24979999999999
2011-07-01,400.8716
2011-07-05,402.3843
2011-07-06,404.84249999999997
2011-07-07,404.08609999999999
2011-07-08,405.03160000000003
2011-07-11,410.51519999999999
2011-07-12,410.3261
2011-07-13,405.97699999999998
2011-07-14,405.97699999999998
2011-07-15,405.22070000000002
2011-07-18,406.16609999999997
2011-07-19,405.22070000000002
2011-07-20,403.32979999999998
2011-07-21,399.548
2011-07-22,399.548
2011-07-25,399.16980000000001
2011-07-26,395.76620000000003
2011-07-27,398.79160000000002
2011-07-28,399.548
2011-07-29,397.65710000000001
2011-08-01,399.73700000000002
2011-08-02,400.30430000000001
2011-08-03,398.41340000000002
2011-08-04,404.65339999999998
2011-08-05,401.24979999999999
2011-08-08,401.81700000000001
2011-08-09,398.41340000000002
2011-08-10,401.81700000000001
2011-08-11,401.24979999999999
2011-08-12,401.24979999999999
2011-08-15,397.08980000000003
2011-08-16,397.27890000000002
2011-08-17,396.33339999999998
2011-08-18,398.60250000000002
2011-08-19,397.65710000000001
2011-08-22,398.41340000000002
2011-08-23,396.71159999999998
2011-08-24,397.46800000000002
2011-08-25,398.60250000000002
2011-08-26,396.33339999999998
2011-08-29,395.76620000000003
2011-08-30,397.18430000000001
2011-08-31,398.41340000000002
2011-09-01,400.11520000000002
2011-09-02,401.24979999999999
2011-09-06,407.4898
2011-09-07,405.22070000000002
2011-09-08,409.38069999999999
2011-09-09,414.29700000000003
2011-09-12,414.48610000000002
2011-09-13,413.16250000000002
2011-09-14,412.02789999999999
2011-09-15,409.56970000000001
2011-09-16,411.08249999999998
2011-09-19,413.35160000000002
2011-09-20,413.35160000000002
2011-09-21,416.56610000000001
2011-09-22,420.91520000000003
2011-09-23,419.78059999999999
2011-09-26,419.4024
2011-09-27,416.9443
2011-09-28,418.45699999999999
2011-09-29,417.51150000000001
2011-09-30,421.76609999999999
2011-10-03,425.64240000000001
2011-10-04,423.94060000000002
2011-10-05,422.61700000000002
2011-10-06,419.96969999999999
2011-10-07,421.10430000000002
2011-10-10,414.48610000000002
2011-10-11,414.10789999999997
2011-10-12,411.46069999999997
2011-10-13,411.27159999999998
2011-10-14,409.38069999999999
2011-10-17,412.02789999999999
2011-10-18,411.46069999999997
2011-10-19,411.83879999999999
2011-10-20,411.08249999999998
2011-10-21,407.30070000000001
2011-10-24,406.35520000000002
2011-10-25,406.73340000000002
2011-10-26,406.6388
2011-10-27,399.92610000000002
2011-10-28,400.11520000000002
2011-10-31,407.86790000000002
2011-11-01,412.21699999999998
2011-11-02,411.27159999999998
2011-11-03,409.38069999999999
2011-11-04,410.51519999999999
2011-11-07,410.137
2011-11-08,408.24610000000001
2011-11-09,415.4316
2011-11-10,414.29700000000003
2011-11-11,410.137
2011-11-14,412.97340000000003
2011-11-15,415.4316
2011-11-16,416.7552
2011-11-17,417.32249999999999
2011-11-18,416.18790000000001
2011-11-21,416.9443
2011-11-22,416.7552
2011-11-23,421.48239999999998
2011-11-25,423.94060000000002
2011-11-28,422.23880000000003
2011-11-29,420.72609999999997
2011-11-30,417.13339999999999
2011-12-01,416.9443
2011-12-02,418.2679
2011-12-05,418.2679
2011-12-06,417.8897
2011-12-07,417.32249999999999
2011-12-08,419.5915
2011-12-09,418.2679
2011-12-12,422.61700000000002
2011-12-13,426.77699999999999
2011-12-14,427.72239999999999
2011-12-15,426.58789999999999
2011-12-16,425.26429999999999
2011-12-19,426.77699999999999
2011-12-20,423.18430000000001
2011-12-21,423.18430000000001
2011-12-22,423.18430000000001
2011-12-23,423.27879999999999
2011-12-27,422.42790000000002
2011-12-28,426.39879999999999
2011-12-29,425.64240000000001
2011-12-30,424.8861
2012-01-03,421.19880000000001
2012-01-04,423.56240000000003
2012-01-05,428.10059999999999
2012-01-06,429.61329999999998
2012-01-09,428.10059999999999
2012-01-10,427.72239999999999
2012-01-11,429.61329999999998
2012-01-12,426.77699999999999
2012-01-13,430.18060000000003
2012-01-17,428.66789999999997
2012-01-18,424.8861
2012-01-19,422.61700000000002
2012-01-20,422.99520000000001
2012-01-23,420.53699999999998
2012-01-24,421.10430000000002
2012-01-25,419.21339999999998
2012-01-26,418.83519999999999
2012-01-27,415.80970000000002
2012-01-30,417.32249999999999
2012-01-31,418.2679
2012-02-01,416.37700000000001
2012-02-02,416.56610000000001
2012-02-03,416.56610000000001
2012-02-06,416.7552
2012-02-07,413.91879999999998
2012-02-08,414.29700000000003
2012-02-09,414.48610000000002
2012-02-10,417.13339999999999
2012-02-13,416.56610000000001
2012-02-14,418.64609999999999
2012-02-15,419.96969999999999
2012-02-16,418.45699999999999
2012-02-17,418.45699999999999
2012-02-21,416.7552
2012-02-22,417.32249999999999
2012-02-23,414.10789999999997
2012-02-24,412.40609999999998
2012-02-27,413.72969999999998
2012-02-28,411.83879999999999
2012-02-29,415.24250000000001
2012-03-01,415.24250000000001
2012-03-02,418.0788
2012-03-05,417.70060000000001
2012-03-06,420.34789999999998
2012-03-07,419.78059999999999
2012-03-08,416.9443
2012-03-09,420.91520000000003
2012-03-12,420.34789999999998
2012-03-13,421.67149999999998
2012-03-14,423.94060000000002
2012-03-15,422.23880000000003
2012-03-16,419.4024
2012-03-19,417.13339999999999
2012-03-20,417.8897
2012-03-21,418.0788
2012-03-22,418.55149999999998
2012-03-23,416.37700000000001
2012-03-26,413.81099999999998
2012-03-27,415.24250000000001
2012-03-28,415.05340000000001
2012-03-29,414.86430000000001
2012-03-30,414.29700000000003
2012-04-02,413.25700000000001
2012-04-03,416.37700000000001
2012-04-04,418.45699999999999
2012-04-05,419.78059999999999
2012-04-09,418.36250000000001
2012-04-10,419.02429999999998
2012-04-11,418.45699999999999
2012-04-12,415.62060000000002
2012-04-13,419.02429999999998
2012-04-16,417.32249999999999
2012-04-17,417.13339999999999
2012-04-18,417.13339999999999
2012-04-19,416.9443
2012-04-20,414.67520000000002
2012-04-23,415.99880000000002
2012-04-24,414.86430000000001
2012-04-25,413.91879999999998
2012-04-26,413.35160000000002
2012-04-27,412.59519999999998
2012-04-30,412.40609999999998
2012-05-01,412.78429999999997
2012-05-02,414.10789999999997
2012-05-03,414.48610000000002
2012-05-04,416.18790000000001
2012-05-07,416.7552
2012-05-08,417.70060000000001
2012-05-09,419.4024
2012-05-10,419.78059999999999
2012-05-11,420.53699999999998
2012-05-14,422.33330000000001
2012-05-15,425.83150000000001
2012-05-16,426.77699999999999
2012-05-17,426.39879999999999
2012-05-18,424.697
2012-05-21,423.37329999999997
2012-05-22,427.72239999999999
2012-05-23,429.23509999999999
2012-05-24,430.93700000000001
2012-05-25,431.50420000000003
2012-05-29,431.12610000000001
2012-05-30,434.52969999999999
2012-05-31,434.71879999999999
2012-06-01,433.39510000000001
2012-06-04,431.50420000000003
2012-06-05,433.017
2012-06-06,429.42419999999998
2012-06-07,429.99149999999997
2012-06-08,431.31509999999997
2012-06-11,431.88240000000002
2012-06-12,430.36970000000002
2012-06-13,429.04610000000002
2012-06-14,427.3442
2012-06-15,425.45330000000001
2012-06-18,427.3442
2012-06-19,424.12970000000001
2012-06-20,424.697
2012-06-21,429.23509999999999
2012-06-22,428.28969999999998
2012-06-25,429.61329999999998
2012-06-26,428.85700000000003
2012-06-27,430.18060000000003
2012-06-28,430.74790000000002
2012-06-29,424.8861
2012-07-02,425.83150000000001
2012-07-03,425.45330000000001
2012-07-05,431.12610000000001
2012-07-06,433.9624
2012-07-09,432.6388
2012-07-10,434.1515
2012-07-11,434.52969999999999
2012-07-12,435.4751
2012-07-13,433.58420000000001
2012-07-16,432.26060000000001
2012-07-17,431.88240000000002
2012-07-18,431.50420000000003
2012-07-19,431.31509999999997
2012-07-20,434.52969999999999
2012-07-23,435.09690000000001
2012-07-24,436.79880000000003
2012-07-25,434.52969999999999
2012-07-26,430.18060000000003
2012-07-27,429.99149999999997
2012-07-30,430.55880000000002
2012-07-31,429.42419999999998
2012-08-01,432.44970000000001
2012-08-02,433.20600000000002
2012-08-03,427.91149999999999
2012-08-06,427.3442
2012-08-07,427.3442
2012-08-08,428.10059999999999
2012-08-09,429.61329999999998
2012-08-10,428.85700000000003
2012-08-13,428.28969999999998
2012-08-14,428.47879999999998
2012-08-15,429.61329999999998
2012-08-16,428.10059999999999
2012-08-17,428.85700000000003
2012-08-20,428.28969999999998
2012-08-21,425.45330000000001
2012-08-22,423.37329999999997
2012-08-23,422.61700000000002
2012-08-24,423.94060000000002
2012-08-27,424.31880000000001
2012-08-28,422.61700000000002
2012-08-29,423.37329999999997
2012-08-30,424.31880000000001
2012-08-31,421.67149999999998
2012-09-04,422.23880000000003
2012-09-05,421.86059999999998
2012-09-06,420.72609999999997
2012-09-07,416.18790000000001
2012-09-10,417.51150000000001
2012-09-11,414.29700000000003
2012-09-12,413.91879999999998
2012-09-13,411.27159999999998
2012-09-14,409.19159999999999
2012-09-17,409.75880000000001
2012-09-18,411.08249999999998
2012-09-19,409.75880000000001
2012-09-20,411.6497
2012-09-21,411.27159999999998
2012-09-24,412.21699999999998
2012-09-25,412.97340000000003
2012-09-26,413.72969999999998
2012-09-27,412.50069999999999
2012-09-28,414.48610000000002
2012-10-01,413.54059999999998
2012-10-02,413.16250000000002
2012-10-03,414.29700000000003
2012-10-04,411.36610000000002
2012-10-05,411.46069999999997
2012-10-08,412.40609999999998
2012-10-09,415.05340000000001
2012-10-10,414.10789999999997
2012-10-11,413.35160000000002
2012-10-12,412.78429999999997
2012-10-15,412.97340000000003
2012-10-16,411.27159999999998
2012-10-17,409.19159999999999
2012-10-18,410.89339999999999
2012-10-19,412.40609999999998
2012-10-22,412.40609999999998
2012-10-23,414.29700000000003
2012-10-24,414.29700000000003
2012-10-25,414.67520000000002
2012-10-26,414.67520000000002
2012-10-31,413.91879999999998
2012-11-01,414.48610000000002
2012-11-02,417.32249999999999
2012-11-05,418.2679
2012-11-06,417.70060000000001
2012-11-07,418.45699999999999
2012-11-08,418.45699999999999
2012-11-09,419.4024
2012-11-12,419.5915
2012-11-13,419.96969999999999
2012-11-14,419.78059999999999
2012-11-15,419.78059999999999
2012-11-16,420.53699999999998
2012-11-19,418.64609999999999
2012-11-20,418.45699999999999
2012-11-21,418.64609999999999
2012-11-23,414.67520000000002
2012-11-26,414.86430000000001
2012-11-27,416.18790000000001
2012-11-28,415.4316
2012-11-29,414.86430000000001
2012-11-30,414.48610000000002
2012-12-03,413.16250000000002
2012-12-04,411.83879999999999
2012-12-05,412.78429999999997
2012-12-06,415.05340000000001
2012-12-07,415.71519999999998
2012-12-10,415.24250000000001
2012-12-11,413.72969999999998
2012-12-12,412.97340000000003
2012-12-13,413.35160000000002
2012-12-14,411.27159999999998
2012-12-17,411.27159999999998
2012-12-18,409.9479
2012-12-19,409.75880000000001
2012-12-20,409.38069999999999
2012-12-21,411.46069999999997
2012-12-24,411.46069999999997
2012-12-26,411.46069999999997
2012-12-27,411.46069999999997
2012-12-28,411.83879999999999
2012-12-31,412.40609999999998
2013-01-02,412.40609999999998
2013-01-03,415.80970000000002
2013-01-04,415.80970000000002
2013-01-07,414.48610000000002
2013-01-08,415.05340000000001
2013-01-09,416.37700000000001
2013-01-10,412.21699999999998
2013-01-11,411.08249999999998
2013-01-14,410.51519999999999
2013-01-15,411.6497
2013-01-16,412.02789999999999
2013-01-17,411.27159999999998
2013-01-18,413.16250000000002
2013-01-22,412.78429999999997
2013-01-23,412.78429999999997
2013-01-24,412.78429999999997
2013-01-25,411.83879999999999
2013-01-28,412.02789999999999
2013-01-29,410.89339999999999
2013-01-30,409.19159999999999
2013-01-31,408.8134
2013-02-01,408.43520000000001
2013-02-04,410.51519999999999
2013-02-05,410.3261
2013-02-06,411.6497
2013-02-07,413.91879999999998
2013-02-08,414.10789999999997
2013-02-11,414.48610000000002
2013-02-12,413.54059999999998
2013-02-13,413.72969999999998
2013-02-14,414.86430000000001
2013-02-15,415.24250000000001
2013-02-19,415.4316
2013-02-20,418.45699999999999
2013-02-21,420.15879999999999
2013-02-22,420.34789999999998
2013-02-25,422.04969999999997
2013-02-26,422.42790000000002
2013-02-27,420.72609999999997
2013-02-28,422.99520000000001
2013-03-01,424.31880000000001
2013-03-04,424.12970000000001
2013-03-05,423.56240000000003
2013-03-06,425.26429999999999
2013-03-07,423.37329999999997
2013-03-08,426.58789999999999
2013-03-11,425.64240000000001
2013-03-12,425.45330000000001
2013-03-13,427.15519999999998
2013-03-14,425.45330000000001
2013-03-15,423.56240000000003
2013-03-18,426.2097
2013-03-19,427.5333
2013-03-20,426.58789999999999
2013-03-21,426.50279999999998
2013-03-22,423.94060000000002
2013-03-25,426.96609999999998
2013-03-26,426.77699999999999
2013-03-27,428.47879999999998
2013-03-28,427.3442
2013-04-01,425.83150000000001
2013-04-02,426.77699999999999
2013-04-03,425.83150000000001
2013-04-04,425.26429999999999
2013-04-05,424.50790000000001
2013-04-08,425.64240000000001
2013-04-09,423.75150000000002
2013-04-10,424.12970000000001
2013-04-11,422.99520000000001
2013-04-12,422.42790000000002
2013-04-15,423.75150000000002
2013-04-16,420.34789999999998
2013-04-17,424.8861
2013-04-18,424.697
2013-04-19,425.45330000000001
2013-04-22,425.26429999999999
2013-04-23,426.77699999999999
2013-04-24,426.58789999999999
2013-04-25,425.64240000000001
2013-04-26,423.75150000000002
2013-04-29,421.86059999999998
2013-04-30,419.78059999999999
2013-05-01,419.4024
2013-05-02,422.23880000000003
2013-05-03,422.04969999999997
2013-05-06,422.99520000000001
2013-05-07,422.99520000000001
2013-05-08,421.00970000000001
2013-05-09,425.0752
2013-05-10,427.3442
2013-05-13,428.10059999999999
2013-05-14,429.80239999999998
2013-05-15,430.93700000000001
2013-05-16,430.81220000000002
2013-05-17,433.39510000000001
2013-05-20,430.74790000000002
2013-05-21,430.93700000000001
2013-05-22,432.8279
2013-05-23,429.99149999999997
2013-05-24,429.42419999999998
2013-05-28,432.44970000000001
2013-05-29,429.23509999999999
2013-05-30,426.39879999999999
2013-05-31,427.5333
2013-06-03,424.50790000000001
2013-06-04,424.697
2013-06-05,423.94060000000002
2013-06-06,418.45699999999999
2013-06-07,419.02429999999998
2013-06-10,419.21339999999998
2013-06-11,415.62060000000002
2013-06-12,415.4316
2013-06-13,414.10789999999997
2013-06-14,413.72969999999998
2013-06-17,412.97340000000003
2013-06-18,413.35160000000002
2013-06-19,417.13339999999999
2013-06-20,419.5915
2013-06-21,422.42790000000002
2013-06-24,422.80610000000001
2013-06-25,423.56240000000003
2013-06-26,425.83150000000001
2013-06-27,425.64240000000001
2013-06-28,426.58789999999999
2013-07-01,425.64240000000001
2013-07-02,428.47879999999998
2013-07-03,426.77699999999999
2013-07-05,433.017
2013-07-08,431.88240000000002
2013-07-09,433.58420000000001
2013-07-10,430.74790000000002
2013-07-11,423.84609999999998
2013-07-12,424.8861
2013-07-15,425.26429999999999
2013-07-16,422.14429999999999
2013-07-17,423.18430000000001
2013-07-18,423.94060000000002
2013-07-19,422.80610000000001
2013-07-22,420.91520000000003
2013-07-23,419.5915
2013-07-24,421.10430000000002
2013-07-25,418.2679
2013-07-26,417.8897
2013-07-29,417.8897
2013-07-30,418.83519999999999
2013-07-31,417.79520000000002
2013-08-01,421.29340000000002
2013-08-02,419.02429999999998
2013-08-05,418.45699999999999
2013-08-06,417.32249999999999
2013-08-07,415.62060000000002
2013-08-08,414.29700000000003
2013-08-09,414.67520000000002
2013-08-12,415.80970000000002
2013-08-13,417.8897
2013-08-14,417.70060000000001
2013-08-15,414.86430000000001
2013-08-16,415.62060000000002
2013-08-19,415.4316
2013-08-20,413.54059999999998
2013-08-21,415.62060000000002
2013-08-22,416.56610000000001
2013-08-23,415.80970000000002
2013-08-26,415.80970000000002
2013-08-27,414.48610000000002
2013-08-28,416.18790000000001
2013-08-29,419.02429999999998
2013-08-30,419.5915
2013-09-03,420.91520000000003
2013-09-04,419.49700000000001
2013-09-05,422.23880000000003
2013-09-06,419.78059999999999
2013-09-09,417.70060000000001
2013-09-10,417.70060000000001
2013-09-11,416.18790000000001
2013-09-12,416.18790000000001
2013-09-13,415.80970000000002
2013-09-16,414.86430000000001
2013-09-17,414.10789999999997
2013-09-18,409.38069999999999
2013-09-19,409.85340000000002
2013-09-20,410.15589999999997
2013-09-23,410.3261
2013-09-24,411.08249999999998
2013-09-25,409.75880000000001
2013-09-26,410.70429999999999
2013-09-27,409.19159999999999
2013-09-30,409.0025
2013-10-01,408.62430000000001
2013-10-02,407.11160000000001
2013-10-03,406.73340000000002
2013-10-04,408.62430000000001
2013-10-07,407.4898
2013-10-08,407.67880000000002
2013-10-09,409.56970000000001
2013-10-10,410.3261
2013-10-11,409.56970000000001
2013-10-14,408.8134
2013-10-15,410.3261
2013-10-16,410.137
2013-10-17,405.59890000000001
2013-10-18,405.59890000000001
2013-10-21,405.97699999999998
2013-10-22,403.7079
2013-10-23,403.89699999999999
2013-10-24,403.32979999999998
2013-10-25,403.51889999999997
2013-10-28,404.1807
2013-10-29,405.40980000000002
2013-10-30,406.16609999999997
2013-10-31,408.90789999999998
2013-11-01,411.27159999999998
2013-11-04,410.137
2013-11-05,411.08249999999998
2013-11-06,409.75880000000001
2013-11-07,411.6497
2013-11-08,414.01339999999999
2013-11-11,412.97340000000003
2013-11-12,413.16250000000002
2013-11-13,412.21699999999998
2013-11-14,412.21699999999998
2013-11-15,411.46069999999997
2013-11-18,410.89339999999999
2013-11-19,410.70429999999999
2013-11-20,412.59519999999998
2013-11-21,412.50069999999999
2013-11-22,410.89339999999999
2013-11-25,411.46069999999997
2013-11-26,410.137
2013-11-27,410.70429999999999
2013-11-29,410.3261
2013-12-02,411.6497
2013-12-03,410.3261
2013-12-04,410.137
2013-12-05,408.05700000000002
2013-12-06,408.05700000000002
2013-12-09,407.67880000000002
2013-12-10,406.54430000000002
2013-12-11,406.26069999999999
2013-12-12,407.86790000000002
2013-12-13,408.05700000000002
2013-12-16,407.30070000000001
2013-12-17,407.30070000000001
2013-12-18,409.0025
2013-12-19,409.9479
2013-12-20,409.56970000000001
2013-12-23,408.8134
2013-12-24,409.19159999999999
2013-12-26,409.0025
2013-12-27,408.24610000000001
2013-12-30,406.35520000000002
2013-12-31,406.92250000000001
2014-01-02,409.38069999999999
2014-01-03,411.08249999999998
2014-01-06,409.9479
2014-01-07,410.98790000000002
2014-01-08,411.83879999999999
2014-01-09,411.46069999999997
2014-01-10,409.75880000000001
2014-01-13,408.8134
2014-01-14,409.56970000000001
2014-01-15,411.46069999999997
2014-01-16,411.08249999999998
2014-01-17,412.59519999999998
2014-01-21,411.83879999999999
2014-01-22,412.40609999999998
2014-01-23,408.24610000000001
2014-01-24,408.8134
2014-01-27,408.8134
2014-01-28,409.0025
2014-01-29,409.0025
2014-01-30,411.6497
2014-01-31,412.78429999999997
2014-02-03,411.46069999999997
2014-02-04,411.83879999999999
2014-02-05,411.27159999999998
2014-02-06,410.70429999999999
2014-02-07,409.38069999999999
2014-02-10,409.0025
2014-02-11,409.0025
2014-02-12,409.38069999999999
2014-02-13,407.11160000000001
2014-02-14,406.35520000000002
2014-02-18,405.59890000000001
2014-02-19,406.73340000000002
2014-02-20,407.30070000000001
2014-02-21,406.92250000000001
2014-02-24,406.73340000000002
2014-02-25,406.16609999999997
2014-02-26,407.67880000000002
2014-02-27,406.92250000000001
2014-02-28,404.27519999999998
2014-03-03,405.78789999999998
2014-03-04,406.16609999999997
2014-03-05,405.97699999999998
2014-03-06,403.7079
2014-03-07,404.08609999999999
2014-03-10,404.27519999999998
2014-03-11,404.27519999999998
2014-03-12,403.14069999999998
2014-03-13,403.32979999999998
2014-03-14,402.3843
2014-03-17,402.0061
2014-03-18,402.1952
2014-03-19,405.22070000000002
2014-03-20,406.54430000000002
2014-03-21,405.97699999999998
2014-03-24,404.84249999999997
2014-03-25,405.03160000000003
2014-03-26,405.03160000000003
2014-03-27,406.16609999999997
2014-03-28,406.16609999999997
2014-03-31,405.78789999999998
2014-04-01,405.78789999999998
2014-04-02,406.54430000000002
2014-04-03,407.67880000000002
2014-04-04,407.30070000000001
2014-04-07,406.35520000000002
2014-04-08,403.7079
2014-04-09,402.1952
2014-04-10,402.0061
2014-04-11,402.1952
2014-04-14,403.32979999999998
2014-04-15,403.7079
2014-04-16,404.08609999999999
2014-04-17,404.08609999999999
2014-04-21,404.46429999999998
2014-04-22,404.08609999999999
2014-04-23,404.08609999999999
2014-04-24,403.51889999999997
2014-04-25,403.51889999999997
2014-04-28,403.14069999999998
2014-04-29,403.51889999999997
2014-04-30,402.3843
2014-05-01,402.1952
2014-05-02,402.1952
2014-05-05,402.0061
2014-05-06,400.11520000000002
2014-05-07,400.30430000000001
2014-05-08,401.24979999999999
2014-05-09,403.7079
2014-05-12,404.08609999999999
2014-05-13,405.03160000000003
2014-05-14,404.84249999999997
2014-05-15,404.46429999999998
2014-05-16,404.46429999999998
2014-05-19,404.46429999999998
2014-05-20,404.65339999999998
2014-05-21,404.65339999999998
2014-05-22,405.40980000000002
2014-05-23,406.16609999999997
2014-05-27,405.97699999999998
2014-05-28,407.11160000000001
2014-05-29,406.92250000000001
2014-05-30,405.97699999999998
2014-06-02,407.4898
2014-06-03,407.11160000000001
2014-06-04,407.4898
2014-06-05,405.78789999999998
2014-06-06,405.97699999999998
2014-06-09,407.4898
2014-06-10,408.24610000000001
2014-06-11,408.24610000000001
2014-06-12,407.30070000000001
2014-06-13,407.30070000000001
2014-06-16,406.16609999999997
2014-06-17,407.30070000000001
2014-06-18,405.97699999999998
2014-06-19,405.22070000000002
2014-06-20,405.40980000000002
2014-06-23,404.65339999999998
2014-06-24,405.03160000000003
2014-06-25,404.65339999999998
2014-06-26,404.84249999999997
2014-06-27,403.51889999999997
2014-06-30,402.0061
2014-07-01,402.1952
2014-07-02,402.95159999999998
2014-07-03,404.46429999999998
2014-07-07,404.65339999999998
2014-07-08,404.46429999999998
2014-07-09,403.51889999999997
2014-07-10,404.08609999999999
2014-07-11,404.27519999999998
2014-07-14,404.08609999999999
2014-07-15,405.40980000000002
2014-07-16,406.35520000000002
2014-07-17,406.16609999999997
2014-07-18,406.16609999999997
2014-07-21,405.97699999999998
2014-07-22,407.30070000000001
2014-07-23,407.4898
2014-07-24,408.05700000000002
2014-07-25,408.8134
2014-07-28,408.8134
2014-07-29,409.56970000000001
2014-07-30,410.51519999999999
2014-07-31,411.08249999999998
2014-08-01,410.51519999999999
2014-08-04,410.3261
2014-08-05,411.27159999999998
2014-08-06,410.70429999999999
2014-08-07,411.27159999999998
2014-08-08,410.3261
2014-08-11,410.51519999999999
2014-08-12,410.89339999999999
2014-08-13,411.27159999999998
2014-08-14,411.08249999999998
2014-08-15,410.3261
2014-08-18,411.08249999999998
2014-08-19,412.59519999999998
2014-08-20,414.48610000000002
2014-08-21,413.91879999999998
2014-08-22,414.86430000000001
2014-08-25,415.99880000000002
2014-08-26,416.37700000000001
2014-08-27,415.4316
2014-08-28,415.4316
2014-08-29,416.37700000000001
2014-09-02,417.70060000000001
2014-09-03,417.32249999999999
2014-09-04,421.67149999999998
2014-09-05,421.67149999999998
2014-09-08,424.12970000000001
2014-09-09,423.37329999999997
2014-09-10,424.12970000000001
2014-09-11,424.50790000000001
2014-09-12,424.12970000000001
2014-09-15,424.12970000000001
2014-09-16,423.37329999999997
2014-09-17,426.0206
2014-09-18,424.12970000000001
2014-09-19,426.39879999999999
2014-09-22,426.0206
2014-09-23,426.0206
2014-09-24,427.91149999999999
2014-09-25,428.66789999999997
2014-09-26,431.12610000000001
2014-09-29,430.74790000000002
2014-09-30,432.44970000000001
2014-10-01,432.07150000000001
2014-10-02,430.74790000000002
2014-10-03,436.42059999999998
2014-10-06,431.50420000000003
2014-10-07,430.74790000000002
2014-10-08,428.85700000000003
2014-10-09,430.18060000000003
2014-10-10,432.26060000000001
2014-10-13,429.80239999999998
2014-10-14,431.69330000000002
2014-10-15,427.15519999999998
2014-10-16,427.15519999999998
2014-10-17,428.47879999999998
2014-10-20,426.96609999999998
2014-10-21,429.23509999999999
2014-10-22,431.12610000000001
2014-10-23,431.50420000000003
2014-10-24,430.74790000000002
2014-10-27,429.61329999999998
2014-10-28,428.85700000000003
2014-10-29,432.07150000000001
2014-10-30,433.20600000000002
2014-10-31,436.60969999999998
2014-11-03,438.68970000000002
2014-11-04,437.55509999999998
2014-11-05,439.63510000000002
2014-11-06,442.66059999999999
2014-11-07,440.01330000000002
2014-11-10,441.33690000000001
2014-11-11,439.63510000000002
2014-11-12,441.14780000000002
2014-11-13,440.7697
2014-11-14,439.63510000000002
2014-11-17,441.9042
2014-11-18,439.82420000000002
2014-11-19,440.5806
2014-11-20,440.01330000000002
2014-11-21,443.60599999999999
2014-11-24,442.47149999999999
2014-11-25,441.52600000000001
2014-11-26,440.20240000000001
2014-11-28,443.79509999999999
2014-12-01,441.71510000000001
2014-12-02,445.2133
2014-12-03,446.63150000000002
2014-12-04,444.92959999999999
2014-12-05,448.33330000000001
2014-12-08,447.38780000000003
2014-12-09,445.30779999999999
2014-12-10,442.84969999999998
2014-12-11,444.55149999999998
2014-12-12,443.03870000000001
2014-12-15,443.98419999999999
2014-12-16,440.7697
2014-12-17,446.25330000000002
2014-12-18,447.57690000000002
2014-12-19,449.46780000000001
2014-12-22,449.846
2014-12-23,452.11509999999998
2014-12-24,451.5478
2014-12-26,451.73689999999999
2014-12-29,452.87139999999999
2014-12-30,451.73689999999999
2014-12-31,453.24959999999999
2015-01-02,457.59870000000001
2015-01-05,458.54419999999999
2015-01-06,459.4896
2015-01-07,461.19139999999999
2015-01-08,463.08229999999998
2015-01-09,461.00229999999999
2015-01-12,461.00229999999999
2015-01-13,462.32600000000002
2015-01-14,461.38049999999998
2015-01-15,462.89319999999998
2015-01-16,464.97320000000002
2015-01-20,466.86410000000001
2015-01-21,465.54050000000001
2015-01-22,472.53680000000003
2015-01-23,476.6968
2015-01-26,475.94049999999999
2015-01-27,471.40230000000003
2015-01-28,474.23869999999999
2015-01-29,474.61680000000001
2015-01-30,475.1841
2015-02-02,474.23869999999999
2015-02-03,468.755
2015-02-04,471.59140000000002
2015-02-05,468.18779999999998
2015-02-06,473.8605
2015-02-09,473.48230000000001
2015-02-10,474.0496
2015-02-11,475.75139999999999
2015-02-12,471.21319999999997
2015-02-13,471.02409999999998
2015-02-17,470.45679999999999
2015-02-18,470.64589999999998
2015-02-19,472.34780000000001
2015-02-20,471.96960000000001
2015-02-23,473.29320000000001
2015-02-24,472.34780000000001
2015-02-25,471.40230000000003
2015-02-26,476.31869999999998
2015-02-27,476.5077
2015-03-02,477.45319999999998
2015-03-03,477.26409999999998
2015-03-04,479.72230000000002
2015-03-05,481.9914
2015-03-06,487.85320000000002
2015-03-09,487.85320000000002
2015-03-10,492.95859999999999
2015-03-11,498.44220000000001
2015-03-12,495.79500000000002
2015-03-13,500.90039999999999
2015-03-16,497.11860000000001
2015-03-17,497.30770000000001
2015-03-18,487.47500000000002
2015-03-19,494.84949999999998
2015-03-20,488.23129999999998
2015-03-23,482.93680000000001
2015-03-24,484.4495
2015-03-25,483.1259
2015-03-26,484.82769999999999
2015-03-27,485.20589999999999
2015-03-30,488.98770000000002
2015-03-31,489.7441
2015-04-01,489.9332
2015-04-02,486.15140000000002
2015-04-06,482.36950000000002
2015-04-07,487.85320000000002
2015-04-08,488.60950000000003
2015-04-09,493.71499999999997
2015-04-10,494.84949999999998
2015-04-13,495.60590000000002
2015-04-14,491.82409999999999
2015-04-15,489.55500000000001
2015-04-16,485.77319999999997
2015-04-17,484.6386
2015-04-20,487.47500000000002
2015-04-21,488.04230000000001
2015-04-22,488.04230000000001
2015-04-23,484.4495
2015-04-24,482.55860000000001
2015-04-27,481.04590000000002
2015-04-28,478.02050000000003
2015-04-29,473.8605
2015-04-30,471.02409999999998
2015-05-01,473.29320000000001
2015-05-04,474.61680000000001
2015-05-05,473.29320000000001
2015-05-06,467.99869999999999
2015-05-07,470.45679999999999
2015-05-08,471.02409999999998
2015-05-11,472.53680000000003
2015-05-12,469.88959999999997
2015-05-13,465.7296
2015-05-14,464.21690000000001
2015-05-15,463.46050000000002
2015-05-18,467.99869999999999
2015-05-19,473.48230000000001
2015-05-20,474.42770000000002
2015-05-21,473.67140000000001
2015-05-22,478.02050000000003
2015-05-26,483.315
2015-05-27,483.50409999999999
2015-05-28,482.18049999999999
2015-05-29,481.42410000000001
2015-06-01,484.2604
2015-06-02,476.88589999999999
2015-06-03,473.67140000000001
2015-06-04,474.23869999999999
2015-06-05,478.39859999999999
2015-06-08,472.91500000000002
2015-06-09,472.34780000000001
2015-06-10,469.70049999999998
2015-06-11,471.02409999999998
2015-06-12,470.64589999999998
2015-06-15,470.26780000000002
2015-06-16,471.21319999999997
2015-06-17,467.0532
2015-06-18,465.54050000000001
2015-06-19,466.67500000000001
2015-06-22,467.62049999999999
2015-06-23,473.10410000000002
2015-06-24,472.15870000000001
2015-06-25,471.40230000000003
2015-06-26,472.72590000000002
2015-06-29,470.07870000000003
2015-06-30,473.29320000000001
2015-07-01,477.07499999999999
2015-07-02,475.94049999999999
2015-07-06,476.88589999999999
2015-07-07,478.39859999999999
2015-07-08,476.5077
2015-07-09,478.02050000000003
2015-07-10,474.61680000000001
2015-07-13,479.34410000000003
2015-07-14,478.58769999999998
2015-07-15,480.66770000000002
2015-07-16,483.315
2015-07-17,484.4495
2015-07-20,484.6386
2015-07-21,481.23500000000001
2015-07-22,482.36950000000002
2015-07-23,480.47859999999997
2015-07-24,481.23500000000001
2015-07-27,477.45319999999998
2015-07-28,477.83139999999997
2015-07-29,480.47859999999997
2015-07-30,482.36950000000002
2015-07-31,480.85680000000002
2015-08-03,481.9914
2015-08-04,484.4495
2015-08-05,484.2604
2015-08-06,483.315
2015-08-07,482.55860000000001
2015-08-10,480.28949999999998
2015-08-11,480.28949999999998
2015-08-12,475.1841
2015-08-13,475.94049999999999
2015-08-14,477.26409999999998
2015-08-17,478.02050000000003
2015-08-18,479.15499999999997
2015-08-19,476.12959999999998
2015-08-20,473.48230000000001
2015-08-21,468.94409999999999
2015-08-24,461.19139999999999
2015-08-25,464.40600000000001
2015-08-26,470.07870000000003
2015-08-27,473.10410000000002
2015-08-28,474.61680000000001
2015-08-31,473.8605
2015-09-01,471.02409999999998
2015-09-02,473.48230000000001
2015-09-03,475.75139999999999
2015-09-04,475.1841
2015-09-08,473.48230000000001
2015-09-09,473.48230000000001
2015-09-10,471.59140000000002
2015-09-11,469.51139999999998
2015-09-14,469.70049999999998
2015-09-15,471.59140000000002
2015-09-16,470.26780000000002
2015-09-17,465.35140000000001
2015-09-18,470.07870000000003
2015-09-21,472.91500000000002
2015-09-22,474.995
2015-09-23,474.995
2015-09-24,473.48230000000001
2015-09-25,474.23869999999999
2015-09-28,473.67140000000001
2015-09-29,472.91500000000002
2015-09-30,474.61680000000001
2015-10-01,474.42770000000002
2015-10-02,473.29320000000001
2015-10-05,473.48230000000001
2015-10-06,470.26780000000002
2015-10-07,470.83499999999998
2015-10-08,469.70049999999998
2015-10-09,467.4314
2015-10-12,467.0532
2015-10-13,466.29689999999999
2015-10-14,462.32600000000002
2015-10-15,465.35140000000001
2015-10-16,466.1078
2015-10-19,467.4314
2015-10-20,467.0532
2015-10-21,467.62049999999999
2015-10-22,474.42770000000002
2015-10-23,478.39859999999999
2015-10-26,476.88589999999999
2015-10-27,477.26409999999998
2015-10-28,481.23500000000001
2015-10-29,479.15499999999997
2015-10-30,477.45319999999998
2015-11-02,477.07499999999999
2015-11-03,478.39859999999999
2015-11-04,482.36950000000002
2015-11-05,482.74770000000001
2015-11-06,488.42039999999997
2015-11-09,487.47500000000002
2015-11-10,488.79860000000002
2015-11-11,487.47500000000002
2015-11-12,485.39499999999998
2015-11-13,487.09679999999997
2015-11-16,489.7441
2015-11-17,490.50040000000001
2015-11-18,490.50040000000001
2015-11-19,487.09679999999997
2015-11-20,490.50040000000001
2015-11-23,491.2568
2015-11-24,490.31130000000002
2015-11-25,491.2568
2015-11-27,492.01319999999998
2015-11-30,493.14769999999999
2015-12-01,490.87860000000001
2015-12-02,492.01319999999998
2015-12-03,480.28949999999998
2015-12-04,483.69319999999999
2015-12-07,485.20589999999999
2015-12-08,483.69319999999999
2015-12-09,478.58769999999998
2015-12-10,481.23500000000001
2015-12-11,479.34410000000003
2015-12-14,480.28949999999998
2015-12-15,482.93680000000001
2015-12-16,482.93680000000001
2015-12-17,487.47500000000002
2015-12-18,484.6386
2015-12-21,482.93680000000001
2015-12-22,482.18049999999999
2015-12-23,482.93680000000001
2015-12-24,481.8023
2015-12-28,481.23500000000001
2015-12-29,482.55860000000001
2015-12-30,482.55860000000001
2015-12-31,485.01679999999999
2016-01-04,485.77319999999997
2016-01-05,488.60950000000003
2016-01-06,487.28590000000003
2016-01-07,482.36950000000002
2016-01-08,483.315
2016-01-11,485.58409999999998
2016-01-12,486.34039999999999
2016-01-13,485.58409999999998
2016-01-14,486.90769999999998
2016-01-15,485.77319999999997
2016-01-19,486.71859999999998
2016-01-20,486.90769999999998
2016-01-21,486.34039999999999
2016-01-22,488.98770000000002
2016-01-25,487.47500000000002
2016-01-26,486.52949999999998
2016-01-27,486.15140000000002
2016-01-28,483.88229999999999
2016-01-29,488.98770000000002
2016-02-01,485.77319999999997
2016-02-02,485.39499999999998
2016-02-03,477.07499999999999
2016-02-04,473.8605
2016-02-05,475.94049999999999
2016-02-08,474.80590000000001
2016-02-09,471.40230000000003
2016-02-10,470.45679999999999
2016-02-11,469.13319999999999
2016-02-12,471.21319999999997
2016-02-16,475.3732
2016-02-17,475.1841
2016-02-18,475.3732
2016-02-19,474.0496
2016-02-22,477.64229999999998
2016-02-23,477.83139999999997
2016-02-24,478.20960000000002
2016-02-25,477.83139999999997
2016-02-26,481.04590000000002
2016-02-29,481.9914
2016-03-01,482.18049999999999
2016-03-02,481.8023
2016-03-03,478.77679999999998
2016-03-04,477.45319999999998
2016-03-07,476.5077
2016-03-08,476.6968
2016-03-09,476.88589999999999
2016-03-10,472.15870000000001
2016-03-11,471.78050000000002
2016-03-14,473.67140000000001
2016-03-15,474.0496
2016-03-16,468.94409999999999
2016-03-17,464.78410000000002
2016-03-18,465.9187
2016-03-21,467.4314
2016-03-22,468.755
2016-03-23,471.21319999999997
2016-03-24,471.40230000000003
2016-03-28,470.45679999999999
2016-03-29,466.29689999999999
2016-03-30,464.78410000000002
2016-03-31,464.02780000000001
2016-04-01,463.83870000000002
2016-04-04,463.46050000000002
2016-04-05,463.83870000000002
2016-04-06,462.89319999999998
2016-04-07,463.46050000000002
2016-04-08,461.75869999999998
2016-04-11,460.62419999999997
2016-04-12,460.62419999999997
2016-04-13,464.21690000000001
2016-04-14,465.35140000000001
2016-04-15,464.02780000000001
2016-04-18,463.08229999999998
2016-04-19,460.81319999999999
2016-04-20,463.46050000000002
2016-04-21,463.46050000000002
2016-04-22,466.1078
2016-04-25,464.59500000000003
2016-04-26,463.27140000000003
2016-04-27,462.70409999999998
2016-04-28,458.92230000000001
2016-04-29,455.70780000000002
2016-05-02,454.00599999999997
2016-05-03,455.32960000000003
2016-05-04,457.03140000000002
2016-05-05,459.3005
2016-05-06,459.86779999999999
2016-05-09,461.19139999999999
2016-05-10,461.56959999999998
2016-05-11,459.3005
2016-05-12,461.00229999999999
2016-05-13,463.08229999999998
2016-05-16,462.89319999999998
2016-05-17,462.89319999999998
2016-05-18,466.1078
2016-05-19,466.86410000000001
2016-05-20,466.86410000000001
2016-05-23,466.67500000000001
2016-05-24,468.18779999999998
2016-05-25,466.86410000000001
2016-05-26,466.1078
2016-05-27,468.755
2016-05-31,469.70049999999998
2016-06-01,467.0532
2016-06-02,467.62049999999999
2016-06-03,460.24599999999998
2016-06-06,460.24599999999998
2016-06-07,459.4896
2016-06-08,458.166
2016-06-09,460.24599999999998
2016-06-10,463.27140000000003
2016-06-13,462.13690000000003
2016-06-14,464.97320000000002
2016-06-15,463.83870000000002
2016-06-16,463.27140000000003
2016-06-17,461.19139999999999
2016-06-20,458.54419999999999
2016-06-21,460.81319999999999
2016-06-22,458.73320000000001
2016-06-23,456.6533
2016-06-24,468.5659
2016-06-27,472.58409999999998
2016-06-28,470.26780000000002
2016-06-29,468.755
2016-06-30,469.70049999999998
2016-07-01,468.18779999999998
2016-07-05,471.40230000000003
2016-07-06,470.07870000000003
2016-07-07,471.21319999999997
2016-07-08,471.40230000000003
2016-07-11,472.72590000000002
2016-07-12,472.34780000000001
2016-07-13,471.21319999999997
2016-07-14,470.07870000000003
2016-07-15,471.96960000000001
2016-07-18,472.34780000000001
2016-07-19,474.61680000000001
2016-07-20,474.995
2016-07-21,474.23869999999999
2016-07-22,476.6968
2016-07-25,475.94049999999999
2016-07-26,475.3732
2016-07-27,473.10410000000002
2016-07-28,472.91500000000002
2016-07-29,466.48599999999999
2016-08-01,467.80959999999999
2016-08-02,464.59500000000003
2016-08-03,467.2423
2016-08-04,467.99869999999999
2016-08-05,470.45679999999999
2016-08-08,470.83499999999998
2016-08-09,469.88959999999997
2016-08-10,467.4314
2016-08-11,468.755
2016-08-12,467.99869999999999
2016-08-15,467.2423
2016-08-16,463.08229999999998
2016-08-17,463.46050000000002
2016-08-18,460.05689999999998
2016-08-19,461.75869999999998
2016-08-22,462.32600000000002
2016-08-23,461.94779999999997
2016-08-24,463.27140000000003
2016-08-25,463.27140000000003
2016-08-26,466.67500000000001
2016-08-29,467.0532
2016-08-30,469.51139999999998
2016-08-31,469.32229999999998
2016-09-01,467.62049999999999
2016-09-02,468.755
2016-09-06,463.27140000000003
2016-09-07,464.02780000000001
2016-09-08,464.59500000000003
2016-09-09,465.9187
2016-09-12,465.16230000000002
2016-09-13,467.0532
2016-09-14,465.9187
2016-09-15,465.7296
2016-09-16,469.51139999999998
2016-09-19,468.37689999999998
2016-09-20,469.13319999999999
2016-09-21,467.0532
2016-09-22,466.48599999999999
2016-09-23,466.67500000000001
2016-09-26,465.7296
2016-09-27,466.1078
2016-09-28,466.48599999999999
2016-09-29,466.86410000000001
2016-09-30,466.67500000000001
2016-10-03,467.62049999999999
2016-10-04,469.70049999999998
2016-10-05,470.26780000000002
2016-10-06,472.72590000000002
2016-10-07,471.96960000000001
2016-10-10,473.8605
2016-10-11,477.45319999999998
2016-10-12,478.77679999999998
2016-10-13,477.07499999999999
2016-10-14,479.53320000000002
2016-10-17,478.39859999999999
2016-10-18,478.77679999999998
2016-10-19,478.96589999999998
2016-10-20,480.47859999999997
2016-10-21,482.18049999999999
2016-10-24,482.74770000000001
2016-10-25,482.55860000000001
2016-10-26,482.36950000000002
2016-10-27,483.315
2016-10-28,480.47859999999997
2016-10-31,480.66770000000002
2016-11-01,478.20960000000002
2016-11-02,476.5077
2016-11-03,475.1841
2016-11-04,473.8605
2016-11-07,477.83139999999997
2016-11-08,479.15499999999997
2016-11-09,482.18049999999999
2016-11-10,483.1259
2016-11-11,483.88229999999999
2016-11-14,488.60950000000003
2016-11-15,489.36590000000001
2016-11-16,490.68950000000001
2016-11-17,493.52589999999998
2016-11-18,495.22770000000003
2016-11-21,493.33679999999998
2016-11-22,494.09309999999999
2016-11-23,497.11860000000001
2016-11-25,496.17309999999998
2016-11-28,494.84949999999998
2016-11-29,493.71499999999997
2016-11-30,496.36219999999997
2016-12-01,493.71499999999997
2016-12-02,492.5804
2016-12-05,489.36590000000001
2016-12-06,491.2568
2016-12-07,489.7441
2016-12-08,494.09309999999999
2016-12-09,496.17309999999998
2016-12-12,493.33679999999998
2016-12-13,493.90410000000003
2016-12-14,498.63130000000001
2016-12-15,504.11489999999998
2016-12-16,502.41309999999999
2016-12-19,503.92579999999998
2016-12-20,504.87130000000002
2016-12-21,503.35860000000002
2016-12-22,503.92579999999998
2016-12-23,503.54770000000002
2016-12-27,503.35860000000002
2016-12-28,504.68220000000002
2016-12-29,501.84589999999997
2016-12-30,500.3331
2017-01-03,504.87130000000002
2017-01-04,501.08949999999999
2017-01-05,495.79500000000002
2017-01-06,499.3877
2017-01-09,498.06400000000002
2017-01-10,498.25310000000002
2017-01-11,497.11860000000001
2017-01-12,495.22770000000003
2017-01-13,494.66039999999998
2017-01-17,490.12220000000002
2017-01-18,494.66039999999998
2017-01-19,493.90410000000003
2017-01-20,492.2022
2017-01-23,489.55500000000001
2017-01-24,489.7441
2017-01-25,488.04230000000001
2017-01-26,491.2568
2017-01-27,491.44589999999999
2017-01-30,490.50040000000001
2017-01-31,486.52949999999998
2017-02-01,486.90769999999998
2017-02-02,487.66410000000002
2017-02-03,487.47500000000002
2017-02-06,487.85320000000002
2017-02-07,490.31130000000002
2017-02-08,489.7441
2017-02-09,491.63499999999999
2017-02-10,492.2022
2017-02-13,493.33679999999998
2017-02-14,494.47129999999999
2017-02-15,493.52589999999998
2017-02-16,490.68950000000001
2017-02-17,493.14769999999999
2017-02-21,495.41680000000002
2017-02-22,494.28219999999999
2017-02-23,493.14769999999999
2017-02-24,494.09309999999999
2017-02-27,494.09309999999999
2017-02-28,493.71499999999997
2017-03-01,497.11860000000001
2017-03-02,499.1986
2017-03-03,494.84949999999998
2017-03-06,496.55130000000003
2017-03-07,497.11860000000001
2017-03-08,498.82040000000001
2017-03-09,497.875
2017-03-10,494.47129999999999
2017-03-13,495.22770000000003
2017-03-14,496.92950000000002
2017-03-15,491.0677
2017-03-16,489.36590000000001
2017-03-17,489.55500000000001
2017-03-20,489.69869999999997
2017-03-21,486.71859999999998
2017-03-22,486.34039999999999
2017-03-23,486.90769999999998
2017-03-24,486.71859999999998
2017-03-27,484.07139999999998
2017-03-28,486.71859999999998
2017-03-29,487.66410000000002
2017-03-30,490.87860000000001
2017-03-31,490.68950000000001
2017-04-03,490.68950000000001
2017-04-04,491.2568
2017-04-05,491.0677
2017-04-06,492.2022
2017-04-07,494.47129999999999
2017-04-10,493.52589999999998
2017-04-11,492.01319999999998
2017-04-12,489.55500000000001
2017-04-13,491.2568
2017-04-17,489.9332
2017-04-18,485.77319999999997
2017-04-19,487.47500000000002
2017-04-20,487.66410000000002
2017-04-21,488.04230000000001
2017-04-24,483.50409999999999
2017-04-25,482.18049999999999
2017-04-26,483.315
2017-04-27,484.07139999999998
2017-04-28,483.50409999999999
2017-05-01,483.88229999999999
2017-05-02,483.1259
2017-05-03,485.01679999999999
2017-05-04,481.9914
2017-05-05,481.23500000000001
2017-05-08,483.88229999999999
2017-05-09,486.34039999999999
2017-05-10,486.52949999999998
2017-05-11,486.71859999999998
2017-05-12,484.2604
2017-05-15,482.93680000000001
2017-05-16,479.34410000000003
2017-05-17,476.12959999999998
2017-05-18,477.83139999999997
2017-05-19,474.42770000000002
2017-05-22,473.67140000000001
2017-05-23,475.75139999999999
2017-05-24,474.23869999999999
2017-05-25,474.80590000000001
2017-05-26,475.94049999999999
2017-05-30,475.3732
2017-05-31,474.23869999999999
2017-06-01,474.80590000000001
2017-06-02,472.53680000000003
2017-06-05,472.91500000000002
2017-06-06,471.78050000000002
2017-06-07,472.34780000000001
2017-06-08,474.0496
2017-06-09,475.56229999999999
2017-06-12,474.80590000000001
2017-06-13,474.23869999999999
2017-06-14,473.8605
2017-06-15,476.6968
2017-06-16,474.995
2017-06-19,477.07499999999999
2017-06-20,477.83139999999997
2017-06-21,476.88589999999999
2017-06-22,477.07499999999999
2017-06-23,475.56229999999999
2017-06-26,476.31869999999998
2017-06-27,471.02409999999998
2017-06-28,469.51139999999998
2017-06-29,467.2423
2017-06-30,467.99869999999999
2017-07-03,470.83499999999998
2017-07-05,471.02409999999998
2017-07-06,468.94409999999999
2017-07-07,469.70049999999998
2017-07-10,469.88959999999997
2017-07-11,468.18779999999998
2017-07-12,468.18779999999998
2017-07-13,468.37689999999998
2017-07-14,465.54050000000001
2017-07-17,465.54050000000001
2017-07-18,463.08229999999998
2017-07-19,464.21690000000001
2017-07-20,461.38049999999998
2017-07-21,459.86779999999999
2017-07-24,460.05689999999998
2017-07-25,460.81319999999999
2017-07-26,458.166
2017-07-27,459.86779999999999
2017-07-28,457.03140000000002
2017-07-31,455.14049999999997
2017-08-01,455.89690000000002
2017-08-02,455.32960000000003
2017-08-03,454.19510000000002
2017-08-04,458.166
2017-08-07,457.9769
2017-08-08,458.73320000000001
2017-08-09,458.35509999999999
2017-08-10,457.59870000000001
2017-08-11,455.89690000000002
2017-08-14,457.7878
2017-08-15,459.86779999999999
2017-08-16,458.35509999999999
2017-08-17,459.3005
2017-08-18,457.7878
2017-08-21,456.46420000000001
2017-08-22,458.35509999999999
2017-08-23,456.46420000000001
2017-08-24,457.40960000000001
2017-08-25,453.62779999999998
2017-08-28,452.30419999999998
2017-08-29,452.87139999999999
2017-08-30,455.70780000000002
2017-08-31,454.38420000000002
2017-09-01,455.32960000000003
2017-09-05,452.87139999999999
2017-09-06,452.49329999999998
2017-09-07,449.27870000000001
2017-09-08,448.14420000000001
2017-09-11,451.1696
2017-09-12,450.98050000000001
2017-09-13,453.62779999999998
2017-09-14,452.30419999999998
2017-09-15,450.79149999999998
2017-09-18,451.92599999999999
2017-09-19,450.60239999999999
2017-09-20,454.19510000000002
2017-09-21,452.87139999999999
2017-09-22,452.49329999999998
2017-09-25,455.14049999999997
2017-09-26,456.6533
2017-09-27,458.92230000000001
2017-09-28,457.59870000000001
2017-09-29,457.22050000000002
2017-10-02,459.86779999999999
2017-10-03,459.67869999999999
2017-10-04,459.1114
2017-10-05,461.56959999999998
2017-10-06,460.81319999999999
2017-10-09,460.05689999999998
2017-10-10,457.59870000000001
2017-10-11,456.27510000000001
2017-10-12,457.22050000000002
2017-10-13,457.22050000000002
2017-10-16,458.35509999999999
2017-10-17,459.4896
2017-10-18,458.92230000000001
2017-10-19,457.7878
2017-10-20,460.43509999999998
2017-10-23,461.00229999999999
2017-10-24,461.75869999999998
2017-10-25,460.62419999999997
2017-10-26,465.54050000000001
2017-10-27,466.67500000000001
2017-10-30,464.40600000000001
2017-10-31,464.78410000000002
2017-11-01,465.7296
2017-11-02,465.7296
2017-11-03,466.86410000000001
2017-11-06,465.7296
2017-11-07,466.48599999999999
2017-11-08,466.29689999999999
2017-11-09,464.40600000000001
2017-11-10,464.02780000000001
2017-11-13,464.40600000000001
2017-11-14,461.19139999999999
2017-11-15,461.00229999999999
2017-11-16,461.56959999999998
2017-11-17,460.24599999999998
2017-11-20,462.51510000000002
2017-11-21,461.94779999999997
2017-11-22,458.35509999999999
2017-11-24,456.27510000000001
2017-11-27,456.84230000000002
2017-11-28,458.73320000000001
2017-11-29,458.54419999999999
2017-11-30,457.40960000000001
2017-12-01,457.03140000000002
2017-12-04,458.54419999999999
2017-12-05,459.3005
2017-12-06,460.43509999999998
2017-12-07,461.38049999999998
2017-12-08,462.13690000000003
2017-12-11,462.13690000000003
2017-12-12,462.89319999999998
2017-12-13,459.67869999999999
2017-12-14,460.05689999999998
2017-12-15,461.94779999999997
2017-12-18,461.24849999999998
2017-12-19,459.92360000000002
2017-12-20,459.35579999999999
2017-12-21,459.16660000000002
2017-12-22,459.35579999999999
2017-12-26,458.97730000000001
2017-12-27,458.03100000000001
2017-12-28,456.70609999999999
2017-12-29,454.8134
2018-01-02,452.92070000000001
2018-01-03,454.6241
2018-01-04,453.11000000000001
2018-01-05,453.48849999999999
2018-01-08,455.57049999999998
2018-01-09,456.51679999999999
2018-01-10,455.38119999999998
2018-01-11,453.48849999999999
2018-01-12,448.7568
2018-01-16,446.29629999999997
2018-01-17,447.43189999999998
2018-01-18,446.86410000000001
2018-01-19,447.62119999999999
2018-01-22,446.10700000000003
2018-01-23,444.97140000000002
2018-01-24,440.6182
2018-01-25,441.18599999999998
2018-01-26,440.23970000000003
2018-01-29,441.37529999999998
2018-01-30,440.6182
2018-01-31,440.05040000000002
2018-02-01,437.7792
2018-02-02,440.4289
2018-02-05,442.32159999999999
2018-02-06,443.26799999999997
2018-02-07,446.6748
2018-02-08,446.6748
2018-02-09,447.05340000000001
2018-02-12,445.53919999999999
2018-02-13,443.07870000000003
2018-02-14,439.67189999999999
2018-02-15,437.7792
2018-02-16,440.8075
2018-02-20,443.6465
2018-02-21,445.34989999999999
2018-02-22,443.83580000000001
2018-02-23,444.78210000000001
2018-02-26,444.21429999999998
2018-02-27,447.05340000000001
2018-02-28,448.37819999999999
2018-03-01,446.86410000000001
2018-03-02,444.97140000000002
2018-03-05,444.97140000000002
2018-03-06,443.83580000000001
2018-03-07,443.4572
2018-03-08,446.29629999999997
2018-03-09,445.7285
2018-03-12,445.16070000000002
2018-03-13,444.02499999999998
2018-03-14,444.21429999999998
2018-03-15,445.91770000000002
2018-03-16,447.05340000000001
2018-03-19,445.16070000000002
2018-03-20,447.81040000000002
2018-03-21,444.21429999999998
2018-03-22,444.78210000000001
2018-03-23,443.26799999999997
2018-03-26,441.18599999999998
2018-03-27,443.26799999999997
2018-03-28,447.24259999999998
2018-03-29,446.86410000000001
2018-04-02,446.6748
2018-04-03,447.43189999999998
2018-04-04,447.24259999999998
2018-04-05,448.94600000000003
2018-04-06,447.24259999999998
2018-04-09,446.10700000000003
2018-04-10,444.97140000000002
2018-04-11,444.59289999999999
2018-04-12,445.53919999999999
2018-04-13,445.53919999999999
2018-04-16,444.02499999999998
2018-04-17,444.02499999999998
2018-04-18,444.97140000000002
2018-04-19,446.29629999999997
2018-04-20,448.94600000000003
2018-04-23,451.7851
2018-04-24,451.21730000000002
2018-04-25,453.11000000000001
2018-04-26,455.19189999999998
2018-04-27,454.8134
2018-04-30,456.70609999999999
2018-05-01,459.73439999999999
2018-05-02,461.81630000000001
2018-05-03,459.92360000000002
2018-05-04,460.49149999999997
2018-05-07,461.43779999999998
2018-05-08,463.14120000000003
2018-05-09,463.14120000000003
2018-05-10,461.05930000000001
2018-05-11,460.30220000000003
2018-05-14,460.87
2018-05-15,463.709
2018-05-16,464.84460000000001
2018-05-17,465.41239999999999
2018-05-18,466.35879999999997
2018-05-21,465.9803
2018-05-22,465.791
2018-05-23,467.68369999999999
2018-05-24,467.11590000000001
2018-05-25,469.38709999999998
2018-05-29,472.60469999999998
2018-05-30,469.0086
2018-05-31,468.63
2018-06-01,469.38709999999998
2018-06-04,469.0086
2018-06-05,468.44069999999999
2018-06-06,467.11590000000001
2018-06-07,466.16950000000003
2018-06-08,466.35879999999997
2018-06-11,466.7373
2018-06-12,467.68369999999999
2018-06-13,466.92660000000001
2018-06-14,472.98320000000001
2018-06-15,472.60469999999998
2018-06-18,472.60469999999998
2018-06-19,473.92950000000002
2018-06-20,474.30810000000002
2018-06-21,472.98320000000001
2018-06-22,471.27980000000002
2018-06-25,470.52269999999999
2018-06-26,472.98320000000001
2018-06-27,475.82220000000001
2018-06-28,475.82220000000001
2018-06-29,472.0369
2018-07-02,474.30810000000002
2018-07-03,472.79390000000001
2018-07-05,471.27980000000002
2018-07-06,469.76560000000001
2018-07-09,469.95490000000001
2018-07-10,470.14420000000001
2018-07-11,473.36169999999998
2018-07-12,473.74029999999999
2018-07-13,473.17250000000001
2018-07-16,472.41539999999998
2018-07-17,474.49740000000003
2018-07-18,475.0652
2018-07-19,476.01150000000001
2018-07-20,472.22609999999997
2018-07-23,472.98320000000001
2018-07-24,473.17250000000001
2018-07-25,470.90120000000002
2018-07-26,474.11880000000002
2018-07-27,473.55099999999999
2018-07-30,471.8476
2018-07-31,472.79390000000001
2018-08-01,473.36169999999998
2018-08-02,476.01150000000001
2018-08-03,476.38999999999999
2018-08-06,477.14710000000002
2018-08-07,476.57929999999999
2018-08-08,476.01150000000001
2018-08-09,478.85050000000001
2018-08-10,482.25740000000002
2018-08-13,482.44670000000002
2018-08-14,484.33929999999998
2018-08-15,484.33929999999998
2018-08-16,483.96080000000001
2018-08-17,481.50029999999998
2018-08-20,480.36470000000003
2018-08-21,477.52569999999997
2018-08-22,476.20080000000002
2018-08-23,479.22910000000002
2018-08-24,476.9579
2018-08-27,475.0652
2018-08-28,475.0652
2018-08-29,474.30810000000002
2018-08-30,474.6866
2018-08-31,476.76859999999999
2018-09-04,478.85050000000001
2018-09-05,477.14710000000002
2018-09-06,477.14710000000002
2018-09-07,478.47199999999998
2018-09-10,477.52569999999997
2018-09-11,477.9042
2018-09-12,476.20080000000002
2018-09-13,474.8759
2018-09-14,476.57929999999999
2018-09-17,474.30810000000002
2018-09-18,475.0652
2018-09-19,474.8759
2018-09-20,471.46910000000003
2018-09-21,472.98320000000001
2018-09-24,472.98320000000001
2018-09-25,473.36169999999998
2018-09-26,473.55099999999999
2018-09-27,476.9579
2018-09-28,478.09350000000001
2018-10-01,478.85050000000001
2018-10-02,479.60759999999999
2018-10-03,481.12180000000001
2018-10-04,481.31099999999998
2018-10-05,480.7432
2018-10-08,481.31099999999998
2018-10-09,481.12180000000001
2018-10-10,480.55399999999997
2018-10-11,477.9042
2018-10-12,479.41829999999999
2018-10-15,478.28269999999998
2018-10-16,478.47199999999998
2018-10-17,480.9325
2018-10-18,483.0145
2018-10-19,482.06810000000002
2018-10-22,483.7715
2018-10-23,483.0145
2018-10-24,485.47500000000002
2018-10-25,486.7998
2018-10-26,485.47500000000002
2018-10-29,486.7998
2018-10-30,488.8818
2018-10-31,488.6925
2018-11-01,485.47500000000002
2018-11-02,486.61059999999998
2018-11-05,486.42129999999997
2018-11-06,485.28570000000002
2018-11-07,484.33929999999998
2018-11-08,487.17840000000001
2018-11-09,488.12470000000002
2018-11-12,492.47789999999998
2018-11-13,490.77449999999999
2018-11-14,489.0711
2018-11-15,490.20670000000001
2018-11-16,486.61059999999998
2018-11-19,486.23200000000003
2018-11-20,488.6925
2018-11-21,488.6925
2018-11-23,489.63889999999998
2018-11-26,490.58519999999999
2018-11-27,491.9101
2018-11-28,489.44959999999998
2018-11-29,488.6925
2018-11-30,490.58519999999999
2018-12-03,490.77449999999999
2018-12-04,489.82810000000001
2018-12-06,489.63889999999998
2018-12-07,488.31400000000002
2018-12-10,491.53160000000003
2018-12-11,492.85640000000001
2018-12-12,490.96379999999999
2018-12-13,490.96379999999999
2018-12-14,492.85640000000001
2018-12-17,491.53160000000003
2018-12-18,491.34230000000002
2018-12-19,491.53160000000003
2018-12-20,487.74619999999999
2018-12-21,490.96379999999999
2018-12-24,488.80610000000001
2018-12-26,491.29320000000001
2018-12-27,489.18869999999998
2018-12-28,487.84949999999998
2018-12-31,486.89299999999997
2019-01-02,490.52789999999999
2019-01-03,487.84949999999998
2019-01-04,487.08429999999998
2019-01-07,484.97980000000001
2019-01-08,486.51029999999997
2019-01-09,481.91879999999998
2019-01-10,484.7885
2019-01-11,485.17110000000002
2019-01-14,485.17110000000002
2019-01-15,486.89299999999997
2019-01-16,487.46690000000001
2019-01-17,487.46690000000001
2019-01-18,488.99740000000003
2019-01-22,488.99740000000003
2019-01-23,487.84949999999998
2019-01-24,490.7192
2019-01-25,486.70159999999998
2019-01-28,487.08429999999998
2019-01-29,487.2756
2019-01-30,484.7885
2019-01-31,485.74509999999998
2019-02-01,485.74509999999998
2019-02-04,487.08429999999998
2019-02-05,488.42349999999999
2019-02-06,490.33659999999998
2019-02-07,491.48450000000003
2019-02-08,492.05840000000001
2019-02-11,493.97160000000002
2019-02-12,492.24970000000002
2019-02-13,494.92809999999997
2019-02-14,494.35419999999999
2019-02-15,493.39760000000001
2019-02-19,491.48450000000003
2019-02-20,491.86709999999999
2019-02-21,492.24970000000002
2019-02-22,492.05840000000001
2019-02-25,491.67579999999998
2019-02-26,489.7627
2019-02-27,490.14530000000002
2019-02-28,490.52789999999999
2019-03-01,492.44099999999997
2019-03-04,493.01499999999999
2019-03-05,494.35419999999999
2019-03-06,494.35419999999999
2019-03-07,498.75439999999998
2019-03-08,497.22390000000001
2019-03-11,496.07600000000002
2019-03-12,495.11939999999998
2019-03-13,492.82369999999997
2019-03-14,494.35419999999999
2019-03-15,493.58890000000002
2019-03-18,493.01499999999999
2019-03-19,492.44099999999997
2019-03-20,489.57130000000001
2019-03-21,492.63240000000002
2019-03-22,493.58890000000002
2019-03-25,493.58890000000002
2019-03-26,495.11939999999998
2019-03-27,495.6934
2019-03-28,497.41520000000003
2019-03-29,497.98910000000001
2019-04-01,497.60649999999998
2019-04-02,498.18049999999999
2019-04-03,497.41520000000003
2019-04-04,497.98910000000001
2019-04-05,498.56310000000002
2019-04-08,496.84129999999999
2019-04-09,497.0326
2019-04-10,496.26729999999998
2019-04-11,497.7978
2019-04-12,496.6499
2019-04-15,496.45859999999999
2019-04-16,497.60649999999998
2019-04-17,497.22390000000001
2019-04-18,499.90230000000003
2019-04-22,498.75439999999998
2019-04-23,500.47620000000001
2019-04-24,502.9633
2019-04-25,503.91989999999998
2019-04-26,503.34589999999997
2019-04-29,502.19799999999998
2019-04-30,500.66750000000002
2019-05-01,501.24149999999997
2019-05-02,502.38940000000002
2019-05-03,500.47620000000001
2019-05-06,500.85879999999997
2019-05-07,501.24149999999997
2019-05-08,501.43279999999999
2019-05-09,500.47620000000001
2019-05-10,500.28489999999999
2019-05-13,500.28489999999999
2019-05-14,501.43279999999999
2019-05-15,501.6241
2019-05-16,502.9633
2019-05-17,504.1112
2019-05-20,503.7285
2019-05-21,504.49380000000002
2019-05-22,504.87639999999999
2019-05-23,503.91989999999998
2019-05-24,502.19799999999998
2019-05-28,504.30250000000001
2019-05-29,505.4504
2019-05-30,505.64170000000001
2019-05-31,503.53719999999998
2019-06-03,500.85879999999997
2019-06-04,500.28489999999999
2019-06-05,502.00670000000002
2019-06-06,500.28489999999999
2019-06-07,498.18049999999999
2019-06-10,498.75439999999998
2019-06-11,498.94569999999999
2019-06-12,500.28489999999999
2019-06-13,500.66750000000002
2019-06-14,503.34589999999997
2019-06-17,503.53719999999998
2019-06-18,504.30250000000001
2019-06-19,502.00670000000002
2019-06-20,498.94569999999999
2019-06-21,496.45859999999999
2019-06-24,495.6934
2019-06-25,496.84129999999999
2019-06-26,497.22390000000001
2019-06-27,497.22390000000001
2019-06-28,496.84129999999999
2019-07-01,500.47620000000001
2019-07-02,500.09359999999998
2019-07-03,500.09359999999998
2019-07-05,502.77199999999999
2019-07-08,503.7285
2019-07-09,504.1112
2019-07-10,502.00670000000002
2019-07-11,502.00670000000002
2019-07-12,501.05020000000002
2019-07-15,501.81540000000001
2019-07-16,504.1112
2019-07-17,503.15460000000002
2019-07-18,500.47620000000001
2019-07-19,502.9633
2019-07-22,503.91989999999998
2019-07-23,506.21559999999999
2019-07-24,506.21559999999999
2019-07-25,507.17219999999998
2019-07-26,507.93740000000003
2019-07-29,508.32010000000002
2019-07-30,508.32010000000002
2019-07-31,511.3811
2019-08-01,509.85059999999999
2019-08-02,508.70269999999999
2019-08-05,506.21559999999999
2019-08-06,506.78960000000001
2019-08-07,506.40690000000001
2019-08-08,506.78960000000001
2019-08-09,506.21559999999999
2019-08-12,505.83300000000003
2019-08-13,508.12880000000001
2019-08-14,509.27659999999997
2019-08-15,509.65929999999997
2019-08-16,510.0419
2019-08-19,511.18979999999999
2019-08-20,510.0419
2019-08-21,510.61579999999998
2019-08-22,510.23320000000001
2019-08-23,507.36349999999999
2019-08-26,510.0419
2019-08-27,509.65929999999997
2019-08-28,510.80709999999999
2019-08-29,512.1463
2019-08-30,514.05949999999996
2019-09-03,515.20740000000001
2019-09-04,511.95499999999998
2019-09-05,512.1463
2019-09-06,512.33770000000004
2019-09-09,511.3811
2019-09-10,511.95499999999998
2019-09-11,513.4855
2019-09-12,511.95499999999998
2019-09-13,511.18979999999999
2019-09-16,513.4855
2019-09-17,511.18979999999999
2019-09-18,513.10289999999998
2019-09-19,511.95499999999998
2019-09-20,513.29420000000005
2019-09-23,514.05949999999996
2019-09-24,512.1463
2019-09-25,516.16390000000001
2019-09-26,517.50310000000002
2019-09-27,516.73789999999997
2019-09-30,518.4597
2019-10-01,516.73789999999997
2019-10-02,516.35519999999997
2019-10-03,516.16390000000001
2019-10-04,515.78129999999999
2019-10-07,516.73789999999997
2019-10-08,517.50310000000002
2019-10-09,517.12049999999999
2019-10-10,515.01599999999996
2019-10-11,513.10289999999998
2019-10-14,514.63340000000005
2019-10-15,513.10289999999998
2019-10-16,511.76369999999997
2019-10-17,509.85059999999999
2019-10-18,507.93740000000003
2019-10-21,508.32010000000002
2019-10-22,509.46800000000002
2019-10-23,509.27659999999997
2019-10-24,510.80709999999999
2019-10-25,511.3811
2019-10-28,510.99849999999998
2019-10-29,510.80709999999999
2019-10-30,509.65929999999997
2019-10-31,508.70269999999999
2019-11-01,508.51139999999998
2019-11-04,510.42450000000002
2019-11-05,512.33770000000004
2019-11-06,512.33770000000004
2019-11-07,513.4855
2019-11-08,514.63340000000005
2019-11-11,513.8682
2019-11-12,514.63340000000005
2019-11-13,514.44209999999998
2019-11-14,514.05949999999996
2019-11-15,512.91160000000002
2019-11-18,511.95499999999998
2019-11-19,512.529
2019-11-20,512.529
2019-11-21,513.29420000000005
2019-11-22,514.82470000000001
2019-11-25,515.20740000000001
2019-11-26,514.63340000000005
2019-11-27,515.39869999999996
2019-11-29,514.82470000000001
2019-12-02,512.72029999999995
2019-12-03,512.1463
2019-12-04,511.57240000000002
2019-12-05,510.42450000000002
2019-12-06,512.33770000000004
2019-12-09,511.76369999999997
2019-12-10,511.18979999999999
2019-12-11,509.27659999999997
2019-12-12,510.0419
2019-12-13,510.0419
2019-12-16,509.08530000000002
2019-12-17,510.0419
2019-12-18,510.99849999999998
2019-12-19,510.99849999999998
2019-12-20,512.72029999999995
2019-12-23,512.45240000000001
2019-12-24,512.45240000000001
2019-12-26,511.67189999999999
2019-12-27,509.13499999999999
2019-12-30,508.1592
2019-12-31,506.79320000000001
2020-01-02,508.54950000000002
2020-01-03,509.13499999999999
2020-01-06,507.96409999999997
2020-01-07,509.72039999999998
2020-01-08,511.08640000000003
2020-01-09,512.06219999999996
2020-01-10,511.67189999999999
2020-01-13,511.67189999999999
2020-01-14,511.86700000000002
2020-01-15,511.08640000000003
2020-01-16,511.86700000000002
2020-01-17,513.62329999999997
2020-01-21,513.23299999999995
2020-01-22,512.84270000000004
2020-01-23,514.2088
2020-01-24,514.98929999999996
2020-01-27,515.76990000000001
2020-01-28,515.76990000000001
2020-01-29,516.55050000000006
2020-01-30,514.98929999999996
2020-01-31,512.84270000000004
2020-02-03,515.37959999999998
2020-02-04,516.16020000000003
2020-02-05,518.11170000000004
2020-02-06,519.0874
2020-02-07,520.25829999999996
2020-02-10,521.03890000000001
2020-02-11,520.45339999999999
2020-02-12,521.81939999999997
2020-02-13,522.4049
2020-02-14,522.2097
2020-02-18,524.16120000000001
2020-02-19,525.13689999999997
2020-02-20,526.69809999999995
2020-02-21,523.57569999999998
2020-02-24,523.77089999999998
2020-02-25,522.2097
2020-02-26,522.60000000000002
2020-02-27,519.47770000000003
2020-02-28,517.72140000000002
2020-03-02,514.98929999999996
2020-03-03,512.84270000000004
2020-03-04,514.59900000000005
2020-03-05,510.6961
2020-03-06,507.76889999999997
2020-03-09,502.30489999999998
2020-03-10,509.72039999999998
2020-03-11,510.50099999999998
2020-03-12,515.96510000000001
2020-03-13,535.4796
2020-03-16,518.30679999999995
2020-03-17,527.4787
2020-03-18,535.4796
2020-03-19,548.16409999999996
2020-03-20,546.60289999999998
2020-03-23,545.82230000000004
2020-03-24,539.57770000000005
2020-03-25,534.50390000000004
2020-03-26,525.91750000000002
2020-03-27,521.62429999999995
2020-03-30,523.96600000000001
2020-03-31,523.57569999999998
2020-04-01,526.89319999999998
2020-04-02,529.62530000000004
2020-04-03,532.55240000000003
2020-04-06,532.74760000000003
2020-04-07,527.86900000000003
2020-04-08,529.82039999999995
2020-04-09,525.91750000000002
2020-04-13,525.13689999999997
2020-04-14,522.2097
2020-04-15,526.11260000000004
2020-04-16,528.45439999999996
2020-04-17,527.08839999999998
2020-04-20,528.84469999999999
2020-04-21,529.62530000000004
2020-04-22,531.18640000000005
2020-04-23,531.38160000000005
2020-04-24,530.21069999999997
2020-04-27,528.84469999999999
2020-04-28,528.25919999999996
2020-04-29,526.11260000000004
2020-04-30,522.79520000000002
2020-05-01,523.38059999999996
2020-05-04,526.30780000000004
2020-05-05,526.69809999999995
2020-05-06,529.23500000000001
2020-05-07,527.67380000000003
2020-05-08,527.4787
2020-05-11,529.43010000000004
2020-05-12,528.45439999999996
2020-05-13,529.43010000000004
2020-05-14,530.01559999999995
2020-05-15,530.4058
2020-05-18,526.11260000000004
2020-05-19,525.72230000000002
2020-05-20,523.96600000000001
2020-05-21,525.13689999999997
2020-05-22,526.69809999999995
2020-05-26,522.79520000000002
2020-05-27,522.60000000000002
2020-05-28,519.86800000000005
2020-05-29,519.0874
2020-06-01,516.16020000000003
2020-06-02,515.57479999999998
2020-06-03,512.45240000000001
2020-06-04,510.50099999999998
2020-06-05,511.47669999999999
2020-06-08,510.11070000000001
2020-06-09,508.54950000000002
2020-06-10,506.01260000000002
2020-06-11,511.08640000000003
2020-06-12,512.45240000000001
2020-06-15,510.30579999999998
2020-06-16,511.86700000000002
2020-06-17,512.25729999999999
2020-06-18,514.2088
2020-06-19,514.79420000000005
2020-06-22,512.06219999999996
2020-06-23,510.30579999999998
2020-06-24,512.64760000000001
2020-06-25,513.42819999999995
2020-06-26,514.2088
2020-06-29,514.40390000000002
2020-06-30,513.62329999999997
2020-07-01,512.45240000000001
2020-07-02,512.84270000000004
2020-07-06,510.11070000000001
2020-07-07,511.28160000000003
2020-07-08,508.54950000000002
2020-07-09,510.30579999999998
2020-07-10,509.52530000000002
2020-07-13,508.74470000000002
2020-07-14,507.76889999999997
2020-07-15,506.40289999999999
2020-07-16,508.1592
2020-07-17,506.01260000000002
2020-07-20,505.2321
2020-07-21,502.10969999999998
2020-07-22,500.74369999999999
2020-07-23,499.76799999999997
2020-07-24,497.62139999999999
2020-07-27,493.91359999999997
2020-07-28,494.69420000000002
2020-07-29,492.35239999999999
2020-07-30,490.40100000000001
2020-07-31,493.32819999999998
2020-08-03,493.32819999999998
2020-08-04,491.57190000000003
2020-08-05,489.42529999999999
2020-08-06,489.42529999999999
2020-08-07,492.35239999999999
2020-08-10,493.13299999999998
2020-08-11,493.91359999999997
2020-08-12,492.35239999999999
2020-08-13,492.15730000000002
2020-08-14,491.37670000000003
2020-08-17,489.23009999999999
2020-08-18,486.49810000000002
2020-08-19,490.40100000000001
2020-08-20,489.03500000000003
2020-08-21,491.37670000000003
2020-08-24,492.15730000000002
2020-08-25,490.40100000000001
2020-08-26,489.81560000000002
2020-08-27,490.40100000000001
2020-08-28,486.49810000000002
2020-08-31,485.9126
2020-09-01,486.88839999999999
2020-09-02,488.6447
2020-09-03,488.83980000000003
2020-09-04,489.62040000000002
2020-09-08,492.15730000000002
2020-09-09,491.37670000000003
2020-09-10,492.35239999999999
2020-09-11,491.37670000000003
2020-09-14,490.20580000000001
2020-09-15,490.59609999999998
2020-09-16,491.1816
2020-09-17,489.42529999999999
2020-09-18,490.01069999999999
2020-09-21,493.52330000000001
2020-09-22,495.27960000000002
2020-09-23,498.01170000000002
2020-09-24,497.23110000000003
2020-09-25,498.59710000000001
2020-09-28,497.03590000000003
2020-09-29,494.69420000000002
2020-09-30,494.69420000000002
2020-10-01,493.91359999999997
2020-10-02,495.08449999999999
2020-10-05,492.93790000000001
2020-10-06,494.3039
2020-10-07,493.71850000000001
2020-10-08,493.52330000000001
2020-10-09,490.59609999999998
2020-10-12,490.01069999999999
2020-10-13,492.93790000000001
2020-10-14,491.767
2020-10-15,494.10879999999997
2020-10-16,493.52330000000001
2020-10-19,491.9622
2020-10-20,490.40100000000001
2020-10-21,487.86410000000001
2020-10-22,489.81560000000002
2020-10-23,488.6447
2020-10-26,490.40100000000001
2020-10-27,489.42529999999999
2020-10-28,492.54759999999999
2020-10-29,494.49900000000002
2020-10-30,495.08449999999999
2020-11-02,495.66989999999998
2020-11-03,492.93790000000001
2020-11-04,492.15730000000002
2020-11-05,487.47379999999998
2020-11-06,485.71749999999997
2020-11-09,488.83980000000003
2020-11-10,488.83980000000003
2020-11-11,489.42529999999999
2020-11-12,489.42529999999999
2020-11-13,488.4495
2020-11-16,487.27870000000001
2020-11-17,486.49810000000002
2020-11-18,486.69319999999999
2020-11-19,485.9126
2020-11-20,486.49810000000002
2020-11-23,487.27870000000001
2020-11-24,484.93689999999998
2020-11-25,484.15629999999999
2020-11-27,483.18060000000003
2020-11-30,484.35149999999999
2020-12-01,480.05829999999997
2020-12-02,479.47280000000001
2020-12-03,476.9359
2020-12-04,477.52140000000003
2020-12-07,478.30200000000002
2020-12-08,478.88740000000001
2020-12-09,479.08249999999998
2020-12-10,477.7165
2020-12-11,478.88740000000001
2020-12-14,477.52140000000003
2020-12-15,475.96019999999999
2020-12-16,475.37479999999999
2020-12-17,472.83789999999999
2020-12-18,473.42329999999998
2020-12-21,474.399
2020-12-22,476.9359
2020-12-23,474.78930000000003
2020-12-24,475.17959999999999
2020-12-28,475.17959999999999
2020-12-29,473.61849999999998
2020-12-30,471.66699999999997
2020-12-31,473.03300000000002
2021-01-04,473.42329999999998
2021-01-05,470.69130000000001
2021-01-06,470.10579999999999
2021-01-07,472.83789999999999
2021-01-08,473.61849999999998
2021-01-11,476.54559999999998
2021-01-12,474.00880000000001
2021-01-13,475.56990000000002
2021-01-14,474.5942
2021-01-15,477.7165
2021-01-19,476.35050000000001
2021-01-20,476.15539999999999
2021-01-21,474.00880000000001
2021-01-22,474.98450000000003
2021-01-25,475.56990000000002
2021-01-26,474.20389999999998
2021-01-27,477.1311
2021-01-28,475.96019999999999
2021-01-29,476.54559999999998
2021-02-01,478.88740000000001
2021-02-02,479.47280000000001
2021-02-03,479.27769999999998
2021-02-04,481.42430000000002
2021-02-05,478.69220000000001
2021-02-08,478.49709999999999
2021-02-09,475.96019999999999
2021-02-10,475.76510000000002
2021-02-11,475.56990000000002
2021-02-12,475.96019999999999
2021-02-16,475.96019999999999
2021-02-17,477.9117
2021-02-18,476.35050000000001
2021-02-19,475.17959999999999
2021-02-22,473.81360000000001
2021-02-23,474.20389999999998
2021-02-24,473.42329999999998
2021-02-25,474.98450000000003
2021-02-26,478.49709999999999
2021-03-01,478.88740000000001
2021-03-02,477.1311
2021-03-03,478.49709999999999
2021-03-04,481.61939999999998
2021-03-05,483.37569999999999
2021-03-08,486.1078
2021-03-09,483.37569999999999
2021-03-10,482.59519999999998
2021-03-11,480.2534
2021-03-12,481.81459999999998
2021-03-15,482.7903
2021-03-16,482.7903
2021-03-17,480.4486
2021-03-18,483.37569999999999
2021-03-19,483.57089999999999
2021-03-22,482.59519999999998
2021-03-23,485.52229999999997
2021-03-24,486.69319999999999
2021-03-25,488.05919999999998
2021-03-26,487.47379999999998
2021-03-29,488.6447
2021-03-30,490.59609999999998
2021-03-31,490.20580000000001
2021-04-01,488.05919999999998
2021-04-05,486.49810000000002
2021-04-06,485.3272
2021-04-07,485.9126
2021-04-08,483.76600000000002
2021-04-09,484.15629999999999
2021-04-12,483.96120000000002
2021-04-13,482.20490000000001
2021-04-14,481.61939999999998
2021-04-15,481.61939999999998
2021-04-16,481.03399999999999
2021-04-19,478.30200000000002
2021-04-20,479.08249999999998
2021-04-21,478.49709999999999
2021-04-22,479.86309999999997
2021-04-23,477.1311
2021-04-26,477.1311
2021-04-27,477.32619999999997
2021-04-28,475.56990000000002
2021-04-29,475.76510000000002
2021-04-30,479.66800000000001
2021-05-03,477.52140000000003
2021-05-04,479.66800000000001
2021-05-05,479.47280000000001
2021-05-06,477.1311
2021-05-07,473.61849999999998
2021-05-10,473.61849999999998
2021-05-11,473.22820000000002
2021-05-12,476.74079999999998
2021-05-13,475.96019999999999
2021-05-14,474.00880000000001
2021-05-17,473.42329999999998
2021-05-18,471.27670000000001
2021-05-19,473.42329999999998
2021-05-20,471.08159999999998
2021-05-21,472.64269999999999
2021-05-24,471.47190000000001
2021-05-25,470.88639999999998
2021-05-26,472.64269999999999
2021-05-27,472.25240000000002
2021-05-28,472.64269999999999
2021-06-01,471.86219999999997
2021-06-02,471.86219999999997
2021-06-03,474.78930000000003
2021-06-04,473.03300000000002
2021-06-07,472.25240000000002
2021-06-08,472.83789999999999
2021-06-09,473.22820000000002
2021-06-10,472.83789999999999
2021-06-11,475.17959999999999
2021-06-14,474.78930000000003
2021-06-15,475.17959999999999
2021-06-16,479.08249999999998
2021-06-17,482.7903
2021-06-18,484.35149999999999
2021-06-21,482.00970000000001
2021-06-22,481.22910000000002
2021-06-23,482.00970000000001
2021-06-24,481.61939999999998
2021-06-25,481.81459999999998
2021-06-28,482.00970000000001
2021-06-29,483.18060000000003
2021-06-30,484.54660000000001
2021-07-01,485.9126
2021-07-02,483.96120000000002
2021-07-06,485.71749999999997
2021-07-07,486.49810000000002
2021-07-08,484.54660000000001
2021-07-09,483.37569999999999
2021-07-12,483.96120000000002
2021-07-13,486.88839999999999
2021-07-14,484.54660000000001
2021-07-15,485.9126
2021-07-16,486.49810000000002
2021-07-19,487.27870000000001
2021-07-20,487.86410000000001
2021-07-21,486.69319999999999
2021-07-22,487.27870000000001
2021-07-23,487.47379999999998
2021-07-26,485.9126
2021-07-27,485.13209999999998
2021-07-28,483.76600000000002
2021-07-29,482.00970000000001
2021-07-30,483.37569999999999
2021-08-02,482.7903
2021-08-03,482.9855
2021-08-04,483.76600000000002
2021-08-05,483.76600000000002
2021-08-06,486.49810000000002
2021-08-09,487.47379999999998
2021-08-10,487.86410000000001
2021-08-11,486.88839999999999
2021-08-12,487.47379999999998
2021-08-13,485.13209999999998
2021-08-16,485.52229999999997
2021-08-17,488.4495
2021-08-18,488.4495
2021-08-19,490.79129999999998
2021-08-20,490.20580000000001
2021-08-23,487.27870000000001
2021-08-24,486.88839999999999
2021-08-25,486.49810000000002
2021-08-26,487.86410000000001
2021-08-27,485.71749999999997
2021-08-30,485.71749999999997
2021-08-31,485.71749999999997
2021-09-01,484.74180000000001
2021-09-02,483.57089999999999
2021-09-03,482.59519999999998
2021-09-07,484.93689999999998
2021-09-08,485.71749999999997
2021-09-09,484.54660000000001
2021-09-10,485.3272
2021-09-13,485.3272
2021-09-14,485.3272
2021-09-15,484.35149999999999
2021-09-16,486.49810000000002
2021-09-17,488.25439999999998
2021-09-20,488.4495
2021-09-21,488.05919999999998
2021-09-22,489.42529999999999
2021-09-23,487.47379999999998
2021-09-24,488.83980000000003
2021-09-27,489.42529999999999
2021-09-28,491.1816
2021-09-29,494.69420000000002
2021-09-30,493.91359999999997
2021-10-01,492.93790000000001
2021-10-04,491.37670000000003
2021-10-05,492.35239999999999
2021-10-06,493.71850000000001
2021-10-07,493.52330000000001
2021-10-08,493.13299999999998
2021-10-11,494.49900000000002
2021-10-12,495.08449999999999
2021-10-13,492.35239999999999
2021-10-14,492.35239999999999
2021-10-15,491.767
2021-10-18,491.9622
2021-10-19,490.79129999999998
2021-10-20,490.01069999999999
2021-10-21,491.1816
2021-10-22,490.20580000000001
2021-10-25,490.9864
2021-10-26,491.9622
2021-10-27,491.767
2021-10-28,488.83980000000003
2021-10-29,492.74270000000001
2021-11-01,491.1816
2021-11-02,492.35239999999999
2021-11-03,491.1816
2021-11-04,493.71850000000001
2021-11-05,493.32819999999998
2021-11-08,492.35239999999999
2021-11-09,491.767
2021-11-10,497.03590000000003
2021-11-11,498.20679999999999
2021-11-12,497.62139999999999
2021-11-15,500.35340000000002
2021-11-16,502.30489999999998
2021-11-17,501.32909999999998
2021-11-18,499.9631
2021-11-19,502.5
2021-11-22,505.0369
2021-11-23,504.84179999999998
2021-11-24,506.79320000000001
2021-11-26,502.89030000000002
2021-11-29,503.86599999999999
2021-11-30,501.52429999999998
2021-12-01,502.89030000000002
2021-12-02,503.08550000000002
2021-12-03,502.89030000000002
2021-12-06,503.67090000000002
2021-12-07,503.86599999999999
2021-12-08,501.52429999999998
2021-12-09,503.28059999999999
2021-12-10,502.5
2021-12-13,504.06119999999999
2021-12-14,505.0369
2021-12-15,504.25630000000001
2021-12-16,502.10969999999998
2021-12-17,505.6223
2021-12-20,505.0369
2021-12-21,504.45150000000001
2021-12-22,502.5
2021-12-23,502.10969999999998
2021-12-27,502.30489999999998
2021-12-28,502.89030000000002
2021-12-29,501.52429999999998
2021-12-30,502.30489999999998
2021-12-31,500.1583
2022-01-03,503.28059999999999
2022-01-04,503.67090000000002
2022-01-05,503.08550000000002
2022-01-06,503.47570000000002
2022-01-07,500.74369999999999
2022-01-10,501.91460000000001
2022-01-11,499.76799999999997
2022-01-12,496.45049999999998
2022-01-13,496.25540000000001
2022-01-14,497.62139999999999
2022-01-18,500.74369999999999
2022-01-19,499.57279999999997
2022-01-20,501.13400000000001
2022-01-21,499.76799999999997
2022-01-24,501.32909999999998
2022-01-25,501.52429999999998
2022-01-26,504.25630000000001
2022-01-27,508.54950000000002
2022-01-28,508.3544
2022-01-31,504.84179999999998
2022-02-01,503.47570000000002
2022-02-02,501.52429999999998
2022-02-03,498.98739999999998
2022-02-04,498.59710000000001
2022-02-07,498.79230000000001
2022-02-08,499.57279999999997
2022-02-09,498.98739999999998
2022-02-10,499.76799999999997
2022-02-11,501.91460000000001
2022-02-14,503.28059999999999
2022-02-15,501.32909999999998
2022-02-16,500.35340000000002
2022-02-17,500.54860000000002
2022-02-18,501.91460000000001
2022-02-22,502.10969999999998
2022-02-23,502.6952
2022-02-24,506.79320000000001
2022-02-25,504.25630000000001
2022-02-28,505.0369
2022-03-01,508.93979999999999
2022-03-02,508.54950000000002
2022-03-03,510.50099999999998
2022-03-04,514.40390000000002
2022-03-07,518.11170000000004
2022-03-08,517.13589999999999
2022-03-09,512.06219999999996
2022-03-10,514.59900000000005
2022-03-11,517.33109999999999
2022-03-14,517.13589999999999
2022-03-15,516.55050000000006
2022-03-16,512.84270000000004
2022-03-17,511.67189999999999
2022-03-18,512.25729999999999
2022-03-21,514.2088
2022-03-22,514.0136
2022-03-23,514.59900000000005
2022-03-24,515.18449999999996
2022-03-25,515.37959999999998
2022-03-28,516.94079999999997
2022-03-29,513.81849999999997
2022-03-30,511.08640000000003
2022-03-31,513.23299999999995
2022-04-01,514.0136
2022-04-04,516.35540000000003
2022-04-05,519.0874
2022-04-06,519.47770000000003
2022-04-07,520.45339999999999
2022-04-08,520.45339999999999
2022-04-11,521.62429999999995
2022-04-12,523.38059999999996
2022-04-13,521.23400000000004
2022-04-14,523.57569999999998
2022-04-18,525.72230000000002
2022-04-19,526.89319999999998
2022-04-20,523.18550000000005
2022-04-21,524.74659999999994
2022-04-22,527.86900000000003
2022-04-25,530.4058
2022-04-26,533.72329999999999
2022-04-27,537.04079999999999
2022-04-28,540.16309999999999
2022-04-29,538.01649999999995
2022-05-02,540.74860000000001
2022-05-03,539.77279999999996
2022-05-04,535.28449999999998
2022-05-05,539.77279999999996
2022-05-06,540.74860000000001
2022-05-09,540.94370000000004
2022-05-10,542.1146
2022-05-11,542.70000000000005
2022-05-12,547.38350000000003
2022-05-13,545.82230000000004
2022-05-16,543.67570000000001
2022-05-17,539.18740000000003
2022-05-18,541.9194
2022-05-19,536.26020000000005
2022-05-20,537.43110000000001
2022-05-23,532.55240000000003
2022-05-24,530.99130000000002
2022-05-25,532.94269999999995
2022-05-26,531.18640000000005
2022-05-27,530.01559999999995
2022-05-31,530.99130000000002
2022-06-01,535.08929999999998
2022-06-02,530.4058
2022-06-03,532.74760000000003
2022-06-06,533.91849999999999
2022-06-07,533.33299999999997
2022-06-08,534.89419999999996
2022-06-09,538.7971
2022-06-10,543.09029999999996
2022-06-13,548.35919999999999
2022-06-14,549.53009999999995
2022-06-15,545.23689999999999
2022-06-16,539.96799999999996
2022-06-17,545.43209999999999
2022-06-21,543.48059999999998
2022-06-22,542.70000000000005
2022-06-23,543.28549999999996
2022-06-24,542.1146
2022-06-27,541.13890000000004
2022-06-28,544.26120000000003
2022-06-29,547.38350000000003
2022-06-30,545.62720000000002
2022-07-01,547.38350000000003
2022-07-05,555.1893
2022-07-06,557.72619999999995
2022-07-07,557.92139999999995
2022-07-08,557.53110000000004
2022-07-11,563.97090000000003
2022-07-12,563.77570000000003
2022-07-13,562.60490000000004
2022-07-14,566.50779999999997
2022-07-15,563.19029999999998
2022-07-18,560.06799999999998
2022-07-19,556.55539999999996
2022-07-20,558.11649999999997
2022-07-21,556.55539999999996
2022-07-22,555.77480000000003
2022-07-25,554.99419999999998
2022-07-26,559.28740000000005
2022-07-27,554.60389999999995
2022-07-28,554.21360000000004
2022-07-29,552.06700000000001
2022-08-01,549.92039999999997
2022-08-02,553.43299999999999
2022-08-03,554.99419999999998
2022-08-04,551.48159999999996
2022-08-05,556.16510000000005
2022-08-08,555.3845
2022-08-09,554.79899999999998
2022-08-10,548.74950000000001
2022-08-11,549.13980000000004
2022-08-12,551.28639999999996
2022-08-15,556.16510000000005
2022-08-16,555.96990000000005
2022-08-17,556.75049999999999
2022-08-18,561.04369999999994
2022-08-19,564.55629999999996
2022-08-22,569.23979999999995
2022-08-23,566.8981
2022-08-24,567.28840000000002
2022-08-25,566.31259999999997
2022-08-26,568.45920000000001
2022-08-29,568.65440000000001
2022-08-30,568.45920000000001
2022-08-31,568.06899999999996
2022-09-01,573.14269999999999
2022-09-02,573.33789999999999
2022-09-06,576.65539999999999
2022-09-07,572.55730000000005
2022-09-08,573.72820000000002
2022-09-09,569.63009999999997
2022-09-12,566.7029
2022-09-13,574.50879999999995
2022-09-14,573.33789999999999
2022-09-15,573.72820000000002
2022-09-16,573.72820000000002
2022-09-19,573.33789999999999
2022-09-20,576.06989999999996
2022-09-21,581.72910000000002
2022-09-22,582.50969999999995
2022-09-23,591.6816
2022-09-26,598.31650000000002
2022-09-27,598.51170000000002
2022-09-28,590.70579999999995
2022-09-29,588.36410000000001
2022-09-30,588.36410000000001
2022-10-03,585.63210000000004
2022-10-04,577.63109999999995
2022-10-05,583.09519999999998
2022-10-06,588.94949999999994
2022-10-07,591.29129999999998
2022-10-10,593.82820000000004
2022-10-11,594.21849999999995
2022-10-12,594.21849999999995
2022-10-13,590.31560000000002
2022-10-14,594.41359999999997
2022-10-17,588.36410000000001
2022-10-18,587.97379999999998
2022-10-19,592.26700000000005
2022-10-20,592.65729999999996
2022-10-21,587.58349999999996
2022-10-24,588.16899999999998
2022-10-25,581.72910000000002
2022-10-26,575.67960000000005
2022-10-27,580.16800000000001
2022-10-28,581.14369999999997
2022-10-31,586.02239999999995
2022-11-01,585.82719999999995
2022-11-02,588.36410000000001
2022-11-03,593.24270000000001
2022-11-04,582.11940000000004
2022-11-07,578.80200000000002
2022-11-08,576.26509999999996
2022-11-09,580.55830000000003
2022-11-10,567.28840000000002
2022-11-11,559.09230000000002
2022-11-14,561.62909999999999
2022-11-15,559.67769999999996
2022-11-16,558.5068
2022-11-17,560.65340000000003
2022-11-18,562.21460000000002
2022-11-21,567.09320000000002
2022-11-22,563.5806
2022-11-23,557.72619999999995
2022-11-25,557.72619999999995
2022-11-28,561.82429999999999
2022-11-29,562.79999999999995
2022-11-30,558.31169999999997
2022-12-01,551.48159999999996
2022-12-02,550.89610000000005
2022-12-05,555.3845
2022-12-06,555.77480000000003
2022-12-07,554.01850000000002
2022-12-08,552.26220000000001
2022-12-09,553.43299999999999
2022-12-12,553.82330000000002
2022-12-13,548.94470000000001
2022-12-14,546.40779999999995
2022-12-15,551.48159999999996
2022-12-16,552.45730000000003
2022-12-19,552.58609999999999
2022-12-20,548.84580000000005
2022-12-21,550.22379999999998
2022-12-22,551.01120000000003
2022-12-23,550.81439999999998
2022-12-27,550.61749999999995
2022-12-28,552.58609999999999
2022-12-29,549.23950000000002
2022-12-30,547.46770000000004
2023-01-03,553.37350000000004
2023-01-04,551.4049
2023-01-05,556.52329999999995
2023-01-06,549.23950000000002
2023-01-09,545.89290000000005
2023-01-10,546.28660000000002
2023-01-11,546.28660000000002
2023-01-12,540.97140000000002
2023-01-13,540.77449999999999
2023-01-17,542.34939999999995
2023-01-18,542.34939999999995
2023-01-19,540.97140000000002
2023-01-20,540.18389999999999
2023-01-23,540.97140000000002
2023-01-24,540.38080000000002
2023-01-25,538.60900000000004
2023-01-26,539.98710000000005
2023-01-27,540.77449999999999
2023-01-30,542.74310000000003
2023-01-31,541.56190000000004
2023-02-01,536.44359999999995
2023-02-02,539.98710000000005
2023-02-03,547.07399999999996
2023-02-06,550.22379999999998
2023-02-07,549.23950000000002
2023-02-08,549.83010000000002
2023-02-09,549.04259999999999
2023-02-10,550.81439999999998
2023-02-13,549.23950000000002
2023-02-14,548.84580000000005
2023-02-15,552.58609999999999
2023-02-16,553.37350000000004
2023-02-17,552.97979999999995
2023-02-21,554.75160000000005
2023-02-22,556.52329999999995
2023-02-23,556.72019999999998
2023-02-24,560.85419999999999
2023-02-27,557.90129999999999
2023-02-28,559.47619999999995
2023-03-01,556.52329999999995
2023-03-02,559.47619999999995
2023-03-03,557.3107
2023-03-06,556.52329999999995
2023-03-07,563.41340000000002
2023-03-08,563.2165
2023-03-09,561.64170000000001
2023-03-10,558.09820000000002
2023-03-13,552.97979999999995
2023-03-14,552.97979999999995
2023-03-15,558.88559999999995
2023-03-16,558.29499999999996
2023-03-17,555.14530000000002
2023-03-20,551.99549999999999
2023-03-21,551.79870000000005
2023-03-22,547.66459999999995
2023-03-23,548.452
2023-03-24,551.79870000000005
2023-03-27,550.02689999999996
2023-03-28,548.05830000000003
2023-03-29,549.43629999999996
2023-03-30,546.87720000000002
2023-03-31,548.84580000000005
2023-04-03,546.28660000000002
2023-04-04,544.12109999999996
2023-04-05,545.69600000000003
2023-04-06,546.08969999999999
2023-04-10,549.23950000000002
2023-04-11,547.27089999999998
2023-04-12,544.31799999999998
2023-04-13,541.75879999999995
2023-04-14,544.90859999999998
2023-04-17,547.66459999999995
2023-04-18,545.69600000000003
2023-04-19,546.87720000000002
2023-04-20,546.87720000000002
2023-04-21,546.28660000000002
2023-04-24,544.51480000000004
2023-04-25,547.07399999999996
2023-04-26,545.30229999999995
2023-04-27,545.4991
2023-04-28,546.28660000000002
2023-05-01,549.04259999999999
2023-05-02,547.66459999999995
2023-05-03,544.71169999999995
2023-05-04,545.30229999999995
2023-05-05,544.51480000000004
2023-05-08,545.30229999999995
2023-05-09,547.07399999999996
2023-05-10,546.08969999999999
2023-05-11,549.63319999999999
2023-05-12,553.17669999999998
2023-05-15,551.60180000000003
2023-05-16,552.97979999999995
2023-05-17,553.96410000000003
2023-05-18,558.09820000000002
2023-05-19,556.52329999999995
2023-05-22,556.91700000000003
2023-05-23,558.49189999999999
2023-05-24,560.46050000000002
2023-05-25,563.01969999999994
2023-05-26,562.82280000000003
2023-05-30,562.23220000000003
2023-05-31,563.2165
2023-06-01,556.52329999999995
2023-06-02,562.42909999999995
2023-06-05,561.44479999999999
2023-06-06,563.2165
2023-06-07,563.41340000000002
2023-06-08,558.88559999999995
2023-06-09,560.65740000000005
2023-06-12,560.85419999999999
2023-06-13,559.08249999999998
2023-06-14,556.32640000000004
2023-06-15,553.17669999999998
2023-06-16,554.16099999999994
2023-06-20,555.73590000000002
2023-06-21,553.17669999999998
2023-06-22,555.14530000000002
2023-06-23,558.09820000000002
2023-06-26,557.50760000000002
2023-06-27,556.12959999999998
2023-06-28,558.68880000000001
2023-06-29,561.05110000000002
2023-06-30,558.68880000000001
2023-07-03,559.27930000000003
2023-07-05,561.83849999999995
2023-07-06,560.46050000000002
2023-07-07,555.73590000000002
2023-07-10,554.3578
2023-07-11,552.97979999999995
2023-07-12,546.48339999999996
2023-07-13,542.74310000000003
2023-07-14,543.72739999999999
2023-07-17,543.13679999999999
2023-07-18,543.53049999999996
2023-07-19,545.69600000000003
2023-07-20,548.84580000000005
2023-07-21,550.42060000000004
2023-07-24,552.38919999999996
2023-07-25,551.79870000000005
2023-07-26,550.22379999999998
2023-07-27,555.34209999999996
2023-07-28,554.55470000000003
2023-07-31,555.53899999999999
2023-08-01,558.09820000000002
2023-08-02,560.06679999999994
2023-08-03,559.67309999999998
2023-08-04,556.91700000000003
2023-08-07,557.3107
2023-08-08,559.86990000000003
2023-08-09,560.2636
2023-08-10,561.24789999999996
2023-08-11,562.42909999999995
2023-08-14,564.39769999999999
2023-08-15,564.59460000000001
2023-08-16,566.1694
2023-08-17,565.97260000000006
2023-08-18,566.36630000000002
2023-08-21,565.77570000000003
2023-08-22,567.74429999999995
2023-08-23,565.77570000000003
2023-08-24,570.30349999999999
2023-08-25,571.09090000000003
2023-08-28,570.10659999999996
2023-08-29,566.95690000000002
2023-08-30,565.97260000000006
2023-08-31,568.72860000000003
2023-09-01,572.27210000000002
2023-09-05,575.22500000000002
2023-09-06,575.42190000000005
2023-09-07,576.79989999999998
2023-09-08,577.39049999999997
2023-09-11,574.63440000000003
2023-09-12,575.61869999999999
2023-09-13,576.01239999999996
2023-09-14,579.55589999999995
2023-09-15,579.16219999999998
2023-09-18,578.17790000000002
2023-09-19,578.57159999999999
2023-09-20,579.55589999999995
2023-09-21,579.94960000000003
2023-09-22,581.32770000000005
2023-09-25,583.49310000000003
2023-09-26,585.26490000000001
2023-09-27,588.02089999999998
2023-09-28,584.87109999999996
2023-09-29,585.26490000000001
2023-10-02,589.79259999999999
2023-10-03,590.38319999999999
2023-10-04,588.61149999999998
2023-10-05,586.64290000000005
2023-10-06,585.46169999999995
2023-10-09,585.26490000000001
2023-10-10,583.88679999999999
2023-10-11,583.88679999999999
2023-10-12,588.80830000000003
2023-10-13,589.20209999999997
2023-10-16,586.64290000000005
2023-10-17,586.83969999999999
2023-10-18,589.00519999999995
2023-10-19,587.23350000000005
2023-10-20,587.43029999999999
2023-10-23,584.47739999999999
2023-10-24,587.82399999999996
2023-10-25,589.39890000000003
2023-10-26,590.77689999999996
2023-10-27,589.98950000000002
2023-10-30,587.62720000000002
2023-10-31,591.17070000000001
2023-11-01,591.36749999999995
2023-11-02,588.41459999999995
2023-11-03,582.90250000000003
2023-11-06,583.49310000000003
2023-11-07,585.46169999999995
2023-11-08,585.26490000000001
2023-11-09,587.82399999999996
2023-11-10,587.43029999999999
2023-11-13,586.64290000000005
2023-11-14,577.39049999999997
2023-11-15,579.55589999999995
2023-11-16,579.94960000000003
2023-11-17,576.79989999999998
2023-11-20,575.02809999999999
2023-11-21,575.61869999999999
2023-11-22,577.58730000000003
2023-11-24,575.02809999999999
2023-11-27,573.84699999999998
2023-11-28,571.87840000000006
2023-11-29,572.46900000000005
2023-11-30,576.60299999999995
2023-12-01,574.83130000000006
2023-12-04,577.39049999999997
2023-12-05,579.55589999999995
2023-12-06,580.93389999999999
2023-12-07,577.78420000000006
2023-12-08,579.94960000000003
2023-12-11,580.73710000000005
2023-12-12,579.16219999999998
2023-12-13,574.24069999999995
2023-12-14,568.92550000000006
2023-12-15,572.66579999999999
2023-12-18,572.57780000000002
2023-12-19,570.06470000000002
2023-12-20,572.57780000000002
2023-12-21,568.80809999999997
2023-12-22,568.59870000000001
2023-12-26,567.34209999999996
2023-12-27,564.41010000000006
2023-12-28,566.29499999999996
2023-12-29,567.34209999999996
2024-01-02,572.15899999999999
2024-01-03,574.04380000000003
2024-01-04,574.04380000000003
2024-01-05,574.04380000000003
2024-01-08,572.99670000000003
2024-01-09,574.88149999999996
2024-01-10,573.83439999999996
2024-01-11,574.25329999999997
2024-01-12,574.88149999999996
2024-01-16,579.90779999999995
2024-01-17,580.32669999999996
2024-01-18,580.95500000000004
2024-01-19,580.1173
2024-01-22,580.32669999999996
2024-01-23,581.79269999999997
2024-01-24,580.1173
2024-01-25,581.79269999999997
2024-01-26,581.79269999999997
2024-01-29,581.79269999999997
2024-01-30,581.37379999999996
2024-01-31,582.83979999999997
2024-02-01,579.90779999999995
2024-02-02,585.14350000000002
2024-02-05,588.28499999999997
2024-02-06,586.60950000000003
2024-02-07,585.98130000000003
2024-02-08,586.60950000000003
2024-02-09,586.19069999999999
2024-02-12,586.81899999999996
2024-02-13,591.42639999999994
2024-02-14,590.37929999999994
2024-02-15,588.07550000000003
2024-02-16,588.28499999999997
2024-02-20,587.44730000000004
2024-02-21,586.81899999999996
2024-02-22,586.81899999999996
2024-02-23,587.23779999999999
2024-02-26,586.19069999999999
2024-02-27,586.60950000000003
2024-02-28,587.02840000000003
2024-02-29,588.28499999999997
2024-03-01,587.23779999999999
2024-03-04,587.23779999999999
2024-03-05,586.60950000000003
2024-03-06,584.51530000000002
2024-03-07,581.58330000000001
2024-03-08,581.79269999999997
2024-03-11,582.42100000000005
2024-03-12,582.83979999999997
2024-03-13,582.2115
2024-03-14,585.35299999999995
2024-03-15,585.98130000000003
2024-03-18,587.23779999999999
2024-03-19,588.7038
2024-03-20,585.98130000000003
2024-03-21,589.96040000000005
2024-03-22,593.10180000000003
2024-03-25,591.63580000000002
2024-03-26,592.05470000000003
2024-03-27,592.47349999999994
2024-03-28,594.149
2024-04-01,596.45270000000005
2024-04-02,595.61500000000001
2024-04-03,592.89239999999995
2024-04-04,592.89239999999995
2024-04-05,593.52070000000003
2024-04-08,592.68299999999999
2024-04-09,592.47349999999994
2024-04-10,598.75639999999999
2024-04-11,599.17529999999999
2024-04-12,603.99210000000005
2024-04-15,605.03930000000003
2024-04-16,605.87699999999995
2024-04-17,603.99210000000005
2024-04-18,605.24869999999999
2024-04-19,605.24869999999999
2024-04-22,605.45809999999994
2024-04-23,602.94500000000005
2024-04-24,603.57330000000002
2024-04-25,602.31669999999997
2024-04-26,605.03930000000003
2024-04-29,603.15440000000001
2024-04-30,606.92409999999995
2024-05-01,606.29579999999999
2024-05-02,601.6884
2024-05-03,600.01300000000003
2024-05-06,600.6413
2024-05-07,602.31669999999997
2024-05-08,603.15440000000001
2024-05-09,601.06010000000003
2024-05-10,601.89779999999996
2024-05-13,601.6884
2024-05-14,600.43179999999995
2024-05-15,596.66210000000001
2024-05-16,598.12810000000002
2024-05-17,598.12810000000002
2024-05-20,598.96579999999994
2024-05-21,598.96579999999994
2024-05-22,600.85069999999996
2024-05-23,602.10730000000001
2024-05-24,600.22239999999999
2024-05-28,599.38469999999995
2024-05-29,602.7355
2024-05-30,600.85069999999996
2024-05-31,600.43179999999995
2024-06-03,597.29039999999998
2024-06-04,597.49980000000005
2024-06-05,598.33749999999998
2024-06-06,597.49980000000005
2024-06-07,602.52610000000004
2024-06-10,603.99210000000005
2024-06-11,604.82979999999998
2024-06-12,602.10730000000001
2024-06-13,604.41099999999994
2024-06-14,607.13350000000003
2024-06-17,605.66750000000002
2024-06-18,605.45809999999994
2024-06-20,607.97130000000004
2024-06-21,609.43730000000005
2024-06-24,607.34299999999996
2024-06-25,607.97130000000004
2024-06-26,610.90329999999994
2024-06-27,610.06550000000004
2024-06-28,610.06550000000004
2024-07-01,610.27499999999998
2024-07-02,609.43730000000005
2024-07-03,606.92409999999995
2024-07-05,604.82979999999998
2024-07-08,605.87699999999995
2024-07-09,606.71469999999999
2024-07-10,606.08640000000003
2024-07-11,602.94500000000005
2024-07-12,600.85069999999996
2024-07-15,601.89779999999996
2024-07-16,601.89779999999996
2024-07-17,599.17529999999999
2024-07-18,601.89779999999996
2024-07-19,603.57330000000002
2024-07-22,603.15440000000001
2024-07-23,604.20150000000001
2024-07-24,603.99210000000005
2024-07-25,603.99210000000005
2024-07-26,603.57330000000002
2024-07-29,605.24869999999999
2024-07-30,605.66750000000002
2024-07-31,602.31669999999997
2024-08-01,604.41099999999994
2024-08-02,598.33749999999998
2024-08-05,594.98670000000004
2024-08-06,596.87149999999997
2024-08-07,598.12810000000002
2024-08-08,598.96579999999994
2024-08-09,598.33749999999998
2024-08-12,598.33749999999998
2024-08-13,595.1961
2024-08-14,595.82439999999997
2024-08-15,597.91869999999994
2024-08-16,594.98670000000004
2024-08-19,591.84529999999995
2024-08-20,589.75099999999998
2024-08-21,587.86609999999996
2024-08-22,590.58870000000002
2024-08-23,585.56240000000003
2024-08-26,586.81899999999996
2024-08-27,584.93409999999994
2024-08-28,588.28499999999997
2024-08-29,590.37929999999994
2024-08-30,592.05470000000003
2024-09-03,593.10180000000003
2024-09-04,590.16980000000001
2024-09-05,589.33209999999997
2024-09-06,590.16980000000001
2024-09-09,592.68299999999999
2024-09-10,592.89239999999995
2024-09-11,593.52070000000003
2024-09-12,591.00750000000005
2024-09-13,590.16980000000001
2024-09-16,588.28499999999997
2024-09-17,590.16980000000001
2024-09-18,590.79809999999998
2024-09-19,588.28499999999997
2024-09-20,589.33209999999997
2024-09-23,590.16980000000001
2024-09-24,586.81899999999996
2024-09-25,590.79809999999998
2024-09-26,588.07550000000003
2024-09-27,587.86609999999996
2024-09-30,590.16980000000001
2024-10-01,592.68299999999999
2024-10-02,595.1961
2024-10-03,597.08100000000002
2024-10-04,600.43179999999995
2024-10-07,600.85069999999996
2024-10-08,600.85069999999996
2024-10-09,603.57330000000002
2024-10-10,603.36379999999997
2024-10-11,603.78269999999998
2024-10-14,605.66750000000002
2024-10-15,606.08640000000003
2024-10-16,607.76179999999999
2024-10-17,609.64670000000001
2024-10-18,607.97130000000004
2024-10-21,610.69380000000001
2024-10-22,611.32209999999998
2024-10-23,613.41639999999995
2024-10-24,611.11270000000002
2024-10-25,613.20699999999999
2024-10-28,613.20699999999999
2024-10-29,613.41639999999995
2024-10-30,611.95039999999995
2024-10-31,611.53150000000005
2024-11-01,614.04470000000003
2024-11-04,611.74099999999999
2024-11-05,609.2278
2024-11-06,619.07100000000003
2024-11-07,614.04470000000003
2024-11-08,618.23329999999999
2024-11-11,621.79349999999999
2024-11-12,624.51610000000005
2024-11-13,628.07640000000004
2024-11-14,630.58950000000004
2024-11-15,629.96130000000005
2024-11-18,626.81979999999999
2024-11-19,626.61040000000003
2024-11-20,629.7518
2024-11-21,631.84609999999998
2024-11-22,635.197
2024-11-25,630.79899999999998
2024-11-26,631.63670000000002
2024-11-27,626.19150000000002
2024-11-29,625.14440000000002
2024-12-02,628.91409999999996
2024-12-03,628.7047
2024-12-04,628.49530000000004
2024-12-05,625.14440000000002
2024-12-06,626.81979999999999
2024-12-09,627.86699999999996
2024-12-10,629.33299999999997
2024-12-11,631.42729999999995
2024-12-12,633.52149999999995
2024-12-13,633.73099999999999
2024-12-16,632.68380000000002
2024-12-17,633.31209999999999
2024-12-18,640.64210000000003
2024-12-19,641.89869999999996
2024-12-20,638.75729999999999
2024-12-23,641
2024-12-24,642.75080000000003
2024-12-26,641.43769999999995
2024-12-27,640.34349999999995
2024-12-30,641
2024-12-31,643.84500000000003
2025-01-02,649.31619999999998
2025-01-03,647.34659999999997
2025-01-06,643.18849999999998
2025-01-07,645.59580000000005
2025-01-08,648.00310000000002
2025-01-10,651.28579999999999
2025-01-13,653.25540000000001
2025-01-14,649.09730000000002
2025-01-15,648.00310000000002
2025-01-16,648.00310000000002
2025-01-17,650.41039999999998
2025-01-21,642.09429999999998
2025-01-22,643.18849999999998
2025-01-23,642.96960000000001
2025-01-24,639.03039999999999
2025-01-27,639.24929999999995
2025-01-28,641.87540000000001
2025-01-29,643.18849999999998
2025-01-30,643.18849999999998
2025-01-31,645.81460000000004
2025-02-03,648.65959999999995
2025-02-04,642.75080000000003
2025-02-05,641.65660000000003
2025-02-06,641.21889999999996
2025-02-07,644.06389999999999
2025-02-10,646.0335
2025-02-11,643.84500000000003
2025-02-12,644.28269999999998
2025-02-13,639.03039999999999
2025-02-14,637.27970000000005
2025-02-18,638.59270000000004
2025-02-19,639.24929999999995
2025-02-20,634.21579999999994
2025-02-21,636.40430000000003
2025-02-24,636.84199999999998
2025-02-25,634.43470000000002
2025-02-26,635.74770000000001
2025-02-27,640.34349999999995
2025-02-28,643.18849999999998
2025-03-03,637.06079999999997
2025-03-04,631.37080000000003
2025-03-05,623.71119999999996
2025-03-06,623.27350000000001
2025-03-07,621.3039
2025-03-10,621.74159999999995
2025-03-11,618.24000000000001
2025-03-12,619.77200000000005
2025-03-13,621.96040000000005
2025-03-14,621.3039
2025-03-17,618.89660000000003
2025-03-18,618.45889999999997
2025-03-19,619.99080000000004
2025-03-20,621.74159999999995
2025-03-21,623.71119999999996
2025-03-24,624.80539999999996
2025-03-25,624.14890000000003
2025-03-26,626.99390000000005
2025-03-27,625.02430000000004
2025-03-28,623.92999999999995
2025-03-31,624.58659999999998
2025-04-01,625.24310000000003
2025-04-02,622.61699999999996
2025-04-03,611.67470000000003
2025-04-04,618.45889999999997
2025-04-07,621.08500000000004
2025-04-08,618.24000000000001
2025-04-09,619.11540000000002
2025-04-10,606.20349999999996
2025-04-11,600.73239999999998
2025-04-14,598.76279999999997
2025-04-15,602.04539999999997
2025-04-16,597.01199999999994
2025-04-17,597.44970000000001
2025-04-21,591.75969999999995
2025-04-22,595.04240000000004
2025-04-23,600.51350000000002
2025-04-24,597.88739999999996
2025-04-25,599.41930000000002
2025-04-28,595.69889999999998
2025-04-29,597.66849999999999
2025-04-30,599.85699999999997
2025-05-01,603.35850000000005
2025-05-02,602.48310000000004
2025-05-05,601.38890000000004
2025-05-06,597.66849999999999
2025-05-07,602.04539999999997
2025-05-08,607.07889999999998
2025-05-09,605.32809999999995
2025-05-12,613.86310000000003
2025-05-13,608.61080000000004
2025-05-14,609.9239
2025-05-15,608.39200000000005
2025-05-16,610.14269999999999
2025-05-19,605.98469999999998
2025-05-20,604.23389999999995
2025-05-21,601.60770000000002
2025-05-22,603.35850000000005
2025-05-23,598.98159999999996
2025-05-27,602.26430000000005
2025-05-28,604.23389999999995
2025-05-29,600.95119999999997
2025-05-30,600.73239999999998
2025-06-02,596.57429999999999
2025-06-03,600.51350000000002
2025-06-04,597.88739999999996
2025-06-05,597.44970000000001
2025-06-06,600.51350000000002
2025-06-09,598.98159999999996
2025-06-10,599.63810000000001
2025-06-11,597.44970000000001
2025-06-12,593.07280000000003
2025-06-13,594.60469999999998
2025-06-16,595.26120000000003
2025-06-17,599.20039999999995
2025-06-18,600.29470000000003
2025-06-20,599.63810000000001
2025-06-23,597.23080000000004
2025-06-24,594.16700000000003
2025-06-25,592.63509999999997
2025-06-26,590.2278
2025-06-27,591.322
2025-06-30,588.25810000000001
2025-07-01,588.03930000000003
2025-07-02,587.60159999999996
2025-07-03,590.44659999999999
2025-07-07,592.4162
2025-07-08,592.85389999999995
2025-07-09,592.85389999999995
2025-07-10,593.94809999999995
2025-07-11,595.69889999999998
2025-07-14,597.23080000000004
2025-07-15,600.51350000000002
2025-07-16,598.32510000000002
2025-07-17,600.95119999999997
2025-07-18,600.07579999999996
2025-07-21,596.13660000000004
2025-07-22,593.07280000000003
2025-07-23,592.19740000000002
2025-07-24,593.72929999999997
2025-07-25,595.04240000000004
2025-07-28,601.82659999999998
2025-07-29,603.35850000000005
2025-07-30,609.26739999999995
2025-07-31,610.58040000000005
2025-08-01,603.35850000000005
2025-08-04,603.13969999999995
2025-08-05,603.13969999999995
2025-08-06,599.63810000000001
2025-08-07,599.20039999999995
2025-08-08,600.29470000000003
2025-08-11,602.702
2025-08-12,599.63810000000001
2025-08-13,598.10619999999994
2025-08-14,600.29470000000003
2025-08-15,598.32510000000002
2025-08-18,599.85699999999997
2025-08-19,601.38890000000004
2025-08-20,600.95119999999997
2025-08-21,604.01509999999996
2025-08-22,598.10619999999994
2025-08-25,602.92079999999999
2025-08-26,601.38890000000004
2025-08-27,601.60770000000002
2025-08-28,599.41930000000002
2025-08-29,598.98159999999996
2025-09-02,602.92079999999999
2025-09-03,601.82659999999998
2025-09-04,602.702
2025-09-05,599.63810000000001
2025-09-08,597.66849999999999
2025-09-09,600.07579999999996
2025-09-10,600.51350000000002
2025-09-11,598.54390000000001
2025-09-12,599.41930000000002
2025-09-15,597.44970000000001
2025-09-16,593.72929999999997
2025-09-17,595.69889999999998
2025-09-18,598.54390000000001
2025-09-19,600.29470000000003
2025-09-22,598.10619999999994
2025-09-23,597.66849999999999
2025-09-24,602.04539999999997
2025-09-25,606.20349999999996
2025-09-26,604.01509999999996
2025-09-29,602.702
2025-09-30,602.04539999999997
2025-10-01,601.82659999999998
2025-10-02,602.702
2025-10-03,601.60770000000002
2025-10-06,604.45270000000005
2025-10-07,607.95429999999999
2025-10-08,609.26739999999995
2025-10-09,613.42539999999997
2025-10-10,610.36159999999995
2025-10-13,612.55010000000004
2025-10-14,610.79930000000002
2025-10-15,609.04849999999999
2025-10-16,606.64120000000003
2025-10-17,607.29769999999996
2025-10-20,608.8297
2025-10-21,611.23699999999997
2025-10-22,610.58040000000005
2025-10-23,610.79930000000002
2025-10-24,610.79930000000002
2025-10-27,610.14269999999999
2025-10-28,609.70510000000002
2025-10-29,613.20659999999998
2025-10-30,615.61389999999994
2025-10-31,617.36469999999997
2025-11-03,617.80240000000003
2025-11-04,619.77200000000005
2025-11-05,619.99080000000004
2025-11-06,616.70809999999994
2025-11-07,616.2704
2025-11-10,616.70809999999994
2025-11-11,615.83270000000005
2025-11-12,616.05160000000001
2025-11-13,614.30079999999998
2025-11-14,615.17619999999999
2025-11-17,616.70809999999994
2025-11-18,617.36469999999997
2025-11-19,621.3039
2025-11-20,621.74159999999995
2025-11-21,621.3039
2025-11-24,621.3039
2025-11-25,619.55309999999997
2025-11-26,617.80240000000003
2025-11-28,617.36469999999997
2025-12-01,617.14580000000001
2025-12-02,616.92700000000002
2025-12-03,613.86310000000003
2025-12-04,615.17619999999999
2025-12-05,614.51969999999994
2025-12-08,615.39499999999998
2025-12-09,616.2704
2025-12-10,612.98770000000002
2025-12-11,610.79930000000002
2025-12-12,611.67470000000003
2025-12-15,611.23699999999997
2025-12-16,610.58040000000005
2025-12-17,611.89350000000002
2025-12-18,612.33119999999997
2025-12-19,614.30079999999998
2025-12-22,611.82479999999998
2025-12-23,609.7876
2025-12-24,610.01400000000001
2025-12-26,610.46669999999995
2025-12-29,610.69299999999998
2025-12-30,612.27750000000003
2025-12-31,611.82479999999998
2026-01-02,613.63559999999995
2026-01-05,612.73019999999997
2026-01-06,614.76729999999998
2026-01-07,615.67269999999996
2026-01-08,617.25720000000001
2026-01-09,618.61530000000005
2026-01-12,617.48360000000002
2026-01-13,619.06799999999998
2026-01-14,618.61530000000005
2026-01-15,620.87879999999996
2026-01-16,620.87879999999996
2026-01-20,615.89909999999998
2026-01-21,617.25720000000001
2026-01-22,614.54100000000005
2026-01-23,609.10860000000002
2026-01-26,606.16600000000005
2026-01-27,599.14919999999995
2026-01-28,602.77080000000001
2026-01-29,601.86540000000002
2026-01-30,607.75049999999999
2026-02-02,610.9194
2026-02-03,609.33489999999995
2026-02-04,611.37210000000005
2026-02-05,613.18290000000002
2026-02-06,611.37210000000005
2026-02-09,606.39239999999995
2026-02-10,606.61869999999999
2026-02-11,607.29780000000005
2026-02-12,607.07140000000004
2026-02-13,607.07140000000004
2026-02-17,609.10860000000002
2026-02-18,612.95650000000001
2026-02-19,613.86189999999999
2026-02-20,613.18290000000002
2026-02-23,613.18290000000002
2026-02-24,613.63559999999995
2026-02-25,612.95650000000001
2026-02-26,613.40920000000006
2026-02-27,612.95650000000001
2026-03-02,618.61530000000005
2026-03-03,621.55790000000002
2026-03-04,620.42610000000002
2026-03-05,622.01059999999995
2026-03-06,621.78420000000006
2026-03-09,621.55790000000002
2026-03-10,621.33150000000001
2026-03-11,623.59500000000003
2026-03-12,626.5376
2026-03-13,631.29089999999997
2026-03-16,627.66930000000002
2026-03-17,626.5376
2026-03-18,630.38549999999998
2026-03-19,624.27409999999998
2026-03-20,626.5376
2026-03-23,623.82140000000004
2026-03-24,625.85850000000005
2026-03-25,626.99030000000005
2026-03-26,629.48009999999999
2026-03-27,630.15920000000006
2026-03-30,633.32809999999995
2026-03-31,628.80110000000002
2026-04-01,627.66930000000002
2026-04-02,630.61189999999999
2026-04-06,629.93280000000004
2026-04-07,628.12199999999996
2026-04-08,623.14229999999998
2026-04-09,622.01059999999995
2026-04-10,621.10519999999997
2026-04-13,619.74710000000005
2026-04-14,618.38900000000001
2026-04-15,617.70989999999995
2026-04-16,619.52070000000003
2026-04-17,619.2944
2026-04-20,618.38900000000001
2026-04-21,621.78420000000006
2026-04-22,622.01059999999995
2026-04-23,623.14229999999998
2026-04-24,622.01059999999995
2026-04-27,621.33150000000001
2026-04-28,623.14229999999998
2026-04-29,624.95309999999995
2026-04-30,619.2944
2026-05-01,620.42610000000002
2026-05-04,622.01059999999995
2026-05-05,622.4633
2026-05-06,619.06799999999998
2026-05-07,620.42610000000002
2026-05-08,618.84169999999995
2026-05-11,619.06799999999998
2026-05-12,621.33150000000001
2026-05-13,622.68960000000004
2026-05-14,625.17949999999996
2026-05-15,628.57470000000001
2026-05-18,626.99030000000005
2026-05-19,629.02739999999994
2026-05-20,627.66930000000002
2026-05-21,627.66930000000002
2026-05-22,628.57470000000001
2026-05-26,628.12199999999996
2026-05-27,628.12199999999996
2026-05-28,626.99030000000005
2026-05-29,626.08489999999995
2026-06-01,628.34839999999997
2026-06-02,628.34839999999997
2026-06-03,630.61189999999999
2026-06-04,630.15920000000006
2026-06-05,634.23350000000005
2026-06-08,634.45979999999997
2026-06-09,634.00710000000004
2026-06-10,634.91250000000002
2026-06-11,632.649
2026-06-12,632.649
2026-06-15,633.10170000000005
2026-06-16,632.19629999999995
2026-06-17,637.85509999999999
2026-06-18,640.57129999999995
2026-06-22,641.92939999999999
2026-06-23,643.9665
2026-06-24,645.77729999999997
2026-06-25,644.64559999999994
2026-06-26,644.19290000000001
2026-06-29,642.15570000000002
2026-06-30,643.06110000000001
2026-07-01,644.87189999999998
2026-07-02,641.47670000000005
2026-07-06,641.024
2026-07-07,642.83479999999997
2026-07-08,641.92939999999999
2026-07-09,641.92939999999999
2026-07-10,642.60839999999996
2026-07-13,645.09829999999999
2026-07-14,642.60839999999996
2026-07-15,639.43949999999995
2026-07-16,641.47670000000005
2026-07-17,641.25030000000004
2026-07-20,642.60839999999996
2026-07-21,644.64559999999994
2026-07-22,643.9665
2026-07-23,646.45640000000003
2026-07-24,646.90909999999997
2026-07-27,647.36180000000002
2026-07-28,646.90909999999997
2026-07-29,643.28750000000002
2026-07-30,636.94970000000001
2026-07-31,637.62869999999998
2026-08-03,637.62869999999998
2026-08-04,637.40239999999994
2026-08-05,635.81790000000001
2026-08-06,638.08140000000003
2026-08-07,635.36519999999996
2026-08-10,636.94970000000001
2026-08-11,636.94970000000001
2026-08-12,638.30780000000004
2026-08-13,637.85509999999999
2026-08-14,636.27059999999994
2026-08-17,636.04430000000002
2026-08-18,636.94970000000001
2026-08-19,631.06460000000004
