date,index
1968-01-02,100
1968-01-03,102.393
1968-01-04,99.908000000000001
1968-01-05,99.2637
1968-01-08,99.5398
1968-01-09,97.0548
1968-01-10,95.950299999999999
1968-01-11,96.364500000000007
1968-01-12,97.883099999999999
1968-01-15,97.284899999999993
1968-01-16,95.213999999999999
1968-01-17,95.122
1968-01-18,94.707800000000006
1968-01-19,95.628200000000007
1968-01-22,96.088399999999993
1968-01-23,95.720200000000006
1968-01-24,94.983900000000006
1968-01-25,92.867000000000004
1968-01-26,95.213999999999999
1968-01-29,93.833399999999997
1968-01-30,92.912999999999997
1968-01-31,90.197900000000004
1968-02-01,91.808599999999998
1968-02-02,92.959000000000003
1968-02-05,92.038700000000006
1968-02-06,89.645700000000005
1968-02-07,90.427999999999997
1968-02-08,91.072299999999998
1968-02-09,89.185500000000005
1968-02-13,88.495199999999997
1968-02-14,88.311099999999996
1968-02-15,89.231499999999997
1968-02-16,91.992599999999996
1968-02-19,90.612099999999998
1968-02-20,91.118300000000005
1968-02-21,93.419200000000004
1968-02-23,92.820999999999998
1968-02-26,95.029899999999998
1968-02-27,96.870699999999999
1968-02-28,96.870699999999999
1968-02-29,95.904300000000006
1968-03-01,101.24250000000001
1968-03-04,100.78230000000001
1968-03-05,100.69029999999999
1968-03-06,98.205200000000005
1968-03-07,100.7363
1968-03-08,102.5311
1968-03-11,101.1045
1968-03-12,102.25490000000001
1968-03-13,109.0658
1968-03-14,114.5881
1968-03-15,114.5881
1968-03-18,97.515000000000001
1968-03-19,110.6305
1968-03-20,102.9452
1968-03-21,105.9825
1968-03-22,102.07089999999999
1968-03-25,103.1293
1968-03-26,103.2214
1968-03-27,105.9365
1968-03-28,103.4975
1968-03-29,104.83199999999999
1968-04-01,103.9577
1968-04-02,101.33459999999999
1968-04-03,101.0124
1968-04-04,97.7911
1968-04-05,96.824700000000007
1968-04-08,98.205200000000005
1968-04-10,101.3806
1968-04-11,99.447800000000001
1968-04-15,99.447800000000001
1968-04-16,103.6815
1968-04-17,105.9825
1968-04-18,102.71510000000001
1968-04-19,104.9701
1968-04-22,108.6056
1968-04-23,108.6056
1968-04-24,105.7984
1968-04-25,106.21259999999999
1968-04-26,107.087
1968-04-29,110.2623
1968-04-30,110.3083
1968-05-01,108.4676
1968-05-02,105.7064
1968-05-03,106.5347
1968-05-06,107.4551
1968-05-07,103.3134
1968-05-08,106.8109
1968-05-09,106.7188
1968-05-10,108.6516
1968-05-13,108.5596
1968-05-14,109.48
1968-05-15,110.4924
1968-05-16,113.1615
1968-05-17,115.2784
1968-05-20,115.3244
1968-05-21,117.5334
1968-05-22,113.52970000000001
1968-05-23,114.1279
1968-05-24,115.18640000000001
1968-05-27,115.73860000000001
1968-05-28,114.5881
1968-05-29,111.1827
1968-05-31,114.26600000000001
1968-06-03,114.26600000000001
1968-06-04,111.6429
1968-06-05,111.4128
1968-06-06,112.9314
1968-06-07,114.0359
1968-06-10,112.5633
1968-06-11,115.3244
1968-06-13,115.9687
1968-06-14,113.4376
1968-06-17,111.919
1968-06-18,111.873
1968-06-20,113.5757
1968-06-21,112.7013
1968-06-24,114.26600000000001
1968-06-25,115.6006
1968-06-27,114.6802
1968-06-28,115.1404
1968-07-01,115.6006
1968-07-02,113.3456
1968-07-03,114.5421
1968-07-08,112.1031
1968-07-09,106.7188
1968-07-11,109.0198
1968-07-12,108.1454
1968-07-15,110.0782
1968-07-16,108.1914
1968-07-18,103.17529999999999
1968-07-19,107.2711
1968-07-22,105.47629999999999
1968-07-23,105.47629999999999
1968-07-25,105.0621
1968-07-26,105.10809999999999
1968-07-29,104.73999999999999
1968-07-30,102.8532
1968-08-01,102.393
1968-08-02,103.3134
1968-08-05,101.0124
1968-08-06,100.5522
1968-08-08,99.631799999999998
1968-08-09,99.125600000000006
1968-08-12,97.7911
1968-08-13,94.983900000000006
1968-08-15,101.61069999999999
1968-08-16,101.3806
1968-08-19,100.23009999999999
1968-08-20,103.2214
1968-08-22,103.08329999999999
1968-08-23,104.648
1968-08-26,103.0373
1968-08-27,103.0373
1968-08-29,103.17529999999999
1968-08-30,103.0373
1968-09-03,103.08329999999999
1968-09-04,103.7736
1968-09-05,104.648
1968-09-06,104.1878
1968-09-09,103.2214
1968-09-10,99.769900000000007
1968-09-12,101.15049999999999
1968-09-13,102.485
1968-09-16,101.5647
1968-09-17,102.5311
1968-09-19,102.62309999999999
1968-09-20,103.08329999999999
1968-09-23,102.6691
1968-09-24,102.16289999999999
1968-09-26,100.78230000000001
1968-09-27,101.24250000000001
1968-09-30,99.908000000000001
1968-10-01,98.481399999999994
1968-10-03,96.686599999999999
1968-10-04,95.950299999999999
1968-10-07,96.686599999999999
1968-10-08,95.996300000000005
1968-10-10,92.544899999999998
1968-10-11,94.339600000000004
1968-10-14,93.419200000000004
1968-10-15,91.624499999999998
1968-10-17,84.767600000000002
1968-10-18,86.148200000000003
1968-10-21,90.750100000000003
1968-10-22,86.378299999999996
1968-10-24,87.344700000000003
1968-10-25,88.034999999999997
1968-10-28,88.034999999999997
1968-10-29,90.750100000000003
1968-10-31,88.955399999999997
1968-11-01,87.574799999999996
1968-11-04,90.335899999999995
1968-11-06,91.670500000000004
1968-11-07,90.059799999999996
1968-11-08,90.519999999999996
1968-11-12,92.544899999999998
1968-11-13,94.845799999999997
1968-11-14,95.213999999999999
1968-11-15,95.996300000000005
1968-11-18,96.778599999999997
1968-11-19,95.950299999999999
1968-11-21,95.950299999999999
1968-11-22,95.950299999999999
1968-11-25,96.870699999999999
1968-11-26,91.486400000000003
1968-11-27,88.357100000000003
1968-11-29,90.566000000000003
1968-12-02,89.415599999999998
1968-12-03,89.599599999999995
1968-12-05,92.084699999999998
1968-12-06,93.649299999999997
1968-12-09,93.695400000000006
1968-12-10,90.934200000000004
1968-12-12,91.302300000000002
1968-12-13,91.440399999999997
1968-12-16,90.105800000000002
1968-12-17,90.289900000000003
1968-12-19,92.222700000000003
1968-12-20,90.704099999999997
1968-12-23,90.474000000000004
1968-12-24,90.059799999999996
1968-12-26,90.059799999999996
1968-12-27,89.139399999999995
1968-12-30,90.519999999999996
1968-12-31,89.599599999999995
1969-01-02,90.105800000000002
1969-01-03,90.519999999999996
1969-01-06,90.750100000000003
1969-01-07,90.980199999999996
1969-01-08,92.820999999999998
1969-01-09,92.360799999999998
1969-01-10,93.971500000000006
1969-01-13,92.775000000000006
1969-01-14,93.281199999999998
1969-01-15,93.787400000000005
1969-01-16,92.820999999999998
1969-01-17,91.762500000000003
1969-01-20,91.762500000000003
1969-01-21,92.728899999999996
1969-01-22,92.130700000000004
1969-01-23,91.210300000000004
1969-01-24,91.486400000000003
1969-01-27,91.992599999999996
1969-01-28,91.440399999999997
1969-01-29,91.164299999999997
1969-01-30,92.084699999999998
1969-01-31,92.084699999999998
1969-02-03,91.440399999999997
1969-02-04,91.624499999999998
1969-02-05,91.256299999999996
1969-02-06,88.449100000000001
1969-02-07,86.746399999999994
1969-02-11,86.654399999999995
1969-02-12,86.194199999999995
1969-02-13,84.353399999999993
1969-02-14,81.4542
1969-02-17,85.365899999999996
1969-02-18,83.018900000000002
1969-02-19,84.169399999999996
1969-02-20,84.813599999999994
1969-02-24,84.353399999999993
1969-02-25,82.972800000000007
1969-02-26,82.788799999999995
1969-02-27,84.3994
1969-02-28,83.985299999999995
1969-03-03,83.525099999999995
1969-03-04,82.696700000000007
1969-03-05,85.688000000000002
1969-03-06,86.792500000000004
1969-03-07,88.587199999999996
1969-03-10,87.482699999999994
1969-03-11,86.470299999999995
1969-03-12,84.353399999999993
1969-03-13,86.102199999999996
1969-03-14,84.491500000000002
1969-03-17,84.261399999999995
1969-03-18,83.433000000000007
1969-03-19,83.939300000000003
1969-03-20,83.433000000000007
1969-03-21,84.353399999999993
1969-03-24,84.951700000000002
1969-03-25,84.307400000000001
1969-03-26,83.755200000000002
1969-03-27,83.479100000000003
1969-03-28,84.215400000000002
1969-04-01,83.479100000000003
1969-04-02,82.788799999999995
1969-04-03,84.445499999999996
1969-04-07,84.445499999999996
1969-04-08,84.031300000000002
1969-04-09,82.9268
1969-04-10,83.479100000000003
1969-04-11,82.880799999999994
1969-04-14,82.834800000000001
1969-04-15,82.696700000000007
1969-04-16,82.696700000000007
1969-04-17,83.156899999999993
1969-04-18,82.9268
1969-04-21,82.834800000000001
1969-04-22,81.4542
1969-04-23,82.144499999999994
1969-04-24,82.4666
1969-04-25,82.006399999999999
1969-04-28,83.295000000000002
1969-04-29,82.558700000000002
1969-04-30,81.7303
1969-05-01,81.822400000000002
1969-05-02,81.776300000000006
1969-05-05,81.408199999999994
1969-05-06,80.902000000000001
1969-05-07,83.156899999999993
1969-05-08,84.951700000000002
1969-05-09,83.617099999999994
1969-05-12,82.604699999999994
1969-05-13,80.487799999999993
1969-05-14,81.7303
1969-05-15,81.040000000000006
1969-05-16,81.960400000000007
1969-05-19,81.040000000000006
1969-05-20,80.487799999999993
1969-05-21,80.947999999999993
1969-05-22,80.579800000000006
1969-05-23,80.902000000000001
1969-05-26,80.902000000000001
1969-05-27,82.052499999999995
1969-05-28,81.316199999999995
1969-05-29,81.500200000000007
1969-06-02,81.592299999999994
1969-06-03,81.592299999999994
1969-06-04,80.902000000000001
1969-06-05,81.270099999999999
1969-06-06,80.487799999999993
1969-06-09,79.2453
1969-06-10,77.634600000000006
1969-06-11,77.496499999999997
1969-06-12,77.542599999999993
1969-06-13,77.5886
1969-06-16,77.266499999999994
1969-06-17,73.308800000000005
1969-06-18,72.618499999999997
1969-06-19,73.769000000000005
1969-06-20,74.919499999999999
1969-06-23,72.066299999999998
1969-06-24,72.894599999999997
1969-06-25,73.032700000000006
1969-06-26,72.664500000000004
1969-06-27,71.744100000000003
1969-06-30,71.974199999999996
1969-07-01,73.400800000000004
1969-07-02,72.250299999999996
1969-07-03,72.388400000000004
1969-07-07,73.354799999999997
1969-07-08,74.229200000000006
1969-07-09,74.459299999999999
1969-07-10,76.530100000000004
1969-07-11,75.057500000000005
1969-07-14,76.023899999999998
1969-07-15,77.450500000000005
1969-07-16,76.806299999999993
1969-07-17,75.287599999999998
1969-07-18,76.069900000000004
1969-07-22,77.082400000000007
1969-07-23,76.392099999999999
1969-07-24,75.609800000000007
1969-07-25,75.701800000000006
1969-07-28,76.069900000000004
1969-07-29,74.597300000000004
1969-07-30,74.6434
1969-07-31,74.965500000000006
1969-08-01,74.275199999999998
1969-08-04,74.413300000000007
1969-08-05,73.584900000000005
1969-08-06,74.275199999999998
1969-08-07,74.275199999999998
1969-08-08,74.735399999999998
1969-08-11,77.7727
1969-08-12,76.116
1969-08-13,77.082400000000007
1969-08-14,78.555000000000007
1969-08-15,78.0488
1969-08-18,77.3125
1969-08-19,76.346100000000007
1969-08-20,77.5886
1969-08-21,77.0364
1969-08-22,77.450500000000005
1969-08-25,77.0364
1969-08-26,76.530100000000004
1969-08-27,76.990300000000005
1969-08-28,76.5762
1969-08-29,77.0364
1969-09-02,77.680599999999998
1969-09-03,78.462999999999994
1969-09-04,78.462999999999994
1969-09-05,78.3249
1969-09-08,79.5214
1969-09-09,80.902000000000001
1969-09-10,80.7179
1969-09-11,81.408199999999994
1969-09-12,83.018900000000002
1969-09-15,81.960400000000007
1969-09-16,81.362200000000001
1969-09-17,83.295000000000002
1969-09-18,82.374600000000001
1969-09-19,82.788799999999995
1969-09-22,83.6631
1969-09-23,85.964100000000002
1969-09-24,87.022499999999994
1969-09-25,84.905699999999996
1969-09-26,84.261399999999995
1969-09-29,84.629499999999993
1969-09-30,86.332300000000004
1969-10-01,85.733999999999995
1969-10-02,87.160600000000002
1969-10-03,86.056100000000001
1969-10-06,83.985299999999995
1969-10-07,85.780000000000001
1969-10-08,83.893199999999993
1969-10-09,84.8596
1969-10-10,84.675600000000003
1969-10-13,84.031300000000002
1969-10-14,83.985299999999995
1969-10-15,83.2029
1969-10-16,84.813599999999994
1969-10-17,83.433000000000007
1969-10-20,85.319800000000001
1969-10-21,86.240200000000002
1969-10-22,84.951700000000002
1969-10-23,85.733999999999995
1969-10-24,85.273799999999994
1969-10-27,87.712800000000001
1969-10-28,86.746399999999994
1969-10-29,87.252600000000001
1969-10-30,88.679199999999994
1969-10-31,89.599599999999995
1969-11-03,91.854600000000005
1969-11-04,90.566000000000003
1969-11-05,91.716499999999996
1969-11-06,91.532399999999996
1969-11-07,90.382000000000005
1969-11-10,89.415599999999998
1969-11-11,90.059799999999996
1969-11-12,90.243899999999996
1969-11-13,88.909300000000002
1969-11-14,88.449100000000001
1969-11-17,88.403099999999995
1969-11-18,87.298699999999997
1969-11-19,86.378299999999996
1969-11-20,87.528800000000004
1969-11-21,87.252600000000001
1969-11-24,87.298699999999997
1969-11-25,85.964100000000002
1969-11-26,85.964100000000002
1969-11-28,86.838499999999996
1969-12-01,87.758899999999997
1969-12-02,88.449100000000001
1969-12-03,87.804900000000004
1969-12-04,86.378299999999996
1969-12-05,85.227800000000002
1969-12-08,85.688000000000002
1969-12-09,83.387
1969-12-10,80.902000000000001
1969-12-11,81.316199999999995
1969-12-12,80.441800000000001
1969-12-15,80.902000000000001
1969-12-16,80.902000000000001
1969-12-17,79.751499999999993
1969-12-18,79.2453
1969-12-19,79.9816
1969-12-22,80.809899999999999
1969-12-23,81.638300000000001
1969-12-24,82.788799999999995
1969-12-26,82.788799999999995
1969-12-29,83.939300000000003
1969-12-30,82.834800000000001
1969-12-31,82.420599999999993
1970-01-02,82.834800000000001
1970-01-05,84.261399999999995
1970-01-06,85.135800000000003
1970-01-07,83.985299999999995
1970-01-08,84.583500000000001
1970-01-09,84.537499999999994
1970-01-12,83.479100000000003
1970-01-13,84.169399999999996
1970-01-14,84.675600000000003
1970-01-15,86.286199999999994
1970-01-16,85.411900000000003
1970-01-19,86.056100000000001
1970-01-20,86.838499999999996
1970-01-21,85.872100000000003
1970-01-22,86.010099999999994
1970-01-23,86.424300000000002
1970-01-26,87.252600000000001
1970-01-27,86.562399999999997
1970-01-28,86.010099999999994
1970-01-29,88.403099999999995
1970-01-30,87.989000000000004
1970-02-02,87.160600000000002
1970-02-03,87.436700000000002
1970-02-04,88.495199999999997
1970-02-05,87.528800000000004
1970-02-06,87.344700000000003
1970-02-09,87.758899999999997
1970-02-10,87.804900000000004
1970-02-11,87.114599999999996
1970-02-12,86.976500000000001
1970-02-13,87.298699999999997
1970-02-16,87.482699999999994
1970-02-17,86.746399999999994
1970-02-18,85.872100000000003
1970-02-19,86.746399999999994
1970-02-20,86.378299999999996
1970-02-24,86.608400000000003
1970-02-25,86.056100000000001
1970-02-26,86.286199999999994
1970-02-27,87.390699999999995
1970-03-02,87.022499999999994
1970-03-03,87.482699999999994
1970-03-04,87.298699999999997
1970-03-05,88.725300000000004
1970-03-06,87.528800000000004
1970-03-09,86.884500000000003
1970-03-10,86.746399999999994
1970-03-11,86.976500000000001
1970-03-12,86.516300000000001
1970-03-13,86.056100000000001
1970-03-16,86.240200000000002
1970-03-17,85.780000000000001
1970-03-18,85.457899999999995
1970-03-19,86.562399999999997
1970-03-20,86.010099999999994
1970-03-23,85.780000000000001
1970-03-24,85.411900000000003
1970-03-25,85.549899999999994
1970-03-26,86.286199999999994
1970-03-30,86.286199999999994
1970-03-31,86.424300000000002
1970-04-01,86.332300000000004
1970-04-02,86.976500000000001
1970-04-03,86.424300000000002
1970-04-06,86.148200000000003
1970-04-07,85.549899999999994
1970-04-08,85.503900000000002
1970-04-09,85.457899999999995
1970-04-10,84.8596
1970-04-13,85.365899999999996
1970-04-14,85.825999999999993
1970-04-15,85.365899999999996
1970-04-16,85.365899999999996
1970-04-17,85.825999999999993
1970-04-20,85.825999999999993
1970-04-21,85.596000000000004
1970-04-22,85.733999999999995
1970-04-23,85.365899999999996
1970-04-24,85.135800000000003
1970-04-27,84.537499999999994
1970-04-28,83.018900000000002
1970-04-29,80.487799999999993
1970-04-30,79.337299999999999
1970-05-01,79.797499999999999
1970-05-04,79.797499999999999
1970-05-05,76.069900000000004
1970-05-06,79.567400000000006
1970-05-07,78.186800000000005
1970-05-08,79.567400000000006
1970-05-11,80.487799999999993
1970-05-12,80.7179
1970-05-13,79.107200000000006
1970-05-14,77.266499999999994
1970-05-15,77.496499999999997
1970-05-18,78.370900000000006
1970-05-19,77.7727
1970-05-20,77.220399999999998
1970-05-21,75.517700000000005
1970-05-22,74.689400000000006
1970-05-25,74.689400000000006
1970-05-26,72.158299999999997
1970-05-27,73.446799999999996
1970-05-28,74.873400000000004
1970-05-29,75.057500000000005
1970-06-01,76.023899999999998
1970-06-02,74.045100000000005
1970-06-03,74.6434
1970-06-04,75.655799999999999
1970-06-05,75.655799999999999
1970-06-08,75.701800000000006
1970-06-09,76.8523
1970-06-10,77.542599999999993
1970-06-11,75.747799999999998
1970-06-12,74.965500000000006
1970-06-15,75.011499999999998
1970-06-16,75.425700000000006
1970-06-17,76.299999999999997
1970-06-18,75.149600000000007
1970-06-19,76.069900000000004
1970-06-22,75.517700000000005
1970-06-23,75.931899999999999
1970-06-24,75.287599999999998
1970-06-25,74.965500000000006
1970-06-26,74.873400000000004
1970-06-29,74.781400000000005
1970-06-30,73.953100000000006
1970-07-01,74.735399999999998
1970-07-02,75.425700000000006
1970-07-06,74.735399999999998
1970-07-07,73.446799999999996
1970-07-08,74.6434
1970-07-09,74.6434
1970-07-10,74.735399999999998
1970-07-13,74.505300000000005
1970-07-14,75.3797
1970-07-15,76.207999999999998
1970-07-16,77.542599999999993
1970-07-17,76.299999999999997
1970-07-20,77.864699999999999
1970-07-21,79.337299999999999
1970-07-22,80.027600000000007
1970-07-23,79.567400000000006
1970-07-24,79.2453
1970-07-27,79.797499999999999
1970-07-28,81.776300000000006
1970-07-29,82.052499999999995
1970-07-30,81.362200000000001
1970-07-31,81.362200000000001
1970-08-03,82.052499999999995
1970-08-04,81.040000000000006
1970-08-05,81.7303
1970-08-06,80.441800000000001
1970-08-07,79.889600000000002
1970-08-10,80.902000000000001
1970-08-11,79.475399999999993
1970-08-12,80.211699999999993
1970-08-13,81.224100000000007
1970-08-14,80.855999999999995
1970-08-17,82.1905
1970-08-18,83.479100000000003
1970-08-19,84.629499999999993
1970-08-20,83.6631
1970-08-21,83.295000000000002
1970-08-24,84.721599999999995
1970-08-25,85.365899999999996
1970-08-26,85.825999999999993
1970-08-27,84.813599999999994
1970-08-28,84.537499999999994
1970-08-31,84.537499999999994
1970-09-01,84.997699999999995
1970-09-02,84.629499999999993
1970-09-03,84.767600000000002
1970-09-04,85.089699999999993
1970-09-08,84.951700000000002
1970-09-09,85.964100000000002
1970-09-10,85.227800000000002
1970-09-11,84.813599999999994
1970-09-14,84.813599999999994
1970-09-15,83.433000000000007
1970-09-16,82.374600000000001
1970-09-17,83.156899999999993
1970-09-18,81.868399999999994
1970-09-21,81.546199999999999
1970-09-22,81.914400000000001
1970-09-23,81.914400000000001
1970-09-24,81.408199999999994
1970-09-25,79.613399999999999
1970-09-28,80.902000000000001
1970-09-29,80.303700000000006
1970-09-30,78.278899999999993
1970-10-01,79.153199999999998
1970-10-02,79.613399999999999
1970-10-05,79.613399999999999
1970-10-06,78.509
1970-10-07,80.441800000000001
1970-10-08,81.224100000000007
1970-10-09,80.303700000000006
1970-10-12,80.303700000000006
1970-10-13,80.303700000000006
1970-10-14,79.061199999999999
1970-10-15,80.2577
1970-10-16,80.395799999999994
1970-10-19,79.9816
1970-10-20,79.015199999999993
1970-10-21,79.705500000000001
1970-10-22,79.5214
1970-10-23,79.659499999999994
1970-10-26,82.420599999999993
1970-10-27,82.788799999999995
1970-10-28,82.4666
1970-10-29,81.316199999999995
1970-10-30,82.052499999999995
1970-11-02,82.604699999999994
1970-11-03,81.960400000000007
1970-11-04,82.4666
1970-11-05,83.479100000000003
1970-11-06,82.328599999999994
1970-11-09,82.1905
1970-11-10,83.939300000000003
1970-11-11,82.374600000000001
1970-11-12,83.156899999999993
1970-11-13,81.868399999999994
1970-11-16,81.776300000000006
1970-11-17,82.420599999999993
1970-11-18,81.500200000000007
1970-11-19,80.994
1970-11-20,80.2577
1970-11-23,80.763900000000007
1970-11-24,79.291300000000007
1970-11-25,76.530100000000004
1970-11-27,76.438100000000006
1970-11-30,76.069900000000004
1970-12-01,73.953100000000006
1970-12-02,75.977900000000005
1970-12-03,75.517700000000005
1970-12-04,75.977900000000005
1970-12-07,75.471699999999998
1970-12-08,74.919499999999999
1970-12-09,73.446799999999996
1970-12-10,72.664500000000004
1970-12-11,73.814999999999998
1970-12-14,74.919499999999999
1970-12-15,75.3797
1970-12-16,74.229200000000006
1970-12-17,73.308800000000005
1970-12-18,75.8399
1970-12-21,75.977900000000005
1970-12-22,76.714200000000005
1970-12-23,75.011499999999998
1970-12-24,75.517700000000005
1970-12-28,75.471699999999998
1970-12-29,75.977900000000005
1970-12-30,75.287599999999998
1970-12-31,75.149600000000007
1971-01-04,76.069900000000004
1971-01-05,76.023899999999998
1971-01-06,75.793800000000005
1971-01-07,77.7727
1971-01-08,77.818700000000007
1971-01-11,78.647000000000006
1971-01-12,78.094800000000006
1971-01-13,78.278899999999993
1971-01-14,77.496499999999997
1971-01-15,77.358500000000006
1971-01-18,74.965500000000006
1971-01-19,73.216800000000006
1971-01-20,72.710499999999996
1971-01-21,72.526499999999999
1971-01-22,71.882199999999997
1971-01-25,72.986699999999999
1971-01-26,74.275199999999998
1971-01-27,71.928200000000004
1971-01-28,72.986699999999999
1971-01-29,73.308800000000005
1971-02-01,73.354799999999997
1971-02-02,74.045100000000005
1971-02-03,74.551299999999998
1971-02-04,74.413300000000007
1971-02-05,73.861000000000004
1971-02-08,74.229200000000006
1971-02-09,72.756600000000006
1971-02-10,72.618499999999997
1971-02-11,73.354799999999997
1971-02-12,73.170699999999997
1971-02-16,72.894599999999997
1971-02-17,73.262799999999999
1971-02-18,73.446799999999996
1971-02-19,73.676900000000003
1971-02-22,73.814999999999998
1971-02-23,73.492900000000006
1971-02-24,73.078699999999998
1971-02-25,72.480400000000003
1971-02-26,73.032700000000006
1971-03-01,73.584900000000005
1971-03-02,74.919499999999999
1971-03-03,74.275199999999998
1971-03-04,74.321200000000005
1971-03-05,75.333600000000004
1971-03-08,76.254000000000005
1971-03-09,76.484099999999998
1971-03-10,76.714200000000005
1971-03-11,76.438100000000006
1971-03-12,76.254000000000005
1971-03-15,76.254000000000005
1971-03-16,77.220399999999998
1971-03-17,77.128399999999999
1971-03-18,76.944299999999998
1971-03-19,76.806299999999993
1971-03-22,76.944299999999998
1971-03-23,77.266499999999994
1971-03-24,76.5762
1971-03-25,76.5762
1971-03-26,77.680599999999998
1971-03-29,77.818700000000007
1971-03-30,77.7727
1971-03-31,77.5886
1971-04-01,78.831100000000006
1971-04-02,78.739099999999993
1971-04-05,80.027600000000007
1971-04-06,79.475399999999993
1971-04-07,79.843500000000006
1971-04-08,80.7179
1971-04-12,80.7179
1971-04-13,80.395799999999994
1971-04-14,79.5214
1971-04-15,79.797499999999999
1971-04-16,78.693100000000001
1971-04-19,78.693100000000001
1971-04-20,79.383300000000006
1971-04-21,80.073599999999999
1971-04-22,79.935599999999994
1971-04-23,79.2453
1971-04-26,79.2453
1971-04-27,76.944299999999998
1971-04-28,77.726600000000005
1971-04-29,78.370900000000006
1971-04-30,77.726600000000005
1971-05-03,77.266499999999994
1971-05-04,76.207999999999998
1971-05-05,77.956699999999998
1971-05-06,77.7727
1971-05-07,77.5886
1971-05-10,76.898300000000006
1971-05-11,77.174400000000006
1971-05-12,76.806299999999993
1971-05-13,77.358500000000006
1971-05-14,78.232900000000001
1971-05-17,77.128399999999999
1971-05-18,77.496499999999997
1971-05-19,77.174400000000006
1971-05-20,76.944299999999998
1971-05-21,76.254000000000005
1971-05-24,73.906999999999996
1971-05-25,75.241600000000005
1971-05-26,74.045100000000005
1971-05-27,73.814999999999998
1971-05-28,73.676900000000003
1971-06-01,74.229200000000006
1971-06-02,73.170699999999997
1971-06-03,73.032700000000006
1971-06-04,73.032700000000006
1971-06-07,72.940600000000003
1971-06-08,72.802599999999998
1971-06-09,75.057500000000005
1971-06-10,74.045100000000005
1971-06-11,74.275199999999998
1971-06-14,74.689400000000006
1971-06-15,74.321200000000005
1971-06-16,75.011499999999998
1971-06-17,75.609800000000007
1971-06-18,74.919499999999999
1971-06-21,74.045100000000005
1971-06-22,72.894599999999997
1971-06-23,73.814999999999998
1971-06-24,73.124700000000004
1971-06-25,73.584900000000005
1971-06-28,73.584900000000005
1971-06-29,72.802599999999998
1971-06-30,72.480400000000003
1971-07-01,73.676900000000003
1971-07-02,73.722999999999999
1971-07-06,73.124700000000004
1971-07-07,72.664500000000004
1971-07-08,73.124700000000004
1971-07-09,73.262799999999999
1971-07-12,73.032700000000006
1971-07-13,71.790199999999999
1971-07-14,72.572500000000005
1971-07-15,71.882199999999997
1971-07-16,71.560100000000006
1971-07-19,71.790199999999999
1971-07-20,71.007800000000003
1971-07-21,71.007800000000003
1971-07-22,71.698099999999997
1971-07-23,72.020200000000003
1971-07-26,71.698099999999997
1971-07-27,71.329999999999998
1971-07-28,71.652100000000004
1971-07-29,73.446799999999996
1971-07-30,73.262799999999999
1971-08-02,72.802599999999998
1971-08-03,73.999099999999999
1971-08-04,74.827399999999997
1971-08-05,74.597300000000004
1971-08-06,73.584900000000005
1971-08-09,74.045100000000005
1971-08-10,74.045100000000005
1971-08-11,72.480400000000003
1971-08-12,73.262799999999999
1971-08-13,73.262799999999999
1971-08-16,73.262799999999999
1971-08-17,73.262799999999999
1971-08-18,73.262799999999999
1971-08-19,73.262799999999999
1971-08-20,73.262799999999999
1971-08-23,73.308800000000005
1971-08-24,72.342399999999998
1971-08-25,72.618499999999997
1971-08-26,72.112300000000005
1971-08-27,71.974199999999996
1971-08-30,71.974199999999996
1971-08-31,69.120999999999995
1971-09-01,68.292699999999996
1971-09-02,69.120999999999995
1971-09-03,68.614800000000002
1971-09-07,66.359899999999996
1971-09-08,63.138500000000001
1971-09-09,65.301400000000001
1971-09-10,63.736800000000002
1971-09-13,63.1845
1971-09-14,64.058899999999994
1971-09-15,64.933300000000003
1971-09-16,64.334999999999994
1971-09-17,65.255399999999995
1971-09-20,65.163399999999996
1971-09-21,65.485500000000002
1971-09-22,64.473100000000002
1971-09-23,64.334999999999994
1971-09-24,64.657200000000003
1971-09-27,64.427099999999996
1971-09-28,63.828800000000001
1971-09-29,64.058899999999994
1971-09-30,63.322600000000001
1971-10-01,63.506700000000002
1971-10-04,63.4146
1971-10-05,61.389800000000001
1971-10-06,61.804000000000002
1971-10-07,62.080100000000002
1971-10-08,61.7119
1971-10-11,59.640999999999998
1971-10-12,60.5154
1971-10-13,60.055199999999999
1971-10-14,60.6995
1971-10-15,60.6995
1971-10-18,61.850000000000001
1971-10-19,61.527799999999999
1971-10-20,60.193300000000001
1971-10-21,59.503
1971-10-22,60.101199999999999
1971-10-25,60.2393
1971-10-26,60.6995
1971-10-27,61.2057
1971-10-28,59.548999999999999
1971-10-29,60.147300000000001
1971-11-01,59.503
1971-11-02,58.5366
1971-11-03,58.5366
1971-11-04,59.548999999999999
1971-11-05,59.088799999999999
1971-11-08,59.7791
1971-11-09,60.561399999999999
1971-11-10,60.101199999999999
1971-11-11,60.2393
1971-11-12,61.159700000000001
1971-11-15,60.607500000000002
1971-11-16,61.4818
1971-11-17,60.929600000000001
1971-11-18,61.067599999999999
1971-11-19,60.607500000000002
1971-11-22,60.377400000000002
1971-11-23,61.067599999999999
1971-11-24,60.4694
1971-11-26,60.4694
1971-11-29,61.067599999999999
1971-11-30,61.297699999999999
1971-12-01,60.929600000000001
1971-12-02,62.2181
1971-12-03,62.080100000000002
1971-12-06,64.427099999999996
1971-12-07,63.092500000000001
1971-12-08,63.506700000000002
1971-12-09,64.197000000000003
1971-12-10,65.1173
1971-12-13,64.427099999999996
1971-12-14,63.966900000000003
1971-12-15,64.150899999999993
1971-12-16,64.933300000000003
1971-12-17,65.623599999999996
1971-12-20,65.623599999999996
1971-12-21,64.058899999999994
1971-12-22,64.104900000000001
1971-12-23,64.012900000000002
1971-12-27,64.012900000000002
1971-12-28,62.816400000000002
1971-12-29,62.494199999999999
1971-12-30,63.6447
1971-12-31,63.092500000000001
1972-01-03,63.230600000000003
1972-01-04,64.104900000000001
1972-01-05,65.255399999999995
1972-01-06,64.703199999999995
1972-01-07,66.221800000000002
1972-01-10,66.175799999999995
1972-01-11,68.062600000000003
1972-01-12,67.004099999999994
1972-01-13,67.648399999999995
1972-01-14,66.866100000000003
1972-01-17,69.213099999999997
1972-01-18,68.983000000000004
1972-01-19,69.351100000000002
1972-01-20,68.476799999999997
1972-01-21,68.568799999999996
1972-01-24,68.430700000000002
1972-01-25,67.326300000000003
1972-01-26,67.372299999999996
1972-01-27,67.694400000000002
1972-01-28,69.995400000000004
1972-01-31,68.983000000000004
1972-02-01,70.547600000000003
1972-02-02,71.237899999999996
1972-02-03,69.719300000000004
1972-02-04,70.087400000000002
1972-02-07,70.777699999999996
1972-02-08,70.501599999999996
1972-02-09,69.719300000000004
1972-02-10,70.547600000000003
1972-02-11,70.363600000000005
1972-02-14,68.384699999999995
1972-02-15,68.706900000000005
1972-02-16,68.568799999999996
1972-02-17,68.844899999999996
1972-02-18,68.936999999999998
1972-02-22,68.798900000000003
1972-02-23,68.246700000000004
1972-02-24,68.246700000000004
1972-02-25,68.476799999999997
1972-02-28,67.556399999999996
1972-02-29,67.648399999999995
1972-03-01,67.878500000000003
1972-03-02,69.075000000000003
1972-03-03,68.983000000000004
1972-03-06,69.995400000000004
1972-03-07,70.777699999999996
1972-03-08,70.179500000000004
1972-03-09,70.823700000000002
1972-03-10,70.685699999999997
1972-03-13,70.961799999999997
1972-03-14,70.731700000000004
1972-03-15,70.041399999999996
1972-03-16,70.133499999999998
1972-03-17,69.627200000000002
1972-03-20,70.087400000000002
1972-03-21,70.731700000000004
1972-03-22,71.237899999999996
1972-03-23,70.547600000000003
1972-03-24,70.317499999999995
1972-03-27,69.949399999999997
1972-03-28,70.915800000000004
1972-03-29,71.928200000000004
1972-03-30,71.882199999999997
1972-04-03,71.882199999999997
1972-04-04,73.538899999999998
1972-04-05,73.078699999999998
1972-04-06,72.388400000000004
1972-04-07,72.848600000000005
1972-04-10,73.216800000000006
1972-04-11,72.572500000000005
1972-04-12,72.756600000000006
1972-04-13,72.664500000000004
1972-04-14,71.283900000000003
1972-04-17,71.652100000000004
1972-04-18,71.882199999999997
1972-04-19,71.237899999999996
1972-04-20,70.961799999999997
1972-04-21,71.376000000000005
1972-04-24,71.560100000000006
1972-04-25,71.376000000000005
1972-04-26,71.237899999999996
1972-04-27,72.066299999999998
1972-04-28,72.296400000000006
1972-05-01,73.676900000000003
1972-05-02,73.170699999999997
1972-05-03,72.572500000000005
1972-05-04,72.710499999999996
1972-05-05,73.032700000000006
1972-05-08,73.216800000000006
1972-05-09,73.814999999999998
1972-05-10,73.308800000000005
1972-05-11,72.802599999999998
1972-05-12,72.618499999999997
1972-05-15,72.848600000000005
1972-05-16,73.170699999999997
1972-05-17,73.584900000000005
1972-05-18,73.308800000000005
1972-05-19,72.756600000000006
1972-05-22,73.354799999999997
1972-05-23,72.848600000000005
1972-05-24,71.974199999999996
1972-05-25,71.836200000000005
1972-05-26,72.342399999999998
1972-05-30,72.204300000000003
1972-05-31,71.329999999999998
1972-06-01,70.731700000000004
1972-06-02,71.606099999999998
1972-06-05,71.376000000000005
1972-06-06,71.928200000000004
1972-06-07,72.526499999999999
1972-06-08,72.250299999999996
1972-06-09,72.342399999999998
1972-06-12,72.066299999999998
1972-06-13,72.618499999999997
1972-06-14,72.618499999999997
1972-06-15,73.170699999999997
1972-06-16,73.078699999999998
1972-06-19,72.756600000000006
1972-06-20,72.342399999999998
1972-06-21,71.698099999999997
1972-06-22,72.020200000000003
1972-06-23,72.020200000000003
1972-06-26,72.020200000000003
1972-06-27,72.480400000000003
1972-06-28,72.388400000000004
1972-06-29,71.376000000000005
1972-06-30,71.882199999999997
1972-07-03,71.974199999999996
1972-07-05,71.652100000000004
1972-07-06,73.906999999999996
1972-07-07,77.3125
1972-07-10,78.002799999999993
1972-07-11,77.404499999999999
1972-07-12,78.0488
1972-07-13,80.533799999999999
1972-07-14,80.994
1972-07-17,81.270099999999999
1972-07-18,82.006399999999999
1972-07-19,80.533799999999999
1972-07-20,82.006399999999999
1972-07-21,80.119699999999995
1972-07-24,80.947999999999993
1972-07-25,81.868399999999994
1972-07-26,81.178100000000001
1972-07-27,80.303700000000006
1972-07-28,84.629499999999993
1972-07-31,84.1233
1972-08-01,82.558700000000002
1972-08-02,84.3994
1972-08-03,83.295000000000002
1972-08-04,83.340999999999994
1972-08-07,83.801199999999994
1972-08-08,83.479100000000003
1972-08-09,82.328599999999994
1972-08-10,83.755200000000002
1972-08-11,83.617099999999994
1972-08-14,82.512699999999995
1972-08-15,83.340999999999994
1972-08-16,83.617099999999994
1972-08-17,83.617099999999994
1972-08-18,84.583500000000001
1972-08-21,84.813599999999994
1972-08-22,84.537499999999994
1972-08-23,86.608400000000003
1972-08-24,87.482699999999994
1972-08-25,86.470299999999995
1972-08-28,86.470299999999995
1972-08-29,86.516300000000001
1972-08-30,87.620800000000003
1972-08-31,87.804900000000004
1972-09-01,87.298699999999997
1972-09-05,87.989000000000004
1972-09-06,87.344700000000003
1972-09-07,85.549899999999994
1972-09-08,85.825999999999993
1972-09-11,84.307400000000001
1972-09-12,82.512699999999995
1972-09-13,82.052499999999995
1972-09-14,82.972800000000007
1972-09-15,81.776300000000006
1972-09-18,78.370900000000006
1972-09-19,77.680599999999998
1972-09-20,78.416899999999998
1972-09-21,78.831100000000006
1972-09-22,79.015199999999993
1972-09-25,77.7727
1972-09-26,77.634600000000006
1972-09-27,77.910700000000006
1972-09-28,80.579800000000006
1972-09-29,80.027600000000007
1972-10-02,80.119699999999995
1972-10-03,81.178100000000001
1972-10-04,82.098500000000001
1972-10-05,81.546199999999999
1972-10-06,80.809899999999999
1972-10-09,82.650700000000001
1972-10-10,82.880799999999994
1972-10-11,82.604699999999994
1972-10-12,81.7303
1972-10-13,81.868399999999994
1972-10-16,82.788799999999995
1972-10-17,82.098500000000001
1972-10-18,83.433000000000007
1972-10-19,84.767600000000002
1972-10-20,84.3994
1972-10-23,85.273799999999994
1972-10-24,85.043700000000001
1972-10-25,84.445499999999996
1972-10-26,83.340999999999994
1972-10-27,83.110900000000001
1972-10-30,83.571100000000001
1972-10-31,82.742800000000003
1972-11-01,84.031300000000002
1972-11-02,84.767600000000002
1972-11-03,84.169399999999996
1972-11-06,85.411900000000003
1972-11-08,85.457899999999995
1972-11-09,83.893199999999993
1972-11-10,83.064899999999994
1972-11-13,83.939300000000003
1972-11-14,83.525099999999995
1972-11-15,83.479100000000003
1972-11-16,83.340999999999994
1972-11-17,82.788799999999995
1972-11-20,82.328599999999994
1972-11-21,83.018900000000002
1972-11-22,83.387
1972-11-24,83.847200000000001
1972-11-27,83.248999999999995
1972-11-28,83.340999999999994
1972-11-29,85.181799999999996
1972-11-30,85.227800000000002
1972-12-01,85.964100000000002
1972-12-04,87.068600000000004
1972-12-05,86.056100000000001
1972-12-06,88.909300000000002
1972-12-07,87.896900000000002
1972-12-08,88.495199999999997
1972-12-11,89.875699999999995
1972-12-12,90.750100000000003
1972-12-13,89.645700000000005
1972-12-14,89.645700000000005
1972-12-15,91.026200000000003
1972-12-18,90.750100000000003
1972-12-19,89.875699999999995
1972-12-20,89.139399999999995
1972-12-21,91.762500000000003
1972-12-22,92.084699999999998
1972-12-26,92.084699999999998
1972-12-27,91.578500000000005
1972-12-29,93.465299999999999
1973-01-02,93.741399999999999
1973-01-03,92.406800000000004
1973-01-04,94.155500000000004
1973-01-05,93.235200000000006
1973-01-08,91.302300000000002
1973-01-09,92.590900000000005
1973-01-10,91.302300000000002
1973-01-11,92.544899999999998
1973-01-12,92.498800000000003
1973-01-15,93.695400000000006
1973-01-16,92.176699999999997
1973-01-17,92.912999999999997
1973-01-18,92.314800000000005
1973-01-19,92.268799999999999
1973-01-22,91.394400000000005
1973-01-23,90.013800000000003
1973-01-24,91.026200000000003
1973-01-26,91.118300000000005
1973-01-29,90.197900000000004
1973-01-30,91.210300000000004
1973-01-31,92.544899999999998
1973-02-01,93.511300000000006
1973-02-02,93.419200000000004
1973-02-05,93.649299999999997
1973-02-06,97.100800000000007
1973-02-07,96.226399999999998
1973-02-08,97.837100000000007
1973-02-09,98.297300000000007
1973-02-12,98.297300000000007
1973-02-13,98.297300000000007
1973-02-14,103.35939999999999
1973-02-15,102.2089
1973-02-16,100.87439999999999
1973-02-20,101.05840000000001
1973-02-21,103.4054
1973-02-22,111.7349
1973-02-23,113.1615
1973-02-26,108.3295
1973-02-27,109.572
1973-02-28,111.827
1973-03-01,114.6802
1973-03-02,114.6802
1973-03-05,114.6802
1973-03-06,114.6802
1973-03-07,114.6802
1973-03-08,114.6802
1973-03-09,114.6802
1973-03-12,106.8569
1973-03-13,102.89919999999999
1973-03-14,102.71510000000001
1973-03-15,101.1045
1973-03-16,99.125600000000006
1973-03-19,99.677899999999994
1973-03-20,98.8035
1973-03-21,101.97880000000001
1973-03-22,102.301
1973-03-23,101.70269999999999
1973-03-26,105.29219999999999
1973-03-27,104.648
1973-03-28,101.05840000000001
1973-03-29,99.815899999999999
1973-03-30,101.1045
1973-04-02,99.908000000000001
1973-04-03,102.485
1973-04-04,101.15049999999999
1973-04-05,102.9913
1973-04-06,101.5647
1973-04-09,101.61069999999999
1973-04-10,103.35939999999999
1973-04-11,103.4054
1973-04-12,102.5771
1973-04-13,101.51860000000001
1973-04-16,101.7487
1973-04-17,99.585800000000006
1973-04-18,97.100800000000007
1973-04-19,97.515000000000001
1973-04-23,97.515000000000001
1973-04-24,96.410499999999999
1973-04-25,98.297300000000007
1973-04-26,97.837100000000007
1973-04-27,97.929100000000005
1973-04-30,98.8035
1973-05-01,98.8035
1973-05-02,97.3309
1973-05-03,97.515000000000001
1973-05-04,100.6443
1973-05-07,100.87439999999999
1973-05-08,102.25490000000001
1973-05-09,104.73999999999999
1973-05-10,107.6392
1973-05-11,108.6977
1973-05-14,109.2499
1973-05-15,113.4837
1973-05-16,109.7101
1973-05-17,107.8233
1973-05-18,109.434
1973-05-21,114.5421
1973-05-22,112.6093
1973-05-23,111.59690000000001
1973-05-24,109.8942
1973-05-25,109.8942
1973-05-29,112.6553
1973-05-30,116.751
1973-05-31,117.39530000000001
1973-06-01,119.97239999999999
1973-06-04,121.72110000000001
1973-06-05,125.8168
1973-06-06,117.4413
1973-06-07,117.0732
1973-06-08,115.0483
1973-06-11,115.2324
1973-06-12,113.2996
1973-06-13,115.6006
1973-06-14,115.4165
1973-06-15,116.56699999999999
1973-06-18,119.6503
1973-06-19,119.098
1973-06-20,117.8095
1973-06-21,119.60420000000001
1973-06-22,119.7423
1973-06-25,118.8219
1973-06-26,121.2149
1973-06-27,123.1477
1973-06-28,122.2734
1973-06-29,122.6875
1973-07-02,124.0681
1973-07-03,123.5159
1973-07-05,124.2062
1973-07-06,128.66999999999999
1973-07-09,128.9462
1973-07-10,126.69119999999999
1973-07-11,122.7796
1973-07-12,128.11779999999999
1973-07-13,129.03819999999999
1973-07-16,129.1302
1973-07-17,133.9162
1973-07-18,132.53569999999999
1973-07-19,132.4896
1973-07-20,130.51079999999999
1973-07-23,133.5941
1973-07-24,136.3553
1973-07-25,134.46850000000001
1973-07-26,133.50210000000001
1973-07-27,134.1003
1973-07-30,127.4735
1973-07-31,127.0133
1973-08-01,134.19239999999999
1973-08-02,133.54810000000001
1973-08-03,131.7533
1973-08-06,130.69489999999999
1973-08-07,128.30189999999999
1973-08-08,125.31059999999999
1973-08-09,121.0308
1973-08-10,122.7796
1973-08-13,121.9512
1973-08-14,118.3617
1973-08-15,117.94750000000001
1973-08-16,120.15649999999999
1973-08-17,121.8592
1973-08-20,123.0097
1973-08-21,123.9761
1973-08-22,119.1901
1973-08-23,117.6254
1973-08-24,119.05200000000001
1973-08-27,119.05200000000001
1973-08-28,118.31570000000001
1973-08-29,118.68380000000001
1973-08-30,120.9388
1973-08-31,119.4662
1973-09-04,120.3866
1973-09-05,118.0856
1973-09-06,119.51220000000001
1973-09-07,119.098
1973-09-10,119.5582
1973-09-11,116.8891
1973-09-12,117.2572
1973-09-13,116.0607
1973-09-14,117.0732
1973-09-17,118.4538
1973-09-18,121.3069
1973-09-19,119.1901
1973-09-20,124.3442
1973-09-21,125.5407
1973-09-24,125.8168
1973-09-25,126.093
1973-09-26,127.7957
1973-09-27,126.6452
1973-09-28,124.11409999999999
1973-10-01,124.6664
1973-10-02,125.1266
1973-10-03,127.3355
1973-10-04,126.50709999999999
1973-10-05,124.29819999999999
1973-10-08,129.3603
1973-10-09,128.43989999999999
1973-10-10,132.2595
1973-10-11,130.87899999999999
1973-10-12,132.02950000000001
1973-10-15,135.84909999999999
1973-10-16,133.64009999999999
1973-10-17,138.012
1973-10-18,134.5145
1973-10-19,134.5145
1973-10-22,133.13390000000001
1973-10-23,133.9162
1973-10-24,132.4896
1973-10-25,135.619
1973-10-26,132.02950000000001
1973-10-29,129.77449999999999
1973-10-30,130.14269999999999
1973-10-31,130.4648
1973-11-01,130.4648
1973-11-02,131.9374
1973-11-05,132.07550000000001
1973-11-06,132.16749999999999
1973-11-07,131.7073
1973-11-08,130.6489
1973-11-09,131.5693
1973-11-12,129.6825
1973-11-13,128.578
1973-11-14,127.42749999999999
1973-11-15,128.0258
1973-11-16,127.8417
1973-11-19,128.7621
1973-11-20,130.18870000000001
1973-11-21,128.9462
1973-11-23,128.85409999999999
1973-11-26,128.48599999999999
1973-11-27,126.8753
1973-11-28,132.6737
1973-11-29,135.9871
1973-11-30,134.56049999999999
1973-12-03,134.23840000000001
1973-12-04,140.12889999999999
1973-12-05,139.20849999999999
1973-12-06,136.99950000000001
1973-12-07,141.23330000000001
1973-12-10,139.80670000000001
1973-12-11,142.10769999999999
1973-12-12,140.31290000000001
1973-12-13,139.8527
1973-12-14,136.76939999999999
1973-12-17,140.08279999999999
1973-12-18,146.43350000000001
1973-12-19,143.02809999999999
1973-12-20,147.30789999999999
1973-12-21,145.7432
1973-12-24,145.7432
1973-12-26,145.7432
1973-12-27,149.0566
1973-12-28,148.3203
1973-12-31,149.8389
1974-01-02,150.98939999999999
1974-01-03,153.1063
1974-01-04,150.5752
1974-01-07,150.5292
1974-01-08,153.7046
1974-01-09,153.29040000000001
1974-01-10,152.0018
1974-01-11,153.79660000000001
1974-01-14,153.8426
1974-01-15,161.34379999999999
1974-01-16,158.8587
1974-01-17,167.46430000000001
1974-01-18,167.00409999999999
1974-01-21,180.76390000000001
1974-01-22,179.56739999999999
1974-01-23,171.0078
1974-01-24,174.68940000000001
1974-01-25,180.0736
1974-01-28,184.76759999999999
1974-01-29,182.74279999999999
1974-01-30,179.79750000000001
1974-01-31,177.95670000000001
1974-02-01,186.01009999999999
1974-02-04,193.83340000000001
1974-02-05,200.23009999999999
1974-02-06,201.97880000000001
1974-02-07,210.35429999999999
1974-02-08,218.4538
1974-02-11,236.99950000000001
1974-02-12,254.94710000000001
1974-02-13,238.7483
1974-02-14,242.88999999999999
1974-02-15,257.15600000000001
1974-02-19,236.26320000000001
1974-02-20,242.75200000000001
1974-02-21,264.47309999999999
1974-02-22,267.87849999999997
1974-02-25,274.32119999999998
1974-02-26,311.13670000000002
1974-02-27,297.37689999999998
1974-02-28,261.61989999999997
1974-03-01,263.87479999999999
1974-03-04,259.13479999999998
1974-03-05,239.57660000000001
1974-03-06,230.69489999999999
1974-03-07,243.62629999999999
1974-03-08,249.33269999999999
1974-03-11,230.92500000000001
1974-03-12,240.35900000000001
1974-03-13,243.9024
1974-03-14,248.41229999999999
1974-03-15,242.88999999999999
1974-03-18,237.87389999999999
1974-03-19,258.76670000000001
1974-03-20,257.80029999999999
1974-03-21,255.3152
1974-03-22,249.93100000000001
1974-03-25,257.7543
1974-03-26,238.84030000000001
1974-03-27,237.78190000000001
1974-03-28,238.97839999999999
1974-03-29,246.1114
1974-04-01,244.77680000000001
1974-04-02,236.99950000000001
1974-04-03,237.55179999999999
1974-04-04,238.10400000000001
1974-04-05,231.2011
1974-04-08,202.80719999999999
1974-04-09,218.13159999999999
1974-04-10,217.39529999999999
1974-04-11,199.86189999999999
1974-04-15,199.86189999999999
1974-04-16,210.81450000000001
1974-04-17,202.07089999999999
1974-04-18,214.7722
1974-04-19,219.97239999999999
1974-04-22,235.71100000000001
1974-04-23,251.08150000000001
1974-04-24,242.93600000000001
1974-04-25,256.92590000000001
1974-04-26,249.7929
1974-04-29,245.5591
1974-04-30,258.49059999999997
1974-05-01,248.45840000000001
1974-05-02,249.7929
1974-05-03,253.1523
1974-05-06,250.9434
1974-05-07,239.57660000000001
1974-05-08,241.23330000000001
1974-05-09,250.5752
1974-05-10,251.2655
1974-05-13,256.74180000000001
1974-05-14,276.99029999999999
1974-05-15,260.60750000000002
1974-05-16,265.43950000000001
1974-05-17,265.34739999999999
1974-05-20,258.07639999999998
1974-05-21,249.33269999999999
1974-05-22,249.8389
1974-05-23,229.3143
1974-05-24,239.99080000000001
1974-05-28,223.93010000000001
1974-05-29,212.51730000000001
1974-05-30,233.9162
1974-05-31,226.4151
1974-06-03,218.03960000000001
1974-06-04,216.0607
1974-06-05,231.1551
1974-06-06,227.61160000000001
1974-06-07,230.7869
1974-06-10,239.43860000000001
1974-06-11,234.6986
1974-06-12,220.61670000000001
1974-06-13,232.3056
1974-06-14,230.87899999999999
1974-06-17,225.03450000000001
1974-06-18,224.29820000000001
1974-06-19,220.06440000000001
1974-06-20,215.18639999999999
1974-06-21,222.04329999999999
1974-06-24,217.7174
1974-06-25,208.05340000000001
1974-06-26,210.4924
1974-06-27,206.35069999999999
1974-06-28,212.28720000000001
1974-07-01,215.73859999999999
1974-07-02,198.80350000000001
1974-07-03,192.86699999999999
1974-07-05,188.7713
1974-07-08,199.30969999999999
1974-07-09,200.64429999999999
1974-07-10,194.15549999999999
1974-07-11,180.6259
1974-07-12,174.27520000000001
1974-07-15,186.5163
1974-07-16,190.7961
1974-07-17,183.61709999999999
1974-07-18,191.57849999999999
1974-07-19,201.15049999999999
1974-07-22,192.54490000000001
1974-07-23,201.79480000000001
1974-07-24,205.3843
1974-07-25,217.25720000000001
1974-07-26,216.19880000000001
1974-07-29,229.08420000000001
1974-07-30,231.61529999999999
1974-07-31,220.38659999999999
1974-08-01,227.79570000000001
1974-08-02,214.31200000000001
1974-08-05,206.6268
1974-08-06,212.42519999999999
1974-08-07,211.18270000000001
1974-08-08,209.9862
1974-08-09,205.79839999999999
1974-08-12,199.49379999999999
1974-08-13,201.19649999999999
1974-08-14,211.91900000000001
1974-08-15,200
1974-08-16,202.89920000000001
1974-08-19,201.8408
1974-08-20,202.71510000000001
1974-08-21,198.43530000000001
1974-08-22,204.18780000000001
1974-08-23,202.53110000000001
1974-08-26,202.53110000000001
1974-08-27,201.4726
1974-08-28,191.99260000000001
1974-08-29,196.54859999999999
1974-08-30,189.41560000000001
1974-09-03,194.52369999999999
1974-09-04,184.1694
1974-09-05,186.79249999999999
1974-09-06,190.52000000000001
1974-09-09,187.20660000000001
1974-09-10,188.9093
1974-09-11,181.27010000000001
1974-09-12,189.41560000000001
1974-09-13,181.31620000000001
1974-09-16,182.00640000000001
1974-09-17,176.06989999999999
1974-09-18,176.11600000000001
1974-09-19,182.69669999999999
1974-09-20,177.8647
1974-09-23,183.11089999999999
1974-09-24,185.68799999999999
1974-09-25,192.31479999999999
1974-09-26,186.79249999999999
1974-09-27,192.54490000000001
1974-09-30,195.352
1974-10-01,203.8656
1974-10-02,203.6815
1974-10-03,215.41650000000001
1974-10-04,222.08930000000001
1974-10-07,222.73349999999999
1974-10-08,213.8518
1974-10-09,213.02350000000001
1974-10-10,228.90010000000001
1974-10-11,218.54580000000001
1974-10-14,212.5633
1974-10-15,213.16149999999999
1974-10-16,214.12790000000001
1974-10-17,206.1206
1974-10-18,212.65530000000001
1974-10-21,220.52459999999999
1974-10-22,227.8877
1974-10-23,222.82560000000001
1974-10-24,228.0718
1974-10-25,234.3304
1974-10-28,236.95349999999999
1974-10-29,236.44730000000001
1974-10-30,233.27199999999999
1974-10-31,223.6079
1974-11-01,225.0805
1974-11-04,216.70500000000001
1974-11-05,225.72479999999999
1974-11-06,227.74969999999999
1974-11-07,229.63640000000001
1974-11-08,225.0805
1974-11-11,232.90379999999999
1974-11-12,225.31059999999999
1974-11-13,226.3691
1974-11-14,227.5196
1974-11-15,218.54580000000001
1974-11-18,215.92269999999999
1974-11-19,201.61070000000001
1974-11-20,200.82830000000001
1974-11-21,207.45509999999999
1974-11-22,193.7414
1974-11-25,201.51859999999999
1974-11-26,202.2089
1974-11-27,210.4924
1974-11-29,205.01609999999999
1974-12-02,212.24109999999999
1974-12-03,199.2637
1974-12-04,192.6369
1974-12-05,197.56100000000001
1974-12-06,196.3185
1974-12-09,195.5361
1974-12-10,191.80860000000001
1974-12-11,192.36080000000001
1974-12-12,191.80860000000001
1974-12-13,193.8794
1974-12-16,202.53110000000001
1974-12-17,207.179
1974-12-18,205.10810000000001
1974-12-19,211.87299999999999
1974-12-20,206.35069999999999
1974-12-23,209.61799999999999
1974-12-24,214.12790000000001
1974-12-26,214.12790000000001
1974-12-27,219.7423
1974-12-30,218.68379999999999
1974-12-31,205.84450000000001
1975-01-02,204.14169999999999
1975-01-03,200.13810000000001
1975-01-06,194.38560000000001
1975-01-07,196.5025
1975-01-08,194.98390000000001
1975-01-09,194.1095
1975-01-10,192.6369
1975-01-13,203.40539999999999
1975-01-14,197.19280000000001
1975-01-15,204.9701
1975-01-16,197.69900000000001
1975-01-17,191.1183
1975-01-20,183.66309999999999
1975-01-21,187.20660000000001
1975-01-22,184.8596
1975-01-23,183.52510000000001
1975-01-24,196.41050000000001
1975-01-27,198.48140000000001
1975-01-28,192.54490000000001
1975-01-29,194.43170000000001
1975-01-30,198.7115
1975-01-31,190.9802
1975-02-03,190.1979
1975-02-04,189.0934
1975-02-05,190.10579999999999
1975-02-06,189.36949999999999
1975-02-07,195.44409999999999
1975-02-10,197.88310000000001
1975-02-11,194.01750000000001
1975-02-12,201.1045
1975-02-13,203.6815
1975-02-14,209.572
1975-02-18,201.51859999999999
1975-02-19,212.011
1975-02-20,208.60560000000001
1975-02-21,215.18639999999999
1975-02-24,210.7225
1975-02-25,212.51730000000001
1975-02-26,206.6268
1975-02-27,206.2586
1975-02-28,203.58949999999999
1975-03-03,206.90289999999999
1975-03-04,206.2586
1975-03-05,199.86189999999999
1975-03-06,200.7363
1975-03-07,199.03360000000001
1975-03-10,197.88310000000001
1975-03-11,204.37180000000001
1975-03-12,204.69399999999999
1975-03-13,205.98249999999999
1975-03-14,206.9949
1975-03-17,203.40539999999999
1975-03-18,206.2586
1975-03-19,201.01240000000001
1975-03-20,203.08330000000001
1975-03-21,198.84950000000001
1975-03-24,198.43530000000001
1975-03-25,195.12200000000001
1975-03-26,197.56100000000001
1975-03-27,196.8707
1975-03-31,196.8707
1975-04-01,196.82470000000001
1975-04-02,199.4478
1975-04-03,194.89189999999999
1975-04-04,190.52000000000001
1975-04-07,188.9554
1975-04-08,190.9342
1975-04-09,188.9093
1975-04-10,189.8297
1975-04-11,192.4528
1975-04-14,188.63319999999999
1975-04-15,187.989
1975-04-16,192.4068
1975-04-17,194.93790000000001
1975-04-18,199.17169999999999
1975-04-21,197.28489999999999
1975-04-22,196.22640000000001
1975-04-23,195.72020000000001
1975-04-24,198.84950000000001
1975-04-25,198.20519999999999
1975-04-28,198.98759999999999
1975-04-29,201.56469999999999
1975-04-30,203.6815
1975-05-01,197.88310000000001
1975-05-02,201.05840000000001
1975-05-05,198.06720000000001
1975-05-06,200.82830000000001
1975-05-07,204.32579999999999
1975-05-08,207.7312
1975-05-09,207.31710000000001
1975-05-12,210.3083
1975-05-13,209.2499
1975-05-14,213.4837
1975-05-15,208.6977
1975-05-16,204.92410000000001
1975-05-19,212.7013
1975-05-20,211.73490000000001
1975-05-21,209.8021
1975-05-22,218.22370000000001
1975-05-23,217.21119999999999
1975-05-27,216.7971
1975-05-28,212.05709999999999
1975-05-29,210.3083
1975-05-30,208.4676
1975-06-02,203.8656
1975-06-03,205.3843
1975-06-04,205.47630000000001
1975-06-05,203.7276
1975-06-06,203.1293
1975-06-09,205.10810000000001
1975-06-10,210.63050000000001
1975-06-11,208.8357
1975-06-12,209.572
1975-06-13,206.21260000000001
1975-06-16,206.4427
1975-06-17,205.5223
1975-06-18,206.58080000000001
1975-06-19,205.24619999999999
1975-06-20,204.92410000000001
1975-06-23,206.21260000000001
1975-06-24,205.3382
1975-06-25,208.2835
1975-06-26,208.55959999999999
1975-06-27,207.86930000000001
1975-06-30,210.35429999999999
1975-07-01,210.9066
1975-07-02,208.8357
1975-07-03,207.5472
1975-07-07,208.0994
1975-07-08,207.7773
1975-07-09,213.4837
1975-07-10,213.71379999999999
1975-07-11,210.40039999999999
1975-07-14,215.8767
1975-07-15,212.8854
1975-07-16,213.57570000000001
1975-07-17,212.97749999999999
1975-07-18,211.55090000000001
1975-07-21,212.9314
1975-07-22,218.2697
1975-07-23,214.31200000000001
1975-07-24,216.10679999999999
1975-07-25,221.5831
1975-07-28,223.6079
1975-07-29,236.26320000000001
1975-07-30,236.4933
1975-07-31,230.2347
1975-08-01,230.0966
1975-08-04,236.7234
1975-08-05,235.619
1975-08-06,232.39760000000001
1975-08-07,237.55179999999999
1975-08-08,239.80670000000001
1975-08-11,228.9462
1975-08-12,228.53200000000001
1975-08-13,232.8578
1975-08-14,227.38149999999999
1975-08-15,221.35300000000001
1975-08-18,225.40270000000001
1975-08-19,219.42019999999999
1975-08-20,223.14769999999999
1975-08-21,223.14769999999999
1975-08-22,223.14769999999999
1975-08-25,223.14769999999999
1975-08-26,222.91759999999999
1975-08-27,214.72620000000001
1975-08-28,218.22370000000001
1975-08-29,213.25360000000001
1975-09-02,203.26740000000001
1975-09-03,206.90289999999999
1975-09-04,209.572
1975-09-05,206.02850000000001
1975-09-08,207.4091
1975-09-09,202.2089
1975-09-10,210.3083
1975-09-11,208.4676
1975-09-12,207.50120000000001
1975-09-15,210.86060000000001
1975-09-16,209.8021
1975-09-17,206.48869999999999
1975-09-18,209.8021
1975-09-19,206.1206
1975-09-22,204.92410000000001
1975-09-23,202.5771
1975-09-24,205.29220000000001
1975-09-25,206.30459999999999
1975-09-26,205.75239999999999
1975-09-29,205.9365
1975-09-30,204.37180000000001
1975-10-01,207.27109999999999
1975-10-02,209.15780000000001
1975-10-03,205.3382
1975-10-06,205.43029999999999
1975-10-07,204.09569999999999
1975-10-08,203.4975
1975-10-09,197.69900000000001
1975-10-10,199.4478
1975-10-13,198.1592
1975-10-14,196.59460000000001
1975-10-15,198.66540000000001
1975-10-16,197.607
1975-10-17,200.32210000000001
1975-10-20,200.1841
1975-10-21,202.5771
1975-10-22,198.8955
1975-10-23,199.49379999999999
1975-10-24,196.36449999999999
1975-10-27,193.60329999999999
1975-10-28,192.54490000000001
1975-10-29,193.46530000000001
1975-10-30,195.07589999999999
1975-10-31,192.6369
1975-11-03,193.3272
1975-11-04,195.85830000000001
1975-11-05,198.11320000000001
1975-11-06,204.2338
1975-11-07,201.88679999999999
1975-11-10,203.58949999999999
1975-11-11,204.9701
1975-11-12,202.16290000000001
1975-11-13,201.61070000000001
1975-11-14,200.78229999999999
1975-11-17,199.40170000000001
1975-11-18,198.1592
1975-11-19,199.21770000000001
1975-11-20,198.7115
1975-11-21,196.77860000000001
1975-11-24,195.72020000000001
1975-11-25,198.43530000000001
1975-11-26,195.25999999999999
1975-11-28,194.4777
1975-12-01,189.73769999999999
1975-12-02,189.59960000000001
1975-12-03,190.7961
1975-12-04,188.67920000000001
1975-12-05,185.54990000000001
1975-12-08,185.4579
1975-12-09,180.76390000000001
1975-12-10,184.53749999999999
1975-12-11,184.1694
1975-12-12,184.8596
1975-12-15,182.23650000000001
1975-12-16,183.84719999999999
1975-12-17,185.4579
1975-12-18,186.83850000000001
1975-12-19,186.3783
1975-12-22,193.28120000000001
1975-12-23,195.25999999999999
1975-12-24,194.4777
1975-12-26,194.4777
1975-12-29,195.3981
1975-12-30,192.0847
1975-12-31,192.31479999999999
1976-01-02,191.62450000000001
1976-01-05,193.28120000000001
1976-01-06,195.44409999999999
1976-01-07,196.54859999999999
1976-01-08,196.64060000000001
1976-01-09,194.6618
1976-01-12,194.56970000000001
1976-01-13,195.0299
1976-01-14,188.5872
1976-01-15,190.38200000000001
1976-01-16,183.249
1976-01-19,185.4119
1976-01-20,177.40450000000001
1976-01-21,176.25399999999999
1976-01-22,179.24529999999999
1976-01-23,183.15690000000001
1976-01-26,179.38329999999999
1976-01-27,179.24529999999999
1976-01-28,181.27010000000001
1976-01-29,184.07730000000001
1976-01-30,184.53749999999999
1976-02-02,183.80119999999999
1976-02-03,185.596
1976-02-04,181.77629999999999
1976-02-05,181.45419999999999
1976-02-06,183.5711
1976-02-09,183.9393
1976-02-10,181.96039999999999
1976-02-11,187.66679999999999
1976-02-12,188.12700000000001
1976-02-13,188.49520000000001
1976-02-17,186.79249999999999
1976-02-18,189.6917
1976-02-19,189.55359999999999
1976-02-20,194.6157
1976-02-23,191.99260000000001
1976-02-24,195.12200000000001
1976-02-25,195.9503
1976-02-26,191.62450000000001
1976-02-27,191.5324
1976-03-01,192.959
1976-03-02,190.7501
1976-03-03,191.5324
1976-03-04,191.3484
1976-03-05,194.6157
1976-03-08,196.18039999999999
1976-03-09,194.56970000000001
1976-03-10,197.83709999999999
1976-03-11,197.0087
1976-03-12,195.9503
1976-03-15,197.0548
1976-03-16,194.1095
1976-03-17,193.1891
1976-03-18,195.90430000000001
1976-03-19,194.38560000000001
1976-03-22,194.52369999999999
1976-03-23,193.3272
1976-03-24,193.41919999999999
1976-03-25,191.8546
1976-03-26,190.0598
1976-03-29,187.1146
1976-03-30,185.4119
1976-03-31,188.9554
1976-04-01,189.64570000000001
1976-04-02,191.1643
1976-04-05,188.035
1976-04-06,190.38200000000001
1976-04-07,191.9006
1976-04-08,196.3185
1976-04-09,196.96270000000001
1976-04-12,196.41050000000001
1976-04-13,204.55590000000001
1976-04-14,201.79480000000001
1976-04-15,202.48500000000001
1976-04-19,202.48500000000001
1976-04-20,209.3879
1976-04-21,205.24619999999999
1976-04-22,204.50989999999999
1976-04-23,203.1293
1976-04-26,202.393
1976-04-27,210.07820000000001
1976-04-28,207.50120000000001
1976-04-29,203.95769999999999
1976-04-30,203.8656
1976-05-03,203.1293
1976-05-04,201.74870000000001
1976-05-05,200.59829999999999
1976-05-06,201.51859999999999
1976-05-07,205.7064
1976-05-10,209.9862
1976-05-11,205.8905
1976-05-12,208.5136
1976-05-13,209.29589999999999
1976-05-14,205.75239999999999
1976-05-17,207.45509999999999
1976-05-18,203.35939999999999
1976-05-19,204.2338
1976-05-20,201.4726
1976-05-21,205.06209999999999
1976-05-24,201.6567
1976-05-25,207.27109999999999
1976-05-26,207.45509999999999
1976-05-27,214.86420000000001
1976-05-28,212.60929999999999
1976-06-01,215.23240000000001
1976-06-02,213.94390000000001
1976-06-03,213.39160000000001
1976-06-04,214.31200000000001
1976-06-07,213.06950000000001
1976-06-08,221.2149
1976-06-09,219.23609999999999
1976-06-10,223.28579999999999
1976-06-11,226.5992
1976-06-14,227.38149999999999
1976-06-15,226.13900000000001
1976-06-16,221.16890000000001
1976-06-17,222.41139999999999
1976-06-18,223.0557
1976-06-21,220.20249999999999
1976-06-22,223.4699
1976-06-23,224.85040000000001
1976-06-24,219.83430000000001
1976-06-25,219.65029999999999
1976-06-28,216.613
1976-06-29,216.29079999999999
1976-06-30,222.41139999999999
1976-07-01,221.72110000000001
1976-07-02,228.34790000000001
1976-07-06,232.07550000000001
1976-07-07,233.9623
1976-07-08,230.18870000000001
1976-07-09,231.24709999999999
1976-07-12,228.90010000000001
1976-07-13,221.5831
1976-07-14,224.5283
1976-07-15,228.0718
1976-07-16,221.85919999999999
1976-07-19,216.9811
1976-07-20,204.2338
1976-07-21,208.97380000000001
1976-07-22,207.50120000000001
1976-07-23,207.041
1976-07-26,208.74369999999999
1976-07-27,208.6977
1976-07-28,211.7809
1976-07-29,209.84809999999999
1976-07-30,209.0658
1976-08-02,205.75239999999999
1976-08-03,195.5821
1976-08-04,201.88679999999999
1976-08-05,199.8159
1976-08-06,194.6618
1976-08-09,191.5324
1976-08-10,193.28120000000001
1976-08-11,197.4229
1976-08-12,196.6866
1976-08-13,198.75749999999999
1976-08-16,199.21770000000001
1976-08-17,197.92910000000001
1976-08-18,193.0051
1976-08-19,196.59460000000001
1976-08-20,200.1841
1976-08-23,196.41050000000001
1976-08-24,194.56970000000001
1976-08-25,188.9093
1976-08-26,193.0051
1976-08-27,193.7414
1976-08-30,193.7414
1976-08-31,188.9093
1976-09-01,188.12700000000001
1976-09-02,197.46889999999999
1976-09-03,197.19280000000001
1976-09-07,200.64429999999999
1976-09-08,204.55590000000001
1976-09-09,196.6866
1976-09-10,197.4229
1976-09-13,192.49879999999999
1976-09-14,191.02619999999999
1976-09-15,192.0847
1976-09-16,197.14680000000001
1976-09-17,195.85830000000001
1976-09-20,194.7998
1976-09-21,199.67789999999999
1976-09-22,199.58580000000001
1976-09-23,201.4726
1976-09-24,201.42660000000001
1976-09-27,203.81960000000001
1976-09-28,201.1045
1976-09-29,201.1045
1976-09-30,202.0249
1976-10-01,200.64429999999999
1976-10-04,198.29730000000001
1976-10-05,199.86189999999999
1976-10-06,198.20519999999999
1976-10-07,197.65299999999999
1976-10-08,195.30600000000001
1976-10-11,190.10579999999999
1976-10-12,192.2227
1976-10-13,193.83340000000001
1976-10-14,193.64930000000001
1976-10-15,191.5324
1976-10-18,193.3732
1976-10-19,193.05109999999999
1976-10-20,192.4068
1976-10-21,193.28120000000001
1976-10-22,193.51130000000001
1976-10-25,190.84219999999999
1976-10-26,191.21029999999999
1976-10-27,191.02619999999999
1976-10-28,196.96270000000001
1976-10-29,196.54859999999999
1976-11-01,197.83709999999999
1976-11-03,200.41419999999999
1976-11-04,197.607
1976-11-05,200.7363
1976-11-08,201.88679999999999
1976-11-09,199.03360000000001
1976-11-10,204.50989999999999
1976-11-11,205.3382
1976-11-12,204.648
1976-11-15,210.3083
1976-11-16,200.9204
1976-11-17,199.8159
1976-11-18,198.29730000000001
1976-11-19,199.53980000000001
1976-11-22,201.51859999999999
1976-11-23,202.0249
1976-11-24,200.09200000000001
1976-11-26,198.7115
1976-11-29,195.67420000000001
1976-11-30,196.96270000000001
1976-12-01,195.214
1976-12-02,199.30969999999999
1976-12-03,198.1592
1976-12-06,201.15049999999999
1976-12-07,200.82830000000001
1976-12-08,199.90799999999999
1976-12-09,201.97880000000001
1976-12-10,200.87440000000001
1976-12-13,199.76990000000001
1976-12-14,199.35570000000001
1976-12-15,201.42660000000001
1976-12-16,199.8159
1976-12-17,199.4478
1976-12-20,198.57339999999999
1976-12-21,199.03360000000001
1976-12-22,200.1841
1976-12-23,198.48140000000001
1976-12-27,198.48140000000001
1976-12-28,198.48140000000001
1976-12-29,200.27610000000001
1976-12-30,201.01240000000001
1976-12-31,200.41419999999999
1977-01-03,200.41419999999999
1977-01-04,203.6815
1977-01-05,202.07089999999999
1977-01-06,201.8408
1977-01-07,202.393
1977-01-10,201.6567
1977-01-11,198.48140000000001
1977-01-12,199.30969999999999
1977-01-13,199.86189999999999
1977-01-14,199.35570000000001
1977-01-17,200.13810000000001
1977-01-18,201.61070000000001
1977-01-19,200.69030000000001
1977-01-20,203.17529999999999
1977-01-21,202.43899999999999
1977-01-24,204.0497
1977-01-25,206.16659999999999
1977-01-26,206.16659999999999
1977-01-27,208.6516
1977-01-28,205.43029999999999
1977-01-31,204.6019
1977-02-01,205.66040000000001
1977-02-02,204.6019
1977-02-03,207.08699999999999
1977-02-04,205.98249999999999
1977-02-07,208.55959999999999
1977-02-08,207.31710000000001
1977-02-09,209.11179999999999
1977-02-10,207.50120000000001
1977-02-11,205.84450000000001
1977-02-14,206.94890000000001
1977-02-15,206.8569
1977-02-16,207.08699999999999
1977-02-17,208.05340000000001
1977-02-18,208.6516
1977-02-22,209.89420000000001
1977-02-23,209.2039
1977-02-24,214.12790000000001
1977-02-25,211.4588
1977-02-28,217.80950000000001
1977-03-01,217.11920000000001
1977-03-02,220.89279999999999
1977-03-03,220.8468
1977-03-04,219.5582
1977-03-07,224.80439999999999
1977-03-08,224.11410000000001
1977-03-09,221.26089999999999
1977-03-10,222.45740000000001
1977-03-11,221.26089999999999
1977-03-14,221.85919999999999
1977-03-15,221.72110000000001
1977-03-16,224.98849999999999
1977-03-17,224.80439999999999
1977-03-18,226.3691
1977-03-21,227.56559999999999
1977-03-22,228.0718
1977-03-23,228.85409999999999
1977-03-24,227.8877
1977-03-25,228.9462
1977-03-28,224.25219999999999
1977-03-29,219.1901
1977-03-30,222.27340000000001
1977-03-31,222.22730000000001
1977-04-01,222.54949999999999
1977-04-04,224.9425
1977-04-05,221.7671
1977-04-06,216.4289
1977-04-07,218.59180000000001
1977-04-11,218.59180000000001
1977-04-12,219.65029999999999
1977-04-13,220.93879999999999
1977-04-14,220.89279999999999
1977-04-15,220.20249999999999
1977-04-18,222.18129999999999
1977-04-19,223.2398
1977-04-20,220.93879999999999
1977-04-21,220.80070000000001
1977-04-22,223.4699
1977-04-25,221.90520000000001
1977-04-26,217.62540000000001
1977-04-27,219.83430000000001
1977-04-28,217.4873
1977-04-29,216.88910000000001
1977-05-02,219.69630000000001
1977-05-03,220.1104
1977-05-04,219.9264
1977-05-05,217.1652
1977-05-06,218.13159999999999
1977-05-09,218.31569999999999
1977-05-10,218.0856
1977-05-11,219.3741
1977-05-12,217.94749999999999
1977-05-13,220.43260000000001
1977-05-16,219.42019999999999
1977-05-17,219.42019999999999
1977-05-18,217.5334
1977-05-19,215.96870000000001
1977-05-20,217.44130000000001
1977-05-23,213.94390000000001
1977-05-24,212.1491
1977-05-25,212.60929999999999
1977-05-26,208.74369999999999
1977-05-27,211.965
1977-05-31,209.89420000000001
1977-06-01,210.99860000000001
1977-06-02,210.63050000000001
1977-06-03,209.34190000000001
1977-06-06,209.34190000000001
1977-06-07,209.34190000000001
1977-06-08,208.92769999999999
1977-06-09,204.00370000000001
1977-06-10,201.8408
1977-06-13,203.3134
1977-06-14,199.40170000000001
1977-06-15,201.05840000000001
1977-06-16,204.14169999999999
1977-06-17,202.25489999999999
1977-06-20,205.56829999999999
1977-06-21,207.08699999999999
1977-06-22,203.45140000000001
1977-06-23,204.786
1977-06-24,205.29220000000001
1977-06-27,207.08699999999999
1977-06-28,207.5472
1977-06-29,207.5472
1977-06-30,207.4091
1977-07-01,208.1454
1977-07-05,204.9701
1977-07-06,204.14169999999999
1977-07-07,205.29220000000001
1977-07-08,204.74000000000001
1977-07-11,205.56829999999999
1977-07-12,206.35069999999999
1977-07-13,207.08699999999999
1977-07-15,209.9402
1977-07-18,209.15780000000001
1977-07-19,210.76849999999999
1977-07-20,210.99860000000001
1977-07-21,210.3083
1977-07-22,210.21629999999999
1977-07-25,212.79339999999999
1977-07-26,212.8854
1977-07-27,211.68889999999999
1977-07-28,210.86060000000001
1977-07-29,208.00739999999999
1977-08-01,207.7312
1977-08-02,208.3295
1977-08-03,209.572
1977-08-04,210.86060000000001
1977-08-05,209.3879
1977-08-08,210.07820000000001
1977-08-09,210.35429999999999
1977-08-10,209.61799999999999
1977-08-11,209.66409999999999
1977-08-12,207.68520000000001
1977-08-15,203.54349999999999
1977-08-16,201.01240000000001
1977-08-17,202.9913
1977-08-18,201.51859999999999
1977-08-19,203.81960000000001
1977-08-22,202.66909999999999
1977-08-23,200.82830000000001
1977-08-24,202.80719999999999
1977-08-25,202.43899999999999
1977-08-26,202.34700000000001
1977-08-29,202.34700000000001
1977-08-30,203.35939999999999
1977-08-31,204.69399999999999
1977-09-01,205.7064
1977-09-02,205.56829999999999
1977-09-06,207.63919999999999
1977-09-07,206.0746
1977-09-08,207.5472
1977-09-09,204.648
1977-09-12,206.8569
1977-09-13,205.24619999999999
1977-09-14,204.69399999999999
1977-09-15,205.8905
1977-09-16,206.6728
1977-09-19,209.9862
1977-09-20,209.2039
1977-09-21,211.965
1977-09-22,212.65530000000001
1977-09-23,211.0446
1977-09-26,211.4588
1977-09-27,212.1491
1977-09-28,212.60929999999999
1977-09-29,212.51730000000001
1977-09-30,213.75980000000001
1977-10-03,214.26599999999999
1977-10-04,213.6217
1977-10-05,214.72620000000001
1977-10-06,213.2996
1977-10-07,213.4837
1977-10-10,214.63409999999999
1977-10-11,216.9811
1977-10-12,218.72989999999999
1977-10-13,218.91390000000001
1977-10-14,218.72989999999999
1977-10-17,221.9512
1977-10-18,221.30690000000001
1977-10-19,222.73349999999999
1977-10-20,219.5582
1977-10-21,221.16890000000001
1977-10-24,222.1353
1977-10-25,223.83799999999999
1977-10-26,224.43629999999999
1977-10-27,221.07689999999999
1977-10-28,221.44499999999999
1977-10-31,223.28579999999999
1977-11-01,224.3442
1977-11-02,222.54949999999999
1977-11-03,222.54949999999999
1977-11-04,224.85040000000001
1977-11-07,226.82929999999999
1977-11-08,224.29820000000001
1977-11-09,228.48599999999999
1977-11-10,227.38149999999999
1977-11-11,228.624
1977-11-14,225.8629
1977-11-15,220.75470000000001
1977-11-16,221.16890000000001
1977-11-17,221.62909999999999
1977-11-18,222.8716
1977-11-21,220.57060000000001
1977-11-22,216.4289
1977-11-23,218.31569999999999
1977-11-25,216.9811
1977-11-28,220.4786
1977-11-29,217.57939999999999
1977-11-30,218.22370000000001
1977-12-01,219.9264
1977-12-02,216.29079999999999
1977-12-05,216.93510000000001
1977-12-06,219.97239999999999
1977-12-07,218.13159999999999
1977-12-08,219.32810000000001
1977-12-09,219.05199999999999
1977-12-12,218.13159999999999
1977-12-13,214.5881
1977-12-14,217.1652
1977-12-15,215.2784
1977-12-16,215.1404
1977-12-19,215.46250000000001
1977-12-20,214.86420000000001
1977-12-21,217.25720000000001
1977-12-22,214.5421
1977-12-23,216.29079999999999
1977-12-27,216.29079999999999
1977-12-28,218.86789999999999
1977-12-29,220.80070000000001
1977-12-30,218.86789999999999
1978-01-03,224.11410000000001
1978-01-04,228.71610000000001
1978-01-05,221.72110000000001
1978-01-06,223.69999999999999
1978-01-09,223.93010000000001
1978-01-10,228.43989999999999
1978-01-11,227.42750000000001
1978-01-12,229.03819999999999
1978-01-13,226.185
1978-01-16,229.63640000000001
1978-01-17,228.624
1978-01-18,226.69120000000001
1978-01-19,226.64519999999999
1978-01-20,226.50710000000001
1978-01-23,227.19739999999999
1978-01-24,232.4896
1978-01-25,231.2011
1978-01-26,229.9126
1978-01-27,229.77449999999999
1978-01-30,228.0718
1978-01-31,227.79570000000001
1978-02-01,230.0966
1978-02-02,227.19739999999999
1978-02-03,225.54069999999999
1978-02-06,226.32310000000001
1978-02-07,225.72479999999999
1978-02-08,224.7124
1978-02-09,223.2398
1978-02-10,225.31059999999999
1978-02-13,226.9213
1978-02-14,227.93369999999999
1978-02-15,227.61160000000001
1978-02-16,229.9126
1978-02-17,231.017
1978-02-21,231.98339999999999
1978-02-22,231.66130000000001
1978-02-23,231.7533
1978-02-24,231.47720000000001
1978-02-27,227.8417
1978-02-28,228.66999999999999
1978-03-01,230.4188
1978-03-02,229.40639999999999
1978-03-03,230.2807
1978-03-06,230.14269999999999
1978-03-07,233.5941
1978-03-08,244.86879999999999
1978-03-09,243.5343
1978-03-10,240.91120000000001
1978-03-13,244.2706
1978-03-14,252.13990000000001
1978-03-15,249.8389
1978-03-16,249.2867
1978-03-17,250.98939999999999
1978-03-20,243.62629999999999
1978-03-21,237.91990000000001
1978-03-22,241.46340000000001
1978-03-23,242.798
1978-03-27,242.798
1978-03-28,248.82650000000001
1978-03-29,247.26179999999999
1978-03-30,243.5343
1978-03-31,245.97329999999999
1978-04-03,249.2867
1978-04-04,246.38749999999999
1978-04-05,242.6139
1978-04-06,245.46709999999999
1978-04-07,241.46340000000001
1978-04-10,241.6935
1978-04-11,242.75200000000001
1978-04-12,244.50069999999999
1978-04-13,242.10769999999999
1978-04-14,240.17490000000001
1978-04-17,236.58539999999999
1978-04-18,233.50210000000001
1978-04-19,235.34280000000001
1978-04-20,229.45240000000001
1978-04-21,231.7073
1978-04-24,229.1763
1978-04-25,226.23099999999999
1978-04-26,228.71610000000001
1978-04-27,230.00460000000001
1978-04-28,230.00460000000001
1978-05-01,230.00460000000001
1978-05-02,229.03819999999999
1978-05-03,232.21350000000001
1978-05-04,233.82419999999999
1978-05-05,234.1003
1978-05-08,232.4436
1978-05-09,232.21350000000001
1978-05-10,232.90379999999999
1978-05-11,235.71100000000001
1978-05-12,234.1463
1978-05-15,233.31800000000001
1978-05-16,234.6986
1978-05-17,235.38890000000001
1978-05-18,236.67740000000001
1978-05-19,239.34649999999999
1978-05-22,239.6687
1978-05-23,238.88630000000001
1978-05-24,238.42609999999999
1978-05-25,237.78190000000001
1978-05-26,239.80670000000001
1978-05-30,246.6636
1978-05-31,251.54159999999999
1978-06-01,248.5504
1978-06-02,250.80529999999999
1978-06-05,245.83529999999999
1978-06-06,243.9485
1978-06-07,246.3415
1978-06-08,244.0865
1978-06-09,242.10769999999999
1978-06-12,241.37139999999999
1978-06-13,242.29179999999999
1978-06-14,245.23699999999999
1978-06-15,241.96960000000001
1978-06-16,245.32900000000001
1978-06-19,244.77680000000001
1978-06-20,248.7345
1978-06-21,247.2158
1978-06-22,244.86879999999999
1978-06-23,245.28299999999999
1978-06-26,245.28299999999999
1978-06-27,245.78919999999999
1978-06-28,247.26179999999999
1978-06-29,245.88130000000001
1978-06-30,242.84399999999999
1978-07-03,242.6139
1978-07-05,243.85640000000001
1978-07-06,242.38380000000001
1978-07-07,240.9572
1978-07-10,243.07409999999999
1978-07-11,243.30420000000001
1978-07-12,243.5343
1978-07-13,245.0069
1978-07-14,243.25819999999999
1978-07-17,241.64750000000001
1978-07-18,241.00319999999999
1978-07-19,241.23330000000001
1978-07-20,244.04050000000001
1978-07-21,249.1026
1978-07-24,254.76300000000001
1978-07-25,251.08150000000001
1978-07-26,253.1063
1978-07-27,250.98939999999999
1978-07-28,257.61619999999999
1978-07-31,256.46570000000003
1978-08-01,263.04649999999998
1978-08-02,257.66219999999998
1978-08-03,255.49930000000001
1978-08-04,254.02670000000001
1978-08-07,256.60379999999998
1978-08-08,256.83390000000003
1978-08-09,256.83390000000003
1978-08-10,252.69210000000001
1978-08-11,259.0428
1978-08-14,261.15969999999999
1978-08-15,264.28899999999999
1978-08-16,260.46940000000001
1978-08-17,254.2568
1978-08-18,255.03909999999999
1978-08-21,248.82650000000001
1978-08-22,251.1275
1978-08-23,246.3415
1978-08-24,250.85140000000001
1978-08-25,248.3663
1978-08-28,248.3663
1978-08-29,250.11500000000001
1978-08-30,254.48689999999999
1978-08-31,254.53290000000001
1978-09-01,253.98070000000001
1978-09-05,255.95949999999999
1978-09-06,255.9135
1978-09-07,254.11869999999999
1978-09-08,252.9222
1978-09-11,251.77170000000001
1978-09-12,253.06030000000001
1978-09-13,253.98070000000001
1978-09-14,257.7543
1978-09-15,256.37369999999999
1978-09-18,255.45330000000001
1978-09-19,257.70819999999998
1978-09-20,259.91719999999998
1978-09-21,261.29770000000002
1978-09-22,258.62860000000001
1978-09-25,261.988
1978-09-26,263.69080000000002
1978-09-27,260.37740000000002
1978-09-28,261.20569999999998
1978-09-29,260.83760000000001
1978-10-02,261.06760000000003
1978-10-03,265.39350000000002
1978-10-04,269.35109999999997
1978-10-05,268.93700000000001
1978-10-06,268.6148
1978-10-09,266.72800000000001
1978-10-10,275.60980000000001
1978-10-11,274.96550000000002
1978-10-12,276.71420000000001
1978-10-13,272.94060000000002
1978-10-16,271.14589999999998
1978-10-17,274.64339999999999
1978-10-18,275.60980000000001
1978-10-19,272.38839999999999
1978-10-20,272.66449999999998
1978-10-23,272.1583
1978-10-24,268.24669999999998
1978-10-25,273.17070000000001
1978-10-26,281.22410000000002
1978-10-27,281.40820000000002
1978-10-30,287.57479999999998
1978-10-31,288.26510000000002
1978-11-01,282.2826
1978-11-02,269.39710000000002
1978-11-03,267.18819999999999
1978-11-06,265.76159999999999
1978-11-07,269.48919999999998
1978-11-08,270.91579999999999
1978-11-09,267.60239999999999
1978-11-10,263.55270000000002
1978-11-13,263.23059999999998
1978-11-14,269.58120000000002
1978-11-15,265.6696
1978-11-16,260.97559999999999
1978-11-17,265.76159999999999
1978-11-20,272.66449999999998
1978-11-21,272.80259999999998
1978-11-22,273.67689999999999
1978-11-24,277.81869999999998
1978-11-27,276.85230000000001
1978-11-28,274.73540000000003
1978-11-29,271.37599999999998
1978-11-30,271.88220000000001
1978-12-01,273.76900000000001
1978-12-04,273.4468
1978-12-05,269.90339999999998
1978-12-06,268.7989
1978-12-07,269.53519999999997
1978-12-08,269.58120000000002
1978-12-11,271.46800000000002
1978-12-12,268.93700000000001
1978-12-13,269.39710000000002
1978-12-14,270.0874
1978-12-15,270.59359999999998
1978-12-18,275.19560000000001
1978-12-19,277.26650000000001
1978-12-20,275.24160000000001
1978-12-21,273.49290000000002
1978-12-22,273.95310000000001
1978-12-26,273.95310000000001
1978-12-27,275.60980000000001
1978-12-28,277.40449999999998
1978-12-29,277.08240000000001
1979-01-02,279.93560000000002
1979-01-03,275.60980000000001
1979-01-04,275.2876
1979-01-05,275.37970000000001
1979-01-08,276.5301
1979-01-09,276.99029999999999
1979-01-10,275.19560000000001
1979-01-11,275.79379999999998
1979-01-12,273.12470000000002
1979-01-15,273.4468
1979-01-16,278.04880000000003
1979-01-17,285.13580000000002
1979-01-18,285.73399999999998
1979-01-19,287.25259999999997
1979-01-22,291.34840000000003
1979-01-23,288.81729999999999
1979-01-24,294.98390000000001
1979-01-25,300.59829999999999
1979-01-26,301.33460000000002
1979-01-29,304.04969999999997
1979-01-30,303.4975
1979-01-31,308.83569999999997
1979-02-01,305.75240000000002
1979-02-02,304.41789999999997
1979-02-05,325.72480000000002
1979-02-06,324.98849999999999
1979-02-07,336.26319999999998
1979-02-08,345.83530000000002
1979-02-09,322.31939999999997
1979-02-12,338.93239999999997
1979-02-13,327.56560000000002
1979-02-14,319.88029999999998
1979-02-15,334.3304
1979-02-16,338.24209999999999
1979-02-20,353.75060000000002
1979-02-21,361.25170000000003
1979-02-22,358.99680000000001
1979-02-23,355.17720000000003
1979-02-26,356.69580000000002
1979-02-27,345.28300000000002
1979-02-28,353.8426
1979-03-01,350.85140000000001
1979-03-02,353.70460000000003
1979-03-05,339.07040000000001
1979-03-06,340.17489999999998
1979-03-07,339.4846
1979-03-08,332.53570000000002
1979-03-09,333.50209999999998
1979-03-12,334.28440000000001
1979-03-13,327.93369999999999
1979-03-14,329.63639999999998
1979-03-15,328.62400000000002
1979-03-16,338.012
1979-03-19,338.42610000000002
1979-03-20,337.04559999999998
1979-03-21,339.39249999999998
1979-03-22,348.8725
1979-03-23,347.67599999999999
1979-03-26,352.92219999999998
1979-03-27,355.5453
1979-03-28,351.54160000000002
1979-03-29,345.37509999999997
1979-03-30,342.9821
1979-04-02,343.35019999999997
1979-04-03,341.92360000000002
1979-04-04,337.36770000000001
1979-04-05,340.12889999999999
1979-04-06,340.22089999999997
1979-04-09,344.73079999999999
1979-04-10,348.73450000000003
1979-04-11,346.06529999999998
1979-04-12,339.89879999999999
1979-04-16,339.89879999999999
1979-04-17,337.78190000000001
1979-04-18,340.12889999999999
1979-04-19,346.06529999999998
1979-04-20,339.20850000000002
1979-04-23,338.47219999999999
1979-04-24,342.65989999999999
1979-04-25,342.52190000000002
1979-04-26,345.5591
1979-04-27,348.36630000000002
1979-04-30,352.09390000000002
1979-05-01,369.07499999999999
1979-05-02,362.90839999999997
1979-05-03,364.74919999999997
1979-05-04,368.56880000000001
1979-05-07,368.56880000000001
1979-05-08,381.22410000000002
1979-05-09,373.5849
1979-05-10,385.4119
1979-05-11,384.35340000000002
1979-05-14,380.48779999999999
1979-05-15,389.69170000000003
1979-05-16,387.71280000000002
1979-05-17,386.10219999999998
1979-05-18,383.387
1979-05-21,387.98899999999998
1979-05-22,393.00510000000003
1979-05-23,395.76620000000003
1979-05-24,395.214
1979-05-25,402.25490000000002
1979-05-29,411.68889999999999
1979-05-30,398.98759999999999
1979-05-31,403.68150000000003
1979-06-01,397.33089999999999
1979-06-04,387.94290000000001
1979-06-05,390.88819999999998
1979-06-06,397.51499999999999
1979-06-07,388.67919999999998
1979-06-08,390.75009999999997
1979-06-11,396.8707
1979-06-12,388.7713
1979-06-13,381.68430000000001
1979-06-14,387.48270000000002
1979-06-15,390.2439
1979-06-18,390.28989999999999
1979-06-19,388.86329999999998
1979-06-20,398.06720000000001
1979-06-21,399.12560000000002
1979-06-22,402.89920000000001
1979-06-25,406.02850000000001
1979-06-26,397.56099999999998
1979-06-27,397.23880000000003
1979-06-28,392.45280000000002
1979-06-29,392.82100000000003
1979-07-02,400.23009999999999
1979-07-03,395.85829999999999
1979-07-05,406.71879999999999
1979-07-06,410.99860000000001
1979-07-09,409.20389999999998
1979-07-10,416.10680000000002
1979-07-11,419.69630000000001
1979-07-12,422.6875
1979-07-13,410.58440000000002
1979-07-16,417.34930000000003
1979-07-17,432.6277
1979-07-18,440.12889999999999
1979-07-19,430.37279999999998
1979-07-20,428.11779999999999
1979-07-23,439.99079999999998
1979-07-24,440.9572
1979-07-25,430.971
1979-07-26,436.49329999999998
1979-07-27,437.2296
1979-07-30,429.45240000000001
1979-07-31,417.99360000000001
1979-08-01,418.54579999999999
1979-08-02,419.9264
1979-08-03,414.26600000000002
1979-08-06,407.7312
1979-08-07,404.14170000000001
1979-08-08,404.74000000000001
1979-08-09,414.45010000000002
1979-08-10,420.20249999999999
1979-08-13,418.2697
1979-08-14,406.6728
1979-08-15,418.22370000000001
1979-08-16,417.16520000000003
1979-08-17,425.54070000000002
1979-08-20,421.0308
1979-08-21,421.49099999999999
1979-08-22,437.8279
1979-08-23,436.99950000000001
1979-08-24,448.96460000000002
1979-08-27,448.96460000000002
1979-08-28,457.84629999999999
1979-08-29,463.96690000000001
1979-08-30,477.95670000000001
1979-08-31,474.91950000000003
1979-09-04,503.81959999999998
1979-09-05,528.30190000000005
1979-09-06,577.45050000000003
1979-09-07,539.43859999999995
1979-09-10,561.43579999999997
1979-09-11,561.89599999999996
1979-09-12,565.34739999999999
1979-09-13,549.51679999999999
1979-09-14,598.25130000000001
1979-09-17,616.65899999999999
1979-09-18,842.29179999999997
1979-09-19,712.37919999999997
1979-09-20,759.31889999999999
1979-09-21,646.06529999999998
1979-09-24,736.30920000000003
1979-09-25,678.78510000000006
1979-09-26,677.40449999999998
1979-09-27,750.5752
1979-09-28,747.81410000000005
1979-10-01,786.47029999999995
1979-10-02,832.94979999999998
1979-10-03,782.32860000000005
1979-10-04,685.68799999999999
1979-10-05,704.09569999999997
1979-10-08,704.09569999999997
1979-10-09,745.51310000000001
1979-10-10,777.72659999999996
1979-10-11,770.59360000000004
1979-10-12,781.17809999999997
1979-10-15,816.38289999999995
1979-10-16,803.68150000000003
1979-10-17,773.12469999999996
1979-10-18,745.97329999999999
1979-10-19,796.73260000000005
1979-10-22,803.03729999999996
1979-10-23,783.06489999999997
1979-10-24,791.99260000000004
1979-10-25,787.94290000000001
1979-10-26,758.8587
1979-10-29,726.73720000000003
1979-10-30,736.81550000000004
1979-10-31,763.92079999999999
1979-11-01,751.03539999999998
1979-11-02,736.99950000000001
1979-11-05,745.51310000000001
1979-11-06,760.69949999999994
1979-11-07,770.36360000000002
1979-11-08,754.71699999999998
1979-11-09,754.94709999999998
1979-11-12,757.01790000000005
1979-11-13,745.97329999999999
1979-11-14,739.07039999999995
1979-11-15,740.91120000000001
1979-11-16,745.51310000000001
1979-11-19,753.79660000000001
1979-11-20,746.89369999999997
1979-11-21,757.01790000000005
1979-11-23,739.99080000000004
1979-11-26,749.19470000000001
1979-11-27,769.07500000000005
1979-11-28,826.96730000000002
1979-11-29,858.72069999999997
1979-11-30,874.36720000000003
1979-12-03,914.86419999999998
1979-12-04,898.06719999999996
1979-12-05,878.9692
1979-12-06,901.05840000000001
1979-12-07,879.19929999999999
1979-12-10,874.78139999999996
1979-12-11,913.4837
1979-12-12,926.82929999999999
1979-12-13,944.22460000000001
1979-12-14,961.80399999999997
1979-12-17,994.01750000000004
1979-12-18,1067.9245000000001
1979-12-19,1098.4813999999999
1979-12-20,1081.4541999999999
1979-12-21,1078.6931
1979-12-24,1132.0754999999999
1979-12-26,1132.0754999999999
1979-12-27,1265.9917
1979-12-28,1281.6383000000001
1979-12-31,1481.8224
1980-01-02,1838.4721999999999
1980-01-03,1702.7150999999999
1980-01-04,1507.133
1980-01-07,1794.7538
1980-01-08,1542.5679
1980-01-09,1525.5407
1980-01-10,1562.5862999999999
1980-01-11,1684.7675999999999
1980-01-14,1829.2683
1980-01-15,2024.8504
1980-01-16,2209.48
1980-01-17,1994.9378999999999
1980-01-18,2275.6558
1980-01-21,2254.9470999999999
1980-01-22,1912.1031
1980-01-23,1770.7317
1980-01-24,1909.8021000000001
1980-01-25,1762.5402999999999
1980-01-28,1624.4822999999999
1980-01-29,1702.7150999999999
1980-01-30,1718.8218999999999
1980-01-31,1623.5618999999999
1980-02-01,1625.1266000000001
1980-02-04,1587.6668
1980-02-05,1553.3824
1980-02-06,1800.2761
1980-02-07,1762.5402999999999
1980-02-08,1693.5112999999999
1980-02-11,1852.278
1980-02-12,1817.3033
1980-02-13,1788.3110999999999
1980-02-14,1722.6415
1980-02-15,1661.6659
1980-02-19,1626.7832000000001
1980-02-20,1380.5798
1980-02-21,1541.6475
1980-02-22,1527.8416999999999
1980-02-25,1509.434
1980-02-26,1541.6475
1980-02-27,1518.6378
1980-02-28,1611.1367
1980-02-29,1634.6065000000001
1980-03-03,1599.1717000000001
1980-03-04,1594.1095
1980-03-05,1670.9618
1980-03-06,1635.4349
1980-03-07,1493.3271999999999
1980-03-10,1409.0198
1980-03-11,1295.4440999999999
1980-03-12,1364.4730999999999
1980-03-13,1242.5219
1980-03-14,1058.9047
1980-03-17,874.82740000000001
1980-03-18,763.92079999999999
1980-03-19,950.29909999999995
1980-03-20,1040.0368000000001
1980-03-21,967.78650000000005
1980-03-24,1060.7455
1980-03-25,978.14080000000001
1980-03-26,904.27980000000002
1980-03-27,736.30920000000003
1980-03-28,643.81039999999996
1980-03-31,620.98479999999995
1980-04-01,781.86839999999995
1980-04-02,689.8297
1980-04-03,678.78510000000006
1980-04-07,678.78510000000006
1980-04-08,764.84119999999996
1980-04-09,809.9402
1980-04-10,715.1404
1980-04-11,718.82190000000003
1980-04-14,728.94619999999998
1980-04-15,669.62720000000002
1980-04-16,678.78510000000006
1980-04-17,678.78510000000006
1980-04-18,670.91579999999999
1980-04-21,653.47450000000003
1980-04-22,624.02210000000002
1980-04-23,644.27059999999994
1980-04-24,655.82140000000004
1980-04-25,714.22000000000003
1980-04-28,632.76580000000001
1980-04-29,638.28809999999999
1980-04-30,636.63139999999999
1980-05-01,552.2319
1980-05-02,602.85320000000002
1980-05-05,602.85320000000002
1980-05-06,616.65899999999999
1980-05-07,584.44550000000004
1980-05-08,608.83569999999997
1980-05-09,598.7115
1980-05-12,586.28620000000001
1980-05-13,587.20659999999998
1980-05-14,601.24249999999995
1980-05-15,587.75890000000004
1980-05-16,588.81730000000005
1980-05-19,570.63969999999995
1980-05-20,552.2319
1980-05-21,552.27800000000002
1980-05-22,501.15050000000002
1980-05-23,523.42380000000003
1980-05-27,566.03769999999997
1980-05-28,643.35019999999997
1980-05-29,601.47260000000006
1980-05-30,630.46479999999997
1980-06-02,674.18320000000006
1980-06-03,651.95579999999995
1980-06-04,697.19280000000003
1980-06-05,736.30920000000003
1980-06-06,783.47910000000002
1980-06-09,821.44500000000005
1980-06-10,717.90150000000006
1980-06-11,711.4588
1980-06-12,704.09569999999997
1980-06-13,743.21209999999996
1980-06-16,736.30920000000003
1980-06-17,713.29960000000005
1980-06-18,726.50710000000004
1980-06-19,713.29960000000005
1980-06-20,722.96360000000004
1980-06-23,711.68889999999999
1980-06-24,711.91899999999998
1980-06-25,739.53060000000005
1980-06-26,740.86519999999996
1980-06-27,748.27430000000004
1980-06-30,770.82370000000003
1980-07-01,786.97649999999999
1980-07-02,795.85829999999999
1980-07-03,771.60609999999997
1980-07-07,773.12469999999996
1980-07-08,803.49749999999995
1980-07-09,782.5127
1980-07-10,758.8587
1980-07-11,745.51310000000001
1980-07-14,731.66129999999998
1980-07-15,713.29960000000005
1980-07-16,734.00829999999996
1980-07-17,735.71100000000001
1980-07-18,706.90290000000005
1980-07-21,716.29079999999999
1980-07-22,711.13670000000002
1980-07-23,734.46849999999995
1980-07-24,744.27059999999994
1980-07-25,766.22180000000003
1980-07-28,753.33640000000003
1980-07-29,753.33640000000003
1980-07-30,749.19470000000001
1980-07-31,726.18499999999995
1980-08-01,718.36170000000004
1980-08-04,721.35299999999995
1980-08-05,739.53060000000005
1980-08-06,731.70730000000003
1980-08-07,743.21209999999996
1980-08-08,743.76440000000002
1980-08-11,720.66269999999997
1980-08-12,720.20249999999999
1980-08-13,727.10540000000003
1980-08-14,728.53200000000004
1980-08-15,729.86649999999997
1980-08-18,712.42520000000002
1980-08-19,727.6576
1980-08-20,733.13390000000004
1980-08-21,746.66359999999997
1980-08-22,745.05290000000002
1980-08-25,745.05290000000002
1980-08-26,740.91120000000001
1980-08-27,739.30050000000006
1980-08-28,743.67229999999995
1980-08-29,739.07039999999995
1980-09-02,744.86879999999996
1980-09-03,745.7432
1980-09-04,749.2867
1980-09-05,783.66309999999999
1980-09-08,832.94979999999998
1980-09-09,862.86239999999998
1980-09-10,907.40909999999997
1980-09-11,893.69539999999995
1980-09-12,996.31849999999997
1980-09-15,907.77729999999997
1980-09-16,910.26229999999998
1980-09-17,1000.9204
1980-09-18,963.18449999999996
1980-09-19,964.10490000000004
1980-09-22,1054.7629999999999
1980-09-23,1069.9494
1980-09-24,1083.2950000000001
1980-09-25,984.81359999999995
1980-09-26,1023.4699000000001
1980-09-29,980.67190000000005
1980-09-30,943.44219999999996
1980-10-01,1001.0124
1980-10-02,975.60979999999995
1980-10-03,916.24480000000005
1980-10-06,943.39620000000002
1980-10-07,959.50300000000004
1980-10-08,952.6001
1980-10-09,983.52509999999995
1980-10-10,988.03499999999997
1980-10-13,978.37090000000001
1980-10-14,951.08150000000001
1980-10-15,967.78650000000005
1980-10-16,966.40589999999997
1980-10-17,947.9982
1980-10-20,927.28949999999998
1980-10-21,906.12059999999997
1980-10-22,915.78459999999995
1980-10-23,874.36720000000003
1980-10-24,871.14589999999998
1980-10-27,869.76530000000002
1980-10-28,857.80029999999999
1980-10-29,880.11969999999997
1980-10-30,895.21400000000006
1980-10-31,868.61479999999995
1980-11-03,866.54390000000001
1980-11-05,924.98850000000004
1980-11-06,867.46429999999998
1980-11-07,805.33820000000003
1980-11-10,853.70460000000003
1980-11-11,809.9402
1980-11-12,834.33040000000005
1980-11-13,843.07410000000004
1980-11-14,853.15229999999997
1980-11-17,835.11270000000002
1980-11-18,846.98569999999995
1980-11-19,869.76530000000002
1980-11-20,887.89689999999996
1980-11-21,886.33230000000003
1980-11-24,874.59730000000002
1980-11-25,825.58669999999995
1980-11-26,854.53290000000004
1980-11-28,847.7681
1980-12-01,869.85730000000001
1980-12-02,856.87990000000002
1980-12-03,849.97699999999998
1980-12-04,856.97190000000001
1980-12-05,830.64890000000003
1980-12-08,802.07090000000005
1980-12-09,791.53240000000005
1980-12-10,741.60149999999999
1980-12-11,684.72159999999997
1980-12-12,658.07640000000004
1980-12-15,736.21720000000005
1980-12-16,664.97929999999997
1980-12-17,695.35199999999998
1980-12-18,717.90150000000006
1980-12-19,704.09569999999997
1980-12-22,732.16750000000002
1980-12-23,743.12009999999998
1980-12-24,759.31889999999999
1980-12-26,759.31889999999999
1980-12-29,745.88130000000001
1980-12-30,717.44129999999996
1980-12-31,713.29960000000005
1981-01-02,713.29960000000005
1981-01-05,727.10540000000003
1981-01-06,750.25310000000002
1981-01-07,727.10540000000003
1981-01-08,708.69770000000005
1981-01-09,719.28210000000001
1981-01-12,681.96040000000005
1981-01-13,688.5412
1981-01-14,690.28989999999999
1981-01-15,697.10080000000005
1981-01-16,685.68799999999999
1981-01-19,683.80119999999999
1981-01-20,688.90930000000003
1981-01-21,706.53470000000004
1981-01-22,688.44910000000004
1981-01-23,653.93470000000002
1981-01-26,616.65899999999999
1981-01-27,622.41139999999996
1981-01-28,620.11040000000003
1981-01-29,600.55219999999997
1981-01-30,605.15419999999995
1981-02-02,591.57849999999996
1981-02-03,573.86099999999999
1981-02-04,613.43759999999997
1981-02-05,607.54719999999998
1981-02-06,614.35799999999995
1981-02-09,639.66869999999994
1981-02-10,638.05799999999999
1981-02-11,614.26599999999996
1981-02-12,598.7115
1981-02-13,583.75519999999995
1981-02-17,612.10310000000004
1981-02-18,606.02850000000001
1981-02-19,597.79110000000003
1981-02-20,609.71010000000001
1981-02-23,598.25130000000001
1981-02-24,599.12559999999996
1981-02-25,598.25130000000001
1981-02-26,580.30370000000005
1981-02-27,576.62220000000002
1981-03-02,533.82420000000002
1981-03-03,532.44359999999995
1981-03-04,550.85140000000001
1981-03-05,518.17759999999998
1981-03-06,531.52319999999997
1981-03-09,543.16610000000003
1981-03-10,558.44449999999995
1981-03-11,540.72709999999995
1981-03-12,540.26689999999996
1981-03-13,558.81269999999995
1981-03-16,573.86099999999999
1981-03-17,571.56010000000003
1981-03-18,591.57849999999996
1981-03-19,597.33090000000004
1981-03-20,593.69539999999995
1981-03-23,612.60929999999996
1981-03-24,584.44550000000004
1981-03-25,601.93280000000004
1981-03-26,592.95899999999995
1981-03-27,605.15419999999995
1981-03-30,576.43809999999996
1981-03-31,567.41830000000004
1981-04-01,553.61249999999995
1981-04-02,561.43579999999997
1981-04-03,560.5154
1981-04-06,567.41830000000004
1981-04-07,550.39120000000003
1981-04-08,550.39120000000003
1981-04-09,534.5145
1981-04-10,524.62030000000004
1981-04-13,503.91160000000002
1981-04-14,519.09799999999996
1981-04-15,516.33690000000001
1981-04-16,511.2747
1981-04-20,511.2747
1981-04-21,512.19510000000002
1981-04-22,531.52319999999997
1981-04-23,522.31939999999997
1981-04-24,524.39020000000005
1981-04-27,516.84310000000005
1981-04-28,514.45010000000002
1981-04-29,507.63920000000002
1981-04-30,509.20389999999998
1981-05-01,512.19510000000002
1981-05-04,512.19510000000002
1981-05-05,500.69029999999998
1981-05-06,505.70639999999997
1981-05-07,502.07089999999999
1981-05-08,511.0446
1981-05-11,525.54070000000002
1981-05-12,510.81450000000001
1981-05-13,506.99489999999997
1981-05-14,500.1841
1981-05-15,501.8408
1981-05-18,503.68150000000003
1981-05-19,503.3134
1981-05-20,503.91160000000002
1981-05-21,498.48140000000001
1981-05-22,490.15190000000001
1981-05-26,475.60980000000001
1981-05-27,471.23790000000002
1981-05-28,486.01010000000002
1981-05-29,487.1146
1981-06-01,491.16430000000003
1981-06-02,482.2826
1981-06-03,483.15690000000001
1981-06-04,461.57389999999998
1981-06-05,459.91719999999998
1981-06-08,464.84120000000001
1981-06-09,471.69810000000001
1981-06-10,469.35109999999997
1981-06-11,467.09620000000001
1981-06-12,481.82240000000002
1981-06-15,485.0437
1981-06-16,467.09620000000001
1981-06-17,462.95440000000002
1981-06-18,459.0428
1981-06-19,456.05149999999998
1981-06-22,463.50670000000002
1981-06-23,471.32999999999998
1981-06-24,465.25540000000001
1981-06-25,455.63740000000001
1981-06-26,423.37779999999998
1981-06-29,395.12200000000001
1981-06-30,381.96039999999999
1981-07-01,388.86329999999998
1981-07-02,382.46660000000003
1981-07-06,377.3125
1981-07-07,389.92180000000002
1981-07-08,383.2029
1981-07-09,400.82830000000001
1981-07-10,410.49239999999998
1981-07-13,415.09429999999998
1981-07-14,399.44779999999997
1981-07-15,399.44779999999997
1981-07-16,413.4837
1981-07-17,408.65159999999997
1981-07-20,408.42149999999998
1981-07-21,393.09710000000001
1981-07-22,400.3682
1981-07-23,396.45650000000001
1981-07-24,389.32350000000002
1981-07-27,391.62450000000001
1981-07-28,384.03129999999999
1981-07-29,384.03129999999999
1981-07-30,387.1146
1981-07-31,391.62450000000001
1981-08-03,379.19929999999999
1981-08-04,380.11970000000002
1981-08-05,381.04000000000002
1981-08-06,387.52879999999999
1981-08-07,391.7165
1981-08-10,384.03129999999999
1981-08-11,393.5573
1981-08-12,413.25360000000001
1981-08-13,410.03219999999999
1981-08-14,428.43990000000002
1981-08-17,412.79340000000002
1981-08-18,433.73219999999998
1981-08-19,447.30790000000002
1981-08-20,436.21719999999999
1981-08-21,436.49329999999998
1981-08-24,436.72340000000003
1981-08-25,400.3682
1981-08-26,405.89049999999997
1981-08-27,408.88170000000002
1981-08-28,421.26089999999999
1981-08-31,421.26089999999999
1981-09-01,421.07690000000002
1981-09-02,432.4436
1981-09-03,441.41739999999999
1981-09-04,457.89229999999998
1981-09-08,461.48180000000002
1981-09-09,468.93700000000001
1981-09-10,502.66910000000001
1981-09-11,496.22640000000001
1981-09-14,517.39530000000002
1981-09-15,507.59320000000002
1981-09-16,501.8408
1981-09-17,508.5136
1981-09-18,462.95440000000002
1981-09-21,472.1123
1981-09-22,474.91950000000003
1981-09-23,468.10860000000002
1981-09-24,450.29910000000001
1981-09-25,439.02440000000001
1981-09-28,403.54349999999999
1981-09-29,415.09429999999998
1981-09-30,411.87299999999999
1981-10-01,428.90010000000001
1981-10-02,429.45240000000001
1981-10-05,434.65260000000001
1981-10-06,415.96870000000001
1981-10-07,427.05939999999998
1981-10-08,424.75839999999999
1981-10-09,436.81549999999999
1981-10-12,436.40129999999999
1981-10-13,428.0718
1981-10-14,429.1302
1981-10-15,445.97329999999999
1981-10-16,437.2296
1981-10-19,430.87900000000002
1981-10-20,424.75839999999999
1981-10-21,418.54579999999999
1981-10-22,418.31569999999999
1981-10-23,417.85550000000001
1981-10-26,411.87299999999999
1981-10-27,411.09070000000003
1981-10-28,421.12290000000002
1981-10-29,410.99860000000001
1981-10-30,419.69630000000001
1981-11-02,421.90519999999998
1981-11-03,414.5881
1981-11-04,420.98480000000001
1981-11-05,417.34930000000003
1981-11-06,416.29079999999999
1981-11-09,419.28210000000001
1981-11-10,409.11180000000002
1981-11-11,396.91669999999999
1981-11-12,394.75380000000001
1981-11-13,398.98759999999999
1981-11-16,381.50020000000001
1981-11-17,369.99540000000002
1981-11-18,375.97789999999998
1981-11-19,377.17439999999999
1981-11-20,376.89830000000001
1981-11-23,369.53519999999997
1981-11-24,373.12470000000002
1981-11-25,375.97789999999998
1981-11-27,378.83109999999999
1981-11-30,380.39580000000001
1981-12-01,371.28390000000002
1981-12-02,372.29640000000001
1981-12-03,390.56599999999997
1981-12-04,402.66910000000001
1981-12-07,399.53980000000001
1981-12-08,404.04969999999997
1981-12-09,397.37689999999998
1981-12-10,390.2439
1981-12-11,391.3023
1981-12-14,400.3682
1981-12-15,392.0847
1981-12-16,400.27609999999999
1981-12-17,406.12060000000002
1981-12-18,403.58949999999999
1981-12-21,397.60700000000003
1981-12-22,383.70920000000001
1981-12-23,381.96039999999999
1981-12-24,381.63830000000002
1981-12-28,381.63830000000002
1981-12-29,370.4556
1981-12-30,370.54759999999999
1981-12-31,375.24160000000001
1982-01-04,371.00779999999997
1982-01-05,375.2876
1982-01-06,380.21170000000001
1982-01-07,372.98669999999998
1982-01-08,378.27890000000002
1982-01-11,368.38470000000001
1982-01-12,372.06630000000001
1982-01-13,364.51909999999998
1982-01-14,355.26920000000001
1982-01-15,364.56509999999997
1982-01-18,358.49059999999997
1982-01-19,363.59870000000001
1982-01-20,359.68709999999999
1982-01-21,361.61989999999997
1982-01-22,364.24299999999999
1982-01-25,355.63740000000001
1982-01-26,358.53660000000002
1982-01-27,369.99540000000002
1982-01-28,368.983
1982-01-29,381.04000000000002
1982-02-01,373.67689999999999
1982-02-02,370.4556
1982-02-03,375.42570000000001
1982-02-04,387.02249999999998
1982-02-05,391.9006
1982-02-08,390.2439
1982-02-09,385.642
1982-02-10,398.5274
1982-02-11,393.92540000000002
1982-02-12,391.99259999999998
1982-02-16,394.24759999999998
1982-02-17,388.40309999999999
1982-02-18,379.79750000000001
1982-02-19,381.50020000000001
1982-02-22,371.9742
1982-02-23,360.79149999999998
1982-02-24,366.31389999999999
1982-02-25,369.67329999999998
1982-02-26,360.79149999999998
1982-03-01,356.23559999999998
1982-03-02,364.79520000000002
1982-03-03,358.03039999999999
1982-03-04,346.43349999999998
1982-03-05,346.43349999999998
1982-03-08,337.78190000000001
1982-03-09,322.36540000000002
1982-03-10,331.5693
1982-03-11,331.10910000000001
1982-03-12,323.97609999999997
1982-03-15,320.29450000000003
1982-03-16,329.03820000000002
1982-03-17,325.77080000000001
1982-03-18,328.11779999999999
1982-03-19,322.13529999999997
1982-03-22,325.1266
1982-03-23,331.84539999999998
1982-03-24,335.25080000000003
1982-03-25,324.8965
1982-03-26,324.85039999999998
1982-03-29,322.59550000000002
1982-03-30,325.95490000000001
1982-03-31,324.8965
1982-04-01,327.19740000000002
1982-04-02,327.19740000000002
1982-04-05,335.02069999999998
1982-04-06,339.43860000000001
1982-04-07,343.99450000000002
1982-04-08,341.00319999999999
1982-04-12,341.00319999999999
1982-04-13,340.08280000000002
1982-04-14,350.11500000000001
1982-04-15,344.4547
1982-04-16,345.83530000000002
1982-04-19,343.99450000000002
1982-04-20,330.92500000000001
1982-04-21,331.43119999999999
1982-04-22,330.41879999999998
1982-04-23,331.5693
1982-04-26,340.12889999999999
1982-04-27,329.9126
1982-04-28,331.89139999999998
1982-04-29,322.82560000000001
1982-04-30,324.8965
1982-05-03,324.8965
1982-05-04,317.44130000000001
1982-05-05,313.85180000000003
1982-05-06,312.9314
1982-05-07,315.69260000000003
1982-05-10,308.19139999999999
1982-05-11,307.22500000000002
1982-05-12,307.86930000000001
1982-05-13,306.02850000000001
1982-05-14,306.02850000000001
1982-05-17,311.09070000000003
1982-05-18,308.00740000000002
1982-05-19,311.09070000000003
1982-05-20,308.78969999999998
1982-05-21,308.3295
1982-05-24,302.25490000000002
1982-05-25,298.48140000000001
1982-05-26,303.63549999999998
1982-05-27,294.29360000000003
1982-05-28,292.49880000000002
1982-06-01,280.53379999999999
1982-06-02,274.73540000000003
1982-06-03,279.10719999999998
1982-06-04,272.61849999999998
1982-06-07,272.43439999999998
1982-06-08,280.02760000000001
1982-06-09,272.3424
1982-06-10,270.6857
1982-06-11,273.67689999999999
1982-06-14,267.60239999999999
1982-06-15,253.56649999999999
1982-06-16,250.5752
1982-06-17,244.73079999999999
1982-06-18,236.5393
1982-06-21,225.54069999999999
1982-06-22,230.37280000000001
1982-06-23,232.16749999999999
1982-06-24,240.45099999999999
1982-06-25,235.75700000000001
1982-06-28,234.6986
1982-06-29,246.6636
1982-06-30,263.69080000000002
1982-07-01,262.86239999999998
1982-07-02,270.36360000000002
1982-07-06,269.67329999999998
1982-07-07,254.53290000000001
1982-07-08,263.92079999999999
1982-07-09,287.02249999999998
1982-07-12,290.1979
1982-07-13,287.16059999999999
1982-07-14,304.64800000000002
1982-07-15,298.29730000000001
1982-07-16,293.83339999999998
1982-07-19,301.51859999999999
1982-07-20,295.214
1982-07-21,324.3442
1982-07-22,320.52460000000002
1982-07-23,328.80810000000002
1982-07-26,327.6576
1982-07-27,331.79939999999999
1982-07-28,321.67509999999999
1982-07-29,308.3295
1982-07-30,305.33819999999997
1982-08-02,316.98110000000003
1982-08-03,326.04689999999999
1982-08-04,313.39159999999998
1982-08-05,319.14400000000001
1982-08-06,313.85180000000003
1982-08-09,302.57709999999997
1982-08-10,298.57339999999999
1982-08-11,287.16059999999999
1982-08-12,287.48270000000002
1982-08-13,293.69540000000001
1982-08-16,289.00139999999999
1982-08-17,291.8546
1982-08-18,320.29450000000003
1982-08-19,320.38659999999999
1982-08-20,342.93599999999998
1982-08-23,361.25170000000003
1982-08-24,375.19560000000001
1982-08-25,361.61989999999997
1982-08-26,371.37599999999998
1982-08-27,379.65949999999998
1982-08-30,379.65949999999998
1982-08-31,355.7294
1982-09-01,353.8886
1982-09-02,356.18959999999998
1982-09-03,404.9701
1982-09-07,435.02069999999998
1982-09-08,408.65159999999997
1982-09-09,429.3143
1982-09-10,402.76119999999997
1982-09-13,404.04969999999997
1982-09-14,412.01100000000002
1982-09-15,408.5136
1982-09-16,421.53699999999998
1982-09-17,413.25360000000001
1982-09-20,399.44779999999997
1982-09-21,400.96640000000002
1982-09-22,418.82190000000003
1982-09-23,409.11180000000002
1982-09-24,410.07819999999998
1982-09-27,390.47399999999999
1982-09-28,380.2577
1982-09-29,388.40309999999999
1982-09-30,377.03640000000001
1982-10-01,378.83109999999999
1982-10-04,374.04509999999999
1982-10-05,367.00409999999999
1982-10-06,378.46300000000002
1982-10-07,389.69170000000003
1982-10-08,409.8021
1982-10-11,418.77589999999998
1982-10-12,434.42250000000001
1982-10-13,430.971
1982-10-14,451.08150000000001
1982-10-15,447.7681
1982-10-18,440.9572
1982-10-19,471.23790000000002
1982-10-20,456.28160000000003
1982-10-21,481.50020000000001
1982-10-22,472.1583
1982-10-25,463.50670000000002
1982-10-26,457.89229999999998
1982-10-27,455.59129999999999
1982-10-28,449.14859999999999
1982-10-29,454.21080000000001
1982-11-01,468.47680000000003
1982-11-02,476.30000000000001
1982-11-03,480.90199999999999
1982-11-04,486.8845
1982-11-05,486.97649999999999
1982-11-08,470.54759999999999
1982-11-09,466.72800000000001
1982-11-10,468.24669999999998
1982-11-11,449.14859999999999
1982-11-12,431.2011
1982-11-15,430.32670000000002
1982-11-16,436.26319999999998
1982-11-17,447.7681
1982-11-18,441.23329999999999
1982-11-19,452.37
1982-11-22,443.16609999999997
1982-11-23,427.97980000000001
1982-11-24,414.81819999999999
1982-11-26,424.1601
1982-11-29,438.65620000000001
1982-11-30,439.02440000000001
1982-12-01,466.63600000000002
1982-12-02,466.22179999999997
1982-12-03,479.75150000000002
1982-12-06,476.99029999999999
1982-12-07,508.97379999999998
1982-12-08,496.18040000000002
1982-12-09,480.99400000000003
1982-12-10,480.21170000000001
1982-12-13,473.9991
1982-12-14,498.02120000000002
1982-12-15,474.82740000000001
1982-12-16,483.2029
1982-12-17,473.9991
1982-12-20,477.49650000000003
1982-12-21,482.74279999999999
1982-12-22,492.86700000000002
1982-12-23,489.09339999999997
1982-12-27,489.09339999999997
1982-12-28,489.09339999999997
1982-12-29,511.2747
1982-12-30,508.74369999999999
1982-12-31,500.23009999999999
1983-01-03,500.23009999999999
1983-01-04,509.20389999999998
1983-01-05,510.76850000000002
1983-01-06,519.60419999999999
1983-01-07,516.7971
1983-01-10,553.15229999999997
1983-01-11,562.44820000000004
1983-01-12,556.60379999999998
1983-01-13,572.25030000000004
1983-01-14,566.03769999999997
1983-01-17,597.00869999999998
1983-01-18,583.98530000000005
1983-01-19,603.22140000000002
1983-01-20,588.95540000000005
1983-01-21,590.428
1983-01-24,561.43579999999997
1983-01-25,587.80489999999998
1983-01-26,597.79110000000003
1983-01-27,606.16660000000002
1983-01-28,614.35799999999995
1983-01-31,635.98710000000005
1983-02-01,658.16840000000002
1983-02-02,631.15509999999995
1983-02-03,660.83759999999995
1983-02-04,651.26549999999997
1983-02-07,630.00459999999998
1983-02-08,648.87249999999995
1983-02-09,636.44730000000004
1983-02-10,639.66869999999994
1983-02-11,656.32770000000005
1983-02-14,652.18589999999995
1983-02-15,675.01149999999996
1983-02-16,671.9742
1983-02-17,674.78139999999996
1983-02-18,664.97929999999997
1983-02-22,663.00049999999999
1983-02-23,612.28719999999998
1983-02-24,622.87159999999994
1983-02-25,609.98620000000005
1983-02-28,538.42610000000002
1983-03-01,491.4864
1983-03-02,506.07459999999998
1983-03-03,503.54349999999999
1983-03-04,487.62079999999997
1983-03-07,482.19049999999999
1983-03-08,487.71280000000002
1983-03-09,487.80489999999998
1983-03-10,505.29219999999998
1983-03-11,500.23009999999999
1983-03-14,503.58949999999999
1983-03-15,517.7174
1983-03-16,498.38929999999999
1983-03-17,489.73770000000002
1983-03-18,488.49520000000001
1983-03-21,471.23790000000002
1983-03-22,487.80489999999998
1983-03-23,471.00779999999997
1983-03-24,486.65440000000001
1983-03-25,478.14080000000001
1983-03-28,474.55130000000003
1983-03-29,477.45049999999998
1983-03-30,490.1979
1983-03-31,483.2029
1983-04-04,483.2029
1983-04-05,505.06209999999999
1983-04-06,514.49609999999996
1983-04-07,512.74739999999997
1983-04-08,507.13299999999998
1983-04-11,511.32080000000002
1983-04-12,522.31939999999997
1983-04-13,516.38289999999995
1983-04-14,535.5729
1983-04-15,540.63509999999997
1983-04-18,565.80759999999998
1983-04-19,564.38099999999997
1983-04-20,548.09019999999998
1983-04-21,571.65210000000002
1983-04-22,553.10630000000003
1983-04-25,564.74919999999997
1983-04-26,561.34379999999999
1983-04-27,566.49789999999996
1983-04-28,543.25819999999999
1983-04-29,550.25310000000002
1983-05-02,550.25310000000002
1983-05-03,557.61620000000005
1983-05-04,568.24670000000003
1983-05-05,572.57249999999999
1983-05-06,570.73170000000005
1983-05-09,580.30370000000005
1983-05-10,592.86699999999996
1983-05-11,605.84450000000004
1983-05-12,593.64930000000004
1983-05-13,593.64930000000004
1983-05-16,596.6866
1983-05-17,596.59460000000001
1983-05-18,614.81820000000005
1983-05-19,617.11919999999998
1983-05-20,611.59690000000001
1983-05-23,585.77999999999997
1983-05-24,609.29589999999996
1983-05-25,610.90660000000003
1983-05-26,614.45010000000002
1983-05-27,608.60559999999998
1983-05-31,623.33180000000004
1983-06-01,586.5163
1983-06-02,563.73680000000002
1983-06-03,561.20569999999998
1983-06-06,539.57659999999998
1983-06-07,510.35430000000002
1983-06-08,510.81450000000001
1983-06-09,517.7174
1983-06-10,539.94479999999999
1983-06-13,539.71469999999999
1983-06-14,538.97839999999997
1983-06-15,524.52829999999994
1983-06-16,531.52319999999997
1983-06-17,539.34649999999999
1983-06-20,531.98339999999996
1983-06-21,540.26689999999996
1983-06-22,559.45699999999999
1983-06-23,556.83389999999997
1983-06-24,566.26779999999997
1983-06-27,564.28899999999999
1983-06-28,533.27200000000005
1983-06-29,535.20479999999998
1983-06-30,533.73220000000003
1983-07-01,532.21349999999995
1983-07-05,528.30190000000005
1983-07-06,525.54070000000002
1983-07-07,534.28440000000001
1983-07-08,553.75059999999996
1983-07-11,555.9135
1983-07-12,569.81129999999996
1983-07-13,559.13480000000004
1983-07-14,560.97559999999999
1983-07-15,550.75930000000005
1983-07-18,549.93100000000004
1983-07-19,558.35249999999996
1983-07-20,564.10490000000004
1983-07-21,577.40449999999998
1983-07-22,565.1173
1983-07-25,557.06399999999996
1983-07-26,572.06629999999996
1983-07-27,568.7989
1983-07-28,568.33870000000002
1983-07-29,558.90470000000005
1983-08-01,543.25819999999999
1983-08-02,546.24940000000004
1983-08-03,545.09889999999996
1983-08-04,549.01059999999995
1983-08-05,533.13390000000004
1983-08-08,532.67370000000005
1983-08-09,534.8827
1983-08-10,528.30190000000005
1983-08-11,535.20479999999998
1983-08-12,539.53060000000005
1983-08-15,552.46199999999999
1983-08-16,571.56010000000003
1983-08-17,574.32119999999998
1983-08-18,572.80259999999998
1983-08-19,562.44820000000004
1983-08-22,569.71929999999998
1983-08-23,587.52880000000005
1983-08-24,576.39210000000003
1983-08-25,575.56370000000004
1983-08-26,561.89599999999996
1983-08-29,561.89599999999996
1983-08-30,564.56510000000003
1983-08-31,551.77170000000001
1983-09-01,559.59500000000003
1983-09-02,560.97559999999999
1983-09-06,569.71929999999998
1983-09-07,559.04280000000006
1983-09-08,560.28530000000001
1983-09-09,563.50670000000002
1983-09-12,564.65719999999999
1983-09-13,545.32899999999995
1983-09-14,540.49699999999996
1983-09-15,535.20479999999998
1983-09-16,537.59780000000001
1983-09-19,549.51679999999999
1983-09-20,546.47950000000003
1983-09-21,546.57159999999999
1983-09-22,542.33780000000002
1983-09-23,549.47080000000005
1983-09-26,555.68340000000001
1983-09-27,546.47950000000003
1983-09-28,547.86009999999999
1983-09-29,538.97839999999997
1983-09-30,517.25720000000001
1983-10-03,478.601
1983-10-04,479.61340000000001
1983-10-05,448.22829999999999
1983-10-06,476.30000000000001
1983-10-07,475.0575
1983-10-10,480.16570000000002
1983-10-11,486.05610000000001
1983-10-12,469.48919999999998
1983-10-13,471.83620000000002
1983-10-14,480.0736
1983-10-17,478.601
1983-10-18,465.4855
1983-10-19,455.59129999999999
1983-10-20,437.6438
1983-10-21,438.42610000000002
1983-10-24,442.70589999999999
1983-10-25,440.86520000000002
1983-10-26,436.3553
1983-10-27,395.214
1983-10-28,414.26600000000002
1983-10-31,402.20890000000003
1983-11-01,385.18180000000001
1983-11-02,403.1293
1983-11-03,400.13810000000001
1983-11-04,409.8021
1983-11-07,405.89049999999997
1983-11-08,415.69260000000003
1983-11-09,411.6429
1983-11-10,414.63409999999999
1983-11-11,410.26229999999998
1983-11-14,412.10309999999998
1983-11-15,417.07319999999999
1983-11-16,416.0147
1983-11-17,395.07589999999999
1983-11-18,396.22640000000001
1983-11-21,386.10219999999998
1983-11-22,396.31849999999997
1983-11-23,393.5573
1983-11-25,393.69540000000001
1983-11-28,400.82830000000001
1983-11-29,415.09429999999998
1983-11-30,451.44959999999998
1983-12-01,440.86520000000002
1983-12-02,447.86009999999999
1983-12-05,444.91489999999999
1983-12-06,437.27569999999997
1983-12-07,440.22089999999997
1983-12-08,451.49560000000002
1983-12-09,425.67880000000002
1983-12-12,435.803
1983-12-13,431.66129999999998
1983-12-14,429.4984
1983-12-15,427.05939999999998
1983-12-16,407.17899999999997
1983-12-19,397.74509999999998
1983-12-20,397.83710000000002
1983-12-21,404.27980000000002
1983-12-22,402.34699999999998
1983-12-23,406.58080000000001
1983-12-27,406.58080000000001
1983-12-28,404.6019
1983-12-29,405.2002
1983-12-30,410.03219999999999
1984-01-03,412.33319999999998
1984-01-04,390.2439
1984-01-05,388.21910000000003
1984-01-06,387.16059999999999
1984-01-09,363.55270000000002
1984-01-10,373.21679999999998
1984-01-11,369.07499999999999
1984-01-12,366.774
1984-01-13,372.29640000000001
1984-01-16,370.77769999999998
1984-01-17,368.93700000000001
1984-01-18,368.75290000000001
1984-01-19,379.38330000000002
1984-01-20,381.7303
1984-01-23,380.02760000000001
1984-01-24,367.09620000000001
1984-01-25,371.79020000000003
1984-01-26,374.22919999999999
1984-01-27,373.90699999999998
1984-01-30,381.27010000000001
1984-01-31,387.94290000000001
1984-02-01,400.46019999999999
1984-02-02,406.35070000000002
1984-02-03,408.19139999999999
1984-02-06,401.8408
1984-02-07,397.37689999999998
1984-02-08,415.69260000000003
1984-02-09,416.47489999999999
1984-02-10,401.8408
1984-02-13,400.46019999999999
1984-02-14,397.83710000000002
1984-02-15,414.49610000000001
1984-02-16,421.2149
1984-02-17,416.0147
1984-02-21,426.13900000000001
1984-02-22,433.59410000000003
1984-02-23,448.6884
1984-02-24,442.88999999999999
1984-02-27,438.33409999999998
1984-02-28,453.98070000000001
1984-02-29,443.62630000000001
1984-03-01,442.93599999999998
1984-03-02,444.86880000000002
1984-03-05,465.25540000000001
1984-03-06,461.80399999999997
1984-03-07,457.11000000000001
1984-03-08,444.54669999999999
1984-03-09,454.30279999999999
1984-03-12,446.01929999999999
1984-03-13,448.64240000000001
1984-03-14,454.30279999999999
1984-03-15,433.41000000000003
1984-03-16,433.82420000000002
1984-03-19,435.34280000000001
1984-03-20,438.74829999999997
1984-03-21,439.71469999999999
1984-03-22,438.33409999999998
1984-03-23,432.12150000000003
1984-03-26,432.35160000000002
1984-03-27,437.04559999999998
1984-03-28,433.50209999999998
1984-03-29,451.21949999999998
1984-03-30,444.0865
1984-04-02,448.32029999999997
1984-04-03,430.51080000000002
1984-04-04,430.74090000000001
1984-04-05,431.2011
1984-04-06,419.00599999999997
1984-04-09,422.91759999999999
1984-04-10,421.62909999999999
1984-04-11,427.61160000000001
1984-04-12,425.21859999999998
1984-04-13,420.15649999999999
1984-04-16,420.84679999999997
1984-04-17,422.22730000000001
1984-04-18,423.69999999999999
1984-04-19,429.1302
1984-04-23,429.1302
1984-04-24,430.18869999999998
1984-04-25,425.44869999999997
1984-04-26,424.29820000000001
1984-04-27,418.40769999999998
1984-04-30,412.42520000000002
1984-05-01,410.86059999999998
1984-05-02,412.33319999999998
1984-05-03,416.56700000000001
1984-05-04,416.38290000000001
1984-05-07,416.38290000000001
1984-05-08,395.07589999999999
1984-05-09,398.06720000000001
1984-05-10,395.99630000000002
1984-05-11,402.66910000000001
1984-05-14,406.35070000000002
1984-05-15,406.58080000000001
1984-05-16,411.4128
1984-05-17,416.93509999999998
1984-05-18,409.34190000000001
1984-05-21,421.16890000000001
1984-05-22,418.22370000000001
1984-05-23,419.00599999999997
1984-05-24,410.49239999999998
1984-05-25,421.53699999999998
1984-05-29,423.4699
1984-05-30,421.53699999999998
1984-05-31,419.69630000000001
1984-06-01,430.87900000000002
1984-06-04,431.43119999999999
1984-06-05,430.14269999999999
1984-06-06,428.0718
1984-06-07,424.5283
1984-06-08,419.7423
1984-06-11,414.5421
1984-06-12,399.12560000000002
1984-06-13,400.59829999999999
1984-06-14,400.13810000000001
1984-06-15,398.06720000000001
1984-06-18,388.40309999999999
1984-06-19,394.15550000000002
1984-06-20,394.29360000000003
1984-06-21,390.2439
1984-06-22,397.92910000000001
1984-06-25,392.17669999999998
1984-06-26,384.95170000000002
1984-06-27,384.49149999999997
1984-06-28,384.72160000000002
1984-06-29,386.19420000000002
1984-07-02,381.7303
1984-07-03,377.81869999999998
1984-07-05,359.31889999999999
1984-07-06,349.74689999999998
1984-07-09,333.36399999999998
1984-07-10,346.98570000000001
1984-07-11,331.29309999999998
1984-07-12,334.19240000000002
1984-07-13,339.62259999999998
1984-07-16,349.51679999999999
1984-07-17,343.21210000000002
1984-07-18,341.92360000000002
1984-07-19,348.18220000000002
1984-07-20,340.08280000000002
1984-07-23,331.1551
1984-07-24,329.17630000000003
1984-07-25,331.24709999999999
1984-07-26,333.31799999999998
1984-07-27,321.44499999999999
1984-07-30,318.36169999999998
1984-07-31,327.19740000000002
1984-08-01,322.82560000000001
1984-08-02,338.012
1984-08-03,346.98570000000001
1984-08-06,354.34879999999998
1984-08-07,338.47219999999999
1984-08-08,346.89370000000002
1984-08-09,344.22460000000001
1984-08-10,362.86239999999998
1984-08-13,349.1026
1984-08-14,362.21809999999999
1984-08-15,364.51909999999998
1984-08-16,363.18450000000001
1984-08-17,361.29770000000002
1984-08-20,358.26049999999998
1984-08-21,344.36259999999999
1984-08-22,345.14499999999998
1984-08-23,352.04790000000003
1984-08-24,349.2867
1984-08-27,349.2867
1984-08-28,350.20710000000003
1984-08-29,350.20710000000003
1984-08-30,348.13619999999997
1984-08-31,342.6139
1984-09-04,331.75330000000002
1984-09-05,327.19740000000002
1984-09-06,330.32670000000002
1984-09-07,329.4984
1984-09-10,329.40640000000002
1984-09-11,330.87900000000002
1984-09-12,330.74090000000001
1984-09-13,326.04689999999999
1984-09-14,330.28070000000002
1984-09-17,326.78320000000002
1984-09-18,321.16890000000001
1984-09-19,327.8877
1984-09-20,327.6576
1984-09-21,328.67000000000002
1984-09-24,352.13990000000001
1984-09-25,346.29539999999997
1984-09-26,348.91849999999999
1984-09-27,342.38380000000001
1984-09-28,342.15370000000001
1984-10-01,342.9821
1984-10-02,345.46710000000002
1984-10-03,350.20710000000003
1984-10-04,348.82650000000001
1984-10-05,348.50439999999998
1984-10-08,335.02069999999998
1984-10-09,333.17989999999998
1984-10-10,326.96730000000002
1984-10-11,327.42750000000001
1984-10-12,327.93369999999999
1984-10-15,332.02949999999998
1984-10-16,334.37639999999999
1984-10-17,334.92869999999999
1984-10-18,329.26830000000001
1984-10-19,331.79939999999999
1984-10-22,330.55680000000001
1984-10-23,333.87020000000001
1984-10-24,337.09160000000003
1984-10-25,336.1712
1984-10-26,334.19240000000002
1984-10-29,331.5693
1984-10-30,331.10910000000001
1984-10-31,331.10910000000001
1984-11-01,330.23469999999998
1984-11-02,341.23329999999999
1984-11-05,345.32900000000001
1984-11-06,348.50439999999998
1984-11-07,361.25170000000003
1984-11-08,353.8886
1984-11-09,350.43720000000002
1984-11-12,352.96820000000002
1984-11-13,360.23930000000001
1984-11-14,352.37
1984-11-15,349.51679999999999
1984-11-16,350.11500000000001
1984-11-19,346.61759999999998
1984-11-20,344.22460000000001
1984-11-21,345.69720000000001
1984-11-23,346.20339999999999
1984-11-26,342.84399999999999
1984-11-27,339.39249999999998
1984-11-28,328.0258
1984-11-29,327.79570000000001
1984-11-30,324.48230000000001
1984-12-03,322.04329999999999
1984-12-04,325.26459999999997
1984-12-05,326.5532
1984-12-06,325.63279999999997
1984-12-07,321.53699999999998
1984-12-10,315.23239999999998
1984-12-11,314.45010000000002
1984-12-12,312.42520000000002
1984-12-13,313.85180000000003
1984-12-14,307.17899999999997
1984-12-17,302.11689999999999
1984-12-18,290.84219999999999
1984-12-19,293.97149999999999
1984-12-20,286.24020000000002
1984-12-21,294.98390000000001
1984-12-24,294.98390000000001
1984-12-26,294.98390000000001
1984-12-27,289.00139999999999
1984-12-28,293.83339999999998
1984-12-31,289.36950000000002
1985-01-02,287.62079999999997
1985-01-03,276.89830000000001
1985-01-04,280.11970000000002
1985-01-07,268.29270000000002
1985-01-08,279.56740000000002
1985-01-09,270.5016
1985-01-10,280.2577
1985-01-11,281.17809999999997
1985-01-14,276.30000000000001
1985-01-15,275.60980000000001
1985-01-16,276.80630000000002
1985-01-17,284.39940000000001
1985-01-18,288.03500000000003
1985-01-21,285.596
1985-01-22,287.62079999999997
1985-01-23,278.18680000000001
1985-01-24,275.6558
1985-01-25,273.6309
1985-01-28,273.6309
1985-01-29,287.1146
1985-01-30,283.80119999999999
1985-01-31,291.3023
1985-02-01,289.69170000000003
1985-02-04,282.5127
1985-02-05,282.78879999999998
1985-02-06,285.31979999999999
1985-02-07,283.06490000000002
1985-02-08,282.32859999999999
1985-02-11,279.79750000000001
1985-02-12,286.10219999999998
1985-02-13,285.596
1985-02-14,289.78370000000001
1985-02-15,290.84219999999999
1985-02-19,286.14819999999997
1985-02-20,286.7004
1985-02-21,283.7552
1985-02-22,276.11599999999999
1985-02-25,250.80529999999999
1985-02-26,256.78789999999998
1985-02-27,265.57749999999999
1985-02-28,263.00049999999999
1985-03-01,257.93830000000003
1985-03-04,259.54899999999998
1985-03-05,260.5154
1985-03-06,258.72070000000002
1985-03-07,261.38979999999998
1985-03-08,261.15969999999999
1985-03-11,259.68709999999999
1985-03-12,253.8426
1985-03-13,256.32769999999999
1985-03-14,260.3313
1985-03-15,259.31889999999999
1985-03-18,262.7704
1985-03-19,278.04880000000003
1985-03-20,297.28489999999999
1985-03-21,281.13209999999998
1985-03-22,294.06349999999998
1985-03-25,290.15190000000001
1985-03-26,288.31110000000001
1985-03-27,303.22140000000002
1985-03-28,302.11689999999999
1985-03-29,306.48869999999999
1985-04-01,300.04599999999999
1985-04-02,295.44409999999999
1985-04-03,298.98759999999999
1985-04-04,294.06349999999998
1985-04-08,294.06349999999998
1985-04-09,305.01609999999999
1985-04-10,305.33819999999997
1985-04-11,307.31709999999998
1985-04-12,306.71879999999999
1985-04-15,310.63049999999998
1985-04-16,305.33819999999997
1985-04-17,296.8707
1985-04-18,296.2724
1985-04-19,294.6157
1985-04-22,296.41050000000001
1985-04-23,292.49880000000002
1985-04-24,281.82240000000002
1985-04-25,284.62950000000001
1985-04-26,287.16059999999999
1985-04-29,287.25259999999997
1985-04-30,290.93419999999998
1985-05-01,283.01889999999997
1985-05-02,283.01889999999997
1985-05-03,283.47910000000002
1985-05-06,283.47910000000002
1985-05-07,282.78879999999998
1985-05-08,287.66680000000002
1985-05-09,292.22269999999997
1985-05-10,289.55360000000002
1985-05-13,292.45280000000002
1985-05-14,300.73630000000003
1985-05-15,298.7115
1985-05-16,298.43529999999998
1985-05-17,296.82470000000001
1985-05-20,301.79480000000001
1985-05-21,286.01010000000002
1985-05-22,285.31979999999999
1985-05-23,283.24900000000002
1985-05-24,282.88080000000002
1985-05-28,280.71789999999999
1985-05-29,276.16199999999998
1985-05-30,283.43299999999999
1985-05-31,280.02760000000001
1985-06-03,285.73399999999998
1985-06-04,281.08609999999999
1985-06-05,278.87709999999998
1985-06-06,281.59230000000002
1985-06-07,280.85599999999999
1985-06-10,279.98160000000001
1985-06-11,282.46660000000003
1985-06-12,282.69670000000002
1985-06-13,283.47910000000002
1985-06-14,287.02249999999998
1985-06-17,285.77999999999997
1985-06-18,290.10579999999999
1985-06-19,295.44409999999999
1985-06-20,289.41559999999998
1985-06-21,281.31619999999998
1985-06-24,281.13209999999998
1985-06-25,282.92680000000001
1985-06-26,281.63830000000002
1985-06-27,282.0985
1985-06-28,281.17809999999997
1985-07-01,280.48779999999999
1985-07-02,273.30880000000002
1985-07-03,270.96179999999998
1985-07-05,271.83620000000002
1985-07-08,272.94060000000002
1985-07-09,278.23289999999997
1985-07-10,278.18680000000001
1985-07-11,275.42570000000001
1985-07-12,277.95670000000001
1985-07-15,279.79750000000001
1985-07-16,280.71789999999999
1985-07-17,287.39069999999998
1985-07-18,285.68799999999999
1985-07-19,281.77629999999999
1985-07-22,281.86840000000001
1985-07-23,283.387
1985-07-24,280.34969999999998
1985-07-25,280.6259
1985-07-26,279.56740000000002
1985-07-29,286.8845
1985-07-30,287.85090000000002
1985-07-31,291.5324
1985-08-01,287.62079999999997
1985-08-02,282.0985
1985-08-05,284.49149999999997
1985-08-06,282.46660000000003
1985-08-07,281.17809999999997
1985-08-08,282.83479999999997
1985-08-09,281.86840000000001
1985-08-12,288.5412
1985-08-13,291.3023
1985-08-14,288.08100000000002
1985-08-15,290.0598
1985-08-16,292.13069999999999
1985-08-19,293.92540000000002
1985-08-20,288.08100000000002
1985-08-21,287.39069999999998
1985-08-22,289.92180000000002
1985-08-23,286.01010000000002
1985-08-26,286.01010000000002
1985-08-27,290.10579999999999
1985-08-28,294.43169999999998
1985-08-29,289.92180000000002
1985-08-30,287.48270000000002
1985-09-03,284.99770000000001
1985-09-04,280.6259
1985-09-05,279.79750000000001
1985-09-06,276.20800000000003
1985-09-09,278.87709999999998
1985-09-10,277.45049999999998
1985-09-11,278.18680000000001
1985-09-12,274.96550000000002
1985-09-13,278.55500000000001
1985-09-16,275.97789999999998
1985-09-17,276.43810000000002
1985-09-18,270.8698
1985-09-19,272.98669999999998
1985-09-20,276.11599999999999
1985-09-23,283.70920000000001
1985-09-24,284.07729999999998
1985-09-25,282.55869999999999
1985-09-26,283.34100000000001
1985-09-30,278.601
1985-10-01,276.11599999999999
1985-10-02,277.81869999999998
1985-10-03,280.11970000000002
1985-10-04,292.68290000000002
1985-10-07,287.62079999999997
1985-10-08,288.08100000000002
1985-10-09,289.13940000000002
1985-10-10,286.7004
1985-10-11,286.33229999999998
1985-10-14,286.33229999999998
1985-10-15,287.94290000000001
1985-10-16,286.47030000000001
1985-10-17,281.9144
1985-10-18,283.34100000000001
1985-10-21,283.66309999999999
1985-10-22,282.0985
1985-10-23,285.54989999999998
1985-10-24,284.03129999999999
1985-10-25,283.5711
1985-10-28,283.24900000000002
1985-10-29,284.1694
1985-10-30,282.32859999999999
1985-10-31,282.78879999999998
1985-11-01,279.24529999999999
1985-11-04,279.75150000000002
1985-11-05,279.38330000000002
1985-11-06,279.56740000000002
1985-11-07,278.87709999999998
1985-11-08,277.95670000000001
1985-11-11,279.70549999999997
1985-11-12,279.93560000000002
1985-11-13,281.86840000000001
1985-11-14,283.01889999999997
1985-11-15,281.40820000000002
1985-11-18,280.2577
1985-11-19,280.30369999999999
1985-11-20,284.12329999999997
1985-11-21,283.9393
1985-11-22,283.15690000000001
1985-11-25,287.62079999999997
1985-11-26,287.43669999999997
1985-11-27,285.91809999999998
1985-11-29,283.01889999999997
1985-12-02,280.80990000000003
1985-12-03,279.56740000000002
1985-12-04,279.79750000000001
1985-12-05,278.7851
1985-12-06,278.69310000000002
1985-12-09,275.42570000000001
1985-12-10,267.3723
1985-12-11,266.68200000000002
1985-12-12,265.76159999999999
1985-12-13,270.3175
1985-12-16,268.89089999999999
1985-12-17,271.65210000000002
1985-12-18,265.07130000000001
1985-12-19,267.83249999999998
1985-12-20,268.20060000000001
1985-12-23,269.58120000000002
1985-12-24,265.99169999999998
1985-12-26,265.99169999999998
1985-12-27,265.8997
1985-12-30,269.99540000000002
1985-12-31,266.91210000000001
1986-01-02,267.3723
1986-01-03,264.38099999999997
1986-01-06,266.45190000000002
1986-01-07,268.983
1986-01-08,271.28390000000002
1986-01-09,271.83620000000002
1986-01-10,281.17809999999997
1986-01-13,278.73910000000001
1986-01-14,276.43810000000002
1986-01-15,280.80990000000003
1986-01-16,290.38200000000001
1986-01-17,284.76760000000002
1986-01-20,280.48779999999999
1986-01-21,285.0437
1986-01-22,282.65069999999997
1986-01-23,281.17809999999997
1986-01-24,285.2278
1986-01-27,287.85090000000002
1986-01-28,282.55869999999999
1986-01-29,282.83479999999997
1986-01-30,283.9393
1986-01-31,280.85599999999999
1986-02-03,277.72660000000002
1986-02-04,269.44319999999999
1986-02-05,270.59359999999998
1986-02-06,271.51400000000001
1986-02-07,270.5016
1986-02-10,273.07870000000003
1986-02-11,269.39710000000002
1986-02-12,271.56009999999998
1986-02-13,269.44319999999999
1986-02-14,266.45190000000002
1986-02-18,270.17950000000002
1986-02-19,275.4717
1986-02-20,271.65210000000002
1986-02-21,270.59359999999998
1986-02-24,271.9742
1986-02-25,278.23289999999997
1986-02-26,270.8698
1986-02-27,261.85000000000002
1986-02-28,260.79149999999998
1986-03-03,260.00920000000002
1986-03-04,256.18959999999998
1986-03-05,262.21809999999999
1986-03-06,257.0179
1986-03-07,258.03039999999999
1986-03-10,255.3613
1986-03-11,258.16840000000002
1986-03-12,260.92959999999999
1986-03-13,266.40589999999997
1986-03-14,262.58629999999999
1986-03-17,260.42340000000002
1986-03-18,264.70319999999998
1986-03-19,261.89600000000002
1986-03-20,262.90839999999997
1986-03-21,264.28899999999999
1986-03-24,262.3562
1986-03-25,263.55270000000002
1986-03-26,256.32769999999999
1986-03-27,258.53660000000002
1986-03-31,258.53660000000002
1986-04-01,238.61019999999999
1986-04-02,234.79060000000001
1986-04-03,238.15000000000001
1986-04-04,235.0667
1986-04-07,241.3254
1986-04-08,245.28299999999999
1986-04-09,245.09889999999999
1986-04-10,244.86879999999999
1986-04-11,248.96459999999999
1986-04-14,252.0479
1986-04-15,247.12379999999999
1986-04-16,247.3999
1986-04-17,248.5044
1986-04-18,239.76070000000001
1986-04-21,237.50579999999999
1986-04-22,235.84909999999999
1986-04-23,235.66499999999999
1986-04-24,234.97470000000001
1986-04-25,233.41
1986-04-28,234.5145
1986-04-29,231.24709999999999
1986-04-30,235.0667
1986-05-01,235.15880000000001
1986-05-02,235.71100000000001
1986-05-05,235.71100000000001
1986-05-06,236.76939999999999
1986-05-07,237.50579999999999
1986-05-08,240.68109999999999
1986-05-09,239.8527
1986-05-12,240.26689999999999
1986-05-13,237.36770000000001
1986-05-14,233.9623
1986-05-15,232.8578
1986-05-16,232.94980000000001
1986-05-19,232.39760000000001
1986-05-20,223.33179999999999
1986-05-21,226.46109999999999
1986-05-22,226.82929999999999
1986-05-23,230.18870000000001
1986-05-27,234.3304
1986-05-28,235.38890000000001
1986-05-29,234.23840000000001
1986-05-30,239.53059999999999
1986-06-02,239.53059999999999
1986-06-03,235.803
1986-06-04,234.79060000000001
1986-06-05,236.86150000000001
1986-06-06,236.76939999999999
1986-06-09,236.81549999999999
1986-06-10,243.3502
1986-06-11,245.191
1986-06-12,249.6549
1986-06-13,243.81039999999999
1986-06-16,241.8776
1986-06-17,233.54810000000001
1986-06-18,234.28440000000001
1986-06-19,233.13390000000001
1986-06-20,234.65260000000001
1986-06-23,234.92869999999999
1986-06-24,232.71969999999999
1986-06-25,235.20480000000001
1986-06-26,233.54810000000001
1986-06-27,231.9374
1986-06-30,232.16749999999999
1986-07-01,234.46850000000001
1986-07-02,234.92869999999999
1986-07-03,233.13390000000001
1986-07-07,232.76580000000001
1986-07-08,234.8366
1986-07-09,235.15880000000001
1986-07-10,232.90379999999999
1986-07-11,232.99590000000001
1986-07-14,231.79939999999999
1986-07-15,231.47720000000001
1986-07-16,234.00829999999999
1986-07-17,231.5693
1986-07-18,231.61529999999999
1986-07-21,231.43119999999999
1986-07-22,231.24709999999999
1986-07-23,228.578
1986-07-24,230.32669999999999
1986-07-25,230.55680000000001
1986-07-28,230.8329
1986-07-29,230.69489999999999
1986-07-30,229.08420000000001
1986-07-31,232.16749999999999
1986-08-01,232.39760000000001
1986-08-04,236.40129999999999
1986-08-05,236.58539999999999
1986-08-06,238.51820000000001
1986-08-07,237.91990000000001
1986-08-08,239.25450000000001
1986-08-11,252.69210000000001
1986-08-12,249.6549
1986-08-13,250.11500000000001
1986-08-14,242.9821
1986-08-15,245.7432
1986-08-18,239.53059999999999
1986-08-19,233.7782
1986-08-20,237.04560000000001
1986-08-21,236.99950000000001
1986-08-22,241.8776
1986-08-25,241.8776
1986-08-26,235.75700000000001
1986-08-27,234.8366
1986-08-28,236.76939999999999
1986-08-29,237.91990000000001
1986-09-02,239.53059999999999
1986-09-03,248.96459999999999
1986-09-04,243.7184
1986-09-05,251.4956
1986-09-08,254.76300000000001
1986-09-09,260.92959999999999
1986-09-10,265.99169999999998
1986-09-11,260.00920000000002
1986-09-12,265.80759999999998
1986-09-15,266.91210000000001
1986-09-16,268.4307
1986-09-17,266.91210000000001
1986-09-18,264.97930000000002
1986-09-19,271.05380000000002
1986-09-22,277.49650000000003
1986-09-23,273.815
1986-09-24,273.72300000000001
1986-09-25,271.65210000000002
1986-09-26,265.07130000000001
1986-09-29,259.50299999999999
1986-09-30,254.02670000000001
1986-10-01,256.37369999999999
1986-10-02,255.86750000000001
1986-10-03,265.3014
1986-10-06,264.15089999999998
1986-10-07,263.69080000000002
1986-10-08,261.52780000000001
1986-10-09,263.23059999999998
1986-10-10,257.89229999999998
1986-10-13,260.14729999999997
1986-10-14,259.54899999999998
1986-10-15,256.78789999999998
1986-10-16,256.28160000000003
1986-10-17,253.3364
1986-10-20,255.40729999999999
1986-10-21,266.35989999999998
1986-10-22,267.78649999999999
1986-10-23,266.45190000000002
1986-10-24,258.6746
1986-10-27,259.2269
1986-10-28,260.37740000000002
1986-10-29,257.47809999999998
1986-10-30,257.5702
1986-10-31,258.03039999999999
1986-11-03,258.8587
1986-11-04,263.78280000000001
1986-11-05,263.92079999999999
1986-11-06,258.30650000000003
1986-11-07,262.63229999999999
1986-11-10,266.26780000000002
1986-11-11,264.05889999999999
1986-11-12,264.38099999999997
1986-11-13,265.99169999999998
1986-11-14,268.66079999999999
1986-11-17,260.3313
1986-11-18,256.32769999999999
1986-11-19,255.5453
1986-11-20,251.21950000000001
1986-11-21,250.5752
1986-11-24,242.0617
1986-11-25,241.37139999999999
1986-11-26,242.9821
1986-11-28,247.72200000000001
1986-12-01,252.87620000000001
1986-12-02,250.023
1986-12-03,244.50069999999999
1986-12-04,247.584
1986-12-05,246.20339999999999
1986-12-08,247.26179999999999
1986-12-09,246.24940000000001
1986-12-10,244.8228
1986-12-11,246.3415
1986-12-12,247.26179999999999
1986-12-15,250.62129999999999
1986-12-16,250.11500000000001
1986-12-17,247.12379999999999
1986-12-18,246.80170000000001
1986-12-19,247.35390000000001
1986-12-22,248.8725
1986-12-23,247.12379999999999
1986-12-24,243.9485
1986-12-26,243.9485
1986-12-29,244.73079999999999
1986-12-30,242.75200000000001
1986-12-31,243.07409999999999
1987-01-02,246.80170000000001
1987-01-05,247.0318
1987-01-06,248.5044
1987-01-07,246.6636
1987-01-08,249.2407
1987-01-09,247.9521
1987-01-12,253.47450000000001
1987-01-13,255.08510000000001
1987-01-14,256.74180000000001
1987-01-15,256.18959999999998
1987-01-16,255.95949999999999
1987-01-19,260.00920000000002
1987-01-20,257.61619999999999
1987-01-21,251.95580000000001
1987-01-22,254.9931
1987-01-23,253.79660000000001
1987-01-26,255.45330000000001
1987-01-27,258.8587
1987-01-28,263.69080000000002
1987-01-29,258.03039999999999
1987-01-30,255.40729999999999
1987-02-02,254.4409
1987-02-03,252.416
1987-02-04,253.24440000000001
1987-02-05,252.87620000000001
1987-02-06,256.05149999999998
1987-02-09,254.48689999999999
1987-02-10,254.94710000000001
1987-02-11,255.08510000000001
1987-02-12,253.61250000000001
1987-02-13,249.7929
1987-02-17,250.85140000000001
1987-02-18,248.04419999999999
1987-02-19,248.41229999999999
1987-02-20,250.3451
1987-02-23,252.09389999999999
1987-02-24,250.80529999999999
1987-02-25,253.24440000000001
1987-02-26,251.8638
1987-02-27,251.6337
1987-03-02,249.8389
1987-03-03,250.48320000000001
1987-03-04,251.95580000000001
1987-03-05,253.47450000000001
1987-03-06,254.6249
1987-03-09,255.40729999999999
1987-03-10,254.2568
1987-03-11,255.22319999999999
1987-03-12,256.0976
1987-03-13,260.46940000000001
1987-03-16,255.86750000000001
1987-03-17,257.34010000000001
1987-03-18,256.60379999999998
1987-03-19,256.0976
1987-03-20,255.63740000000001
1987-03-23,256.00549999999998
1987-03-24,262.86239999999998
1987-03-25,272.1123
1987-03-26,268.7989
1987-03-27,274.27519999999998
1987-03-30,286.65440000000001
1987-03-31,290.15190000000001
1987-04-01,287.89690000000002
1987-04-02,289.87569999999999
1987-04-03,292.36079999999998
1987-04-06,299.07960000000003
1987-04-07,310.40039999999999
1987-04-08,307.82330000000002
1987-04-09,306.16660000000002
1987-04-10,317.53339999999997
1987-04-13,317.07319999999999
1987-04-14,316.15280000000001
1987-04-15,333.27199999999999
1987-04-16,330.87900000000002
1987-04-20,330.87900000000002
1987-04-21,360.92959999999999
1987-04-22,360.83760000000001
1987-04-23,382.05250000000001
1987-04-24,420.52460000000002
1987-04-27,502.76119999999997
1987-04-28,388.63319999999999
1987-04-29,379.75150000000002
1987-04-30,373.90699999999998
1987-05-01,365.16340000000002
1987-05-04,365.16340000000002
1987-05-05,411.87299999999999
1987-05-06,377.03640000000001
1987-05-07,372.5265
1987-05-08,376.89830000000001
1987-05-11,381.7303
1987-05-12,399.90800000000002
1987-05-13,400.13810000000001
1987-05-14,398.06720000000001
1987-05-15,407.9153
1987-05-18,434.56049999999999
1987-05-19,417.85550000000001
1987-05-20,431.66129999999998
1987-05-21,413.02350000000001
1987-05-22,413.85180000000003
1987-05-26,369.39710000000002
1987-05-27,335.75700000000001
1987-05-28,344.4547
1987-05-29,353.6585
1987-06-01,337.73579999999998
1987-06-02,348.59640000000002
1987-06-03,353.01429999999999
1987-06-04,351.1275
1987-06-05,362.63229999999999
1987-06-08,361.71190000000001
1987-06-09,355.03910000000002
1987-06-10,364.93329999999997
1987-06-11,358.49059999999997
1987-06-12,363.92079999999999
1987-06-15,345.09890000000001
1987-06-16,352.92219999999998
1987-06-17,343.99450000000002
1987-06-18,344.6848
1987-06-19,345.23700000000002
1987-06-22,322.13529999999997
1987-06-23,311.09070000000003
1987-06-24,319.83429999999998
1987-06-25,314.358
1987-06-26,313.39159999999998
1987-06-29,319.97239999999999
1987-06-30,328.67000000000002
1987-07-01,335.94110000000001
1987-07-02,339.62259999999998
1987-07-06,331.47719999999998
1987-07-07,343.76440000000002
1987-07-08,338.70229999999998
1987-07-09,351.21949999999998
1987-07-10,352.27800000000002
1987-07-13,347.67599999999999
1987-07-14,354.16469999999998
1987-07-15,351.81779999999998
1987-07-16,358.39850000000001
1987-07-17,354.80900000000003
1987-07-20,346.3415
1987-07-21,352.96820000000002
1987-07-22,355.49930000000001
1987-07-23,356.41969999999998
1987-07-24,353.56650000000002
1987-07-27,353.61250000000001
1987-07-28,355.95949999999999
1987-07-29,369.35109999999997
1987-07-30,368.38470000000001
1987-07-31,382.88080000000002
1987-08-03,395.76620000000003
1987-08-04,401.74869999999999
1987-08-05,387.94290000000001
1987-08-06,381.63830000000002
1987-08-07,367.46429999999998
1987-08-10,355.9135
1987-08-11,359.64100000000002
1987-08-12,357.11000000000001
1987-08-13,361.71190000000001
1987-08-14,351.03539999999998
1987-08-17,346.52550000000002
1987-08-18,350.66730000000001
1987-08-19,352.55410000000001
1987-08-20,357.0179
1987-08-21,350.43720000000002
1987-08-24,350.43720000000002
1987-08-25,356.64980000000003
1987-08-26,354.34879999999998
1987-08-27,355.63740000000001
1987-08-28,347.30790000000002
1987-08-31,347.30790000000002
1987-09-01,342.84399999999999
1987-09-02,349.74689999999998
1987-09-03,352.50810000000001
1987-09-04,353.42840000000001
1987-09-08,351.67970000000003
1987-09-09,345.9273
1987-09-10,349.51679999999999
1987-09-11,359.91719999999998
1987-09-14,347.67599999999999
1987-09-15,354.80900000000003
1987-09-16,350.7133
1987-09-17,345.5591
1987-09-18,351.17349999999999
1987-09-21,338.70229999999998
1987-09-22,352.416
1987-09-23,347.07780000000002
1987-09-24,351.40359999999998
1987-09-25,348.36630000000002
1987-09-28,351.1275
1987-09-29,347.44589999999999
1987-09-30,351.72570000000002
1987-10-01,347.44589999999999
1987-10-02,346.70960000000002
1987-10-05,348.27429999999998
1987-10-06,350.66730000000001
1987-10-07,352.1859
1987-10-08,352.2319
1987-10-09,359.87110000000001
1987-10-12,360.42340000000002
1987-10-13,355.7294
1987-10-14,354.4409
1987-10-15,359.64100000000002
1987-10-16,359.64100000000002
1987-10-19,382.32859999999999
1987-10-20,360.56139999999999
1987-10-21,345.32900000000001
1987-10-22,345.23700000000002
1987-10-23,346.3415
1987-10-26,348.55040000000002
1987-10-27,338.24209999999999
1987-10-28,343.12009999999998
1987-10-29,328.57799999999997
1987-10-30,316.613
1987-11-02,322.13529999999997
1987-11-03,320.06439999999998
1987-11-04,310.1703
1987-11-05,289.23149999999998
1987-11-06,293.28120000000001
1987-11-09,306.53469999999999
1987-11-10,295.0299
1987-11-11,298.66539999999998
1987-11-12,305.61439999999999
1987-11-13,308.78969999999998
1987-11-16,301.79480000000001
1987-11-17,309.52600000000001
1987-11-18,306.6268
1987-11-19,305.79840000000002
1987-11-20,303.7276
1987-11-23,305.29219999999998
1987-11-24,318.59179999999998
1987-11-25,316.84309999999999
1987-11-27,322.31939999999997
1987-11-30,333.82420000000002
1987-12-01,321.67509999999999
1987-12-02,319.05200000000002
1987-12-03,320.06439999999998
1987-12-04,314.63409999999999
1987-12-07,305.10809999999998
1987-12-08,308.55959999999999
1987-12-09,311.09070000000003
1987-12-10,309.48000000000002
1987-12-11,322.59550000000002
1987-12-14,323.97609999999997
1987-12-15,317.99360000000001
1987-12-16,309.01979999999998
1987-12-17,311.59690000000001
1987-12-18,312.65530000000001
1987-12-21,311.68889999999999
1987-12-22,312.14909999999998
1987-12-23,311.13670000000002
1987-12-24,309.71010000000001
1987-12-28,309.71010000000001
1987-12-29,313.39159999999998
1987-12-30,308.3295
1987-12-31,308.42149999999998
1988-01-04,305.33819999999997
1988-01-05,299.12560000000002
1988-01-06,310.63049999999998
1988-01-07,322.04329999999999
1988-01-08,315.23239999999998
1988-01-11,321.67509999999999
1988-01-12,315.55450000000002
1988-01-13,311.2747
1988-01-14,312.24110000000002
1988-01-15,313.89780000000002
1988-01-18,308.3295
1988-01-19,308.37549999999999
1988-01-20,309.71010000000001
1988-01-21,307.08699999999999
1988-01-22,308.65159999999997
1988-01-25,310.72250000000003
1988-01-26,304.786
1988-01-27,304.37180000000001
1988-01-28,305.33819999999997
1988-01-29,301.42660000000001
1988-02-01,300.73630000000003
1988-02-02,304.41789999999997
1988-02-03,294.7998
1988-02-04,291.94659999999999
1988-02-05,293.97149999999999
1988-02-08,291.07229999999998
1988-02-09,289.59960000000001
1988-02-10,290.98020000000002
1988-02-11,288.5412
1988-02-12,289.13940000000002
1988-02-16,292.22269999999997
1988-02-17,292.68290000000002
1988-02-18,296.08839999999998
1988-02-19,292.2688
1988-02-22,293.83339999999998
1988-02-23,293.3732
1988-02-24,287.34469999999999
1988-02-25,285.36590000000001
1988-02-26,285.54989999999998
1988-02-29,282.46660000000003
1988-03-01,285.68799999999999
1988-03-02,287.20659999999998
1988-03-03,285.31979999999999
1988-03-04,288.40309999999999
1988-03-07,292.68290000000002
1988-03-08,293.5573
1988-03-09,289.59960000000001
1988-03-10,293.97149999999999
1988-03-11,291.3023
1988-03-14,286.7004
1988-03-15,288.44909999999999
1988-03-16,293.09710000000001
1988-03-17,290.33589999999998
1988-03-18,290.79610000000002
1988-03-21,292.82100000000003
1988-03-22,296.04230000000001
1988-03-23,298.02120000000002
1988-03-24,306.94889999999998
1988-03-25,304.55590000000001
1988-03-28,306.02850000000001
1988-03-29,305.52229999999997
1988-03-30,307.86930000000001
1988-03-31,310.72250000000003
1988-04-04,310.72250000000003
1988-04-05,309.71010000000001
1988-04-06,303.86559999999997
1988-04-07,297.28489999999999
1988-04-08,295.214
1988-04-11,294.75380000000001
1988-04-12,296.36450000000002
1988-04-13,293.28120000000001
1988-04-14,292.49880000000002
1988-04-15,297.28489999999999
1988-04-18,298.89550000000003
1988-04-19,295.44409999999999
1988-04-20,297.83710000000002
1988-04-21,295.85829999999999
1988-04-22,295.07589999999999
1988-04-25,294.98390000000001
1988-04-26,293.7414
1988-04-27,293.1431
1988-04-28,298.89550000000003
1988-04-29,297.42290000000003
1988-05-02,297.42290000000003
1988-05-03,292.59089999999998
1988-05-04,290.75009999999997
1988-05-05,292.36079999999998
1988-05-06,292.91300000000001
1988-05-09,293.3732
1988-05-10,296.82470000000001
1988-05-11,301.10449999999997
1988-05-12,300.50619999999998
1988-05-13,301.42660000000001
1988-05-16,306.71879999999999
1988-05-17,303.03730000000002
1988-05-18,301.88679999999999
1988-05-19,309.48000000000002
1988-05-20,304.64800000000002
1988-05-23,311.09070000000003
1988-05-24,308.05340000000001
1988-05-25,305.56830000000002
1988-05-26,302.34699999999998
1988-05-27,303.03730000000002
1988-05-31,303.7276
1988-06-01,308.74369999999999
1988-06-02,311.09070000000003
1988-06-03,332.2595
1988-06-06,332.8578
1988-06-07,335.02069999999998
1988-06-08,330.92500000000001
1988-06-09,321.35300000000001
1988-06-10,328.11779999999999
1988-06-13,321.2149
1988-06-14,321.2149
1988-06-15,323.42380000000003
1988-06-16,329.5444
1988-06-17,327.38150000000002
1988-06-20,332.4896
1988-06-21,330.64890000000003
1988-06-22,326.69119999999998
1988-06-23,321.85919999999999
1988-06-24,318.17759999999998
1988-06-27,314.91030000000001
1988-06-28,320.43259999999998
1988-06-29,308.74369999999999
1988-06-30,306.02850000000001
1988-07-01,307.68520000000001
1988-07-05,309.48000000000002
1988-07-06,311.78089999999997
1988-07-07,319.60419999999999
1988-07-08,319.65030000000002
1988-07-11,326.50709999999998
1988-07-12,317.07319999999999
1988-07-13,320.75470000000001
1988-07-14,333.27199999999999
1988-07-15,336.99950000000001
1988-07-18,333.17989999999998
1988-07-19,329.08420000000001
1988-07-20,359.96319999999997
1988-07-21,357.11000000000001
1988-07-22,354.71699999999998
1988-07-25,348.8725
1988-07-26,321.53699999999998
1988-07-27,318.82190000000003
1988-07-28,311.91899999999998
1988-07-29,312.9314
1988-08-01,315.8306
1988-08-02,313.98989999999998
1988-08-03,311.09070000000003
1988-08-04,315.32440000000003
1988-08-05,314.5421
1988-08-08,312.83940000000001
1988-08-09,308.2835
1988-08-10,303.81959999999998
1988-08-11,308.23750000000001
1988-08-12,309.11180000000002
1988-08-15,308.0994
1988-08-16,310.76850000000002
1988-08-17,304.64800000000002
1988-08-18,305.98250000000002
1988-08-19,307.17899999999997
1988-08-22,304.64800000000002
1988-08-23,310.03219999999999
1988-08-24,309.61799999999999
1988-08-25,311.96499999999997
1988-08-26,308.55959999999999
1988-08-29,308.55959999999999
1988-08-30,299.58580000000001
1988-08-31,297.23880000000003
1988-09-01,301.33460000000002
1988-09-02,302.30099999999999
1988-09-06,300.87439999999998
1988-09-07,299.53980000000001
1988-09-08,302.34699999999998
1988-09-09,305.24619999999999
1988-09-12,295.53609999999998
1988-09-13,296.5025
1988-09-14,299.58580000000001
1988-09-15,298.57339999999999
1988-09-16,296.04230000000001
1988-09-19,289.46159999999998
1988-09-20,292.03870000000001
1988-09-21,284.81360000000001
1988-09-22,283.80119999999999
1988-09-23,287.0686
1988-09-26,280.67189999999999
1988-09-27,282.78879999999998
1988-09-28,284.1694
1988-09-29,285.91809999999998
1988-09-30,283.89319999999998
1988-10-03,281.82240000000002
1988-10-04,285.642
1988-10-05,286.37830000000002
1988-10-06,290.98020000000002
1988-10-07,290.38200000000001
1988-10-10,292.17669999999998
1988-10-11,291.5324
1988-10-12,287.85090000000002
1988-10-13,291.44040000000001
1988-10-14,288.9554
1988-10-17,291.9006
1988-10-18,295.16800000000001
1988-10-19,290.93419999999998
1988-10-20,291.76249999999999
1988-10-21,291.76249999999999
1988-10-24,286.24020000000002
1988-10-25,286.93049999999999
1988-10-26,287.62079999999997
1988-10-27,286.7004
1988-10-28,285.96409999999997
1988-10-31,290.28989999999999
1988-11-01,288.7713
1988-11-02,292.13069999999999
1988-11-03,299.26369999999997
1988-11-04,294.56970000000001
1988-11-07,295.67419999999998
1988-11-08,298.1592
1988-11-09,294.89190000000002
1988-11-10,299.95400000000001
1988-11-11,296.31849999999997
1988-11-14,293.83339999999998
1988-11-15,295.90429999999998
1988-11-16,293.60329999999999
1988-11-17,291.11829999999998
1988-11-18,285.68799999999999
1988-11-21,282.5127
1988-11-22,279.10719999999998
1988-11-23,280.94799999999998
1988-11-25,282.42059999999998
1988-11-28,283.70920000000001
1988-11-29,282.42059999999998
1988-11-30,279.29129999999998
1988-12-01,283.61709999999999
1988-12-02,281.08609999999999
1988-12-05,284.81360000000001
1988-12-06,283.2029
1988-12-07,280.99400000000003
1988-12-08,284.07729999999998
1988-12-09,281.7303
1988-12-12,282.60469999999998
1988-12-13,282.60469999999998
1988-12-14,282.32859999999999
1988-12-15,284.99770000000001
1988-12-16,279.79750000000001
1988-12-19,280.30369999999999
1988-12-20,279.84350000000001
1988-12-21,281.45420000000001
1988-12-22,281.17809999999997
1988-12-23,281.77629999999999
1988-12-27,281.77629999999999
1988-12-28,280.4418
1988-12-29,279.33730000000003
1988-12-30,278.4169
1989-01-03,279.33730000000003
1989-01-04,277.40449999999998
1989-01-05,274.1832
1989-01-06,274.8734
1989-01-09,272.89460000000003
1989-01-10,274.27519999999998
1989-01-11,271.9282
1989-01-12,274.09109999999998
1989-01-13,272.06630000000001
1989-01-16,270.3175
1989-01-17,271.79020000000003
1989-01-18,273.12470000000002
1989-01-19,272.57249999999999
1989-01-20,275.6558
1989-01-23,283.61709999999999
1989-01-24,285.77999999999997
1989-01-25,281.63830000000002
1989-01-26,284.8596
1989-01-27,279.88959999999997
1989-01-30,269.94940000000003
1989-01-31,269.12099999999998
1989-02-01,267.87849999999997
1989-02-02,268.01659999999998
1989-02-03,267.5104
1989-02-06,267.78649999999999
1989-02-07,271.60610000000003
1989-02-08,270.5016
1989-02-09,273.07870000000003
1989-02-10,271.51400000000001
1989-02-13,266.45190000000002
1989-02-14,268.29270000000002
1989-02-15,266.82010000000002
1989-02-16,270.73169999999999
1989-02-17,268.47680000000003
1989-02-21,272.94060000000002
1989-02-22,273.67689999999999
1989-02-23,274.8734
1989-02-24,273.49290000000002
1989-02-27,273.95310000000001
1989-02-28,269.58120000000002
1989-03-01,268.66079999999999
1989-03-02,264.97930000000002
1989-03-03,267.28030000000001
1989-03-06,268.20060000000001
1989-03-07,266.86610000000002
1989-03-08,271.28390000000002
1989-03-09,270.0874
1989-03-10,277.86470000000003
1989-03-13,277.95670000000001
1989-03-14,278.87709999999998
1989-03-15,282.23649999999998
1989-03-16,278.9692
1989-03-17,278.55500000000001
1989-03-20,283.11090000000002
1989-03-21,279.84350000000001
1989-03-22,278.73910000000001
1989-03-23,280.39580000000001
1989-03-27,280.39580000000001
1989-03-28,274.68939999999998
1989-03-29,268.10860000000002
1989-03-30,267.64839999999998
1989-03-31,265.34739999999999
1989-04-03,266.49790000000002
1989-04-04,268.15460000000002
1989-04-05,267.05020000000002
1989-04-06,267.3723
1989-04-07,267.5104
1989-04-10,264.97930000000002
1989-04-11,268.01659999999998
1989-04-12,267.83249999999998
1989-04-13,270.5016
1989-04-14,269.81130000000002
1989-04-17,266.82010000000002
1989-04-18,267.60239999999999
1989-04-19,265.20940000000002
1989-04-20,265.76159999999999
1989-04-21,265.99169999999998
1989-04-24,265.07130000000001
1989-04-25,267.5104
1989-04-26,265.8997
1989-04-27,265.20940000000002
1989-04-28,259.50299999999999
1989-05-01,259.50299999999999
1989-05-02,260.00920000000002
1989-05-03,259.45699999999999
1989-05-04,259.2269
1989-05-05,258.53660000000002
1989-05-08,257.7543
1989-05-09,257.43209999999999
1989-05-10,260.92959999999999
1989-05-11,259.54899999999998
1989-05-12,260.42340000000002
1989-05-15,253.29040000000001
1989-05-16,253.47450000000001
1989-05-17,253.24440000000001
1989-05-18,249.7929
1989-05-19,246.98570000000001
1989-05-22,234.05430000000001
1989-05-23,234.6986
1989-05-24,237.87389999999999
1989-05-25,239.80670000000001
1989-05-26,245.28299999999999
1989-05-30,240.17490000000001
1989-05-31,240.2209
1989-06-01,237.41370000000001
1989-06-02,240.2209
1989-06-05,244.40870000000001
1989-06-06,241.09530000000001
1989-06-07,248.64240000000001
1989-06-08,249.56280000000001
1989-06-09,248.18219999999999
1989-06-12,238.9324
1989-06-13,240.35900000000001
1989-06-14,240.81909999999999
1989-06-15,239.53059999999999
1989-06-16,244.31659999999999
1989-06-19,245.0069
1989-06-20,245.7432
1989-06-21,241.1413
1989-06-22,245.14500000000001
1989-06-23,244.22460000000001
1989-06-26,244.50069999999999
1989-06-27,243.3502
1989-06-28,243.9024
1989-06-29,242.88999999999999
1989-06-30,238.10400000000001
1989-07-03,238.97839999999999
1989-07-05,242.0617
1989-07-06,246.6636
1989-07-07,245.88130000000001
1989-07-10,242.0617
1989-07-11,240.45099999999999
1989-07-12,241.60149999999999
1989-07-13,239.34649999999999
1989-07-14,238.3801
1989-07-17,240.68109999999999
1989-07-18,241.37139999999999
1989-07-19,240.405
1989-07-20,238.3801
1989-07-21,240.63509999999999
1989-07-24,239.57660000000001
1989-07-25,239.94479999999999
1989-07-26,239.71469999999999
1989-07-27,240.86519999999999
1989-07-28,239.53059999999999
1989-07-31,236.81549999999999
1989-08-01,241.5094
1989-08-02,241.23330000000001
1989-08-03,240.12889999999999
1989-08-04,243.48830000000001
1989-08-07,237.59780000000001
1989-08-08,237.59780000000001
1989-08-09,237.41370000000001
1989-08-10,237.91990000000001
1989-08-11,236.12520000000001
1989-08-14,237.87389999999999
1989-08-15,238.88630000000001
1989-08-16,241.1413
1989-08-17,238.3801
1989-08-18,241.00319999999999
1989-08-21,239.94479999999999
1989-08-22,240.35900000000001
1989-08-23,240.589
1989-08-24,237.91990000000001
1989-08-25,235.75700000000001
1989-08-28,235.75700000000001
1989-08-29,235.52690000000001
1989-08-30,235.9871
1989-08-31,233.27199999999999
1989-09-01,232.39760000000001
1989-09-05,232.90379999999999
1989-09-06,234.37639999999999
1989-09-07,234.6986
1989-09-08,235.5729
1989-09-11,233.31800000000001
1989-09-12,233.87020000000001
1989-09-13,233.73220000000001
1989-09-14,234.1463
1989-09-15,232.99590000000001
1989-09-18,233.226
1989-09-19,233.226
1989-09-20,233.364
1989-09-21,235.29679999999999
1989-09-22,239.99080000000001
1989-09-25,244.59270000000001
1989-09-26,242.19970000000001
1989-09-27,243.58029999999999
1989-09-28,241.8776
1989-09-29,242.9821
1989-10-02,240.589
1989-10-03,240.45099999999999
1989-10-04,240.589
1989-10-05,241.73949999999999
1989-10-06,236.99950000000001
1989-10-09,236.07919999999999
1989-10-10,233.364
1989-10-11,232.16749999999999
1989-10-12,234.3304
1989-10-13,233.82419999999999
1989-10-16,237.87389999999999
1989-10-17,234.1463
1989-10-18,235.9871
1989-10-19,236.03309999999999
1989-10-20,234.19239999999999
1989-10-23,233.87020000000001
1989-10-24,234.56049999999999
1989-10-25,236.21719999999999
1989-10-26,235.66499999999999
1989-10-27,237.91990000000001
1989-10-30,241.55549999999999
1989-10-31,240.81909999999999
1989-11-01,237.8279
1989-11-02,237.36770000000001
1989-11-03,241.23330000000001
1989-11-06,240.7731
1989-11-07,243.58029999999999
1989-11-08,242.29179999999999
1989-11-09,242.9821
1989-11-10,242.9821
1989-11-13,243.9024
1989-11-14,245.88130000000001
1989-11-15,247.2158
1989-11-16,253.01429999999999
1989-11-17,260.46940000000001
1989-11-20,261.85000000000002
1989-11-21,264.97930000000002
1989-11-22,266.91210000000001
1989-11-24,270.82369999999997
1989-11-27,268.56880000000001
1989-11-28,257.7543
1989-11-29,258.26049999999998
1989-11-30,256.14359999999999
1989-12-01,262.7704
1989-12-04,260.05520000000001
1989-12-05,254.4409
1989-12-06,254.85499999999999
1989-12-07,257.06400000000002
1989-12-08,258.16840000000002
1989-12-11,260.42340000000002
1989-12-12,262.08010000000002
1989-12-13,260.74549999999999
1989-12-14,255.40729999999999
1989-12-15,257.70819999999998
1989-12-18,257.06400000000002
1989-12-19,255.77539999999999
1989-12-20,256.69580000000002
1989-12-21,257.84629999999999
1989-12-22,257.52420000000001
1989-12-26,257.52420000000001
1989-12-27,254.6249
1989-12-28,243.48830000000001
1989-12-29,240.08279999999999
1990-01-02,239.76070000000001
1990-01-03,237.4597
1990-01-04,239.1164
1990-01-05,242.9821
1990-01-08,242.9821
1990-01-09,241.5094
1990-01-10,242.29179999999999
1990-01-11,244.50069999999999
1990-01-12,245.4211
1990-01-15,245.3751
1990-01-16,240.31290000000001
1990-01-17,240.49700000000001
1990-01-18,242.52189999999999
1990-01-19,239.53059999999999
1990-01-22,239.34649999999999
1990-01-23,242.0617
1990-01-24,243.07409999999999
1990-01-25,240.589
1990-01-26,242.798
1990-01-29,241.8776
1990-01-30,239.3005
1990-01-31,239.53059999999999
1990-02-01,239.89879999999999
1990-02-02,244.59270000000001
1990-02-05,245.09889999999999
1990-02-06,244.73079999999999
1990-02-07,244.04050000000001
1990-02-08,245.05289999999999
1990-02-09,244.6387
1990-02-12,243.9024
1990-02-13,245.4211
1990-02-14,243.25819999999999
1990-02-15,245.7432
1990-02-16,245.05289999999999
1990-02-20,246.4795
1990-02-21,245.65119999999999
1990-02-22,243.21209999999999
1990-02-23,241.6935
1990-02-26,241.00319999999999
1990-02-27,238.05799999999999
1990-02-28,235.619
1990-03-01,236.5393
1990-03-02,236.5393
1990-03-05,235.71100000000001
1990-03-06,236.21719999999999
1990-03-07,236.67740000000001
1990-03-08,236.5393
1990-03-09,235.11269999999999
1990-03-12,235.84909999999999
1990-03-13,232.6737
1990-03-14,234.00829999999999
1990-03-15,234.37639999999999
1990-03-16,235.29679999999999
1990-03-19,235.84909999999999
1990-03-20,235.5729
1990-03-21,232.35159999999999
1990-03-22,233.0419
1990-03-23,234.3304
1990-03-26,228.2559
1990-03-27,228.0258
1990-03-28,230.14269999999999
1990-03-29,228.53200000000001
1990-03-30,228.53200000000001
1990-04-02,227.24340000000001
1990-04-03,230.14269999999999
1990-04-04,230.55680000000001
1990-04-05,236.9075
1990-04-06,238.33410000000001
1990-04-09,236.7234
1990-04-10,235.38890000000001
1990-04-11,234.00829999999999
1990-04-12,235.9871
1990-04-16,235.9871
1990-04-17,232.6277
1990-04-18,234.37639999999999
1990-04-19,234.28440000000001
1990-04-20,233.68610000000001
1990-04-23,233.7782
1990-04-24,234.6986
1990-04-25,231.1551
1990-04-26,228.2559
1990-04-27,228.2559
1990-04-30,227.1514
1990-05-01,227.93369999999999
1990-05-02,229.9126
1990-05-03,230.55680000000001
1990-05-04,232.8578
1990-05-07,232.8578
1990-05-08,231.61529999999999
1990-05-09,230.00460000000001
1990-05-10,231.61529999999999
1990-05-11,232.35159999999999
1990-05-14,232.4896
1990-05-15,231.5693
1990-05-16,231.017
1990-05-17,231.3852
1990-05-18,231.9374
1990-05-21,236.26320000000001
1990-05-22,235.84909999999999
1990-05-23,234.46850000000001
1990-05-24,240.17490000000001
1990-05-25,240.45099999999999
1990-05-29,240.9572
1990-05-30,236.07919999999999
1990-05-31,233.31800000000001
1990-06-01,233.50210000000001
1990-06-04,232.39760000000001
1990-06-05,232.39760000000001
1990-06-06,234.28440000000001
1990-06-07,229.45240000000001
1990-06-08,230.69489999999999
1990-06-11,229.8665
1990-06-12,230.55680000000001
1990-06-13,229.63640000000001
1990-06-14,225.95490000000001
1990-06-15,222.64150000000001
1990-06-18,222.5035
1990-06-19,222.6875
1990-06-20,221.9512
1990-06-21,222.64150000000001
1990-06-22,221.90520000000001
1990-06-25,222.8716
1990-06-26,221.07689999999999
1990-06-27,221.399
1990-06-28,222.04329999999999
1990-06-29,222.73349999999999
1990-07-02,225.8629
1990-07-03,228.16380000000001
1990-07-05,225.4487
1990-07-06,224.57429999999999
1990-07-09,224.57429999999999
1990-07-10,220.89279999999999
1990-07-11,221.49100000000001
1990-07-12,222.08930000000001
1990-07-13,225.31059999999999
1990-07-16,226.23099999999999
1990-07-17,223.19370000000001
1990-07-18,222.1353
1990-07-19,224.62029999999999
1990-07-20,223.88399999999999
1990-07-23,224.66640000000001
1990-07-24,225.49469999999999
1990-07-25,224.29820000000001
1990-07-26,223.33179999999999
1990-07-27,222.59549999999999
1990-07-30,222.27340000000001
1990-07-31,223.4238
1990-08-01,221.49100000000001
1990-08-02,227.01329999999999
1990-08-03,222.08930000000001
1990-08-06,224.3442
1990-08-07,226.9213
1990-08-08,224.2062
1990-08-09,224.7124
1990-08-10,227.3355
1990-08-13,234.00829999999999
1990-08-14,239.39250000000001
1990-08-15,236.21719999999999
1990-08-16,233.08789999999999
1990-08-17,239.76070000000001
1990-08-20,239.34649999999999
1990-08-21,237.4597
1990-08-22,235.48089999999999
1990-08-23,240.0368
1990-08-24,236.26320000000001
1990-08-27,236.26320000000001
1990-08-28,226.4151
1990-08-29,223.65389999999999
1990-08-30,222.64150000000001
1990-08-31,222.27340000000001
1990-09-04,221.67509999999999
1990-09-05,218.96000000000001
1990-09-06,220.89279999999999
1990-09-07,220.1104
1990-09-10,219.51220000000001
1990-09-11,218.59180000000001
1990-09-12,220.6627
1990-09-13,221.72110000000001
1990-09-14,221.16890000000001
1990-09-17,220.2945
1990-09-18,220.20249999999999
1990-09-19,220.89279999999999
1990-09-20,220.6627
1990-09-21,221.35300000000001
1990-09-24,222.22730000000001
1990-09-25,226.78319999999999
1990-09-26,222.04329999999999
1990-09-27,219.88030000000001
1990-09-28,220.6627
1990-10-01,220.24850000000001
1990-10-02,215.8306
1990-10-03,215.92269999999999
1990-10-04,216.751
1990-10-05,216.9811
1990-10-08,214.81819999999999
1990-10-09,215.96870000000001
1990-10-10,212.97749999999999
1990-10-11,201.79480000000001
1990-10-12,195.49010000000001
1990-10-15,195.99629999999999
1990-10-16,193.41919999999999
1990-10-17,194.15549999999999
1990-10-18,195.49010000000001
1990-10-19,195.25999999999999
1990-10-22,194.70779999999999
1990-10-23,194.6618
1990-10-24,194.52369999999999
1990-10-25,194.6618
1990-10-26,194.20160000000001
1990-10-29,187.2987
1990-10-30,190.38200000000001
1990-10-31,194.33959999999999
1990-11-01,192.4068
1990-11-02,194.6618
1990-11-05,192.13069999999999
1990-11-06,194.33959999999999
1990-11-07,194.52369999999999
1990-11-08,196.18039999999999
1990-11-09,195.30600000000001
1990-11-12,193.83340000000001
1990-11-13,193.7414
1990-11-14,193.28120000000001
1990-11-15,192.13069999999999
1990-11-16,190.52000000000001
1990-11-19,190.0598
1990-11-20,190.70410000000001
1990-11-21,189.13939999999999
1990-11-23,190.7501
1990-11-26,192.821
1990-11-27,189.73769999999999
1990-11-28,189.3235
1990-11-29,190.10579999999999
1990-11-30,188.08099999999999
1990-12-03,190.0138
1990-12-04,191.62450000000001
1990-12-05,191.07230000000001
1990-12-06,189.64570000000001
1990-12-07,190.88820000000001
1990-12-10,188.5872
1990-12-11,187.89689999999999
1990-12-12,187.02250000000001
1990-12-13,184.6756
1990-12-14,182.42060000000001
1990-12-17,181.77629999999999
1990-12-18,182.4666
1990-12-19,182.74279999999999
1990-12-20,188.86330000000001
1990-12-21,190.9342
1990-12-24,186.01009999999999
1990-12-26,186.01009999999999
1990-12-27,188.5872
1990-12-28,188.44909999999999
1990-12-31,192.959
1991-01-02,191.62450000000001
1991-01-03,188.5412
1991-01-04,193.7414
1991-01-07,193.41919999999999
1991-01-08,195.5821
1991-01-09,187.989
1991-01-10,190.47399999999999
1991-01-11,191.02619999999999
1991-01-14,193.05109999999999
1991-01-15,193.51130000000001
1991-01-16,194.38560000000001
1991-01-17,188.5872
1991-01-18,185.9641
1991-01-21,185.82599999999999
1991-01-22,185.4119
1991-01-23,183.06489999999999
1991-01-24,178.2329
1991-01-25,176.48410000000001
1991-01-28,175.14959999999999
1991-01-29,177.54259999999999
1991-01-30,175.2876
1991-01-31,176.06989999999999
1991-02-01,178.50899999999999
1991-02-04,177.77269999999999
1991-02-05,175.88589999999999
1991-02-06,175.33359999999999
1991-02-07,174.8734
1991-02-08,176.3921
1991-02-11,175.60980000000001
1991-02-12,168.4307
1991-02-13,171.1919
1991-02-14,173.4468
1991-02-15,175.74780000000001
1991-02-19,172.1123
1991-02-20,170.22550000000001
1991-02-21,168.56880000000001
1991-02-22,166.59
1991-02-25,163.2766
1991-02-26,166.91210000000001
1991-02-27,166.31389999999999
1991-02-28,169.30510000000001
1991-03-01,172.80260000000001
1991-03-04,172.80260000000001
1991-03-05,175.7938
1991-03-06,176.30000000000001
1991-03-07,179.84350000000001
1991-03-08,184.1233
1991-03-11,191.9006
1991-03-12,183.11089999999999
1991-03-13,186.79249999999999
1991-03-14,185.4579
1991-03-15,185.596
1991-03-18,186.5163
1991-03-19,181.50020000000001
1991-03-20,185.82599999999999
1991-03-21,182.97280000000001
1991-03-22,184.44550000000001
1991-03-25,181.9144
1991-03-26,180.30369999999999
1991-03-27,179.42939999999999
1991-03-28,176.5301
1991-04-01,176.5301
1991-04-02,181.08609999999999
1991-04-03,187.0686
1991-04-04,186.74639999999999
1991-04-05,185.82599999999999
1991-04-08,182.23650000000001
1991-04-09,184.07730000000001
1991-04-10,185.18180000000001
1991-04-11,183.47909999999999
1991-04-12,184.9057
1991-04-15,183.06489999999999
1991-04-16,185.18180000000001
1991-04-17,187.2987
1991-04-18,189.64570000000001
1991-04-19,181.9144
1991-04-22,180.39580000000001
1991-04-23,181.5462
1991-04-24,181.22409999999999
1991-04-25,178.27889999999999
1991-04-26,179.47540000000001
1991-04-29,178.92310000000001
1991-04-30,181.03999999999999
1991-05-01,182.8348
1991-05-02,181.03999999999999
1991-05-03,184.9057
1991-05-06,184.9057
1991-05-07,185.2278
1991-05-08,185.2278
1991-05-09,186.97649999999999
1991-05-10,185.596
1991-05-13,185.73400000000001
1991-05-14,184.21539999999999
1991-05-15,189.4616
1991-05-16,188.67920000000001
1991-05-17,184.8596
1991-05-20,184.3074
1991-05-21,185.91810000000001
1991-05-22,188.2191
1991-05-23,185.82599999999999
1991-05-24,186.3783
1991-05-28,186.79249999999999
1991-05-29,190.6121
1991-05-30,189.5076
1991-05-31,190.1979
1991-06-03,191.25630000000001
1991-06-04,191.1183
1991-06-05,191.7165
1991-06-06,195.214
1991-06-07,206.71879999999999
1991-06-10,210.35429999999999
1991-06-11,206.21260000000001
1991-06-12,207.7312
1991-06-13,205.47630000000001
1991-06-14,207.5472
1991-06-17,201.97880000000001
1991-06-18,206.0746
1991-06-19,203.95769999999999
1991-06-20,204.4639
1991-06-21,204.4639
1991-06-24,199.76990000000001
1991-06-25,200.64429999999999
1991-06-26,203.3134
1991-06-27,200.41419999999999
1991-06-28,204.9701
1991-07-01,204.92410000000001
1991-07-02,203.58949999999999
1991-07-03,203.77359999999999
1991-07-05,208.6516
1991-07-08,207.31710000000001
1991-07-09,205.3382
1991-07-10,206.02850000000001
1991-07-11,203.40539999999999
1991-07-12,201.56469999999999
1991-07-15,202.0249
1991-07-16,201.24250000000001
1991-07-17,202.62309999999999
1991-07-18,204.69399999999999
1991-07-19,202.25489999999999
1991-07-22,202.5771
1991-07-23,199.03360000000001
1991-07-24,194.70779999999999
1991-07-25,189.96780000000001
1991-07-26,188.7253
1991-07-29,189.0934
1991-07-30,186.28620000000001
1991-07-31,187.20660000000001
1991-08-01,186.5624
1991-08-02,182.78880000000001
1991-08-05,181.08609999999999
1991-08-06,182.19049999999999
1991-08-07,182.4666
1991-08-08,182.8348
1991-08-09,182.55869999999999
1991-08-12,183.70920000000001
1991-08-13,181.96039999999999
1991-08-14,181.59229999999999
1991-08-15,182.69669999999999
1991-08-16,182.32859999999999
1991-08-19,186.28620000000001
1991-08-20,184.21539999999999
1991-08-21,180.85599999999999
1991-08-22,181.45419999999999
1991-08-23,178.55500000000001
1991-08-26,178.55500000000001
1991-08-27,181.96039999999999
1991-08-28,181.77629999999999
1991-08-29,181.3622
1991-08-30,175.56370000000001
1991-09-03,178.27889999999999
1991-09-04,180.76390000000001
1991-09-05,177.77269999999999
1991-09-06,178.14080000000001
1991-09-09,184.21539999999999
1991-09-10,187.02250000000001
1991-09-11,182.69669999999999
1991-09-12,182.78880000000001
1991-09-13,182.4666
1991-09-16,186.83850000000001
1991-09-17,187.66679999999999
1991-09-18,188.40309999999999
1991-09-19,188.44909999999999
1991-09-20,187.4367
1991-09-23,189.73769999999999
1991-09-24,195.352
1991-09-25,194.89189999999999
1991-09-26,194.2936
1991-09-27,188.2191
1991-09-30,190.28989999999999
1991-10-01,190.84219999999999
1991-10-02,194.01750000000001
1991-10-03,192.0847
1991-10-04,192.03870000000001
1991-10-07,190.0598
1991-10-08,187.34469999999999
1991-10-09,187.89689999999999
1991-10-10,189.5076
1991-10-11,186.3783
1991-10-14,188.63319999999999
1991-10-15,187.6208
1991-10-16,186.5163
1991-10-17,189.8297
1991-10-18,189.59960000000001
1991-10-21,192.03870000000001
1991-10-22,191.3484
1991-10-23,190.7501
1991-10-24,188.08099999999999
1991-10-25,189.6917
1991-10-28,187.94290000000001
1991-10-29,186.5163
1991-10-30,189.2775
1991-10-31,188.2191
1991-11-01,188.7713
1991-11-04,187.71279999999999
1991-11-05,188.9093
1991-11-06,187.4367
1991-11-07,187.2987
1991-11-08,185.2278
1991-11-11,185.82599999999999
1991-11-12,185.68799999999999
1991-11-13,186.3323
1991-11-14,186.10220000000001
1991-11-15,184.53749999999999
1991-11-18,186.47030000000001
1991-11-19,186.10220000000001
1991-11-20,187.66679999999999
1991-11-21,188.49520000000001
1991-11-22,190.1979
1991-11-25,190.428
1991-11-26,188.173
1991-11-27,188.5872
1991-11-29,187.0686
1991-12-02,188.3571
1991-12-03,187.0686
1991-12-04,186.5163
1991-12-05,186.28620000000001
1991-12-06,187.0686
1991-12-09,187.2526
1991-12-10,186.10220000000001
1991-12-11,184.3074
1991-12-12,181.68430000000001
1991-12-13,177.40450000000001
1991-12-16,178.14080000000001
1991-12-17,177.35849999999999
1991-12-18,178.7851
1991-12-19,177.35849999999999
1991-12-20,175.93190000000001
1991-12-23,179.01519999999999
1991-12-24,179.47540000000001
1991-12-26,179.47540000000001
1991-12-27,179.61340000000001
1991-12-30,177.63460000000001
1991-12-31,177.63460000000001
1992-01-02,178.00280000000001
1992-01-03,183.387
1992-01-06,181.27010000000001
1992-01-07,181.7303
1992-01-08,181.5462
1992-01-09,183.15690000000001
1992-01-10,190.428
1992-01-13,187.39070000000001
1992-01-14,186.28620000000001
1992-01-15,190.52000000000001
1992-01-16,190.33590000000001
1992-01-17,199.49379999999999
1992-01-20,194.6618
1992-01-21,195.99629999999999
1992-01-22,195.81219999999999
1992-01-23,197.607
1992-01-24,193.28120000000001
1992-01-27,191.9006
1992-01-28,193.46530000000001
1992-01-29,191.4864
1992-01-30,194.89189999999999
1992-01-31,190.10579999999999
1992-02-03,192.2688
1992-02-04,191.7165
1992-02-05,191.80860000000001
1992-02-06,194.15549999999999
1992-02-07,193.05109999999999
1992-02-10,192.68289999999999
1992-02-11,192.31479999999999
1992-02-12,193.05109999999999
1992-02-13,193.7414
1992-02-14,192.959
1992-02-18,190.15190000000001
1992-02-19,186.74639999999999
1992-02-20,188.49520000000001
1992-02-21,188.81729999999999
1992-02-24,187.6208
1992-02-25,189.8297
1992-02-26,187.0686
1992-02-27,188.67920000000001
1992-02-28,189.55359999999999
1992-03-02,188.44909999999999
1992-03-03,189.64570000000001
1992-03-04,188.9554
1992-03-05,189.13939999999999
1992-03-06,191.1643
1992-03-09,191.3484
1992-03-10,191.80860000000001
1992-03-11,191.1183
1992-03-12,190.65809999999999
1992-03-13,188.9554
1992-03-16,189.00139999999999
1992-03-17,186.05609999999999
1992-03-18,187.39070000000001
1992-03-19,184.81360000000001
1992-03-20,188.67920000000001
1992-03-23,189.04740000000001
1992-03-24,189.04740000000001
1992-03-25,189.0934
1992-03-26,188.2191
1992-03-27,188.3571
1992-03-30,191.1643
1992-03-31,189.59960000000001
1992-04-01,191.07230000000001
1992-04-02,188.2191
1992-04-03,188.12700000000001
1992-04-06,188.40309999999999
1992-04-07,188.44909999999999
1992-04-08,188.31110000000001
1992-04-09,188.49520000000001
1992-04-10,190.15190000000001
1992-04-13,189.8297
1992-04-14,187.989
1992-04-15,188.81729999999999
1992-04-16,185.50389999999999
1992-04-20,185.50389999999999
1992-04-21,183.387
1992-04-22,183.61709999999999
1992-04-23,184.99770000000001
1992-04-24,183.61709999999999
1992-04-27,183.61709999999999
1992-04-28,183.06489999999999
1992-04-29,181.08609999999999
1992-04-30,183.249
1992-05-01,184.7216
1992-05-04,184.7216
1992-05-05,184.6756
1992-05-06,187.0686
1992-05-07,186.1482
1992-05-08,185.73400000000001
1992-05-11,189.13939999999999
1992-05-12,187.89689999999999
1992-05-13,187.89689999999999
1992-05-14,188.49520000000001
1992-05-15,189.5076
1992-05-18,188.5872
1992-05-19,189.36949999999999
1992-05-20,187.6208
1992-05-21,187.52879999999999
1992-05-22,187.2987
1992-05-26,188.12700000000001
1992-05-27,188.81729999999999
1992-05-28,187.52879999999999
1992-05-29,186.74639999999999
1992-06-01,185.36590000000001
1992-06-02,187.39070000000001
1992-06-03,188.2191
1992-06-04,186.8845
1992-06-05,187.89689999999999
1992-06-08,186.5624
1992-06-09,186.60839999999999
1992-06-10,186.65440000000001
1992-06-11,186.7004
1992-06-12,189.00139999999999
1992-06-15,189.6917
1992-06-16,188.86330000000001
1992-06-17,189.00139999999999
1992-06-18,188.12700000000001
1992-06-19,189.18549999999999
1992-06-22,186.28620000000001
1992-06-23,186.65440000000001
1992-06-24,185.87209999999999
1992-06-25,185.68799999999999
1992-06-26,185.08969999999999
1992-06-29,183.7552
1992-06-30,185.27379999999999
1992-07-01,186.3323
1992-07-02,187.0686
1992-07-06,186.5163
1992-07-07,180.30369999999999
1992-07-08,179.75149999999999
1992-07-09,179.8896
1992-07-10,182.4666
1992-07-13,181.13210000000001
1992-07-14,181.77629999999999
1992-07-15,181.82239999999999
1992-07-16,181.22409999999999
1992-07-17,180.4418
1992-07-20,183.84719999999999
1992-07-21,181.9144
1992-07-22,182.37459999999999
1992-07-23,184.6756
1992-07-24,183.15690000000001
1992-07-27,182.8348
1992-07-28,182.8348
1992-07-29,181.31620000000001
1992-07-30,180.16569999999999
1992-07-31,181.9144
1992-08-03,181.40819999999999
1992-08-04,178.37090000000001
1992-08-05,178.55500000000001
1992-08-06,179.56739999999999
1992-08-07,180.76390000000001
1992-08-10,182.97280000000001
1992-08-11,181.45419999999999
1992-08-12,179.19929999999999
1992-08-13,175.2876
1992-08-14,175.51769999999999
1992-08-17,175.7938
1992-08-18,174.41329999999999
1992-08-19,175.0575
1992-08-20,171.6061
1992-08-21,171.88220000000001
1992-08-24,173.12469999999999
1992-08-25,170.59360000000001
1992-08-26,167.8785
1992-08-27,170.04140000000001
1992-08-28,171.14590000000001
1992-08-31,171.14590000000001
1992-09-01,172.6645
1992-09-02,171.1919
1992-09-03,171.0538
1992-09-04,172.20429999999999
1992-09-08,171.422
1992-09-09,172.4804
1992-09-10,171.65209999999999
1992-09-11,169.7193
1992-09-14,172.4804
1992-09-15,174.1832
1992-09-16,176.62219999999999
1992-09-17,176.16200000000001
1992-09-18,175.24160000000001
1992-09-21,175.93190000000001
1992-09-22,174.45930000000001
1992-09-23,176.48410000000001
1992-09-24,175.7938
1992-09-25,175.88589999999999
1992-09-28,175.2876
1992-09-29,171.422
1992-09-30,173.30879999999999
1992-10-01,172.7105
1992-10-02,171.7902
1992-10-05,172.43440000000001
1992-10-06,172.98670000000001
1992-10-07,172.6645
1992-10-08,171.83619999999999
1992-10-09,172.38839999999999
1992-10-12,172.29640000000001
1992-10-13,171.09989999999999
1992-10-14,170.5016
1992-10-15,171.422
1992-10-16,170.73169999999999
1992-10-19,171.33000000000001
1992-10-20,172.1123
1992-10-21,175.51769999999999
1992-10-22,174.8734
1992-10-23,174.82740000000001
1992-10-26,172.7105
1992-10-27,172.57249999999999
1992-10-28,173.2628
1992-10-29,173.35480000000001
1992-10-30,173.21680000000001
1992-11-02,172.8946
1992-11-03,174.5513
1992-11-04,174.64340000000001
1992-11-05,178.2329
1992-11-06,179.84350000000001
1992-11-09,177.58860000000001
1992-11-10,170.8698
1992-11-11,169.7193
1992-11-12,169.7193
1992-11-13,174.82740000000001
1992-11-16,173.12469999999999
1992-11-17,172.8946
1992-11-18,173.4008
1992-11-19,172.5265
1992-11-20,173.6309
1992-11-23,172.6645
1992-11-24,172.94059999999999
1992-11-25,173.03270000000001
1992-11-27,172.57249999999999
1992-11-30,171.7902
1992-12-01,173.03270000000001
1992-12-02,172.94059999999999
1992-12-03,172.98670000000001
1992-12-04,173.17070000000001
1992-12-07,172.98670000000001
1992-12-08,172.98670000000001
1992-12-09,170.91579999999999
1992-12-10,170.5016
1992-12-11,171.376
1992-12-14,171.56010000000001
1992-12-15,171.0538
1992-12-16,170.91579999999999
1992-12-17,172.57249999999999
1992-12-18,173.72300000000001
1992-12-21,172.57249999999999
1992-12-22,171.83619999999999
1992-12-23,170.17949999999999
1992-12-24,169.5812
1992-12-28,169.5812
1992-12-29,169.12100000000001
1992-12-30,168.56880000000001
1992-12-31,168.89089999999999
1993-01-04,168.4307
1993-01-05,168.15459999999999
1993-01-06,170.2715
1993-01-07,170.22550000000001
1993-01-08,168.4307
1993-01-11,168.70689999999999
1993-01-12,169.25909999999999
1993-01-13,168.8449
1993-01-14,169.9034
1993-01-15,168.75290000000001
1993-01-18,169.029
1993-01-19,169.67330000000001
1993-01-20,169.5812
1993-01-21,171.0078
1993-01-22,170.8698
1993-01-25,170.04140000000001
1993-01-26,170.36359999999999
1993-01-27,169.12100000000001
1993-01-28,169.81129999999999
1993-01-29,170.6397
1993-02-01,168.4307
1993-02-02,168.8449
1993-02-03,169.07499999999999
1993-02-04,168.89089999999999
1993-02-05,168.89089999999999
1993-02-08,168.33869999999999
1993-02-09,169.48920000000001
1993-02-10,170.8698
1993-02-11,173.4008
1993-02-12,172.20429999999999
1993-02-16,169.67330000000001
1993-02-17,170.5016
1993-02-18,168.2467
1993-02-19,167.5104
1993-02-22,164.84119999999999
1993-02-23,164.7492
1993-02-24,165.76159999999999
1993-02-25,165.20939999999999
1993-02-26,164.15090000000001
1993-03-01,164.88730000000001
1993-03-02,164.97929999999999
1993-03-03,164.9333
1993-03-04,164.4271
1993-03-05,165.07130000000001
1993-03-08,164.51910000000001
1993-03-09,163.8288
1993-03-10,164.28899999999999
1993-03-11,165.6696
1993-03-12,167.5104
1993-03-15,166.8201
1993-03-16,167.97049999999999
1993-03-17,168.38470000000001
1993-03-18,167.60239999999999
1993-03-19,169.25909999999999
1993-03-22,169.48920000000001
1993-03-23,168.66079999999999
1993-03-24,168.15459999999999
1993-03-25,169.48920000000001
1993-03-26,171.09989999999999
1993-03-29,170.4556
1993-03-30,173.86099999999999
1993-03-31,179.01519999999999
1993-04-01,177.54259999999999
1993-04-02,182.78880000000001
1993-04-05,177.54259999999999
1993-04-06,178.32490000000001
1993-04-07,174.50530000000001
1993-04-08,178.46299999999999
1993-04-12,178.46299999999999
1993-04-13,178.2329
1993-04-14,179.56739999999999
1993-04-15,180.994
1993-04-16,178.09479999999999
1993-04-19,182.92679999999999
1993-04-20,181.9144
1993-04-21,180.02760000000001
1993-04-22,178.46299999999999
1993-04-23,180.994
1993-04-26,184.95169999999999
1993-04-27,188.81729999999999
1993-04-28,186.1482
1993-04-29,200.64429999999999
1993-04-30,197.83709999999999
1993-05-03,197.83709999999999
1993-05-04,196.6866
1993-05-05,195.67420000000001
1993-05-06,198.02119999999999
1993-05-07,200.78229999999999
1993-05-10,196.8707
1993-05-11,195.30600000000001
1993-05-12,194.7998
1993-05-13,208.00739999999999
1993-05-14,204.09569999999999
1993-05-17,205.3382
1993-05-18,202.62309999999999
1993-05-19,218.31569999999999
1993-05-20,207.68520000000001
1993-05-21,208.1454
1993-05-24,217.3493
1993-05-25,208.0994
1993-05-26,209.61799999999999
1993-05-27,211.2747
1993-05-28,216.93510000000001
1993-06-01,212.3792
1993-06-02,200.87440000000001
1993-06-03,201.79480000000001
1993-06-04,207.08699999999999
1993-06-07,200.41419999999999
1993-06-08,202.16290000000001
1993-06-09,201.01240000000001
1993-06-10,198.11320000000001
1993-06-11,198.3433
1993-06-14,194.20160000000001
1993-06-15,194.43170000000001
1993-06-16,198.7115
1993-06-17,199.0796
1993-06-18,199.86189999999999
1993-06-21,197.4229
1993-06-22,197.74510000000001
1993-06-23,196.3185
1993-06-24,203.8656
1993-06-25,202.62309999999999
1993-06-28,207.31710000000001
1993-06-29,205.01609999999999
1993-06-30,210.5384
1993-07-01,209.29589999999999
1993-07-02,222.5035
1993-07-06,233.31800000000001
1993-07-07,237.8279
1993-07-08,235.38890000000001
1993-07-09,229.63640000000001
1993-07-12,233.08789999999999
1993-07-13,229.08420000000001
1993-07-14,234.46850000000001
1993-07-15,226.64519999999999
1993-07-16,232.16749999999999
1993-07-19,233.27199999999999
1993-07-20,232.16749999999999
1993-07-21,232.39760000000001
1993-07-22,227.24340000000001
1993-07-23,231.3852
1993-07-26,228.578
1993-07-27,234.92869999999999
1993-07-28,233.08789999999999
1993-07-29,236.76939999999999
1993-07-30,243.9024
1993-08-02,249.4248
1993-08-03,247.44589999999999
1993-08-04,243.44220000000001
1993-08-05,237.91990000000001
1993-08-06,221.81319999999999
1993-08-09,215.1404
1993-08-10,220.70869999999999
1993-08-11,220.20249999999999
1993-08-12,215.64660000000001
1993-08-13,211.36680000000001
1993-08-16,219.60419999999999
1993-08-17,217.9015
1993-08-18,215.96870000000001
1993-08-19,217.44130000000001
1993-08-20,214.358
1993-08-23,220.1104
1993-08-24,219.23609999999999
1993-08-25,218.49979999999999
1993-08-26,217.44130000000001
1993-08-27,215.73859999999999
1993-08-30,215.73859999999999
1993-08-31,222.8716
1993-09-01,222.41139999999999
1993-09-02,217.21119999999999
1993-09-03,209.61799999999999
1993-09-07,207.22499999999999
1993-09-08,195.81219999999999
1993-09-09,195.25999999999999
1993-09-10,196.8707
1993-09-13,187.02250000000001
1993-09-14,180.57980000000001
1993-09-15,185.82599999999999
1993-09-16,186.7004
1993-09-17,188.5872
1993-09-20,189.18549999999999
1993-09-21,189.04740000000001
1993-09-22,187.48269999999999
1993-09-23,185.87209999999999
1993-09-24,190.6121
1993-09-27,189.04740000000001
1993-09-28,186.1482
1993-09-29,186.97649999999999
1993-09-30,185.4579
1993-10-01,186.74639999999999
1993-10-04,188.12700000000001
1993-10-05,186.3783
1993-10-06,191.1183
1993-10-07,199.2637
1993-10-08,200.87440000000001
1993-10-11,201.4726
1993-10-12,197.28489999999999
1993-10-13,204.69399999999999
1993-10-14,204.0497
1993-10-15,199.40170000000001
1993-10-18,200.41419999999999
1993-10-19,204.9701
1993-10-20,206.76480000000001
1993-10-21,207.63919999999999
1993-10-22,204.14169999999999
1993-10-25,204.00370000000001
1993-10-26,202.16290000000001
1993-10-27,201.93279999999999
1993-10-28,203.40539999999999
1993-10-29,202.62309999999999
1993-11-01,197.19280000000001
1993-11-02,193.83340000000001
1993-11-03,193.8794
1993-11-04,201.6567
1993-11-05,206.0746
1993-11-08,207.9153
1993-11-09,209.0658
1993-11-10,208.60560000000001
1993-11-11,210.21629999999999
1993-11-12,210.76849999999999
1993-11-15,207.9153
1993-11-16,210.6765
1993-11-17,209.3879
1993-11-18,212.24109999999999
1993-11-19,215.96870000000001
1993-11-22,217.80950000000001
1993-11-23,215.5085
1993-11-24,213.75980000000001
1993-11-26,215.00229999999999
1993-11-29,213.16149999999999
1993-11-30,205.56829999999999
1993-12-01,203.81960000000001
1993-12-02,214.45009999999999
1993-12-03,212.05709999999999
1993-12-06,222.73349999999999
1993-12-07,222.5035
1993-12-08,228.2559
1993-12-09,229.08420000000001
1993-12-10,229.4984
1993-12-13,234.6986
1993-12-14,236.44730000000001
1993-12-15,234.46850000000001
1993-12-16,234.46850000000001
1993-12-17,230.92500000000001
1993-12-20,235.75700000000001
1993-12-21,235.0667
1993-12-22,230.00460000000001
1993-12-23,231.7073
1993-12-27,231.7073
1993-12-28,231.7073
1993-12-29,234.23840000000001
1993-12-30,235.0667
1993-12-31,235.38890000000001
1994-01-03,235.38890000000001
1994-01-04,242.84399999999999
1994-01-05,240.81909999999999
1994-01-06,231.017
1994-01-07,235.15880000000001
1994-01-10,226.04689999999999
1994-01-11,232.07550000000001
1994-01-12,234.92869999999999
1994-01-13,232.6737
1994-01-14,239.6687
1994-01-17,245.9273
1994-01-18,245.191
1994-01-19,244.96090000000001
1994-01-20,244.8228
1994-01-21,238.61019999999999
1994-01-24,231.9374
1994-01-25,236.21719999999999
1994-01-26,233.54810000000001
1994-01-27,235.38890000000001
1994-01-28,228.90010000000001
1994-01-31,232.76580000000001
1994-02-01,235.619
1994-02-02,242.9821
1994-02-03,243.12010000000001
1994-02-04,251.03540000000001
1994-02-07,244.2706
1994-02-08,240.45099999999999
1994-02-09,241.37139999999999
1994-02-10,243.67230000000001
1994-02-11,239.89879999999999
1994-02-14,242.0617
1994-02-15,245.05289999999999
1994-02-16,241.60149999999999
1994-02-17,243.81039999999999
1994-02-18,240.68109999999999
1994-02-22,237.4597
1994-02-23,238.51820000000001
1994-02-24,239.89879999999999
1994-02-25,238.51820000000001
1994-02-28,241.27930000000001
1994-03-01,245.191
1994-03-02,240.91120000000001
1994-03-03,242.19970000000001
1994-03-04,238.65620000000001
1994-03-07,240.81909999999999
1994-03-08,238.3801
1994-03-09,239.99080000000001
1994-03-10,243.81039999999999
1994-03-11,250.5752
1994-03-14,247.0318
1994-03-15,250.80529999999999
1994-03-16,249.56280000000001
1994-03-17,246.6636
1994-03-18,250.11500000000001
1994-03-21,248.8725
1994-03-22,250.7133
1994-03-23,257.24799999999999
1994-03-24,264.51909999999998
1994-03-25,263.69080000000002
1994-03-28,262.31020000000001
1994-03-29,258.62860000000001
1994-03-30,258.16840000000002
1994-03-31,263.92079999999999
1994-04-04,263.92079999999999
1994-04-05,259.77910000000003
1994-04-06,254.2568
1994-04-07,253.01429999999999
1994-04-08,251.4496
1994-04-11,251.03540000000001
1994-04-12,243.07409999999999
1994-04-13,245.5591
1994-04-14,245.7432
1994-04-15,243.67230000000001
1994-04-18,241.41739999999999
1994-04-19,241.04920000000001
1994-04-20,241.3254
1994-04-21,242.29179999999999
1994-04-22,239.3005
1994-04-25,234.42250000000001
1994-04-26,235.66499999999999
1994-04-28,237.68979999999999
1994-04-29,242.9821
1994-05-02,242.9821
1994-05-03,243.3502
1994-05-04,239.89879999999999
1994-05-05,235.52690000000001
1994-05-06,233.226
1994-05-09,248.27430000000001
1994-05-10,248.1362
1994-05-11,242.29179999999999
1994-05-12,248.64240000000001
1994-05-13,249.56280000000001
1994-05-16,248.18219999999999
1994-05-17,254.48689999999999
1994-05-18,250.5292
1994-05-19,256.32769999999999
1994-05-20,254.6249
1994-05-23,263.00049999999999
1994-05-24,263.69080000000002
1994-05-25,256.23559999999998
1994-05-26,253.6585
1994-05-27,250.80529999999999
1994-05-31,252.87620000000001
1994-06-01,255.08510000000001
1994-06-02,246.1114
1994-06-03,245.65119999999999
1994-06-06,242.65989999999999
1994-06-07,242.9821
1994-06-08,245.23699999999999
1994-06-09,246.43350000000001
1994-06-10,247.90610000000001
1994-06-13,245.05289999999999
1994-06-14,249.33269999999999
1994-06-15,246.43350000000001
1994-06-16,254.48689999999999
1994-06-17,251.72569999999999
1994-06-20,257.93830000000003
1994-06-21,252.32400000000001
1994-06-22,255.13120000000001
1994-06-23,246.8937
1994-06-24,248.82650000000001
1994-06-27,248.04419999999999
1994-06-28,242.29179999999999
1994-06-29,242.52189999999999
1994-06-30,241.64750000000001
1994-07-01,246.43350000000001
1994-07-05,248.8725
1994-07-06,244.73079999999999
1994-07-07,241.1413
1994-07-08,241.04920000000001
1994-07-11,241.5094
1994-07-12,244.59270000000001
1994-07-13,239.99080000000001
1994-07-14,237.59780000000001
1994-07-15,240.35900000000001
1994-07-18,241.83160000000001
1994-07-19,239.8527
1994-07-20,244.91489999999999
1994-07-21,242.0617
1994-07-22,241.73949999999999
1994-07-25,242.0617
1994-07-26,244.8228
1994-07-27,244.96090000000001
1994-07-28,245.4211
1994-07-29,243.58029999999999
1994-08-01,245.28299999999999
1994-08-02,243.21209999999999
1994-08-03,239.89879999999999
1994-08-04,237.2296
1994-08-05,238.15000000000001
1994-08-08,235.29679999999999
1994-08-09,235.29679999999999
1994-08-10,237.41370000000001
1994-08-11,235.38890000000001
1994-08-12,238.97839999999999
1994-08-15,232.39760000000001
1994-08-16,233.45609999999999
1994-08-17,235.9871
1994-08-18,235.0667
1994-08-19,238.05799999999999
1994-08-22,240.54300000000001
1994-08-23,239.89879999999999
1994-08-24,239.94479999999999
1994-08-25,241.73949999999999
1994-08-26,241.83160000000001
1994-08-29,241.83160000000001
1994-08-30,247.67599999999999
1994-08-31,246.57159999999999
1994-09-01,248.59639999999999
1994-09-02,250.25309999999999
1994-09-06,250.25309999999999
1994-09-07,253.56649999999999
1994-09-08,253.56649999999999
1994-09-09,250.80529999999999
1994-09-12,253.56649999999999
1994-09-13,251.08150000000001
1994-09-14,251.40360000000001
1994-09-15,248.27430000000001
1994-09-16,247.8141
1994-09-19,249.88499999999999
1994-09-20,252.1859
1994-09-21,261.02159999999998
1994-09-22,257.84629999999999
1994-09-23,262.7704
1994-09-26,260.3313
1994-09-27,260.6995
1994-09-28,262.31020000000001
1994-09-29,258.76670000000001
1994-09-30,258.62860000000001
1994-10-03,254.2568
1994-10-04,257.93830000000003
1994-10-05,257.5702
1994-10-06,257.52420000000001
1994-10-07,260.23930000000001
1994-10-10,258.35250000000002
1994-10-11,255.77539999999999
1994-10-12,253.47450000000001
1994-10-13,253.47450000000001
1994-10-14,247.12379999999999
1994-10-17,248.18219999999999
1994-10-18,249.14859999999999
1994-10-19,246.43350000000001
1994-10-20,248.96459999999999
1994-10-21,248.5044
1994-10-24,244.59270000000001
1994-10-25,245.28299999999999
1994-10-26,244.2706
1994-10-27,247.9521
1994-10-28,247.0318
1994-10-31,245.97329999999999
1994-11-01,240.35900000000001
1994-11-02,242.88999999999999
1994-11-03,244.8228
1994-11-04,242.29179999999999
1994-11-07,240.589
1994-11-08,239.62260000000001
1994-11-09,239.3005
1994-11-10,236.3092
1994-11-11,238.28809999999999
1994-11-14,237.36770000000001
1994-11-15,239.94479999999999
1994-11-16,238.84030000000001
1994-11-17,240.91120000000001
1994-11-18,240.589
1994-11-21,236.95349999999999
1994-11-22,236.99950000000001
1994-11-23,237.91990000000001
1994-11-25,238.05799999999999
1994-11-28,238.012
1994-11-29,236.5393
1994-11-30,233.54810000000001
1994-12-01,226.32310000000001
1994-12-02,226.96729999999999
1994-12-05,218.13159999999999
1994-12-06,213.89779999999999
1994-12-07,215.73859999999999
1994-12-08,213.52969999999999
1994-12-09,214.91030000000001
1994-12-12,217.57939999999999
1994-12-13,221.49100000000001
1994-12-14,219.28210000000001
1994-12-15,219.28210000000001
1994-12-16,221.9512
1994-12-19,219.51220000000001
1994-12-20,221.53700000000001
1994-12-21,222.27340000000001
1994-12-22,220.34049999999999
1994-12-23,218.72989999999999
1994-12-27,218.72989999999999
1994-12-28,221.35300000000001
1994-12-29,225.6328
1994-12-30,223.19370000000001
1995-01-03,222.82560000000001
1995-01-04,216.9811
1995-01-05,212.7474
1995-01-06,216.4289
1995-01-09,213.75980000000001
1995-01-10,215.5085
1995-01-11,215.2784
1995-01-12,218.03960000000001
1995-01-13,222.73349999999999
1995-01-16,219.46619999999999
1995-01-17,220.89279999999999
1995-01-18,225.49469999999999
1995-01-19,226.5532
1995-01-20,222.96360000000001
1995-01-23,226.185
1995-01-24,221.5831
1995-01-25,221.49100000000001
1995-01-26,219.97239999999999
1995-01-27,219.23609999999999
1995-01-30,215.1404
1995-01-31,216.19880000000001
1995-02-01,215.2784
1995-02-02,215.1404
1995-02-03,217.9015
1995-02-06,216.0607
1995-02-07,216.29079999999999
1995-02-08,214.7722
1995-02-09,217.67140000000001
1995-02-10,219.09800000000001
1995-02-13,217.99359999999999
1995-02-14,218.36170000000001
1995-02-15,219.1901
1995-02-16,217.9015
1995-02-17,217.57939999999999
1995-02-21,219.88030000000001
1995-02-22,218.8219
1995-02-23,221.99719999999999
1995-02-24,221.35300000000001
1995-02-27,213.98990000000001
1995-02-28,206.6268
1995-03-01,205.84450000000001
1995-03-02,203.22139999999999
1995-03-03,204.0497
1995-03-06,203.35939999999999
1995-03-07,208.6516
1995-03-08,215.18639999999999
1995-03-09,213.1155
1995-03-10,212.05709999999999
1995-03-13,212.7474
1995-03-14,217.11920000000001
1995-03-15,217.67140000000001
1995-03-16,216.29079999999999
1995-03-17,215.04830000000001
1995-03-20,215.37049999999999
1995-03-21,215.73859999999999
1995-03-22,210.9066
1995-03-23,215.96870000000001
1995-03-24,216.10679999999999
1995-03-27,213.06950000000001
1995-03-28,214.26599999999999
1995-03-29,217.7174
1995-03-30,219.1901
1995-03-31,237.4597
1995-04-03,243.99449999999999
1995-04-04,239.76070000000001
1995-04-05,246.80170000000001
1995-04-06,246.8937
1995-04-07,248.82650000000001
1995-04-10,245.28299999999999
1995-04-11,239.76070000000001
1995-04-12,245.6052
1995-04-13,241.60149999999999
1995-04-17,241.60149999999999
1995-04-18,260.23930000000001
1995-04-19,272.20429999999999
1995-04-20,260.00920000000002
1995-04-21,259.68709999999999
1995-04-24,262.44819999999999
1995-04-25,258.99680000000001
1995-04-26,261.61989999999997
1995-04-27,256.55779999999999
1995-04-28,268.24669999999998
1995-05-01,262.21809999999999
1995-05-02,270.04140000000001
1995-05-03,270.73169999999999
1995-05-04,274.96550000000002
1995-05-05,277.86470000000003
1995-05-08,277.86470000000003
1995-05-09,272.43439999999998
1995-05-10,251.95580000000001
1995-05-11,249.6549
1995-05-12,248.04419999999999
1995-05-15,245.191
1995-05-16,248.3663
1995-05-17,247.72200000000001
1995-05-18,246.70959999999999
1995-05-19,250.5752
1995-05-22,247.0318
1995-05-23,242.75200000000001
1995-05-24,248.41229999999999
1995-05-25,252.46199999999999
1995-05-26,252.55410000000001
1995-05-30,251.2655
1995-05-31,243.67230000000001
1995-06-01,242.19970000000001
1995-06-02,246.3415
1995-06-05,240.68109999999999
1995-06-06,245.88130000000001
1995-06-07,245.51310000000001
1995-06-08,247.26179999999999
1995-06-09,245.97329999999999
1995-06-12,249.977
1995-06-13,247.9521
1995-06-14,246.8937
1995-06-15,245.28299999999999
1995-06-16,251.03540000000001
1995-06-19,250.023
1995-06-20,253.47450000000001
1995-06-21,252.64609999999999
1995-06-22,249.7929
1995-06-23,246.3415
1995-06-26,245.28299999999999
1995-06-27,245.51310000000001
1995-06-28,245.191
1995-06-29,242.15369999999999
1995-06-30,245.191
1995-07-03,233.9623
1995-07-05,233.364
1995-07-06,233.45609999999999
1995-07-07,235.52690000000001
1995-07-10,237.8279
1995-07-11,235.75700000000001
1995-07-12,237.36770000000001
1995-07-13,242.29179999999999
1995-07-14,238.7483
1995-07-17,240.49700000000001
1995-07-18,246.43350000000001
1995-07-19,245.65119999999999
1995-07-20,237.2757
1995-07-21,237.59780000000001
1995-07-24,240.35900000000001
1995-07-25,238.10400000000001
1995-07-26,237.0916
1995-07-27,238.51820000000001
1995-07-28,233.7782
1995-07-31,234.60650000000001
1995-08-01,231.47720000000001
1995-08-02,236.99950000000001
1995-08-03,236.5393
1995-08-04,239.43860000000001
1995-08-07,237.68979999999999
1995-08-08,240.45099999999999
1995-08-09,243.48830000000001
1995-08-10,241.83160000000001
1995-08-11,244.50069999999999
1995-08-14,240.589
1995-08-15,247.72200000000001
1995-08-16,246.6636
1995-08-17,252.9222
1995-08-18,260.46940000000001
1995-08-21,266.86610000000002
1995-08-22,262.5403
1995-08-23,255.86750000000001
1995-08-24,261.15969999999999
1995-08-25,256.78789999999998
1995-08-28,256.78789999999998
1995-08-29,257.0179
1995-08-30,251.03540000000001
1995-08-31,244.96090000000001
1995-09-01,245.97329999999999
1995-09-05,243.21209999999999
1995-09-06,239.89879999999999
1995-09-07,247.72200000000001
1995-09-08,252.9682
1995-09-11,248.41229999999999
1995-09-12,254.16470000000001
1995-09-13,255.08510000000001
1995-09-14,250.7133
1995-09-15,252.64609999999999
1995-09-18,252.416
1995-09-19,255.95949999999999
1995-09-20,252.13990000000001
1995-09-21,246.80170000000001
1995-09-22,251.35759999999999
1995-09-25,248.7345
1995-09-26,252.55410000000001
1995-09-27,251.03540000000001
1995-09-28,252.2319
1995-09-29,254.3948
1995-10-02,249.6549
1995-10-03,245.7432
1995-10-04,245.51310000000001
1995-10-05,246.20339999999999
1995-10-06,244.96090000000001
1995-10-09,250.48320000000001
1995-10-10,250.11500000000001
1995-10-11,249.33269999999999
1995-10-12,249.56280000000001
1995-10-13,247.72200000000001
1995-10-16,247.7681
1995-10-17,246.20339999999999
1995-10-18,246.3415
1995-10-19,246.1574
1995-10-20,245.191
1995-10-23,247.12379999999999
1995-10-24,246.3415
1995-10-25,245.97329999999999
1995-10-26,250.29910000000001
1995-10-27,248.5044
1995-10-30,245.28299999999999
1995-10-31,246.6636
1995-11-01,245.4211
1995-11-02,244.36259999999999
1995-11-03,246.57159999999999
1995-11-06,243.3502
1995-11-07,243.12010000000001
1995-11-08,247.584
1995-11-09,246.57159999999999
1995-11-10,249.8389
1995-11-13,249.56280000000001
1995-11-14,244.96090000000001
1995-11-15,245.65119999999999
1995-11-16,245.191
1995-11-17,246.6636
1995-11-20,246.3415
1995-11-21,247.35390000000001
1995-11-22,244.04050000000001
1995-11-24,240.9572
1995-11-27,242.75200000000001
1995-11-28,242.75200000000001
1995-11-29,240.26689999999999
1995-11-30,238.3801
1995-12-01,240.12889999999999
1995-12-04,238.61019999999999
1995-12-05,240.2209
1995-12-06,241.8776
1995-12-07,241.37139999999999
1995-12-08,241.5094
1995-12-11,241.73949999999999
1995-12-12,240.589
1995-12-13,237.36770000000001
1995-12-14,234.92869999999999
1995-12-15,236.67740000000001
1995-12-18,236.99950000000001
1995-12-19,238.15000000000001
1995-12-20,235.75700000000001
1995-12-21,237.36770000000001
1995-12-22,235.71100000000001
1995-12-26,235.71100000000001
1995-12-27,237.36770000000001
1995-12-28,236.21719999999999
1995-12-29,236.63140000000001
1996-01-02,237.68979999999999
1996-01-03,246.20339999999999
1996-01-04,246.1114
1996-01-05,253.1063
1996-01-08,254.48689999999999
1996-01-09,253.5205
1996-01-10,254.85499999999999
1996-01-11,255.7294
1996-01-12,251.40360000000001
1996-01-15,248.5044
1996-01-16,251.17349999999999
1996-01-17,252.7842
1996-01-18,251.4956
1996-01-19,249.1026
1996-01-22,253.29040000000001
1996-01-23,257.24799999999999
1996-01-24,254.94710000000001
1996-01-25,253.93469999999999
1996-01-26,258.44450000000001
1996-01-29,253.47450000000001
1996-01-30,256.55779999999999
1996-01-31,254.02670000000001
1996-02-01,257.47809999999998
1996-02-02,268.20060000000001
1996-02-05,266.82010000000002
1996-02-06,264.74919999999997
1996-02-07,267.97050000000002
1996-02-08,260.23930000000001
1996-02-09,263.46069999999997
1996-02-12,259.45699999999999
1996-02-13,262.67829999999998
1996-02-14,261.85000000000002
1996-02-15,264.51909999999998
1996-02-16,261.34379999999999
1996-02-20,261.85000000000002
1996-02-21,255.40729999999999
1996-02-22,257.3861
1996-02-23,253.75059999999999
1996-02-26,252.7842
1996-02-27,252.416
1996-02-28,251.40360000000001
1996-02-29,254.16470000000001
1996-03-01,254.2568
1996-03-04,252.7842
1996-03-05,246.20339999999999
1996-03-06,246.6636
1996-03-07,247.26179999999999
1996-03-08,249.88499999999999
1996-03-11,252.55410000000001
1996-03-12,253.01429999999999
1996-03-13,256.55779999999999
1996-03-14,257.06400000000002
1996-03-15,256.32769999999999
1996-03-18,255.40729999999999
1996-03-19,255.3152
1996-03-20,253.24440000000001
1996-03-21,256.0976
1996-03-22,257.84629999999999
1996-03-25,259.08879999999999
1996-03-26,259.54899999999998
1996-03-27,261.75790000000001
1996-03-28,259.50299999999999
1996-03-29,253.93469999999999
1996-04-01,253.93469999999999
1996-04-02,254.3948
1996-04-03,253.56649999999999
1996-04-04,254.2568
1996-04-08,254.2568
1996-04-09,255.1772
1996-04-10,251.40360000000001
1996-04-11,254.5789
1996-04-12,254.809
1996-04-15,253.01429999999999
1996-04-16,251.72569999999999
1996-04-17,244.4547
1996-04-18,245.46709999999999
1996-04-19,241.78550000000001
1996-04-22,243.21209999999999
1996-04-23,245.191
1996-04-24,244.73079999999999
1996-04-25,244.8228
1996-04-26,247.12379999999999
1996-04-29,243.44220000000001
1996-04-30,242.88999999999999
1996-05-01,245.05289999999999
1996-05-02,247.8141
1996-05-03,248.96459999999999
1996-05-06,248.96459999999999
1996-05-07,251.17349999999999
1996-05-08,252.32400000000001
1996-05-09,250.023
1996-05-10,249.4248
1996-05-13,247.35390000000001
1996-05-14,246.80170000000001
1996-05-15,248.5044
1996-05-16,247.35390000000001
1996-05-17,246.8477
1996-05-20,243.44220000000001
1996-05-21,243.21209999999999
1996-05-22,243.58029999999999
1996-05-23,245.5591
1996-05-24,244.40870000000001
1996-05-28,245.7432
1996-05-29,247.0318
1996-05-30,245.65119999999999
1996-05-31,245.51310000000001
1996-06-03,247.7681
1996-06-04,246.75559999999999
1996-06-05,239.53059999999999
1996-06-06,237.2296
1996-06-07,239.3005
1996-06-10,239.3005
1996-06-11,237.91990000000001
1996-06-12,235.75700000000001
1996-06-13,235.29679999999999
1996-06-14,229.08420000000001
1996-06-17,237.73580000000001
1996-06-18,238.3801
1996-06-19,239.80670000000001
1996-06-20,235.2508
1996-06-21,235.11269999999999
1996-06-24,234.97470000000001
1996-06-25,238.28809999999999
1996-06-26,236.9075
1996-06-27,234.92869999999999
1996-06-28,231.29310000000001
1996-07-01,232.3056
1996-07-02,233.226
1996-07-03,236.44730000000001
1996-07-05,233.50210000000001
1996-07-08,235.619
1996-07-09,233.54810000000001
1996-07-10,235.619
1996-07-11,234.60650000000001
1996-07-12,236.26320000000001
1996-07-15,236.3092
1996-07-16,237.0916
1996-07-17,229.8665
1996-07-18,230.0966
1996-07-19,230.7869
1996-07-22,228.85409999999999
1996-07-23,231.47720000000001
1996-07-24,229.3143
1996-07-25,229.4984
1996-07-26,229.5444
1996-07-29,234.1463
1996-07-30,233.27199999999999
1996-07-31,235.29679999999999
1996-08-01,236.99950000000001
1996-08-02,235.84909999999999
1996-08-05,234.8366
1996-08-06,233.31800000000001
1996-08-07,232.39760000000001
1996-08-08,231.9374
1996-08-09,235.619
1996-08-12,232.16749999999999
1996-08-13,233.5941
1996-08-14,234.1463
1996-08-15,231.98339999999999
1996-08-16,233.9162
1996-08-19,233.9162
1996-08-20,239.43860000000001
1996-08-21,239.6687
1996-08-22,238.7483
1996-08-23,239.89879999999999
1996-08-26,239.89879999999999
1996-08-27,241.83160000000001
1996-08-28,239.8527
1996-08-29,238.3801
1996-08-30,239.07040000000001
1996-09-03,239.20849999999999
1996-09-04,237.13759999999999
1996-09-05,239.20849999999999
1996-09-06,236.5393
1996-09-09,235.52690000000001
1996-09-10,234.00829999999999
1996-09-11,234.23840000000001
1996-09-12,233.9162
1996-09-13,232.21350000000001
1996-09-16,232.16749999999999
1996-09-17,232.94980000000001
1996-09-18,232.21350000000001
1996-09-19,232.76580000000001
1996-09-20,227.56559999999999
1996-09-23,224.3442
1996-09-24,225.95490000000001
1996-09-25,227.1054
1996-09-26,224.25219999999999
1996-09-27,223.10169999999999
1996-09-30,224.62029999999999
1996-10-01,223.10169999999999
1996-10-02,226.09299999999999
1996-10-03,226.09299999999999
1996-10-04,225.4487
1996-10-07,223.65389999999999
1996-10-08,225.17259999999999
1996-10-09,224.57429999999999
1996-10-10,228.9462
1996-10-11,231.61529999999999
1996-10-14,231.9374
1996-10-15,231.017
1996-10-16,230.92500000000001
1996-10-17,228.9462
1996-10-18,224.9425
1996-10-21,225.40270000000001
1996-10-22,227.93369999999999
1996-10-23,229.3143
1996-10-24,229.3603
1996-10-25,225.6328
1996-10-28,226.3691
1996-10-29,225.2646
1996-10-30,222.08930000000001
1996-10-31,222.04329999999999
1996-11-01,220.93879999999999
1996-11-04,221.53700000000001
1996-11-05,222.36539999999999
1996-11-06,220.43260000000001
1996-11-07,218.2697
1996-11-08,222.18129999999999
1996-11-11,222.5035
1996-11-12,225.72479999999999
1996-11-13,225.49469999999999
1996-11-14,225.17259999999999
1996-11-15,222.96360000000001
1996-11-18,225.8629
1996-11-19,224.29820000000001
1996-11-20,225.4487
1996-11-21,226.87530000000001
1996-11-22,223.65389999999999
1996-11-25,222.5035
1996-11-26,219.09800000000001
1996-11-27,218.13159999999999
1996-11-29,218.2697
1996-12-02,217.80950000000001
1996-12-03,216.751
1996-12-04,222.04329999999999
1996-12-05,218.77590000000001
1996-12-06,224.9425
1996-12-09,219.28210000000001
1996-12-10,221.53700000000001
1996-12-11,223.88399999999999
1996-12-12,222.27340000000001
1996-12-13,222.41139999999999
1996-12-16,221.35300000000001
1996-12-17,221.12289999999999
1996-12-18,223.19370000000001
1996-12-19,223.83799999999999
1996-12-20,224.3442
1996-12-23,222.04329999999999
1996-12-24,222.96360000000001
1996-12-26,222.96360000000001
1996-12-27,224.75839999999999
1996-12-30,224.57429999999999
1996-12-31,220.80070000000001
1997-01-02,219.51220000000001
1997-01-03,216.4289
1997-01-06,214.68020000000001
1997-01-07,215.5085
1997-01-08,214.22
1997-01-09,214.5881
1997-01-10,218.59180000000001
1997-01-13,219.05199999999999
1997-01-14,215.96870000000001
1997-01-15,214.17400000000001
1997-01-16,215.2784
1997-01-17,218.54580000000001
1997-01-20,218.36170000000001
1997-01-21,217.67140000000001
1997-01-22,216.19880000000001
1997-01-23,217.67140000000001
1997-01-24,228.85409999999999
1997-01-27,227.38149999999999
1997-01-28,231.47720000000001
1997-01-29,226.32310000000001
1997-01-30,224.48230000000001
1997-01-31,228.16380000000001
1997-02-03,224.5283
1997-02-04,225.72479999999999
1997-02-05,223.4238
1997-02-06,224.3442
1997-02-07,220.89279999999999
1997-02-10,226.32310000000001
1997-02-11,227.1054
1997-02-12,221.81319999999999
1997-02-13,235.75700000000001
1997-02-14,236.67740000000001
1997-02-18,240.7731
1997-02-19,239.43860000000001
1997-02-20,237.68979999999999
1997-02-21,241.1413
1997-02-24,239.99080000000001
1997-02-25,238.70230000000001
1997-02-26,240.63509999999999
1997-02-27,241.73949999999999
1997-02-28,241.73949999999999
1997-03-03,244.2706
1997-03-04,243.12010000000001
1997-03-05,239.94479999999999
1997-03-06,238.61019999999999
1997-03-07,238.15000000000001
1997-03-10,236.44730000000001
1997-03-11,241.60149999999999
1997-03-12,240.589
1997-03-13,240.68109999999999
1997-03-14,242.65989999999999
1997-03-17,241.83160000000001
1997-03-18,239.76070000000001
1997-03-19,237.87389999999999
1997-03-20,241.1413
1997-03-21,238.65620000000001
1997-03-24,236.03309999999999
1997-03-25,237.8279
1997-03-26,234.37639999999999
1997-03-27,236.07919999999999
1997-03-31,236.07919999999999
1997-04-01,231.7073
1997-04-02,228.9922
1997-04-03,223.74600000000001
1997-04-04,218.2697
1997-04-07,219.1901
1997-04-08,222.41139999999999
1997-04-09,219.51220000000001
1997-04-10,219.65029999999999
1997-04-11,220.57060000000001
1997-04-14,217.44130000000001
1997-04-15,217.21119999999999
1997-04-16,217.57939999999999
1997-04-17,222.5035
1997-04-18,217.44130000000001
1997-04-21,218.59180000000001
1997-04-22,219.1901
1997-04-23,217.3493
1997-04-24,216.88910000000001
1997-04-25,218.2697
1997-04-28,217.39529999999999
1997-04-29,213.6677
1997-04-30,214.5881
1997-05-01,215.1404
1997-05-02,217.9015
1997-05-05,217.9015
1997-05-06,218.68379999999999
1997-05-07,217.25720000000001
1997-05-08,218.72989999999999
1997-05-09,222.41139999999999
1997-05-12,223.65389999999999
1997-05-13,222.04329999999999
1997-05-14,224.29820000000001
1997-05-15,222.5035
1997-05-16,222.64150000000001
1997-05-19,215.37049999999999
1997-05-20,217.11920000000001
1997-05-21,215.00229999999999
1997-05-22,215.1404
1997-05-23,214.358
1997-05-27,218.49979999999999
1997-05-28,219.05199999999999
1997-05-29,217.3493
1997-05-30,223.51589999999999
1997-06-02,217.80950000000001
1997-06-03,218.36170000000001
1997-06-04,217.44130000000001
1997-06-05,217.80950000000001
1997-06-06,225.49469999999999
1997-06-09,221.53700000000001
1997-06-10,219.006
1997-06-11,219.51220000000001
1997-06-12,218.36170000000001
1997-06-13,216.751
1997-06-16,216.52090000000001
1997-06-17,217.21119999999999
1997-06-18,220.80070000000001
1997-06-19,217.44130000000001
1997-06-20,218.59180000000001
1997-06-23,217.3493
1997-06-24,220.89279999999999
1997-06-25,219.65029999999999
1997-06-26,219.51220000000001
1997-06-27,218.59180000000001
1997-06-30,216.9811
1997-07-01,213.75980000000001
1997-07-02,213.75980000000001
1997-07-03,214.17400000000001
1997-07-07,205.8905
1997-07-08,195.5821
1997-07-09,196.8707
1997-07-10,199.95400000000001
1997-07-11,200.59829999999999
1997-07-14,199.86189999999999
1997-07-15,196.8707
1997-07-16,198.7115
1997-07-17,194.38560000000001
1997-07-18,196.2724
1997-07-21,198.80350000000001
1997-07-22,196.96270000000001
1997-07-23,197.65299999999999
1997-07-24,197.10079999999999
1997-07-25,198.48140000000001
1997-07-28,199.95400000000001
1997-07-29,200.78229999999999
1997-07-30,200.82830000000001
1997-07-31,201.70269999999999
1997-08-01,205.8905
1997-08-04,205.24619999999999
1997-08-05,207.45509999999999
1997-08-06,199.72389999999999
1997-08-07,199.03360000000001
1997-08-08,201.70269999999999
1997-08-11,202.16290000000001
1997-08-12,203.95769999999999
1997-08-13,205.24619999999999
1997-08-14,206.1206
1997-08-15,202.9452
1997-08-18,208.23750000000001
1997-08-19,207.7312
1997-08-20,207.5472
1997-08-21,207.9153
1997-08-22,206.9949
1997-08-25,206.9949
1997-08-26,214.404
1997-08-27,214.22
1997-08-28,214.404
1997-08-29,217.44130000000001
1997-09-02,216.4289
1997-09-03,213.20750000000001
1997-09-04,215.04830000000001
1997-09-05,216.52090000000001
1997-09-08,216.9811
1997-09-09,215.1404
1997-09-10,217.9015
1997-09-11,218.03960000000001
1997-09-12,220.1104
1997-09-15,218.96000000000001
1997-09-16,216.88910000000001
1997-09-17,211.0907
1997-09-18,213.16149999999999
1997-09-19,217.25720000000001
1997-09-22,216.88910000000001
1997-09-23,215.60059999999999
1997-09-24,217.3493
1997-09-25,218.6378
1997-09-26,219.28210000000001
1997-09-29,224.11410000000001
1997-09-30,237.8279
1997-10-01,238.61019999999999
1997-10-02,236.76939999999999
1997-10-03,237.13759999999999
1997-10-06,242.9821
1997-10-07,238.42609999999999
1997-10-08,241.64750000000001
1997-10-09,241.04920000000001
1997-10-10,236.67740000000001
1997-10-13,238.61019999999999
1997-10-14,235.84909999999999
1997-10-15,229.63640000000001
1997-10-16,234.8366
1997-10-17,226.185
1997-10-20,227.2895
1997-10-21,228.0258
1997-10-22,228.71610000000001
1997-10-23,233.54810000000001
1997-10-24,225.6328
1997-10-27,222.18129999999999
1997-10-28,222.04329999999999
1997-10-29,220.61670000000001
1997-10-30,221.16890000000001
1997-10-31,221.5831
1997-11-03,220.1104
1997-11-04,222.8716
1997-11-05,223.19370000000001
1997-11-06,223.19370000000001
1997-11-07,227.79570000000001
1997-11-10,224.11410000000001
1997-11-11,227.24340000000001
1997-11-12,227.56559999999999
1997-11-13,231.1551
1997-11-14,232.76580000000001
1997-11-17,236.3092
1997-11-18,235.0667
1997-11-19,235.75700000000001
1997-11-20,240.68109999999999
1997-11-21,241.60149999999999
1997-11-24,251.95580000000001
1997-11-25,245.32900000000001
1997-11-26,240.91120000000001
1997-11-28,243.81039999999999
1997-12-01,240.91120000000001
1997-12-02,244.59270000000001
1997-12-03,244.59270000000001
1997-12-04,243.67230000000001
1997-12-05,244.36259999999999
1997-12-08,249.88499999999999
1997-12-09,247.72200000000001
1997-12-10,268.52280000000002
1997-12-11,278.4169
1997-12-12,266.22179999999997
1997-12-15,274.27519999999998
1997-12-16,268.66079999999999
1997-12-17,278.4169
1997-12-18,276.57619999999997
1997-12-19,280.02760000000001
1997-12-22,278.64699999999999
1997-12-23,277.49650000000003
1997-12-24,288.44909999999999
1997-12-26,288.44909999999999
1997-12-29,287.16059999999999
1997-12-30,285.4579
1997-12-31,275.88589999999999
1998-01-02,273.35480000000001
1998-01-05,270.59359999999998
1998-01-06,277.03640000000001
1998-01-07,280.48779999999999
1998-01-08,279.06119999999999
1998-01-09,264.15089999999998
1998-01-12,254.6249
1998-01-13,257.24799999999999
1998-01-14,262.31020000000001
1998-01-15,266.68200000000002
1998-01-16,271.19189999999998
1998-01-20,266.91210000000001
1998-01-21,266.68200000000002
1998-01-22,270.59359999999998
1998-01-23,268.06259999999997
1998-01-26,273.26280000000003
1998-01-27,278.32490000000001
1998-01-28,276.9443
1998-01-29,283.387
1998-01-30,278.32490000000001
1998-02-02,287.62079999999997
1998-02-03,293.83339999999998
1998-02-04,324.43630000000002
1998-02-05,347.26179999999999
1998-02-06,359.411
1998-02-09,330.87900000000002
1998-02-10,328.34789999999998
1998-02-11,326.27699999999999
1998-02-12,322.13529999999997
1998-02-13,325.8168
1998-02-17,332.02949999999998
1998-02-18,309.01979999999998
1998-02-19,307.86930000000001
1998-02-20,311.32080000000002
1998-02-23,297.9751
1998-02-24,294.06349999999998
1998-02-25,291.76249999999999
1998-02-26,278.32490000000001
1998-02-27,293.1431
1998-03-02,303.95769999999999
1998-03-03,299.03359999999998
1998-03-04,294.06349999999998
1998-03-05,290.84219999999999
1998-03-06,290.38200000000001
1998-03-09,279.06119999999999
1998-03-10,281.5462
1998-03-11,290.51999999999998
1998-03-12,284.1694
1998-03-13,286.93049999999999
1998-03-16,281.5462
1998-03-17,279.47539999999998
1998-03-18,266.91210000000001
1998-03-19,268.983
1998-03-20,273.03269999999998
1998-03-23,290.98020000000002
1998-03-24,297.28489999999999
1998-03-25,291.6705
1998-03-26,292.68290000000002
1998-03-27,293.3732
1998-03-30,292.22269999999997
1998-03-31,291.99259999999998
1998-04-01,297.51499999999999
1998-04-02,297.00869999999998
1998-04-03,309.71010000000001
1998-04-06,305.33819999999997
1998-04-07,293.83339999999998
1998-04-08,297.28489999999999
1998-04-09,294.98390000000001
1998-04-13,294.98390000000001
1998-04-14,294.98390000000001
1998-04-15,287.16059999999999
1998-04-16,279.33730000000003
1998-04-17,288.7713
1998-04-20,288.7253
1998-04-21,286.7004
1998-04-22,290.38200000000001
1998-04-23,290.84219999999999
1998-04-24,290.6121
1998-04-27,286.01010000000002
1998-04-28,282.32859999999999
1998-04-29,280.94799999999998
1998-04-30,286.01010000000002
1998-05-01,283.9393
1998-05-04,283.9393
1998-05-05,286.93049999999999
1998-05-06,279.70549999999997
1998-05-07,270.59359999999998
1998-05-08,276.48410000000001
1998-05-11,266.45190000000002
1998-05-12,266.35989999999998
1998-05-13,251.2655
1998-05-14,255.86750000000001
1998-05-15,260.60750000000002
1998-05-18,249.4248
1998-05-19,241.73949999999999
1998-05-20,239.76070000000001
1998-05-21,245.7432
1998-05-22,244.36259999999999
1998-05-26,242.9821
1998-05-27,234.00829999999999
1998-05-28,238.15000000000001
1998-05-29,228.11779999999999
1998-06-01,236.67740000000001
1998-06-02,235.52690000000001
1998-06-03,238.84030000000001
1998-06-04,238.15000000000001
1998-06-05,240.68109999999999
1998-06-08,241.83160000000001
1998-06-09,251.2655
1998-06-10,246.43350000000001
1998-06-11,244.2706
1998-06-12,237.68979999999999
1998-06-15,234.37639999999999
1998-06-16,236.3092
1998-06-17,242.9821
1998-06-18,244.73079999999999
1998-06-19,243.67230000000001
1998-06-22,244.36259999999999
1998-06-23,246.6636
1998-06-24,245.51310000000001
1998-06-25,243.58029999999999
1998-06-26,248.04419999999999
1998-06-29,244.13249999999999
1998-06-30,246.57159999999999
1998-07-01,254.2568
1998-07-02,250.5752
1998-07-06,244.8228
1998-07-07,245.97329999999999
1998-07-08,245.28299999999999
1998-07-09,245.51310000000001
1998-07-10,243.67230000000001
1998-07-13,242.4298
1998-07-14,245.28299999999999
1998-07-15,244.8228
1998-07-16,246.80170000000001
1998-07-17,243.21209999999999
1998-07-20,248.04419999999999
1998-07-21,249.56280000000001
1998-07-22,260.00920000000002
1998-07-23,261.06760000000003
1998-07-24,268.4307
1998-07-27,258.8587
1998-07-28,259.54899999999998
1998-07-29,260.92959999999999
1998-07-30,254.94710000000001
1998-07-31,254.2568
1998-08-03,248.8725
1998-08-04,247.8141
1998-08-05,251.8638
1998-08-06,249.4248
1998-08-07,248.96459999999999
1998-08-10,243.21209999999999
1998-08-11,239.3005
1998-08-12,241.37139999999999
1998-08-13,234.92869999999999
1998-08-14,236.5393
1998-08-17,236.07919999999999
1998-08-18,235.619
1998-08-19,234.6986
1998-08-20,234.8366
1998-08-21,237.4597
1998-08-24,237.4597
1998-08-25,233.45609999999999
1998-08-26,228.48599999999999
1998-08-27,228.9462
1998-08-28,220.20249999999999
1998-08-31,220.20249999999999
1998-09-01,217.67140000000001
1998-09-02,223.10169999999999
1998-09-03,221.35300000000001
1998-09-04,229.1763
1998-09-08,230.55680000000001
1998-09-09,223.19370000000001
1998-09-10,229.1763
1998-09-11,232.53569999999999
1998-09-14,228.2559
1998-09-15,226.87530000000001
1998-09-16,227.79570000000001
1998-09-17,227.4735
1998-09-18,229.8665
1998-09-21,230.32669999999999
1998-09-22,225.2646
1998-09-23,224.57429999999999
1998-09-24,232.8578
1998-09-25,238.61019999999999
1998-09-28,236.5393
1998-09-29,246.43350000000001
1998-09-30,247.8141
1998-10-01,246.6636
1998-10-02,244.13249999999999
1998-10-05,237.2296
1998-10-06,234.1463
1998-10-07,236.07919999999999
1998-10-08,240.2209
1998-10-09,230.69489999999999
1998-10-12,222.96360000000001
1998-10-13,223.88399999999999
1998-10-14,221.0308
1998-10-15,221.81319999999999
1998-10-16,228.2559
1998-10-19,225.49469999999999
1998-10-20,223.4238
1998-10-21,225.03450000000001
1998-10-22,224.57429999999999
1998-10-23,223.88399999999999
1998-10-26,223.65389999999999
1998-10-27,230.0966
1998-10-28,232.8578
1998-10-29,232.16749999999999
1998-10-30,232.6277
1998-11-02,231.7073
1998-11-03,228.2559
1998-11-04,226.64519999999999
1998-11-05,227.79570000000001
1998-11-06,231.7073
1998-11-09,229.8665
1998-11-10,230.0966
1998-11-11,229.5444
1998-11-12,229.40639999999999
1998-11-13,235.9871
1998-11-16,231.7073
1998-11-17,227.79570000000001
1998-11-18,228.0258
1998-11-19,230.55680000000001
1998-11-20,228.2559
1998-11-23,226.185
1998-11-24,226.32310000000001
1998-11-25,226.185
1998-11-27,227.1054
1998-11-30,226.64519999999999
1998-12-01,224.3442
1998-12-02,224.3442
1998-12-03,215.8306
1998-12-04,220.1104
1998-12-07,219.05199999999999
1998-12-08,219.97239999999999
1998-12-09,221.81319999999999
1998-12-10,222.5035
1998-12-11,222.5035
1998-12-14,220.20249999999999
1998-12-15,224.11410000000001
1998-12-16,227.4735
1998-12-17,230.92500000000001
1998-12-18,227.1054
1998-12-21,227.79570000000001
1998-12-22,225.03450000000001
1998-12-23,225.03450000000001
1998-12-24,225.72479999999999
1998-12-28,225.72479999999999
1998-12-29,226.185
1998-12-30,231.47720000000001
1998-12-31,230.32669999999999
1999-01-04,229.8665
1999-01-05,225.95490000000001
1999-01-06,237.13759999999999
1999-01-07,243.44220000000001
1999-01-08,239.76070000000001
1999-01-11,241.83160000000001
1999-01-12,246.43350000000001
1999-01-13,238.61019999999999
1999-01-14,236.5393
1999-01-15,234.92869999999999
1999-01-19,235.84909999999999
1999-01-20,236.07919999999999
1999-01-21,237.13759999999999
1999-01-22,236.3092
1999-01-25,234.46850000000001
1999-01-26,236.99950000000001
1999-01-27,233.7782
1999-01-28,234.1463
1999-01-29,241.04920000000001
1999-02-01,242.75200000000001
1999-02-02,242.9821
1999-02-03,254.94710000000001
1999-02-04,258.62860000000001
1999-02-05,261.85000000000002
1999-02-08,256.55779999999999
1999-02-09,254.48689999999999
1999-02-10,254.2568
1999-02-11,252.87620000000001
1999-02-12,259.54899999999998
1999-02-16,260.6995
1999-02-17,247.8141
1999-02-18,251.40360000000001
1999-02-19,257.70819999999998
1999-02-22,256.55779999999999
1999-02-23,253.3364
1999-02-24,253.1063
1999-02-25,249.4248
1999-02-26,256.78789999999998
1999-03-01,258.62860000000001
1999-03-02,252.416
1999-03-03,245.97329999999999
1999-03-04,240.35900000000001
1999-03-05,243.67230000000001
1999-03-08,241.37139999999999
1999-03-09,244.59270000000001
1999-03-10,241.1413
1999-03-11,243.21209999999999
1999-03-12,244.2706
1999-03-15,239.53059999999999
1999-03-16,232.6277
1999-03-17,232.07550000000001
1999-03-18,231.9374
1999-03-19,231.7073
1999-03-22,233.31800000000001
1999-03-23,236.07919999999999
1999-03-24,234.46850000000001
1999-03-25,232.6277
1999-03-26,232.76580000000001
1999-03-29,234.37639999999999
1999-03-30,235.38890000000001
1999-03-31,231.24709999999999
1999-04-01,230.55680000000001
1999-04-05,230.55680000000001
1999-04-06,227.56559999999999
1999-04-07,228.16380000000001
1999-04-08,229.08420000000001
1999-04-09,226.185
1999-04-12,229.1763
1999-04-13,225.03450000000001
1999-04-14,227.3355
1999-04-15,224.57429999999999
1999-04-16,231.017
1999-04-19,233.08789999999999
1999-04-20,236.76939999999999
1999-04-21,235.38890000000001
1999-04-22,237.13759999999999
1999-04-23,238.51820000000001
1999-04-26,236.76939999999999
1999-04-27,234.60650000000001
1999-04-28,239.53059999999999
1999-04-29,242.75200000000001
1999-04-30,250.3451
1999-05-03,250.3451
1999-05-04,245.05289999999999
1999-05-05,243.67230000000001
1999-05-06,249.88499999999999
1999-05-07,242.65989999999999
1999-05-10,247.35390000000001
1999-05-11,247.72200000000001
1999-05-12,248.5044
1999-05-13,246.8937
1999-05-14,251.72569999999999
1999-05-17,246.6636
1999-05-18,247.35390000000001
1999-05-19,243.21209999999999
1999-05-20,244.59270000000001
1999-05-21,244.13249999999999
1999-05-24,236.76939999999999
1999-05-25,234.00829999999999
1999-05-26,232.39760000000001
1999-05-27,228.0258
1999-05-28,227.1054
1999-06-01,224.57429999999999
1999-06-02,229.1763
1999-06-03,228.2559
1999-06-04,225.6328
1999-06-07,229.1763
1999-06-08,229.1763
1999-06-09,226.78319999999999
1999-06-10,231.017
1999-06-11,234.23840000000001
1999-06-14,235.38890000000001
1999-06-15,233.45609999999999
1999-06-16,230.55680000000001
1999-06-17,232.3056
1999-06-18,233.08789999999999
1999-06-21,228.71610000000001
1999-06-22,231.017
1999-06-23,233.31800000000001
1999-06-24,234.6986
1999-06-25,235.84909999999999
1999-06-28,233.45609999999999
1999-06-29,236.99950000000001
1999-06-30,240.12889999999999
1999-07-01,244.36259999999999
1999-07-02,241.1413
1999-07-06,241.96960000000001
1999-07-07,238.15000000000001
1999-07-08,240.45099999999999
1999-07-09,239.99080000000001
1999-07-12,240.589
1999-07-13,234.19239999999999
1999-07-14,235.619
1999-07-15,232.39760000000001
1999-07-16,235.15880000000001
1999-07-19,232.39760000000001
1999-07-20,232.39760000000001
1999-07-21,231.24709999999999
1999-07-22,235.38890000000001
1999-07-23,236.07919999999999
1999-07-26,235.38890000000001
1999-07-27,237.4597
1999-07-28,236.99950000000001
1999-07-29,244.96090000000001
1999-07-30,250.7133
1999-08-02,246.6636
1999-08-03,248.96459999999999
1999-08-04,254.02670000000001
1999-08-05,251.03540000000001
1999-08-06,247.8141
1999-08-09,246.57159999999999
1999-08-10,242.9821
1999-08-11,245.7432
1999-08-12,248.27430000000001
1999-08-13,245.7432
1999-08-16,241.96960000000001
1999-08-17,240.91120000000001
1999-08-18,241.1413
1999-08-19,239.53059999999999
1999-08-20,238.7483
1999-08-23,241.37139999999999
1999-08-24,236.07919999999999
1999-08-25,235.15880000000001
1999-08-26,233.54810000000001
1999-08-27,235.619
1999-08-30,235.619
1999-08-31,233.68610000000001
1999-09-01,239.07040000000001
1999-09-02,236.67740000000001
1999-09-03,238.84030000000001
1999-09-07,237.4597
1999-09-08,237.68979999999999
1999-09-09,238.7483
1999-09-10,239.3005
1999-09-13,238.84030000000001
1999-09-14,236.3092
1999-09-15,236.07919999999999
1999-09-16,234.6986
1999-09-17,234.60650000000001
1999-09-20,235.38890000000001
1999-09-21,236.5393
1999-09-22,241.83160000000001
1999-09-23,242.0617
1999-09-24,241.60149999999999
1999-09-27,244.73079999999999
1999-09-28,250.3451
1999-09-29,262.7704
1999-09-30,256.55779999999999
1999-10-01,261.06760000000003
1999-10-04,257.93830000000003
1999-10-05,262.7704
1999-10-06,251.8638
1999-10-07,256.69580000000002
1999-10-08,255.63740000000001
1999-10-11,254.02670000000001
1999-10-12,256.0976
1999-10-13,255.40729999999999
1999-10-14,260.00920000000002
1999-10-15,247.584
1999-10-18,245.97329999999999
1999-10-19,240.68109999999999
1999-10-20,241.1413
1999-10-21,238.05799999999999
1999-10-22,239.76070000000001
1999-10-25,241.1413
1999-10-26,242.19970000000001
1999-10-27,238.61019999999999
1999-10-28,239.76070000000001
1999-10-29,243.44220000000001
1999-11-01,239.07040000000001
1999-11-02,239.76070000000001
1999-11-03,240.2209
1999-11-04,240.2209
1999-11-05,239.76070000000001
1999-11-08,232.6277
1999-11-09,233.68610000000001
1999-11-10,235.15880000000001
1999-11-11,235.84909999999999
1999-11-12,233.54810000000001
1999-11-15,233.31800000000001
1999-11-16,234.46850000000001
1999-11-17,237.8279
1999-11-18,234.6986
1999-11-19,236.07919999999999
1999-11-22,236.3092
1999-11-23,238.05799999999999
1999-11-24,241.60149999999999
1999-11-26,239.20849999999999
1999-11-29,240.2209
1999-11-30,238.3801
1999-12-01,238.84030000000001
1999-12-02,237.4597
1999-12-03,234.00829999999999
1999-12-06,233.31800000000001
1999-12-07,236.3092
1999-12-08,236.5393
1999-12-09,234.23840000000001
1999-12-10,235.0667
1999-12-13,235.38890000000001
1999-12-14,234.8366
1999-12-15,238.61019999999999
1999-12-16,237.4597
1999-12-17,239.3005
1999-12-20,239.3005
1999-12-21,238.15000000000001
1999-12-22,237.68979999999999
1999-12-23,239.20849999999999
1999-12-27,239.20849999999999
1999-12-28,239.20849999999999
1999-12-29,238.84030000000001
1999-12-30,245.28299999999999
1999-12-31,245.28299999999999
2000-01-03,245.28299999999999
2000-01-04,244.04050000000001
2000-01-05,243.21209999999999
2000-01-06,236.5393
2000-01-07,236.3092
2000-01-10,236.76939999999999
2000-01-11,237.2296
2000-01-12,236.76939999999999
2000-01-13,234.23840000000001
2000-01-14,234.46850000000001
2000-01-18,236.07919999999999
2000-01-19,234.8366
2000-01-20,236.07919999999999
2000-01-21,238.3801
2000-01-24,239.76070000000001
2000-01-25,242.4298
2000-01-26,239.3005
2000-01-27,243.67230000000001
2000-01-28,247.12379999999999
2000-01-31,242.0617
2000-02-01,241.27930000000001
2000-02-02,239.6687
2000-02-03,239.3005
2000-02-04,240.68109999999999
2000-02-07,250.7133
2000-02-08,242.52189999999999
2000-02-09,246.80170000000001
2000-02-10,246.6636
2000-02-11,246.6636
2000-02-14,240.91120000000001
2000-02-15,241.1413
2000-02-16,240.68109999999999
2000-02-17,243.21209999999999
2000-02-18,240.68109999999999
2000-02-22,241.1413
2000-02-23,241.83160000000001
2000-02-24,240.2209
2000-02-25,236.99950000000001
2000-02-28,233.68610000000001
2000-02-29,234.46850000000001
2000-03-01,235.84909999999999
2000-03-02,231.7073
2000-03-03,231.017
2000-03-06,234.23840000000001
2000-03-07,232.39760000000001
2000-03-08,233.08789999999999
2000-03-09,232.39760000000001
2000-03-10,235.15880000000001
2000-03-13,234.37639999999999
2000-03-14,233.7782
2000-03-15,233.7782
2000-03-16,235.38890000000001
2000-03-17,232.8578
2000-03-20,233.08789999999999
2000-03-21,231.7073
2000-03-22,236.07919999999999
2000-03-23,234.92869999999999
2000-03-24,233.7782
2000-03-27,234.23840000000001
2000-03-28,233.08789999999999
2000-03-29,232.39760000000001
2000-03-30,227.3355
2000-03-31,227.1054
2000-04-03,231.9374
2000-04-04,229.63640000000001
2000-04-05,235.15880000000001
2000-04-06,234.46850000000001
2000-04-07,234.00829999999999
2000-04-10,233.7782
2000-04-11,235.52690000000001
2000-04-12,234.46850000000001
2000-04-13,234.6986
2000-04-14,236.07919999999999
2000-04-17,236.3092
2000-04-18,234.00829999999999
2000-04-19,234.8366
2000-04-20,234.46850000000001
2000-04-24,234.46850000000001
2000-04-25,228.2559
2000-04-26,228.71610000000001
2000-04-27,228.9462
2000-04-28,227.24340000000001
2000-05-01,227.24340000000001
2000-05-02,230.32669999999999
2000-05-03,230.0966
2000-05-04,230.0966
2000-05-05,233.54810000000001
2000-05-08,229.40639999999999
2000-05-09,229.63640000000001
2000-05-10,231.24709999999999
2000-05-11,230.0966
2000-05-12,228.71610000000001
2000-05-15,229.1763
2000-05-16,230.32669999999999
2000-05-17,231.9374
2000-05-18,228.48599999999999
2000-05-19,229.1763
2000-05-22,229.08420000000001
2000-05-23,229.8665
2000-05-24,229.1763
2000-05-25,228.624
2000-05-26,226.185
2000-05-30,227.3355
2000-05-31,225.49469999999999
2000-06-01,225.2646
2000-06-02,225.95490000000001
2000-06-05,231.47720000000001
2000-06-06,230.32669999999999
2000-06-07,232.16749999999999
2000-06-08,232.6277
2000-06-09,231.7073
2000-06-12,230.55680000000001
2000-06-13,234.1463
2000-06-14,229.8665
2000-06-15,232.8578
2000-06-16,232.39760000000001
2000-06-19,231.9374
2000-06-20,229.63640000000001
2000-06-21,231.017
2000-06-22,226.87530000000001
2000-06-23,228.0258
2000-06-26,227.3355
2000-06-27,228.0258
2000-06-28,227.1054
2000-06-29,229.08420000000001
2000-06-30,230.92500000000001
2000-07-03,229.8665
2000-07-05,229.63640000000001
2000-07-06,228.71610000000001
2000-07-07,229.40639999999999
2000-07-10,228.9462
2000-07-11,228.9462
2000-07-12,228.0258
2000-07-13,228.0258
2000-07-14,228.2559
2000-07-17,230.32669999999999
2000-07-18,230.7869
2000-07-19,229.63640000000001
2000-07-20,228.2559
2000-07-21,229.5444
2000-07-24,226.64519999999999
2000-07-25,226.4151
2000-07-26,228.48599999999999
2000-07-27,227.1054
2000-07-28,227.79570000000001
2000-07-31,227.79570000000001
2000-08-01,229.08420000000001
2000-08-02,228.2559
2000-08-03,228.16380000000001
2000-08-04,227.70359999999999
2000-08-07,226.4151
2000-08-08,226.64519999999999
2000-08-09,224.11410000000001
2000-08-10,224.3442
2000-08-11,225.49469999999999
2000-08-14,225.95490000000001
2000-08-15,223.88399999999999
2000-08-16,222.96360000000001
2000-08-17,224.11410000000001
2000-08-18,223.33179999999999
2000-08-21,222.5035
2000-08-22,222.18129999999999
2000-08-23,221.35300000000001
2000-08-24,219.05199999999999
2000-08-25,223.65389999999999
2000-08-28,223.65389999999999
2000-08-29,224.80439999999999
2000-08-30,225.17259999999999
2000-08-31,225.95490000000001
2000-09-01,227.3355
2000-09-05,227.4735
2000-09-06,227.79570000000001
2000-09-07,225.95490000000001
2000-09-08,225.03450000000001
2000-09-11,223.88399999999999
2000-09-12,223.4238
2000-09-13,224.57429999999999
2000-09-14,223.88399999999999
2000-09-15,224.02209999999999
2000-09-18,223.4238
2000-09-19,223.10169999999999
2000-09-20,223.4238
2000-09-21,221.81319999999999
2000-09-22,224.7124
2000-09-25,225.17259999999999
2000-09-26,225.40270000000001
2000-09-27,225.49469999999999
2000-09-28,227.24340000000001
2000-09-29,224.9425
2000-10-02,224.7124
2000-10-03,224.57429999999999
2000-10-04,224.80439999999999
2000-10-05,224.3442
2000-10-06,223.4238
2000-10-09,223.65389999999999
2000-10-10,223.88399999999999
2000-10-11,224.80439999999999
2000-10-12,223.33179999999999
2000-10-13,224.7124
2000-10-16,223.65389999999999
2000-10-17,222.96360000000001
2000-10-18,222.73349999999999
2000-10-19,222.27340000000001
2000-10-20,221.5831
2000-10-23,222.27340000000001
2000-10-24,219.97239999999999
2000-10-25,219.97239999999999
2000-10-26,218.59180000000001
2000-10-27,217.11920000000001
2000-10-30,218.8219
2000-10-31,218.13159999999999
2000-11-01,218.59180000000001
2000-11-02,218.59180000000001
2000-11-03,216.751
2000-11-06,217.67140000000001
2000-11-07,218.13159999999999
2000-11-08,216.9811
2000-11-09,217.3493
2000-11-10,217.44130000000001
2000-11-13,214.91030000000001
2000-11-14,214.5881
2000-11-15,214.45009999999999
2000-11-16,214.91030000000001
2000-11-17,214.12790000000001
2000-11-20,213.75980000000001
2000-11-21,213.89779999999999
2000-11-22,212.60929999999999
2000-11-24,212.3792
2000-11-27,212.60929999999999
2000-11-28,215.96870000000001
2000-11-29,216.0607
2000-11-30,213.06950000000001
2000-12-01,215.60059999999999
2000-12-04,214.68020000000001
2000-12-05,215.96870000000001
2000-12-06,216.751
2000-12-07,218.36170000000001
2000-12-08,216.751
2000-12-11,214.45009999999999
2000-12-12,214.45009999999999
2000-12-13,213.98990000000001
2000-12-14,213.4376
2000-12-15,212.1491
2000-12-18,210.5384
2000-12-19,210.3083
2000-12-20,212.1491
2000-12-21,211.91900000000001
2000-12-22,211.68889999999999
2000-12-26,211.68889999999999
2000-12-27,213.06950000000001
2000-12-28,211.4588
2000-12-29,210.5384
2001-01-02,211.2287
2001-01-03,208.23750000000001
2001-01-04,206.8569
2001-01-05,208.00739999999999
2001-01-08,210.3083
2001-01-09,209.3879
2001-01-10,208.4676
2001-01-11,209.15780000000001
2001-01-12,209.84809999999999
2001-01-16,211.91900000000001
2001-01-17,214.81819999999999
2001-01-18,217.44130000000001
2001-01-19,221.81319999999999
2001-01-22,219.7423
2001-01-23,221.12289999999999
2001-01-24,219.28210000000001
2001-01-25,219.88030000000001
2001-01-26,220.20249999999999
2001-01-29,220.20249999999999
2001-01-30,220.80070000000001
2001-01-31,220.43260000000001
2001-02-01,220.80070000000001
2001-02-02,218.36170000000001
2001-02-05,217.21119999999999
2001-02-06,214.45009999999999
2001-02-07,213.06950000000001
2001-02-08,210.76849999999999
2001-02-09,210.3083
2001-02-12,209.61799999999999
2001-02-13,210.3083
2001-02-14,209.3879
2001-02-15,207.7773
2001-02-16,207.08699999999999
2001-02-20,206.9949
2001-02-21,203.40539999999999
2001-02-22,203.63550000000001
2001-02-23,204.786
2001-02-26,204.09569999999999
2001-02-27,205.3843
2001-02-28,203.8656
2001-03-01,207.5472
2001-03-02,203.40539999999999
2001-03-05,202.48500000000001
2001-03-06,203.40539999999999
2001-03-07,203.40539999999999
2001-03-08,205.24619999999999
2001-03-09,207.31710000000001
2001-03-12,207.5472
2001-03-13,203.17529999999999
2001-03-14,204.786
2001-03-15,203.40539999999999
2001-03-16,200.1841
2001-03-19,199.03360000000001
2001-03-20,199.49379999999999
2001-03-21,199.49379999999999
2001-03-22,199.72389999999999
2001-03-23,199.95400000000001
2001-03-26,200.1841
2001-03-27,200.87440000000001
2001-03-28,203.77359999999999
2001-03-29,200.64429999999999
2001-03-30,199.2637
2001-04-02,197.65299999999999
2001-04-03,199.03360000000001
2001-04-04,199.03360000000001
2001-04-05,199.95400000000001
2001-04-06,200.1841
2001-04-09,200.1841
2001-04-10,199.03360000000001
2001-04-11,199.2637
2001-04-12,200.87440000000001
2001-04-16,200.87440000000001
2001-04-17,202.71510000000001
2001-04-18,199.03360000000001
2001-04-19,201.33459999999999
2001-04-20,203.8656
2001-04-23,203.40539999999999
2001-04-24,203.8656
2001-04-25,204.09569999999999
2001-04-26,201.56469999999999
2001-04-27,202.48500000000001
2001-04-30,200.87440000000001
2001-05-01,199.6318
2001-05-02,201.79480000000001
2001-05-03,201.79480000000001
2001-05-04,200.64429999999999
2001-05-07,200.64429999999999
2001-05-08,199.03360000000001
2001-05-09,198.94159999999999
2001-05-10,202.25489999999999
2001-05-11,199.95400000000001
2001-05-14,199.72389999999999
2001-05-15,199.72389999999999
2001-05-16,199.49379999999999
2001-05-17,203.40539999999999
2001-05-18,204.786
2001-05-21,210.99860000000001
2001-05-22,207.7773
2001-05-23,208.00739999999999
2001-05-24,212.83940000000001
2001-05-25,210.21629999999999
2001-05-29,208.00739999999999
2001-05-30,207.68520000000001
2001-05-31,203.63550000000001
2001-06-01,202.25489999999999
2001-06-04,202.71510000000001
2001-06-05,200.09200000000001
2001-06-06,200.64429999999999
2001-06-07,199.49379999999999
2001-06-08,199.95400000000001
2001-06-11,200.64429999999999
2001-06-12,199.40170000000001
2001-06-13,201.79480000000001
2001-06-14,202.393
2001-06-15,204.786
2001-06-18,201.33459999999999
2001-06-19,203.8656
2001-06-20,202.48500000000001
2001-06-21,200.1841
2001-06-22,199.49379999999999
2001-06-25,198.80350000000001
2001-06-26,197.88310000000001
2001-06-27,200.32210000000001
2001-06-28,198.11320000000001
2001-06-29,199.49379999999999
2001-07-02,198.11320000000001
2001-07-03,197.4229
2001-07-05,196.04230000000001
2001-07-06,194.43170000000001
2001-07-09,196.2724
2001-07-10,196.2724
2001-07-11,195.81219999999999
2001-07-12,196.04230000000001
2001-07-13,195.72020000000001
2001-07-16,198.3433
2001-07-17,194.20160000000001
2001-07-18,195.12200000000001
2001-07-19,196.5025
2001-07-20,194.20160000000001
2001-07-23,195.9503
2001-07-24,196.04230000000001
2001-07-25,195.12200000000001
2001-07-26,195.12200000000001
2001-07-27,195.5821
2001-07-30,194.43170000000001
2001-07-31,193.97149999999999
2001-08-01,195.12200000000001
2001-08-02,194.7998
2001-08-03,195.12200000000001
2001-08-06,194.20160000000001
2001-08-07,190.52000000000001
2001-08-08,191.21029999999999
2001-08-09,191.21029999999999
2001-08-10,194.20160000000001
2001-08-13,192.13069999999999
2001-08-14,191.44040000000001
2001-08-15,194.6618
2001-08-16,191.9006
2001-08-17,193.97149999999999
2001-08-20,195.12200000000001
2001-08-21,191.6705
2001-08-22,193.51130000000001
2001-08-23,193.05109999999999
2001-08-24,194.20160000000001
2001-08-27,194.20160000000001
2001-08-28,193.7414
2001-08-29,193.7414
2001-08-30,193.41919999999999
2001-08-31,193.28120000000001
2001-09-04,192.13069999999999
2001-09-05,192.821
2001-09-06,192.36080000000001
2001-09-07,192.5909
2001-09-10,192.36080000000001
2001-09-17,197.4229
2001-09-18,200.87440000000001
2001-09-19,205.47630000000001
2001-09-20,212.60929999999999
2001-09-21,211.68889999999999
2001-09-24,207.45509999999999
2001-09-25,208.00739999999999
2001-09-26,209.52600000000001
2001-09-27,209.15780000000001
2001-09-28,210.99860000000001
2001-10-01,210.76849999999999
2001-10-02,211.4588
2001-10-03,211.13669999999999
2001-10-04,212.1491
2001-10-05,213.75980000000001
2001-10-08,213.75980000000001
2001-10-09,213.06950000000001
2001-10-10,206.53469999999999
2001-10-11,203.17529999999999
2001-10-12,203.40539999999999
2001-10-15,203.40539999999999
2001-10-16,200.41419999999999
2001-10-17,201.33459999999999
2001-10-18,199.95400000000001
2001-10-19,195.12200000000001
2001-10-22,194.89189999999999
2001-10-23,194.43170000000001
2001-10-24,195.352
2001-10-25,192.821
2001-10-26,193.51130000000001
2001-10-29,193.97149999999999
2001-10-30,197.33090000000001
2001-10-31,196.73259999999999
2001-11-01,194.89189999999999
2001-11-02,194.20160000000001
2001-11-05,189.8297
2001-11-06,189.8297
2001-11-07,190.7501
2001-11-08,190.0598
2001-11-09,188.9093
2001-11-12,190.9802
2001-11-13,189.2775
2001-11-14,192.36080000000001
2001-11-15,189.13939999999999
2001-11-16,189.5076
2001-11-19,189.13939999999999
2001-11-20,187.75890000000001
2001-11-21,187.0686
2001-11-23,188.44909999999999
2001-11-26,187.2987
2001-11-27,187.2987
2001-11-28,188.2191
2001-11-29,190.428
2001-11-30,190.52000000000001
2001-12-03,192.36080000000001
2001-12-04,193.64930000000001
2001-12-05,190.7501
2001-12-06,194.20160000000001
2001-12-07,196.5025
2001-12-10,194.89189999999999
2001-12-11,195.352
2001-12-12,197.4229
2001-12-13,196.5025
2001-12-14,200.64429999999999
2001-12-17,201.79480000000001
2001-12-18,204.32579999999999
2001-12-19,206.6268
2001-12-20,201.79480000000001
2001-12-21,208.00739999999999
2001-12-24,208.92769999999999
2001-12-26,208.92769999999999
2001-12-27,208.92769999999999
2001-12-28,207.08699999999999
2001-12-31,208.00739999999999
2002-01-02,211.2287
2002-01-03,213.06950000000001
2002-01-04,215.37049999999999
2002-01-07,216.9811
2002-01-08,219.51220000000001
2002-01-09,218.59180000000001
2002-01-10,222.96360000000001
2002-01-11,219.05199999999999
2002-01-14,214.81819999999999
2002-01-15,209.61799999999999
2002-01-16,214.91030000000001
2002-01-17,210.07820000000001
2002-01-18,203.08330000000001
2002-01-22,199.72389999999999
2002-01-23,197.7911
2002-01-24,197.56100000000001
2002-01-25,199.40170000000001
2002-01-28,197.19280000000001
2002-01-29,194.89189999999999
2002-01-30,197.65299999999999
2002-01-31,196.73259999999999
2002-02-01,195.49010000000001
2002-02-04,197.88310000000001
2002-02-05,197.88310000000001
2002-02-06,205.9365
2002-02-07,200.87440000000001
2002-02-08,201.56469999999999
2002-02-11,202.48500000000001
2002-02-12,201.93279999999999
2002-02-13,204.32579999999999
2002-02-14,207.5472
2002-02-15,210.76849999999999
2002-02-19,207.7773
2002-02-20,206.8569
2002-02-21,202.71510000000001
2002-02-22,204.55590000000001
2002-02-25,202.25489999999999
2002-02-26,201.33459999999999
2002-02-27,204.786
2002-02-28,204.09569999999999
2002-03-01,206.8569
2002-03-04,211.59690000000001
2002-03-05,210.3083
2002-03-06,208.23750000000001
2002-03-07,206.16659999999999
2002-03-08,206.39670000000001
2002-03-11,208.4676
2002-03-12,206.76480000000001
2002-03-13,207.22499999999999
2002-03-14,209.0658
2002-03-15,206.39670000000001
2002-03-18,206.39670000000001
2002-03-19,207.45509999999999
2002-03-20,207.7773
2002-03-21,207.68520000000001
2002-03-22,207.31710000000001
2002-03-25,208.6977
2002-03-26,209.9862
2002-03-27,213.6217
2002-03-28,215.1404
2002-04-01,215.1404
2002-04-02,214.68020000000001
2002-04-03,216.29079999999999
2002-04-04,212.28720000000001
2002-04-05,212.3792
2002-04-08,209.7561
2002-04-09,210.07820000000001
2002-04-10,209.61799999999999
2002-04-11,212.3792
2002-04-12,210.07820000000001
2002-04-15,210.76849999999999
2002-04-16,205.24619999999999
2002-04-17,204.55590000000001
2002-04-18,205.24619999999999
2002-04-19,207.22499999999999
2002-04-22,208.92769999999999
2002-04-23,208.23750000000001
2002-04-24,210.9066
2002-04-25,211.2287
2002-04-26,212.60929999999999
2002-04-29,213.2996
2002-04-30,211.68889999999999
2002-05-01,208.92769999999999
2002-05-02,208.00739999999999
2002-05-03,210.07820000000001
2002-05-06,210.07820000000001
2002-05-07,212.60929999999999
2002-05-08,212.60929999999999
2002-05-09,209.84809999999999
2002-05-10,212.7474
2002-05-13,215.8306
2002-05-14,212.3792
2002-05-15,211.68889999999999
2002-05-16,213.2996
2002-05-17,213.52969999999999
2002-05-20,214.45009999999999
2002-05-21,220.20249999999999
2002-05-22,221.81319999999999
2002-05-23,219.7423
2002-05-24,223.4238
2002-05-28,221.81319999999999
2002-05-29,225.95490000000001
2002-05-30,225.72479999999999
2002-05-31,232.16749999999999
2002-06-03,232.16749999999999
2002-06-04,232.16749999999999
2002-06-05,232.39760000000001
2002-06-06,227.1054
2002-06-07,230.4648
2002-06-10,227.3355
2002-06-11,225.03450000000001
2002-06-12,224.57429999999999
2002-06-13,223.88399999999999
2002-06-14,225.03450000000001
2002-06-17,221.81319999999999
2002-06-18,222.96360000000001
2002-06-19,225.2646
2002-06-20,223.65389999999999
2002-06-21,224.57429999999999
2002-06-24,225.72479999999999
2002-06-25,223.19370000000001
2002-06-26,224.57429999999999
2002-06-27,221.81319999999999
2002-06-28,224.11410000000001
2002-07-01,220.89279999999999
2002-07-02,223.88399999999999
2002-07-03,226.185
2002-07-05,225.95490000000001
2002-07-08,227.3355
2002-07-09,228.48599999999999
2002-07-10,232.07550000000001
2002-07-11,231.017
2002-07-12,232.8578
2002-07-15,232.16749999999999
2002-07-16,234.60650000000001
2002-07-17,230.0966
2002-07-18,229.8665
2002-07-19,230.55680000000001
2002-07-22,232.39760000000001
2002-07-23,229.5444
2002-07-24,223.65389999999999
2002-07-25,223.65389999999999
2002-07-26,222.04329999999999
2002-07-29,213.98990000000001
2002-07-30,214.45009999999999
2002-07-31,214.45009999999999
2002-08-01,208.92769999999999
2002-08-02,212.83940000000001
2002-08-05,212.60929999999999
2002-08-06,211.91900000000001
2002-08-07,213.52969999999999
2002-08-08,215.37049999999999
2002-08-09,213.06950000000001
2002-08-12,216.52090000000001
2002-08-13,211.68889999999999
2002-08-14,213.06950000000001
2002-08-15,206.39670000000001
2002-08-16,207.31710000000001
2002-08-19,206.9949
2002-08-20,204.09569999999999
2002-08-21,204.32579999999999
2002-08-22,203.40539999999999
2002-08-23,204.32579999999999
2002-08-26,204.32579999999999
2002-08-27,204.32579999999999
2002-08-28,207.08699999999999
2002-08-29,206.8569
2002-08-30,210.07820000000001
2002-09-03,206.39670000000001
2002-09-04,205.47630000000001
2002-09-05,207.31710000000001
2002-09-06,208.4676
2002-09-09,208.6977
2002-09-10,208.92769999999999
2002-09-11,208.4676
2002-09-12,209.29589999999999
2002-09-13,211.2287
2002-09-16,209.15780000000001
2002-09-17,209.3879
2002-09-18,210.76849999999999
2002-09-19,213.89779999999999
2002-09-20,212.60929999999999
2002-09-23,213.4376
2002-09-24,212.83940000000001
2002-09-25,212.60929999999999
2002-09-26,209.61799999999999
2002-09-27,207.5472
2002-09-30,208.60560000000001
2002-10-01,208.1454
2002-10-02,206.39670000000001
2002-10-03,206.53469999999999
2002-10-04,205.9365
2002-10-07,206.39670000000001
2002-10-08,204.32579999999999
2002-10-09,200.41419999999999
2002-10-10,199.95400000000001
2002-10-11,197.65299999999999
2002-10-14,199.40170000000001
2002-10-15,198.11320000000001
2002-10-16,198.57339999999999
2002-10-17,200.41419999999999
2002-10-18,199.72389999999999
2002-10-21,201.33459999999999
2002-10-22,201.4726
2002-10-23,202.9452
2002-10-24,202.0249
2002-10-25,201.33459999999999
2002-10-28,203.40539999999999
2002-10-29,203.8656
2002-10-30,206.0746
2002-10-31,205.9365
2002-11-01,209.15780000000001
2002-11-04,204.786
2002-11-05,207.08699999999999
2002-11-06,205.7064
2002-11-07,207.22499999999999
2002-11-08,211.13669999999999
2002-11-11,208.4676
2002-11-12,210.07820000000001
2002-11-13,210.44640000000001
2002-11-14,209.61799999999999
2002-11-15,209.3879
2002-11-18,208.92769999999999
2002-11-19,209.3879
2002-11-20,209.15780000000001
2002-11-21,208.6977
2002-11-22,205.24619999999999
2002-11-25,207.08699999999999
2002-11-26,205.7064
2002-11-27,204.32579999999999
2002-11-29,203.8656
2002-12-02,203.8656
2002-12-03,204.4639
2002-12-04,210.3083
2002-12-05,212.3792
2002-12-06,214.12790000000001
2002-12-09,212.83940000000001
2002-12-10,210.76849999999999
2002-12-11,212.83940000000001
2002-12-12,213.98990000000001
2002-12-13,218.2697
2002-12-16,216.29079999999999
2002-12-17,217.44130000000001
2002-12-18,212.60929999999999
2002-12-19,217.21119999999999
2002-12-20,214.68020000000001
2002-12-23,212.83940000000001
2002-12-24,212.3792
2002-12-26,212.3792
2002-12-27,214.91030000000001
2002-12-30,217.21119999999999
2002-12-31,214.68020000000001
2003-01-02,218.13159999999999
2003-01-03,220.20249999999999
2003-01-06,225.95490000000001
2003-01-07,222.73349999999999
2003-01-08,219.7423
2003-01-09,222.41139999999999
2003-01-10,222.73349999999999
2003-01-13,221.81319999999999
2003-01-14,221.35300000000001
2003-01-15,217.80950000000001
2003-01-16,219.51220000000001
2003-01-17,221.49100000000001
2003-01-21,219.05199999999999
2003-01-22,222.04329999999999
2003-01-23,223.19370000000001
2003-01-24,219.97239999999999
2003-01-27,225.72479999999999
2003-01-28,220.89279999999999
2003-01-29,223.19370000000001
2003-01-30,220.20249999999999
2003-01-31,224.25219999999999
2003-02-03,222.96360000000001
2003-02-04,223.19370000000001
2003-02-05,226.78319999999999
2003-02-06,219.7423
2003-02-07,216.751
2003-02-10,213.98990000000001
2003-02-11,210.44640000000001
2003-02-12,210.07820000000001
2003-02-13,208.1454
2003-02-14,208.4676
2003-02-18,207.5472
2003-02-19,210.6765
2003-02-20,213.52969999999999
2003-02-21,213.4376
2003-02-24,215.1404
2003-02-25,216.19880000000001
2003-02-26,212.83940000000001
2003-02-27,213.98990000000001
2003-02-28,211.4588
2003-03-03,212.1491
2003-03-04,215.2784
2003-03-05,214.358
2003-03-06,213.06950000000001
2003-03-07,214.81819999999999
2003-03-10,215.1404
2003-03-11,214.22
2003-03-12,214.68020000000001
2003-03-13,210.99860000000001
2003-03-14,208.92769999999999
2003-03-17,210.3083
2003-03-18,205.7064
2003-03-19,206.16659999999999
2003-03-20,202.71510000000001
2003-03-21,202.62309999999999
2003-03-24,201.4726
2003-03-25,202.25489999999999
2003-03-26,201.56469999999999
2003-03-27,202.85319999999999
2003-03-28,201.79480000000001
2003-03-31,205.24619999999999
2003-04-01,204.2338
2003-04-02,202.25489999999999
2003-04-03,201.1045
2003-04-04,202.0249
2003-04-07,201.79480000000001
2003-04-08,203.40539999999999
2003-04-09,205.9365
2003-04-10,205.7064
2003-04-11,205.47630000000001
2003-04-14,206.16659999999999
2003-04-15,207.7773
2003-04-16,206.6268
2003-04-17,206.16659999999999
2003-04-21,206.16659999999999
2003-04-22,209.0658
2003-04-23,210.07820000000001
2003-04-24,211.91900000000001
2003-04-25,212.60929999999999
2003-04-28,212.83940000000001
2003-04-29,209.61799999999999
2003-04-30,211.91900000000001
2003-05-01,214.45009999999999
2003-05-02,218.59180000000001
2003-05-05,218.59180000000001
2003-05-06,220.6627
2003-05-07,219.05199999999999
2003-05-08,217.44130000000001
2003-05-09,219.97239999999999
2003-05-12,220.43260000000001
2003-05-13,222.5035
2003-05-14,221.5831
2003-05-15,223.88399999999999
2003-05-16,220.43260000000001
2003-05-19,222.27340000000001
2003-05-20,222.73349999999999
2003-05-21,218.13159999999999
2003-05-22,216.9811
2003-05-23,215.1404
2003-05-27,215.5085
2003-05-28,211.2287
2003-05-29,212.1491
2003-05-30,209.84809999999999
2003-06-02,207.08699999999999
2003-06-03,207.7773
2003-06-04,208.00739999999999
2003-06-05,206.16659999999999
2003-06-06,208.4676
2003-06-09,208.00739999999999
2003-06-10,207.5472
2003-06-11,206.30459999999999
2003-06-12,206.8569
2003-06-13,207.5472
2003-06-16,211.2287
2003-06-17,212.3792
2003-06-18,210.3083
2003-06-19,208.1454
2003-06-20,209.61799999999999
2003-06-23,208.4676
2003-06-24,208.92769999999999
2003-06-25,207.31710000000001
2003-06-26,208.4676
2003-06-27,208.23750000000001
2003-06-30,207.31710000000001
2003-07-01,209.61799999999999
2003-07-02,210.5384
2003-07-03,212.83940000000001
2003-07-07,214.22
2003-07-08,215.8306
2003-07-09,218.13159999999999
2003-07-10,222.04329999999999
2003-07-11,218.8219
2003-07-14,220.6627
2003-07-15,219.97239999999999
2003-07-16,214.91030000000001
2003-07-17,215.37049999999999
2003-07-18,214.45009999999999
2003-07-21,217.67140000000001
2003-07-22,218.72989999999999
2003-07-23,222.41139999999999
2003-07-24,232.8578
2003-07-25,230.7869
2003-07-28,233.7782
2003-07-29,231.017
2003-07-30,234.6986
2003-07-31,233.7782
2003-08-01,235.619
2003-08-04,231.7073
2003-08-05,229.1763
2003-08-06,226.87530000000001
2003-08-07,227.1054
2003-08-08,232.39760000000001
2003-08-11,229.1763
2003-08-12,229.1763
2003-08-13,224.11410000000001
2003-08-14,231.9374
2003-08-15,230.7869
2003-08-18,226.185
2003-08-19,226.4151
2003-08-20,229.8665
2003-08-21,229.40639999999999
2003-08-22,226.87530000000001
2003-08-25,226.87530000000001
2003-08-26,227.79570000000001
2003-08-27,229.8665
2003-08-28,234.23840000000001
2003-08-29,234.92869999999999
2003-09-02,235.15880000000001
2003-09-03,228.9462
2003-09-04,230.7869
2003-09-05,230.0966
2003-09-08,234.46850000000001
2003-09-09,236.3092
2003-09-10,239.76070000000001
2003-09-11,240.45099999999999
2003-09-12,244.59270000000001
2003-09-15,237.2296
2003-09-16,237.68979999999999
2003-09-17,237.4597
2003-09-18,243.9024
2003-09-19,239.3005
2003-09-22,244.36259999999999
2003-09-23,241.83160000000001
2003-09-24,240.45099999999999
2003-09-25,244.73079999999999
2003-09-26,238.84030000000001
2003-09-29,235.84909999999999
2003-09-30,235.38890000000001
2003-10-01,235.84909999999999
2003-10-02,233.54810000000001
2003-10-03,233.7782
2003-10-06,222.5035
2003-10-07,222.73349999999999
2003-10-08,225.03450000000001
2003-10-09,221.5831
2003-10-10,223.4238
2003-10-13,224.80439999999999
2003-10-14,227.3355
2003-10-15,225.72479999999999
2003-10-16,225.95490000000001
2003-10-17,226.4151
2003-10-20,226.185
2003-10-21,230.0966
2003-10-22,233.7782
2003-10-23,236.76939999999999
2003-10-24,236.9075
2003-10-27,235.84909999999999
2003-10-28,236.99950000000001
2003-10-29,234.37639999999999
2003-10-30,238.61019999999999
2003-10-31,236.3092
2003-11-03,232.8578
2003-11-04,227.01329999999999
2003-11-05,230.4648
2003-11-06,228.0258
2003-11-07,228.48599999999999
2003-11-10,231.47720000000001
2003-11-11,232.8578
2003-11-12,233.54810000000001
2003-11-13,244.8228
2003-11-14,243.9024
2003-11-17,247.8141
2003-11-18,239.53059999999999
2003-11-19,244.8228
2003-11-20,242.29179999999999
2003-11-21,240.91120000000001
2003-11-24,241.1413
2003-11-25,239.76070000000001
2003-11-26,243.9024
2003-11-28,246.20339999999999
2003-12-01,246.6636
2003-12-02,251.2655
2003-12-03,251.72569999999999
2003-12-04,250.3451
2003-12-05,249.19470000000001
2003-12-08,253.3364
2003-12-09,254.94710000000001
2003-12-10,257.93830000000003
2003-12-11,254.94710000000001
2003-12-12,258.62860000000001
2003-12-15,255.63740000000001
2003-12-16,260.46940000000001
2003-12-17,259.08879999999999
2003-12-18,262.31020000000001
2003-12-19,260.6995
2003-12-22,263.46069999999997
2003-12-23,261.61989999999997
2003-12-24,263.23059999999998
2003-12-26,263.23059999999998
2003-12-29,269.67329999999998
2003-12-30,271.9742
2003-12-31,274.50529999999998
2004-01-02,275.42570000000001
2004-01-05,274.96550000000002
2004-01-06,289.00139999999999
2004-01-07,286.01010000000002
2004-01-08,285.31979999999999
2004-01-09,287.39069999999998
2004-01-12,306.02850000000001
2004-01-13,304.41789999999997
2004-01-14,301.19650000000001
2004-01-15,290.6121
2004-01-16,285.54989999999998
2004-01-20,294.06349999999998
2004-01-21,289.92180000000002
2004-01-22,288.08100000000002
2004-01-23,291.99259999999998
2004-01-26,287.39069999999998
2004-01-27,287.16059999999999
2004-01-28,300.96640000000002
2004-01-29,300.73630000000003
2004-01-30,286.47030000000001
2004-02-02,285.54989999999998
2004-02-03,284.1694
2004-02-04,279.79750000000001
2004-02-05,282.55869999999999
2004-02-06,280.48779999999999
2004-02-09,291.99259999999998
2004-02-10,296.13440000000003
2004-02-11,289.23149999999998
2004-02-12,300.96640000000002
2004-02-13,302.0249
2004-02-17,305.56830000000002
2004-02-18,313.85180000000003
2004-02-19,304.55590000000001
2004-02-20,304.09570000000002
2004-02-23,298.66539999999998
2004-02-24,300.87439999999998
2004-02-25,310.99860000000001
2004-02-26,292.82100000000003
2004-02-27,302.80720000000002
2004-03-01,309.71010000000001
2004-03-02,315.69260000000003
2004-03-03,303.4975
2004-03-04,313.85180000000003
2004-03-05,312.7013
2004-03-08,318.4538
2004-03-09,318.4538
2004-03-10,329.95859999999999
2004-03-11,326.50709999999998
2004-03-12,331.5693
2004-03-15,326.96730000000002
2004-03-16,329.26830000000001
2004-03-17,329.26830000000001
2004-03-18,332.94979999999998
2004-03-19,341.69349999999997
2004-03-22,352.04790000000003
2004-03-23,346.98570000000001
2004-03-24,353.19830000000002
2004-03-25,346.98570000000001
2004-03-26,344.6848
2004-03-29,352.96820000000002
2004-03-30,350.20710000000003
2004-03-31,360.10120000000001
2004-04-01,365.39350000000002
2004-04-02,381.50020000000001
2004-04-05,377.1284
2004-04-06,374.59730000000002
2004-04-07,375.2876
2004-04-08,372.06630000000001
2004-04-12,372.06630000000001
2004-04-13,361.48180000000002
2004-04-14,329.26830000000001
2004-04-15,315.69260000000003
2004-04-16,327.42750000000001
2004-04-19,334.79059999999998
2004-04-20,323.74599999999998
2004-04-21,295.44409999999999
2004-04-22,282.55869999999999
2004-04-23,284.8596
2004-04-26,286.47030000000001
2004-04-27,288.7713
2004-04-28,286.7004
2004-04-29,256.32769999999999
2004-04-30,273.815
2004-05-03,273.815
2004-05-04,280.71789999999999
2004-05-05,280.02760000000001
2004-05-06,277.49650000000003
2004-05-07,266.91210000000001
2004-05-10,252.87620000000001
2004-05-11,260.92959999999999
2004-05-12,259.31889999999999
2004-05-13,255.40729999999999
2004-05-14,255.86750000000001
2004-05-17,267.3723
2004-05-18,264.15089999999998
2004-05-19,263.23059999999998
2004-05-20,268.52280000000002
2004-05-21,269.67329999999998
2004-05-24,268.52280000000002
2004-05-25,277.49650000000003
2004-05-26,281.17809999999997
2004-05-27,279.33730000000003
2004-05-28,283.70920000000001
2004-06-01,283.9393
2004-06-02,280.2577
2004-06-03,267.83249999999998
2004-06-04,265.07130000000001
2004-06-07,269.90339999999998
2004-06-08,271.51400000000001
2004-06-09,264.15089999999998
2004-06-10,260.37740000000002
2004-06-14,260.46940000000001
2004-06-15,259.08879999999999
2004-06-16,260.00920000000002
2004-06-17,264.84120000000001
2004-06-18,273.815
2004-06-21,273.35480000000001
2004-06-22,266.91210000000001
2004-06-23,270.59359999999998
2004-06-24,270.36360000000002
2004-06-25,283.01889999999997
2004-06-28,284.30739999999997
2004-06-29,271.05380000000002
2004-06-30,271.9742
2004-07-01,270.36360000000002
2004-07-02,270.82369999999997
2004-07-06,277.26650000000001
2004-07-07,277.72660000000002
2004-07-08,285.31979999999999
2004-07-09,299.12560000000002
2004-07-12,300.50619999999998
2004-07-13,293.60329999999999
2004-07-14,295.214
2004-07-15,300.96640000000002
2004-07-16,304.64800000000002
2004-07-19,308.55959999999999
2004-07-20,302.57709999999997
2004-07-21,297.74509999999998
2004-07-22,291.99259999999998
2004-07-23,290.38200000000001
2004-07-26,289.69170000000003
2004-07-27,287.16059999999999
2004-07-28,284.8596
2004-07-29,290.84219999999999
2004-07-30,295.44409999999999
2004-08-02,305.56830000000002
2004-08-03,299.12560000000002
2004-08-04,304.64800000000002
2004-08-05,305.56830000000002
2004-08-06,307.40910000000002
2004-08-09,308.3295
2004-08-10,307.40910000000002
2004-08-11,303.7276
2004-08-12,302.80720000000002
2004-08-13,298.20519999999999
2004-08-16,307.86930000000001
2004-08-17,308.78969999999998
2004-08-18,308.0994
2004-08-19,313.85180000000003
2004-08-20,313.16149999999999
2004-08-23,311.55090000000001
2004-08-24,306.02850000000001
2004-08-25,302.34699999999998
2004-08-26,303.7276
2004-08-27,307.17899999999997
2004-08-30,307.17899999999997
2004-08-31,310.1703
2004-09-01,309.71010000000001
2004-09-02,311.09070000000003
2004-09-03,308.92770000000002
2004-09-07,299.8159
2004-09-08,284.39940000000001
2004-09-09,282.0985
2004-09-10,282.55869999999999
2004-09-13,282.0985
2004-09-14,284.8596
2004-09-15,284.62950000000001
2004-09-16,288.44909999999999
2004-09-17,288.31110000000001
2004-09-20,285.54989999999998
2004-09-21,289.00139999999999
2004-09-22,289.92180000000002
2004-09-23,294.06349999999998
2004-09-24,295.44409999999999
2004-09-27,294.06349999999998
2004-09-28,303.26740000000001
2004-09-29,300.50619999999998
2004-09-30,306.71879999999999
2004-10-01,314.7722
2004-10-04,314.31200000000001
2004-10-05,309.9402
2004-10-06,329.03820000000002
2004-10-07,328.11779999999999
2004-10-08,329.03820000000002
2004-10-11,332.94979999999998
2004-10-12,323.28579999999999
2004-10-13,312.24110000000002
2004-10-14,321.90519999999998
2004-10-15,324.8965
2004-10-18,323.97609999999997
2004-10-19,320.29450000000003
2004-10-20,333.17989999999998
2004-10-21,337.09160000000003
2004-10-22,331.5693
2004-10-25,342.38380000000001
2004-10-26,336.40129999999999
2004-10-27,336.86149999999998
2004-10-28,324.8965
2004-10-29,329.4984
2004-11-01,333.17989999999998
2004-11-02,331.10910000000001
2004-11-03,324.20620000000002
2004-11-04,333.87020000000001
2004-11-05,338.70229999999998
2004-11-08,342.6139
2004-11-09,341.92360000000002
2004-11-10,345.14499999999998
2004-11-11,341.23329999999999
2004-11-12,344.4547
2004-11-15,349.2867
2004-11-16,345.37509999999997
2004-11-17,350.80529999999999
2004-11-18,352.50810000000001
2004-11-19,349.0566
2004-11-22,350.43720000000002
2004-11-23,348.13619999999997
2004-11-24,347.90609999999998
2004-11-26,352.96820000000002
2004-11-29,352.04790000000003
2004-11-30,356.87990000000002
2004-12-01,355.03910000000002
2004-12-02,369.99540000000002
2004-12-03,360.3313
2004-12-06,368.15460000000002
2004-12-07,360.92959999999999
2004-12-08,344.22460000000001
2004-12-09,317.53339999999997
2004-12-10,308.78969999999998
2004-12-13,314.22000000000003
2004-12-14,311.32080000000002
2004-12-15,312.01100000000002
2004-12-16,312.24110000000002
2004-12-17,307.63920000000002
2004-12-20,313.39159999999998
2004-12-21,315.23239999999998
2004-12-22,315.00229999999999
2004-12-23,316.613
2004-12-27,316.613
2004-12-28,316.613
2004-12-29,320.75470000000001
2004-12-30,311.55090000000001
2004-12-31,313.62169999999998
2005-01-03,313.62169999999998
2005-01-04,294.06349999999998
2005-01-05,297.0548
2005-01-06,295.44409999999999
2005-01-07,297.28489999999999
2005-01-10,297.74509999999998
2005-01-11,300.1841
2005-01-12,302.80720000000002
2005-01-13,308.6977
2005-01-14,305.10809999999998
2005-01-18,302.80720000000002
2005-01-19,307.40910000000002
2005-01-20,300.04599999999999
2005-01-21,302.80720000000002
2005-01-24,313.39159999999998
2005-01-25,312.47120000000001
2005-01-26,309.24990000000003
2005-01-27,312.24110000000002
2005-01-28,311.55090000000001
2005-01-31,309.24990000000003
2005-02-01,308.3295
2005-02-02,309.71010000000001
2005-02-03,308.55959999999999
2005-02-04,306.2586
2005-02-07,303.4975
2005-02-08,298.43529999999998
2005-02-09,301.42660000000001
2005-02-10,302.71510000000001
2005-02-11,321.2149
2005-02-14,333.41000000000003
2005-02-15,333.41000000000003
2005-02-16,328.11779999999999
2005-02-17,333.87020000000001
2005-02-18,336.86149999999998
2005-02-22,347.44589999999999
2005-02-23,342.84399999999999
2005-02-24,343.76440000000002
2005-02-25,333.31799999999998
2005-02-28,338.24209999999999
2005-03-01,334.1003
2005-03-02,328.11779999999999
2005-03-03,335.48090000000002
2005-03-04,329.95859999999999
2005-03-07,338.24209999999999
2005-03-08,340.54300000000001
2005-03-09,348.36630000000002
2005-03-10,346.06529999999998
2005-03-11,341.23329999999999
2005-03-14,343.99450000000002
2005-03-15,341.23329999999999
2005-03-16,341.00319999999999
2005-03-17,338.70229999999998
2005-03-18,337.55180000000001
2005-03-21,333.64010000000002
2005-03-22,327.19740000000002
2005-03-23,318.22370000000001
2005-03-24,319.14400000000001
2005-03-28,319.14400000000001
2005-03-29,318.4538
2005-03-30,320.29450000000003
2005-03-31,330.7869
2005-04-01,326.96730000000002
2005-04-04,320.29450000000003
2005-04-05,319.3741
2005-04-06,324.43630000000002
2005-04-07,327.6576
2005-04-08,323.51589999999999
2005-04-11,330.64890000000003
2005-04-12,332.94979999999998
2005-04-13,329.4984
2005-04-14,326.96730000000002
2005-04-15,322.59550000000002
2005-04-18,324.20620000000002
2005-04-19,324.66640000000001
2005-04-20,331.5693
2005-04-21,335.25080000000003
2005-04-22,332.94979999999998
2005-04-25,332.02949999999998
2005-04-26,334.3304
2005-04-27,332.02949999999998
2005-04-28,326.50709999999998
2005-04-29,321.2149
2005-05-02,321.2149
2005-05-03,315.23239999999998
2005-05-04,317.30329999999998
2005-05-05,324.43630000000002
2005-05-06,323.74599999999998
2005-05-09,320.06439999999998
2005-05-10,324.8965
2005-05-11,325.8168
2005-05-12,322.36540000000002
2005-05-13,316.613
2005-05-16,316.84309999999999
2005-05-17,320.75470000000001
2005-05-18,323.0557
2005-05-19,330.41879999999998
2005-05-20,326.73719999999997
2005-05-23,321.2149
2005-05-24,322.50349999999997
2005-05-25,322.59550000000002
2005-05-26,325.8168
2005-05-27,329.95859999999999
2005-05-31,328.11779999999999
2005-06-01,339.62259999999998
2005-06-02,344.22460000000001
2005-06-03,346.52550000000002
2005-06-06,343.30419999999998
2005-06-07,346.29539999999997
2005-06-08,340.54300000000001
2005-06-09,339.62259999999998
2005-06-10,333.17989999999998
2005-06-13,331.33920000000001
2005-06-14,333.87020000000001
2005-06-15,333.87020000000001
2005-06-16,339.39249999999998
2005-06-17,340.31290000000001
2005-06-20,339.16239999999999
2005-06-21,332.02949999999998
2005-06-22,333.17989999999998
2005-06-23,332.2595
2005-06-24,335.25080000000003
2005-06-27,333.17989999999998
2005-06-28,332.02949999999998
2005-06-29,325.35660000000001
2005-06-30,326.73719999999997
2005-07-01,323.0557
2005-07-05,317.07319999999999
2005-07-06,316.84309999999999
2005-07-07,323.51589999999999
2005-07-08,319.51220000000001
2005-07-11,323.97609999999997
2005-07-12,326.87529999999998
2005-07-13,323.74599999999998
2005-07-14,321.44499999999999
2005-07-15,320.52460000000002
2005-07-18,321.90519999999998
2005-07-19,319.60419999999999
2005-07-20,320.52460000000002
2005-07-21,326.50709999999998
2005-07-22,327.42750000000001
2005-07-25,327.19740000000002
2005-07-26,325.58670000000001
2005-07-27,321.67509999999999
2005-07-28,325.1266
2005-07-29,328.80810000000002
2005-08-01,333.64010000000002
2005-08-02,333.17989999999998
2005-08-03,333.87020000000001
2005-08-04,332.4896
2005-08-05,331.47719999999998
2005-08-08,328.11779999999999
2005-08-09,321.90519999999998
2005-08-10,325.35660000000001
2005-08-11,326.04689999999999
2005-08-12,330.18869999999998
2005-08-15,325.1266
2005-08-16,321.2149
2005-08-17,322.13529999999997
2005-08-18,320.29450000000003
2005-08-19,321.90519999999998
2005-08-22,321.67509999999999
2005-08-23,324.66640000000001
2005-08-24,320.52460000000002
2005-08-25,319.60419999999999
2005-08-26,315.00229999999999
2005-08-29,315.00229999999999
2005-08-30,310.86059999999998
2005-08-31,310.1703
2005-09-01,315.46249999999998
2005-09-02,323.0557
2005-09-06,323.28579999999999
2005-09-07,323.0557
2005-09-08,323.97609999999997
2005-09-09,321.44499999999999
2005-09-12,320.98480000000001
2005-09-13,321.44499999999999
2005-09-14,320.06439999999998
2005-09-15,323.42380000000003
2005-09-16,325.8168
2005-09-19,336.40129999999999
2005-09-20,337.32170000000002
2005-09-21,335.25080000000003
2005-09-22,341.60149999999999
2005-09-23,335.48090000000002
2005-09-26,332.4896
2005-09-27,335.71100000000001
2005-09-28,334.56049999999999
2005-09-29,340.54300000000001
2005-09-30,346.52550000000002
2005-10-03,339.39249999999998
2005-10-04,341.92360000000002
2005-10-05,338.012
2005-10-06,341.92360000000002
2005-10-07,350.66730000000001
2005-10-10,357.80029999999999
2005-10-11,357.11000000000001
2005-10-12,361.02159999999998
2005-10-13,355.95949999999999
2005-10-14,352.96820000000002
2005-10-17,361.71190000000001
2005-10-18,357.80029999999999
2005-10-19,355.7294
2005-10-20,349.74689999999998
2005-10-21,349.74689999999998
2005-10-24,350.43720000000002
2005-10-25,355.26920000000001
2005-10-26,360.3313
2005-10-27,359.411
2005-10-28,358.49059999999997
2005-10-31,357.34010000000001
2005-11-01,346.75560000000002
2005-11-02,341.46339999999998
2005-11-03,348.59640000000002
2005-11-04,347.67599999999999
2005-11-07,344.4547
2005-11-08,346.20339999999999
2005-11-09,352.04790000000003
2005-11-10,356.18959999999998
2005-11-11,354.2568
2005-11-14,360.23930000000001
2005-11-15,357.5702
2005-11-16,358.26049999999998
2005-11-17,372.5265
2005-11-18,373.21679999999998
2005-11-21,373.21679999999998
2005-11-22,375.74779999999998
2005-11-23,370.4556
2005-11-25,377.35849999999999
2005-11-28,380.48779999999999
2005-11-29,381.50020000000001
2005-11-30,377.81869999999998
2005-12-01,382.65069999999997
2005-12-02,392.77499999999998
2005-12-05,395.30599999999998
2005-12-06,395.76620000000003
2005-12-07,405.89049999999997
2005-12-08,404.50990000000002
2005-12-09,412.79340000000002
2005-12-12,424.5283
2005-12-13,402.20890000000003
2005-12-14,386.10219999999998
2005-12-15,386.10219999999998
2005-12-16,396.22640000000001
2005-12-19,396.45650000000001
2005-12-20,393.46530000000001
2005-12-21,380.80990000000003
2005-12-22,385.87209999999999
2005-12-23,391.16430000000003
2005-12-27,391.16430000000003
2005-12-28,403.1293
2005-12-29,409.8021
2005-12-30,406.35070000000002
2006-01-03,416.0147
2006-01-04,420.61669999999998
2006-01-05,413.71379999999999
2006-01-06,406.35070000000002
2006-01-09,418.77589999999998
2006-01-10,416.0147
2006-01-11,409.572
2006-01-12,414.17399999999998
2006-01-13,414.63409999999999
2006-01-17,415.78460000000001
2006-01-18,408.42149999999998
2006-01-19,409.8021
2006-01-20,417.85550000000001
2006-01-23,410.72250000000003
2006-01-24,414.17399999999998
2006-01-25,433.73219999999998
2006-01-26,436.72340000000003
2006-01-27,445.9273
2006-01-30,444.31659999999999
2006-01-31,456.05149999999998
2006-02-01,449.60879999999997
2006-02-02,451.90980000000002
2006-02-03,451.44959999999998
2006-02-06,449.14859999999999
2006-02-07,447.30790000000002
2006-02-08,426.82929999999999
2006-02-09,437.18360000000001
2006-02-10,439.4846
2006-02-13,426.13900000000001
2006-02-14,424.29820000000001
2006-02-15,428.90010000000001
2006-02-16,423.37779999999998
2006-02-17,435.34280000000001
2006-02-21,436.72340000000003
2006-02-22,438.56420000000003
2006-02-23,440.54300000000001
2006-02-24,439.02440000000001
2006-02-27,444.77679999999998
2006-02-28,446.1574
2006-03-01,450.98939999999999
2006-03-02,450.43720000000002
2006-03-03,472.1583
2006-03-06,470.3175
2006-03-07,459.96319999999997
2006-03-08,457.89229999999998
2006-03-09,454.4409
2006-03-10,453.52050000000003
2006-03-13,460.8836
2006-03-14,463.18450000000001
2006-03-15,471.69810000000001
2006-03-16,472.84859999999998
2006-03-17,476.99029999999999
2006-03-20,475.8399
2006-03-21,473.07870000000003
2006-03-22,484.58350000000002
2006-03-23,483.2029
2006-03-24,491.4864
2006-03-27,501.38060000000002
2006-03-28,497.46890000000002
2006-03-29,500.46019999999999
2006-03-30,526.92129999999997
2006-03-31,540.95719999999994
2006-04-03,533.13390000000004
2006-04-04,540.49699999999996
2006-04-05,536.35530000000006
2006-04-06,553.61249999999995
2006-04-07,559.82510000000002
2006-04-10,571.46799999999996
2006-04-11,583.06489999999997
2006-04-12,586.74639999999999
2006-04-13,580.30370000000005
2006-04-17,580.30370000000005
2006-04-18,627.47349999999994
2006-04-19,656.69579999999996
2006-04-20,658.53660000000002
2006-04-21,560.74549999999999
2006-04-24,588.12699999999995
2006-04-25,573.6309
2006-04-26,585.36590000000001
2006-04-27,576.16200000000003
2006-04-28,577.77269999999999
2006-05-01,580.21029999999996
2006-05-02,600.92870000000005
2006-05-03,582.53420000000006
2006-05-04,585.68330000000003
2006-05-05,585.48569999999995
2006-05-08,585.70650000000001
2006-05-09,606.63620000000003
2006-05-10,607.73599999999999
2006-05-11,621.72190000000001
2006-05-12,605.16610000000003
2006-05-15,555.22180000000003
2006-05-16,568.20339999999999
2006-05-17,547.7124
2006-05-18,527.30439999999999
2006-05-19,527.23119999999994
2006-05-22,523.68489999999997
2006-05-23,545.87289999999996
2006-05-24,524.96109999999999
2006-05-25,530.83000000000004
2006-05-26,530.21280000000002
2006-05-30,548.0924
2006-05-31,528.47619999999995
2006-06-01,503.87909999999999
2006-06-02,509.53890000000001
2006-06-05,506.0754
2006-06-06,495.3295
2006-06-07,496.80410000000001
2006-06-08,470.23689999999999
2006-06-09,465.22359999999998
2006-06-12,457.4896
2006-06-13,402.87619999999998
2006-06-14,404.76769999999999
2006-06-15,429.6395
2006-06-16,430.73630000000003
2006-06-19,416.387
2006-06-20,430.58600000000001
2006-06-21,439.55290000000002
2006-06-22,429.38909999999998
2006-06-23,433.41649999999998
2006-06-26,431.91800000000001
2006-06-27,427.61450000000002
2006-06-28,428.92079999999999
2006-06-29,451.41149999999999
2006-06-30,466.36709999999999
2006-07-03,476.4665
2006-07-05,480.2441
2006-07-06,485.65480000000002
2006-07-07,474.19200000000001
2006-07-10,464.11040000000003
2006-07-11,484.46949999999998
2006-07-12,485.40030000000002
2006-07-13,487.83859999999999
2006-07-14,481.52519999999998
2006-07-17,456.32580000000002
2006-07-18,443.68819999999999
2006-07-19,466.47809999999998
2006-07-20,456.47859999999997
2006-07-21,453.89120000000003
2006-07-24,457.25049999999999
2006-07-25,460.4006
2006-07-26,465.18419999999998
2006-07-27,476.41789999999997
2006-07-28,477.4744
2006-07-31,478.1121
2006-08-01,492.5718
2006-08-02,509.75450000000001
2006-08-03,505.99489999999997
2006-08-04,518.69669999999996
2006-08-07,515.64919999999995
2006-08-08,513.56500000000005
2006-08-09,524.3827
2006-08-10,507.76260000000002
2006-08-11,499.3107
2006-08-14,504.72460000000001
2006-08-15,507.12259999999998
2006-08-16,516.30690000000004
2006-08-17,501.3612
2006-08-18,505.26749999999998
2006-08-21,520.0249
2006-08-22,514.21159999999998
2006-08-23,523.73260000000005
2006-08-24,517.87720000000002
2006-08-25,520.40139999999997
2006-08-28,504.15440000000001
2006-08-29,514.34640000000002
2006-08-30,524.24549999999999
2006-08-31,540.8913
2006-09-01,543.08100000000002
2006-09-05,543.72029999999995
2006-09-06,544.27589999999998
2006-09-07,526.76990000000001
2006-09-08,508.34129999999999
2006-09-11,464.13869999999997
2006-09-12,461.80099999999999
2006-09-13,468.7672
2006-09-14,448.44999999999999
2006-09-15,452.60809999999998
2006-09-18,468.16640000000001
2006-09-19,452.16500000000002
2006-09-20,456.28149999999999
2006-09-21,468.82299999999998
2006-09-22,467.40719999999999
2006-09-25,468.9674
2006-09-26,477.40199999999999
2006-09-27,487.17829999999998
2006-09-28,483.79259999999999
2006-09-29,480.02940000000001
2006-10-02,479.3682
2006-10-03,453.17700000000002
2006-10-04,452.76679999999999
2006-10-05,464.43029999999999
2006-10-06,465.15219999999999
2006-10-09,472.83370000000002
2006-10-10,466.13499999999999
2006-10-11,468.4502
2006-10-12,473.40690000000001
2006-10-13,488.04910000000001
2006-10-16,496.65410000000003
2006-10-17,490.08100000000002
2006-10-18,491.51639999999998
2006-10-19,506.1182
2006-10-20,498.03539999999998
2006-10-23,488.0652
2006-10-24,494.36500000000001
2006-10-25,498.81979999999999
2006-10-26,507.67809999999997
2006-10-27,503.70420000000001
2006-10-30,507.69819999999999
2006-10-31,514.50220000000002
2006-11-01,521.89359999999999
2006-11-02,524.88160000000005
2006-11-03,526.44380000000001
2006-11-06,528.88689999999997
2006-11-07,528.26819999999998
2006-11-08,520.81290000000001
2006-11-09,546.45069999999998
2006-11-10,543.90300000000002
2006-11-13,539.42560000000003
2006-11-14,535.91290000000004
2006-11-15,539.5729
2006-11-16,535.05319999999995
2006-11-17,535.44140000000004
2006-11-20,532.97699999999998
2006-11-21,546.62139999999999
2006-11-22,546.75810000000001
2006-11-24,562.62670000000003
2006-11-27,566.16189999999995
2006-11-28,576.20000000000005
2006-11-29,569.24699999999996
2006-11-30,586.04039999999998
2006-12-01,585.63250000000005
2006-12-04,590.97260000000006
2006-12-05,579.69770000000005
2006-12-06,569.38739999999996
2006-12-07,582.65790000000004
2006-12-08,574.02570000000003
2006-12-11,579.70180000000005
2006-12-12,579.62940000000003
2006-12-13,576.99720000000002
2006-12-14,575.62390000000005
2006-12-15,537.7835
2006-12-18,522.351
2006-12-19,530.88049999999998
2006-12-20,522.91729999999995
2006-12-21,518.31119999999999
2006-12-22,528.35199999999998
2006-12-26,529.7894
2006-12-27,536.38930000000005
2006-12-28,537.32330000000002
2006-12-29,539.93619999999999
2007-01-03,527.10329999999999
2007-01-04,528.03710000000001
2007-01-05,511.25790000000001
2007-01-08,512.86310000000003
2007-01-09,521.56230000000005
2007-01-10,519.38990000000001
2007-01-11,515.91600000000005
2007-01-12,536.49570000000006
2007-01-16,526.51530000000002
2007-01-17,534.71190000000001
2007-01-18,529.05499999999995
2007-01-19,537.41989999999998
2007-01-22,540.49530000000004
2007-01-23,556.24990000000003
2007-01-24,554.41359999999997
2007-01-25,556.27189999999996
2007-01-26,560.73350000000005
2007-01-29,551.21360000000004
2007-01-30,559.62210000000005
2007-01-31,567.52700000000004
2007-02-01,571.27530000000002
2007-02-02,562.34270000000004
2007-02-05,564.28549999999996
2007-02-06,571.51930000000004
2007-02-07,570.64880000000005
2007-02-08,577.37900000000002
2007-02-09,579.78420000000006
2007-02-12,570.93470000000002
2007-02-13,579.59720000000004
2007-02-14,588.88999999999999
2007-02-15,585.96140000000003
2007-02-16,583.83150000000001
2007-02-20,579.18119999999999
2007-02-21,595.74069999999995
2007-02-22,595.79459999999995
2007-02-23,610.21299999999997
2007-02-26,617.40750000000003
2007-02-27,589.69749999999999
2007-02-28,593.32159999999999
2007-03-01,568.7604
2007-03-02,540.96379999999999
2007-03-05,527.15430000000003
2007-03-06,541.7414
2007-03-07,541.92020000000002
2007-03-08,542.56100000000004
2007-03-09,540.05119999999999
2007-03-12,543.88490000000002
2007-03-13,533.14070000000004
2007-03-14,537.81470000000002
2007-03-15,543.28710000000001
2007-03-16,550.06219999999996
2007-03-19,550.53530000000001
2007-03-20,557.01660000000004
2007-03-21,559.6748
2007-03-22,562.58510000000001
2007-03-23,551.37729999999999
2007-03-26,560.21230000000003
2007-03-27,554.08849999999995
2007-03-28,560.06650000000002
2007-03-29,556.96799999999996
2007-03-30,561.09720000000004
2007-04-02,556.48580000000004
2007-04-03,560.53110000000004
2007-04-04,570.50220000000002
2007-04-05,574.08569999999997
2007-04-09,575.77819999999997
2007-04-10,582.00969999999995
2007-04-11,578.91120000000001
2007-04-12,580.47770000000003
2007-04-13,588.01260000000002
2007-04-16,587.60400000000004
2007-04-17,581.64710000000002
2007-04-18,583.42409999999995
2007-04-19,569.94290000000001
2007-04-20,583.06889999999999
2007-04-23,585.56050000000005
2007-04-24,576.32429999999999
2007-04-25,577.84900000000005
2007-04-26,557.43020000000001
2007-04-27,567.06809999999996
2007-04-30,560.60530000000006
2007-05-01,554.43650000000002
2007-05-02,553.69079999999997
2007-05-03,559.88189999999997
2007-05-04,562.66780000000006
2007-05-07,565.7482
2007-05-08,563.4049
2007-05-09,560.22059999999999
2007-05-10,544.6327
2007-05-11,552.80060000000003
2007-05-14,548.73289999999997
2007-05-15,551.8134
2007-05-16,540.76530000000002
2007-05-17,536.99159999999995
2007-05-18,542.63699999999994
2007-05-21,546.64269999999999
2007-05-22,542.06979999999999
2007-05-23,544.64589999999998
2007-05-24,536.96069999999997
2007-05-25,541.6816
2007-05-29,550.77639999999997
2007-05-30,550.99760000000003
2007-05-31,562.86879999999996
2007-06-01,573.56280000000004
2007-06-04,574.03689999999995
2007-06-05,576.23540000000003
2007-06-06,573.6395
2007-06-07,562.08339999999998
2007-06-08,548.08770000000004
2007-06-11,553.31449999999995
2007-06-12,543.94510000000002
2007-06-13,549.59259999999995
2007-06-14,549.86900000000003
2007-06-15,553.65279999999996
2007-06-18,553.74800000000005
2007-06-19,558.04989999999998
2007-06-20,553.30719999999997
2007-06-21,547.42830000000004
2007-06-22,547.18679999999995
2007-06-25,539.58259999999996
2007-06-26,510.98390000000001
2007-06-27,513.72879999999998
2007-06-28,521.73310000000004
2007-06-29,519.63969999999995
2007-07-02,529.66409999999996
2007-07-03,527.31830000000002
2007-07-05,524.50959999999998
2007-07-06,533.56690000000003
2007-07-09,533.57749999999999
2007-07-10,541.58330000000001
2007-07-11,540.54200000000003
2007-07-12,547.20169999999996
2007-07-13,545.52930000000003
2007-07-16,542.63630000000001
2007-07-17,539.32240000000002
2007-07-18,551.95870000000002
2007-07-19,554.2423
2007-07-20,556.94680000000005
2007-07-23,556.20029999999997
2007-07-24,555.79049999999995
2007-07-25,548.35170000000005
2007-07-26,534.76739999999995
2007-07-27,531.24239999999998
2007-07-30,538.3664
2007-07-31,538.88220000000001
2007-08-01,542.59720000000004
2007-08-02,542.98680000000002
2007-08-03,548.38570000000004
2007-08-06,542.33479999999997
2007-08-07,548.70219999999995
2007-08-08,549.55499999999995
2007-08-09,530.20060000000001
2007-08-10,537.41010000000006
2007-08-13,535.27369999999996
2007-08-14,531.45309999999995
2007-08-15,521.44330000000002
2007-08-16,495.98149999999998
2007-08-17,491.10730000000001
2007-08-20,493.85379999999998
2007-08-21,484.64260000000002
2007-08-22,487.22070000000002
2007-08-23,489.41989999999998
2007-08-24,501.09350000000001
2007-08-27,492.34440000000001
2007-08-28,490.2912
2007-08-29,497.5444
2007-08-30,492.71100000000001
2007-08-31,505.27019999999999
2007-09-04,513.22940000000006
2007-09-05,511.69150000000002
2007-09-06,520.72260000000006
2007-09-07,524.0095
2007-09-10,525.74670000000003
2007-09-11,532.36990000000003
2007-09-12,529.51599999999996
2007-09-13,525.18830000000003
2007-09-14,526.16750000000002
2007-09-17,535.23379999999997
2007-09-18,542.02589999999998
2007-09-19,542.0367
2007-09-20,561.08699999999999
2007-09-21,565.26829999999995
2007-09-24,565.61649999999997
2007-09-25,563.10019999999997
2007-09-26,561.55269999999996
2007-09-27,565.56600000000003
2007-09-28,575.26660000000004
2007-10-01,574.89880000000005
2007-10-02,557.42650000000003
2007-10-03,556.84770000000003
2007-10-04,559.72370000000001
2007-10-05,560.15610000000004
2007-10-08,555.65899999999999
2007-10-09,564.39170000000001
2007-10-10,568.23720000000003
2007-10-11,574.7373
2007-10-12,578.96230000000003
2007-10-15,576.86689999999999
2007-10-16,568.83010000000002
2007-10-17,569.81050000000005
2007-10-18,577.32270000000005
2007-10-19,566.96759999999995
2007-10-22,562.49760000000003
2007-10-23,567.32719999999995
2007-10-24,567.92849999999999
2007-10-25,579.99289999999996
2007-10-26,595.63999999999999
2007-10-29,606.44100000000003
2007-10-30,594.82069999999999
2007-10-31,605.24279999999999
2007-11-01,590.20809999999994
2007-11-02,612.43209999999999
2007-11-05,616.15340000000003
2007-11-06,648.07349999999997
2007-11-07,639.48749999999995
2007-11-08,646.16020000000003
2007-11-09,644.529
2007-11-12,603.44200000000001
2007-11-13,609.56640000000004
2007-11-14,626.73569999999995
2007-11-15,604.74270000000001
2007-11-16,604.54390000000001
2007-11-19,593.21540000000005
2007-11-20,618.05870000000004
2007-11-21,604.79070000000002
2007-11-23,618.2097
2007-11-26,616.7885
2007-11-27,604.82669999999996
2007-11-28,602.81489999999997
2007-11-29,594.56269999999995
2007-11-30,586.09939999999995
2007-12-03,590.62279999999998
2007-12-04,599.06769999999995
2007-12-05,595.83280000000002
2007-12-06,606.21789999999999
2007-12-07,602.01310000000001
2007-12-10,614.08550000000002
2007-12-11,605.1576
2007-12-12,613.53300000000002
2007-12-13,591.01179999999999
2007-12-14,579.42589999999996
2007-12-17,578.34090000000003
2007-12-18,586.28120000000001
2007-12-19,589.8356
2007-12-20,594.2758
2007-12-21,599.55970000000002
2007-12-24,610.03179999999998
2007-12-26,615.69579999999996
2007-12-27,612.7133
2007-12-28,618.04020000000003
2007-12-31,619.95060000000001
2008-01-02,640.33690000000001
2008-01-03,644.77880000000005
2008-01-04,639.81389999999999
2008-01-07,635.01750000000004
2008-01-08,657.68370000000004
2008-01-09,654.74369999999999
2008-01-10,677.57989999999995
2008-01-11,678.26840000000004
2008-01-14,686.84619999999995
2008-01-15,668.04319999999996
2008-01-16,660.46220000000005
2008-01-17,663.13340000000005
2008-01-18,676.35270000000003
2008-01-22,670.96540000000005
2008-01-23,670.89430000000004
2008-01-24,687.78549999999996
2008-01-25,687.71469999999999
2008-01-28,698.36180000000002
2008-01-29,697.70050000000003
2008-01-30,703.66430000000003
2008-01-31,709.71270000000004
2008-02-01,701.31640000000004
2008-02-04,696.95410000000004
2008-02-05,682.28189999999995
2008-02-06,691.07299999999998
2008-02-07,703.53700000000003
2008-02-08,718.57550000000003
2008-02-11,734.37429999999995
2008-02-12,718.89949999999999
2008-02-13,723.09259999999995
2008-02-14,721.20719999999994
2008-02-15,715.52350000000001
2008-02-19,733.51859999999999
2008-02-20,747.12459999999999
2008-02-21,746.97059999999999
2008-02-22,756.27149999999995
2008-02-25,759.41060000000004
2008-02-26,785.17560000000003
2008-02-27,807.69110000000001
2008-02-28,830.20749999999998
2008-02-29,830.30840000000001
2008-03-03,851.20500000000004
2008-03-04,828.31489999999997
2008-03-05,870.60829999999999
2008-03-06,847.55730000000005
2008-03-07,846.09649999999999
2008-03-10,822.25869999999998
2008-03-11,824.17499999999995
2008-03-12,843.19129999999996
2008-03-13,861.61720000000003
2008-03-14,862.26769999999999
2008-03-17,843.66369999999995
2008-03-18,818.303
2008-03-19,770.68799999999999
2008-03-20,705.25160000000005
2008-03-24,708.89639999999997
2008-03-25,750.63300000000004
2008-03-26,769.65129999999999
2008-03-27,773.67849999999999
2008-03-28,749.62189999999998
2008-03-31,719.69420000000002
2008-04-01,701.08360000000005
2008-04-02,728.38070000000005
2008-04-03,727.71939999999995
2008-04-04,743.99450000000002
2008-04-07,758.1585
2008-04-08,739.4624
2008-04-09,760.93409999999994
2008-04-10,752.37469999999996
2008-04-11,742.49699999999996
2008-04-14,739.85910000000001
2008-04-15,746.92809999999997
2008-04-16,766.88120000000004
2008-04-17,760.81349999999998
2008-04-18,746.50789999999995
2008-04-21,729.45579999999995
2008-04-22,738.34180000000003
2008-04-23,718.24760000000003
2008-04-24,699.30759999999998
2008-04-25,704.92520000000002
2008-04-28,711.48820000000001
2008-04-29,692.15150000000006
2008-04-30,706.44600000000003
2008-05-01,675.78579999999999
2008-05-02,686.91120000000001
2008-05-05,700.33010000000002
2008-05-06,706.92460000000005
2008-05-07,697.34630000000004
2008-05-08,705.68499999999995
2008-05-09,704.22000000000003
2008-05-12,718.26340000000005
2008-05-13,699.54459999999995
2008-05-14,691.62689999999998
2008-05-15,699.6146
2008-05-16,707.88199999999995
2008-05-19,710.81209999999999
2008-05-20,739.60699999999997
2008-05-21,754.83640000000003
2008-05-22,751.47029999999995
2008-05-23,761.67100000000005
2008-05-27,729.3528
2008-05-28,729.74770000000001
2008-05-29,696.49770000000001
2008-05-30,704.75379999999996
2008-06-02,703.45749999999998
2008-06-03,701.14660000000003
2008-06-04,703.44269999999995
2008-06-05,717.44899999999996
2008-06-06,735.55589999999995
2008-06-09,716.29380000000003
2008-06-10,695.00189999999998
2008-06-11,706.00720000000001
2008-06-12,691.22460000000001
2008-06-13,690.43510000000003
2008-06-16,716.61860000000001
2008-06-17,714.60350000000005
2008-06-18,726.7518
2008-06-19,725.2441
2008-06-20,727.09349999999995
2008-06-23,703.15949999999998
2008-06-24,697.33849999999995
2008-06-25,703.01829999999995
2008-06-26,719.90369999999996
2008-06-27,732.81489999999997
2008-06-30,729.99630000000002
2008-07-01,756.94749999999999
2008-07-02,770.28309999999999
2008-07-03,761.2482
2008-07-07,744.3057
2008-07-08,747.02710000000002
2008-07-09,759.13710000000003
2008-07-10,766.34180000000003
2008-07-11,788.30640000000005
2008-07-14,800.84130000000005
2008-07-15,790.90959999999995
2008-07-16,784.37800000000004
2008-07-17,774.87660000000005
2008-07-18,760.00390000000004
2008-07-21,771.01639999999998
2008-07-22,751.19370000000004
2008-07-23,727.14030000000002
2008-07-24,730.11569999999995
2008-07-25,729.70719999999994
2008-07-28,734.37490000000003
2008-07-29,727.19799999999998
2008-07-30,734.39980000000003
2008-07-31,741.61030000000005
2008-08-01,731.04880000000003
2008-08-04,708.21799999999996
2008-08-05,686.23239999999998
2008-08-06,692.59220000000005
2008-08-07,679.90909999999997
2008-08-08,642.68610000000001
2008-08-11,609.28210000000001
2008-08-12,609.29420000000005
2008-08-13,625.80799999999999
2008-08-14,594.93200000000002
2008-08-15,537.39700000000005
2008-08-18,547.14009999999996
2008-08-19,553.92139999999995
2008-08-20,557.74090000000001
2008-08-21,579.33370000000002
2008-08-22,561.14850000000001
2008-08-25,564.12189999999998
2008-08-26,569.2115
2008-08-27,564.99069999999995
2008-08-28,573.46619999999996
2008-08-29,565.8596
2008-09-02,547.67190000000005
2008-09-03,539.68349999999998
2008-09-04,534.5729
2008-09-05,509.18810000000002
2008-09-08,505.81209999999999
2008-09-09,473.23009999999999
2008-09-10,448.6891
2008-09-11,436.8458
2008-09-12,455.0564
2008-09-15,463.53160000000003
2008-09-16,440.25839999999999
2008-09-17,503.76589999999999
2008-09-18,503.3526
2008-09-19,527.49300000000005
2008-09-22,570.68510000000003
2008-09-23,557.99570000000006
2008-09-24,554.19650000000001
2008-09-25,551.66719999999998
2008-09-26,556.75879999999995
2008-09-29,548.30200000000002
2008-09-30,501.73899999999998
2008-10-01,522.07249999999999
2008-10-02,457.30020000000002
2008-10-03,465.35430000000002
2008-10-06,455.2011
2008-10-07,481.88279999999997
2008-10-08,487.4015
2008-10-09,506.04340000000002
2008-10-10,415.00790000000001
2008-10-13,448.47089999999997
2008-10-14,459.91390000000001
2008-10-15,434.93689999999998
2008-10-16,406.57089999999999
2008-10-17,390.90899999999999
2008-10-20,413.7869
2008-10-21,422.68920000000003
2008-10-22,400.25009999999997
2008-10-23,397.29329999999999
2008-10-24,386.71230000000003
2008-10-27,374.86020000000002
2008-10-28,383.33909999999997
2008-10-29,409.60860000000002
2008-10-30,410.0403
2008-10-31,405.8125
2008-11-03,407.51499999999999
2008-11-04,428.70370000000003
2008-11-05,432.52480000000003
2008-11-06,419.40089999999998
2008-11-07,421.1037
2008-11-10,426.19580000000002
2008-11-11,408.41079999999999
2008-11-12,388.5068
2008-11-13,394.02640000000002
2008-11-14,396.57209999999998
2008-11-17,388.95359999999999
2008-11-18,401.51119999999997
2008-11-19,385.57940000000002
2008-11-20,375.41789999999997
2008-11-21,403.39100000000002
2008-11-24,441.95850000000002
2008-11-25,431.79750000000001
2008-11-26,431.80610000000001
2008-11-28,433.50970000000001
2008-12-01,389.02319999999997
2008-12-02,402.1678
2008-12-03,403.02339999999998
2008-12-04,397.5179
2008-12-05,398.37759999999997
2008-12-08,419.15199999999999
2008-12-09,411.1078
2008-12-10,428.91649999999998
2008-12-11,432.31569999999999
2008-12-12,429.78120000000001
2008-12-15,447.16750000000002
2008-12-16,467.66559999999998
2008-12-17,478.55119999999999
2008-12-18,459.48219999999998
2008-12-19,452.28960000000001
2008-12-22,454.84190000000001
2008-12-23,430.68880000000001
2008-12-24,435.7842
2008-12-26,451.05380000000002
2008-12-29,456.57369999999997
2008-12-30,458.70240000000001
2008-12-31,474.82119999999998
2009-01-02,483.73349999999999
2009-01-05,471.02449999999999
2009-01-06,480.78500000000003
2009-01-07,460.27429999999998
2009-01-08,465.96469999999999
2009-01-09,470.51069999999999
2009-01-12,445.20729999999998
2009-01-13,449.45620000000002
2009-01-14,443.10489999999999
2009-01-15,444.8098
2009-01-16,471.10860000000002
2009-01-20,470.26990000000001
2009-01-21,474.06169999999997
2009-01-22,480.46589999999998
2009-01-23,502.52679999999998
2009-01-26,504.65719999999999
2009-01-27,502.54680000000002
2009-01-28,502.98090000000002
2009-01-29,519.95479999999998
2009-01-30,530.99189999999999
2009-02-02,517.85479999999995
2009-02-03,522.53049999999996
2009-02-04,526.78219999999999
2009-02-05,540.78920000000005
2009-02-06,547.58630000000005
2009-02-09,539.53399999999999
2009-02-10,550.57719999999995
2009-02-11,565.85839999999996
2009-02-12,565.44539999999995
2009-02-13,574.36469999999997
2009-02-17,593.46500000000003
2009-02-18,601.07010000000002
2009-02-19,589.16150000000005
2009-02-20,604.53009999999995
2009-02-23,608.36019999999996
2009-02-24,577.48760000000004
2009-02-25,572.32320000000004
2009-02-26,550.27319999999997
2009-02-27,546.46569999999997
2009-03-02,541.80949999999996
2009-03-03,536.72889999999995
2009-03-04,542.25530000000003
2009-03-05,557.96519999999998
2009-03-06,559.24919999999997
2009-03-09,541.86329999999998
2009-03-10,528.29560000000004
2009-03-11,534.24680000000001
2009-03-12,542.74419999999998
2009-03-13,553.78809999999999
2009-03-16,542.76580000000001
2009-03-17,534.71360000000004
2009-03-18,541.93859999999995
2009-03-19,569.53430000000003
2009-03-20,577.60910000000001
2009-03-23,571.25450000000001
2009-03-24,564.05089999999996
2009-03-25,566.60860000000002
2009-03-26,566.61980000000005
2009-03-27,558.14239999999995
2009-03-30,545.42020000000002
2009-03-31,542.88430000000005
2009-04-01,545.01739999999995
2009-04-02,542.05690000000004
2009-04-03,534.85149999999999
2009-04-06,506.84609999999998
2009-04-07,512.37459999999999
2009-04-08,515.27139999999997
2009-04-09,516.63999999999999
2009-04-13,533.63109999999995
2009-04-14,532.36810000000003
2009-04-15,532.80319999999995
2009-04-16,512.01110000000006
2009-04-17,495.88819999999998
2009-04-20,504.81380000000001
2009-04-21,503.55009999999999
2009-04-22,515.02380000000005
2009-04-23,532.44200000000001
2009-04-24,537.97230000000002
2009-04-27,537.55840000000001
2009-04-28,522.28309999999999
2009-04-29,532.90890000000002
2009-04-30,518.48209999999995
2009-05-01,522.73879999999997
2009-05-04,544.83500000000004
2009-05-05,558.00580000000002
2009-05-06,574.154
2009-05-07,577.56280000000004
2009-05-08,585.6431
2009-05-11,583.53129999999999
2009-05-12,595.43439999999998
2009-05-13,586.52739999999994
2009-05-14,588.23789999999997
2009-05-15,584.85180000000003
2009-05-18,576.79359999999997
2009-05-19,593.79449999999997
2009-05-20,598.90319999999997
2009-05-21,609.02430000000004
2009-05-22,615.91750000000002
2009-05-26,612.53150000000005
2009-05-27,619.34019999999998
2009-05-28,634.22000000000003
2009-05-29,657.17160000000001
2009-06-01,652.08699999999999
2009-06-02,669.0924
2009-06-03,643.19159999999999
2009-06-04,663.93610000000001
2009-06-05,637.6943
2009-06-08,627.08579999999995
2009-06-09,638.5693
2009-06-10,637.73220000000003
2009-06-11,642.8433
2009-06-12,621.61210000000005
2009-06-15,587.63329999999996
2009-06-16,594.4434
2009-06-17,599.97889999999995
2009-06-18,593.61710000000005
2009-06-19,594.4787
2009-06-22,575.36860000000001
2009-06-23,578.77959999999996
2009-06-24,581.34069999999997
2009-06-25,586.87670000000003
2009-06-26,590.71299999999997
2009-06-29,580.52539999999999
2009-06-30,568.63739999999996
2009-07-01,575.87360000000001
2009-07-02,559.30999999999995
2009-07-06,556.77110000000005
2009-07-07,547.85680000000002
2009-07-08,539.36720000000003
2009-07-09,538.52779999999996
2009-07-10,531.31280000000004
2009-07-13,538.1241
2009-07-14,540.6001
2009-07-15,555.1481
2009-07-16,556.43439999999998
2009-07-17,559.84609999999998
2009-07-20,571.75980000000004
2009-07-21,566.66989999999998
2009-07-22,571.78250000000003
2009-07-23,574.76959999999997
2009-07-24,580.7328
2009-07-27,588.39670000000001
2009-07-28,574.8039
2009-07-29,557.80920000000003
2009-07-30,563.34739999999999
2009-07-31,582.49109999999996
2009-08-03,596.5335
2009-08-04,610.15120000000002
2009-08-05,617.39160000000004
2009-08-06,608.89980000000003
2009-08-07,611.88840000000005
2009-08-10,601.69529999999997
2009-08-11,599.1558
2009-08-12,609.79859999999996
2009-08-13,628.94659999999999
2009-08-14,613.60749999999996
2009-08-17,584.74459999999999
2009-08-18,583.48040000000003
2009-08-19,577.11279999999999
2009-08-20,582.65300000000002
2009-08-21,592.02099999999996
2009-08-24,591.18209999999999
2009-08-25,597.14819999999997
2009-08-26,599.2867
2009-08-27,598.8732
2009-08-28,616.74919999999997
2009-08-31,621.86559999999997
2009-09-01,627.8329
2009-09-02,647.41189999999995
2009-09-03,675.07380000000001
2009-09-04,679.34090000000003
2009-09-08,687.01139999999998
2009-09-09,683.19640000000004
2009-09-10,698.09910000000002
2009-09-11,701.94159999999999
2009-09-14,693.87260000000003
2009-09-15,713.88149999999996
2009-09-16,729.21130000000005
2009-09-17,721.14239999999995
2009-09-18,710.52030000000002
2009-09-21,703.72709999999995
2009-09-22,718.20699999999999
2009-09-23,703.92520000000002
2009-09-24,680.36720000000003
2009-09-25,669.74329999999998
2009-09-28,676.99019999999996
2009-09-29,676.15260000000001
2009-09-30,697.01649999999995
2009-10-01,682.64739999999995
2009-10-02,673.21410000000003
2009-10-05,697.05799999999999
2009-10-06,726.86059999999998
2009-10-07,734.1096
2009-10-08,745.6146
2009-10-09,742.22479999999996
2009-10-12,743.94179999999994
2009-10-13,743.95659999999998
2009-10-14,747.37620000000004
2009-10-15,726.11040000000003
2009-10-16,731.23220000000003
2009-10-19,742.31309999999996
2009-10-20,732.11249999999995
2009-10-21,738.93740000000003
2009-10-22,737.24950000000001
2009-10-23,740.6694
2009-10-26,714.71810000000005
2009-10-27,695.57659999999998
2009-10-28,675.15729999999996
2009-10-29,698.58410000000003
2009-10-30,684.12400000000002
2009-11-02,687.96900000000005
2009-11-03,723.74339999999995
2009-11-04,729.71799999999996
2009-11-05,728.88099999999997
2009-11-06,727.6182
2009-11-09,736.06259999999997
2009-11-10,725.09249999999997
2009-11-11,736.17700000000002
2009-11-12,720.43769999999995
2009-11-13,730.24519999999995
2009-11-16,766.87840000000006
2009-11-17,772.00329999999997
2009-11-18,776.27670000000001
2009-11-19,777.56960000000004
2009-11-20,775.88170000000002
2009-11-23,778.02629999999999
2009-11-24,777.19000000000005
2009-11-25,788.70360000000005
2009-11-27,764.44489999999996
2009-11-30,772.97760000000005
2009-12-01,799.82349999999997
2009-12-02,804.52419999999995
2009-12-03,793.04089999999997
2009-12-04,773.03890000000001
2009-12-07,758.99900000000002
2009-12-08,736.86599999999999
2009-12-09,730.49159999999995
2009-12-10,727.95039999999995
2009-12-11,718.59389999999996
2009-12-14,727.55330000000004
2009-12-15,727.99369999999999
2009-12-16,739.5095
2009-12-17,715.24310000000003
2009-12-18,722.07320000000004
2009-12-21,711.01149999999996
2009-12-22,708.89549999999997
2009-12-23,716.15189999999996
2009-12-24,731.50310000000002
2009-12-28,733.56259999999997
2009-12-29,716.19449999999995
2009-12-30,704.27930000000003
2009-12-31,704.67669999999998
2010-01-04,734.13210000000004
2010-01-05,746.07680000000005
2010-01-06,761.00469999999996
2010-01-07,762.298
2010-01-08,773.39179999999999
2010-01-11,775.96389999999997
2010-01-12,763.19569999999999
2010-01-13,778.55139999999994
2010-01-14,780.27139999999997
2010-01-15,769.20709999999997
2010-01-19,786.26850000000002
2010-01-20,748.78189999999995
2010-01-21,727.48820000000001
2010-01-22,715.14340000000004
2010-01-25,717.28859999999997
2010-01-26,700.255
2010-01-27,693.02340000000004
2010-01-28,678.54579999999999
2010-01-29,677.70690000000002
2010-02-01,697.32690000000002
2010-02-02,696.91449999999998
2010-02-03,684.99339999999995
2010-02-04,641.10260000000005
2010-02-05,635.14769999999999
2010-02-08,628.76620000000003
2010-02-09,644.55110000000002
2010-02-10,637.31690000000003
2010-02-11,655.23410000000001
2010-02-12,649.70510000000002
2010-02-16,674.4443
2010-02-17,671.0471
2010-02-18,677.02909999999997
2010-02-19,680.87959999999998
2010-02-22,677.90869999999995
2010-02-23,663.85230000000001
2010-02-24,665.9973
2010-02-25,672.40610000000004
2010-02-26,685.21100000000001
2010-03-01,686.93010000000004
2010-03-02,706.1318
2010-03-03,717.23239999999998
2010-03-04,715.9674
2010-03-05,725.36289999999997
2010-03-08,720.26009999999997
2010-03-09,721.55370000000005
2010-03-10,710.48030000000006
2010-03-11,716.8913
2010-03-12,714.77319999999997
2010-03-15,713.93439999999998
2010-03-16,727.16959999999995
2010-03-17,728.46349999999995
2010-03-18,728.47799999999995
2010-03-19,710.15250000000003
2010-03-22,708.03399999999999
2010-03-23,713.16639999999995
2010-03-24,694.83950000000004
2010-03-25,696.13289999999995
2010-03-26,708.51679999999999
2010-03-29,726.87289999999996
2010-03-30,723.04819999999995
2010-03-31,731.16750000000002
2010-04-01,748.24549999999999
2010-04-05,757.21879999999999
2010-04-06,751.26139999999998
2010-04-07,758.10199999999998
2010-04-08,755.98400000000004
2010-04-09,768.37120000000004
2010-04-12,759.4271
2010-04-13,761.14869999999996
2010-04-14,770.97680000000003
2010-04-15,770.99210000000005
2010-04-16,742.84720000000004
2010-04-19,741.58190000000002
2010-04-20,745.86350000000004
2010-04-21,758.25250000000005
2010-04-22,752.72040000000004
2010-04-23,764.25660000000005
2010-04-26,765.12519999999995
2010-04-27,763.00670000000002
2010-04-28,757.4742
2010-04-29,774.13239999999996
2010-04-30,779.26880000000006
2010-05-03,786.11249999999995
2010-05-04,750.70600000000002
2010-05-05,730.2355
2010-05-06,739.21259999999995
2010-05-07,768.24940000000004
2010-05-10,772.95950000000005
2010-05-11,808.82719999999995
2010-05-12,816.0992
2010-05-13,810.56659999999999
2010-05-14,808.02170000000001
2010-05-17,790.96379999999999
2010-05-18,792.68690000000004
2010-05-19,762.82219999999995
2010-05-20,740.63990000000001
2010-05-21,738.0933
2010-05-24,749.63400000000001
2010-05-25,748.79510000000005
2010-05-26,757.34810000000004
2010-05-27,773.58590000000004
2010-05-28,769.75890000000004
2010-06-01,769.34730000000002
2010-06-02,767.56939999999997
2010-06-03,753.15369999999996
2010-06-04,727.97810000000004
2010-06-07,760.44209999999998
2010-06-08,763.87289999999996
2010-06-09,758.33730000000003
2010-06-10,762.6223
2010-06-11,762.21040000000005
2010-06-14,762.65250000000003
2010-06-15,776.75919999999996
2010-06-16,772.07740000000001
2010-06-17,782.76850000000002
2010-06-18,800.71979999999996
2010-06-21,782.79960000000005
2010-06-22,786.65869999999995
2010-06-23,776.42470000000003
2010-06-24,779.85670000000005
2010-06-25,797.38260000000002
2010-06-28,785.0127
2010-06-29,774.35080000000005
2010-06-30,777.78300000000002
2010-07-01,744.91030000000001
2010-07-02,745.77940000000001
2010-07-06,743.23130000000003
2010-07-07,753.92470000000003
2010-07-08,752.23099999999999
2010-07-09,757.37189999999998
2010-07-12,752.68809999999996
2010-07-13,761.24659999999994
2010-07-14,767.2423
2010-07-15,766.83029999999997
2010-07-16,747.19420000000002
2010-07-19,737.81029999999998
2010-07-20,740.38829999999996
2010-07-21,739.54849999999999
2010-07-22,756.65269999999998
2010-07-23,757.09500000000003
2010-07-26,759.67349999999999
2010-07-27,739.17999999999995
2010-07-28,733.21280000000002
2010-07-29,736.64559999999994
2010-07-30,751.18799999999999
2010-08-02,767.4402
2010-08-03,770.01930000000004
2010-08-04,766.18870000000004
2010-08-05,767.48590000000002
2010-08-06,772.20180000000005
2010-08-09,767.51639999999998
2010-08-10,767.95889999999997
2010-08-11,749.17049999999995
2010-08-12,756.02319999999997
2010-08-13,758.17510000000004
2010-08-16,769.30200000000002
2010-08-17,774.44600000000003
2010-08-18,770.18740000000003
2010-08-19,765.92859999999996
2010-08-20,751.83910000000003
2010-08-23,752.7088
2010-08-24,768.96619999999996
2010-08-25,792.49069999999995
2010-08-26,794.64369999999997
2010-08-27,799.36149999999998
2010-08-30,796.38509999999997
2010-08-31,809.2251
2010-09-01,810.52359999999999
2010-09-02,824.21939999999995
2010-09-03,830.22080000000005
2010-09-07,827.67219999999998
2010-09-08,833.6739
2010-09-09,825.99490000000003
2010-09-10,830.2867
2010-09-13,835.43370000000004
2010-09-14,857.25530000000003
2010-09-15,862.40300000000002
2010-09-16,870.11630000000002
2010-09-17,867.56809999999996
2010-09-20,867.58540000000005
2010-09-21,880.43039999999996
2010-09-22,885.66459999999995
2010-09-23,883.45860000000005
2010-09-24,898.44269999999995
2010-09-27,897.60530000000006
2010-09-28,910.45209999999997
2010-09-29,915.17430000000002
2010-09-30,911.34360000000004
2010-10-01,925.90210000000002
2010-10-04,919.93309999999997
2010-10-05,955.44849999999997
2010-10-06,970.43650000000002
2010-10-07,941.80029999999999
2010-10-08,972.18579999999997
2010-10-11,974.34370000000001
2010-10-12,976.92930000000001
2010-10-13,1004.751
2010-10-14,1027.7831000000001
2010-10-15,1015.9122
2010-10-18,1024.9151999999999
2010-10-19,977.02629999999999
2010-10-20,998.00639999999999
2010-10-21,966.37059999999997
2010-10-22,973.66210000000001
2010-10-25,988.22649999999999
2010-10-26,995.94659999999999
2010-10-27,986.89670000000001
2010-10-28,1002.4034
2010-10-29,1034.0826
2010-11-01,1029.8248000000001
2010-11-02,1040.1134999999999
2010-11-03,1037.5242000000001
2010-11-04,1096.6327000000001
2010-11-05,1121.0431000000001
2010-11-08,1161.7138
2010-11-09,1120.2318
2010-11-10,1143.3604
2010-11-11,1160.0714
2010-11-12,1091.9707000000001
2010-11-15,1066.8306
2010-11-16,1066.8516999999999
2010-11-17,1069.8685
2010-11-18,1127.6626000000001
2010-11-19,1144.3751999999999
2010-11-22,1162.8004000000001
2010-11-23,1149.7702999999999
2010-11-24,1153.0029999999999
2010-11-26,1118.3587
2010-11-29,1136.3568
2010-11-30,1174.4719
2010-12-01,1190.3317999999999
2010-12-02,1195.4917
2010-12-03,1224.0864999999999
2010-12-06,1263.1694
2010-12-07,1201.9836
2010-12-08,1185.7412999999999
2010-12-09,1199.8910000000001
2010-12-10,1197.7744
2010-12-13,1235.8975
2010-12-14,1233.3534999999999
2010-12-15,1202.1267
2010-12-16,1210.7127
2010-12-17,1220.4764
2010-12-20,1229.1701
2010-12-21,1226.1976
2010-12-22,1223.2248999999999
2010-12-23,1224.9618
2010-12-27,1224.1297999999999
2010-12-28,1264.4018000000001
2010-12-29,1278.9848
2010-12-30,1274.3001999999999
2010-12-31,1292.3095000000001
2011-01-03,1283.7711999999999
2011-01-04,1245.2578000000001
2011-01-05,1225.1563000000001
2011-01-06,1217.0443
2011-01-07,1203.3649
2011-01-10,1211.5254
2011-01-11,1237.3516
2011-01-12,1241.98
2011-01-13,1199.1777
2011-01-14,1188.0663
2011-01-18,1205.7566999999999
2011-01-19,1202.6755000000001
2011-01-20,1150.0181
2011-01-21,1149.1841999999999
2011-01-24,1129.076
2011-01-25,1123.5300999999999
2011-01-26,1151.8226999999999
2011-01-27,1126.1448
2011-01-28,1169.431
2011-01-31,1173.3951
2011-02-01,1193.8945000000001
2011-02-02,1186.2074
2011-02-03,1211.72
2011-02-04,1216.6705999999999
2011-02-07,1227.8333
2011-02-08,1269.8422
2011-02-09,1264.6405999999999
2011-02-10,1262.1808000000001
2011-02-11,1251.4948999999999
2011-02-14,1283.6532999999999
2011-02-15,1285.3925999999999
2011-02-16,1283.7041999999999
2011-02-17,1329.5762999999999
2011-02-18,1362.0600999999999
2011-02-22,1382.3332
2011-02-23,1401.6431
2011-02-24,1336.7521999999999
2011-02-25,1395.271
2011-02-28,1418.8675000000001
2011-03-01,1451.5710999999999
2011-03-02,1450.2072000000001
2011-03-03,1432.0227
2011-03-04,1486.7991999999999
2011-03-07,1509.8641
2011-03-08,1507.7511999999999
2011-03-09,1511.6383000000001
2011-03-10,1472.6666
2011-03-11,1501.3690999999999
2011-03-14,1500.5844999999999
2011-03-15,1440.6080999999999
2011-03-16,1430.3497
2011-03-17,1436.4218000000001
2011-03-18,1468.9842000000001
2011-03-21,1513.1642999999999
2011-03-22,1523.375
2011-03-23,1563.3784000000001
2011-03-24,1548.4058
2011-03-25,1560.0109
2011-03-28,1551.4681
2011-03-29,1550.6414
2011-03-30,1566.1057000000001
2011-03-31,1576.4259999999999
2011-04-01,1580.3159000000001
2011-04-04,1611.2161000000001
2011-04-05,1643.8325
2011-04-06,1655.8702000000001
2011-04-07,1660.6194
2011-04-08,1709.1032
2011-04-11,1681.2665999999999
2011-04-12,1676.1545000000001
2011-04-13,1696.7699
2011-04-14,1761.1239
2011-04-15,1794.1772000000001
2011-04-18,1819.0414000000001
2011-04-19,1843.9922999999999
2011-04-20,1892.1014
2011-04-21,1952.7773999999999
2011-04-25,1965.4673
2011-04-26,1888.3114
2011-04-27,2015.7230999999999
2011-04-28,2026.9139
2011-04-29,2010.6564000000001
2011-05-02,1836.9940999999999
2011-05-03,1740.5273
2011-05-04,1641.5259000000001
2011-05-05,1446.3991000000001
2011-05-06,1478.9837
2011-05-09,1586.248
2011-05-10,1609.4426000000001
2011-05-11,1475.2112999999999
2011-05-12,1429.3413
2011-05-13,1475.3127999999999
2011-05-16,1409.2358999999999
2011-05-17,1419.5597
2011-05-18,1468.4938
2011-05-19,1469.8099
2011-05-20,1466.4069999999999
2011-05-23,1470.2973
2011-05-24,1534.6814999999999
2011-05-25,1584.0517
2011-05-26,1566.4920999999999
2011-05-27,1588.8342
2011-05-31,1613.3225
2011-06-01,1533.9756
2011-06-02,1514.2682
2011-06-03,1516.4437
2011-06-06,1532.3505
2011-06-07,1549.9744000000001
2011-06-08,1546.1431
2011-06-09,1573.6378999999999
2011-06-10,1512.732
2011-06-13,1453.5400999999999
2011-06-14,1487.9012
2011-06-15,1496.9431
2011-06-16,1487.1018999999999
2011-06-17,1500.0066999999999
2011-06-20,1506.0451
2011-06-21,1524.1012000000001
2011-06-22,1523.7021999999999
2011-06-23,1475.2315000000001
2011-06-24,1431.9095
2011-06-27,1400.6041
2011-06-28,1416.5137999999999
2011-06-29,1459.8958
2011-06-30,1452.6274000000001
2011-07-01,1416.5980999999999
2011-07-05,1486.5976000000001
2011-07-06,1506.8032000000001
2011-07-07,1524.0047
2011-07-08,1534.8103000000001
2011-07-11,1498.3068000000001
2011-07-12,1511.2159999999999
2011-07-13,1598.3985
2011-07-14,1606.1581000000001
2011-07-15,1641.8252
2011-07-18,1694.6675
2011-07-19,1632.0152
2011-07-20,1679.7070000000001
2011-07-21,1644.9611
2011-07-22,1677.6268
2011-07-25,1687.9654
2011-07-26,1712.904
2011-07-27,1682.0207
2011-07-28,1664.4481000000001
2011-07-29,1668.3459
2011-08-01,1644.3308
2011-08-02,1710.0679
2011-08-03,1741.4517000000001
2011-08-04,1615.2256
2011-08-05,1602.8031000000001
2011-08-08,1630.7508
2011-08-09,1559.9183
2011-08-10,1651.1736000000001
2011-08-11,1623.5464999999999
2011-08-12,1637.3230000000001
2011-08-15,1660.979
2011-08-16,1676.4748999999999
2011-08-17,1689.3942
2011-08-18,1703.6025999999999
2011-08-19,1790.4059
2011-08-22,1831.2496000000001
2011-08-23,1745.3723
2011-08-24,1668.0830000000001
2011-08-25,1718.3777
2011-08-26,1736.0252
2011-08-29,1706.4169999999999
2011-08-30,1735.6645000000001
2011-08-31,1737.847
2011-09-01,1740.8888999999999
2011-09-02,1812.2431999999999
2011-09-06,1763.7292
2011-09-07,1741.4222
2011-09-08,1771.1034999999999
2011-09-09,1741.0617
2011-09-12,1681.8004000000001
2011-09-13,1713.201
2011-09-14,1701.6332
2011-09-15,1666.8608999999999
2011-09-16,1692.6768
2011-09-19,1660.9109000000001
2011-09-20,1668.6790000000001
2011-09-21,1657.1090999999999
2011-09-22,1500.7137
2011-09-23,1288.4431999999999
2011-09-26,1279.3577
2011-09-27,1339.6377
2011-09-28,1240.8139000000001
2011-09-29,1287.6859999999999
2011-09-30,1242.5823
2011-10-03,1267.5360000000001
2011-10-04,1250.3684000000001
2011-10-05,1274.8933999999999
2011-10-06,1341.1134
2011-10-07,1299.4450999999999
2011-10-10,1343.6597999999999
2011-10-11,1348.9308000000001
2011-10-12,1365.7224000000001
2011-10-13,1330.0697
2011-10-14,1347.2915
2011-10-17,1334.4213999999999
2011-10-18,1346.9150999999999
2011-10-19,1299.6514999999999
2011-10-20,1278.1812
2011-10-21,1310.4512999999999
2011-10-24,1327.2448999999999
2011-10-25,1394.3429000000001
2011-10-26,1397.3802000000001
2011-10-27,1415.4664
2011-10-28,1473.5406
2011-10-31,1437.8815999999999
2011-11-01,1390.1813999999999
2011-11-02,1429.7687000000001
2011-11-03,1445.6213
2011-11-04,1427.6754000000001
2011-11-07,1465.5456999999999
2011-11-08,1462.1344999999999
2011-11-09,1423.46
2011-11-10,1425.2084
2011-11-11,1451.0400999999999
2011-11-14,1433.4362000000001
2011-11-15,1447.6570999999999
2011-11-16,1411.5589
2011-11-17,1317.8271
2011-11-18,1350.5408
2011-11-21,1323.0407
2011-11-22,1371.6702
2011-11-23,1330.4052999999999
2011-11-25,1299.0319
2011-11-28,1345.0830000000001
2011-11-29,1334.7861
2011-11-30,1376.5381
2011-12-01,1370.4570000000001
2011-12-02,1361.5364999999999
2011-12-05,1335.7524000000001
2011-12-06,1373.636
2011-12-07,1359.8968
2011-12-08,1320.6885
2011-12-09,1347.9046000000001
2011-12-12,1311.7922000000001
2011-12-13,1282.9922999999999
2011-12-14,1207.7248
2011-12-15,1214.2026000000001
2011-12-16,1241.3333
2011-12-19,1203.0636999999999
2011-12-20,1237.9403
2011-12-21,1230.6500000000001
2011-12-22,1220.3471999999999
2011-12-23,1216.9290000000001
2011-12-27,1199.3103000000001
2011-12-28,1130.4824000000001
2011-12-29,1164.8453
2011-12-30,1159.3601000000001
2012-01-03,1240.7190000000001
2012-01-04,1221.8079
2012-01-05,1226.9965999999999
2012-01-06,1201.1985
2012-01-09,1210.6907000000001
2012-01-10,1250.3107
2012-01-11,1254.2091
2012-01-12,1261.5509999999999
2012-01-13,1240.4856
2012-01-17,1256.4358999999999
2012-01-18,1276.2608
2012-01-19,1280.1601000000001
2012-01-20,1343.8922
2012-01-23,1351.2366999999999
2012-01-24,1337.9190000000001
2012-01-25,1393.4768999999999
2012-01-26,1396.0875000000001
2012-01-27,1418.9313
2012-01-30,1400.4478999999999
2012-01-31,1389.7129
2012-02-01,1410.8359
2012-02-02,1436.2650000000001
2012-02-03,1407.4476
2012-02-06,1407.0450000000001
2012-02-07,1432.0450000000001
2012-02-08,1422.6010000000001
2012-02-09,1416.6013
2012-02-10,1399.8369
2012-02-13,1410.1986999999999
2012-02-14,1401.1841999999999
2012-02-15,1397.3366000000001
2012-02-16,1402.5316
2012-02-17,1389.9853000000001
2012-02-21,1437.4683
2012-02-22,1440.0806
2012-02-23,1481.4512
2012-02-24,1480.1886999999999
2012-02-27,1479.7873999999999
2012-02-28,1543.1253999999999
2012-02-29,1444.9611
2012-03-01,1483.3210999999999
2012-03-02,1454.0631000000001
2012-03-05,1422.7365
2012-03-06,1378.7456999999999
2012-03-07,1396.002
2012-03-08,1414.9819
2012-03-09,1430.9474
2012-03-12,1405.5616
2012-03-13,1389.4360999999999
2012-03-14,1346.8178
2012-03-15,1358.2601
2012-03-16,1360.8716999999999
2012-03-19,1377.6995999999999
2012-03-20,1341.9704999999999
2012-03-21,1344.5820000000001
2012-03-22,1315.7438999999999
2012-03-23,1345.9277999999999
2012-03-26,1375.8976
2012-03-27,1360.8453999999999
2012-03-28,1342.1303
2012-03-29,1350.7741000000001
2012-03-30,1352.0934999999999
2012-04-02,1380.9892
2012-04-03,1363.7810999999999
2012-04-04,1306.7147
2012-04-05,1323.7612999999999
2012-04-09,1318.1857
2012-04-10,1326.8303000000001
2012-04-11,1320.8235999999999
2012-04-12,1354.0319999999999
2012-04-13,1316.5664999999999
2012-04-16,1317.0236
2012-04-17,1327.3929000000001
2012-04-18,1320.5237
2012-04-19,1327.4456
2012-04-20,1325.3169
2012-04-23,1291.7254
2012-04-24,1290.027
2012-04-25,1287.0355
2012-04-26,1300.8538000000001
2012-04-27,1309.0691999999999
2012-04-30,1297.8882000000001
2012-05-01,1295.7587000000001
2012-05-02,1283.7148
2012-05-03,1262.6179999999999
2012-05-04,1267.9022
2012-05-07,1259.2194
2012-05-08,1235.1895
2012-05-09,1223.4881
2012-05-10,1217.9078999999999
2012-05-11,1210.6031
2012-05-14,1182.1728000000001
2012-05-15,1158.0526
2012-05-16,1136.8633
2012-05-17,1174.4824000000001
2012-05-18,1198.2195999999999
2012-05-21,1193.5005000000001
2012-05-22,1178.8641
2012-05-23,1166.3831
2012-05-24,1183.2228
2012-05-25,1191.008
2012-05-29,1168.6086
2012-05-30,1169.4942000000001
2012-05-31,1162.6177
2012-06-01,1191.1025
2012-06-04,1184.2262000000001
2012-06-05,1195.4622999999999
2012-06-06,1229.5559000000001
2012-06-07,1198.5287000000001
2012-06-08,1196.8273999999999
2012-06-11,1198.5762999999999
2012-06-12,1212.8329000000001
2012-06-13,1208.1125999999999
2012-06-14,1199.9416000000001
2012-06-15,1199.5340000000001
2012-06-18,1202.1458
2012-06-19,1192.2489
2012-06-20,1175.8812
2012-06-21,1126.7298000000001
2012-06-22,1128.0462
2012-06-25,1152.2256
2012-06-26,1134.5617999999999
2012-06-27,1127.2506000000001
2012-06-28,1105.7029
2012-06-29,1149.7286999999999
2012-07-02,1153.2028
2012-07-03,1186.0141000000001
2012-07-05,1159.7201
2012-07-06,1134.7194
2012-07-09,1145.0968
2012-07-10,1124.4094
2012-07-11,1132.6296
2012-07-12,1136.9668999999999
2012-07-13,1140.8728000000001
2012-07-16,1143.0528999999999
2012-07-17,1142.2126000000001
2012-07-18,1140.0777
2012-07-19,1140.1003000000001
2012-07-20,1142.7121
2012-07-23,1131.0833
2012-07-24,1131.5372
2012-07-25,1144.9378999999999
2012-07-26,1152.7288000000001
2012-07-27,1163.3251
2012-07-30,1180.8271999999999
2012-07-31,1170.4925000000001
2012-08-01,1145.4830999999999
2012-08-02,1135.5789
2012-08-03,1163.6564000000001
2012-08-06,1170.1538
2012-08-07,1177.0831000000001
2012-08-08,1174.5166999999999
2012-08-09,1177.9931999999999
2012-08-10,1176.7216000000001
2012-08-13,1162.0682999999999
2012-08-14,1163.818
2012-08-15,1164.2728
2012-08-16,1181.5636
2012-08-17,1175.5432000000001
2012-08-20,1206.6496
2012-08-21,1224.8055999999999
2012-08-22,1248.5748000000001
2012-08-23,1277.9575
2012-08-24,1284.0273
2012-08-27,1284.0527999999999
2012-08-28,1292.2817
2012-08-29,1284.5355
2012-08-30,1271.1759
2012-08-31,1329.4920999999999
2012-09-04,1354.1306999999999
2012-09-05,1350.2714000000001
2012-09-06,1367.5706
2012-09-07,1409.4842000000001
2012-09-10,1394.3982000000001
2012-09-11,1399.6079
2012-09-12,1390.9988000000001
2012-09-13,1451.6152999999999
2012-09-14,1451.0826999999999
2012-09-17,1424.7674999999999
2012-09-18,1455.8910000000001
2012-09-19,1449.8733999999999
2012-09-20,1450.3341
2012-09-21,1446.0437999999999
2012-09-24,1422.3172999999999
2012-09-25,1411.5474999999999
2012-09-26,1419.7822000000001
2012-09-27,1450.4780000000001
2012-09-28,1446.1873000000001
2012-10-01,1453.5592999999999
2012-10-02,1447.1086
2012-10-03,1447.5693000000001
2012-10-04,1465.7412999999999
2012-10-05,1445.0347999999999
2012-10-08,1424.3276000000001
2012-10-09,1418.3077000000001
2012-10-10,1423.5201
2012-10-11,1421.3882000000001
2012-10-12,1401.9748999999999
2012-10-15,1367.8714
2012-10-16,1379.5639000000001
2012-10-17,1387.8004000000001
2012-10-18,1370.9773
2012-10-19,1343.5461
2012-10-22,1356.3408999999999
2012-10-23,1325.6892
2012-10-24,1327.0118
2012-10-25,1344.7546
2012-10-26,1343.0527999999999
2012-10-31,1351.2899
2012-11-01,1349.1559999999999
2012-11-02,1294.3004000000001
2012-11-05,1303.8335
2012-11-06,1340.1610000000001
2012-11-07,1332.4085
2012-11-08,1356.2091
2012-11-09,1363.1467
2012-11-12,1355.8263999999999
2012-11-13,1357.1498999999999
2012-11-14,1367.55
2012-11-15,1362.8226999999999
2012-11-16,1349.0183
2012-11-19,1385.3532
2012-11-20,1387.758
2012-11-21,1395.7823000000001
2012-11-23,1425.6362999999999
2012-11-26,1427.3936000000001
2012-11-27,1423.5314000000001
2012-11-28,1410.1587
2012-11-29,1432.2338999999999
2012-11-30,1398.9747
2012-12-03,1405.9195
2012-12-04,1379.1433
2012-12-05,1375.7119
2012-12-06,1380.4949999999999
2012-12-07,1384.8459
2012-12-10,1389.6423
2012-12-11,1379.7123999999999
2012-12-12,1399.6291000000001
2012-12-13,1363.3366000000001
2012-12-14,1347.7974999999999
2012-12-17,1349.1214
2012-12-18,1325.3656000000001
2012-12-19,1302.0411999999999
2012-12-20,1253.9811
2012-12-21,1254.0924
2012-12-24,1251.5226
2012-12-26,1254.5746999999999
2012-12-27,1264.5462
2012-12-28,1258.5166999999999
2012-12-31,1270.2185999999999
2013-01-02,1294.0307
2013-01-03,1262.0083
2013-01-04,1264.5679
2013-01-07,1262.1016999999999
2013-01-08,1270.7772
2013-01-09,1269.5047999999999
2013-01-10,1288.1292000000001
2013-01-11,1275.1783
2013-01-14,1299.4268
2013-01-15,1313.2946999999999
2013-01-16,1317.2139
2013-01-17,1326.7569000000001
2013-01-18,1332.8395
2013-01-22,1346.2764999999999
2013-01-23,1349.3315
2013-01-24,1325.9969000000001
2013-01-25,1306.9876999999999
2013-01-28,1291.4387999999999
2013-01-29,1311.7987000000001
2013-01-30,1337.7837999999999
2013-01-31,1317.0426
2013-02-01,1331.7795000000001
2013-02-04,1327.9118000000001
2013-02-05,1330.9670000000001
2013-02-06,1333.1569
2013-02-07,1318.0387000000001
2013-02-08,1316.7666999999999
2013-02-11,1298.1858999999999
2013-02-12,1302.1061999999999
2013-02-13,1288.2845
2013-02-14,1274.8949
2013-02-15,1247.7995000000001
2013-02-19,1231.02
2013-02-20,1194.0424
2013-02-21,1200.1251
2013-02-22,1204.4767999999999
2013-02-25,1214.8878
2013-02-26,1229.6273000000001
2013-02-27,1212.3390999999999
2013-02-28,1192.0205000000001
2013-03-01,1195.5068000000001
2013-03-04,1194.6648
2013-03-05,1201.1813
2013-03-06,1216.3551
2013-03-07,1208.1548
2013-03-08,1212.2910999999999
2013-03-11,1212.9645
2013-03-12,1220.7806
2013-03-13,1209.5494000000001
2013-03-14,1203.5127
2013-03-15,1203.4933000000001
2013-03-18,1210.0543
2013-03-19,1209.2125000000001
2013-03-20,1204.0410999999999
2013-03-21,1220.0843
2013-03-22,1201.4911999999999
2013-03-25,1205.4117000000001
2013-03-26,1201.5388
2013-03-27,1200.6967
2013-03-28,1187.7307000000001
2013-04-01,1173.0320999999999
2013-04-02,1141.0124000000001
2013-04-03,1129.7764999999999
2013-04-04,1125.4685999999999
2013-04-05,1142.8125
2013-04-08,1139.8037999999999
2013-04-09,1170.5734
2013-04-10,1155.4394
2013-04-11,1156.3285000000001
2013-04-12,1094.8538000000001
2013-04-15,956.71950000000004
2013-04-16,981.64179999999999
2013-04-17,971.91629999999998
2013-04-18,970.20309999999995
2013-04-19,970.22239999999999
2013-04-22,979.77059999999994
2013-04-23,960.73170000000005
2013-04-24,971.14639999999997
2013-04-25,1017.5139
2013-04-26,1000.6405
2013-04-29,1019.7202
2013-04-30,1016.2749
2013-05-01,990.30340000000001
2013-05-02,997.25429999999994
2013-05-03,1008.9708000000001
2013-05-06,1004.2254
2013-05-07,1000.7795
2013-05-08,1001.6658
2013-05-09,991.721
2013-05-10,995.63999999999999
2013-05-13,989.16079999999999
2013-05-14,977.91539999999998
2013-05-15,942.83900000000006
2013-05-16,951.09019999999998
2013-05-17,927.27769999999998
2013-05-20,965.4271
2013-05-21,936.84739999999999
2013-05-22,932.09950000000003
2013-05-23,948.15129999999999
2013-05-24,936.46990000000005
2013-05-28,933.02160000000003
2013-05-29,940.84059999999999
2013-05-30,952.56020000000001
2013-05-31,928.96010000000001
2013-06-03,952.51570000000004
2013-06-04,943.51570000000004
2013-06-05,943.96780000000001
2013-06-06,950.48770000000002
2013-06-07,904.13070000000005
2013-06-10,917.15150000000006
2013-06-11,906.3338
2013-06-12,911.11959999999999
2013-06-13,912.00459999999998
2013-06-14,924.59310000000005
2013-06-17,914.64160000000004
2013-06-18,905.1232
2013-06-19,893.00350000000003
2013-06-20,822.14449999999999
2013-06-21,840.54150000000004
2013-06-24,822.39390000000003
2013-06-25,819.80909999999994
2013-06-26,775.52269999999999
2013-06-27,775.62049999999999
2013-06-28,822.45920000000001
2013-07-01,820.74130000000002
2013-07-02,809.83169999999996
2013-07-03,824.67610000000002
2013-07-05,789.57219999999995
2013-07-08,798.69330000000002
2013-07-09,805.21310000000005
2013-07-10,801.32659999999998
2013-07-11,845.13800000000003
2013-07-12,833.01319999999998
2013-07-15,836.0652
2013-07-16,838.25
2013-07-17,809.21190000000001
2013-07-18,811.82989999999995
2013-07-19,818.78480000000002
2013-07-22,857.39840000000004
2013-07-23,857.41539999999998
2013-07-24,844.33910000000003
2013-07-25,845.73940000000005
2013-07-26,837.94939999999997
2013-07-29,830.15899999999999
2013-07-30,825.40449999999998
2013-07-31,830.19200000000001
2013-08-01,822.8347
2013-08-02,829.35739999999998
2013-08-05,824.55909999999994
2013-08-06,816.81089999999995
2013-08-07,816.82709999999997
2013-08-08,850.24509999999998
2013-08-09,857.20280000000002
2013-08-12,894.52719999999999
2013-08-13,898.44929999999999
2013-08-14,914.95240000000001
2013-08-15,960.95680000000004
2013-08-16,969.21889999999996
2013-08-19,969.3075
2013-08-20,962.74940000000004
2013-08-21,960.5992
2013-08-22,966.25869999999998
2013-08-23,1004.4596
2013-08-26,1017.9302
2013-08-27,1023.5911
2013-08-28,1016.6688
2013-08-29,998.03049999999996
2013-08-30,980.69330000000002
2013-09-03,1014.9936
2013-09-04,984.6377
2013-09-05,971.2047
2013-09-06,996.82770000000005
2013-09-09,990.98889999999994
2013-09-10,960.1961
2013-09-11,967.37599999999998
2013-09-12,914.01369999999997
2013-09-13,929.65599999999995
2013-09-16,908.84180000000003
2013-09-17,909.72789999999998
2013-09-18,968.34010000000001
2013-09-19,963.58489999999995
2013-09-20,911.47490000000005
2013-09-23,901.98710000000005
2013-09-24,906.77980000000002
2013-09-25,910.70439999999996
2013-09-26,908.11800000000005
2013-09-27,909.87239999999997
2013-09-30,907.28579999999999
2013-10-01,886.24959999999999
2013-10-02,908.19010000000003
2013-10-03,908.20809999999994
2013-10-04,908.66020000000003
2013-10-07,934.72680000000003
2013-10-08,933.00879999999995
2013-10-09,913.92430000000002
2013-10-10,904.17359999999996
2013-10-11,890.94920000000002
2013-10-14,890.09849999999994
2013-10-15,892.72130000000004
2013-10-16,890.13379999999995
2013-10-17,913.81600000000003
2013-10-18,916.65650000000005
2013-10-21,929.70159999999998
2013-10-22,949.69489999999996
2013-10-23,944.50279999999998
2013-10-24,949.73260000000005
2013-10-25,942.80330000000004
2013-10-28,941.51919999999996
2013-10-29,941.97209999999995
2013-10-30,950.2423
2013-10-31,916.16880000000003
2013-11-01,915.53549999999996
2013-11-04,905.56449999999995
2013-11-05,907.75400000000002
2013-11-06,912.11540000000002
2013-11-07,904.74969999999996
2013-11-08,898.68669999999997
2013-11-11,894.7953
2013-11-12,868.75109999999995
2013-11-13,859.21209999999996
2013-11-14,870.95749999999998
2013-11-15,868.80280000000005
2013-11-18,854.26760000000002
2013-11-19,851.89530000000002
2013-11-20,831.49450000000002
2013-11-21,835.85530000000006
2013-11-22,831.09310000000005
2013-11-25,837.19179999999994
2013-11-26,831.12609999999995
2013-11-27,823.75670000000002
2013-11-29,835.93820000000005
2013-12-02,802.06539999999995
2013-12-03,800.34339999999997
2013-12-04,825.56010000000003
2013-12-05,812.10680000000002
2013-12-06,815.16449999999998
2013-12-09,830.82349999999997
2013-12-10,854.30470000000003
2013-12-11,849.54169999999999
2013-12-12,817.40200000000004
2013-12-13,823.50199999999995
2013-12-16,835.25160000000005
2013-12-17,831.79160000000002
2013-12-18,829.63520000000005
2013-12-19,803.5761
2013-12-20,809.24189999999999
2013-12-23,813.60400000000004
2013-12-24,815.3587
2013-12-26,826.67510000000004
2013-12-27,837.55740000000003
2013-12-30,819.31899999999996
2013-12-31,813.25009999999997
2014-01-02,835.86860000000001
2014-01-03,844.14390000000003
2014-01-06,844.16060000000004
2014-01-07,831.35419999999999
2014-01-08,818.5471
2014-01-09,818.99810000000002
2014-01-10,842.48879999999997
2014-01-13,855.5471
2014-01-14,844.26120000000003
2014-01-15,843.40840000000003
2014-01-16,841.25139999999999
2014-01-17,848.2242
2014-01-21,833.45910000000003
2014-01-22,827.38879999999995
2014-01-23,837.40520000000004
2014-01-24,833.07389999999998
2014-01-27,821.35090000000002
2014-01-28,819.62789999999995
2014-01-29,827.03610000000003
2014-01-30,804.0068
2014-01-31,802.28340000000003
2014-02-03,809.2568
2014-02-04,815.36080000000004
2014-02-05,829.29240000000004
2014-02-06,833.6576
2014-02-07,838.02290000000005
2014-02-10,838.90930000000003
2014-02-11,845.88419999999996
2014-02-12,845.03120000000001
2014-02-13,858.53020000000004
2014-02-14,898.12480000000005
2014-02-18,919.01919999999996
2014-02-19,897.29060000000004
2014-02-20,913.40139999999997
2014-02-21,912.1146
2014-02-24,921.26689999999996
2014-02-25,914.32569999999998
2014-02-26,888.24509999999998
2014-02-27,890.0027
2014-02-28,885.23540000000003
2014-03-03,896.99810000000002
2014-03-04,886.14049999999997
2014-03-05,885.72310000000004
2014-03-06,898.79160000000002
2014-03-07,873.57709999999997
2014-03-10,870.54909999999995
2014-03-11,871.87159999999994
2014-03-12,890.59670000000006
2014-03-13,885.82849999999996
2014-03-14,897.15830000000005
2014-03-17,884.55840000000001
2014-03-18,870.65279999999996
2014-03-19,861.09760000000006
2014-03-20,849.36659999999995
2014-03-21,849.38340000000005
2014-03-24,835.91110000000003
2014-03-25,836.36279999999999
2014-03-26,827.67639999999994
2014-03-27,826.82249999999999
2014-03-28,829.44989999999996
2014-03-31,828.596
2014-04-01,829.4828
2014-04-02,835.06979999999999
2014-04-03,829.51570000000004
2014-04-04,833.88430000000005
2014-04-07,832.59519999999998
2014-04-08,836.96400000000006
2014-04-09,831.7577
2014-04-10,838.73820000000001
2014-04-11,835.27279999999996
2014-04-14,836.15989999999999
2014-04-15,821.8125
2014-04-16,821.8288
2014-04-17,821.8451
2014-04-21,812.7201
2014-04-22,814.47749999999996
2014-04-23,813.62300000000005
2014-04-24,823.65160000000003
2014-04-25,824.53859999999997
2014-04-28,820.63689999999997
2014-04-29,816.73500000000001
2014-04-30,803.69039999999995
2014-05-01,798.91729999999995
2014-05-02,813.73599999999999
2014-05-05,820.28290000000004
2014-05-06,818.55759999999998
2014-05-07,808.55960000000005
2014-05-08,802.9153
2014-05-09,802.06039999999996
2014-05-12,817.7518
2014-05-13,817.33249999999998
2014-05-14,827.36400000000003
2014-05-15,816.05859999999996
2014-05-16,810.41380000000004
2014-05-19,811.30079999999998
2014-05-20,812.18790000000001
2014-05-21,811.76850000000002
2014-05-22,815.70410000000004
2014-05-23,812.67169999999999
2014-05-27,799.62239999999997
2014-05-28,796.154
2014-05-29,797.04089999999997
2014-05-30,787.43129999999996
2014-06-02,784.87710000000004
2014-06-03,788.37720000000002
2014-06-04,786.65060000000005
2014-06-05,795.3777
2014-06-06,796.26459999999997
2014-06-09,798.02279999999996
2014-06-10,804.13710000000003
2014-06-11,804.15300000000002
2014-06-12,817.23760000000004
2014-06-13,824.22379999999998
2014-06-16,821.19069999999999
2014-06-17,825.12779999999998
2014-06-18,829.93640000000005
2014-06-19,867.85540000000003
2014-06-20,872.66499999999996
2014-06-23,873.55370000000005
2014-06-24,874.87810000000002
2014-06-25,879.68809999999996
2014-06-26,881.88409999999999
2014-06-27,878.85159999999996
2014-06-30,882.35479999999995
2014-07-01,880.62940000000003
2014-07-02,884.56849999999997
2014-07-03,884.15030000000002
2014-07-07,878.93880000000001
2014-07-08,880.69929999999999
2014-07-09,883.33140000000003
2014-07-10,894.24350000000004
2014-07-11,896.4402
2014-07-14,875.97540000000004
2014-07-15,866.40499999999997
2014-07-16,867.7296
2014-07-17,884.30820000000006
2014-07-18,872.55830000000003
2014-07-21,876.06230000000005
2014-07-22,876.0797
2014-07-23,875.22540000000004
2014-07-24,853.44929999999999
2014-07-25,866.10670000000005
2014-07-28,863.50850000000003
2014-07-29,862.21799999999996
2014-07-30,862.23509999999999
2014-07-31,853.53390000000002
2014-08-01,850.93529999999998
2014-08-04,845.72109999999998
2014-08-05,830.48000000000002
2014-08-06,838.34349999999995
2014-08-07,835.74440000000004
2014-08-08,836.63289999999995
2014-08-11,838.39340000000004
2014-08-12,835.79420000000005
2014-08-13,830.14290000000005
2014-08-14,832.77530000000002
2014-08-15,822.32770000000005
2014-08-18,822.77999999999997
2014-08-19,815.38390000000004
2014-08-20,816.27210000000002
2014-08-21,814.98019999999997
2014-08-22,814.99639999999999
2014-08-25,811.08799999999997
2014-08-26,812.41229999999996
2014-08-27,813.73670000000004
2014-08-28,817.24149999999997
2014-08-29,815.94939999999997
2014-09-02,802.88250000000005
2014-09-03,803.77070000000003
2014-09-04,798.98929999999996
2014-09-05,803.3664
2014-09-08,796.40419999999995
2014-09-09,798.60069999999996
2014-09-10,795.56349999999998
2014-09-11,783.32299999999998
2014-09-12,780.32899999999995
2014-09-15,781.65300000000002
2014-09-16,782.97709999999995
2014-09-17,775.14099999999996
2014-09-18,775.15639999999996
2014-09-19,749.87130000000002
2014-09-22,745.08770000000004
2014-09-23,744.6662
2014-09-24,741.19100000000003
2014-09-25,734.22569999999996
2014-09-26,737.29409999999996
2014-09-29,732.07349999999997
2014-09-30,713.32809999999995
2014-10-01,719.01400000000001
2014-10-02,715.9742
2014-10-03,703.3356
2014-10-06,724.29250000000002
2014-10-07,719.0711
2014-10-08,727.81190000000004
2014-10-09,725.20830000000001
2014-10-10,726.09540000000004
2014-10-13,730.03700000000003
2014-10-14,727.86969999999997
2014-10-15,729.19320000000005
2014-10-16,727.46220000000005
2014-10-17,723.54909999999995
2014-10-20,730.10940000000005
2014-10-21,733.61519999999996
2014-10-22,718.35519999999997
2014-10-23,720.11509999999998
2014-10-24,720.12940000000003
2014-10-27,716.65219999999999
2014-10-28,719.72159999999997
2014-10-29,714.9348
2014-10-30,690.5068
2014-10-31,676.55319999999995
2014-11-03,675.69359999999995
2014-11-04,670.46910000000003
2014-11-05,639.92719999999997
2014-11-06,646.92409999999995
2014-11-07,659.15949999999998
2014-11-10,651.31500000000005
2014-11-11,659.62220000000002
2014-11-12,656.14290000000005
2014-11-13,653.53660000000002
2014-11-14,682.36279999999999
2014-11-17,676.70090000000005
2014-11-18,678.8972
2014-11-19,675.8546
2014-11-20,681.10720000000003
2014-11-21,689.4162
2014-11-24,688.99329999999998
2014-11-25,697.73940000000005
2014-11-26,692.95029999999997
2014-11-28,647.55330000000004
2014-12-01,689.048
2014-12-02,687.75170000000003
2014-12-03,686.89200000000005
2014-12-04,688.65239999999994
2014-12-05,681.67909999999995
2014-12-08,686.05949999999996
2014-12-09,712.71199999999999
2014-12-10,714.90970000000004
2014-12-11,713.17700000000002
2014-12-12,711.88099999999997
2014-12-15,675.64589999999998
2014-12-16,658.62620000000004
2014-12-17,659.51279999999997
2014-12-18,666.07299999999998
2014-12-19,672.20540000000005
2014-12-22,654.74749999999995
2014-12-23,656.94439999999997
2014-12-24,659.14149999999995
2014-12-26,670.51149999999996
2014-12-29,660.0412
2014-12-30,680.58510000000001
2014-12-31,657.88329999999996
2015-01-02,660.0806
2015-01-05,677.13080000000002
2015-01-06,691.56060000000002
2015-01-07,692.44799999999998
2015-01-08,683.28740000000005
2015-01-09,688.98040000000003
2015-01-12,693.36300000000006
2015-01-13,711.72670000000005
2015-01-14,704.75019999999995
2015-01-15,705.63800000000003
2015-01-16,740.60630000000003
2015-01-20,750.67049999999995
2015-01-21,758.9873
2015-01-22,769.48919999999998
2015-01-23,765.13490000000002
2015-01-26,748.54520000000002
2015-01-27,757.29960000000005
2015-01-28,752.94479999999999
2015-01-29,709.69709999999998
2015-01-30,722.82129999999995
2015-02-02,719.77660000000003
2015-02-03,723.28700000000003
2015-02-04,726.79759999999999
2015-02-05,724.62689999999998
2015-02-06,700.60360000000003
2015-02-09,713.2921
2015-02-10,707.62440000000004
2015-02-11,702.8306
2015-02-12,705.90419999999995
2015-02-13,722.96479999999997
2015-02-17,691.94500000000005
2015-02-18,688.46180000000004
2015-02-19,686.28989999999999
2015-02-20,679.30949999999996
2015-02-23,683.25720000000001
2015-02-24,680.21069999999997
2015-02-25,692.02729999999997
2015-02-26,692.47820000000002
2015-02-27,693.80349999999999
2015-03-02,684.63649999999996
2015-03-03,681.14819999999997
2015-03-04,677.23130000000003
2015-03-05,678.99360000000001
2015-03-06,664.14179999999999
2015-03-09,660.21990000000005
2015-03-10,656.73519999999996
2015-03-11,648.87789999999995
2015-03-12,652.38869999999997
2015-03-13,651.52719999999999
2015-03-16,655.47109999999998
2015-03-17,651.553
2015-03-18,671.68100000000004
2015-03-19,675.19269999999995
2015-03-20,699.69489999999996
2015-03-23,712.82809999999995
2015-03-24,711.96759999999995
2015-03-25,710.23239999999998
2015-03-26,712.87049999999999
2015-03-27,709.38589999999999
2015-03-30,698.90350000000001
2015-03-31,696.73059999999998
2015-04-01,709.8655
2015-04-02,700.69470000000001
2015-04-06,711.64319999999998
2015-04-07,706.40859999999998
2015-04-08,691.55089999999996
2015-04-09,678.44219999999996
2015-04-10,689.82860000000005
2015-04-13,682.40599999999995
2015-04-14,678.48260000000005
2015-04-15,683.74540000000002
2015-04-16,681.13419999999996
2015-04-17,680.71029999999996
2015-04-20,668.91200000000003
2015-04-21,670.23770000000002
2015-04-22,661.06370000000004
2015-04-23,665.45180000000005
2015-04-24,658.90239999999994
2015-04-27,685.16650000000004
2015-04-28,694.3682
2015-04-29,691.75670000000002
2015-04-30,675.14380000000006
2015-05-01,676.90740000000005
2015-05-04,686.98469999999998
2015-05-05,691.8116
2015-05-06,690.07510000000002
2015-05-07,682.64980000000003
2015-05-08,689.66489999999999
2015-05-11,681.36400000000003
2015-05-12,691.88030000000003
2015-05-13,715.52560000000005
2015-05-14,728.66869999999994
2015-05-15,733.05960000000005
2015-05-18,739.20119999999997
2015-05-19,716.8954
2015-05-20,716.47190000000001
2015-05-21,717.36149999999998
2015-05-22,715.18730000000005
2015-05-26,701.19539999999995
2015-05-27,698.58309999999994
2015-05-28,699.03470000000004
2015-05-29,699.92399999999998
2015-06-01,700.37559999999996
2015-06-02,703.45360000000005
2015-06-03,692.96169999999995
2015-06-04,677.65419999999995
2015-06-05,673.7278
2015-06-08,670.67669999999998
2015-06-09,669.37670000000003
2015-06-10,670.70339999999999
2015-06-11,671.15449999999998
2015-06-12,667.6653
2015-06-15,674.24580000000003
2015-06-16,670.75660000000005
2015-06-17,676.46169999999995
2015-06-18,676.91300000000001
2015-06-19,675.17499999999995
2015-06-22,678.25340000000006
2015-06-23,662.94159999999999
2015-06-24,665.14409999999998
2015-06-25,664.28150000000005
2015-06-26,661.66729999999995
2015-06-29,658.17729999999995
2015-06-30,658.19029999999998
2015-07-01,652.51049999999998
2015-07-02,654.71299999999997
2015-07-06,656.4778
2015-07-07,631.96590000000003
2015-07-08,633.29229999999995
2015-07-09,646.44370000000004
2015-07-10,651.71220000000005
2015-07-13,648.65930000000003
2015-07-14,643.41629999999998
2015-07-15,632.0412
2015-07-16,628.54970000000003
2015-07-17,623.30600000000004
2015-07-20,615.43399999999997
2015-07-21,619.38840000000005
2015-07-22,619.40070000000003
2015-07-23,613.28030000000001
2015-07-24,614.16859999999997
2015-07-27,609.80020000000002
2015-07-28,614.19299999999998
2015-07-29,619.90030000000002
2015-07-30,617.28399999999999
2015-07-31,616.85820000000001
2015-08-03,607.67010000000005
2015-08-04,609.87279999999998
2015-08-05,611.19920000000002
2015-08-06,612.96389999999997
2015-08-07,618.23379999999997
2015-08-10,637.08659999999998
2015-08-11,641.48090000000002
2015-08-12,649.38070000000005
2015-08-13,644.57360000000006
2015-08-14,637.57539999999995
2015-08-17,641.09360000000004
2015-08-18,623.13990000000001
2015-08-19,638.48979999999995
2015-08-20,647.70510000000002
2015-08-21,640.26800000000003
2015-08-24,619.24530000000004
2015-08-25,613.12210000000005
2015-08-26,594.28920000000005
2015-08-27,604.8193
2015-08-28,610.09059999999999
2015-08-31,613.17070000000001
2015-09-01,610.9914
2015-09-02,614.50999999999999
2015-09-03,614.5222
2015-09-04,610.15120000000002
2015-09-08,618.9298
2015-09-09,610.61369999999999
2015-09-10,613.2559
2015-09-11,611.51469999999995
2015-09-14,604.51300000000003
2015-09-15,603.64829999999995
2015-09-16,623.38729999999998
2015-09-17,632.16740000000004
2015-09-18,634.37189999999998
2015-09-21,635.26130000000001
2015-09-22,619.92949999999996
2015-09-23,619.06489999999997
2015-09-24,632.66859999999997
2015-09-25,631.36580000000004
2015-09-28,611.2097
2015-09-29,612.53719999999998
2015-09-30,608.16470000000004
2015-10-01,609.49220000000003
2015-10-02,638.00570000000005
2015-10-05,652.9271
2015-10-06,660.83309999999994
2015-10-07,670.49339999999995
2015-10-08,657.35109999999997
2015-10-09,663.06500000000005
2015-10-12,663.51670000000001
2015-10-13,664.84550000000002
2015-10-14,676.26110000000006
2015-10-15,674.9588
2015-10-16,670.14790000000005
2015-10-19,662.70540000000005
2015-10-20,666.22720000000004
2015-10-21,657.46849999999995
2015-10-22,662.74480000000005
2015-10-23,663.19659999999999
2015-10-26,662.77110000000005
2015-10-27,663.66160000000002
2015-10-28,669.37699999999995
2015-10-29,652.72170000000006
2015-10-30,649.22540000000004
2015-11-02,645.72889999999995
2015-11-03,639.60029999999995
2015-11-04,630.83929999999998
2015-11-05,627.34230000000002
2015-11-06,617.70330000000001
2015-11-09,609.38009999999997
2015-11-10,603.68889999999999
2015-11-11,598.43610000000001
2015-11-12,598.44799999999998
2015-11-13,596.26610000000005
2015-11-16,596.71669999999995
2015-11-17,594.53470000000004
2015-11-18,593.23019999999997
2015-11-19,597.62980000000005
2015-11-20,592.37620000000004
2015-11-23,590.19399999999996
2015-11-24,592.83849999999995
2015-11-25,593.28909999999996
2015-11-27,590.66790000000003
2015-11-30,589.80200000000002
2015-12-01,592.88559999999995
2015-12-02,586.75340000000006
2015-12-03,590.71479999999997
2015-12-04,608.7201
2015-12-07,597.76030000000003
2015-12-08,592.94439999999997
2015-12-09,592.07839999999999
2015-12-10,590.33450000000005
2015-12-11,583.76260000000002
2015-12-14,573.24009999999998
2015-12-15,575.4461
2015-12-16,592.13710000000003
2015-12-17,574.15210000000002
2015-12-18,589.30740000000003
2015-12-21,596.56200000000001
2015-12-22,596.57380000000001
2015-12-23,597.90260000000001
2015-12-24,600.98739999999998
2015-12-28,583.43939999999998
2015-12-29,582.57299999999998
2015-12-30,579.95050000000003
2015-12-31,579.08389999999997
2016-01-04,579.09540000000004
2016-01-05,584.41930000000002
2016-01-06,586.58219999999994
2016-01-07,598.00940000000003
2016-01-08,583.97109999999998
2016-01-11,580.4701
2016-01-12,578.28620000000001
2016-01-13,592.34870000000001
2016-01-14,579.18730000000005
2016-01-15,581.39440000000002
2016-01-19,586.67539999999997
2016-01-20,591.95650000000001
2016-01-21,591.09000000000003
2016-01-22,587.58860000000004
2016-01-25,596.38329999999996
2016-01-26,606.93510000000003
2016-01-27,606.50789999999995
2016-01-28,595.9796
2016-01-29,596.86980000000005
2016-02-01,600.39530000000002
2016-02-02,598.21119999999996
2016-02-03,612.71709999999996
2016-02-04,622.3922
2016-02-05,629.87149999999997
2016-02-08,640.86500000000001
2016-02-09,637.36369999999999
2016-02-10,639.13340000000005
2016-02-11,656.71680000000003
2016-02-12,658.48689999999999
2016-02-16,637.41430000000003
2016-02-17,638.74490000000003
2016-02-18,648.42219999999998
2016-02-19,643.16330000000005
2016-02-22,633.95039999999995
2016-02-23,638.79560000000004
2016-02-24,637.92960000000005
2016-02-25,633.10940000000005
2016-02-26,615.98720000000003
2016-02-29,623.90790000000004
2016-03-01,622.60220000000004
2016-03-02,626.12959999999998
2016-03-03,637.12670000000003
2016-03-04,648.56370000000004
2016-03-07,654.72829999999999
2016-03-08,642.43769999999995
2016-03-09,638.49559999999997
2016-03-10,651.2518
2016-03-11,646.87030000000004
2016-03-14,640.73090000000002
2016-03-15,638.98569999999995
2016-03-16,653.50080000000003
2016-03-17,666.2586
2016-03-18,660.55849999999998
2016-03-21,661.89009999999996
2016-03-22,664.5403
2016-03-23,637.74329999999998
2016-03-24,634.23979999999995
2016-03-28,635.57100000000003
2016-03-29,641.73710000000005
2016-03-30,636.91480000000001
2016-03-31,645.279
2016-04-01,630.34659999999997
2016-04-04,624.20510000000002
2016-04-05,633.88829999999996
2016-04-06,630.38419999999996
2016-04-07,636.55100000000004
2016-04-08,642.71820000000002
2016-04-11,665.59090000000003
2016-04-12,677.47400000000005
2016-04-13,678.80629999999996
2016-04-14,674.42340000000002
2016-04-15,679.71259999999995
2016-04-18,677.9674
2016-04-19,708.75760000000002
2016-04-20,709.65099999999995
2016-04-21,712.74289999999996
2016-04-22,709.23950000000002
2016-04-25,711.01239999999996
2016-04-26,716.303
2016-04-27,720.27470000000005
2016-04-28,737.4384
2016-04-29,746.6875
2016-05-02,731.75099999999998
2016-05-03,728.68719999999996
2016-05-04,725.18359999999996
2016-05-05,726.07749999999999
2016-05-06,731.36929999999995
2016-05-09,708.95450000000005
2016-05-10,716.00540000000001
2016-05-11,728.33420000000001
2016-05-12,713.39490000000001
2016-05-13,716.048
2016-05-16,717.82150000000001
2016-05-17,721.7944
2016-05-18,703.77480000000003
2016-05-19,689.27340000000004
2016-05-20,690.16679999999997
2016-05-23,685.78179999999998
2016-05-24,678.31730000000005
2016-05-25,681.84990000000005
2016-05-26,683.18320000000006
2016-05-27,677.03790000000004
2016-05-31,668.25300000000004
2016-06-01,667.38639999999998
2016-06-02,669.59929999999997
2016-06-03,686.77049999999997
2016-06-06,689.86379999999997
2016-06-07,686.3578
2016-06-08,713.20979999999997
2016-06-09,724.66340000000002
2016-06-10,725.55780000000004
2016-06-13,729.53219999999999
2016-06-14,727.78660000000002
2016-06-15,734.40129999999999
2016-06-16,717.69489999999996
2016-06-17,730.47019999999998
2016-06-20,732.68489999999997
2016-06-21,720.81799999999998
2016-06-22,722.59259999999995
2016-06-23,725.68740000000003
2016-06-24,743.30489999999998
2016-06-27,742.43949999999995
2016-06-28,744.21460000000002
2016-06-29,764.47410000000002
2016-06-30,786.27480000000003
2016-07-01,824.80089999999996
2016-07-05,835.38030000000003
2016-07-06,840.67859999999996
2016-07-07,823.52959999999996
2016-07-08,845.99379999999996
2016-07-11,849.53189999999995
2016-07-12,840.30510000000004
2016-07-13,853.52719999999999
2016-07-14,847.38149999999996
2016-07-15,839.91489999999999
2016-07-18,840.81200000000001
2016-07-19,832.90480000000002
2016-07-20,810.91010000000006
2016-07-21,831.17700000000002
2016-07-22,821.94839999999999
2016-07-25,816.2414
2016-07-26,821.54070000000002
2016-07-27,852.81610000000001
2016-07-28,845.78859999999997
2016-07-29,851.96939999999995
2016-08-01,855.5086
2016-08-02,863.01070000000004
2016-08-03,853.34100000000001
2016-08-04,852.03700000000003
2016-08-05,823.87279999999998
2016-08-08,825.21019999999999
2016-08-09,830.9511
2016-08-10,843.73789999999997
2016-08-11,834.94730000000004
2016-08-12,824.39490000000001
2016-08-15,829.25549999999998
2016-08-16,828.83150000000001
2016-08-17,822.68240000000003
2016-08-18,826.66240000000005
2016-08-19,808.18129999999996
2016-08-22,791.46109999999999
2016-08-23,789.71510000000001
2016-08-24,776.077
2016-08-25,776.53290000000004
2016-08-26,780.51239999999996
2016-08-29,788.45640000000003
2016-08-30,778.34100000000001
2016-08-31,780.55889999999999
2016-09-01,790.26530000000002
2016-09-02,812.30619999999999
2016-09-06,839.19359999999995
2016-09-07,827.31619999999998
2016-09-08,820.28409999999997
2016-09-09,797.8329
2016-09-12,800.49199999999996
2016-09-13,789.93449999999996
2016-09-14,793.9153
2016-09-15,794.81219999999996
2016-09-16,786.89750000000004
2016-09-19,801.89319999999998
2016-09-20,804.99329999999998
2016-09-21,830.56460000000004
2016-09-22,832.78420000000006
2016-09-23,823.10699999999997
2016-09-26,811.22609999999997
2016-09-27,800.66679999999997
2016-09-28,802.44529999999997
2016-09-29,798.05460000000005
2016-09-30,802.03639999999996
2016-10-03,787.50990000000002
2016-10-04,746.54150000000004
2016-10-05,742.59010000000001
2016-10-06,724.53589999999997
2016-10-07,731.60170000000005
2016-10-10,737.34559999999999
2016-10-11,729.86779999999999
2016-10-12,733.84889999999996
2016-10-13,732.10050000000001
2016-10-14,729.91120000000001
2016-10-17,730.36649999999997
2016-10-18,736.99260000000004
2016-10-19,740.09270000000004
2016-10-20,733.49549999999999
2016-10-21,733.95090000000005
2016-10-24,736.16949999999997
2016-10-25,743.23720000000003
2016-10-26,736.6395
2016-10-27,737.53579999999999
2016-10-28,743.72230000000002
2016-10-31,748.14559999999994
2016-11-01,767.55849999999998
2016-11-02,774.18679999999995
2016-11-03,768.02980000000002
2016-11-04,769.80859999999996
2016-11-07,762.32860000000005
2016-11-08,767.19370000000004
2016-11-09,769.4135
2016-11-10,774.27890000000002
2016-11-11,726.23260000000005
2016-11-14,705.52269999999999
2016-11-15,713.91470000000004
2016-11-16,709.51930000000004
2016-11-17,698.50919999999996
2016-11-18,693.67229999999995
2016-11-21,693.245
2016-11-22,696.78679999999997
2016-11-23,684.45249999999999
2016-11-25,689.31719999999996
2016-11-28,695.50519999999995
2016-11-29,695.96000000000004
2016-11-30,690.68129999999996
2016-12-01,690.69500000000005
2016-12-02,698.20669999999996
2016-12-05,700.42589999999996
2016-12-06,699.11659999999995
2016-12-07,715.89160000000004
2016-12-08,711.93600000000004
2016-12-09,704.45140000000004
2016-12-12,714.16980000000001
2016-12-13,707.56719999999996
2016-12-14,702.72879999999998
2016-12-15,669.6576
2016-12-16,673.64120000000003
2016-12-19,669.24300000000005
2016-12-20,672.34439999999995
2016-12-21,667.06370000000004
2016-12-22,660.90039999999999
2016-12-23,657.8252
2016-12-27,667.54459999999995
2016-12-28,670.6463
2016-12-29,675.95420000000001
2016-12-30,666.70190000000002
2017-01-03,681.2758
2017-01-04,687.46669999999995
2017-01-05,695.42280000000005
2017-01-06,690.14149999999995
2017-01-09,692.80280000000005
2017-01-10,702.08339999999998
2017-01-11,700.33219999999994
2017-01-12,702.11120000000005
2017-01-13,703.44910000000004
2017-01-17,718.46759999999995
2017-01-18,714.50999999999999
2017-01-19,711.4348
2017-01-20,714.53830000000005
2017-01-23,718.96600000000001
2017-01-24,715.89070000000004
2017-01-25,710.60860000000002
2017-01-26,703.11940000000004
2017-01-27,715.93340000000001
2017-01-30,716.38890000000004
2017-01-31,734.05909999999994
2017-02-01,733.19079999999997
2017-02-02,730.99829999999997
2017-02-03,731.45420000000001
2017-02-06,742.50459999999998
2017-02-07,741.19500000000005
2017-02-08,743.41690000000006
2017-02-09,739.45860000000005
2017-02-10,751.39290000000005
2017-02-13,745.66859999999997
2017-02-14,750.98119999999994
2017-02-15,752.32060000000001
2017-02-16,757.19200000000001
2017-02-17,753.23339999999996
2017-02-21,751.92380000000003
2017-02-22,755.471
2017-02-23,761.226
2017-02-24,768.30579999999998
2017-02-27,762.58079999999995
2017-02-28,767.01160000000004
2017-03-01,770.11779999999999
2017-03-02,741.87189999999998
2017-03-03,749.83529999999996
2017-03-06,743.22609999999997
2017-03-07,730.8759
2017-03-08,720.73320000000001
2017-03-09,709.26520000000005
2017-03-10,713.25400000000002
2017-03-13,709.73500000000001
2017-03-14,706.21590000000003
2017-03-15,725.66300000000001
2017-03-16,724.35239999999999
2017-03-17,727.45849999999996
2017-03-20,728.798
2017-03-21,733.67110000000002
2017-03-22,734.12729999999999
2017-03-23,736.35050000000001
2017-03-24,742.54920000000004
2017-03-27,757.58280000000002
2017-03-28,758.923
2017-03-29,762.03030000000001
2017-03-30,757.62789999999995
2017-03-31,762.06060000000002
2017-04-03,761.63390000000004
2017-04-04,765.62509999999997
2017-04-05,765.19849999999997
2017-04-06,762.56280000000004
2017-04-07,752.41639999999995
2017-04-10,751.10580000000004
2017-04-11,764.81740000000002
2017-04-12,771.46010000000001
2017-04-13,774.56830000000002
2017-04-17,770.16510000000005
2017-04-18,766.20370000000003
2017-04-19,759.14890000000003
2017-04-20,753.8614
2017-04-21,752.10879999999997
2017-04-24,750.35619999999994
2017-04-25,737.11389999999994
2017-04-26,732.26739999999995
2017-04-27,723.44349999999997
2017-04-28,720.36429999999996
2017-05-01,706.67840000000001
2017-05-02,704.04079999999999
2017-05-03,689.02809999999999
2017-05-04,681.97029999999995
2017-05-05,685.07770000000005
2017-05-08,681.11339999999996
2017-05-09,676.26499999999999
2017-05-10,678.48839999999996
2017-05-11,682.92200000000003
2017-05-12,688.23979999999995
2017-05-15,696.21000000000004
2017-05-16,704.18050000000005
2017-05-17,707.28880000000004
2017-05-18,694.48320000000001
2017-05-19,704.66449999999998
2017-05-22,717.49860000000001
2017-05-23,713.97609999999997
2017-05-24,719.73749999999995
2017-05-25,717.54129999999998
2017-05-26,725.07129999999995
2017-05-30,728.18050000000005
2017-05-31,724.65800000000002
2017-06-01,724.23019999999997
2017-06-02,733.52959999999996
2017-06-05,735.31280000000004
2017-06-06,741.07539999999995
2017-06-07,736.22630000000004
2017-06-08,729.16600000000005
2017-06-09,719.89459999999997
2017-06-12,709.2962
2017-06-13,705.33040000000005
2017-06-14,705.34439999999995
2017-06-15,702.26279999999997
2017-06-16,698.29669999999999
2017-06-19,690.35019999999997
2017-06-20,689.47940000000006
2017-06-21,687.28179999999998
2017-06-22,693.48720000000003
2017-06-23,698.36599999999999
2017-06-26,693.51469999999995
2017-06-27,698.39369999999997
2017-06-28,704.15750000000003
2017-06-29,695.76750000000004
2017-06-30,694.89670000000001
2017-07-03,676.77509999999995
2017-07-05,671.48050000000001
2017-07-06,670.16669999999999
2017-07-07,651.60119999999995
2017-07-10,656.03769999999997
2017-07-11,663.12869999999998
2017-07-12,665.79610000000002
2017-07-13,657.84630000000004
2017-07-14,667.14980000000003
2017-07-17,673.35670000000005
2017-07-18,680.44870000000003
2017-07-19,681.34699999999998
2017-07-20,682.24540000000002
2017-07-21,690.22289999999998
2017-07-24,689.35170000000005
2017-07-25,689.80790000000002
2017-07-26,696.90099999999995
2017-07-27,693.8175
2017-07-28,699.58360000000005
2017-07-31,703.57989999999995
2017-08-01,698.72640000000001
2017-08-02,693.43010000000004
2017-08-03,695.65639999999996
2017-08-04,680.62419999999997
2017-08-07,678.42499999999995
2017-08-08,688.61710000000005
2017-08-09,707.21810000000005
2017-08-10,716.08339999999998
2017-08-11,715.65509999999995
2017-08-14,713.89890000000003
2017-08-15,696.65210000000002
2017-08-16,714.8125
2017-08-17,713.49879999999996
2017-08-18,712.62779999999998
2017-08-21,711.31399999999996
2017-08-22,711.32809999999995
2017-08-23,714.88340000000005
2017-08-24,709.58579999999995
2017-08-25,713.14110000000005
2017-08-28,730.4194
2017-08-29,726.89250000000004
2017-08-30,728.67759999999998
2017-08-31,737.10329999999999
2017-09-01,740.65959999999995
2017-09-05,748.6431
2017-09-06,746.88710000000003
2017-09-07,757.0847
2017-09-08,753.55780000000004
2017-09-11,742.50409999999999
2017-09-12,747.83190000000002
2017-09-13,742.09079999999994
2017-09-14,742.54830000000004
2017-09-15,735.9212
2017-09-18,720.43809999999996
2017-09-19,724.43759999999997
2017-09-20,716.92420000000004
2017-09-21,709.85329999999999
2017-09-22,710.75310000000002
2017-09-25,717.85249999999996
2017-09-26,704.58140000000003
2017-09-27,701.05259999999998
2017-09-28,705.05229999999995
2017-09-29,697.09450000000004
2017-10-02,694.00819999999999
2017-10-03,695.79349999999999
2017-10-04,694.92150000000004
2017-10-05,694.93529999999998
2017-10-06,702.03579999999999
2017-10-09,709.57939999999996
2017-10-10,715.35159999999996
2017-10-11,719.7953
2017-10-12,720.25250000000005
2017-10-13,726.91120000000001
2017-10-16,719.83810000000005
2017-10-17,712.76480000000004
2017-10-18,711.44989999999996
2017-10-19,720.76689999999996
2017-10-20,712.36419999999998
2017-10-23,715.03639999999996
2017-10-24,709.73429999999996
2017-10-25,709.30539999999996
2017-10-26,702.23080000000004
2017-10-27,704.90300000000002
2017-10-30,704.91700000000003
2017-10-31,699.61419999999998
2017-11-01,716.90800000000002
2017-11-02,716.47910000000002
2017-11-03,705.41610000000003
2017-11-06,720.93859999999995
2017-11-07,709.43209999999999
2017-11-08,711.6617
2017-11-09,712.11900000000003
2017-11-10,706.81550000000004
2017-11-13,713.0335
2017-11-14,712.60450000000003
2017-11-15,710.40279999999996
2017-11-16,714.40549999999996
2017-11-17,722.84010000000001
2017-11-20,708.22919999999999
2017-11-21,709.57280000000003
2017-11-22,716.67819999999995
2017-11-24,712.70349999999996
2017-11-27,713.60410000000002
2017-11-28,705.19680000000005
2017-11-29,693.24329999999998
2017-11-30,687.49480000000005
2017-12-01,688.39499999999998
2017-12-04,684.41920000000005
2017-12-05,675.12400000000002
2017-12-06,669.37469999999996
2017-12-07,659.19219999999996
2017-12-08,663.19500000000005
2017-12-11,658.33169999999996
2017-12-12,658.78809999999999
2017-12-13,671.65769999999998
2017-12-14,665.90769999999998
2017-12-15,671.68439999999998
2017-12-18,674.80119999999999
2017-12-19,674.81460000000004
2017-12-20,676.15809999999999
2017-12-21,674.84140000000002
2017-12-22,682.83579999999995
2017-12-26,691.27390000000003
2017-12-27,697.49540000000002
2017-12-28,704.16049999999996
2017-12-29,709.0521
2018-01-02,718.82180000000005
2018-01-03,717.06230000000005
2018-01-04,719.73720000000003
2018-01-05,719.30799999999999
2018-01-08,716.21799999999996
2018-01-09,710.91049999999996
2018-01-10,710.48109999999997
2018-01-11,710.05169999999998
2018-01-12,721.59690000000001
2018-01-16,720.7242
2018-01-17,712.3116
2018-01-18,708.33389999999997
2018-01-19,711.8963
2018-01-22,711.46690000000001
2018-01-23,713.25519999999995
2018-01-24,734.56060000000002
2018-01-25,723.48580000000004
2018-01-26,727.93600000000004
2018-01-29,719.07860000000005
2018-01-30,716.43119999999999
2018-01-31,725.31759999999997
2018-02-01,720.89580000000001
2018-02-02,694.73609999999996
2018-02-05,698.29899999999998
2018-02-06,694.32000000000005
2018-02-07,683.68610000000001
2018-02-08,685.91790000000003
2018-02-09,682.82579999999996
2018-02-12,690.82569999999998
2018-02-13,693.05780000000004
2018-02-14,705.93880000000001
2018-02-15,705.95280000000002
2018-02-16,697.98000000000002
2018-02-20,689.56299999999999
2018-02-21,689.57669999999996
2018-02-22,694.9153
2018-02-23,691.82280000000003
2018-02-26,695.83040000000005
2018-02-27,686.96879999999999
2018-02-28,686.09490000000005
2018-03-01,689.65880000000004
2018-03-02,690.56010000000003
2018-03-05,687.46709999999996
2018-03-06,700.35140000000001
2018-03-07,689.26969999999994
2018-03-08,690.17110000000002
2018-03-09,693.7355
2018-03-12,692.86149999999998
2018-03-13,692.87530000000004
2018-03-14,692.88900000000001
2018-03-15,685.80079999999998
2018-03-16,683.15110000000004
2018-03-19,683.16459999999995
2018-03-20,678.2953
2018-03-21,694.73339999999996
2018-03-22,685.42489999999998
2018-03-23,691.65350000000001
2018-03-26,697.88229999999999
2018-03-27,691.23699999999997
2018-03-28,681.92769999999996
2018-03-29,684.16099999999994
2018-04-02,694.82989999999995
2018-04-03,686.40809999999999
2018-04-04,682.86980000000005
2018-04-05,685.99130000000002
2018-04-06,685.11689999999999
2018-04-09,690.90269999999998
2018-04-10,693.5806
2018-04-11,696.70259999999996
2018-04-12,689.16769999999997
2018-04-13,696.28620000000001
2018-04-16,698.07619999999997
2018-04-17,701.64260000000002
2018-04-18,718.53150000000005
2018-04-19,722.09839999999997
2018-04-20,716.33950000000004
2018-04-23,695.92499999999995
2018-04-24,699.93579999999997
2018-04-25,693.28790000000004
2018-04-26,691.9692
2018-04-27,691.53880000000004
2018-04-30,683.11369999999999
2018-05-01,676.90909999999997
2018-05-02,684.91750000000002
2018-05-03,686.70780000000002
2018-05-04,690.2749
2018-05-07,689.40020000000004
2018-05-08,688.96969999999999
2018-05-09,689.87170000000003
2018-05-10,699.21400000000006
2018-05-11,697.45100000000002
2018-05-14,691.24549999999999
2018-05-15,681.04160000000002
2018-05-16,684.60910000000001
2018-05-17,687.28830000000005
2018-05-18,687.74620000000004
2018-05-21,690.42550000000006
2018-05-22,692.21640000000002
2018-05-23,688.67570000000001
2018-05-24,697.13120000000004
2018-05-25,690.03599999999994
2018-05-29,686.05079999999998
2018-05-30,690.95209999999997
2018-05-31,686.96669999999995
2018-06-01,686.09159999999997
2018-06-04,686.54960000000005
2018-06-05,689.67380000000003
2018-06-06,697.68629999999996
2018-06-07,698.58889999999997
2018-06-08,701.26909999999998
2018-06-11,708.39350000000002
2018-06-12,705.29669999999999
2018-06-13,714.64350000000002
2018-06-14,718.6576
2018-06-15,693.33879999999999
2018-06-18,689.35249999999996
2018-06-19,682.69939999999997
2018-06-20,681.82399999999996
2018-06-21,682.72649999999999
2018-06-22,688.96280000000002
2018-06-25,683.19799999999998
2018-06-26,681.43359999999996
2018-06-27,672.11239999999998
2018-06-28,669.90309999999999
2018-06-29,673.47270000000003
2018-07-02,662.81709999999998
2018-07-03,668.16480000000001
2018-07-05,671.28999999999996
2018-07-06,670.41420000000005
2018-07-09,674.42859999999996
2018-07-10,672.21910000000003
2018-07-11,660.67309999999998
2018-07-12,666.91060000000004
2018-07-13,661.58849999999995
2018-07-16,660.26779999999997
2018-07-17,652.27769999999998
2018-07-18,650.51210000000003
2018-07-19,641.1875
2018-07-20,648.75930000000005
2018-07-23,643.43619999999999
2018-07-24,648.34040000000005
2018-07-25,652.79999999999995
2018-07-26,644.36389999999994
2018-07-27,647.93430000000001
2018-07-30,648.39179999999999
2018-07-31,649.73879999999997
2018-08-01,643.97029999999995
2018-08-02,641.7595
2018-08-03,644.8854
2018-08-06,640.45069999999998
2018-08-07,641.79769999999996
2018-08-08,644.92380000000003
2018-08-09,645.8261
2018-08-10,640.94629999999995
2018-08-13,627.17039999999997
2018-08-14,630.29650000000004
2018-08-15,603.62040000000002
2018-08-16,612.52869999999996
2018-08-17,619.2133
2018-08-20,617.44629999999995
2018-08-21,617.90340000000003
2018-08-22,617.47080000000005
2018-08-23,607.25120000000004
2018-08-24,619.27480000000003
2018-08-27,622.40120000000002
2018-08-28,615.74019999999996
2018-08-29,617.08709999999996
2018-08-30,609.53589999999997
2018-08-31,607.32349999999997
2018-09-04,592.20799999999997
2018-09-05,593.99950000000001
2018-09-06,592.23149999999998
2018-09-07,592.68820000000005
2018-09-10,592.255
2018-09-11,590.93190000000004
2018-09-12,595.83839999999998
2018-09-13,594.0702
2018-09-14,588.74210000000005
2018-09-17,592.31380000000001
2018-09-18,592.32550000000003
2018-09-19,596.34249999999997
2018-09-20,598.57950000000005
2018-09-21,598.1463
2018-09-24,596.82309999999995
2018-09-25,604.84590000000003
2018-09-26,600.40729999999996
2018-09-27,596.85860000000002
2018-09-28,611.11310000000003
2018-10-01,606.22919999999999
2018-10-02,613.80799999999999
2018-10-03,613.37509999999997
2018-10-04,610.27139999999997
2018-10-05,612.06399999999996
2018-10-08,602.28309999999999
2018-10-09,602.29510000000005
2018-10-10,598.74580000000003
2018-10-11,608.55129999999997
2018-10-12,611.67960000000005
2018-10-15,614.36279999999999
2018-10-16,613.4846
2018-10-17,611.71600000000001
2018-10-18,609.94730000000004
2018-10-19,611.74030000000005
2018-10-22,609.08100000000002
2018-10-23,615.77160000000003
2018-10-24,614.00289999999995
2018-10-25,611.78880000000004
2018-10-26,614.91780000000006
2018-10-29,605.13400000000001
2018-10-30,606.03660000000002
2018-10-31,597.14290000000005
2018-11-01,615.85720000000003
2018-11-02,617.20529999999997
2018-11-05,612.76440000000002
2018-11-06,607.87800000000004
2018-11-07,608.7808
2018-11-08,603.89409999999998
2018-11-09,593.21770000000004
2018-11-12,586.54909999999995
2018-11-13,585.66999999999996
2018-11-14,591.47149999999999
2018-11-15,597.71860000000004
2018-11-16,602.62980000000005
2018-11-19,603.5326
2018-11-20,599.09040000000005
2018-11-21,605.78359999999998
2018-11-23,597.77790000000005
2018-11-26,596.45349999999996
2018-11-27,592.01080000000002
2018-11-28,598.25900000000001
2018-11-29,598.27080000000001
2018-11-30,593.38250000000005
2018-12-03,600.96749999999997
2018-12-04,606.77080000000001
2018-12-06,605.89179999999999
2018-12-07,611.69539999999995
2018-12-10,608.14340000000004
2018-12-11,608.601
2018-12-12,615.74170000000004
2018-12-13,617.53610000000003
2018-12-14,610.41949999999997
2018-12-17,613.55050000000006
2018-12-18,612.67160000000001
2018-12-19,610.01020000000005
2018-12-20,617.15170000000001
2018-12-21,612.26239999999996
2018-12-24,618.06740000000002
2018-12-26,628.77449999999999
2018-12-27,637.25379999999996
2018-12-28,642.61400000000003
2018-12-31,647.08320000000003
2019-01-02,648.87860000000001
2019-01-03,657.35900000000004
2019-01-04,656.48069999999996
2019-01-07,653.81970000000001
2019-01-08,654.72400000000005
2019-01-09,658.7482
2019-01-10,650.73869999999999
2019-01-11,652.53440000000001
2019-01-14,653.43880000000001
2019-01-15,650.77739999999994
2019-01-16,652.12750000000005
2019-01-17,649.46600000000001
2019-01-18,640.56380000000001
2019-01-22,641.46799999999996
2019-01-23,642.81799999999998
2019-01-24,640.15610000000004
2019-01-25,657.10889999999995
2019-01-28,659.35090000000002
2019-01-29,663.37630000000001
2019-01-30,670.9683
2019-01-31,670.98159999999996
2019-02-01,665.19910000000004
2019-02-04,663.4289
2019-02-05,662.99620000000004
2019-02-06,654.53800000000001
2019-02-07,658.56380000000001
2019-02-08,661.25220000000002
2019-02-11,656.3605
2019-02-12,656.81949999999995
2019-02-13,650.58979999999997
2019-02-14,653.27819999999997
2019-02-15,660.87189999999998
2019-02-19,669.80359999999996
2019-02-20,672.04660000000001
2019-02-21,661.35720000000003
2019-02-22,666.72180000000003
2019-02-25,664.50519999999995
2019-02-26,666.30229999999995
2019-02-27,657.84180000000003
2019-02-28,652.50289999999995
2019-03-01,633.33770000000004
2019-03-04,631.12019999999995
2019-03-05,633.36279999999999
2019-03-06,631.14520000000005
2019-03-07,628.48149999999998
2019-03-08,642.76750000000004
2019-03-11,640.99609999999996
2019-03-12,645.91549999999995
2019-03-13,647.26649999999995
2019-03-14,635.23509999999999
2019-03-15,639.26260000000002
2019-03-18,641.95180000000005
2019-03-19,642.41070000000002
2019-03-20,648.66909999999996
2019-03-21,646.89750000000004
2019-03-22,644.67960000000005
2019-03-25,649.60000000000002
2019-03-26,645.59749999999997
2019-03-27,638.91790000000003
2019-03-28,627.77629999999999
2019-03-29,632.69669999999996
2019-04-01,631.37070000000006
2019-04-02,631.82939999999996
2019-04-03,633.6268
2019-04-04,634.53179999999998
2019-04-05,632.31330000000003
2019-04-08,638.57309999999995
2019-04-09,637.24699999999996
2019-04-10,637.25969999999995
2019-04-11,625.66949999999997
2019-04-12,627.02080000000001
2019-04-15,627.47950000000003
2019-04-16,627.93820000000005
2019-04-17,627.05809999999997
2019-04-18,627.51679999999999
2019-04-22,628.42190000000005
2019-04-23,620.84690000000001
2019-04-24,624.87620000000004
2019-04-25,624.8886
2019-04-26,629.36450000000002
2019-04-29,624.46699999999998
2019-04-30,625.81849999999997
2019-05-01,613.77880000000005
2019-05-02,612.00540000000001
2019-05-03,623.17740000000003
2019-05-06,624.08259999999996
2019-05-07,624.09500000000003
2019-05-08,620.08960000000002
2019-05-09,617.42330000000004
2019-05-10,617.88199999999995
2019-05-13,617.89430000000004
2019-05-14,618.79939999999999
2019-05-15,618.36519999999996
2019-05-16,609.44799999999998
2019-05-17,603.65589999999997
2019-05-20,605.00729999999999
2019-05-21,604.12630000000001
2019-05-22,604.58479999999997
2019-05-23,610.84810000000004
2019-05-24,609.52059999999994
2019-05-28,601.04849999999999
2019-05-29,603.73969999999997
2019-05-30,607.32410000000004
2019-05-31,609.56899999999996
2019-06-03,619.40560000000005
2019-06-04,620.31110000000001
2019-06-05,619.8768
2019-06-06,621.67550000000006
2019-06-07,627.94029999999998
2019-06-10,615.44749999999999
2019-06-11,616.79960000000005
2019-06-12,618.15179999999998
2019-06-13,623.52369999999996
2019-06-14,621.30280000000005
2019-06-17,620.86850000000004
2019-06-18,627.58090000000004
2019-06-19,632.95339999999999
2019-06-20,645.47320000000002
2019-06-21,641.46569999999997
2019-06-24,645.94550000000004
2019-06-25,642.38459999999998
2019-06-26,639.71699999999998
2019-06-27,637.94280000000003
2019-06-28,640.18920000000003
2019-07-01,633.50070000000005
2019-07-02,638.42750000000001
2019-07-03,639.78049999999996
2019-07-05,628.1771
2019-07-08,627.74279999999999
2019-07-09,631.77629999999999
2019-07-10,637.15049999999997
2019-07-11,633.14179999999999
2019-07-12,637.17579999999998
2019-07-15,644.33770000000004
2019-07-16,649.71249999999998
2019-07-17,667.5992
2019-07-18,683.25229999999999
2019-07-19,677.90350000000001
2019-07-22,685.9606
2019-07-23,685.52729999999997
2019-07-24,693.58489999999995
2019-07-25,686.44830000000002
2019-07-26,684.22739999999999
2019-07-29,688.26319999999998
2019-07-30,692.74609999999996
2019-07-31,679.79880000000003
2019-08-01,685.62260000000003
2019-08-02,678.93190000000004
2019-08-05,685.20280000000002
2019-08-06,687.45129999999995
2019-08-07,713.83659999999998
2019-08-08,710.27480000000003
2019-08-09,710.28890000000001
2019-08-12,714.3261
2019-08-13,709.42309999999998
2019-08-14,718.82460000000003
2019-08-15,721.07399999999996
2019-08-16,716.17089999999996
2019-08-19,705.90300000000002
2019-08-20,717.54049999999995
2019-08-21,717.55470000000003
2019-08-22,713.99239999999998
2019-08-23,730.99570000000006
2019-08-26,738.61080000000004
2019-08-27,761.42759999999998
2019-08-28,767.70219999999995
2019-08-29,763.24630000000002
2019-08-30,766.83839999999998
2019-09-03,799.94169999999997
2019-09-04,820.07910000000004
2019-09-05,778.51009999999997
2019-09-06,754.37879999999996
2019-09-09,752.60509999999999
2019-09-10,753.51440000000002
2019-09-11,758.00120000000004
2019-09-12,756.67470000000003
2019-09-13,729.40999999999997
2019-09-16,748.65480000000002
2019-09-17,754.03639999999996
2019-09-18,740.18709999999999
2019-09-19,743.33249999999998
2019-09-20,751.39769999999999
2019-09-23,783.16819999999996
2019-09-24,780.05280000000005
2019-09-25,747.41700000000003
2019-09-26,745.64269999999999
2019-09-27,731.79129999999998
2019-09-30,712.12440000000004
2019-10-01,722.42669999999998
2019-10-02,734.96609999999998
2019-10-03,734.98069999999996
2019-10-04,734.10059999999999
2019-10-07,729.1943
2019-10-08,743.07690000000002
2019-10-09,742.64430000000004
2019-10-10,732.36940000000004
2019-10-11,732.38390000000004
2019-10-14,737.7672
2019-10-15,727.93889999999999
2019-10-16,727.50599999999997
2019-10-17,733.78430000000003
2019-10-18,734.24630000000002
2019-10-21,734.26080000000002
2019-10-22,732.48559999999998
2019-10-23,733.39509999999996
2019-10-24,745.04369999999994
2019-10-25,755.79790000000003
2019-10-28,746.41570000000002
2019-10-29,745.08810000000005
2019-10-30,748.68290000000002
2019-10-31,757.20039999999995
2019-11-01,757.21540000000005
2019-11-04,754.09770000000003
2019-11-05,735.76369999999997
2019-11-06,737.12099999999998
2019-11-07,716.10059999999999
2019-11-08,702.68790000000001
2019-11-11,704.93970000000002
2019-11-12,703.61090000000002
2019-11-13,708.54840000000002
2019-11-14,711.69560000000001
2019-11-15,709.47170000000006
2019-11-18,712.6191
2019-11-19,717.10950000000003
2019-11-20,718.01900000000001
2019-11-21,715.79499999999996
2019-11-22,711.78039999999999
2019-11-25,706.42259999999999
2019-11-26,715.83759999999995
2019-11-27,709.13670000000002
2019-11-29,712.73220000000003
2019-12-02,707.37400000000002
2019-12-03,718.58069999999998
2019-12-04,705.61120000000005
2019-12-05,709.65470000000005
2019-12-06,693.1028
2019-12-09,694.01199999999994
2019-12-10,697.15999999999997
2019-12-11,705.23350000000005
2019-12-12,709.72519999999997
2019-12-13,709.29150000000004
2019-12-16,712.44000000000005
2019-12-17,711.11080000000004
2019-12-18,712.02049999999997
2019-12-19,713.82590000000005
2019-12-20,718.31820000000005
2019-12-23,729.08040000000005
2019-12-24,742.52999999999997
2019-12-26,749.26239999999996
2019-12-27,742.55949999999996
2019-12-30,749.74000000000001
2019-12-31,747.06769999999995
2020-01-02,752.90499999999997
2020-01-03,754.2636
2020-01-06,758.75750000000005
2020-01-07,769.07449999999994
2020-01-08,758.33969999999999
2020-01-09,748.94830000000002
2020-01-10,756.57809999999995
2020-01-13,751.66570000000002
2020-01-14,744.51340000000005
2020-01-15,753.0394
2020-01-16,751.26250000000005
2020-01-17,753.51729999999998
2020-01-21,745.46839999999997
2020-01-22,746.37919999999997
2020-01-23,744.154
2020-01-24,757.60919999999999
2020-01-27,756.72820000000002
2020-01-28,731.20529999999997
2020-01-29,735.25220000000002
2020-01-30,747.36419999999998
2020-01-31,753.65189999999996
2020-02-03,739.32860000000005
2020-02-04,737.10289999999998
2020-02-05,737.56560000000002
2020-02-06,745.1979
2020-02-07,741.17970000000003
2020-02-10,744.33119999999997
2020-02-11,738.5204
2020-02-12,731.81309999999996
2020-02-13,737.65340000000003
2020-02-14,742.14959999999996
2020-02-18,762.33140000000003
2020-02-19,772.20619999999997
2020-02-20,768.18790000000001
2020-02-21,774.47770000000003
2020-02-24,779.87139999999999
2020-02-25,748.96100000000001
2020-02-26,747.63120000000004
2020-02-27,738.23339999999996
2020-02-28,696.11450000000002
2020-03-02,697.47299999999996
2020-03-03,718.10630000000003
2020-03-04,721.25829999999996
2020-03-05,730.68619999999999
2020-03-06,725.32140000000004
2020-03-09,711.88729999999998
2020-03-10,705.1771
2020-03-11,700.70799999999997
2020-03-12,655.44269999999995
2020-03-13,613.76199999999994
2020-03-16,538.00660000000005
2020-03-17,532.63720000000001
2020-03-18,502.60849999999999
2020-03-19,507.55040000000002
2020-03-20,521.01139999999998
2020-03-23,551.95960000000002
2020-03-24,595.91210000000001
2020-03-25,605.78859999999997
2020-03-26,606.69740000000002
2020-03-27,602.67370000000005
2020-03-30,590.13
2020-03-31,585.20899999999995
2020-04-01,583.87530000000004
2020-04-02,606.75760000000002
2020-04-03,603.63040000000001
2020-04-06,629.20479999999998
2020-04-07,627.42340000000002
2020-04-08,625.1934
2020-04-09,643.1454
2020-04-13,645.84910000000002
2020-04-14,657.07460000000003
2020-04-15,649.91139999999996
2020-04-16,650.82140000000004
2020-04-17,634.68709999999999
2020-04-20,639.6336
2020-04-21,622.60140000000001
2020-04-22,632.0335
2020-04-23,637.4289
2020-04-24,637.44150000000002
2020-04-27,637.45420000000001
2020-04-28,632.53229999999996
2020-04-29,640.61969999999997
2020-04-30,627.17399999999998
2020-05-01,624.49469999999997
2020-05-04,617.77760000000001
2020-05-05,624.96810000000005
2020-05-06,624.53189999999995
2020-05-07,639.79870000000005
2020-05-08,647.88729999999998
2020-05-11,647.90020000000004
2020-05-12,647.01570000000004
2020-05-13,652.86149999999998
2020-05-14,664.54070000000002
2020-05-15,695.96370000000002
2020-05-18,708.54160000000002
2020-05-19,725.60739999999998
2020-05-20,734.14779999999996
2020-05-21,716.21249999999998
2020-05-22,719.81679999999994
2020-05-26,716.68970000000002
2020-05-27,724.78179999999998
2020-05-28,726.59130000000005
2020-05-29,747.69889999999998
2020-06-01,767.46090000000004
2020-06-02,755.80709999999999
2020-06-03,739.66470000000004
2020-06-04,742.3723
2020-06-05,727.12670000000003
2020-06-08,744.64599999999996
2020-06-09,737.03030000000001
2020-06-10,761.28340000000003
2020-06-11,737.95730000000003
2020-06-12,730.78989999999999
2020-06-15,728.55989999999997
2020-06-16,729.92110000000002
2020-06-17,733.0779
2020-06-18,727.70550000000003
2020-06-19,740.28980000000001
2020-06-22,740.75340000000006
2020-06-23,752.44060000000002
2020-06-24,730.90589999999997
2020-06-25,744.83810000000005
2020-06-26,746.64880000000005
2020-06-29,747.5616
2020-06-30,763.73990000000003
2020-07-01,755.22410000000002
2020-07-02,750.30010000000004
2020-07-06,765.58140000000003
2020-07-07,763.80050000000006
2020-07-08,785.3691
2020-07-09,780.44529999999997
2020-07-10,782.70600000000002
2020-07-13,796.19320000000005
2020-07-14,806.98659999999995
2020-07-15,815.98410000000001
2020-07-16,798.48599999999999
2020-07-17,808.83100000000002
2020-07-20,832.20029999999997
2020-07-21,883.4153
2020-07-22,962.92679999999996
2020-07-23,944.5317
2020-07-24,952.63490000000002
2020-07-27,1025.4150999999999
2020-07-28,1022.7406
2020-07-29,1013.7776
2020-07-30,977.41489999999999
2020-07-31,1017.4113
2020-08-03,1021.4742
2020-08-04,1089.3232
2020-08-05,1125.2813000000001
2020-08-06,1207.5098
2020-08-07,1176.5373999999999
2020-08-10,1212.9485
2020-08-11,1048.1014
2020-08-12,1052.1655000000001
2020-08-13,1143.386
2020-08-14,1104.3224
2020-08-17,1151.0690999999999
2020-08-18,1162.7734
2020-08-19,1117.867
2020-08-20,1150.6883
2020-08-21,1118.8099999999999
2020-08-24,1105.3525999999999
2020-08-25,1112.5637999999999
2020-08-26,1148.9822999999999
2020-08-27,1130.5818999999999
2020-08-28,1150.8253999999999
2020-08-31,1178.7089000000001
2020-09-01,1174.6878999999999
2020-09-02,1148.1976
2020-09-03,1111.8196
2020-09-04,1126.2225000000001
2020-09-08,1112.3131000000001
2020-09-09,1131.6602
2020-09-10,1117.3009999999999
2020-09-11,1119.1208999999999
2020-09-14,1136.6714999999999
2020-09-15,1133.9973
2020-09-16,1134.0198
2020-09-17,1134.0423000000001
2020-09-18,1120.5804000000001
2020-09-21,1035.1994
2020-09-22,1024.4319
2020-09-23,951.63170000000002
2020-09-24,969.18179999999995
2020-09-25,957.51329999999996
2020-09-28,989.899
2020-09-29,1011.4968
2020-09-30,972.85519999999997
2020-10-01,993.10490000000004
2020-10-02,994.92290000000003
2020-10-05,1016.9721
2020-10-06,976.97879999999998
2020-10-07,993.18370000000004
2020-10-08,997.24990000000003
2020-10-09,1052.5725
2020-10-12,1048.9964
2020-10-13,1011.248
2020-10-14,1013.5162
2020-10-15,1015.7846
2020-10-16,1008.1605
2020-10-19,1015.3751999999999
2020-10-20,1035.1813
2020-10-21,1047.3434
2020-10-22,1032.5242000000001
2020-10-23,1031.6451999999999
2020-10-26,1016.8251
2020-10-27,1022.242
2020-10-28,979.53769999999997
2020-10-29,976.40890000000002
2020-10-30,989.0213
2020-11-02,1007.9308
2020-11-03,1009.3002
2020-11-04,1000.3246
2020-11-05,1061.9652000000001
2020-11-06,1070.0826
2020-11-09,1012.0792
2020-11-10,1008.9505
2020-11-11,1013.019
2020-11-12,1014.3885
2020-11-13,1030.1531
2020-11-16,1035.5717
2020-11-17,1022.9962
2020-11-18,1014.4691
2020-11-19,1008.6408
2020-11-20,1011.8099999999999
2020-11-23,986.63610000000006
2020-11-24,973.15859999999998
2020-11-25,977.22709999999995
2020-11-27,947.10180000000003
2020-11-30,947.12059999999997
2020-12-01,1003.3817
2020-12-02,1004.7515
2020-12-03,1009.2709
2020-12-04,1011.5408
2020-12-07,1026.8599999999999
2020-12-08,1026.8803
2020-12-09,1000.3511999999999
2020-12-10,1004.4211
2020-12-11,1001.741
2020-12-14,997.26059999999995
2020-12-15,1026.0822000000001
2020-12-16,1063.0055
2020-12-17,1086.8789999999999
2020-12-18,1078.3495
2020-12-21,1097.2735
2020-12-22,1054.5385000000001
2020-12-23,1071.2123999999999
2020-12-24,1078.4350999999999
2020-12-28,1099.6111000000001
2020-12-29,1097.8325
2020-12-30,1114.5085999999999
2020-12-31,1105.9783
2021-01-04,1141.1107
2021-01-05,1155.5379
2021-01-06,1140.7058
2021-01-07,1137.1271999999999
2021-01-08,1058.3702000000001
2021-01-11,1044.8858
2021-01-12,1067.8661
2021-01-13,1055.2818
2021-01-14,1067.4583
2021-01-15,1033.2632000000001
2021-01-19,1052.6433
2021-01-20,1081.0288
2021-01-21,1087.3535999999999
2021-01-22,1065.3130000000001
2021-01-25,1060.3812
2021-01-26,1064.905
2021-01-27,1054.5697
2021-01-28,1113.1278
2021-01-29,1125.3079
2021-02-01,1205.0338999999999
2021-02-02,1105.0886
2021-02-03,1122.673
2021-02-04,1102.4304999999999
2021-02-05,1123.6183000000001
2021-02-08,1143.4558999999999
2021-02-09,1138.5246999999999
2021-02-10,1129.0896
2021-02-11,1130.0127
2021-02-12,1139.9436000000001
2021-02-16,1137.7141999999999
2021-02-17,1144.0424
2021-02-18,1128.7511999999999
2021-02-19,1137.7819999999999
2021-02-22,1183.2978000000001
2021-02-23,1158.0968
2021-02-24,1168.48
2021-02-25,1144.1786999999999
2021-02-26,1110.867
2021-03-01,1108.1862000000001
2021-03-02,1117.2179000000001
2021-03-03,1093.8145
2021-03-04,1061.4002
2021-03-05,1052.4110000000001
2021-03-08,1050.6298999999999
2021-03-09,1083.5391999999999
2021-03-10,1095.7252000000001
2021-03-11,1092.5931
2021-03-12,1082.7026000000001
2021-03-15,1096.241
2021-03-16,1085.8996
2021-03-17,1100.3397
2021-03-18,1085.9427000000001
2021-03-19,1095.4268
2021-03-22,1078.7760000000001
2021-03-23,1046.3530000000001
2021-03-24,1047.2751000000001
2021-03-25,1049.549
2021-03-26,1046.866
2021-03-29,1032.4658999999999
2021-03-30,1003.1933
2021-03-31,1023.0428000000001
2021-04-01,1043.3435999999999
2021-04-05,1040.6602
2021-04-06,1051.9483
2021-04-07,1051.5184999999999
2021-04-08,1064.6101000000001
2021-04-09,1055.1659999999999
2021-04-12,1038.5098
2021-04-13,1059.7153000000001
2021-04-14,1063.3423
2021-04-15,1083.1967999999999
2021-04-16,1085.9229
2021-04-19,1080.9858999999999
2021-04-20,1080.1058
2021-04-21,1113.4861000000001
2021-04-22,1091.4187999999999
2021-04-23,1088.2847999999999
2021-04-26,1095.5195000000001
2021-04-27,1099.5987
2021-04-28,1100.0714
2021-04-29,1093.3305
2021-04-30,1082.5316
2021-05-03,1125.3853999999999
2021-05-04,1107.8235999999999
2021-05-05,1107.8456000000001
2021-05-06,1143.9391000000001
2021-05-07,1148.4708000000001
2021-05-10,1143.0826
2021-05-11,1157.5347999999999
2021-05-12,1131.4038
2021-05-13,1134.5829000000001
2021-05-14,1148.1338000000001
2021-05-17,1181.0762999999999
2021-05-18,1179.2959000000001
2021-05-19,1160.3784000000001
2021-05-20,1163.1072999999999
2021-05-21,1151.4046000000001
2021-05-24,1161.3495
2021-05-25,1172.1967999999999
2021-05-26,1157.7873999999999
2021-05-27,1165.9289000000001
2021-05-28,1168.2072000000001
2021-06-01,1165.5241000000001
2021-06-02,1179.5299
2021-06-03,1148.4300000000001
2021-06-04,1162.8870999999999
2021-06-07,1168.3231000000001
2021-06-08,1155.2646999999999
2021-06-09,1162.9563000000001
2021-06-10,1171.5504000000001
2021-06-11,1167.0625
2021-06-14,1165.7322999999999
2021-06-15,1157.1839
2021-06-16,1139.6122
2021-06-17,1085.0453
2021-06-18,1077.3970999999999
2021-06-21,1086.4419
2021-06-22,1076.0862999999999
2021-06-23,1079.7172
2021-06-24,1084.7018
2021-06-25,1091.0401999999999
2021-06-28,1092.4155000000001
2021-06-29,1077.998
2021-06-30,1092.9101000000001
2021-07-01,1087.9681
2021-07-02,1107.8448000000001
2021-07-06,1093.4264000000001
2021-07-07,1093.8994
2021-07-08,1083.5417
2021-07-09,1091.6863000000001
2021-07-12,1095.7697000000001
2021-07-13,1086.7653
2021-07-14,1098.0697
2021-07-15,1100.3480999999999
2021-07-16,1072.8387
2021-07-19,1051.1956
2021-07-20,1044.4462000000001
2021-07-21,1057.105
2021-07-22,1063.4450999999999
2021-07-23,1053.9873
2021-07-26,1054.4595999999999
2021-07-27,1036.4247
2021-07-28,1045.9247
2021-07-29,1070.7732000000001
2021-07-30,1066.7317
2021-08-02,1062.2384999999999
2021-08-03,1069.0311999999999
2021-08-04,1062.7320999999999
2021-08-05,1051.9182000000001
2021-08-06,1016.7247
2021-08-09,981.98119999999994
2021-08-10,976.13130000000001
2021-08-11,986.08360000000005
2021-08-12,970.75199999999995
2021-08-13,991.99239999999998
2021-08-16,997.8818
2021-08-17,988.87099999999998
2021-08-18,982.56910000000005
2021-08-19,971.29989999999998
2021-08-20,964.09429999999998
2021-08-23,988.04639999999995
2021-08-24,997.09749999999997
2021-08-25,997.56889999999999
2021-08-26,986.75040000000001
2021-08-27,1008.4469
2021-08-30,1005.3056
2021-08-31,999.90620000000001
2021-09-01,1010.3135
2021-09-02,999.94579999999996
2021-09-03,1033.3875
2021-09-07,1016.6968000000001
2021-09-08,1001.3604
2021-09-09,1005.897
2021-09-10,993.26980000000003
2021-09-13,993.28949999999998
2021-09-14,998.27790000000005
2021-09-15,996.94259999999997
2021-09-16,959.92150000000004
2021-09-17,936.90239999999994
2021-09-20,930.14499999999998
2021-09-21,941.45709999999997
2021-09-22,948.25210000000004
2021-09-23,944.65679999999998
2021-09-24,935.64009999999996
2021-09-27,946.04960000000005
2021-09-28,938.83969999999999
2021-09-29,901.35900000000004
2021-09-30,927.13
2021-10-01,941.15470000000005
2021-10-04,947.95079999999996
2021-10-05,945.2586
2021-10-06,947.0847
2021-10-07,944.39239999999995
2021-10-08,946.67039999999997
2021-10-11,943.52610000000004
2021-10-12,945.80420000000004
2021-10-13,963.89859999999999
2021-10-14,985.15689999999995
2021-10-15,975.23450000000003
2021-10-18,971.1866
2021-10-19,989.28290000000004
2021-10-20,1018.2263
2021-10-21,1010.1115
2021-10-22,1018.7186
2021-10-25,1027.778
2021-10-26,1011.0756
2021-10-27,1007.4798
2021-10-28,1006.5958000000001
2021-10-29,998.47990000000004
2021-11-01,1004.8278
2021-11-02,985.41110000000003
2021-11-03,985.8827
2021-11-04,994.49080000000004
2021-11-05,1010.332
2021-11-08,1023.9136
2021-11-09,1018.5092
2021-11-10,1033.8996999999999
2021-11-11,1055.6198999999999
2021-11-12,1058.8054
2021-11-15,1050.6886999999999
2021-11-16,1038.0507
2021-11-17,1047.5655999999999
2021-11-18,1038.0918999999999
2021-11-19,1028.6177
2021-11-22,1010.1004
2021-11-23,991.13019999999995
2021-11-24,985.27179999999998
2021-11-26,966.30039999999997
2021-11-29,956.82380000000001
2021-11-30,952.32100000000003
2021-12-01,930.18230000000005
2021-12-02,935.62720000000002
2021-12-03,942.88120000000004
2021-12-06,936.56880000000001
2021-12-07,941.10969999999998
2021-12-08,938.86720000000003
2021-12-09,918.08240000000001
2021-12-10,927.14570000000003
2021-12-13,932.13909999999998
2021-12-14,918.58929999999998
2021-12-15,923.13040000000001
2021-12-16,940.33579999999995
2021-12-17,935.37919999999997
2021-12-20,930.42229999999995
2021-12-21,939.48720000000003
2021-12-22,954.43269999999995
2021-12-23,957.16560000000004
2021-12-27,964.87450000000001
2021-12-28,962.17949999999996
2021-12-29,954.96079999999995
2021-12-30,965.38430000000005
2021-12-31,973.09400000000005
2022-01-03,958.18439999999998
2022-01-04,964.53700000000003
2022-01-05,950.07899999999995
2022-01-06,927.92939999999999
2022-01-07,932.92449999999997
2022-01-10,939.27710000000002
2022-01-11,952.41669999999999
2022-01-12,970.53369999999995
2022-01-13,965.12339999999995
2022-01-14,959.2604
2022-01-18,981.4511
2022-01-19,1012.2399
2022-01-20,1023.5724
2022-01-21,1012.7325
2022-01-24,1000.5347
2022-01-25,996.48180000000002
2022-01-26,982.92550000000006
2022-01-27,951.26700000000005
2022-01-28,937.25670000000002
2022-01-31,941.34829999999999
2022-02-01,947.70299999999997
2022-02-02,947.26919999999996
2022-02-03,937.33109999999999
2022-02-04,940.97050000000002
2022-02-07,962.71429999999998
2022-02-08,970.88049999999998
2022-02-09,974.52070000000003
2022-02-10,969.56110000000001
2022-02-11,988.13869999999997
2022-02-14,998.11659999999995
2022-02-15,978.21939999999995
2022-02-16,990.00819999999999
2022-02-17,997.72339999999997
2022-02-18,1001.3647
2022-02-22,1009.9858
2022-02-23,1029.0193999999999
2022-02-24,1010.0259
2022-02-25,1014.1204
2022-02-28,1024.1006
2022-03-01,1065.7731000000001
2022-03-02,1058.0975000000001
2022-03-03,1054.4965
2022-03-04,1070.3643
2022-03-07,1073.1022
2022-03-08,1107.0824
2022-03-09,1077.6727000000001
2022-03-10,1087.203
2022-03-11,1080.8851999999999
2022-03-14,1048.7563
2022-03-15,1041.5318
2022-03-16,1046.5337
2022-03-17,1056.5171
2022-03-18,1042.4994999999999
2022-03-21,1054.2946999999999
2022-03-22,1036.2005999999999
2022-03-23,1052.5250000000001
2022-03-24,1069.3030000000001
2022-03-25,1063.4365
2022-03-28,1038.5473999999999
2022-03-29,1037.6622
2022-03-30,1039.0416
2022-03-31,1036.3445999999999
2022-04-01,1030.0238999999999
2022-04-04,1025.0617999999999
2022-04-05,1012.852
2022-04-06,1022.3846
2022-04-07,1028.2936999999999
2022-04-08,1033.75
2022-04-11,1048.7195999999999
2022-04-12,1063.2366999999999
2022-04-13,1075.9422999999999
2022-04-14,1070.9803999999999
2022-04-18,1081.4214999999999
2022-04-19,1052.9010000000001
2022-04-20,1054.7340999999999
2022-04-21,1032.5549000000001
2022-04-22,1010.8279
2022-04-25,989.09990000000005
2022-04-26,980.96389999999997
2022-04-27,973.73379999999997
2022-04-28,970.58130000000006
2022-04-29,953.38199999999995
2022-05-02,945.69780000000003
2022-05-03,943.904
2022-05-04,964.3143
2022-05-05,941.67570000000001
2022-05-06,936.25639999999999
2022-05-09,907.72500000000002
2022-05-10,885.99030000000005
2022-05-11,900.50999999999999
2022-05-12,866.53779999999995
2022-05-13,880.15129999999999
2022-05-16,903.28290000000004
2022-05-17,902.84760000000006
2022-05-18,894.25400000000002
2022-05-19,918.74710000000005
2022-05-20,909.7002
2022-05-23,911.07799999999997
2022-05-24,924.24099999999999
2022-05-25,921.99289999999996
2022-05-26,920.65139999999997
2022-05-27,922.93610000000001
2022-05-31,899.38239999999996
2022-06-01,912.54650000000004
2022-06-02,933.41759999999999
2022-06-03,917.11599999999999
2022-06-06,923.48109999999997
2022-06-07,930.29970000000003
2022-06-08,922.61099999999999
2022-06-09,905.40120000000002
2022-06-10,915.39350000000002
2022-06-13,884.12779999999998
2022-06-14,878.25120000000004
2022-06-15,905.01959999999997
2022-06-16,917.73329999999999
2022-06-17,905.9624
2022-06-21,905.98040000000003
2022-06-22,896.02260000000001
2022-06-23,878.35569999999996
2022-06-24,884.72159999999997
2022-06-27,883.83219999999994
2022-06-28,870.24540000000002
2022-06-29,867.99519999999995
2022-06-30,845.33749999999998
2022-07-01,830.38850000000002
2022-07-05,804.10109999999997
2022-07-06,802.30290000000002
2022-07-07,805.04010000000005
2022-07-08,806.87019999999995
2022-07-11,797.36159999999995
2022-07-12,791.02760000000001
2022-07-13,802.38250000000005
2022-07-14,771.10140000000001
2022-07-15,779.73490000000004
2022-07-18,781.11120000000005
2022-07-19,784.30190000000005
2022-07-20,779.78139999999996
2022-07-21,789.3229
2022-07-22,777.54409999999996
2022-07-25,770.30129999999997
2022-07-26,778.48230000000001
2022-07-27,798.4588
2022-07-28,836.12929999999994
2022-07-29,848.39520000000005
2022-08-01,852.49519999999995
2022-08-02,835.27160000000003
2022-08-03,838.91790000000003
2022-08-04,845.74019999999996
2022-08-05,831.69159999999999
2022-08-08,863.46929999999998
2022-08-09,858.94910000000004
2022-08-10,859.87360000000001
2022-08-11,847.18539999999996
2022-08-12,869.89059999999995
2022-08-15,847.67280000000005
2022-08-16,842.69799999999998
2022-08-17,828.19330000000002
2022-08-18,818.6798
2022-08-19,796.45920000000001
2022-08-22,794.20590000000004
2022-08-23,799.66759999999999
2022-08-24,800.13729999999998
2022-08-25,804.69169999999997
2022-08-26,787.91489999999999
2022-08-29,784.75340000000006
2022-08-30,769.79110000000003
2022-08-31,752.55870000000004
2022-09-01,743.49570000000006
2022-09-02,752.13459999999998
2022-09-06,750.78779999999995
2022-09-07,771.68309999999997
2022-09-08,773.06020000000001
2022-09-09,786.23979999999995
2022-09-12,824.84109999999998
2022-09-13,809.42290000000003
2022-09-14,817.15639999999996
2022-09-15,800.37549999999999
2022-09-16,816.73490000000004
2022-09-19,816.75109999999995
2022-09-20,804.96320000000003
2022-09-21,819.96159999999998
2022-09-22,821.33989999999994
2022-09-23,788.21199999999999
2022-09-26,768.24990000000003
2022-09-27,767.35709999999995
2022-09-28,792.34550000000002
2022-09-29,788.7287
2022-09-30,794.64729999999997
2022-10-03,867.31650000000002
2022-10-04,879.14009999999996
2022-10-05,862.35580000000004
2022-10-06,864.64350000000002
2022-10-07,840.13819999999998
2022-10-10,821.53560000000004
2022-10-11,802.93219999999997
2022-10-12,798.86080000000004
2022-10-13,789.79359999999997
2022-10-14,763.46759999999995
2022-10-17,777.56219999999996
2022-10-18,782.57360000000006
2022-10-19,772.59690000000001
2022-10-20,779.87950000000001
2022-10-21,806.6934
2022-10-24,803.07560000000001
2022-10-25,811.26769999999999
2022-10-26,816.7346
2022-10-27,816.75080000000003
2022-10-28,805.86490000000003
2022-10-31,800.42970000000003
2022-11-01,819.97940000000006
2022-11-02,805.45860000000005
2022-11-03,815.01469999999995
2022-11-04,874.99850000000004
2022-11-07,870.01850000000002
2022-11-08,895.02319999999997
2022-11-09,879.59389999999996
2022-11-10,907.32579999999996
2022-11-11,906.43510000000003
2022-11-14,919.62940000000003
2022-11-15,903.29060000000004
2022-11-16,896.94730000000004
2022-11-17,876.51800000000003
2022-11-18,874.71780000000001
2022-11-21,872.46310000000005
2022-11-22,882.93179999999995
2022-11-23,900.21720000000005
2022-11-25,896.14520000000005
2022-11-28,875.25900000000001
2022-11-29,888.90970000000004
2022-11-30,928.46469999999999
2022-12-01,953.47850000000005
2022-12-02,967.58600000000001
2022-12-05,928.97450000000003
2022-12-06,928.99289999999996
2022-12-07,950.82719999999995
2022-12-08,964.02679999999998
2022-12-09,979.95389999999998
2022-12-12,975.42819999999995
2022-12-13,992.26520000000005
2022-12-14,999.55759999999998
2022-12-15,965.48609999999996
2022-12-16,971.41449999999998
2022-12-19,960.06960000000004
2022-12-20,1010.5468
2022-12-21,1003.2935
2022-12-22,986.03880000000004
2022-12-23,993.33199999999999
2022-12-27,1005.1717
2022-12-28,982.00580000000002
2022-12-29,998.84670000000006
2022-12-30,1001.1396999999999
2023-01-03,1002.5236
2023-01-04,995.26890000000003
2023-01-05,972.55520000000001
2023-01-06,996.67240000000004
2023-01-09,988.50789999999995
2023-01-10,988.07280000000003
2023-01-11,979.90769999999998
2023-01-12,994.93269999999995
2023-01-13,1015.4149
2023-01-17,1000.8837
2023-01-18,980.89499999999998
2023-01-19,998.64970000000005
2023-01-20,1001.398
2023-01-23,981.40809999999999
2023-01-24,989.61360000000002
2023-01-25,999.18370000000004
2023-01-26,1000.1131
2023-01-27,986.03409999999997
2023-01-30,985.14400000000001
2023-01-31,992.89549999999997
2023-02-01,1004.2859999999999
2023-02-02,981.10910000000001
2023-02-03,935.64369999999997
2023-02-06,931.56849999999997
2023-02-07,927.03830000000005
2023-02-08,931.60550000000001
2023-02-09,917.97739999999999
2023-02-10,920.72500000000002
2023-02-13,918.92359999999996
2023-02-14,915.30259999999998
2023-02-15,904.85749999999996
2023-02-16,902.60080000000005
2023-02-17,910.35270000000003
2023-02-21,913.10050000000001
2023-02-22,898.55989999999997
2023-02-23,893.1182
2023-02-24,868.56719999999996
2023-02-27,861.30460000000005
2023-02-28,874.51660000000004
2023-03-01,877.71889999999996
2023-03-02,875.46130000000005
2023-03-03,889.58429999999998
2023-03-06,879.13630000000001
2023-03-07,839.56529999999998
2023-03-08,837.30669999999998
2023-03-09,839.14350000000002
2023-03-10,858.27300000000002
2023-03-13,910.16869999999994
2023-03-14,905.18079999999998
2023-03-15,910.20479999999998
2023-03-16,906.58199999999999
2023-03-17,938.91290000000004
2023-03-20,941.66229999999996
2023-03-21,934.85400000000004
2023-03-22,960.36030000000005
2023-03-23,968.572
2023-03-24,965.86030000000005
2023-03-27,965.87950000000001
2023-03-28,975.45730000000003
2023-03-29,975.93179999999995
2023-03-30,998.71079999999995
2023-03-31,1006.9242
2023-04-03,1004.213
2023-04-04,1045.6578
2023-04-05,1044.3128999999999
2023-04-06,1042.0573999999999
2023-04-10,1041.6228000000001
2023-04-11,1048.9276
2023-04-12,1066.7037
2023-04-13,1080.8382999999999
2023-04-14,1061.2826
2023-04-17,1048.1003000000001
2023-04-18,1054.04
2023-04-19,1057.7032999999999
2023-04-20,1054.9924000000001
2023-04-21,1046.3621000000001
2023-04-24,1050.9363000000001
2023-04-25,1046.8589999999999
2023-04-26,1039.5941
2023-04-27,1042.3469
2023-04-28,1047.3767
2023-05-01,1042.3883000000001
2023-05-02,1063.3569
2023-05-03,1067.0211999999999
2023-05-04,1090.2682
2023-05-05,1073.4394
2023-05-08,1069.8172999999999
2023-05-09,1069.3831
2023-05-10,1061.6617000000001
2023-05-11,1011.1275000000001
2023-05-12,1002.9492
2023-05-15,1006.6129
2023-05-16,993.4239
2023-05-17,993.89909999999998
2023-05-18,982.07590000000005
2023-05-19,995.76059999999995
2023-05-22,987.12549999999999
2023-05-23,979.85670000000005
2023-05-24,963.93240000000003
2023-05-25,950.28520000000003
2023-05-26,973.99279999999999
2023-05-30,970.36770000000001
2023-05-31,984.50959999999998
2023-06-01,1000.0189
2023-06-02,988.1934
2023-06-05,985.93499999999995
2023-06-06,986.41020000000003
2023-06-07,980.05110000000002
2023-06-08,1016.0650000000001
2023-06-09,1014.7183
2023-06-12,1006.0812
2023-06-13,990.60900000000004
2023-06-14,1001.1088
2023-06-15,999.76170000000002
2023-06-16,1010.7178
2023-06-20,968.81449999999995
2023-06-21,949.69439999999997
2023-06-22,935.58630000000005
2023-06-23,937.88350000000003
2023-06-26,952.48530000000005
2023-06-27,956.15009999999995
2023-06-28,949.78859999999997
2023-06-29,944.33849999999995
2023-06-30,952.10509999999999
2023-07-03,957.5933
2023-07-05,966.72789999999998
2023-07-06,949.4271
2023-07-07,965.39890000000003
2023-07-10,968.15279999999996
2023-07-11,966.34879999999998
2023-07-12,1009.6713
2023-07-13,1038.4088999999999
2023-07-14,1042.0762
2023-07-17,1038.9059
2023-07-18,1048.0437999999999
2023-07-19,1053.0790999999999
2023-07-20,1033.9530999999999
2023-07-21,1028.9589000000001
2023-07-24,1018.0377999999999
2023-07-25,1031.2791999999999
2023-07-26,1044.5211999999999
2023-07-27,1008.0681
2023-07-28,1017.6627
2023-07-31,1034.5527
2023-08-01,1016.3352
2023-08-02,991.73350000000005
2023-08-03,986.28150000000005
2023-08-04,987.66909999999996
2023-08-07,967.16920000000005
2023-08-08,953.05250000000001
2023-08-09,948.51130000000001
2023-08-10,949.89819999999997
2023-08-11,948.54899999999998
2023-08-14,944.91949999999997
2023-08-15,942.65809999999999
2023-08-16,937.66020000000003
2023-08-17,948.62429999999995
2023-08-18,951.8356
2023-08-21,974.20230000000004
2023-08-22,978.78250000000003
2023-08-23,1016.6579
2023-08-24,1008.4682
2023-08-25,1013.5055
2023-08-28,1013.5256000000001
2023-08-29,1035.8961999999999
2023-08-30,1029.5307
2023-08-31,1021.3405
2023-09-01,1011.3252
2023-09-05,984.88750000000005
2023-09-06,968.94079999999997
2023-09-07,960.29250000000002
2023-09-08,958.48680000000002
2023-09-11,965.34889999999996
2023-09-12,963.99940000000004
2023-09-13,954.89409999999998
2023-09-14,945.78840000000002
2023-09-15,963.14430000000004
2023-09-18,971.83219999999994
2023-09-19,970.48270000000002
2023-09-20,973.69579999999996
2023-09-21,978.27790000000005
2023-09-22,984.68529999999998
2023-09-25,967.36559999999997
2023-09-26,956.43349999999998
2023-09-27,944.5883
2023-09-28,946.43240000000003
2023-09-29,928.1979
2023-10-02,886.23289999999997
2023-10-03,887.16319999999996
2023-10-04,881.24810000000002
2023-10-05,878.52739999999994
2023-10-06,900.45100000000002
2023-10-09,915.52959999999996
2023-10-10,911.89660000000003
2023-10-11,921.04280000000006
2023-10-12,911.01990000000001
2023-10-13,948.46469999999999
2023-10-16,943.91920000000005
2023-10-17,954.89250000000004
2023-10-18,956.2808
2023-10-19,963.60310000000004
2023-10-20,976.85979999999995
2023-10-23,960.90250000000003
2023-10-24,959.5521
2023-10-25,955.91920000000005
2023-10-26,951.82960000000003
2023-10-27,966.91340000000002
2023-10-30,974.23699999999997
2023-10-31,957.82119999999998
2023-11-01,957.3836
2023-11-02,952.83709999999996
2023-11-03,968.8356
2023-11-06,962.46289999999999
2023-11-07,946.5018
2023-11-08,942.86789999999996
2023-11-09,944.71299999999997
2023-11-10,928.75059999999996
2023-11-13,932.87850000000003
2023-11-14,966.68709999999999
2023-11-15,979.49189999999999
2023-11-16,993.66719999999998
2023-11-17,993.23019999999997
2023-11-20,980.92020000000002
2023-11-21,994.18299999999999
2023-11-22,989.63599999999997
2023-11-24,1017.0567
2023-11-27,1030.3209999999999
2023-11-28,1046.7827
2023-11-29,1044.9766
2023-11-30,1056.4154000000001
2023-12-01,1065.5708999999999
2023-12-04,1025.8558
2023-12-05,1010.3468
2023-12-06,1001.6884
2023-12-07,995.31359999999995
2023-12-08,963.81579999999997
2023-12-11,955.15599999999995
2023-12-12,951.97739999999999
2023-12-13,994.47900000000004
2023-12-14,1011.8576
2023-12-15,997.25940000000003
2023-12-18,995.90869999999995
2023-12-19,1006.4357
2023-12-20,1006.9125
2023-12-21,1019.2677
2023-12-22,1010.6074
2023-12-26,1014.2825
2023-12-27,1015.6733
2023-12-28,1004.728
2023-12-29,995.15300000000002
2024-01-02,989.23289999999997
2024-01-03,962.29420000000005
2024-01-04,963.22709999999995
2024-01-05,969.18640000000005
2024-01-08,965.55010000000004
2024-01-09,959.62879999999996
2024-01-10,956.90610000000004
2024-01-11,951.44129999999996
2024-01-12,968.36860000000001
2024-01-16,957.87699999999995
2024-01-17,943.72889999999995
2024-01-18,951.0598
2024-01-19,944.68039999999996
2024-01-22,924.13279999999997
2024-01-23,938.31939999999997
2024-01-24,946.56489999999997
2024-01-25,957.096
2024-01-26,953.45839999999998
2024-01-29,969.47500000000002
2024-01-30,968.58000000000004
2024-01-31,955.80060000000003
2024-02-01,969.53269999999998
2024-02-02,948.52480000000003
2024-02-05,935.74419999999998
2024-02-06,937.59130000000005
2024-02-07,929.38139999999999
2024-02-08,944.02859999999998
2024-02-09,945.41880000000003
2024-02-12,949.09490000000005
2024-02-13,923.51189999999997
2024-02-14,934.5027
2024-02-15,957.3809
2024-02-16,977.97400000000005
2024-02-20,963.36260000000004
2024-02-21,958.35230000000001
2024-02-22,951.9701
2024-02-23,959.76210000000003
2024-02-26,942.86289999999997
2024-02-27,940.59540000000004
2024-02-28,939.69949999999994
2024-02-29,947.94910000000004
2024-03-01,968.08839999999998
2024-03-04,999.66079999999999
2024-03-05,990.99189999999999
2024-03-06,1010.6759
2024-03-07,1017.0984
2024-03-08,1016.6613
2024-03-11,1022.1695
2024-03-12,1010.2988
2024-03-13,1042.3336999999999
2024-03-14,1039.6102000000001
2024-03-15,1053.3520000000001
2024-03-18,1047.8843999999999
2024-03-19,1042.4164000000001
2024-03-20,1065.3072
2024-03-21,1036.0541000000001
2024-03-22,1031.9579000000001
2024-03-25,1032.8932
2024-03-26,1021.9352
2024-03-27,1029.7320999999999
2024-03-28,1040.7313999999999
2024-04-01,1045.7842000000001
2024-04-02,1090.6373000000001
2024-04-03,1131.3749
2024-04-04,1120.4175
2024-04-05,1145.1448
2024-04-08,1162.0953
2024-04-09,1176.759
2024-04-10,1164.4291000000001
2024-04-11,1190.0742
2024-04-12,1172.7111
2024-04-15,1208.4236000000001
2024-04-16,1180.5362
2024-04-17,1182.8475000000001
2024-04-18,1183.3286000000001
2024-04-19,1198.9101000000001
2024-04-22,1140.8188
2024-04-23,1143.5871
2024-04-24,1139.4911999999999
2024-04-25,1146.8359
2024-04-26,1139.0788
2024-04-29,1136.3554999999999
2024-04-30,1100.681
2024-05-01,1110.7715000000001
2024-05-02,1114.9126000000001
2024-05-03,1108.5272
2024-05-06,1147.4529
2024-05-07,1140.6101000000001
2024-05-08,1142.0059000000001
2024-05-09,1183.6809000000001
2024-05-10,1179.5848000000001
2024-05-13,1180.9813999999999
2024-05-14,1196.1104
2024-05-15,1241.4518
2024-05-16,1238.7298000000001
2024-05-17,1317.9489000000001
2024-05-20,1326.6729
2024-05-21,1339.9751000000001
2024-05-22,1291.9329
2024-05-23,1261.2854
2024-05-24,1270.0089
2024-05-28,1338.7080000000001
2024-05-29,1335.5297
2024-05-30,1301.2180000000001
2024-05-31,1271.0255
2024-06-03,1277.0029
2024-06-04,1237.1935000000001
2024-06-05,1254.6175000000001
2024-06-06,1306.3839
2024-06-07,1221.2407000000001
2024-06-10,1241.8707999999999
2024-06-11,1223.1208999999999
2024-06-12,1237.7988
2024-06-13,1210.3471999999999
2024-06-14,1236.932
2024-06-17,1232.835
2024-06-18,1234.6913
2024-06-20,1282.3448000000001
2024-06-21,1235.6563000000001
2024-06-24,1236.5968
2024-06-25,1209.1414
2024-06-26,1205.0433
2024-06-27,1211.4793999999999
2024-06-28,1216.9998000000001
2024-07-01,1229.8489
2024-07-02,1235.3698999999999
2024-07-03,1275.2449999999999
2024-07-05,1304.5862999999999
2024-07-08,1288.5797
2024-07-09,1288.1472000000001
2024-07-10,1290.0051000000001
2024-07-11,1313.8517999999999
2024-07-12,1288.2239
2024-07-15,1284.1264000000001
2024-07-16,1310.7231999999999
2024-07-17,1267.6845000000001
2024-07-18,1246.1768999999999
2024-07-19,1222.8358000000001
2024-07-22,1220.1111000000001
2024-07-23,1222.4262000000001
2024-07-24,1210.9958999999999
2024-07-25,1164.2845
2024-07-26,1167.5150000000001
2024-07-29,1165.7054000000001
2024-07-30,1183.5989999999999
2024-07-31,1209.2832000000001
2024-08-01,1192.8107
2024-08-02,1193.2926
2024-08-05,1139.2422999999999
2024-08-06,1129.1831
2024-08-07,1114.9991
2024-08-08,1146.1844000000001
2024-08-09,1145.7488000000001
2024-08-12,1168.2282
2024-08-13,1165.0433
2024-08-14,1151.7752
2024-08-15,1185.2559000000001
2024-08-16,1211.4045000000001
2024-08-19,1229.7623000000001
2024-08-20,1231.6201000000001
2024-08-21,1235.3115
2024-08-22,1209.6672000000001
2024-08-23,1246.8199999999999
2024-08-26,1252.3453999999999
2024-08-27,1254.2039
2024-08-28,1223.5155
2024-08-29,1229.0407
2024-08-30,1207.9775
2024-09-03,1172.7019
2024-09-04,1177.3097
2024-09-05,1202.548
2024-09-06,1168.1871000000001
2024-09-09,1185.1738
2024-09-10,1189.3235999999999
2024-09-11,1197.6001000000001
2024-09-12,1250.3512000000001
2024-09-13,1284.7641000000001
2024-09-16,1287.0822000000001
2024-09-17,1282.0640000000001
2024-09-18,1249.0749000000001
2024-09-19,1288.0759
2024-09-20,1302.7752
2024-09-23,1283.0829000000001
2024-09-24,1347.3082999999999
2024-09-25,1332.6605
2024-09-26,1341.8587
2024-09-27,1323.5414000000001
2024-09-30,1302.9303
2024-10-01,1310.7527
2024-10-02,1330.0409999999999
2024-10-03,1340.616
2024-10-04,1346.6049
2024-10-07,1326.9096
2024-10-08,1284.739
2024-10-09,1277.8843999999999
2024-10-10,1301.7610999999999
2024-10-11,1321.0518999999999
2024-10-14,1309.152
2024-10-15,1316.9760000000001
2024-10-16,1326.1765
2024-10-17,1325.2853
2024-10-18,1405.5902000000001
2024-10-21,1415.2517
2024-10-22,1456.1088
2024-10-23,1408.8852999999999
2024-10-24,1407.9956999999999
2024-10-25,1405.2709
2024-10-28,1409.8867
2024-10-29,1440.1954000000001
2024-10-30,1413.6131
2024-10-31,1367.7594999999999
2024-11-01,1355.3984
2024-11-04,1359.5547999999999
2024-11-05,1365.0879
2024-11-06,1304.5463999999999
2024-11-07,1335.7748999999999
2024-11-08,1306.8924999999999
2024-11-11,1283.5155
2024-11-12,1288.1298999999999
2024-11-13,1267.0461
2024-11-14,1276.2493999999999
2024-11-15,1265.2607
2024-11-18,1302.4589000000001
2024-11-19,1307.9919
2024-11-20,1289.6601000000001
2024-11-21,1286.932
2024-11-22,1306.6929
2024-11-25,1268.1651999999999
2024-11-26,1275.9929999999999
2024-11-27,1259.9537
2024-11-29,1281.5517
2024-12-02,1275.6099999999999
2024-12-03,1298.1271999999999
2024-12-04,1309.6286
2024-12-05,1311.0317
2024-12-06,1296.8272999999999
2024-12-09,1330.364
2024-12-10,1330.8494000000001
2024-12-11,1333.1712
2024-12-12,1294.6348
2024-12-13,1274.0015000000001
2024-12-16,1276.3222000000001
2024-12-17,1276.8067000000001
2024-12-18,1232.7566999999999
2024-12-19,1217.6300000000001
2024-12-20,1236.0196000000001
2024-12-23,1239.2581
2024-12-24,1240.6602
2024-12-26,1246.1947
2024-12-27,1228.7709
2024-12-30,1213.6423
2024-12-31,1209.0744999999999
2025-01-02,1236.6505
2025-01-03,1238.971
2025-01-06,1250.9353000000001
2025-01-07,1255.0932
2025-01-08,1258.3326999999999
2025-01-10,1268.0018
2025-01-13,1238.1755000000001
2025-01-14,1249.2224000000001
2025-01-15,1284.1519000000001
2025-01-16,1287.8516
2025-01-17,1268.1277
2025-01-21,1287.9027000000001
2025-01-22,1288.3876
2025-01-23,1275.5523000000001
2025-01-24,1282.0081
2025-01-27,1261.3634
2025-01-28,1269.1973
2025-01-29,1286.2186999999999
2025-01-30,1319.3184000000001
2025-01-31,1309.6976999999999
2025-02-03,1317.0737999999999
2025-02-04,1342.3664000000001
2025-02-05,1348.3652999999999
2025-02-06,1349.7702999999999
2025-02-07,1333.7174
2025-02-10,1341.5541000000001
2025-02-11,1332.3920000000001
2025-02-12,1348.0396000000001
2025-02-13,1353.5798
2025-02-14,1346.7147
2025-02-18,1374.3098
2025-02-19,1369.7422999999999
2025-02-20,1376.2022999999999
2025-02-21,1359.6876
2025-02-24,1352.8219999999999
2025-02-25,1324.8181999999999
2025-02-26,1329.8993
2025-02-27,1305.1107
2025-02-28,1301.0007000000001
2025-03-03,1321.2469000000001
2025-03-04,1332.7621999999999
2025-03-05,1368.1758
2025-03-06,1364.5263
2025-03-07,1359.9574
2025-03-10,1337.9236000000001
2025-03-11,1377.0170000000001
2025-03-12,1388.9944
2025-03-13,1412.9226000000001
2025-03-14,1411.5717
2025-03-17,1416.1962000000001
2025-03-18,1418.0628999999999
2025-03-19,1413.4944
2025-03-20,1402.0306
2025-03-21,1379.9937
2025-03-24,1377.2628999999999
2025-03-25,1405.7917
2025-03-26,1403.521
2025-03-27,1439.8666000000001
2025-03-28,1425.1839
2025-03-31,1424.7525000000001
2025-04-01,1408.2299
2025-04-02,1414.2346
2025-04-03,1328.2868000000001
2025-04-04,1245.0941
2025-04-07,1247.8775000000001
2025-04-08,1247.9022
2025-04-09,1290.2288000000001
2025-04-10,1300.3702000000001
2025-04-11,1342.2396000000001
2025-04-14,1351.0029999999999
2025-04-15,1352.4093
2025-04-16,1368.5308
2025-04-17,1358.9009000000001
2025-04-21,1369.9647
2025-04-22,1356.6555000000001
2025-04-23,1405.4300000000001
2025-04-24,1405.4579000000001
2025-04-25,1382.0308
2025-04-28,1388.4970000000001
2025-04-29,1371.9675
2025-04-30,1361.4163000000001
2025-05-01,1351.7846
2025-05-02,1339.3929000000001
2025-05-05,1355.9779000000001
2025-05-06,1390.0422000000001
2025-05-07,1356.4917
2025-05-08,1355.1387
2025-05-09,1370.8053
2025-05-12,1363.0125
2025-05-13,1376.8398
2025-05-14,1345.5858000000001
2025-05-15,1362.1735000000001
2025-05-16,1347.9394
2025-05-19,1353.4866999999999
2025-05-20,1386.1776
2025-05-21,1403.6876
2025-05-22,1381.6318000000001
2025-05-23,1400.9828
2025-05-27,1390.8885
2025-05-28,1379.4136000000001
2025-05-29,1394.1645000000001
2025-05-30,1380.3886
2025-06-02,1453.5764999999999
2025-06-03,1446.7032999999999
2025-06-04,1442.1305
2025-06-05,1493.2365
2025-06-06,1504.3100999999999
2025-06-09,1536.5522000000001
2025-06-10,1529.2197000000001
2025-06-11,1516.3647000000001
2025-06-12,1521.4570000000001
2025-06-13,1517.3453
2025-06-16,1520.1367
2025-06-17,1552.8431
2025-06-18,1531.2428
2025-06-20,1505.9594999999999
2025-06-23,1517.0355999999999
2025-06-24,1500.9564
2025-06-25,1519.3972000000001
2025-06-26,1534.6167
2025-06-27,1501.5060000000001
2025-06-30,1510.2816
2025-07-01,1506.6289999999999
2025-07-02,1530.1352999999999
2025-07-03,1542.5944999999999
2025-07-07,1538.9423999999999
2025-07-08,1532.5281
2025-07-09,1519.2082
2025-07-10,1553.7657999999999
2025-07-11,1612.7246
2025-07-14,1594.3412000000001
2025-07-15,1577.3382999999999
2025-07-16,1584.2756999999999
2025-07-17,1595.357
2025-07-18,1593.5469000000001
2025-07-21,1627.6503
2025-07-22,1644.7189000000001
2025-07-23,1643.3702000000001
2025-07-24,1634.1936000000001
2025-07-25,1596.0074
2025-07-28,1595.1180999999999
2025-07-29,1596.0707
2025-07-30,1543.1456000000001
2025-07-31,1534.4267
2025-08-01,1546.8910000000001
2025-08-04,1564.8820000000001
2025-08-05,1581.9527
2025-08-06,1581.9839999999999
2025-08-07,1600.8978999999999
2025-08-08,1606.4564
2025-08-11,1574.2485999999999
2025-08-12,1584.8731
2025-08-13,1612.079
2025-08-14,1589.0813000000001
2025-08-15,1589.1128000000001
2025-08-18,1591.4474
2025-08-19,1560.1567
2025-08-20,1585.9829999999999
2025-08-21,1594.306
2025-08-22,1627.9649999999999
2025-08-25,1613.2563
2025-08-26,1613.2882999999999
2025-08-27,1611.9383
2025-08-28,1636.3866
2025-08-29,1667.2855999999999
2025-09-02,1711.5462
2025-09-03,1720.3336999999999
2025-09-04,1701.4782
2025-09-05,1714.4123999999999
2025-09-08,1728.2686000000001
2025-09-09,1713.0981999999999
2025-09-10,1723.7295999999999
2025-09-11,1741.2729999999999
2025-09-12,1766.6502
2025-09-15,1786.0382999999999
2025-09-16,1778.701
2025-09-17,1741.4112
2025-09-18,1750.662
2025-09-19,1799.0830000000001
2025-09-22,1845.2018
2025-09-23,1841.5517
2025-09-24,1835.1364000000001
2025-09-25,1890.9366
2025-09-26,1929.2260000000001
2025-09-29,1958.7603999999999
2025-09-30,1952.8077000000001
2025-10-01,1977.7348
2025-10-02,1960.2597000000001
2025-10-03,2005.9289000000001
2025-10-06,2030.8584000000001
2025-10-07,2000.0164
2025-10-08,2053.9859999999999
2025-10-09,2060.9409999999998
2025-10-10,2094.1707999999999
2025-10-13,2178.5691999999999
2025-10-14,2157.4076
2025-10-15,2227.9810000000002
2025-10-16,2266.7487000000001
2025-10-17,2166.2950999999998
2025-10-20,2199.9920000000002
2025-10-21,2018.8543999999999
2025-10-22,2023.0436999999999
2025-10-23,2036.9150999999999
2025-10-24,2028.1956
2025-10-27,1954.9275
2025-10-28,1968.7983999999999
2025-10-29,1993.2745
2025-10-30,2044.4946
2025-10-31,2029.319
2025-11-03,2017.8317
2025-11-04,1970.8381999999999
2025-11-05,2012.8394000000001
2025-11-06,2008.2681
2025-11-07,2025.3701000000001
2025-11-10,2111.6453000000001
2025-11-11,2142.1237000000001
2025-11-12,2228.4045000000001
2025-11-13,2186.9429
2025-11-14,2119.6531
2025-11-17,2097.0965999999999
2025-11-18,2126.1941000000002
2025-11-19,2142.3788
2025-11-20,2111.5194000000001
2025-11-21,2089.4220999999998
2025-11-24,2150.8087
2025-11-25,2152.6963000000001
2025-11-26,2232.5369000000001
2025-11-28,2362.1975000000002
2025-12-01,2422.6716000000001
2025-12-02,2450.8580999999999
2025-12-03,2448.1388999999999
2025-12-04,2387.7566999999999
2025-12-05,2442.7003
2025-12-08,2431.6770999999999
2025-12-09,2545.2127999999998
2025-12-10,2586.7838999999999
2025-12-11,2658.3443000000002
2025-12-12,2588.2707
2025-12-15,2681.0569
2025-12-16,2663.5778
2025-12-17,2780.3611000000001
2025-12-18,2737.0452
2025-12-19,2811.3854999999999
2025-12-22,2882.4987999999998
2025-12-23,2991.9128000000001
2025-12-24,3009.5065
2025-12-26,3281.8154
2025-12-29,3046.0808000000002
2025-12-30,3183.1941000000002
2025-12-31,2972.8285999999998
2026-01-02,3034.2638999999999
2026-01-05,3187.9985999999999
2026-01-06,3401.7334999999998
2026-01-07,3274.8878
2026-01-08,3217.2638000000002
2026-01-09,3340.5538000000001
2026-01-12,3564.4621000000002
2026-01-13,3627.7636000000002
2026-01-14,3902.9178999999999
2026-01-15,3845.7624000000001
2026-01-16,3739.6786999999999
2026-01-20,3941.4611
2026-01-21,3875.5329000000002
2026-01-22,4021.9346999999998
2026-01-23,4288.8202000000001
2026-01-26,4539.5595999999996
2026-01-27,4689.6758
2026-01-28,4874.8815000000004
2026-01-29,4873.5933999999997
2026-01-30,3482.7516000000001
2026-02-02,3344.3231999999998
2026-02-03,3553.0635000000002
2026-02-04,3655.6262000000002
2026-02-05,3079.0535
2026-02-06,3240.7082999999998
2026-02-09,3510.8701000000001
2026-02-10,3389.5091000000002
2026-02-11,3535.0191
2026-02-12,3127.3800999999999
2026-02-13,3219.3287999999998
2026-02-17,3064.7060999999999
2026-02-18,3236.5419000000002
2026-02-19,3279.0889000000002
2026-02-20,3538.2116000000001
2026-02-23,3720.6876999999999
2026-02-24,3651.9540000000002
2026-02-25,3696.3597
2026-02-26,3715.3674000000001
2026-02-27,3925.1089000000002
2026-03-02,3767.2402000000002
2026-03-03,3449.1062999999999
2026-03-04,3479.6569
2026-03-05,3430.3069
2026-03-06,3507.5072
2026-03-09,3614.7325999999998
2026-03-10,3699.3298
2026-03-11,3598.7096999999999
2026-03-12,3532.7285999999999
2026-03-13,3357.7328000000002
2026-03-16,3382.2813999999998
2026-03-17,3310.2867999999999
2026-03-18,3173.6172000000001
2026-03-19,3034.1704
2026-03-20,2842.0540999999998
2026-03-23,2885.9978999999998
2026-03-24,2908.2303000000002
2026-03-25,3012.6977999999999
2026-03-26,2807.6298999999999
2026-03-27,2931.0421000000001
2026-03-30,2934.7964000000002
2026-03-31,3148.3110999999999
2026-04-01,3148.3735999999999
2026-04-02,3039.8555000000001
2026-04-06,3053.7775000000001
2026-04-07,3046.9070999999999
2026-04-08,3117.6646999999998
2026-04-09,3160.2379999999998
2026-04-10,3192.1849999999999
2026-04-13,3155.2804000000001
2026-04-14,3329.0958999999998
2026-04-15,3319.9196000000002
2026-04-16,3292.2579000000001
2026-04-17,3402.7737999999999
2026-04-20,3334.4438
2026-04-21,3165.3615
2026-04-22,3252.3110999999999
2026-04-23,3160.4032000000002
2026-04-24,3179.4153999999999
2026-04-27,3158.2177000000001
2026-04-28,3059.8316
2026-04-29,2997.0317
2026-04-30,3081.2150999999999
2026-05-01,3156.6194999999998
2026-05-04,3048.0563999999999
2026-05-05,3046.7301000000002
2026-05-06,3241.8625999999999
2026-05-07,3309.8798999999999
2026-05-08,3375.1261
2026-05-11,3605.8721999999998
2026-05-12,3631.3697000000002
2026-05-13,3668.4258
2026-05-14,3490.9717999999998
2026-05-15,3191.9205999999999
2026-05-18,3233.5934999999999
2026-05-19,3093.1068
2026-05-20,3177.7779
2026-05-21,3211.1306
2026-05-22,3160.7964000000002
2026-05-26,3223.7422000000001
2026-05-27,3121.1569
2026-05-28,3160.9845999999998
2026-05-29,3159.6601999999998
2026-06-01,3129.2037
2026-06-02,3144.0632000000001
2026-06-03,3061.8130000000001
2026-06-04,3097.4816000000001
2026-06-05,2847.3582999999999
2026-06-08,2847.8773000000001
2026-06-09,2729.0794999999998
2026-06-10,2666.6992
2026-06-11,2812.8980000000001
2026-06-12,2834.6911
2026-06-15,2935.5733
2026-06-16,2931.9315000000001
2026-06-17,2803.4083000000001
2026-06-18,2752.5853999999999
2026-06-22,2724.8874999999998
2026-06-23,2577.8503999999998
2026-06-24,2395.1900999999998
2026-06-25,2422.0666999999999
2026-06-26,2464.6720999999998
2026-06-29,2436.9657000000002
2026-06-30,2473.5592999999999
2026-07-01,2478.6970000000001
2026-07-02,2545.3629000000001
2026-07-06,2595.8395
2026-07-07,2519.5563999999999
2026-07-08,2444.1954999999998
2026-07-09,2504.8516
2026-07-10,2496.1107000000002
2026-07-13,2413.3420999999998
2026-07-14,2460.1206999999999
2026-07-15,2415.7512999999999
2026-07-16,2331.5880000000002
2026-07-17,2349.6799000000001
2026-07-20,2358.9809
2026-07-21,2456.2003
2026-07-22,2495.1188000000002
2026-07-23,2409.0979000000002
2026-07-24,2433.6716000000001
2026-07-27,2449.4539
2026-07-28,2392.5814999999998
2026-07-29,2395.8683999999998
2026-07-30,2475.9787999999999
2026-07-31,2423.2687000000001
2026-08-03,2427.9449
2026-08-04,2491.8620000000001
2026-08-05,2595.1219000000001
2026-08-06,2584.991
2026-08-07,2661.4117999999999
2026-08-10,2749.8697000000002
2026-08-11,2710.1181000000001
2026-08-12,2733.7782999999999
2026-08-13,2692.1732000000002
2026-08-14,2707.0392000000002
2026-08-17,2757.549
2026-08-18,2659.0041000000001
2026-08-19,2778.0268999999998
