date,index
2005-12-20,100
2005-12-21,96.561999999999998
2005-12-22,94.523576180000006
2005-12-23,90.920337456018402
2005-12-27,92.306872602222697
2005-12-28,92.259796097195505
2005-12-29,90.982920519210396
2005-12-30,93.1546828320039
2006-01-03,88.623639059055293
2006-01-04,85.668040696435796
2006-01-05,85.435880306148405
2006-01-06,82.226054283046395
2006-01-09,79.349786904225496
2006-01-10,77.204168666335207
2006-01-11,74.854073772131997
2006-01-12,76.355646492000901
2006-01-13,76.3304491286586
2006-01-17,78.869199866677704
2006-01-18,80.299887152259302
2006-01-19,78.445762757913599
2006-01-20,83.8514602695614
2006-01-23,85.275258064938598
2006-01-24,84.102723266545695
2006-01-25,82.224709456003694
2006-01-26,77.200779708241896
2006-01-27,74.274870157299503
2006-01-30,72.282075390979202
2006-01-31,72.1881086929709
2006-02-01,72.793045043817997
2006-02-02,73.899499328484097
2006-02-03,74.182534410912197
2006-02-06,73.242641699925898
2006-02-07,74.519993371172603
2006-02-08,71.098035275568407
2006-02-09,69.219625183587894
2006-02-10,69.177401212225902
2006-02-13,72.3118292611518
2006-02-14,69.321735121203204
2006-02-15,70.0641709043513
2006-02-16,67.162813587202095
2006-02-17,66.636257128678395
2006-02-21,65.4368045003622
2006-02-22,61.476569092000297
2006-02-23,62.2444114399594
2006-02-24,60.335375341095798
2006-02-27,58.979639457181399
2006-02-28,61.167194284648303
2006-03-01,60.481510036717403
2006-03-02,60.562555260166597
2006-03-03,59.741327010838702
2006-03-06,62.373529878936303
2006-03-07,63.551142123050603
2006-03-08,61.150179973641698
2006-03-09,62.028296558063197
2006-03-10,61.726839036790999
2006-03-13,60.146014689058802
2006-03-14,57.9380544898235
2006-03-15,58.424734147537997
2006-03-16,56.5779283011343
2006-03-17,56.340866781552499
2006-03-20,57.769671163132699
2006-03-21,57.8077991461004
2006-03-22,55.964886509322703
2006-03-23,62.171952072071697
2006-03-24,55.604728774698799
2006-03-27,55.665893976350901
2006-03-28,55.601878198278101
2006-03-29,53.445081342966901
2006-03-30,52.309907815242298
2006-03-31,53.436140130504498
2006-04-03,52.2942098159156
2006-04-04,52.193281990970902
2006-04-05,51.260588041792197
2006-04-06,50.774637667156
2006-04-07,52.285690884130602
2006-04-10,53.346044695260801
2006-04-11,55.485754547987703
2006-04-12,55.650547238995202
2006-04-13,55.493056190308899
2006-04-17,55.927566820278997
2006-04-18,53.226265342859499
2006-04-19,52.6306634336729
2006-04-20,51.381211483757497
2006-04-21,52.5742832144104
2006-04-24,52.290907827884702
2006-04-25,52.481769641456502
2006-04-26,51.087853839779399
2006-04-27,50.338395023949801
2006-04-28,49.5868427862423
2006-05-01,50.7526294601468
2006-05-02,49.853800392407599
2006-05-03,50.648968508666499
2006-05-04,50.257958471779602
2006-05-05,48.9658263594701
2006-05-08,49.071592544406599
2006-05-09,48.891009083843201
2006-05-10,48.962878867196402
2006-05-11,51.0917848403421
2006-05-12,55.045778069136198
2006-05-15,55.196603501045601
2006-05-16,53.1686802884172
2006-05-17,63.842292856317002
2006-05-18,64.715655422591396
2006-05-19,68.147526629651395
2006-05-22,75.859100743062797
2006-05-23,72.794393073042997
2006-05-24,79.738978172211304
2006-05-25,73.099113459811306
2006-05-26,69.471204458800898
2006-05-30,79.379882350759601
2006-05-31,77.483496961399993
2006-06-01,72.008513066107497
2006-06-02,68.206463576217004
2006-06-05,74.866824744434595
2006-06-06,80.837454017803196
2006-06-07,82.745217932623405
2006-06-08,87.730617313064002
2006-06-09,91.009987788226297
2006-06-12,96.133850100703398
2006-06-13,111.31915306261099
2006-06-14,120.824695542627
2006-06-15,81.917935330945596
2006-06-16,83.690639451507295
2006-06-19,86.142775187436399
2006-06-20,83.984037241239307
2006-06-21,73.337380840167398
2006-06-22,73.4547206495117
2006-06-23,71.796847604452196
2006-06-26,72.106292017627396
2006-06-27,75.835629440779101
2006-06-28,75.949382884940206
2006-06-29,63.0288738685542
2006-06-30,60.215895227800601
2006-07-03,57.345403502291397
2006-07-05,62.288577284188896
2006-07-06,61.631432793840702
2006-07-07,63.132158182370702
2006-07-10,63.904264476941101
2006-07-11,60.9410237331454
2006-07-12,65.999128702996401
2006-07-13,74.259579651463497
2006-07-14,79.968656135068002
2006-07-17,78.723544159045005
2006-07-18,76.832604628344697
2006-07-19,68.021441529566104
2006-07-20,71.081045969566006
2006-07-21,74.308836267044001
2006-07-24,64.673209468296406
2006-07-25,60.819332916080597
2006-07-26,59.556723564742803
2006-07-27,63.187897000485201
2006-07-28,58.797601916891502
2006-07-31,61.274156909630896
2006-08-01,62.645472541268497
2006-08-02,60.763602546128801
2006-08-03,59.443817098826798
2006-08-04,60.934073593494396
2006-08-07,61.932173718955902
2006-08-08,62.3886138392646
2006-08-09,60.391554310269697
2006-08-10,61.487661021001102
2006-08-11,61.685651289488703
2006-08-14,56.7773240163841
2006-08-15,55.225031977776197
2006-08-16,50.615950808911002
2006-08-17,49.5079676457039
2006-08-18,48.1910557063282
2006-08-21,47.406505319429201
2006-08-22,46.326585128252603
2006-08-23,48.280640488962298
2006-08-24,47.545326334315398
2006-08-25,45.149517340329197
2006-08-28,44.240657556268403
2006-08-29,45.430288837956503
2006-08-30,44.402201401553498
2006-08-31,43.043050016652003
2006-09-01,41.499956673554998
2006-09-05,41.849801308312998
2006-09-06,45.493663508227897
2006-09-07,46.269330471043098
2006-09-08,45.470721827112897
2006-09-11,46.215532250640997
2006-09-12,41.186358031126296
2006-09-13,39.881574208700201
2006-09-14,40.9496027660092
2006-09-15,39.512681204949899
2006-09-18,39.884890661900599
2006-09-19,40.183628492958199
2006-09-20,37.939372841626501
2006-09-21,40.125439504760998
2006-09-22,40.295972622656301
2006-09-25,37.372902768608803
2006-09-26,36.182575815428599
2006-09-27,36.270499474660099
2006-09-28,36.042720737959201
2006-09-29,36.573990441636703
2006-10-02,36.853415728610798
2006-10-03,36.822090325241497
2006-10-04,33.152400803427902
2006-10-05,32.4250371298007
2006-10-06,32.8086253190463
2006-10-09,31.495952220031199
2006-10-10,29.783832257350301
2006-10-11,28.9120594871777
2006-10-12,27.557818620798301
2006-10-13,26.823402754553999
2006-10-16,25.380303686358999
2006-10-17,26.246279648137602
2006-10-18,26.408481656363101
2006-10-19,25.596949015063
2006-10-20,24.943714876198602
2006-10-23,23.637911402429602
2006-10-24,22.938465604031698
2006-10-25,21.778696783091899
2006-10-26,20.782539192233301
2006-10-27,21.0549982810434
2006-10-30,20.967198938211499
2006-10-31,20.734463029997301
2006-11-01,21.719557368552501
2006-11-02,21.799268144095102
2006-11-03,21.2647500892019
2006-11-06,19.925921423585699
2006-11-07,20.267053198357502
2006-11-08,19.631275739525101
2006-11-09,19.762608974222498
2006-11-10,19.793241018132498
2006-11-13,19.614705984149001
2006-11-14,19.043525745890602
2006-11-15,18.587814174791401
2006-11-16,18.304907643051099
2006-11-17,18.601996294097798
2006-11-20,17.908513872253799
2006-11-21,18.2677586605312
2006-11-22,18.448609471270501
2006-11-24,19.029187211331401
2006-11-27,21.4219172112842
2006-11-28,19.706235861832401
2006-11-29,18.2497479692844
2006-11-30,18.1937212430187
2006-12-01,18.7615472830133
2006-12-04,18.124405137282199
2006-12-05,18.131836143388501
2006-12-06,18.353951136145
2006-12-07,19.023503273591501
2006-12-08,19.2546388383657
2006-12-11,18.140565435177798
2006-12-12,17.835078313249401
2006-12-13,17.3694044184905
2006-12-14,17.3287600121512
2006-12-15,17.588518124733401
2006-12-18,18.0437089738015
2006-12-19,19.764357061543201
2006-12-20,17.282151458184
2006-12-21,16.9555187956243
2006-12-22,16.865654546007502
2006-12-26,16.519065345087
2006-12-27,15.5878856315845
2006-12-28,15.9420423931341
2006-12-29,16.6270719547671
2007-01-03,16.4621314009758
2007-01-04,16.1198836891495
2007-01-05,16.586070725439701
2007-01-08,16.579104575734998
2007-01-09,16.130474005915602
2007-01-10,15.9640075141746
2007-01-11,13.690892484231201
2007-01-12,13.1915856353313
2007-01-16,12.8162850240062
2007-01-17,12.7282371458912
2007-01-18,12.9905661134681
2007-01-19,12.269979411154001
2007-01-22,12.618324126636599
2007-01-23,12.146524987541699
2007-01-24,11.714716024234599
2007-01-25,12.501124910941501
2007-01-26,12.489123831026999
2007-01-29,12.4838783990179
2007-01-30,12.119349149766601
2007-01-31,11.747769904834801
2007-02-01,11.404030157419299
2007-02-02,11.3293337598882
2007-02-05,11.3121131725732
2007-02-06,11.0751244016078
2007-02-07,10.811647192093499
2007-02-08,10.765913924471
2007-02-09,11.3829084514824
2007-02-12,11.5915571633981
2007-02-13,10.974538575590399
2007-02-14,10.1911760120647
2007-02-15,9.9849066095805501
2007-02-16,9.9949913652562206
2007-02-20,9.5783001752386898
2007-02-21,9.5964031625698905
2007-02-22,9.3569729036637703
2007-02-23,9.9536670657304107
2007-02-26,9.8128226767503204
2007-02-27,14.448203852793601
2007-02-28,12.222602531309301
2007-03-01,13.187699227181501
2007-03-02,14.842359849216001
2007-03-05,16.0249990820015
2007-03-06,14.1427026898296
2007-03-07,13.6843376956522
2007-03-08,12.6313279099718
2007-03-09,12.648001262812899
2007-03-12,12.1731952954069
2007-03-13,14.6107559213592
2007-03-14,15.6593698738352
2007-03-15,15.742677721564
2007-03-16,16.6686620251464
2007-03-19,14.987627459910399
2007-03-20,13.776477284875
2007-03-21,11.750784064907
2007-03-22,11.741735961177
2007-03-23,11.8286248072897
2007-03-26,11.502273048856599
2007-03-27,12.568418737755101
2007-03-28,13.951447535657699
2007-03-29,13.474866087839599
2007-03-30,13.876551845918099
2007-04-02,13.8188253902391
2007-04-03,12.6935584387119
2007-04-04,12.416077251241701
2007-04-05,12.1817858735107
2007-04-09,11.8766321373793
2007-04-10,11.1469318588587
2007-04-11,11.924430356014099
2007-04-12,11.3729254520485
2007-04-13,10.9882931132602
2007-04-16,10.08989026832
2007-04-17,10.053970258964799
2007-04-18,10.3007952288224
2007-04-19,10.2813267258399
2007-04-20,10.082794306763899
2007-04-23,10.5035493131852
2007-04-24,10.448510714784099
2007-04-25,10.204120049165301
2007-04-26,10.3557532730959
2007-04-27,10.1856082468189
2007-04-30,10.7904296645151
2007-05-01,10.7185654029494
2007-05-02,10.3947575421263
2007-05-03,10.3113915866384
2007-05-04,10.408215553637
2007-05-07,10.4415218434086
2007-05-08,10.683243074083499
2007-05-09,10.4369943212259
2007-05-10,11.068954327376099
2007-05-11,10.4210884305948
2007-05-14,11.067091702407399
2007-05-15,11.032783718129901
2007-05-16,10.891453758700701
2007-05-17,10.932950197521301
2007-05-18,10.634699316132901
2007-05-21,10.383720412272201
2007-05-22,10.2899554169494
2007-05-23,10.311461423770799
2007-05-24,11.0011950784068
2007-05-25,10.5636775501386
2007-05-29,10.388109229255299
2007-05-30,10.2125501832809
2007-05-31,10.085403933499
2007-06-01,10.0204539321673
2007-06-04,10.0739631561651
2007-06-05,10.277054253393301
2007-06-06,10.9095041721472
2007-06-07,12.0707117962305
2007-06-08,11.733697522879799
2007-06-11,11.257074729500401
2007-06-12,11.880829240262001
2007-06-13,11.3877748267911
2007-06-14,10.8146281197587
2007-06-15,10.4112424908917
2007-06-18,10.4732934961374
2007-06-19,9.9948734492338893
2007-06-20,11.1210957894936
2007-06-21,11.19683045182
2007-06-22,12.442701776193999
2007-06-25,12.6278491786238
2007-06-26,13.144201931537699
2007-06-27,11.8697401122558
2007-06-28,11.837573116551599
2007-06-29,12.818907927913701
2007-07-02,12.167322837937901
2007-07-03,11.808995180360601
2007-07-05,12.1303179392182
2007-07-06,11.754035476743701
2007-07-09,11.727706437275801
2007-07-10,13.1899168758753
2007-07-11,13.265099402067801
2007-07-12,12.4316532066359
2007-07-13,12.677675623595199
2007-07-16,13.0672605955083
2007-07-17,13.2351748941606
2007-07-18,14.0333882920274
2007-07-19,13.5767418370048
2007-07-20,14.489641958125
2007-07-23,14.206949043522
2007-07-24,15.327309045094101
2007-07-25,15.045746377935799
2007-07-26,17.2630380216522
2007-07-27,17.4194411461283
2007-07-30,17.197343271515201
2007-07-31,18.951988205507899
2007-08-01,21.828710495221902
2007-08-02,19.6977917766784
2007-08-03,22.5206823161942
2007-08-06,22.088960836192701
2007-08-07,19.233741758506401
2007-08-08,18.8650309289959
2007-08-09,23.521109212581301
2007-08-10,27.328000738637598
2007-08-13,25.353552685271101
2007-08-14,28.497646753771502
2007-08-15,30.613597025239098
2007-08-16,36.118840178287797
2007-08-17,32.920516880500401
2007-08-20,27.5106883415278
2007-08-21,26.300768268267401
2007-08-22,24.676432820019201
2007-08-23,24.998213503992201
2007-08-24,23.202841810135499
2007-08-27,24.863005141650699
2007-08-28,29.287128276556
2007-08-29,27.162347120091901
2007-08-30,27.7164590013418
2007-08-31,25.184837636159202
2007-09-04,23.986543061430801
2007-09-05,26.658404093043501
2007-09-06,26.399817573341
2007-09-07,29.993888737775698
2007-09-10,30.6732503176863
2007-09-11,28.5190679478752
2007-09-12,28.6308626942308
2007-09-13,28.3995253236615
2007-09-14,28.572478432882601
2007-09-17,29.528799286031099
2007-09-18,22.4785031684983
2007-09-19,20.134894428150702
2007-09-20,21.0514348225201
2007-09-21,19.390266100675099
2007-09-24,18.882822836820399
2007-09-25,19.055789494005701
2007-09-26,17.7352232820711
2007-09-27,17.186495473723799
2007-09-28,17.930326997826601
2007-10-01,16.714650827373902
2007-10-02,17.4903777722723
2007-10-03,18.2321446935944
2007-10-04,18.0769891422519
2007-10-05,16.2635055915012
2007-10-08,16.781498244590502
2007-10-09,15.3196619325042
2007-10-10,15.130004517779801
2007-10-11,16.7014067869965
2007-10-12,16.5014909477561
2007-10-15,18.182827860423
2007-10-16,19.516356455706401
2007-10-17,19.421506963331701
2007-10-18,19.178155481081099
2007-10-19,21.988522385278799
2007-10-22,21.3394212044653
2007-10-23,20.027686983026801
2007-10-24,20.886874754598701
2007-10-25,20.598844751732798
2007-10-26,19.013763648086901
2007-10-29,18.4640757410207
2007-10-30,19.829863423584101
2007-10-31,16.413772851603198
2007-11-01,20.8504156533916
2007-11-02,22.826826553176598
2007-11-05,23.614352069261201
2007-11-06,21.574308193997702
2007-11-07,25.915921974957801
2007-11-08,25.613483165510001
2007-11-09,28.1215554370768
2007-11-12,29.590906708664001
2007-11-13,25.077997526525699
2007-11-14,26.121743783579699
2007-11-15,29.6758682427735
2007-11-16,28.571332426777499
2007-11-19,29.5621862353381
2007-11-20,27.9741055907758
2007-11-21,28.7590589936529
2007-11-23,26.9354470628654
2007-11-26,29.685286853513301
2007-11-27,28.451269479012801
2007-11-28,24.190407361835799
2007-11-29,24.394332495896101
2007-11-30,23.388554167090302
2007-12-03,23.789901756597601
2007-12-04,24.006151963565099
2007-12-05,21.941862956218099
2007-12-06,19.389146619891701
2007-12-07,20.284149627865901
2007-12-10,19.422681793170401
2007-12-11,21.470997815078199
2007-12-12,21.0688460260018
2007-12-13,21.132895317920799
2007-12-14,22.340428956386798
2007-12-17,23.870078127030599
2007-12-18,22.5075740675397
2007-12-19,21.796334727005402
2007-12-20,21.688006943412201
2007-12-21,19.765582007948201
2007-12-24,18.126224636208899
2007-12-26,18.133656388309799
2007-12-27,19.336643153110298
2007-12-28,19.005599822329
2007-12-31,19.785209527040902
2008-01-02,21.0354369170547
2008-01-03,20.609048610746001
2008-01-04,22.197181896690001
2008-01-07,21.474885597771699
2008-01-08,22.397876180764001
2008-01-09,22.560932719359901
2008-01-10,20.860966438956201
2008-01-11,22.672324154850699
2008-01-14,21.172776635248901
2008-01-15,21.5871278740007
2008-01-16,21.276057361336399
2008-01-17,24.2900236471433
2008-01-18,24.818817461941599
2008-01-22,25.377985419359099
2008-01-23,24.1215213612467
2008-01-24,23.195978586615599
2008-01-25,23.986033617275801
2008-01-28,23.129252496466702
2008-01-29,22.610000777921002
2008-01-30,23.0323555924526
2008-01-31,21.754981151295102
2008-02-01,21.274631167474599
2008-02-04,22.647908609335001
2008-02-05,25.483200288137699
2008-02-06,26.582035884562199
2008-02-07,26.4483282440628
2008-02-08,26.637962757572801
2008-02-11,26.180588937025199
2008-02-12,25.3435955087085
2008-02-13,23.021868724155802
2008-02-14,23.886109676060599
2008-02-15,23.2951673226748
2008-02-19,23.246014519624001
2008-02-20,23.449184686525498
2008-02-21,23.0709493375318
2008-02-22,22.671129785512399
2008-02-25,20.432809141788798
2008-02-26,19.655953738217999
2008-02-27,20.058114551701902
2008-02-28,21.125005664706901
2008-02-29,24.025680192527801
2008-03-03,23.629977239756901
2008-03-04,22.592621238931599
2008-03-05,21.657286719639799
2008-03-06,24.3449560015471
2008-03-07,24.5932745527629
2008-03-10,26.066657631218899
2008-03-11,23.399777888968899
2008-03-12,24.258315739715201
2008-03-13,24.355591585831402
2008-03-14,27.402719649134799
2008-03-17,27.1199235823557
2008-03-18,23.2132985903174
2008-03-19,25.047149178952498
2008-03-20,24.273192269322799
2008-03-24,23.394502709173299
2008-03-25,23.068149396380399
2008-03-26,24.123978594252701
2008-03-27,24.305390913281499
2008-03-28,24.1546974896191
2008-03-31,23.0945478167998
2008-04-01,19.923435456075001
2008-04-02,20.8970937468134
2008-04-03,20.549575077803901
2008-04-04,20.253455700932701
2008-04-07,18.915107348215098
2008-04-08,18.692665685800101
2008-04-09,19.527667061984801
2008-04-10,18.982259320943498
2008-04-11,19.8599989919439
2008-04-14,19.643326402941799
2008-04-15,19.064044707319098
2008-04-16,16.860241139153
2008-04-17,17.002541574367399
2008-04-18,15.913698811945
2008-04-21,15.133927570159701
2008-04-22,15.8066306506533
2008-04-23,15.2315854275825
2008-04-24,14.442741618288
2008-04-25,14.052065457513301
2008-04-28,13.504175425324901
2008-04-29,14.002074373256599
2008-04-30,14.1738798258164
2008-05-01,13.016866015634999
2008-05-02,12.538626358220601
2008-05-05,12.713540195917799
2008-05-06,11.911697215761301
2008-05-07,12.9103739103307
2008-05-08,12.620794223521999
2008-05-09,13.029203124595099
2008-05-12,12.302303882274
2008-05-13,12.101038190760001
2008-05-14,11.5793624343563
2008-05-15,10.973877572663801
2008-05-16,11.0694600463217
2008-05-19,10.8717594898944
2008-05-20,12.0386254359448
2008-05-21,13.4145199370189
2008-05-22,12.955609209973501
2008-05-23,13.514514191291701
2008-05-27,12.7540524777478
2008-05-28,12.347198203707601
2008-05-29,11.0813634438635
2008-05-30,10.1454314873948
2008-06-02,11.6745509211749
2008-06-03,11.8551562239255
2008-06-04,12.2108109106433
2008-06-05,10.8883800890206
2008-06-06,13.288287944441601
2008-06-09,12.7704433632468
2008-06-10,12.699311993713501
2008-06-11,13.495177876359501
2008-06-12,13.2379597860361
2008-06-13,12.3372490021942
2008-06-16,11.7689953131531
2008-06-17,11.768406863387501
2008-06-18,12.356944890625501
2008-06-19,11.8545115113726
2008-06-20,12.7673088977483
2008-06-23,12.645253424685899
2008-06-24,12.602891825713201
2008-06-25,11.7061960723137
2008-06-26,13.537045138023499
2008-06-27,13.4758576939997
2008-06-30,13.014444326557101
2008-07-01,13.1313140366096
2008-07-02,14.312607047343
2008-07-03,14.1411420149158
2008-07-07,14.0789209900502
2008-07-08,12.8964324160959
2008-07-09,13.850768414887
2008-07-10,14.3549363851889
2008-07-11,14.801949104223601
2008-07-14,15.5904489330056
2008-07-15,15.6484454030364
2008-07-16,14.195800216272501
2008-07-17,13.333547311136201
2008-07-18,13.513016857944001
2008-07-21,12.8508790319048
2008-07-22,11.7567551911284
2008-07-23,11.7592241097186
2008-07-24,12.910569742301099
2008-07-25,12.590774929784301
2008-07-28,13.5585018908875
2008-07-29,11.9383964999454
2008-07-30,10.874565987835201
2008-07-31,11.814345980503999
2008-08-01,11.935797457183501
2008-08-04,12.0102768333164
2008-08-05,10.890198415841301
2008-08-06,10.168722770791801
2008-08-07,10.9763227332481
2008-08-08,10.283058189416099
2008-08-11,10.1486586188805
2008-08-12,10.9891705256961
2008-08-13,11.2390642634505
2008-08-14,10.5740488309821
2008-08-15,10.305467990675201
2008-08-18,10.7104728827087
2008-08-19,11.3067249080891
2008-08-20,10.775421904658
2008-08-21,10.5807100308408
2008-08-22,10.0492409659917
2008-08-25,10.938598791481899
2008-08-26,10.677822596293
2008-08-27,10.3280171280385
2008-08-28,9.6797274929114892
2008-08-29,10.108539420847499
2008-09-02,10.413918396751299
2008-09-03,10.3385216275588
2008-09-04,11.462939239772099
2008-09-05,11.129826225464299
2008-09-08,10.485854480058901
2008-09-09,11.8090644568976
2008-09-10,11.4520764383656
2008-09-11,11.701388142428801
2008-09-12,12.001411734400699
2008-09-15,12.901877656832699
2008-09-16,12.780600006858499
2008-09-17,14.115917095575099
2008-09-18,12.7228172374128
2008-09-19,12.1144121171197
2008-09-22,14.125767960925099
2008-09-23,16.117218728056301
2008-09-24,16.3011161937434
2008-09-25,14.975998458354001
2008-09-26,15.6367395103366
2008-09-29,19.818316390190802
2008-09-30,17.4993751893746
2008-10-01,18.8760510355227
2008-10-02,21.648376651109899
2008-10-03,22.8193373441684
2008-10-06,24.6382667238721
2008-10-07,28.507460130188999
2008-10-08,30.986753937711502
2008-10-09,39.1275939322271
2008-10-10,41.008848648488602
2008-10-13,36.864084315585799
2008-10-14,37.668827276195103
2008-10-15,47.130859999702501
2008-10-16,51.217105561676703
2008-10-17,57.353939150076798
2008-10-20,51.709164458926203
2008-10-21,52.4713575430508
2008-10-22,59.448473955550298
2008-10-23,65.270263010017302
2008-10-24,76.413202311087502
2008-10-27,80.159741620400098
2008-10-28,74.386637028898903
2008-10-29,74.217035496473002
2008-10-30,79.7528841741549
2008-10-31,78.126722865843902
2008-11-03,72.640664386204307
2008-11-04,58.220039692255
2008-11-05,66.894825606401
2008-11-06,84.054686270955003
2008-11-07,79.545992899381005
2008-11-10,82.675332260042694
2008-11-11,84.764537906253906
2008-11-12,99.656819571003695
2008-11-13,85.460705623114194
2008-11-14,94.389640146617197
2008-11-17,108.364970266725
2008-11-18,116.571449465024
2008-11-19,135.352275688335
2008-11-20,153.22148312470799
2008-11-21,138.250212008593
2008-11-24,113.349966323725
2008-11-25,109.981205324584
2008-11-26,99.887130299893997
2008-11-28,97.122254533192901
2008-12-01,119.932387232859
2008-12-02,117.525344221095
2008-12-03,114.36508771499
2008-12-04,123.916859840946
2008-12-05,118.54878147263599
2008-12-08,108.272973094588
2008-12-09,111.50167315226901
2008-12-10,106.71602134057299
2008-12-11,108.243127605957
2008-12-12,108.339463989526
2008-12-15,111.002448014389
2008-12-16,99.444873127130606
2008-12-17,95.839002027540801
2008-12-18,91.940271425060502
2008-12-19,79.877707814092503
2008-12-22,75.4852326613956
2008-12-23,76.019668108638299
2008-12-24,74.766863978207894
2008-12-26,74.319758131618201
2008-12-29,78.564902716096299
2008-12-30,71.481491087213001
2008-12-31,62.5077046961243
2009-01-02,52.792757232252697
2009-01-05,56.454462873881702
2009-01-06,54.117248110902999
2009-01-07,63.261439524202302
2009-01-08,64.992272509584495
2009-01-09,67.044078552712094
2009-01-12,79.326553743568894
2009-01-13,75.426860361535006
2009-01-14,88.314293722906896
2009-01-15,88.787658337261703
2009-01-16,81.225613476677097
2009-01-20,101.750513746099
2009-01-21,90.151972684180905
2009-01-22,88.301152684974596
2009-01-23,84.596036318313097
2009-01-26,76.880877806082907
2009-01-27,68.6799945705081
2009-01-28,60.774927195442601
2009-01-29,64.892428512933805
2009-01-30,68.738602750895396
2009-02-02,68.614185879916306
2009-02-03,62.297563927811197
2009-02-04,63.108055234512001
2009-02-05,61.888807607381203
2009-02-06,59.764783730295903
2009-02-09,61.742998071768703
2009-02-10,68.477306871456506
2009-02-11,67.152270983493807
2009-02-12,66.598936270589803
2009-02-13,64.884013661622106
2009-02-17,71.243295840597696
2009-02-18,72.925350055394205
2009-02-19,73.251326370141797
2009-02-20,79.976530644184606
2009-02-23,87.946191922877603
2009-02-24,72.377077566770495
2009-02-25,70.020479921196497
2009-02-26,71.773792738423197
2009-02-27,72.247499770496802
2009-03-02,83.768086083900201
2009-03-03,81.8003737417894
2009-03-04,68.939718982105305
2009-03-05,78.693310423693504
2009-03-06,77.839488005596493
2009-03-09,78.115818188016306
2009-03-10,66.574206050736905
2009-03-11,64.875898054382603
2009-03-12,62.638328330486999
2009-03-13,64.996661392129795
2009-03-16,69.055702896068297
2009-03-17,64.952413029983902
2009-03-18,64.787433900887805
2009-03-19,70.682442511529501
2009-03-20,79.875400984579102
2009-03-23,69.235198819423303
2009-03-24,70.672521546914496
2009-03-25,70.0604975103182
2009-03-26,64.094145542339504
2009-03-27,67.381534267206106
2009-03-30,78.290604665066795
2009-03-31,74.869305241203406
2009-04-01,71.502432584506494
2009-04-02,69.687700845511699
2009-04-03,67.167793582938003
2009-04-06,67.813276079269997
2009-04-07,67.186003275536805
2009-04-08,65.285311242871899
2009-04-09,60.383690074756998
2009-04-13,58.4230316580297
2009-04-14,59.121771116659701
2009-04-15,55.906137985624603
2009-04-16,52.0133935976855
2009-04-17,49.888646469220099
2009-04-20,57.3150703826282
2009-04-21,53.289259838952397
2009-04-22,52.798998648434001
2009-04-23,52.988547053581897
2009-04-24,52.518538641216601
2009-04-27,55.157070022551302
2009-04-28,53.822820498705802
2009-04-29,50.046073184311602
2009-04-30,50.309815989992998
2009-05-01,49.167783167020097
2009-05-04,43.9850071433845
2009-05-05,44.652259701749699
2009-05-06,41.413631305581802
2009-05-07,42.949662890705802
2009-05-08,38.740595927416599
2009-05-11,39.279865022726298
2009-05-12,39.091714469267401
2009-05-13,41.581856680959703
2009-05-14,37.886477077722802
2009-05-15,39.567500065661399
2009-05-18,33.952080456342699
2009-05-19,32.5712493441833
2009-05-20,33.233422843350503
2009-05-21,37.861509308515501
2009-05-22,38.384755367159201
2009-05-26,34.624200883838597
2009-05-27,36.284777558227503
2009-05-28,35.585932742456002
2009-05-29,34.316938380860101
2009-06-01,30.901030334429301
2009-06-02,31.626586526681599
2009-06-03,34.853130884133698
2009-06-04,33.560428259641199
2009-06-05,33.585934185118496
2009-06-08,33.148309462686399
2009-06-09,30.360868119969101
2009-06-10,31.477237240740401
2009-06-11,29.462379284960601
2009-06-12,28.789458542092099
2009-06-15,31.1614220313751
2009-06-16,33.31156015154
2009-06-17,33.864198934454002
2009-06-18,33.848960044933499
2009-06-19,31.736784938129599
2009-06-22,34.397914355191801
2009-06-23,32.813546419991702
2009-06-24,30.564834083829702
2009-06-25,27.670344296090999
2009-06-26,26.370391521060601
2009-06-29,24.5666567410201
2009-06-30,25.337558429553301
2009-07-01,24.992967634911398
2009-07-02,27.657217984792901
2009-07-06,27.2536991743948
2009-07-07,29.184896297892401
2009-07-08,30.264445611951398
2009-07-09,28.970640562040501
2009-07-10,29.1664820922399
2009-07-13,26.880704890671101
2009-07-14,25.793380377843398
2009-07-15,24.507322432204099
2009-07-16,23.668436785349801
2009-07-17,23.636011026953899
2009-07-20,22.8824949954146
2009-07-21,22.192130121402901
2009-07-22,20.3919045259547
2009-07-23,19.220797449029099
2009-07-24,19.052423263375601
2009-07-27,19.578079621212201
2009-07-28,21.109868570775799
2009-07-29,21.4936459813925
2009-07-30,20.438737836625801
2009-07-31,20.624117188804
2009-08-03,20.0117871494684
2009-08-04,19.555718520332
2009-08-05,19.411592874837201
2009-08-06,19.765660328874201
2009-08-07,18.193697362918801
2009-08-10,18.335790139323201
2009-08-11,19.152649590030101
2009-08-12,18.6096719741527
2009-08-13,17.807409015347002
2009-08-14,18.641329979535701
2009-08-17,20.649746871530901
2009-08-18,19.754373847181299
2009-08-19,18.615139107414301
2009-08-20,17.868858180598099
2009-08-21,17.257743230821699
2009-08-24,17.381136094921999
2009-08-25,18.260969204047001
2009-08-26,18.678232350359501
2009-08-27,17.846864228445
2009-08-28,18.298211424782298
2009-08-31,18.9684749092721
2009-09-01,20.750563126998198
2009-09-02,21.072819372360499
2009-09-03,19.200710099319998
2009-09-04,18.025626641241601
2009-09-08,16.870183973538001
2009-09-09,15.7726098042196
2009-09-10,14.4934511490974
2009-09-11,14.7823056304989
2009-09-14,14.046146810100099
2009-09-15,14.0072389834361
2009-09-16,13.0307943539008
2009-09-17,13.103506186395499
2009-09-18,13.580080706394799
2009-09-21,13.804831042085601
2009-09-22,13.065858436402699
2009-09-23,13.1311877285848
2009-09-24,13.8654837463672
2009-09-25,13.866315675392
2009-09-28,12.969026388037401
2009-09-29,12.7884975407159
2009-09-30,13.2300843607968
2009-10-01,14.4629959223795
2009-10-02,14.4520040454785
2009-10-05,13.4934026171419
2009-10-06,12.6564068528006
2009-10-07,12.438463526795299
2009-10-08,12.2724100387126
2009-10-09,11.912460252277199
2009-10-12,11.1171844058352
2009-10-13,11.095283552555699
2009-10-14,10.553833715190899
2009-10-15,10.187510146936701
2009-10-16,10.397780356369401
2009-10-19,9.9827009645431701
2009-10-20,9.8579172024863801
2009-10-21,10.0979574863669
2009-10-22,9.4843046099204091
2009-10-23,9.5843640235550698
2009-10-26,10.1750483783268
2009-10-27,9.9663581360872904
2009-10-28,11.219826998863001
2009-10-29,10.2019642935261
2009-10-30,12.1796150718262
2009-11-02,12.4602334030811
2009-11-03,12.605644326895
2009-11-04,12.3586997545311
2009-11-05,11.066597695194901
2009-11-06,10.449302875756899
2009-11-09,9.2172255736764299
2009-11-10,9.3199054665671905
2009-11-11,9.4168324834194905
2009-11-12,10.1590672197626
2009-11-13,9.8722767521487107
2009-11-16,9.5800573602851102
2009-11-17,9.2427435406294691
2009-11-18,8.9385648507073601
2009-11-19,9.3216717402086697
2009-11-20,8.7998445561917897
2009-11-23,7.9090362917685004
2009-11-24,7.7798026387609998
2009-11-25,7.5589340418465696
2009-11-27,8.5072779067366504
2009-11-30,8.4916245153882493
2009-12-01,7.8409962450192001
2009-12-02,7.75231457748803
2009-12-03,8.04581720739173
2009-12-04,7.7392715717901002
2009-12-07,7.6233372836446902
2009-12-08,8.0306521947098304
2009-12-09,7.9203110335545102
2009-12-10,7.64207050694574
2009-12-11,7.56282223578871
2009-12-14,7.2995603937609097
2009-12-15,7.1028372411490501
2009-12-16,6.5705506182973403
2009-12-17,6.7526205759303597
2009-12-18,6.5197226922665203
2009-12-21,6.1456862014111904
2009-12-22,5.8082265720916997
2009-12-23,5.6725463993676399
2009-12-24,5.53328538526317
2009-12-28,5.5698604016597599
2009-12-29,5.5173923166761201
2009-12-30,5.7457571846633497
2009-12-31,6.0482713004358697
2010-01-04,5.6050539795399299
2010-01-05,5.3703143188768001
2010-01-06,5.0943338660297197
2010-01-07,4.8373756658271798
2010-01-08,4.56014566641863
2010-01-11,4.40355026423381
2010-01-12,4.7385723683367198
2010-01-13,4.4589965986048501
2010-01-14,4.29472716391225
2010-01-15,4.5144883528896402
2010-01-19,4.0018230555354899
2010-01-20,4.0350381868964398
2010-01-21,4.47481699888628
2010-01-22,5.3316102096630296
2010-01-25,5.1328477810467996
2010-01-26,5.1819691343114096
2010-01-27,5.0076995123245203
2010-01-28,5.0006887330072702
2010-01-29,5.1635111581539803
2010-02-01,4.7043717459709304
2010-02-02,4.3171549075600604
2010-02-03,4.3576066490439
2010-02-04,5.3185896433575497
2010-02-05,5.5147924153010104
2010-02-08,5.6180293293154504
2010-02-09,5.2957229866926196
2010-02-10,5.3138343593071102
2010-02-11,5.0011683456054801
2010-02-12,5.0576815479108204
2010-02-16,4.4892487187411296
2010-02-17,4.2751564473443597
2010-02-18,3.8987716737201601
2010-02-19,3.7205198327976801
2010-02-22,3.62017741290712
2010-02-23,3.80212752967984
2010-02-24,3.6305755355406801
2010-02-25,3.66096345277316
2010-02-26,3.5017115425775298
2010-03-01,3.3365708262295701
2010-03-02,3.2950305194430101
2010-03-03,3.2344678584956501
2010-03-04,3.1949103165862498
2010-03-05,2.9281033560481302
2010-03-08,2.8043031461544201
2010-03-09,2.8657173850551998
2010-03-10,2.87846982741869
2010-03-11,2.9475818879750202
2010-03-12,2.89213787266221
2010-03-15,2.9050946503317299
2010-03-16,2.7275352653034601
2010-03-17,2.5268704958350798
2010-03-18,2.4661497978201701
2010-03-19,2.5243016100527602
2010-03-22,2.4413025731142302
2010-03-23,2.3407697331533899
2010-03-24,2.47093993801405
2010-03-25,2.47785856984048
2010-03-26,2.4592994091523801
2010-03-29,2.3616406296149401
2010-03-30,2.3153997060870801
2010-03-31,2.2681655520829
2010-04-01,2.2450075817961399
2010-04-05,2.0760258611143398
2010-04-06,1.94280728160663
2010-04-07,2.0106695399531498
2010-04-08,1.97266788564804
2010-04-09,1.9131919488957501
2010-04-12,1.9138998299168399
2010-04-13,1.9206750353147499
2010-04-14,1.83783632104162
2010-04-15,1.8453714499578899
2010-04-16,1.98611793044618
2010-04-19,1.9357897020886701
2010-04-20,1.6833240091422701
2010-04-21,1.7378468737983901
2010-04-22,1.7196168600922399
2010-04-23,1.6949231619813201
2010-04-26,1.7458895014621001
2010-04-27,2.11203744770873
2010-04-28,2.1008225288613902
2010-04-29,1.90305109599438
2010-04-30,2.2328688814411701
2010-05-03,2.04825528232361
2010-05-04,2.49413997473264
2010-05-05,2.7307839755352701
2010-05-06,3.3674935672710702
2010-05-07,4.2134079513695699
2010-05-10,2.9829242932516
2010-05-11,3.0584221071137998
2010-05-12,2.7045015008785902
2010-05-13,2.7952916162630799
2010-05-14,3.39667065458592
2010-05-17,3.4563161912804499
2010-05-18,3.9097503124145301
2010-05-19,4.0290367944463004
2010-05-20,5.1972963033639497
2010-05-21,5.0819682983923
2010-05-24,4.91273875405584
2010-05-25,4.6165006071862704
2010-05-26,4.2838355734324303
2010-05-27,3.63252121284776
2010-05-28,3.6302327244836698
2010-06-01,4.0052357649228298
2010-06-02,3.7056441297066098
2010-06-03,3.5971428695887999
2010-06-04,4.3193772149448302
2010-06-07,4.5889927407016904
2010-06-08,4.3012628958596997
2010-06-09,4.3259951575108904
2010-06-10,3.8184694056317099
2010-06-11,3.6469819446247902
2010-06-14,3.4839983215195098
2010-06-15,3.11824817772639
2010-06-16,3.0260727615928
2010-06-17,2.8619990964592401
2010-06-18,2.7478339525014799
2010-06-21,2.8439531841599801
2010-06-22,3.0919174622868901
2010-06-23,3.11993023449521
2010-06-24,3.49185711774938
2010-06-25,3.3908376913328899
2010-06-28,3.4201345289860101
2010-06-29,4.1484521769335796
2010-06-30,4.21341693802436
2010-07-01,4.1412411058760004
2010-07-02,3.8615830939962001
2010-07-06,3.5786062848681501
2010-07-07,3.0785676286835302
2010-07-08,2.9345830206899999
2010-07-09,2.7984770601903999
2010-07-12,2.7133473880193999
2010-07-13,2.6139303397223701
2010-07-14,2.9003648263491502
2010-07-15,2.8276236765043099
2010-07-16,3.20146380277495
2010-07-19,2.9880222110439401
2010-07-20,2.68043520463908
2010-07-21,2.7496708459749102
2010-07-22,2.4756661461735101
2010-07-23,2.3640631163040098
2010-07-26,2.1886496330742502
2010-07-27,2.1531278495294499
2010-07-28,2.2118005834291301
2010-07-29,2.1954774951234199
2010-07-30,2.1398660501719502
2010-08-02,1.90589309624615
2010-08-03,1.95258747710418
2010-08-04,1.93946608925804
2010-08-05,1.9460020899788399
2010-08-06,1.9492908335109
2010-08-09,1.8725277604872399
2010-08-10,1.8955411266636299
2010-08-11,2.1783937735843799
2010-08-12,2.2527205691390799
2010-08-13,2.3824772739214901
2010-08-16,2.3272752754847299
2010-08-17,2.1397434337861698
2010-08-18,2.0647240289976199
2010-08-19,2.24761728348623
2010-08-20,2.19057275683135
2010-08-23,2.1298500800119902
2010-08-24,2.2357888229917799
2010-08-25,2.13452994719849
2010-08-26,2.1652885237376198
2010-08-27,1.92738827363456
2010-08-30,2.01363889887971
2010-08-31,2.0153504919437601
2010-09-01,1.76129540892933
2010-09-02,1.6531342578669801
2010-09-03,1.4997068673943399
2010-09-07,1.5801211496240299
2010-09-08,1.5260494038838901
2010-09-09,1.44396320644898
2010-09-10,1.4129324371423899
2010-09-13,1.2631474694809299
2010-09-14,1.2562254213481701
2010-09-15,1.22460622749284
2010-09-16,1.2381993566180101
2010-09-17,1.21079800485605
2010-09-20,1.1475701330424699
2010-09-21,1.1588622231516099
2010-09-22,1.1937903305574
2010-09-23,1.2749203214220799
2010-09-24,1.13447509881422
2010-09-27,1.13792390311462
2010-09-28,1.1242688162772401
2010-09-29,1.1692058408638399
2010-09-30,1.2183241782385299
2010-10-01,1.1888772828505101
2010-10-04,1.2338168441422599
2010-10-05,1.09372927965834
2010-10-06,1.0756499346655899
2010-10-07,1.06168799851363
2010-10-08,0.96739948736563597
2010-10-11,0.93234092994350604
2010-10-12,0.85484475184660103
2010-10-13,0.81466704850981098
2010-10-14,0.88446772122613204
2010-10-15,0.84682477501074804
2010-10-18,0.779536078388394
2010-10-19,0.84639688783176603
2010-10-20,0.76065688309440804
2010-10-21,0.72298154767474199
2010-10-22,0.66828076377767098
2010-10-25,0.64675544037639199
2010-10-26,0.67222466961841498
2010-10-27,0.69703648217403003
2010-10-28,0.68697127537143698
2010-10-29,0.690907620779316
2010-11-01,0.70316432197194101
2010-11-02,0.66540439788204797
2010-11-03,0.59793904598078695
2010-11-04,0.51188963787369202
2010-11-05,0.50570089215179903
2010-11-08,0.51172884678624797
2010-11-09,0.53044788800168896
2010-11-10,0.50601015380145098
2010-11-11,0.51892353292646398
2010-11-12,0.56887511220596598
2010-11-15,0.55480683068111203
2010-11-16,0.61516981385921699
2010-11-17,0.57860412012342499
2010-11-18,0.51032883394886097
2010-11-19,0.49196209921504203
2010-11-22,0.46165723390339503
2010-11-23,0.50032564381514399
2010-11-24,0.46362175458486499
2010-11-26,0.516177916684605
2010-11-29,0.52012151596807499
2010-11-30,0.58930287880698895
2010-12-01,0.53868176151746905
2010-12-02,0.45694219102480799
2010-12-03,0.41341844732969502
2010-12-06,0.39672461042652202
2010-12-07,0.38838149186925203
2010-12-08,0.37103249062745303
2010-12-09,0.35926334002475002
2010-12-10,0.35199544265604898
2010-12-13,0.36185131505041901
2010-12-14,0.36727546626302399
2010-12-15,0.38034680010732602
2010-12-16,0.37194113582495397
2010-12-17,0.35471654182489998
2010-12-20,0.335515735415918
2010-12-21,0.32298422269813398
2010-12-22,0.32193775381659201
2010-12-23,0.34426735642131101
2010-12-27,0.35459881978751401
2010-12-28,0.36023339503393798
2010-12-29,0.35168865890373302
2010-12-30,0.34609680922716302
2010-12-31,0.34190211589933001
2011-01-03,0.31855362040456497
2011-01-04,0.31631100291691699
2011-01-05,0.30647056761617097
2011-01-06,0.31041177911571499
2011-01-07,0.31105433149848499
2011-01-10,0.30876808216197099
2011-01-11,0.29168703185677097
2011-01-12,0.26585231144521698
2011-01-13,0.26303161842078299
2011-01-14,0.23775427989054601
2011-01-18,0.22381950154616101
2011-01-19,0.24929239901712899
2011-01-20,0.24621862373724801
2011-01-21,0.24877437305164099
2011-01-24,0.23749991846494001
2011-01-25,0.233996794667583
2011-01-26,0.21646341484314099
2011-01-27,0.20924435995812199
2011-01-28,0.24312520672254101
2011-01-31,0.24178072432936501
2011-02-01,0.21690390560311701
2011-02-02,0.21675641094730699
2011-02-03,0.21055501003010399
2011-02-04,0.20118320653366401
2011-02-07,0.19449185308435499
2011-02-08,0.18885158934490801
2011-02-09,0.191578606295049
2011-02-10,0.19078547086498701
2011-02-11,0.184756649985654
2011-02-14,0.18049616163698501
2011-02-15,0.1849634416375
2011-02-16,0.18843150616820301
2011-02-17,0.19505675792507701
2011-02-18,0.19853852105403999
2011-02-22,0.247472310338229
2011-02-23,0.26664151549702803
2011-02-24,0.26276988069201102
2011-02-25,0.22947168141072
2011-02-28,0.21016393413682199
2011-03-01,0.239826471800893
2011-03-02,0.24043563103926699
2011-03-03,0.21800779537592399
2011-03-04,0.23032959597057101
2011-03-07,0.239485197410402
2011-03-08,0.23076554137268901
2011-03-09,0.239239252051894
2011-03-10,0.260856910867303
2011-03-11,0.24530723041050301
2011-03-14,0.25151350333988898
2011-03-15,0.26871954210337101
2011-03-16,0.317833412813604
2011-03-17,0.29617306573035701
2011-03-18,0.28222627606511402
2011-03-21,0.23956212991235101
2011-03-22,0.23429655429687801
2011-03-23,0.21689769217479099
2011-03-24,0.20496181217441301
2011-03-25,0.204803991579038
2011-03-28,0.209500147105946
2011-03-29,0.20043507574067099
2011-03-30,0.19200678080577599
2011-03-31,0.19283817016666499
2011-04-01,0.18856873307917499
2011-04-04,0.184985927150671
2011-04-05,0.17904047945204801
2011-04-06,0.17658225366917199
2011-04-07,0.18031520251173799
2011-04-08,0.18594464313415399
2011-04-11,0.18341579598752999
2011-04-12,0.185651634540618
2011-04-13,0.17999668575251099
2011-04-14,0.17566416552644801
2011-04-15,0.168145739241916
2011-04-18,0.17714153629135801
2011-04-19,0.158642645656452
2011-04-20,0.14457580226609401
2011-04-21,0.13744676945635301
2011-04-25,0.13092354577795501
2011-04-26,0.125490218628169
2011-04-27,0.123339316280883
2011-04-28,0.118163998569737
2011-04-29,0.12010070650629499
2011-05-02,0.12616579218486301
2011-05-03,0.132051426390286
2011-05-04,0.13469113440382799
2011-05-05,0.14211530973216699
2011-05-06,0.136083935987134
2011-05-09,0.12739769835307499
2011-05-10,0.117440294249799
2011-05-11,0.12358242163906299
2011-05-12,0.11924591446374901
2011-05-13,0.12274458959411499
2011-05-16,0.127090975511643
2011-05-17,0.123251557141436
2011-05-18,0.11594643734966301
2011-05-19,0.111629751487135
2011-05-20,0.113117776074459
2011-05-23,0.12121361530810799
2011-05-24,0.119140862486339
2011-05-25,0.113385167419624
2011-05-26,0.10973189732536399
2011-05-27,0.104915764351753
2011-05-31,0.099896594185165596
2011-06-01,0.11170037575408499
2011-06-02,0.110774379639083
2011-06-03,0.110111948848842
2011-06-06,0.112992477430727
2011-06-07,0.109498750028569
2011-06-08,0.113693647142164
2011-06-09,0.107249491222146
2011-06-10,0.11460466133016101
2011-06-13,0.11816199001784899
2011-06-14,0.1098930139564
2011-06-15,0.128085802416882
2011-06-16,0.142409637701162
2011-06-17,0.13751644254975001
2011-06-20,0.12546862701796599
2011-06-21,0.11567454599294399
2011-06-22,0.11809561424057601
2011-06-23,0.120653565245027
2011-06-24,0.12853706919813701
2011-06-27,0.12434804611297
2011-06-28,0.114459889486066
2011-06-29,0.10290401904355299
2011-06-30,0.093660151012870799
2011-07-01,0.086506388678507698
2011-07-05,0.087396539418009594
2011-07-06,0.090853072551991904
2011-07-07,0.085135688696294995
2011-07-08,0.087898341794489798
2011-07-11,0.102262688810545
2011-07-12,0.10695859148072601
2011-07-13,0.108108396339143
2011-07-14,0.115995984936047
2011-07-15,0.114162088414208
2011-07-18,0.118050449145596
2011-07-19,0.10636817669814801
2011-07-20,0.10208153917721299
2011-07-21,0.091345623701945197
2011-07-22,0.089510490121773104
2011-07-25,0.096320448210237594
2011-07-26,0.10123279106896001
2011-07-27,0.11237447205400899
2011-07-28,0.11791003854739
2011-07-29,0.115584852587235
2011-08-01,0.103868016080467
2011-08-02,0.11448228864373
2011-08-03,0.11886810512167199
2011-08-04,0.161122150449272
2011-08-05,0.185741615037921
2011-08-08,0.236166748688416
2011-08-09,0.20029774289761901
2011-08-10,0.235181597800669
2011-08-11,0.21182100969112799
2011-08-12,0.22231250430113
2011-08-15,0.199765570114909
2011-08-16,0.204016581446955
2011-08-17,0.21196302729431299
2011-08-18,0.30010149330383501
2011-08-19,0.32911830669138298
2011-08-22,0.35001073680015199
2011-08-23,0.31736523537880101
2011-08-24,0.302576015410149
2011-08-25,0.32044918064042699
2011-08-26,0.30795166259544998
2011-08-29,0.26876173401355302
2011-08-30,0.269549205894213
2011-08-31,0.271573520430478
2011-09-01,0.27722496539063701
2011-09-02,0.308221488770964
2011-09-06,0.33185283031503299
2011-09-07,0.303054641700295
2011-09-08,0.31034916692602099
2011-09-09,0.37108139540177398
2011-09-12,0.38491902063630601
2011-09-13,0.36953380738147301
2011-09-14,0.34558801666315397
2011-09-15,0.31605060887895398
2011-09-16,0.300440869306422
2011-09-19,0.32039615184575498
2011-09-20,0.32034168449994099
2011-09-21,0.34776293269313602
2011-09-22,0.43181027826641299
2011-09-23,0.43423705203027002
2011-09-26,0.40703644309109399
2011-09-27,0.39036423038208301
2011-09-28,0.434444159276828
2011-09-29,0.43174191660612599
2011-09-30,0.47895289518700601
2011-10-03,0.53845321335608798
2011-10-04,0.48868398284558401
2011-10-05,0.42704627208927098
2011-10-06,0.412919581408558
2011-10-07,0.41493875816164599
2011-10-10,0.37150296895728502
2011-10-11,0.353492505022236
2011-10-12,0.30496858885783301
2011-10-13,0.30829884584816097
2011-10-14,0.27255776064898402
2011-10-17,0.32290735577367002
2011-10-18,0.29586709380118298
2011-10-19,0.34385969508667302
2011-10-20,0.34540362511761202
2011-10-21,0.31316019671288298
2011-10-24,0.27515507523980798
2011-10-25,0.30982736627077601
2011-10-26,0.28604811590949403
2011-10-27,0.21084034527456999
2011-10-28,0.204234717257117
2011-10-31,0.243572366148011
2011-11-01,0.32278209961934401
2011-11-02,0.30596838005017202
2011-11-03,0.27285036259354201
2011-11-04,0.28253655046561199
2011-11-07,0.27903592260534299
2011-11-08,0.25326416479351399
2011-11-09,0.347260626914979
2011-11-10,0.306186639963475
2011-11-11,0.27724281688772801
2011-11-14,0.29098851574902102
2011-11-15,0.28481955921514202
2011-11-16,0.30992355516436498
2011-11-17,0.34862680873329099
2011-11-18,0.32038803722589398
2011-11-21,0.32482861542184499
2011-11-22,0.31254684547274503
2011-11-23,0.33582220905510002
2011-11-25,0.35573310782997702
2011-11-28,0.31873330728458099
2011-11-29,0.30165557668027299
2011-11-30,0.248178076046395
2011-12-01,0.23739970220369999
2011-12-02,0.23563107442228201
2011-12-05,0.236672563771229
2011-12-06,0.23357925336273899
2011-12-07,0.24440798754863499
2011-12-08,0.272685991708012
2011-12-09,0.23434361441394899
2011-12-12,0.237837677704861
2011-12-13,0.235245247017878
2011-12-14,0.23354207142946801
2011-12-15,0.214938110019397
2011-12-16,0.21218905159224899
2011-12-19,0.209973797893626
2011-12-20,0.18235594425667701
2011-12-21,0.15868978981104601
2011-12-22,0.15910555706035001
2011-12-23,0.166352815184449
2011-12-27,0.16343332327796201
2011-12-28,0.176887154450204
2011-12-29,0.16827451890002401
2011-12-30,0.172870096011183
2012-01-03,0.15499878548554699
2012-01-04,0.149775326414684
2012-01-05,0.14280777822987301
2012-01-06,0.137532458902062
2012-01-09,0.13312454359425099
2012-01-10,0.128477165777375
2012-01-11,0.13115334514051799
2012-01-12,0.128843734732594
2012-01-13,0.13618267386296201
2012-01-17,0.132580642139287
2012-01-18,0.12409415523595101
2012-01-19,0.118439184581849
2012-01-20,0.110206476861564
2012-01-23,0.10386850237725601
2012-01-24,0.10517205208209
2012-01-25,0.096208238083133807
2012-01-26,0.096768170028777606
2012-01-27,0.092159102090306894
2012-01-30,0.097813984594568207
2012-01-31,0.097610531506611503
2012-02-01,0.092022328577857998
2012-02-02,0.087364158305246797
2012-02-03,0.078268675784087596
2012-02-06,0.076557722531447395
2012-02-07,0.076834095909785904
2012-02-08,0.080343109069985902
2012-02-09,0.087968473551818194
2012-02-10,0.10451446374218
2012-02-13,0.088900002859098104
2012-02-14,0.095544389072787103
2012-02-15,0.10345355360023201
2012-02-16,0.095905582329559397
2012-02-17,0.092392560848827701
2012-02-21,0.093425509679117599
2012-02-22,0.088796275674517297
2012-02-23,0.076404755404138394
2012-02-24,0.082659248681521205
2012-02-27,0.083332094965788805
2012-02-28,0.082572939580650401
2012-02-29,0.079741513482429902
2012-03-01,0.076779913671692498
2012-03-02,0.078307066154622407
2012-03-05,0.076859951572085
2012-03-06,0.088632590354381299
2012-03-07,0.080096385577350798
2012-03-08,0.073436371116594096
2012-03-09,0.070943206317185703
2012-03-12,0.064453321803289595
2012-03-13,0.058359260226788501
2012-03-14,0.062429818627606999
2012-03-15,0.061028893497603501
2012-03-16,0.060258098572728798
2012-03-19,0.0528565963250405
2012-03-20,0.0488225808935134
2012-03-21,0.0428208210242738
2012-03-22,0.044468566217287897
2012-03-23,0.0383474680774782
2012-03-26,0.031253569957825501
2012-03-27,0.037205812356293402
2012-03-28,0.038755806499056598
2012-03-29,0.0372261148165388
2012-03-30,0.035910171657774201
2012-04-02,0.0346296149364579
2012-04-03,0.036864610284456902
2012-04-04,0.0383248174978243
2012-04-05,0.0399727846502307
2012-04-09,0.044252670702730902
2012-04-10,0.052225231856534902
2012-04-11,0.050357657565345201
2012-04-12,0.041352197662934499
2012-04-13,0.045843873373082503
2012-04-16,0.045053066557396798
2012-04-17,0.039161026513020399
2012-04-18,0.040841034550428999
2012-04-19,0.041498575206690903
2012-04-20,0.039042689525958997
2012-04-23,0.041367291260334497
2012-04-24,0.039482597470513699
2012-04-25,0.034384209659146299
2012-04-26,0.031754849146511402
2012-04-27,0.031877422864216902
2012-04-30,0.033491376783832197
2012-05-01,0.031255827383511403
2012-05-02,0.031532441455855501
2012-05-03,0.032923337448473297
2012-05-04,0.0361169011809752
2012-05-07,0.034988609188081499
2012-05-08,0.035570819644971198
2012-05-09,0.0379800312595251
2012-05-10,0.036199147593765899
2012-05-11,0.03687245173901
2012-05-14,0.041329962429738902
2012-05-15,0.045131079074402003
2012-05-16,0.048708619712629797
2012-05-17,0.053201989881119897
2012-05-18,0.061492987984193698
2012-05-21,0.047811413087590397
2012-05-22,0.0517238210205479
2012-05-23,0.048876424673366801
2012-05-24,0.0490729079005537
2012-05-25,0.048565494032861999
2012-05-29,0.043390354988720202
2012-05-30,0.048834542829154899
2012-05-31,0.049553387299600099
2012-06-01,0.059392212347935701
2012-06-04,0.055379080559585701
2012-06-05,0.051675881442566199
2012-06-06,0.044601970031893298
2012-06-07,0.0435417812042352
2012-06-08,0.038963362910609901
2012-06-11,0.043937425819778303
2012-06-12,0.044097358049762302
2012-06-13,0.049239109998364602
2012-06-14,0.043207811414664898
2012-06-15,0.038074291340488599
2012-06-18,0.032315174032326303
2012-06-19,0.030680672529771202
2012-06-20,0.028813753606334602
2012-06-21,0.034411977794509399
2012-06-22,0.027501364413815999
2012-06-25,0.031759675679651302
2012-06-26,0.029983992212402
2012-06-27,0.030437350174653498
2012-06-28,0.029310559471187801
2012-06-29,0.024955889650553498
2012-07-02,0.021814941379134801
2012-07-03,0.020407223211939201
2012-07-05,0.022217752055302499
2012-07-06,0.021946695480227801
2012-07-09,0.021430948136442401
2012-07-10,0.022786669915553798
2012-07-11,0.021140560880854201
2012-07-12,0.021215609871981199
2012-07-13,0.019219645295225199
2012-07-16,0.0188521656771805
2012-07-17,0.017289509664198999
2012-07-18,0.017418143616100699
2012-07-19,0.017004811068090601
2012-07-20,0.018529292380344901
2012-07-23,0.020928835743599598
2012-07-24,0.023089319457411401
2012-07-25,0.0225654227989227
2012-07-26,0.018884551031962401
2012-07-27,0.017606822309139899
2012-07-30,0.018535582185946999
2012-07-31,0.0194086081069051
2012-08-01,0.018589758930874799
2012-08-02,0.0183620343839715
2012-08-03,0.0156218679928515
2012-08-06,0.0146084774161552
2012-08-07,0.0153001888218101
2012-08-08,0.014325107788196199
2012-08-09,0.0140914652801707
2012-08-10,0.0137164913890654
2012-08-13,0.013007348784250699
2012-08-14,0.014279857715813899
2012-08-15,0.014497339948825801
2012-08-16,0.0139001945163336
2012-08-17,0.012999322909730099
2012-08-20,0.0129822937967183
2012-08-21,0.0136802219112299
2012-08-22,0.013999244686199799
2012-08-23,0.0146073718753683
2012-08-24,0.0133996343687128
2012-08-27,0.013483382083517299
2012-08-28,0.0140483357928167
2012-08-29,0.0142141061551719
2012-08-30,0.0147100363189258
2012-08-31,0.013841555774656501
2012-09-04,0.013621890284512699
2012-09-05,0.012945154775178099
2012-09-06,0.0103508163066846
2012-09-07,0.0090458888949009105
2012-09-10,0.0098972879576889796
2012-09-11,0.010062770612341501
2012-09-12,0.0095366889647283196
2012-09-13,0.00796675922735475
2012-09-14,0.0084805355299268498
2012-09-17,0.0084180339830712894
2012-09-18,0.0079240637489446705
2012-09-19,0.0078452193146426701
2012-09-20,0.0078460038365741301
2012-09-21,0.0076016792771032198
2012-09-24,0.0074462249358864504
2012-09-25,0.0083932358232324897
2012-09-26,0.0093022232628885704
2012-09-27,0.0076927525939435902
2012-09-28,0.0079963086113006097
2012-10-01,0.0081737466993853699
2012-10-02,0.0079792115279400007
2012-10-03,0.0078118076700838101
2012-10-04,0.0074566828934017997
2012-10-05,0.0072909953995104202
2012-10-08,0.0073345226420454901
2012-10-09,0.0080370965659270297
2012-10-10,0.0079158971497128496
2012-10-11,0.0076102643607624402
2012-10-12,0.0077394105469645799
2012-10-15,0.0072224953165328102
2012-10-16,0.0069062944715749999
2012-10-17,0.0066752789215008199
2012-10-18,0.0066788168193292197
2012-10-19,0.0074778036754255704
2012-10-22,0.0075163143643540101
2012-10-23,0.0085100462864652494
2012-10-24,0.0086619506126786594
2012-10-25,0.00828671491213742
2012-10-26,0.0080996837565704798
2012-10-31,0.0083291477973941198
2012-11-01,0.0070309668216922703
2012-11-02,0.0073996004121536004
2012-11-05,0.0075800766662060199
2012-11-06,0.0071223158363338396
2012-11-07,0.0081744955548354401
2012-11-08,0.0082586928590502404
2012-11-09,0.0082913972827720808
2012-11-12,0.0072296838607131203
2012-11-13,0.00722961156387451
2012-11-14,0.0079213407983060192
2012-11-15,0.0079722750196391298
2012-11-16,0.00722599035505071
2012-11-19,0.0059560225501505502
2012-11-20,0.0057199258162625799
2012-11-21,0.0058723618392659801
2012-11-23,0.0054670514251198401
2012-11-26,0.0052384193345213301
2012-11-27,0.0054193019541423498
2012-11-28,0.00512427515575884
2012-11-29,0.0049907365451997698
2012-11-30,0.0051266842086910101
2012-12-03,0.0053339047844062999
2012-12-04,0.0055747305854222402
2012-12-05,0.0054361427830686504
2012-12-06,0.0055011590507541503
2012-12-07,0.0051478746165147197
2012-12-10,0.0052302920891251197
2012-12-11,0.0049190897098221704
2012-12-12,0.0051544681524371598
2012-12-13,0.0053549254188854497
2012-12-14,0.00544387073009313
2012-12-17,0.0051254042923826798
2012-12-18,0.00464658902338829
2012-12-19,0.0051914945181610397
2012-12-20,0.005496494821103
2012-12-21,0.0062423691683266801
2012-12-24,0.0062053519191584998
2012-12-26,0.0066163323767643696
2012-12-27,0.0066123625773383101
2012-12-28,0.0072995854200010798
2012-12-31,0.0057947758856678596
2013-01-02,0.0044816217222166596
2013-01-03,0.0044782605059250002
2013-01-04,0.0042397483513794401
2013-01-07,0.0042341094860720999
2013-01-08,0.0041387996815406202
2013-01-09,0.00417120648304708
2013-01-10,0.0039592257695786302
2013-01-11,0.0039254139815064299
2013-01-14,0.00380643468372697
2013-01-15,0.0037691696881732798
2013-01-16,0.0036398494761720598
2013-01-17,0.0036322057922720898
2013-01-18,0.0032022979146987701
2013-01-22,0.00301851803737421
2013-01-23,0.0028502960271513402
2013-01-24,0.0028921098698696502
2013-01-25,0.0029265838195184999
2013-01-28,0.00310563221759664
2013-01-29,0.0028766850105154201
2013-01-30,0.0032192981952678
2013-01-31,0.0032701309137710801
2013-02-01,0.0029061653430683598
2013-02-04,0.0033223282201957499
2013-02-05,0.0030206608178019699
2013-02-06,0.0030444334184380798
2013-02-07,0.00301919506539922
2013-02-08,0.00289305309556685
2013-02-11,0.0027748718766129402
2013-02-12,0.0027449865065018201
2013-02-13,0.0027780361440400999
2013-02-14,0.0026713873364704
2013-02-15,0.0026597668015567498
2013-02-19,0.0024042696025992098
2013-02-20,0.0028291040413784899
2013-02-21,0.0029167496845803999
2013-02-22,0.0027391196287894501
2013-02-25,0.0034644111152966101
2013-02-26,0.0033223009713471401
2013-02-27,0.00281814179894522
2013-02-28,0.0029815376604480602
2013-03-01,0.0031484739540565501
2013-03-04,0.0027940817257879401
2013-03-05,0.0026128017034188198
2013-03-06,0.0026334428368758301
2013-03-07,0.0025306332285242
2013-03-08,0.0024345450848371301
2013-03-11,0.0022645894924646498
2013-03-12,0.0023371469398032201
2013-03-13,0.00227712900638907
2013-03-14,0.00220020758855325
2013-03-15,0.00221527901053484
2013-03-18,0.0024609534528031501
2013-03-19,0.0024886145696126601
2013-03-20,0.0021849040475371301
2013-03-21,0.0023115629351728598
2013-03-22,0.0023191679772295798
2013-03-25,0.00226617498894988
2013-03-26,0.0021144772351895801
2013-03-27,0.00215482146083699
2013-03-28,0.0021496067929017699
2013-04-01,0.0021738758535936298
2013-04-02,0.0020498997136631802
2013-04-03,0.0021637306447629002
2013-04-04,0.0021267308507374599
2013-04-05,0.0021367264857359201
2013-04-08,0.00200358705840972
2013-04-09,0.0019434794466574199
2013-04-10,0.00184451747323363
2013-04-11,0.00184099444485975
2013-04-12,0.0017692693012880201
2013-04-15,0.00216213554963902
2013-04-16,0.0018435881191107
2013-04-17,0.0022864364212022898
2013-04-18,0.00245410080396905
2013-04-19,0.00209278354260069
2013-04-22,0.0020253959125289401
2013-04-23,0.0018077063598503299
2013-04-24,0.0018325080911074799
2013-04-25,0.0018563306962918801
2013-04-26,0.0018642943549789699
2013-04-29,0.00185368652009914
2013-04-30,0.00180311795183083
2013-05-01,0.00195575188645331
2013-05-02,0.0018177540333451699
2013-05-03,0.00174444401318036
2013-05-06,0.00168363269488089
2013-05-07,0.0016529905798340599
2013-05-08,0.00167930618986502
2013-05-09,0.00176298601730599
2013-05-10,0.00171397500602488
2013-05-13,0.0016844603564211301
2013-05-14,0.00165013105435727
2013-05-15,0.00167999842644114
2013-05-16,0.0017149591936953801
2013-05-17,0.0016314235313704801
2013-05-20,0.0016624532069371401
2013-05-21,0.0016992266718745899
2013-05-22,0.0017568814328513
2013-05-23,0.0017645941423415101
2013-05-24,0.0017638706587431499
2013-05-28,0.00166130157993724
2013-05-29,0.001720526981262
2013-05-30,0.0017013086948813099
2013-05-31,0.0018051906037907599
2013-06-03,0.0018452477832888699
2013-06-04,0.0018653794366045599
2013-06-05,0.0020164378633807899
2013-06-06,0.0020088762213931201
2013-06-07,0.0018004553134235799
2013-06-10,0.0017895265496710999
2013-06-11,0.0020040013066491801
2013-06-12,0.0022252230108901799
2013-06-13,0.0019980277414782901
2013-06-14,0.0021081989911434099
2013-06-17,0.0020382911125970899
2013-06-18,0.0019914307999184902
2013-06-19,0.0019753201247471501
2013-06-20,0.0024812983747011302
2013-06-21,0.0022771123314469701
2013-06-24,0.0025219702204474599
2013-06-25,0.0023615981341292098
2013-06-26,0.0022618678449249298
2013-06-27,0.0020823886314301401
2013-06-28,0.0020253936545878998
2013-07-01,0.0019082651395430799
2013-07-02,0.0019814089423417598
2013-07-03,0.0019118416743761401
2013-07-05,0.00174287310719478
2013-07-08,0.00157756159297736
2013-07-09,0.00150754940948102
2013-07-10,0.0014869713600416
2013-07-11,0.00139338138264059
2013-07-12,0.00142629305089856
2013-07-15,0.0013554918638519499
2013-07-16,0.00143901727250251
2013-07-17,0.0013394660575907901
2013-07-18,0.0012941921048442199
2013-07-19,0.00123023313102282
2013-07-22,0.0011864122268957799
2013-07-23,0.0011706448084003399
2013-07-24,0.00121093840270548
2013-07-25,0.00113881491144034
2013-07-26,0.0011320845153137301
2013-07-29,0.00116275268483358
2013-07-30,0.0011194285197966801
2013-07-31,0.0010768566531888101
2013-08-01,0.00101094225744712
2013-08-02,0.00095365215971759401
2013-08-05,0.00092892395921611703
2013-08-06,0.00098700028514630807
2013-08-07,0.0010050920003730401
2013-08-08,0.00097319038028119995
2013-08-09,0.0010034079415889301
2013-08-12,0.00098868794708582191
2013-08-13,0.00097457937008090705
2013-08-14,0.00099295993700063297
2013-08-15,0.0010956319944865
2013-08-16,0.0010566603644426101
2013-08-19,0.0011158227782477599
2013-08-20,0.00106947150003934
2013-08-21,0.00111212202346091
2013-08-22,0.00106298847246441
2013-08-23,0.0010287177241121599
2013-08-26,0.0010921896076898801
2013-08-27,0.00127104657784517
2013-08-28,0.0012570269340915401
2013-08-29,0.0013120847138047499
2013-08-30,0.00135760093252663
2013-09-03,0.0012551156381301999
2013-09-04,0.0012452880826836401
2013-09-05,0.0011887520037298001
2013-09-06,0.0012005800861669099
2013-09-09,0.0011183763676670701
2013-09-10,0.0010420919156284899
2013-09-11,0.00097426215284023595
2013-09-12,0.0010032464518872301
2013-09-13,0.00098000123159700599
2013-09-16,0.00096064620727296496
2013-09-17,0.00093421883011088596
2013-09-18,0.00087100958406558296
2013-09-19,0.00085694277928292397
2013-09-20,0.00088436494821997704
2013-09-23,0.00090992309522353499
2013-09-24,0.00090155180274747798
2013-09-25,0.00089237400539550905
2013-09-26,0.00086700381242211502
2013-09-27,0.00093626007695839296
2013-09-30,0.0010076779956287799
2013-10-01,0.00094685455181262599
2013-10-02,0.0010003139598079699
2013-10-03,0.0010617432400797701
2013-10-04,0.0010513912434890001
2013-10-07,0.0012031700833990699
2013-10-08,0.0013010960964869201
2013-10-09,0.0012360282807016101
2013-10-10,0.00099440947239005689
2013-10-11,0.00096483573468117705
2013-10-14,0.00098093884309300599
2013-10-15,0.0010894012509737999
2013-10-16,0.00084581113125605802
2013-10-17,0.00074944786907205497
2013-10-18,0.00074447153522141701
2013-10-21,0.00074109163445151198
2013-10-22,0.00074532326768423003
2013-10-23,0.00076390417674759804
2013-10-24,0.00072987988471526005
2013-10-25,0.00073242716551291599
2013-10-28,0.00073863082360481097
2013-10-29,0.00072899169135676796
2013-10-30,0.00074534297499390004
2013-10-31,0.00073555662173222999
2013-11-01,0.00072614149697405796
2013-11-04,0.00069211450642585304
2013-11-05,0.00068368455173758601
2013-11-06,0.00066678386961863297
2013-11-07,0.00071567913077776805
2013-11-08,0.000652799562347633
2013-11-11,0.00064430011204586704
2013-11-12,0.00064410037901113204
2013-11-13,0.00063353069179156001
2013-11-14,0.00062267197573425196
2013-11-15,0.00060980134599582497
2013-11-18,0.00060786827572901895
2013-11-19,0.00062401933581513901
2013-11-20,0.00059905856238253298
2013-11-21,0.00055794517324622001
2013-11-22,0.00054229481113666296
2013-11-25,0.000547674375663139
2013-11-26,0.00054908189880859297
2013-11-27,0.00055134411623168503
2013-11-29,0.00056060118394321502
2013-12-02,0.00057893284265815798
2013-12-03,0.00060193384449696598
2013-12-04,0.00058642200932427905
2013-12-05,0.00059854921647710597
2013-12-06,0.00055243099934754495
2013-12-09,0.00054484059741650905
2013-12-10,0.00054721610242124499
2013-12-11,0.00060079403100930903
2013-12-12,0.00060384005674652698
2013-12-13,0.00060515642807023402
2013-12-16,0.00061187971598609405
2013-12-17,0.00060147776081433102
2013-12-18,0.00052288266180872199
2013-12-19,0.00053021870555389802
2013-12-20,0.00052981043715062204
2013-12-23,0.00049624694595713
2013-12-24,0.00045457708990511
2013-12-26,0.000457845499181528
2013-12-27,0.00047178689463160499
2013-12-30,0.00048964402859341097
2013-12-31,0.00048577584076752302
2014-01-02,0.00050549348214427696
2014-01-03,0.000494286691645138
2014-01-06,0.00048281429753205501
2014-01-07,0.00046311547419274703
2014-01-08,0.000465199493826614
2014-01-09,0.00046704168382216802
2014-01-10,0.00044385773463723503
2014-01-13,0.00047954389650206901
2014-01-14,0.00043781878206742398
2014-01-15,0.00044209189338040202
2014-01-16,0.000448621590645631
2014-01-17,0.00044614968568117299
2014-01-21,0.000433902876809225
2014-01-22,0.00042089880759125202
2014-01-23,0.00044391776337841799
2014-01-24,0.00052880815726927299
2014-01-27,0.00052306530068132898
2014-01-28,0.00049198476051484402
2014-01-29,0.00055571646639193705
2014-01-30,0.00053871709968500805
2014-01-31,0.00063616563584702895
2014-02-03,0.00072319945648726097
2014-02-04,0.00068970808965733595
2014-02-05,0.00073999470647425204
2014-02-06,0.00060135669821630101
2014-02-07,0.00051575357222521001
2014-02-10,0.00051954436098106604
2014-02-11,0.00047612084329026798
2014-02-12,0.00046195148699394999
2014-02-13,0.00045288799881912801
2014-02-14,0.00043611755622285599
2014-02-18,0.00042663199937500898
2014-02-19,0.00048516590968925998
2014-02-20,0.00044606638902740302
2014-02-21,0.00045568804103872401
2014-02-24,0.00044297434469374301
2014-02-25,0.00045271535053355901
2014-02-26,0.00046358504609986999
2014-02-27,0.00045948695429234702
2014-02-28,0.00047396538822209902
2014-03-03,0.000532059325856481
2014-03-04,0.00045634728378710402
2014-03-05,0.000456967916093055
2014-03-06,0.000449153764727863
2014-03-07,0.000471849504459562
2014-03-10,0.00046393186977473103
2014-03-11,0.00047596626247668701
2014-03-12,0.00047658977828053201
2014-03-13,0.00051445483616491998
2014-03-14,0.000550219736375105
2014-03-17,0.00049504370121141003
2014-03-18,0.000455450105988521
2014-03-19,0.00046898152863744002
2014-03-20,0.00046877517676484001
2014-03-21,0.00047324729195117601
2014-03-24,0.00047212096339633197
2014-03-25,0.00046216393227830401
2014-03-26,0.00047421716763212203
2014-03-27,0.000468080797482962
2014-03-28,0.00045858343810203299
2014-03-31,0.000427496066833096
2014-04-01,0.00039893077964730898
2014-04-02,0.00040392539300849301
2014-04-03,0.000403715351804128
2014-04-04,0.00042027979268865199
2014-04-07,0.00043943614563940101
2014-04-08,0.00042459199263970198
2014-04-09,0.000400577069536
2014-04-10,0.00044347887368330601
2014-04-11,0.00047799039963334098
2014-04-14,0.000475825103123001
2014-04-15,0.00045894758671522899
2014-04-16,0.00042590794994759899
2014-04-17,0.00041366309638660599
2014-04-21,0.00039844856770150601
2014-04-22,0.00039489440647760902
2014-04-23,0.00039964103724346998
2014-04-24,0.00040916847957135399
2014-04-25,0.00041511778926432198
2014-04-28,0.00039765378386997201
2014-04-29,0.00038203394323955899
2014-04-30,0.000385995635230953
2014-05-01,0.00038258343381551198
2014-05-02,0.00037986326560108299
2014-05-05,0.00037324224888165701
2014-05-06,0.000375828817666407
2014-05-07,0.00036208851609252299
2014-05-08,0.00036372153530009999
2014-05-09,0.000349078106288918
2014-05-12,0.000325997061901095
2014-05-13,0.00032934179175620002
2014-05-14,0.00032569268470354097
2014-05-15,0.00033274067440052603
2014-05-16,0.00031779729071319801
2014-05-19,0.00030906104319149201
2014-05-20,0.00030444985242707498
2014-05-21,0.00029459481070401099
2014-05-22,0.00029433262132248398
2014-05-23,0.000288481288810593
2014-05-27,0.00027207824272882302
2014-05-28,0.00027001588964893901
2014-05-29,0.00026807447540236302
2014-05-30,0.00026867228148251001
2014-06-02,0.00026480340062916199
2014-06-03,0.00026551307374284803
2014-06-04,0.00026080021668391202
2014-06-05,0.000241287144471622
2014-06-06,0.00021934449155337299
2014-06-09,0.00022416129658788501
2014-06-10,0.00021610493958851599
2014-06-11,0.000225319654212571
2014-06-12,0.000248261701404494
2014-06-13,0.00023986300804598
2014-06-16,0.00023838785054649801
2014-06-17,0.000221247764092204
2014-06-18,0.00020030666322087701
2014-06-19,0.00020003024002563299
2014-06-20,0.00020511900933188501
2014-06-23,0.00019516253261891501
2014-06-24,0.00020949917226510001
2014-06-25,0.00019569736679627599
2014-06-26,0.00019857803203551699
2014-06-27,0.00019495596873118901
2014-06-30,0.00019097886696907299
2014-07-01,0.00017945520213615899
2014-07-02,0.00017659648076613001
2014-07-03,0.000172893252564464
2014-07-07,0.00018013056411681299
2014-07-08,0.00018617754715421399
2014-07-09,0.000177699021656811
2014-07-10,0.00019130898972550601
2014-07-11,0.00018560989492158301
2014-07-14,0.000175327106742928
2014-07-15,0.000182327918115173
2014-07-16,0.000174174213617062
2014-07-17,0.00020898118846629599
2014-07-18,0.000177878518186857
2014-07-21,0.000187537321724404
2014-07-22,0.000178173583250704
2014-07-23,0.00018249785611619901
2014-07-24,0.000179683739174887
2014-07-25,0.000190344375420133
2014-07-28,0.000187188465675667
2014-07-29,0.00018704058678778299
2014-07-30,0.00019306142327648199
2014-07-31,0.00022776035288196399
2014-08-01,0.00024806291073786301
2014-08-04,0.00021823582635074201
2014-08-05,0.00025447170295801898
2014-08-06,0.00025671105394404998
2014-08-07,0.000269194912497349
2014-08-08,0.00024649908942469699
2014-08-11,0.000226305884019026
2014-08-12,0.00022308555128943501
2014-08-13,0.000197437405457689
2014-08-14,0.000185466775564789
2014-08-15,0.00018374007988428099
2014-08-18,0.000171541575980764
2014-08-19,0.000167440016899064
2014-08-20,0.00016891851224828201
2014-08-21,0.00017055702181709099
2014-08-22,0.00016925055502997201
2014-08-25,0.000166253127700391
2014-08-26,0.00016909439365279101
2014-08-27,0.00017161051823034399
2014-08-28,0.000176738240515067
2014-08-29,0.00017353927836174401
2014-09-02,0.000175843879978388
2014-09-03,0.00017213709098844399
2014-09-04,0.00017412699576027001
2014-09-05,0.00016522388246704799
2014-09-08,0.00016667289591628301
2014-09-09,0.000175054875851913
2014-09-10,0.00017216822094911501
2014-09-11,0.00017229562543261801
2014-09-12,0.000179566500825874
2014-09-15,0.00018976587807278399
2014-09-16,0.00016954442610534799
2014-09-17,0.00016834066068
2014-09-18,0.00016257162623849601
2014-09-19,0.00016191321115223
2014-09-22,0.00017357096235519101
2014-09-23,0.00018511169564218799
2014-09-24,0.00017474729180318201
2014-09-25,0.00019979382113733199
2014-09-26,0.000187210806282103
2014-09-29,0.00020570723394277399
2014-09-30,0.00020911991695388499
2014-10-01,0.00022621547016486501
2014-10-02,0.00021415818560507801
2014-10-03,0.00018805230277981901
2014-10-06,0.00019429940027816401
2014-10-07,0.000220782408536078
2014-10-08,0.000185671382106586
2014-10-09,0.000217720119372003
2014-10-10,0.00026116181479029902
2014-10-13,0.00031742912778686902
2014-10-14,0.00031955907723431901
2014-10-15,0.000325665851200267
2014-10-16,0.0003316711294964
2014-10-17,0.00030474275049258701
2014-10-20,0.00026146623249513498
2014-10-21,0.00022116905674298499
2014-10-22,0.000253612345676613
2014-10-23,0.00022712760841760401
2014-10-24,0.00022306429550301299
2014-10-27,0.00021506297922331999
2014-10-28,0.00018737362064831799
2014-10-29,0.00019093371944063601
2014-10-30,0.00019439534777409499
2014-10-31,0.00018191127854004201
2014-11-03,0.00018964250787799401
2014-11-04,0.00018591792902327
2014-11-05,0.000182748028333423
2014-11-06,0.00017055690736330099
2014-11-07,0.00016676031060539401
2014-11-10,0.00015287084433507001
2014-11-11,0.000154350634108234
2014-11-12,0.000156367996896029
2014-11-13,0.00016213797598149199
2014-11-14,0.000162019615259025
2014-11-17,0.000160932463640637
2014-11-18,0.00015518234671475699
2014-11-19,0.00016258764829998599
2014-11-20,0.00016002689283926101
2014-11-21,0.000153009713588259
2014-11-24,0.00014659401629750401
2014-11-25,0.00014524241946724099
2014-11-26,0.00014030853447793799
2014-11-28,0.00014987477035864399
2014-12-01,0.000161618957363948
2014-12-02,0.00014337056088798401
2014-12-03,0.00013759702840102501
2014-12-04,0.00013764656333125
2014-12-05,0.00013393423551820601
2014-12-08,0.000145088278652162
2014-12-09,0.00014600378569045699
2014-12-10,0.00017724567575250099
2014-12-11,0.000197361287493652
2014-12-12,0.00022303009654507701
2014-12-15,0.000210145647867668
2014-12-16,0.000227180054083821
2014-12-17,0.000185338031722663
2014-12-18,0.00017536313885534901
2014-12-19,0.00016856430996192701
2014-12-22,0.00015495779886180001
2014-12-23,0.000154468132217397
2014-12-24,0.000156014358220893
2014-12-26,0.0001541546670709
2014-12-29,0.00015196412925182299
2014-12-30,0.00016047108120734001
2014-12-31,0.00019015502180907301
2015-01-02,0.000178333084103203
2015-01-05,0.00020517221326073499
2015-01-06,0.00021004505332567801
2015-01-07,0.000202141057969033
2015-01-08,0.00017620029599986701
2015-01-09,0.000189274357963057
2015-01-12,0.00020796330806832901
2015-01-13,0.000220108365259519
2015-01-14,0.00022867058066811501
2015-01-15,0.00023918485396723501
2015-01-16,0.00022764418476331499
2015-01-20,0.00022727995406769401
2015-01-21,0.00020626110391551401
2015-01-22,0.00017937290640908699
2015-01-23,0.000187188183941331
2015-01-26,0.000171602895746376
2015-01-27,0.000185063426888722
2015-01-28,0.000217175632722453
2015-01-29,0.00020224263621645701
2015-01-30,0.00024172848851135799
2015-02-02,0.000217971412660462
2015-02-03,0.00019539393373709099
2015-02-04,0.000206410243721188
2015-02-05,0.00019048569341809901
2015-02-06,0.000212740136980135
2015-02-09,0.00021064039182814101
2015-02-10,0.00019189550335935499
2015-02-11,0.000197581367123893
2015-02-12,0.000170623365393509
2015-02-13,0.00016739346508661001
2015-02-17,0.000169099204495842
2015-02-18,0.00016554473921733901
2015-02-19,0.00015936495410235599
2015-02-20,0.00014623328188432199
2015-02-23,0.000148543767738094
2015-02-24,0.000135194139331472
2015-02-25,0.00013672859281288401
2015-02-26,0.00013489096052547901
2015-02-27,0.00013373764281298601
2015-03-02,0.000123754127776997
2015-03-03,0.00012956067145229299
2015-03-04,0.00012875998650271799
2015-03-05,0.00012537359885769699
2015-03-06,0.00013721012032585201
2015-03-09,0.000130953338838993
2015-03-10,0.00014110353213240301
2015-03-11,0.00014856508691156499
2015-03-12,0.00013034655030360001
2015-03-13,0.000136566687684087
2015-03-16,0.000130291448385004
2015-03-17,0.00012811948994042601
2015-03-18,0.000117876336719689
2015-03-19,0.000118023682140588
2015-03-20,0.00011301947801782701
2015-03-23,0.00010873151902183101
2015-03-24,0.00010892832307126
2015-03-25,0.000118514015501531
2015-03-26,0.000117512572070543
2015-03-27,0.000113990720285589
2015-03-30,0.000106703293537731
2015-03-31,0.000112390579083293
2015-04-01,0.00011281316766064601
2015-04-02,0.00010725035036329901
2015-04-06,0.000102924943733147
2015-04-07,0.000101869963059883
2015-04-08,9.9299783891881798e-05
2015-04-09,9.2116437525143106e-05
2015-04-10,8.3653700409708198e-05
2015-04-13,8.8914681628474702e-05
2015-04-14,8.6190335783378302e-05
2015-04-15,8.3006464779540305e-05
2015-04-16,7.9879611251294994e-05
2015-04-17,8.5747567493815101e-05
2015-04-20,7.9160439358940202e-05
2015-04-21,7.9165188985301805e-05
2015-04-22,7.7528844528975595e-05
2015-04-23,7.5554960147267901e-05
2015-04-24,7.4403502554623498e-05
2015-04-27,7.9549248791301302e-05
2015-04-28,7.3600555966687794e-05
2015-04-29,7.7708202995188606e-05
2015-04-30,8.23776889131695e-05
2015-05-01,7.3376278845627493e-05
2015-05-04,7.3866432388316301e-05
2015-05-05,7.8399615343987197e-05
2015-05-06,8.1925246046006295e-05
2015-05-07,7.9846802553819104e-05
2015-05-08,7.1260875875207004e-05
2015-05-11,7.5275713622016094e-05
2015-05-12,7.46584527703156e-05
2015-05-13,7.2428404786066298e-05
2015-05-14,6.9363234695519996e-05
2015-05-15,6.7959322825282597e-05
2015-05-18,6.2973147309591603e-05
2015-05-19,6.1693532956260701e-05
2015-05-20,6.2269133618742694e-05
2015-05-21,5.8131349689777199e-05
2015-05-22,5.89690224388069e-05
2015-05-26,6.3204177630361998e-05
2015-05-27,5.8230008850852502e-05
2015-05-28,6.0037468325583e-05
2015-05-29,6.0155742138184398e-05
2015-06-01,5.9339428717369198e-05
2015-06-02,6.1685709728854005e-05
2015-06-03,5.950943788962e-05
2015-06-04,6.3445987206018403e-05
2015-06-05,6.1351000708475693e-05
2015-06-08,6.3873753857608204e-05
2015-06-09,6.2140220177912697e-05
2015-06-10,5.6832202570315401e-05
2015-06-11,5.4459458113004699e-05
2015-06-12,5.5757771594418799e-05
2015-06-15,6.0565206661289502e-05
2015-06-16,5.8128668397305897e-05
2015-06-17,5.8045544401497702e-05
2015-06-18,5.48048616575621e-05
2015-06-19,5.5790801118781603e-05
2015-06-22,5.0686500724424301e-05
2015-06-23,4.8228712304297e-05
2015-06-24,5.0108667509918503e-05
2015-06-25,5.0800167121555298e-05
2015-06-26,5.05619143377552e-05
2015-06-29,6.7674594245368505e-05
2015-06-30,6.7070260118757405e-05
2015-07-01,5.8299482203027499e-05
2015-07-02,6.4877995774817104e-05
2015-07-06,6.8408656304882605e-05
2015-07-07,6.1828427654916001e-05
2015-07-08,7.2731252587583803e-05
2015-07-09,7.3639665932402799e-05
2015-07-10,6.3120239653958996e-05
2015-07-13,4.9967875317263602e-05
2015-07-14,4.9650579308998999e-05
2015-07-15,4.9686824231894499e-05
2015-07-16,4.2721725211067603e-05
2015-07-17,4.1972386150865397e-05
2015-07-20,4.14212887207046e-05
2015-07-21,4.1171104136831499e-05
2015-07-22,4.0992421544877702e-05
2015-07-23,4.2425926526301998e-05
2015-07-24,4.4832325078873902e-05
2015-07-27,5.0450712057758398e-05
2015-07-28,4.1323673739389302e-05
2015-07-29,4.04021558150009e-05
2015-07-30,3.9708450799657301e-05
2015-07-31,3.9899845532511701e-05
2015-08-03,3.8878409486879398e-05
2015-08-04,3.9152113489666999e-05
2015-08-05,3.8153734595680501e-05
2015-08-06,4.1054181499644202e-05
2015-08-07,4.0416199519139702e-05
2015-08-10,3.73538640815745e-05
2015-08-11,4.0870356846213901e-05
2015-08-12,4.0461653277751703e-05
2015-08-13,3.9497047463610101e-05
2015-08-14,3.93576228860636e-05
2015-08-17,3.8463811270321098e-05
2015-08-18,3.9450408029404802e-05
2015-08-19,4.0534899746133198e-05
2015-08-20,4.7849017056325403e-05
2015-08-21,6.2343919793198105e-05
2015-08-24,8.4682369694298896e-05
2015-08-25,0.000100143676753084
2015-08-26,8.3457737332485104e-05
2015-08-27,8.7876824524240195e-05
2015-08-28,0.00010051087558609
2015-08-31,0.000101773292183452
2015-09-01,0.00013323752319488699
2015-09-02,0.00010680852809395
2015-09-03,0.000104182106388119
2015-09-04,0.000115354595477181
2015-09-08,9.8187524578267096e-05
2015-09-09,0.000102884815754091
2015-09-10,9.9413482070548402e-05
2015-09-11,9.3100725959068494e-05
2015-09-14,9.3528989298480203e-05
2015-09-15,7.4808226800496399e-05
2015-09-16,6.5752690946296302e-05
2015-09-17,6.3909643019071706e-05
2015-09-18,8.1197201455730504e-05
2015-09-21,7.0928191387624305e-05
2015-09-22,7.9524688183804396e-05
2015-09-23,7.37305194027324e-05
2015-09-24,7.8293701248567505e-05
2015-09-25,8.1504525936771196e-05
2015-09-28,9.2510082074013405e-05
2015-09-29,9.4574907105905397e-05
2015-09-30,8.4595362908090297e-05
2015-10-01,8.3564991387869694e-05
2015-10-02,7.4916850429139096e-05
2015-10-05,6.5502049835709206e-05
2015-10-06,6.6829776385879001e-05
2015-10-07,6.4061687047975893e-05
2015-10-08,5.7837453534394599e-05
2015-10-09,5.7649481810407797e-05
2015-10-12,5.0570701938907802e-05
2015-10-13,5.6142076171517301e-05
2015-10-14,5.8643205664958399e-05
2015-10-15,4.9819162508552098e-05
2015-10-16,4.8938359715400897e-05
2015-10-19,4.2080627368481801e-05
2015-10-20,4.4321420775853401e-05
2015-10-21,5.0684203942434898e-05
2015-10-22,4.1948274550916898e-05
2015-10-23,4.2931542106390302e-05
2015-10-26,4.5429728541561201e-05
2015-10-27,4.3875577528154398e-05
2015-10-28,4.1226808912779697e-05
2015-10-29,4.19441553878621e-05
2015-10-30,4.3154244270801903e-05
2015-11-02,3.8854355371659201e-05
2015-11-03,4.0853023411977303e-05
2015-11-04,4.3857354753694198e-05
2015-11-05,4.1298278103816102e-05
2015-11-06,3.9650476807473802e-05
2015-11-09,4.3329248045671301e-05
2015-11-10,4.1270242178540998e-05
2015-11-11,4.2954480761847198e-05
2015-11-12,5.0837487071261397e-05
2015-11-13,5.8075728480467601e-05
2015-11-16,4.6522723813848199e-05
2015-11-17,5.0880972580729502e-05
2015-11-18,4.43320825998638e-05
2015-11-19,4.7793974930087203e-05
2015-11-20,4.4364279289104102e-05
2015-11-23,4.1877661434949799e-05
2015-11-24,4.2620989925420203e-05
2015-11-25,4.1171876267955897e-05
2015-11-27,4.20665411392586e-05
2015-11-30,4.1348044616599997e-05
2015-12-01,3.7756139980756e-05
2015-12-02,4.0808723898200098e-05
2015-12-03,4.7124690095924502e-05
2015-12-04,3.8135655460126903e-05
2015-12-07,4.0159133338841297e-05
2015-12-08,4.26000054631761e-05
2015-12-09,4.5845273879360799e-05
2015-12-10,4.7074844124805303e-05
2015-12-11,6.1344170875916201e-05
2015-12-14,5.2676852972858003e-05
2015-12-15,4.7761049053430899e-05
2015-12-16,4.1063994755158802e-05
2015-12-17,4.4133939003054497e-05
2015-12-18,5.1597429427861103e-05
2015-12-21,4.8448954284172998e-05
2015-12-22,4.29189906421775e-05
2015-12-23,4.0763598932127298e-05
2015-12-24,4.2654214650599401e-05
2015-12-28,4.1048283469004303e-05
2015-12-29,3.9579165403648699e-05
2015-12-30,4.1960247994332201e-05
2015-12-31,4.35249456420408e-05
2016-01-04,5.0031925015525897e-05
2016-01-05,4.6274527446859901e-05
2016-01-06,4.9677556195301999e-05
2016-01-07,5.8540528996105802e-05
2016-01-08,6.6499113913126397e-05
2016-01-11,6.2264450339138497e-05
2016-01-12,5.6087816865496001e-05
2016-01-13,6.7111316392240507e-05
2016-01-14,6.1763215588942895e-05
2016-01-15,7.3669928290179306e-05
2016-01-19,7.3907145459273704e-05
2016-01-20,7.8280970327553498e-05
2016-01-21,7.7322028441041002e-05
2016-01-22,6.4902564232841001e-05
2016-01-25,7.0791822911328998e-05
2016-01-26,6.4286054385777797e-05
2016-01-27,6.9878298256796604e-05
2016-01-28,6.4884096280383403e-05
2016-01-29,5.9147693328234697e-05
2016-02-01,5.7176300709604599e-05
2016-02-02,6.5765324602201405e-05
2016-02-03,6.4318487460952994e-05
2016-02-04,6.5354658293948999e-05
2016-02-05,7.0962087975569798e-05
2016-02-08,7.6105420112039101e-05
2016-02-09,7.8476865002730196e-05
2016-02-10,7.9238875361906796e-05
2016-02-11,8.6924253883258095e-05
2016-02-12,8.2043457027713106e-05
2016-02-16,7.4335474239959503e-05
2016-02-17,6.8227328321661995e-05
2016-02-18,6.8036291802361405e-05
2016-02-19,6.4503847531982803e-05
2016-02-22,5.7131702797552501e-05
2016-02-23,6.2029603678386602e-05
2016-02-24,6.1837932203020395e-05
2016-02-25,5.7609454398977901e-05
2016-02-26,5.8786415552348997e-05
2016-02-29,6.0027984648814598e-05
2016-03-01,5.10586031825887e-05
2016-03-02,4.8928438257811101e-05
2016-03-03,4.5422715656638998e-05
2016-03-04,4.6249863308746401e-05
2016-03-07,4.68164241342785e-05
2016-03-08,5.0088424017023199e-05
2016-03-09,4.9157280214546801e-05
2016-03-10,4.7572941073231899e-05
2016-03-11,4.2535442342987399e-05
2016-03-14,4.0738745258419601e-05
2016-03-15,4.2322667674067e-05
2016-03-16,3.8941932980262497e-05
2016-03-17,3.66373493864906e-05
2016-03-18,3.6166559446874201e-05
2016-03-21,3.4325319905433802e-05
2016-03-22,3.3438010385878302e-05
2016-03-23,3.6351464230799897e-05
2016-03-24,3.6114452684015097e-05
2016-03-28,3.4966374233190203e-05
2016-03-29,3.1128464997355302e-05
2016-03-30,2.9375932418004199e-05
2016-03-31,2.9864160414791399e-05
2016-04-01,2.8091125210965198e-05
2016-04-04,2.9665070956535601e-05
2016-04-05,3.28647455099076e-05
2016-04-06,2.8951211614587799e-05
2016-04-07,3.4288946499969297e-05
2016-04-08,3.2919788866225497e-05
2016-04-11,3.3182488781377997e-05
2016-04-12,3.1100951260122197e-05
2016-04-13,2.8090690187655001e-05
2016-04-14,2.7883661800971901e-05
2016-04-15,2.71542252082585e-05
2016-04-18,2.3720030346170099e-05
2016-04-19,2.42518334265312e-05
2016-04-20,2.4486591174100001e-05
2016-04-21,2.5549554096967699e-05
2016-04-22,2.4156336912060002e-05
2016-04-25,2.5028139111216299e-05
2016-04-26,2.3745196700375301e-05
2016-04-27,2.2150944193912102e-05
2016-04-28,2.4852251838359701e-05
2016-04-29,2.6613282403625899e-05
2016-05-02,2.3219822764339598e-05
2016-05-03,2.55362322833101e-05
2016-05-04,2.6004822145708799e-05
2016-05-05,2.6245366750556601e-05
2016-05-06,2.3828168472830399e-05
2016-05-09,2.2540255966873901e-05
2016-05-10,2.0396452221864501e-05
2016-05-11,2.19272059611154e-05
2016-05-12,2.1173567892231899e-05
2016-05-13,2.27946162500612e-05
2016-05-16,2.0599038812855301e-05
2016-05-17,2.2724447637565702e-05
2016-05-18,2.2796484136576799e-05
2016-05-19,2.27048422703477e-05
2016-05-20,2.1154328591705699e-05
2016-05-23,2.0826224955248301e-05
2016-05-24,1.8902090031632899e-05
2016-05-25,1.8414227087916498e-05
2016-05-26,1.8024029615923499e-05
2016-05-27,1.70078348261778e-05
2016-05-31,1.69217751819573e-05
2016-06-01,1.6667102465468901e-05
2016-06-02,1.5859248008967599e-05
2016-06-03,1.5629923282757901e-05
2016-06-06,1.5294817727575601e-05
2016-06-07,1.5254745305129301e-05
2016-06-08,1.5419801649330799e-05
2016-06-09,1.6049854744722498e-05
2016-06-10,1.88064172971286e-05
2016-06-13,2.4507394636580099e-05
2016-06-14,2.3810649407062099e-05
2016-06-15,2.3029898213004601e-05
2016-06-16,2.1829579918142801e-05
2016-06-17,2.2054206295500501e-05
2016-06-20,1.8650360095852899e-05
2016-06-21,1.8862041682940899e-05
2016-06-22,2.03417688529676e-05
2016-06-23,1.6327727605211499e-05
2016-06-24,2.36149557126934e-05
2016-06-27,2.4345838592001299e-05
2016-06-28,1.91134309618084e-05
2016-06-29,1.71822098974272e-05
2016-06-30,1.6260899802727201e-05
2016-07-01,1.5061658442276101e-05
2016-07-05,1.5541522880247e-05
2016-07-06,1.4799104332257599e-05
2016-07-07,1.43008184893905e-05
2016-07-08,1.23949484093094e-05
2016-07-11,1.23730093506249e-05
2016-07-12,1.18565599403298e-05
2016-07-13,1.14613807975186e-05
2016-07-14,1.1338858636793199e-05
2016-07-15,1.12600535692675e-05
2016-07-18,1.0775420863646201e-05
2016-07-19,1.09798305974296e-05
2016-07-20,1.0245938720297399e-05
2016-07-21,1.08340556028424e-05
2016-07-22,1.02822771509897e-05
2016-07-25,1.0283202555933301e-05
2016-07-26,1.00943001249808e-05
2016-07-27,9.5808030776229901e-06
2016-07-28,9.1811877812553304e-06
2016-07-29,8.5040751823877492e-06
2016-08-01,8.3540632961704307e-06
2016-08-02,8.9548039877980503e-06
2016-08-03,8.5093024894050901e-06
2016-08-04,8.0457156897822997e-06
2016-08-05,7.4594243874678702e-06
2016-08-08,7.1813370463030702e-06
2016-08-09,6.9679077092869398e-06
2016-08-10,7.2955387297776102e-06
2016-08-11,7.1462720073663598e-06
2016-08-12,7.0229988152392902e-06
2016-08-15,6.8026873424052402e-06
2016-08-16,7.24193686410434e-06
2016-08-17,6.88910970008518e-06
2016-08-18,6.70937282800996e-06
2016-08-19,6.7205103869044504e-06
2016-08-22,6.7829439283987899e-06
2016-08-23,6.7145040241612497e-06
2016-08-24,7.1357720066371304e-06
2016-08-25,7.0526402627598103e-06
2016-08-26,7.1482740647228297e-06
2016-08-29,6.7779219854295401e-06
2016-08-30,6.7135995057878099e-06
2016-08-31,6.7328004003743698e-06
2016-09-01,6.7074177428649601e-06
2016-09-02,6.2189835828295299e-06
2016-09-06,5.8937929312833699e-06
2016-09-07,5.7356624669370404e-06
2016-09-08,5.7599816757968501e-06
2016-09-09,7.5318096390887203e-06
2016-09-12,6.59816651622728e-06
2016-09-13,8.3808591455815694e-06
2016-09-14,8.3180027019897099e-06
2016-09-15,7.6502334450739808e-06
2016-09-16,7.42156796740072e-06
2016-09-19,7.0182057483724896e-06
2016-09-20,6.8814911003941901e-06
2016-09-21,5.9056268474472896e-06
2016-09-22,5.5180405574493298e-06
2016-09-23,5.59849358877694e-06
2016-09-26,6.1872311745727201e-06
2016-09-27,5.5587941041713698e-06
2016-09-28,5.4435603023919002e-06
2016-09-29,6.1052250571476304e-06
2016-09-30,5.5412854186188999e-06
2016-10-03,5.5694351485454897e-06
2016-10-04,5.5624176602583201e-06
2016-10-05,5.4548405027089196e-06
2016-10-06,5.3549078246993e-06
2016-10-07,5.3715615880341104e-06
2016-10-10,5.1139952098878798e-06
2016-10-11,5.6826714772274101e-06
2016-10-12,5.6530079321162802e-06
2016-10-13,6.06188999584625e-06
2016-10-14,5.8800939148708197e-06
2016-10-17,5.8762130528870096e-06
2016-10-18,5.4106994548373002e-06
2016-10-19,5.1219304249326301e-06
2016-10-20,5.0087357625416199e-06
2016-10-21,4.8144469023126298e-06
2016-10-24,4.4574075200371297e-06
2016-10-25,4.5799416527629504e-06
2016-10-26,4.7733525887591298e-06
2016-10-27,4.9464343536275296e-06
2016-10-28,5.3797914673488397e-06
2016-10-31,5.5776601975179296e-06
2016-11-01,5.96748286872246e-06
2016-11-02,6.1509829669356702e-06
2016-11-03,6.9359099033463399e-06
2016-11-04,6.9117729368826902e-06
2016-11-07,5.1941973620673397e-06
2016-11-08,4.8406802896050399e-06
2016-11-09,4.62236560854385e-06
2016-11-10,4.8216357899281802e-06
2016-11-11,4.6147393981823603e-06
2016-11-14,4.60874023696472e-06
2016-11-15,4.2167207924085001e-06
2016-11-16,4.2270095911419798e-06
2016-11-17,4.0174767257090702e-06
2016-11-18,3.9716774910359898e-06
2016-11-21,3.6023909179194602e-06
2016-11-22,3.6207631116008498e-06
2016-11-23,3.6372737913897501e-06
2016-11-25,3.5859518581932401e-06
2016-11-28,3.6942117447920999e-06
2016-11-29,3.61382569722542e-06
2016-11-30,3.5856378567870602e-06
2016-12-01,3.94341280213727e-06
2016-12-02,3.8937652349583701e-06
2016-12-05,3.3833315503076701e-06
2016-12-06,3.1588813352602599e-06
2016-12-07,3.1715168606013e-06
2016-12-08,3.1710728482408201e-06
2016-12-09,3.1404402845268101e-06
2016-12-12,3.15384996454174e-06
2016-12-13,3.2022930999971e-06
2016-12-14,3.1743370812341301e-06
2016-12-15,3.0987243719591302e-06
2016-12-16,3.0165152143710599e-06
2016-12-19,2.8187524769168899e-06
2016-12-20,2.7040010635815999e-06
2016-12-21,2.62799159368432e-06
2016-12-22,2.72567404122157e-06
2016-12-23,2.6820905133024398e-06
2016-12-27,2.5979265129950102e-06
2016-12-28,2.78131414554732e-06
2016-12-29,2.8647813830551999e-06
2016-12-30,3.01953687336784e-06
2017-01-03,2.55869515575444e-06
2017-01-04,2.28888075158014e-06
2017-01-05,2.28702675817136e-06
2017-01-06,2.2086046106336602e-06
2017-01-09,2.2015812479718501e-06
2017-01-10,2.1701866993757702e-06
2017-01-11,2.0883272570753102e-06
2017-01-12,2.0827305400263502e-06
2017-01-13,2.0994132116519599e-06
2017-01-17,2.0830797768653101e-06
2017-01-18,2.0506670555372901e-06
2017-01-19,2.1089059999145399e-06
2017-01-20,1.9543231901208099e-06
2017-01-23,1.9192235456262402e-06
2017-01-24,1.7222152486677e-06
2017-01-25,1.6495722094789001e-06
2017-01-26,1.6661998973504499e-06
2017-01-27,1.6321427714486101e-06
2017-01-30,1.7076293746280999e-06
2017-01-31,1.70814166344049e-06
2017-02-01,1.63153150983519e-06
2017-02-02,1.6654999958699499e-06
2017-02-03,1.5864720210659199e-06
2017-02-06,1.5970696541666501e-06
2017-02-07,1.61460547896939e-06
2017-02-08,1.5919041259350901e-06
2017-02-09,1.53271713053282e-06
2017-02-10,1.4840380344670999e-06
2017-02-13,1.39508479468114e-06
2017-02-14,1.27820459058275e-06
2017-02-15,1.3577089161169999e-06
2017-02-16,1.3809257385826e-06
2017-02-17,1.38528946391652e-06
2017-02-21,1.4083683863853699e-06
2017-02-22,1.41310050416363e-06
2017-02-23,1.50401939060151e-06
2017-02-24,1.4515441540634299e-06
2017-02-27,1.4432122906191001e-06
2017-02-28,1.49651012051167e-06
2017-03-01,1.4245429488162601e-06
2017-03-02,1.46135313861367e-06
2017-03-03,1.36912714203576e-06
2017-03-06,1.30705091741586e-06
2017-03-07,1.3036656555397501e-06
2017-03-08,1.32706645405669e-06
2017-03-09,1.3134374815735299e-06
2017-03-10,1.2803257226630599e-06
2017-03-13,1.2229671302877599e-06
2017-03-14,1.2581396649548299e-06
2017-03-15,1.17438530745879e-06
2017-03-16,1.1278913931365e-06
2017-03-17,1.09942341437373e-06
2017-03-20,1.0965759077305e-06
2017-03-21,1.1856069056791401e-06
2017-03-22,1.20105536366014e-06
2017-03-23,1.27638555606891e-06
2017-03-24,1.23607730020825e-06
2017-03-27,1.169279682905e-06
2017-03-28,1.0601040389121601e-06
2017-03-29,1.0435452138243501e-06
2017-03-30,1.0554520647140899e-06
2017-03-31,1.0836959619658299e-06
2017-04-03,1.1053807181647699e-06
2017-04-04,1.0726172336783699e-06
2017-04-05,1.1352259016081701e-06
2017-04-06,1.1087864903597201e-06
2017-04-07,1.1799484073110001e-06
2017-04-10,1.25813178877943e-06
2017-04-11,1.39471457576933e-06
2017-04-12,1.40375232622031e-06
2017-04-13,1.4415132637956401e-06
2017-04-17,1.3097012909541701e-06
2017-04-18,1.2867553243366499e-06
2017-04-19,1.3512217660859099e-06
2017-04-20,1.26751357767689e-06
2017-04-21,1.2814055264882301e-06
2017-04-24,9.9684380122098994e-07
2017-04-25,9.5640184820545398e-07
2017-04-26,9.6922719698988902e-07
2017-04-27,9.5087972615087098e-07
2017-04-28,9.5324741666898597e-07
2017-05-01,8.73289023358792e-07
2017-05-02,8.8306112753017696e-07
2017-05-03,9.0738063098235803e-07
2017-05-04,8.7079504394114901e-07
2017-05-05,8.8511091446354195e-07
2017-05-08,8.3742998950139095e-07
2017-05-09,8.36215716016614e-07
2017-05-10,8.3951876809487899e-07
2017-05-11,8.3913258946155502e-07
2017-05-12,8.3887245835882197e-07
2017-05-15,7.9351462453536104e-07
2017-05-16,7.8370678377610405e-07
2017-05-17,1.04285510596735e-06
2017-05-18,1.0023818993047599e-06
2017-05-19,8.8156480898155299e-07
2017-05-22,7.9260610410722405e-07
2017-05-23,8.0161803551092399e-07
2017-05-24,7.4775731970494501e-07
2017-05-25,7.6791685704418996e-07
2017-05-26,7.4109352122763596e-07
2017-05-30,7.30162391789529e-07
2017-05-31,7.4536437278658701e-07
2017-06-01,7.0313202742449905e-07
2017-06-02,7.0834926706798895e-07
2017-06-05,7.0862552328214501e-07
2017-06-06,7.5146193616455099e-07
2017-06-07,7.3246497841831102e-07
2017-06-08,6.9872031686257895e-07
2017-06-09,7.3040728323229696e-07
2017-06-12,7.3947163761721004e-07
2017-06-13,6.8707267737565397e-07
2017-06-14,6.7875909797940898e-07
2017-06-15,6.9320309158441099e-07
2017-06-16,6.8056599922482701e-07
2017-06-19,6.3364097357827504e-07
2017-06-20,6.7147567611063395e-07
2017-06-21,6.6153112134743604e-07
2017-06-22,6.4546253040990595e-07
2017-06-23,6.3412820837590797e-07
2017-06-26,6.0539585925439604e-07
2017-06-27,6.4399589924045597e-07
2017-06-28,6.1086231022453501e-07
2017-06-29,6.6929129019751204e-07
2017-06-30,6.4604011077604995e-07
2017-07-03,6.8520306229129401e-07
2017-07-05,6.6135114369293398e-07
2017-07-06,7.3590525812143904e-07
2017-07-07,6.8451699394681797e-07
2017-07-10,6.4778581205163201e-07
2017-07-11,6.45421393837644e-07
2017-07-12,6.0801922406475197e-07
2017-07-13,5.9374293268371199e-07
2017-07-14,5.6917978755858703e-07
2017-07-17,5.4746557866322703e-07
2017-07-18,5.3206537193542996e-07
2017-07-19,5.1747613943696097e-07
2017-07-20,5.1219788281470402e-07
2017-07-21,5.0393100898607403e-07
2017-07-24,4.8251898041425604e-07
2017-07-25,4.8887375538631201e-07
2017-07-26,4.9050170499174804e-07
2017-07-27,5.01891154581657e-07
2017-07-28,5.0626262653806305e-07
2017-07-31,4.9825861441249601e-07
2017-08-01,4.8582207939675999e-07
2017-08-02,4.9149648128411403e-07
2017-08-03,5.0403455652167198e-07
2017-08-04,5.0065752499297704e-07
2017-08-07,4.8844148138314802e-07
2017-08-08,5.1618495752571099e-07
2017-08-09,5.4630951164691204e-07
2017-08-10,6.8653623709644101e-07
2017-08-11,7.35664770223062e-07
2017-08-14,5.47739204669581e-07
2017-08-15,5.3191501904667702e-07
2017-08-16,5.2860650762820696e-07
2017-08-17,6.9847420885453099e-07
2017-08-18,6.6194400773143904e-07
2017-08-21,6.0942537015802602e-07
2017-08-22,5.1846863366194103e-07
2017-08-23,5.2931499747814897e-07
2017-08-24,5.5980883448286499e-07
2017-08-25,5.2470322247244403e-07
2017-08-28,5.1823887877158398e-07
2017-08-29,5.3073361813876701e-07
2017-08-30,5.2682211137308396e-07
2017-08-31,4.9453845238814197e-07
2017-09-01,4.8885620557020198e-07
2017-09-05,5.4961125479846604e-07
2017-09-06,5.2108643067442604e-07
2017-09-07,5.1674056984260101e-07
2017-09-08,5.3728617489954301e-07
2017-09-11,4.7767427379443903e-07
2017-09-12,4.5553884794680402e-07
2017-09-13,4.2316370202322498e-07
2017-09-14,4.30463275883126e-07
2017-09-15,4.1966295229121798e-07
2017-09-18,3.7960192686549899e-07
2017-09-19,3.8447221958718299e-07
2017-09-20,3.82546013767051e-07
2017-09-21,3.85059341077501e-07
2017-09-22,3.8562922890229502e-07
2017-09-25,3.8995598885057898e-07
2017-09-26,3.7965725118503502e-07
2017-09-27,3.7323345049498401e-07
2017-09-28,3.6342487541597598e-07
2017-09-29,3.49582021911382e-07
2017-10-02,3.3497298921570502e-07
2017-10-03,3.3532136112448899e-07
2017-10-04,3.3582434316617598e-07
2017-10-05,3.1299500431773899e-07
2017-10-06,3.1634718081398202e-07
2017-10-09,3.29519877423077e-07
2017-10-10,3.1176534642752098e-07
2017-10-11,2.9849037797663699e-07
2017-10-12,2.9623080581535398e-07
2017-10-13,2.85498363720664e-07
2017-10-16,2.7460945612835798e-07
2017-10-17,2.7684752319580401e-07
2017-10-18,2.7490959053343299e-07
2017-10-19,2.7110209270454502e-07
2017-10-20,2.6234278408926101e-07
2017-10-23,2.77322557060758e-07
2017-10-24,2.8515691929772497e-07
2017-10-25,3.0975740672553899e-07
2017-10-26,2.9848223712073001e-07
2017-10-27,2.6786989888162803e-07
2017-10-30,2.71129875551017e-07
2017-10-31,2.6230188680307599e-07
2017-11-01,2.6427964302957099e-07
2017-11-02,2.5977631791234702e-07
2017-11-03,2.56030343408051e-07
2017-11-06,2.5287860988069802e-07
2017-11-07,2.5954449003715302e-07
2017-11-08,2.5626384768308397e-07
2017-11-09,2.6478205798006902e-07
2017-11-10,2.7494704118592402e-07
2017-11-13,2.7719885745323701e-07
2017-11-14,2.8461947086725999e-07
2017-11-15,3.00965167079167e-07
2017-11-16,2.79413051464628e-07
2017-11-17,2.6857461919831498e-07
2017-11-20,2.5334643828977e-07
2017-11-21,2.3035018208620799e-07
2017-11-22,2.2706078148601699e-07
2017-11-24,2.24211168678367e-07
2017-11-27,2.2337037679582301e-07
2017-11-28,2.18567913694713e-07
2017-11-29,2.2850182537213799e-07
2017-11-30,2.2881715789115099e-07
2017-12-01,2.4274297012040699e-07
2017-12-04,2.3551408447022101e-07
2017-12-05,2.3953902017381702e-07
2017-12-06,2.3521294546947801e-07
2017-12-07,2.2170937027007501e-07
2017-12-08,2.0771729191233101e-07
2017-12-11,1.92904971826063e-07
2017-12-12,1.93381447106473e-07
2017-12-13,1.92112864813455e-07
2017-12-14,1.90276265825838e-07
2017-12-15,1.7680851173068501e-07
2017-12-18,1.71962190424147e-07
2017-12-19,1.73654298377921e-07
2017-12-20,1.72101828950422e-07
2017-12-21,1.70191498649072e-07
2017-12-22,1.72223585142942e-07
2017-12-26,1.7119885481134199e-07
2017-12-27,1.7503713313621199e-07
2017-12-28,1.69348426309285e-07
2017-12-29,1.7350423669091501e-07
2018-01-02,1.6143875207142901e-07
2018-01-03,1.5436450595565899e-07
2018-01-04,1.5289186856884201e-07
2018-01-05,1.53248106622607e-07
2018-01-08,1.4952417763167801e-07
2018-01-09,1.5269708068102199e-07
2018-01-10,1.5085555388800899e-07
2018-01-11,1.4918256579539099e-07
2018-01-12,1.4934517479210801e-07
2018-01-16,1.6456792845866699e-07
2018-01-17,1.5885248430329799e-07
2018-01-18,1.6119238139708501e-07
2018-01-19,1.5991734966023501e-07
2018-01-22,1.5283301107028599e-07
2018-01-23,1.5637415193678499e-07
2018-01-24,1.63246795914406e-07
2018-01-25,1.7037088608811101e-07
2018-01-26,1.6802658269553901e-07
2018-01-29,1.9177041909624501e-07
2018-01-30,2.0358347691257401e-07
2018-01-31,1.9696904974768399e-07
2018-02-01,1.8434530334935499e-07
2018-02-02,2.3469369260013099e-07
2018-02-05,3.7591123437455602e-07
2018-02-06,3.8144464774454998e-07
2018-02-07,3.8404228579569001e-07
2018-02-08,5.78744043848389e-07
2018-02-09,4.7088930383680298e-07
2018-02-12,4.4129861998369799e-07
2018-02-13,4.3425549400875899e-07
2018-02-14,3.40977413895677e-07
2018-02-15,3.2880792999374e-07
2018-02-16,3.29574052470626e-07
2018-02-20,3.6139772297718998e-07
2018-02-21,3.5794998869998698e-07
2018-02-22,3.6379531201545798e-07
2018-02-23,3.0412924289180299e-07
2018-02-26,2.8523369303093499e-07
2018-02-27,3.2855213399154298e-07
2018-02-28,3.5593695435973797e-07
2018-03-01,4.0258249222858199e-07
2018-03-02,3.7320604777066202e-07
2018-03-05,3.4221128550330898e-07
2018-03-06,3.4794332453548901e-07
2018-03-07,3.3899074279519102e-07
2018-03-08,3.2224799000853701e-07
2018-03-09,2.6356663102798198e-07
2018-03-12,2.8040853875066998e-07
2018-03-13,2.9898840852829e-07
2018-03-14,3.10601118315528e-07
2018-03-15,2.8762284758254599e-07
2018-03-16,2.7246799974342102e-07
2018-03-19,3.2852829069062999e-07
2018-03-20,3.2060418831917202e-07
2018-03-21,3.0234577979439498e-07
2018-03-22,3.8861712460092799e-07
2018-03-23,4.2923150029297099e-07
2018-03-26,3.72246726314076e-07
2018-03-27,4.27670541394979e-07
2018-03-28,4.3511628552066498e-07
2018-03-29,3.81505607981664e-07
2018-04-02,4.5670799342701e-07
2018-04-03,4.16243665209377e-07
2018-04-04,3.9644711649201899e-07
2018-04-05,3.68711676222237e-07
2018-04-06,4.1783144572856399e-07
2018-04-09,4.10147525441615e-07
2018-04-10,3.9420919260295401e-07
2018-04-11,3.9883720852411299e-07
2018-04-12,3.6736496439947501e-07
2018-04-13,3.42975604412994e-07
2018-04-16,3.03368781615381e-07
2018-04-17,2.641219623378e-07
2018-04-18,2.6899765376255501e-07
2018-04-19,2.7907430587250097e-07
2018-04-20,2.9648017032976798e-07
2018-04-23,2.88371437671249e-07
2018-04-24,3.1789202174565498e-07
2018-04-25,3.29393355092413e-07
2018-04-26,2.9259023552793801e-07
2018-04-27,2.78282573010622e-07
2018-04-30,2.7675758451052298e-07
2018-05-01,2.7199458648109698e-07
2018-05-02,2.6932631958771802e-07
2018-05-03,2.8039293805957702e-07
2018-05-04,2.63715166103793e-07
2018-05-07,2.5816923616063098e-07
2018-05-08,2.5684740967148801e-07
2018-05-09,2.3525424794040599e-07
2018-05-10,2.1241341300787201e-07
2018-05-11,2.0753215277695101e-07
2018-05-14,1.9371673736659e-07
2018-05-15,2.23492937067208e-07
2018-05-16,2.0513969707524901e-07
2018-05-17,1.9466116134864501e-07
2018-05-18,2.00613899662687e-07
2018-05-21,1.8668728274810299e-07
2018-05-22,1.9095868777738001e-07
2018-05-23,1.8537887492052499e-07
2018-05-24,1.82805816136628e-07
2018-05-25,1.87445427750175e-07
2018-05-29,2.3147823318296899e-07
2018-05-30,2.12862753670395e-07
2018-05-31,2.1540433494921901e-07
2018-06-01,1.9696572387756599e-07
2018-06-04,1.8061953845296699e-07
2018-06-05,1.75993872073186e-07
2018-06-06,1.62919287316869e-07
2018-06-07,1.6787040445842899e-07
2018-06-08,1.6495953164511999e-07
2018-06-11,1.5982764061563999e-07
2018-06-12,1.5863532641664699e-07
2018-06-13,1.61471726052977e-07
2018-06-14,1.5340136918484901e-07
2018-06-15,1.5612577750157201e-07
2018-06-18,1.5241779028591e-07
2018-06-19,1.67935445514918e-07
2018-06-20,1.5875105599970699e-07
2018-06-21,1.82139849080144e-07
2018-06-22,1.6861960808292499e-07
2018-06-25,2.2049205811747599e-07
2018-06-26,2.0148123286658699e-07
2018-06-27,2.2646490574204399e-07
2018-06-28,2.18758304999642e-07
2018-06-29,2.0493496770671499e-07
2018-07-02,2.0816884149712599e-07
2018-07-03,1.9925297001580499e-07
2018-07-05,1.9716479889003899e-07
2018-07-06,1.77968834070105e-07
2018-07-09,1.56728253723838e-07
2018-07-10,1.51601672544531e-07
2018-07-11,1.60335444899821e-07
2018-07-12,1.50747385294812e-07
2018-07-13,1.4740079334126701e-07
2018-07-16,1.45124925092078e-07
2018-07-17,1.40083285194379e-07
2018-07-18,1.3885895728178e-07
2018-07-19,1.46131000874627e-07
2018-07-20,1.4616022707480199e-07
2018-07-23,1.4382897145295901e-07
2018-07-24,1.40735210277006e-07
2018-07-25,1.3749548573642899e-07
2018-07-26,1.38463453956014e-07
2018-07-27,1.47243421571365e-07
2018-07-30,1.55818878443681e-07
2018-07-31,1.47551128753459e-07
2018-08-01,1.42962288649227e-07
2018-08-02,1.397370594173e-07
2018-08-03,1.363316672793e-07
2018-08-06,1.2610133896666201e-07
2018-08-07,1.20739510033799e-07
2018-08-08,1.16839623859708e-07
2018-08-09,1.1943813709434701e-07
2018-08-10,1.33101859977941e-07
2018-08-13,1.4769381688732201e-07
2018-08-14,1.3329514667897701e-07
2018-08-15,1.4953849325327801e-07
2018-08-16,1.3483287782675001e-07
2018-08-17,1.26750995129815e-07
2018-08-20,1.21039595289265e-07
2018-08-21,1.25590684072142e-07
2018-08-22,1.2295202379978601e-07
2018-08-23,1.2300489317001999e-07
2018-08-24,1.2111922815772399e-07
2018-08-27,1.2065776389844301e-07
2018-08-28,1.2191743095354201e-07
2018-08-29,1.2042638077298101e-07
2018-08-30,1.27058261562149e-07
2018-08-31,1.23021620592319e-07
2018-09-04,1.25029333440386e-07
2018-09-05,1.267197300285e-07
2018-09-06,1.3298982227030999e-07
2018-09-07,1.39723096971856e-07
2018-09-10,1.3093730863426601e-07
2018-09-11,1.2297239215004301e-07
2018-09-12,1.19182383023979e-07
2018-09-13,1.13244716701724e-07
2018-09-14,1.07916552780908e-07
2018-09-17,1.13786134086662e-07
2018-09-18,1.1391471241818001e-07
2018-09-19,1.0666631926701101e-07
2018-09-20,1.02813531815086e-07
2018-09-21,1.029728927894e-07
2018-09-24,1.0280607670308099e-07
2018-09-25,1.04694624332117e-07
2018-09-26,1.0750986278040699e-07
2018-09-27,1.03874954319802e-07
2018-09-28,1.03759653120507e-07
2018-10-01,1.0148420392757399e-07
2018-10-02,1.01002153958918e-07
2018-10-03,9.9583073695795095e-08
2018-10-04,1.11898512419754e-07
2018-10-05,1.15462480040323e-07
2018-10-08,1.17950696485192e-07
2018-10-09,1.219103013662e-07
2018-10-10,1.58379768019899e-07
2018-10-11,1.8983715754401101e-07
2018-10-12,1.6034026000482299e-07
2018-10-15,1.63553478815319e-07
2018-10-16,1.4268896152284901e-07
2018-10-17,1.4732207210349599e-07
2018-10-18,1.6749488343662799e-07
2018-10-19,1.63454906848136e-07
2018-10-22,1.6494888469672799e-07
2018-10-23,1.7675262688562601e-07
2018-10-24,2.0686066934932399e-07
2018-10-25,1.9589498526711599e-07
2018-10-26,2.1786264891497001e-07
2018-10-29,2.2825905452119299e-07
2018-10-30,2.0605857887846201e-07
2018-10-31,1.9252877258930201e-07
2018-11-01,1.8061701742920199e-07
2018-11-02,1.8347437864493201e-07
2018-11-05,1.7915722651541599e-07
2018-11-06,1.6912442183055301e-07
2018-11-07,1.43708403717858e-07
2018-11-08,1.4206869083143699e-07
2018-11-09,1.4786083135663499e-07
2018-11-12,1.7245304482787001e-07
2018-11-13,1.75536505269392e-07
2018-11-14,1.8502249801415001e-07
2018-11-15,1.8357932252964e-07
2018-11-16,1.65518788779174e-07
2018-11-19,1.8523373171066099e-07
2018-11-20,2.05155619556143e-07
2018-11-21,1.9515633465897699e-07
2018-11-23,2.02139028313075e-07
2018-11-26,1.7576797067935101e-07
2018-11-27,1.6858784907709999e-07
2018-11-28,1.57292463188934e-07
2018-11-29,1.63329347926125e-07
2018-11-30,1.5497015189926601e-07
2018-12-03,1.3871378296503301e-07
2018-12-04,1.7324935350983699e-07
2018-12-06,1.8180267409261801e-07
2018-12-07,2.0655874422381e-07
2018-12-10,2.03408723374397e-07
2018-12-11,2.0182620350654401e-07
2018-12-12,1.9727704087950601e-07
2018-12-13,1.93445920745626e-07
2018-12-14,2.08625622146536e-07
2018-12-17,2.32895040770842e-07
2018-12-18,2.30624314123326e-07
2018-12-19,2.30592026719349e-07
2018-12-20,2.5491487369770601e-07
2018-12-21,2.8082951975781498e-07
2018-12-24,3.1310244816838301e-07
2018-12-26,2.7854533096403902e-07
2018-12-27,2.9875936563209901e-07
2018-12-28,2.9791088903370402e-07
2018-12-31,2.7591910720523602e-07
2019-01-02,2.6045384124638202e-07
2019-01-03,2.7852412875205602e-07
2019-01-04,2.3591272229427899e-07
2019-01-07,2.2197971691557899e-07
2019-01-08,2.1693411795008801e-07
2019-01-09,2.05788042969812e-07
2019-01-10,2.02046816348621e-07
2019-01-11,1.8832379658222301e-07
2019-01-14,1.88483871809318e-07
2019-01-15,1.74025274002825e-07
2019-01-16,1.77918219382268e-07
2019-01-17,1.7537398884510201e-07
2019-01-18,1.6790305692030001e-07
2019-01-22,1.9951920253839301e-07
2019-01-23,1.9388278506668299e-07
2019-01-24,1.81790315762074e-07
2019-01-25,1.6597637619393099e-07
2019-01-28,1.81402220597395e-07
2019-01-29,1.78958732685949e-07
2019-01-30,1.63505646118517e-07
2019-01-31,1.50855214278327e-07
2019-02-01,1.46745918241386e-07
2019-02-04,1.37744523616459e-07
2019-02-05,1.35860178533386e-07
2019-02-06,1.3359131355187801e-07
2019-02-07,1.4314175655770199e-07
2019-02-08,1.4114922330641899e-07
2019-02-11,1.3651388281303601e-07
2019-02-12,1.3197070079301801e-07
2019-02-13,1.3053090044736601e-07
2019-02-14,1.3398213745519501e-07
2019-02-15,1.26948075238797e-07
2019-02-19,1.2538661391336e-07
2019-02-20,1.1738318634726999e-07
2019-02-21,1.2097628568136001e-07
2019-02-22,1.11041713101207e-07
2019-02-25,1.13926576807576e-07
2019-02-26,1.16385112335084e-07
2019-02-27,1.1772121342469e-07
2019-02-28,1.1663817826118301e-07
2019-03-01,1.06501154188504e-07
2019-03-04,1.12424748384468e-07
2019-03-05,1.11584935514036e-07
2019-03-06,1.18812291787281e-07
2019-03-07,1.2894222778506401e-07
2019-03-08,1.31885978845397e-07
2019-03-11,1.10847527499979e-07
2019-03-12,1.05279656193655e-07
2019-03-13,1.02670826313177e-07
2019-03-14,9.8954142400639596e-08
2019-03-15,9.5553088526329594e-08
2019-03-18,9.5385870621408499e-08
2019-03-19,9.8045228694333403e-08
2019-03-20,9.8707033988020098e-08
2019-03-21,9.6858251241424497e-08
2019-03-22,1.18242615950506e-07
2019-03-25,1.18732140380541e-07
2019-03-26,1.0799163096171801e-07
2019-03-27,1.0947651588744099e-07
2019-03-28,1.05629511119156e-07
2019-03-29,9.8872391292864e-08
2019-04-01,9.5045041025917294e-08
2019-04-02,9.4057523049658006e-08
2019-04-03,9.6079759795225603e-08
2019-04-04,9.4274421108673301e-08
2019-04-05,9.0577921057002297e-08
2019-04-08,8.9593339055112595e-08
2019-04-09,9.6000158730943697e-08
2019-04-10,9.0576149762645398e-08
2019-04-11,8.6863433383874601e-08
2019-04-12,7.89032683485763e-08
2019-04-15,7.7123210614632401e-08
2019-04-16,7.6125236269279104e-08
2019-04-17,7.6530983778594396e-08
2019-04-18,7.4509035187163898e-08
2019-04-22,7.3047913007143593e-08
2019-04-23,7.2033277495474404e-08
2019-04-24,7.4531391559017403e-08
2019-04-25,7.6822486535541598e-08
2019-04-26,7.4085301340280304e-08
2019-04-29,7.5167687592861803e-08
2019-04-30,7.5327043090558695e-08
2019-05-01,7.9790923664105199e-08
2019-05-02,8.2641055457386998e-08
2019-05-03,7.3251378736318693e-08
2019-05-06,8.1962432695641698e-08
2019-05-07,1.10307500794775e-07
2019-05-08,1.02743715465278e-07
2019-05-09,1.04307474814659e-07
2019-05-10,9.0578524979553793e-08
2019-05-13,1.14041986090257e-07
2019-05-14,1.01871425334705e-07
2019-05-15,9.3308113321069801e-08
2019-05-16,8.62082989784696e-08
2019-05-17,8.7641080907491799e-08
2019-05-20,9.0109053745846706e-08
2019-05-21,8.1542386006229094e-08
2019-05-22,7.8742220470775203e-08
2019-05-23,9.1346487701532204e-08
2019-05-24,8.5701274761577496e-08
2019-05-28,9.0870775655195798e-08
2019-05-29,9.5303452091656299e-08
2019-05-30,9.21165046537113e-08
2019-05-31,9.9010503861995105e-08
2019-06-03,1.0241448498477e-07
2019-06-04,8.9647495286568998e-08
2019-06-05,8.5582877850275902e-08
2019-06-06,8.2378654903561598e-08
2019-06-07,8.3414978382248402e-08
2019-06-10,8.2146236561054397e-08
2019-06-11,8.24140332922434e-08
2019-06-12,8.1833014357533097e-08
2019-06-13,8.1877204185286205e-08
2019-06-14,7.92579524233989e-08
2019-06-17,7.7286807146628997e-08
2019-06-18,7.6289034466365998e-08
2019-06-19,7.1203607428837995e-08
2019-06-20,7.1378056267038701e-08
2019-06-21,7.4740676497778906e-08
2019-06-24,7.38594839218701e-08
2019-06-25,7.7710517413556394e-08
2019-06-26,7.5665953700405706e-08
2019-06-27,7.3859050726040004e-08
2019-06-28,7.1513287274980996e-08
2019-07-01,6.3898552445940994e-08
2019-07-02,5.8945136660331698e-08
2019-07-03,5.9236325635433697e-08
2019-07-05,5.9287268875480198e-08
2019-07-08,6.1156003590435294e-08
2019-07-09,6.2373619621920899e-08
2019-07-10,5.8495851690026098e-08
2019-07-11,5.7020001351886703e-08
2019-07-12,5.47181038973111e-08
2019-07-15,5.4587327628996502e-08
2019-07-16,5.39814082923146e-08
2019-07-17,5.6897483968265499e-08
2019-07-18,5.6333629902139903e-08
2019-07-19,5.6941469768783998e-08
2019-07-22,5.5238919822697399e-08
2019-07-23,5.15274167998104e-08
2019-07-24,4.8580563833029203e-08
2019-07-25,5.19607994645314e-08
2019-07-26,4.9062426070399803e-08
2019-07-29,4.9745375041299801e-08
2019-07-30,5.2532608404863801e-08
2019-07-31,5.7320430334883103e-08
2019-08-01,6.6243501725114304e-08
2019-08-02,6.9312563160038904e-08
2019-08-05,8.6558915125519798e-08
2019-08-06,7.86552205854086e-08
2019-08-07,7.8267450347922502e-08
2019-08-08,6.9005280273749294e-08
2019-08-09,7.1763421326291104e-08
2019-08-12,8.4047166154712399e-08
2019-08-13,7.2953780693951901e-08
2019-08-14,9.1020054945002103e-08
2019-08-15,8.7538537843355794e-08
2019-08-16,7.8041481872730102e-08
2019-08-19,6.6026215323604594e-08
2019-08-20,6.9326205565478399e-08
2019-08-21,6.2917691123005501e-08
2019-08-22,6.4590043353055001e-08
2019-08-23,8.2619062154193302e-08
2019-08-26,7.7713968434098794e-08
2019-08-27,7.9465641282603397e-08
2019-08-28,7.7174646844426006e-08
2019-08-29,6.9096004812751406e-08
2019-08-30,7.0363916501065404e-08
2019-09-03,7.6035951810216304e-08
2019-09-04,6.7281172318788004e-08
2019-09-05,6.1104760699923302e-08
2019-09-06,5.8224893328135901e-08
2019-09-09,5.69864498470464e-08
2019-09-10,5.7410429033908499e-08
2019-09-11,5.4953262671257199e-08
2019-09-12,5.16104557029646e-08
2019-09-13,5.0627792626380198e-08
2019-09-16,5.2442292714109603e-08
2019-09-17,5.19503840084513e-08
2019-09-18,4.8547633855897701e-08
2019-09-19,4.6963524563179802e-08
2019-09-20,5.1270079765623397e-08
2019-09-23,5.04031027167867e-08
2019-09-24,5.5073454214524102e-08
2019-09-25,5.2554945153293901e-08
2019-09-26,5.3459415759382103e-08
2019-09-27,5.7263053190662201e-08
2019-09-30,5.3208256394231399e-08
2019-10-01,5.7595809216499699e-08
2019-10-02,6.5625240979371897e-08
2019-10-03,6.2020446492374997e-08
2019-10-04,5.45351988052103e-08
2019-10-07,5.5220160902203703e-08
2019-10-08,6.3141492983624905e-08
2019-10-09,5.9059395462233499e-08
2019-10-10,5.5928066314825898e-08
2019-10-11,4.8927550254199102e-08
2019-10-14,4.6299651530046102e-08
2019-10-15,4.3130903379329699e-08
2019-10-16,4.2259227822033502e-08
2019-10-17,4.1590264245610698e-08
2019-10-18,4.1575291750482299e-08
2019-10-21,3.9583835275634198e-08
2019-10-22,4.0487534234976901e-08
2019-10-23,4.0093185651528197e-08
2019-10-24,3.85953042355871e-08
2019-10-25,3.6158010773109803e-08
2019-10-28,3.6690618271797697e-08
2019-10-29,3.6854992241655402e-08
2019-10-30,3.5020350727865799e-08
2019-10-31,3.6573853486153902e-08
2019-11-01,3.2735427562782e-08
2019-11-04,3.2871279587167603e-08
2019-11-05,3.3909025883734502e-08
2019-11-06,3.41389290792262e-08
2019-11-07,3.3436008529484899e-08
2019-11-08,3.1963486713846402e-08
2019-11-11,3.1811979786822799e-08
2019-11-12,3.0775227365570201e-08
2019-11-13,3.1027584229967901e-08
2019-11-14,3.04762240582014e-08
2019-11-15,2.7746163907067699e-08
2019-11-18,2.7647110101919499e-08
2019-11-19,2.8104946245207199e-08
2019-11-20,2.87479874152976e-08
2019-11-21,2.9180644625897798e-08
2019-11-22,2.7403251561734401e-08
2019-11-25,2.4892839686163899e-08
2019-11-26,2.4283462970646601e-08
2019-11-27,2.38534028414364e-08
2019-11-29,2.47211896368079e-08
2019-12-02,2.74590613890844e-08
2019-12-03,3.0828013630911098e-08
2019-12-04,2.76024785647089e-08
2019-12-05,2.7195894055450701e-08
2019-12-06,2.5222831941727799e-08
2019-12-09,2.7670203325033601e-08
2019-12-10,2.7855593687311399e-08
2019-12-11,2.66887228677499e-08
2019-12-12,2.3721737546542101e-08
2019-12-13,2.1690207943056299e-08
2019-12-16,2.06033116230297e-08
2019-12-17,2.03715243672706e-08
2019-12-18,2.07249703150428e-08
2019-12-19,1.99444679329783e-08
2019-12-20,2.0039403600339202e-08
2019-12-23,2.0379472279437001e-08
2019-12-24,1.9982683954156399e-08
2019-12-26,1.9880772265990201e-08
2019-12-27,2.0947176890337899e-08
2019-12-30,2.24214391998799e-08
2019-12-31,2.0470549775098301e-08
2020-01-02,1.88271740391534e-08
2020-01-03,2.0640230899123901e-08
2020-01-06,2.0332897861035898e-08
2020-01-07,2.0007164837302101e-08
2020-01-08,1.8955388181805201e-08
2020-01-09,1.7912652277924101e-08
2020-01-10,1.7743377713897701e-08
2020-01-13,1.67550715752336e-08
2020-01-14,1.6619858147621399e-08
2020-01-15,1.6448507410119498e-08
2020-01-16,1.5575256151716202e-08
2020-01-17,1.56792988628097e-08
2020-01-21,1.5972344958555601e-08
2020-01-22,1.6098366760278599e-08
2020-01-23,1.6057315925039901e-08
2020-01-24,1.80786108536839e-08
2020-01-27,2.1406340753521502e-08
2020-01-28,1.92021298461314e-08
2020-01-29,1.9032767060888501e-08
2020-01-30,1.89644394271399e-08
2020-01-31,2.2832805781487901e-08
2020-02-03,2.1403015483451199e-08
2020-02-04,1.8813678670263199e-08
2020-02-05,1.76963342940363e-08
2020-02-06,1.7119256832707799e-08
2020-02-07,1.7701482757588199e-08
2020-02-10,1.7331167738299399e-08
2020-02-11,1.7103956129250301e-08
2020-02-12,1.54433330286614e-08
2020-02-13,1.6095350549131501e-08
2020-02-14,1.5727249882072899e-08
2020-02-18,1.6316235390156499e-08
2020-02-19,1.5877491820515199e-08
2020-02-20,1.6963035936283799e-08
2020-02-21,1.9185532904655699e-08
2020-02-24,2.5588320800926499e-08
2020-02-25,3.1047844927012099e-08
2020-02-26,3.0057418673840402e-08
2020-02-27,3.8313590435170902e-08
2020-02-28,4.7169010592452001e-08
2020-03-02,3.9499801160225198e-08
2020-03-03,4.7922343761620101e-08
2020-03-04,4.2760628115056001e-08
2020-03-05,5.7209871961414499e-08
2020-03-06,6.8206181451117999e-08
2020-03-09,9.8629548687389199e-08
2020-03-10,8.7062275217332197e-08
2020-03-11,1.0807388471828299e-07
2020-03-12,1.55480494249958e-07
2020-03-13,1.3102341250444e-07
2020-03-16,2.40050614517634e-07
2020-03-17,2.2400563144327501e-07
2020-03-18,3.1372660700525099e-07
2020-03-19,2.18052540932929e-07
2020-03-20,2.2494736227722901e-07
2020-03-23,1.4968222433289101e-07
2020-03-24,1.2756517886546301e-07
2020-03-25,1.45045435325397e-07
2020-03-26,1.2143348890877601e-07
2020-03-27,1.41377725127153e-07
2020-03-30,1.3485314311253501e-07
2020-03-31,1.1982376031264299e-07
2020-04-01,1.40848037297099e-07
2020-04-02,1.25702647846542e-07
2020-04-03,1.14082695079608e-07
2020-04-06,9.7328510480216495e-08
2020-04-07,1.01832873945241e-07
2020-04-08,9.8708641372601001e-08
2020-04-09,9.5025821962989196e-08
2020-04-13,9.1441447958545296e-08
2020-04-14,7.6044536951285406e-08
2020-04-15,8.8746255958258595e-08
2020-04-16,9.0152884115197e-08
2020-04-17,8.1922827324320703e-08
2020-04-20,9.7811759683872698e-08
2020-04-21,1.1388320991753e-07
2020-04-22,1.03120107748224e-07
2020-04-23,1.02203369990342e-07
2020-04-24,9.1916600800814403e-08
2020-04-27,7.7623569376287802e-08
2020-04-28,7.9973234821308e-08
2020-04-29,6.99293962600999e-08
2020-04-30,7.5087388528244905e-08
2020-05-01,8.8088769851910505e-08
2020-05-04,8.4167938705801999e-08
2020-05-05,7.7193783304639201e-08
2020-05-06,7.8568604585294896e-08
2020-05-07,7.3222011043265496e-08
2020-05-08,6.2927728510692905e-08
2020-05-11,5.4418641061477003e-08
2020-05-12,6.3950610229805296e-08
2020-05-13,7.9281490020196506e-08
2020-05-14,7.1936852784725505e-08
2020-05-15,6.7586831296833105e-08
2020-05-18,5.8209834322710497e-08
2020-05-19,6.3176297387124194e-08
2020-05-20,5.69546956204402e-08
2020-05-21,5.9182763313111799e-08
2020-05-22,5.8542997641697099e-08
2020-05-26,5.7027319432753498e-08
2020-05-27,5.4493025357161999e-08
2020-05-28,5.8561474630327697e-08
2020-05-29,5.5196532298069098e-08
2020-06-01,5.5241793454553497e-08
2020-06-02,5.2495171483993097e-08
2020-06-03,4.7538052440759598e-08
2020-06-04,4.7485760583074798e-08
2020-06-05,4.1996406659671302e-08
2020-06-08,4.3835009343231701e-08
2020-06-09,4.81041009031691e-08
2020-06-10,4.6610949611134701e-08
2020-06-11,7.8559492803094801e-08
2020-06-12,6.8460670003257001e-08
2020-06-15,6.6377411815057898e-08
2020-06-16,6.3557699361154201e-08
2020-06-17,6.2954536794216904e-08
2020-06-18,6.1073455234805702e-08
2020-06-19,6.1770303359034797e-08
2020-06-22,5.6623601683159997e-08
2020-06-23,5.3958328751933697e-08
2020-06-24,6.0955105241196896e-08
2020-06-25,5.7344734357760799e-08
2020-06-26,6.3114188081495103e-08
2020-06-29,5.8593318789217598e-08
2020-06-30,5.1248646278989198e-08
2020-07-01,4.8454570083858698e-08
2020-07-02,4.6759629222325298e-08
2020-07-06,4.6939186198539097e-08
2020-07-07,4.9887905875531301e-08
2020-07-08,4.7843998371810797e-08
2020-07-09,4.9220470204967803e-08
2020-07-10,4.6506453477865901e-08
2020-07-13,5.4442314699328903e-08
2020-07-14,4.9204964025253498e-08
2020-07-15,4.6261523077262803e-08
2020-07-16,4.4906060451099001e-08
2020-07-17,4.1580766674695099e-08
2020-07-20,3.74251848532261e-08
2020-07-21,3.8447640903416197e-08
2020-07-22,3.7645623114171003e-08
2020-07-23,4.0555629780896403e-08
2020-07-24,4.0579152046169302e-08
2020-07-27,3.7858319901473601e-08
2020-07-28,3.7583847082187999e-08
2020-07-29,3.5958721534354101e-08
2020-07-30,3.78900644679643e-08
2020-07-31,3.6212292413322797e-08
2020-08-03,3.5583647017027598e-08
2020-08-04,3.3573882633505797e-08
2020-08-05,3.22786022415052e-08
2020-08-06,3.1553624835160998e-08
2020-08-07,3.09743002831874e-08
2020-08-10,2.92973516658557e-08
2020-08-11,3.1557642346876399e-08
2020-08-12,2.8506965061203901e-08
2020-08-13,2.8567969966434899e-08
2020-08-14,2.8819368102139501e-08
2020-08-17,2.6261649183074599e-08
2020-08-18,2.5699124657573101e-08
2020-08-19,2.6799818166657001e-08
2020-08-20,2.6204594205175601e-08
2020-08-21,2.63951016050472e-08
2020-08-24,2.6422024608684299e-08
2020-08-25,2.5945107064497601e-08
2020-08-26,2.7117047550600899e-08
2020-08-27,2.85095079423243e-08
2020-08-28,2.8345293176576499e-08
2020-08-31,3.1034127687306597e-08
2020-09-01,3.24440081081409e-08
2020-09-02,3.4265739163413001e-08
2020-09-03,4.4209999326027097e-08
2020-09-04,3.5776499854594198e-08
2020-09-08,3.4411984150139898e-08
2020-09-09,3.0131477441704002e-08
2020-09-10,3.1005290287513401e-08
2020-09-11,2.7708497771242099e-08
2020-09-14,2.6593784905905099e-08
2020-09-15,2.6651493419150899e-08
2020-09-16,2.5822631973815301e-08
2020-09-17,2.5230002570016201e-08
2020-09-18,2.51853454654673e-08
2020-09-21,2.6852615335281199e-08
2020-09-22,2.6834355556853199e-08
2020-09-23,2.9679333932990801e-08
2020-09-24,2.9221381810404801e-08
2020-09-25,2.7330466193453501e-08
2020-09-28,2.7200919783696499e-08
2020-09-29,2.6025840049040798e-08
2020-09-30,2.5965199841726499e-08
2020-10-01,2.6721825765114501e-08
2020-10-02,2.74628219935811e-08
2020-10-05,2.62132635928731e-08
2020-10-06,2.71309899512596e-08
2020-10-07,2.5182713562859699e-08
2020-10-08,2.3230297780331199e-08
2020-10-09,2.0797388693797099e-08
2020-10-12,1.9956134321133e-08
2020-10-13,2.02716408047501e-08
2020-10-14,1.9790797484861399e-08
2020-10-15,2.0387687937004899e-08
2020-10-16,2.04661805355623e-08
2020-10-19,2.25969145911197e-08
2020-10-20,2.2426985793394501e-08
2020-10-21,2.1450963371666e-08
2020-10-22,2.0461430431331e-08
2020-10-23,2.0455496616505899e-08
2020-10-26,2.4351859612018001e-08
2020-10-27,2.4045756736694899e-08
2020-10-28,3.0587404856912797e-08
2020-10-29,2.55089780285195e-08
2020-10-30,2.8830502057613099e-08
2020-11-02,2.7063768891522501e-08
2020-11-03,2.3870244162322899e-08
2020-11-04,2.0029044471721901e-08
2020-11-05,1.94285737184597e-08
2020-11-06,1.6761613404126699e-08
2020-11-09,1.4996783128806201e-08
2020-11-10,1.5209887417066499e-08
2020-11-11,1.42674827927051e-08
2020-11-12,1.63862039874218e-08
2020-11-13,1.39485922822529e-08
2020-11-16,1.3547849225983799e-08
2020-11-17,1.3354250460544499e-08
2020-11-18,1.3846888760034e-08
2020-11-19,1.35700894537209e-08
2020-11-20,1.3356767647508399e-08
2020-11-23,1.3138117361118701e-08
2020-11-24,1.2749360468403201e-08
2020-11-25,1.1973434390296201e-08
2020-11-27,1.18647156060323e-08
2020-11-30,1.1648540487690401e-08
2020-12-01,1.16923389999241e-08
2020-12-02,1.16701235558242e-08
2020-12-03,1.17928932556315e-08
2020-12-04,1.13564382762406e-08
2020-12-07,1.15812957541102e-08
2020-12-08,1.08453044089365e-08
2020-12-09,1.13318247647213e-08
2020-12-10,1.15303583345993e-08
2020-12-11,1.2549065493461101e-08
2020-12-14,1.29227766638564e-08
2020-12-15,1.20721995038414e-08
2020-12-16,1.13568009612437e-08
2020-12-17,1.09392113898988e-08
2020-12-18,1.15624182627813e-08
2020-12-21,1.32798998715349e-08
2020-12-22,1.2763046168534699e-08
2020-12-23,1.13264376918045e-08
2020-12-24,1.10264003573486e-08
2020-12-28,1.0799697566001501e-08
2020-12-29,1.1698664391395399e-08
2020-12-30,1.08192757890942e-08
2020-12-31,1.0656012917436801e-08
2021-01-04,1.2722959743032e-08
2021-01-05,1.1719245448904199e-08
2021-01-06,1.1760262807975399e-08
2021-01-07,1.02945812542174e-08
2021-01-08,1.0063879688310401e-08
2021-01-11,1.1173321785149699e-08
2021-01-12,1.05218053918577e-08
2021-01-13,1.01141906509771e-08
2021-01-14,1.04127615589939e-08
2021-01-15,1.1007955009706001e-08
2021-01-19,1.03088397870396e-08
2021-01-20,9.9471025989123792e-09
2021-01-21,9.8335066872328003e-09
2021-01-22,9.9573105364250595e-09
2021-01-25,1.08783617610444e-08
2021-01-26,1.05088238120217e-08
2021-01-27,1.4894996694683299e-08
2021-01-28,1.38076619359714e-08
2021-01-29,1.5601553374692898e-08
2021-02-01,1.4021272033370201e-08
2021-02-02,1.17777282953106e-08
2021-02-03,1.06409419602473e-08
2021-02-04,9.7426336399631904e-09
2021-02-05,9.6931410610721804e-09
2021-02-08,9.5746908773058801e-09
2021-02-09,9.5909678517972899e-09
2021-02-10,9.9124570941895407e-09
2021-02-11,9.5178421772698499e-09
2021-02-12,8.9327804186330795e-09
2021-02-16,8.9604720379308405e-09
2021-02-17,8.6772315168118503e-09
2021-02-18,8.7498599446075597e-09
2021-02-19,8.1559194515676002e-09
2021-02-22,8.7632092139313206e-09
2021-02-23,8.1485577196661797e-09
2021-02-24,7.4795611308815893e-09
2021-02-25,9.8757133347708098e-09
2021-02-26,8.7718060982101302e-09
2021-03-01,7.6063839400019304e-09
2021-03-02,7.7577509804079699e-09
2021-03-03,8.3315142429189398e-09
2021-03-04,9.1315895556664496e-09
2021-03-05,7.8434875329441398e-09
2021-03-08,8.0328293219894105e-09
2021-03-09,7.4246638140215897e-09
2021-03-10,7.2750568381690604e-09
2021-03-11,6.9033014337386201e-09
2021-03-12,6.6807389955148902e-09
2021-03-15,5.8872676250175798e-09
2021-03-16,5.8465866057287104e-09
2021-03-17,5.4111913012000904e-09
2021-03-18,5.9984137812063297e-09
2021-03-19,5.5067238035608502e-09
2021-03-22,4.8063236029859399e-09
2021-03-23,5.2814767543771297e-09
2021-03-24,5.2788360159999398e-09
2021-03-25,5.00238337384203e-09
2021-03-26,4.6719259281660201e-09
2021-03-29,4.8467493963979898e-09
2021-03-30,4.4461170912917401e-09
2021-03-31,4.3070870098470398e-09
2021-04-01,4.0665362003470903e-09
2021-04-05,3.8546289989470004e-09
2021-04-06,3.8871620676981098e-09
2021-04-07,3.6801318159725102e-09
2021-04-08,3.54886151409677e-09
2021-04-09,3.5166378515487701e-09
2021-04-12,3.4634311208548398e-09
2021-04-13,3.39274249167819e-09
2021-04-14,3.5382572171462701e-09
2021-04-15,3.3029277296338699e-09
2021-04-16,3.2108090752543801e-09
2021-04-19,3.46481618119776e-09
2021-04-20,3.5750319839216599e-09
2021-04-21,3.2012623900026501e-09
2021-04-22,3.6043973627756801e-09
2021-04-23,3.3019523800651802e-09
2021-04-26,3.2778811472145001e-09
2021-04-27,3.1254268950575498e-09
2021-04-28,3.0986419865669101e-09
2021-04-29,3.08510092108561e-09
2021-04-30,3.31546540686308e-09
2021-05-03,3.1083482828963399e-09
2021-05-04,3.3704131266273301e-09
2021-05-05,3.1620541871392299e-09
2021-05-06,3.1187972858591601e-09
2021-05-07,2.7452901229046698e-09
2021-05-10,2.96365049928051e-09
2021-05-11,3.4490668145576601e-09
2021-05-12,4.68334986481527e-09
2021-05-13,3.6888873545203899e-09
2021-05-14,2.8381930416944501e-09
2021-05-17,3.0673487478808598e-09
2021-05-18,3.10357413659333e-09
2021-05-19,3.4626576641971798e-09
2021-05-20,3.039451644479e-09
2021-05-21,2.9609426085021002e-09
2021-05-24,2.6797418889726599e-09
2021-05-25,2.6992504099243801e-09
2021-05-26,2.4344539447108e-09
2021-05-27,2.18334002031388e-09
2021-05-28,2.2432290370710901e-09
2021-06-01,2.3524294265957101e-09
2021-06-02,2.2687299875974399e-09
2021-06-03,2.3360885809291999e-09
2021-06-04,2.08255288724096e-09
2021-06-07,2.00674796214539e-09
2021-06-08,2.03875559214161e-09
2021-06-09,2.1218756576332202e-09
2021-06-10,1.8780721445711601e-09
2021-06-11,1.7680734590636301e-09
2021-06-14,1.7939934159734999e-09
2021-06-15,1.87917222336392e-09
2021-06-16,1.9061195530469602e-09
2021-06-17,1.8689502217625498e-09
2021-06-18,2.1794576116061698e-09
2021-06-21,1.9454274532719001e-09
2021-06-22,1.7599698541514901e-09
2021-06-23,1.69127823074396e-09
2021-06-24,1.6271618730164599e-09
2021-06-25,1.56960915756786e-09
2021-06-28,1.5620593375199599e-09
2021-06-29,1.6201054625022099e-09
2021-06-30,1.5967273406783e-09
2021-07-01,1.54049060373961e-09
2021-07-02,1.53181764164055e-09
2021-07-06,1.5958629372375501e-09
2021-07-07,1.6145345336032301e-09
2021-07-08,1.84182870524389e-09
2021-07-09,1.57450568696479e-09
2021-07-12,1.55754826071618e-09
2021-07-13,1.5885746220696399e-09
2021-07-14,1.5160085333334999e-09
2021-07-15,1.55980601986151e-09
2021-07-16,1.67916237650131e-09
2021-07-19,2.2221866974380702e-09
2021-07-20,1.7852381271208199e-09
2021-07-21,1.56849236610708e-09
2021-07-22,1.6223543939591999e-09
2021-07-23,1.5911078483315501e-09
2021-07-26,1.5762469010281299e-09
2021-07-27,1.6728393111231299e-09
2021-07-28,1.5717329031588499e-09
2021-07-29,1.51144122899368e-09
2021-07-30,1.5963842260631199e-09
2021-08-02,1.71502750174413e-09
2021-08-03,1.54541128182164e-09
2021-08-04,1.53263073052097e-09
2021-08-05,1.46235961152659e-09
2021-08-06,1.3893147489308301e-09
2021-08-09,1.35736050970543e-09
2021-08-10,1.31525518669436e-09
2021-08-11,1.23762882557566e-09
2021-08-12,1.18563603861323e-09
2021-08-13,1.1904615772903799e-09
2021-08-16,1.20275904538379e-09
2021-08-17,1.28560508842983e-09
2021-08-18,1.44160040985991e-09
2021-08-19,1.5412870782017201e-09
2021-08-20,1.3094466758986199e-09
2021-08-23,1.21993290113419e-09
2021-08-24,1.2225801555296501e-09
2021-08-25,1.1608398576754001e-09
2021-08-26,1.2610087289942099e-09
2021-08-27,1.13044388519415e-09
2021-08-30,1.11434636426898e-09
2021-08-31,1.1032697614081499e-09
2021-09-01,1.0482496984067301e-09
2021-09-02,1.04513639680246e-09
2021-09-03,1.05462623528543e-09
2021-09-07,1.10278046918856e-09
2021-09-08,1.1041479169703501e-09
2021-09-09,1.1405406323136899e-09
2021-09-10,1.2341904236329701e-09
2021-09-13,1.1623111733605899e-09
2021-09-14,1.1785254142289701e-09
2021-09-15,1.08883963020614e-09
2021-09-16,1.0688920881807699e-09
2021-09-17,1.1963147140128e-09
2021-09-20,1.4784176867241499e-09
2021-09-21,1.3559012130253201e-09
2021-09-22,1.2082435709268599e-09
2021-09-23,1.0594725400386401e-09
2021-09-24,9.8971686800249601e-10
2021-09-27,1.0080959102413e-09
2021-09-28,1.22219531965835e-09
2021-09-29,1.24870473614174e-09
2021-09-30,1.2491292957520301e-09
2021-10-01,1.16211494900994e-09
2021-10-04,1.2443462028018799e-09
2021-10-05,1.1384647844054701e-09
2021-10-06,1.1203745789812701e-09
2021-10-07,1.03389286522971e-09
2021-10-08,9.9025224738835905e-10
2021-10-11,1.01110695971836e-09
2021-10-12,9.8378684966676802e-10
2021-10-13,9.3931968406182991e-10
2021-10-14,8.3633267390129101e-10
2021-10-15,8.3734463643671201e-10
2021-10-18,8.0539156511028705e-10
2021-10-19,7.8820450911083301e-10
2021-10-20,7.7198326031333198e-10
2021-10-21,7.2483052277339402e-10
2021-10-22,7.5110562922393003e-10
2021-10-25,7.1022294982527098e-10
2021-10-26,7.2909357360212899e-10
2021-10-27,7.68486499383852e-10
2021-10-28,7.2291524997038896e-10
2021-10-29,7.3117817127755095e-10
2021-11-01,7.1360064804003803e-10
2021-11-02,6.7403149210621796e-10
2021-11-03,6.2349261082809395e-10
2021-11-04,6.4778388294595704e-10
2021-11-05,6.8509623460364402e-10
2021-11-08,6.9249527393736303e-10
2021-11-09,7.1878931948876498e-10
2021-11-10,7.3963420975393899e-10
2021-11-11,7.0819235949729895e-10
2021-11-12,6.60198163294167e-10
2021-11-15,6.4741012487115905e-10
2021-11-16,6.4450325341048696e-10
2021-11-17,6.6631968853843203e-10
2021-11-18,6.7935956484313e-10
2021-11-19,6.9886397794977604e-10
2021-11-22,7.1697853225823399e-10
2021-11-23,6.8920278391855002e-10
2021-11-24,6.6966388499445901e-10
2021-11-26,1.0127192999994199e-09
2021-11-29,7.3287457583058103e-10
2021-11-30,9.3563165597986992e-10
2021-12-01,1.05070499334883e-09
2021-12-02,9.5816940458460204e-10
2021-12-03,1.1490080048957201e-09
2021-12-06,9.4461097090481801e-10
2021-12-07,7.47584014593491e-10
2021-12-08,6.5410610940872103e-10
2021-12-09,6.8345585053788997e-10
2021-12-10,6.0230913740352602e-10
2021-12-13,6.4280238071116496e-10
2021-12-14,6.7469180681824602e-10
2021-12-15,5.8076796039107803e-10
2021-12-16,6.2539417046752901e-10
2021-12-17,6.6625742556587699e-10
2021-12-20,7.1643993485949901e-10
2021-12-21,6.4311947192597804e-10
2021-12-22,5.7142451319567003e-10
2021-12-23,5.5492748749971099e-10
2021-12-27,5.2819108115197501e-10
2021-12-28,5.0752296414649798e-10
2021-12-29,4.7619864679937605e-10
2021-12-30,4.7713675813357098e-10
2021-12-31,4.6578090328999197e-10
2022-01-03,4.3721921830024998e-10
2022-01-04,4.3213435879141801e-10
2022-01-05,4.9901147215797696e-10
2022-01-06,5.0987495190685702e-10
2022-01-07,4.7815053239921196e-10
2022-01-10,4.68927008629231e-10
2022-01-11,4.2893691333332999e-10
2022-01-12,4.1992065941506401e-10
2022-01-13,4.7281386567498496e-10
2022-01-14,4.5541431541814597e-10
2022-01-18,5.2824872688296998e-10
2022-01-19,5.4980655742706398e-10
2022-01-20,5.9575938949681796e-10
2022-01-21,7.0203094939526004e-10
2022-01-24,7.4096558584872097e-10
2022-01-25,7.5442893054359305e-10
2022-01-26,7.7644316673685501e-10
2022-01-27,7.8811310753291002e-10
2022-01-28,6.9658953235511302e-10
2022-01-31,6.0378987485476497e-10
2022-02-01,5.1385537299514704e-10
2022-02-02,4.8922628496749001e-10
2022-02-03,6.1167962409485305e-10
2022-02-04,5.6044533878066804e-10
2022-02-07,5.3629014467922095e-10
2022-02-08,4.8426463774389004e-10
2022-02-09,4.4817723693921502e-10
2022-02-10,5.3838635119034001e-10
2022-02-11,6.5965787679596495e-10
2022-02-14,6.7709923105845003e-10
2022-02-15,5.7031391132822202e-10
2022-02-16,5.2204254187340096e-10
2022-02-17,6.4268657330034404e-10
2022-02-18,6.7451883927591004e-10
2022-02-22,6.7350706101699604e-10
2022-02-23,7.4638726008964502e-10
2022-02-24,6.9769295524139697e-10
2022-02-25,6.4107517192355704e-10
2022-02-28,7.0419543335115105e-10
2022-03-01,8.5575941647131901e-10
2022-03-02,7.4242263935385798e-10
2022-03-03,7.63173352123798e-10
2022-03-04,8.2146453275901305e-10
2022-03-07,9.5558504702257794e-10
2022-03-08,9.37333372624446e-10
2022-03-09,8.6121252943361503e-10
2022-03-10,7.9880045742556098e-10
2022-03-11,8.1885034890694196e-10
2022-03-14,8.7862642437714902e-10
2022-03-15,8.0823087525605198e-10
2022-03-16,6.5766554550460196e-10
2022-03-17,6.3178640628899602e-10
2022-03-18,5.6561941595834895e-10
2022-03-21,5.6392255771047396e-10
2022-03-22,5.3654411753363097e-10
2022-03-23,5.3636169253366898e-10
2022-03-24,5.0804179516789199e-10
2022-03-25,4.8526628149051504e-10
2022-03-28,4.6734054505225497e-10
2022-03-29,4.2263474851255698e-10
2022-03-30,4.3870332165100401e-10
2022-03-31,4.8185856740181305e-10
2022-04-01,4.4713583903483899e-10
2022-04-04,4.0697856933112001e-10
2022-04-05,4.6842419372873196e-10
2022-04-06,4.8728763601018801e-10
2022-04-07,4.65569226073214e-10
2022-04-08,4.6213798087705502e-10
2022-04-11,5.1100907235480295e-10
2022-04-12,5.0729403639878402e-10
2022-04-13,4.5098947129888302e-10
2022-04-14,4.7270912423663704e-10
2022-04-18,4.6099066504681102e-10
2022-04-19,4.1355011570684298e-10
2022-04-20,3.9325721152910899e-10
2022-04-21,4.5355927234498201e-10
2022-04-22,5.6502146352376105e-10
2022-04-25,5.3779307919655102e-10
2022-04-26,6.5733910277115302e-10
2022-04-27,6.7591550581546599e-10
2022-04-28,6.1504255536172503e-10
2022-04-29,6.9649264096827799e-10
2022-05-02,6.9077443638592798e-10
2022-05-03,5.9760278040619403e-10
2022-05-04,4.8442876585286905e-10
2022-05-05,6.6591031440432996e-10
2022-05-06,6.4418831994846105e-10
2022-05-09,7.4767073166498099e-10
2022-05-10,6.9591696361913099e-10
2022-05-11,6.8533902577212102e-10
2022-05-12,6.6076276830793199e-10
2022-05-13,5.7445393551154997e-10
2022-05-16,5.2872740224483097e-10
2022-05-17,5.0357583972004404e-10
2022-05-18,6.4561947682987699e-10
2022-05-19,5.6817096438936501e-10
2022-05-20,5.6902890254559303e-10
2022-05-23,5.4930636078336295e-10
2022-05-24,5.5845231169040595e-10
2022-05-25,5.3387482545291098e-10
2022-05-26,5.2272751909745396e-10
2022-05-27,4.8414500091287103e-10
2022-05-31,4.6842481273322999e-10
2022-06-01,4.5813820384560798e-10
2022-06-02,4.4184680931685799e-10
2022-06-03,4.49848655033587e-10
2022-06-06,4.3612827105506202e-10
2022-06-07,4.15263894567788e-10
2022-06-08,4.1212034688591002e-10
2022-06-09,4.5327468472593698e-10
2022-06-10,4.9728765661282605e-10
2022-06-13,6.44186430376254e-10
2022-06-14,6.0617298911975096e-10
2022-06-15,5.3672374975630095e-10
2022-06-16,6.0131308580197503e-10
2022-06-17,5.6730281766901501e-10
2022-06-21,5.4386753827110805e-10
2022-06-22,5.0585663602134001e-10
2022-06-23,5.0128369203170804e-10
2022-06-24,4.82706118405012e-10
2022-06-27,4.5126746891329399e-10
2022-06-28,4.7813142133770201e-10
2022-06-29,4.8213338133429902e-10
2022-06-30,4.8813594193191097e-10
2022-07-01,4.6412941630770002e-10
2022-07-05,4.6470029548975801e-10
2022-07-06,4.4897948449334e-10
2022-07-07,4.3840601763352099e-10
2022-07-08,4.18971478871827e-10
2022-07-11,4.4211965307949598e-10
2022-07-12,4.5697929461949803e-10
2022-07-13,4.3840308629321499e-10
2022-07-14,4.4040220436671202e-10
2022-07-15,3.96106550651508e-10
2022-07-18,4.1753987610726102e-10
2022-07-19,4.0667966392971198e-10
2022-07-20,3.8581699717011699e-10
2022-07-21,3.69527803549595e-10
2022-07-22,3.6381120842868303e-10
2022-07-25,3.5752455074703501e-10
2022-07-26,3.7267286596218699e-10
2022-07-27,3.4780813234519001e-10
2022-07-28,3.1494374191989299e-10
2022-07-29,3.0665442263256099e-10
2022-08-01,3.2723093439120602e-10
2022-08-02,3.3551969395933599e-10
2022-08-03,3.0036729562321598e-10
2022-08-04,3.0293843967375099e-10
2022-08-05,2.8864883347434003e-10
2022-08-08,2.9122069458059601e-10
2022-08-09,2.94936670643445e-10
2022-08-10,2.6064143458102498e-10
2022-08-11,2.6521308534357598e-10
2022-08-12,2.5806824482442001e-10
2022-08-15,2.50922335125232e-10
2022-08-16,2.54066391984351e-10
2022-08-17,2.5177979445649198e-10
2022-08-18,2.4492131285549702e-10
2022-08-19,2.6721405075160401e-10
2022-08-22,3.0150830202506501e-10
2022-08-23,2.92933405915473e-10
2022-08-24,2.71499468604637e-10
2022-08-25,2.5606743880915e-10
2022-08-26,3.0550893989442001e-10
2022-08-29,3.0150677278180402e-10
2022-08-30,3.1179418386911899e-10
2022-08-31,2.9836209042803701e-10
2022-09-01,2.9464748240220798e-10
2022-09-02,2.9979202744495102e-10
2022-09-06,3.1322271027448402e-10
2022-09-07,2.7921298839288102e-10
2022-09-08,2.7063835751933502e-10
2022-09-09,2.6320662822185398e-10
2022-09-12,2.6149315307212999e-10
2022-09-13,3.0664779074462602e-10
2022-09-14,3.06077425853841e-10
2022-09-15,3.03791027482712e-10
2022-09-16,3.0150348104576799e-10
2022-09-19,2.86072532885845e-10
2022-09-20,3.0436401063856601e-10
2022-09-21,3.2293934620783802e-10
2022-09-22,3.2036874901202299e-10
2022-09-23,3.5780704102156798e-10
2022-09-26,3.8381245676301602e-10
2022-09-27,3.9524239172541901e-10
2022-09-28,3.61804885385448e-10
2022-09-29,3.82952380936228e-10
2022-09-30,3.9924317522125498e-10
2022-10-03,3.6408981364302301e-10
2022-10-04,3.3608402517760202e-10
2022-10-05,3.41229471603071e-10
2022-10-06,3.6151897598459003e-10
2022-10-07,3.9123945100028301e-10
2022-10-10,4.0895868573608599e-10
2022-10-11,4.2324770221570398e-10
2022-10-12,4.1381774341033899e-10
2022-10-13,3.9038324460101101e-10
2022-10-14,4.0695891716676997e-10
2022-10-17,3.86667945556835e-10
2022-10-18,3.7066375929023699e-10
2022-10-19,3.7723562774245299e-10
2022-10-20,3.6723133889472298e-10
2022-10-21,3.6466071952246001e-10
2022-10-24,3.52087217913326e-10
2022-10-25,3.2465258189352e-10
2022-10-26,3.1007892749232e-10
2022-10-27,2.9750522698250602e-10
2022-10-28,2.83787260966343e-10
2022-10-31,2.75500672946125e-10
2022-11-01,2.6864070618976702e-10
2022-11-02,2.8407411476036899e-10
2022-11-03,2.7006926090268301e-10
2022-11-04,2.6435459534198202e-10
2022-11-07,2.5806824306475001e-10
2022-11-08,2.7350072400002199e-10
2022-11-09,2.9007760288166301e-10
2022-11-10,2.5749608652599502e-10
2022-11-11,2.5120803209303001e-10
2022-11-14,2.5120803209303001e-10
2022-11-15,2.57209391979732e-10
2022-11-16,2.4349241510545303e-10
2022-11-17,2.3920451367544599e-10
2022-11-18,2.3377457121501298e-10
2022-11-21,2.20341884352999e-10
2022-11-22,2.05482027672233e-10
2022-11-23,1.9662164263900601e-10
2022-11-25,1.9919345372472399e-10
2022-11-28,2.1262506830938201e-10
2022-11-29,2.07194624064761e-10
2022-11-30,1.91476839883208e-10
2022-12-01,1.8461813947859101e-10
2022-12-02,1.7718725936457801e-10
2022-12-05,1.8376090668700399e-10
2022-12-06,1.9347818343261301e-10
2022-12-07,1.9947987668269201e-10
2022-12-08,1.92049251276262e-10
2022-12-09,2.0033617646883299e-10
2022-12-12,1.9833481806590901e-10
2022-12-13,1.8175997732014101e-10
2022-12-14,1.69185822089134e-10
2022-12-15,1.89762201771614e-10
2022-12-16,1.9061992692362199e-10
2022-12-19,1.8090402924832501e-10
2022-12-20,1.7833157395241399e-10
2022-12-21,1.6547030083896599e-10
2022-12-22,1.8347512427325299e-10
2022-12-23,1.73472060497876e-10
2022-12-27,1.7175815654015701e-10
2022-12-28,1.7204327508001299e-10
2022-12-29,1.6718477299175401e-10
2022-12-30,1.66327115106306e-10
2023-01-03,1.6404011727359399e-10
2023-01-04,1.5460945093153501e-10
2023-01-05,1.56610097226589e-10
2023-01-06,1.4889391773623499e-10
2023-01-09,1.5089505199061e-10
2023-01-10,1.37749075061188e-10
2023-01-11,1.3974919163107699e-10
2023-01-12,1.2603141098056999e-10
2023-01-13,1.1945887289793401e-10
2023-01-17,1.2174531572520001e-10
2023-01-18,1.29461533835863e-10
2023-01-19,1.3060467917963399e-10
2023-01-20,1.2231650623889401e-10
2023-01-23,1.1945919265315401e-10
2023-01-24,1.10885606396437e-10
2023-01-25,1.1019922449284299e-10
2023-01-26,1.07912590584616e-10
2023-01-27,1.0431154743680799e-10
2023-01-30,1.09569892543097e-10
2023-01-31,1.05054517271396e-10
2023-02-01,9.81955078387468e-11
2023-02-02,1.02768472638797e-10
2023-02-03,1.0454020110709e-10
2023-02-06,1.09112789503514e-10
2023-02-07,1.02654403492801e-10
2023-02-08,1.1088523356485401e-10
2023-02-09,1.1705821451740899e-10
2023-02-10,1.19744700540584e-10
2023-02-13,1.11342214903651e-10
2023-02-14,1.02425930334167e-10
2023-02-15,9.8881993144604605e-11
2023-02-16,1.07512413506266e-10
2023-02-17,1.09170254922532e-10
2023-02-21,1.2488858822627901e-10
2023-02-22,1.1791480945972301e-10
2023-02-23,1.0991311048978599e-10
2023-02-24,1.1802909456835201e-10
2023-02-27,1.09113176764659e-10
2023-02-28,1.0436893583893099e-10
2023-03-01,1.0619747959483e-10
2023-03-02,9.8766841947579301e-11
2023-03-03,9.2251193384297503e-11
2023-03-06,8.9393251413251999e-11
2023-03-07,9.3622446137612906e-11
2023-03-08,9.0307275319880003e-11
2023-03-09,1.08997269020082e-10
2023-03-10,1.3208834046198699e-10
2023-03-13,1.4106242231297401e-10
2023-03-14,1.24086970411831e-10
2023-03-15,1.44035191775237e-10
2023-03-16,1.18942821016073e-10
2023-03-17,1.44548831524413e-10
2023-03-20,1.31746141516296e-10
2023-03-21,1.07968597895435e-10
2023-03-22,1.16427937540542e-10
2023-03-23,1.21972235926223e-10
2023-03-24,1.12598669595292e-10
2023-03-27,1.04196556870092e-10
2023-03-28,9.8995064751136698e-11
2023-03-29,9.1964435252511002e-11
2023-03-30,9.2135489102080697e-11
2023-03-31,9.1335753056674605e-11
2023-04-03,8.6877654949978306e-11
2023-04-04,8.9735061021283102e-11
2023-04-05,8.8477872816374998e-11
2023-04-06,8.4990959848681596e-11
2023-04-10,8.3161954392738004e-11
2023-04-11,8.1561918390221701e-11
2023-04-12,8.2362040809629806e-11
2023-04-13,7.6417972324398806e-11
2023-04-14,7.4074233113209506e-11
2023-04-17,6.9615705022125398e-11
2023-04-18,6.8758039536252805e-11
2023-04-19,6.8529075264597097e-11
2023-04-20,7.1444302126353095e-11
2023-04-21,6.8643685482999997e-11
2023-04-24,6.8415102010341604e-11
2023-04-25,7.9160377932085899e-11
2023-04-26,7.4987834411285595e-11
2023-04-27,6.8643863620090901e-11
2023-04-28,6.3157159600936995e-11
2023-05-01,6.0870870423383094e-11
2023-05-02,6.6586645156138801e-11
2023-05-03,7.0473307633902605e-11
2023-05-04,7.7160519795283601e-11
2023-05-05,6.5329497295072795e-11
2023-05-08,6.3843251231609905e-11
2023-05-09,6.5672360379395497e-11
2023-05-10,6.2071544859793202e-11
2023-05-11,6.0699763718391802e-11
2023-05-12,6.0699763718391802e-11
2023-05-15,5.7613180733311603e-11
2023-05-16,6.0756555874121097e-11
2023-05-17,5.6755736669810199e-11
2023-05-18,5.2240250260360101e-11
2023-05-19,5.4869502055964e-11
2023-05-22,5.4926566338102197e-11
2023-05-23,5.69269918841359e-11
2023-05-24,6.1384944618582603e-11
2023-05-25,5.8527475446587601e-11
2023-05-26,5.3840595212824802e-11
2023-05-30,5.1268629979508202e-11
2023-05-31,5.0297089441396503e-11
2023-06-01,4.45244924862074e-11
2023-06-02,4.09807881292302e-11
2023-06-05,3.9323115249402801e-11
2023-06-06,3.4693604891090601e-11
2023-06-07,3.5208111051625501e-11
2023-06-08,3.3207586181672098e-11
2023-06-09,3.3664854643393799e-11
2023-06-12,3.3950669259316199e-11
2023-06-13,3.3607767499797103e-11
2023-06-14,3.1664566382958803e-11
2023-06-15,3.3322206433106697e-11
2023-06-16,3.0921674681665699e-11
2023-06-20,3.0978879779826802e-11
2023-06-21,2.9778448188358501e-11
2023-06-22,2.8406555080320799e-11
2023-06-23,2.9320962088356397e-11
2023-06-26,2.8977906831922599e-11
2023-06-27,2.7434833293122698e-11
2023-06-28,2.54342852493882e-11
2023-06-29,2.6405874945914801e-11
2023-06-30,2.5491439496537801e-11
2023-07-03,2.5148579635309399e-11
2023-07-05,2.6062981990849199e-11
2023-07-06,2.86348770537062e-11
2023-07-07,2.7549042515829701e-11
2023-07-10,2.7034701892059101e-11
2023-07-11,2.6520231515053301e-11
2023-07-12,2.3491090671403902e-11
2023-07-13,2.3662575633305099e-11
2023-07-14,2.3262441479345901e-11
2023-07-17,2.3033771679604001e-11
2023-07-18,2.2462303804233001e-11
2023-07-19,2.3262411065739799e-11
2023-07-20,2.3376629504072602e-11
2023-07-21,2.26907591944231e-11
2023-07-24,2.1947636830805701e-11
2023-07-25,2.1833289642917199e-11
2023-07-26,2.07473018160785e-11
2023-07-27,2.2747756657184798e-11
2023-07-28,2.0575800851556798e-11
2023-07-31,2.0575800851556798e-11
2023-08-01,2.1032995146478401e-11
2023-08-02,2.4862472572797701e-11
2023-08-03,2.4633737825128001e-11
2023-08-04,2.6177041499872199e-11
2023-08-07,2.3547819451625102e-11
2023-08-08,2.4576623683466602e-11
2023-08-09,2.4004971416589099e-11
2023-08-10,2.4004971416589099e-11
2023-08-11,2.22331644763307e-11
2023-08-14,2.1604410584940099e-11
2023-08-15,2.40048766450327e-11
2023-08-16,2.48620907900269e-11
2023-08-17,2.6919677423809499e-11
2023-08-18,2.5776667920394499e-11
2023-08-21,2.4290643014783799e-11
2023-08-22,2.4462134954468199e-11
2023-08-23,2.28618220857469e-11
2023-08-24,2.4690767852606601e-11
2023-08-25,2.2518967912291299e-11
2023-08-28,2.0689977338455001e-11
2023-08-29,1.9661271665186999e-11
2023-08-30,1.8346719041652598e-11
2023-08-31,1.7660918683875701e-11
2023-09-01,1.7089411355265399e-11
2023-09-05,1.7260818151158799e-11
2023-09-06,1.7946763064485801e-11
2023-09-07,1.7946763064485801e-11
2023-09-08,1.7203767073616101e-11
2023-09-11,1.6289214815982702e-11
2023-09-12,1.6574927643855001e-11
2023-09-13,1.5946240638323599e-11
2023-09-14,1.4974636196230501e-11
2023-09-15,1.60605968131812e-11
2023-09-18,1.58320545205296e-11
2023-09-19,1.5603439653253101e-11
2023-09-20,1.68609208549088e-11
2023-09-21,1.9547202765512899e-11
2023-09-22,1.9547202765512899e-11
2023-09-25,1.9547202765512899e-11
2023-09-26,2.3147992986948001e-11
2023-09-27,2.12047189756937e-11
2023-09-28,1.92615185287612e-11
2023-09-29,1.9947421203570299e-11
2023-10-02,2.01189690259211e-11
2023-10-03,2.3834137846247601e-11
2023-10-04,2.1490765413204601e-11
2023-10-05,2.0976276489212499e-11
2023-10-06,2.0233296775964501e-11
2023-10-09,1.9776024268827699e-11
2023-10-10,1.8404359225541901e-11
2023-10-11,1.7649964540886899e-11
2023-10-12,1.848445486438e-11
2023-10-13,2.2891148904048201e-11
2023-10-16,1.8530156126337999e-11
2023-10-17,1.95704390912706e-11
2023-10-18,2.20224194050159e-11
2023-10-19,2.42572545262369e-11
2023-10-20,2.4611653014865299e-11
2023-10-23,2.2799743119910901e-11
2023-10-24,2.0879320756920801e-11
2023-10-25,2.34057185685082e-11
2023-10-26,2.38171911009426e-11
2023-10-27,2.5377455289965299e-11
2023-10-30,2.16451929404701e-11
2023-10-31,1.8867465330419598e-11
2023-11-01,1.71727895944413e-11
2023-11-02,1.59868367450492e-11
2023-11-03,1.5289490926230101e-11
2023-11-06,1.42777853116415e-11
2023-11-07,1.41120202241733e-11
2023-11-08,1.3546128213184001e-11
2023-11-09,1.4626431938185401e-11
2023-11-10,1.3368997584459601e-11
2023-11-13,1.31575000426734e-11
2023-11-14,1.29002709168392e-11
2023-11-15,1.23229837933106e-11
2023-11-16,1.19800351543428e-11
2023-11-17,1.16085342642066e-11
2023-11-20,1.14027149517022e-11
2023-11-21,1.09625701545665e-11
2023-11-22,1.1094011370719799e-11
2023-11-24,1.01623362958067e-11
2023-11-27,1.02766625791346e-11
2023-11-28,1.0030844810241699e-11
2023-11-29,1.0328058741969099e-11
2023-11-30,1.0019456346759099e-11
2023-12-01,9.8994232597249194e-12
2023-12-04,9.9680262629148098e-12
2023-12-05,9.8079397611323996e-12
2023-12-06,9.8936611546446994e-12
2023-12-07,9.9107771884422293e-12
2023-12-08,9.3163287726794702e-12
2023-12-11,8.9048265307902107e-12
2023-12-12,8.4018819283311804e-12
2023-12-13,8.1561268819275004e-12
2023-12-14,8.0989524324851801e-12
2023-12-15,8.6076476347695796e-12
2023-12-18,8.6419060723559604e-12
2023-12-19,8.9276939061687803e-12
2023-12-20,1.00193723170151e-11
2023-12-21,9.4992667000388398e-12
2023-12-22,9.0591656738260397e-12
2023-12-26,8.55049352124071e-12
2023-12-27,7.8817594229444705e-12
2023-12-28,7.8302915339126399e-12
2023-12-29,7.8474398723719101e-12
2024-01-02,7.8246038223433101e-12
2024-01-03,8.3847672099848697e-12
2024-01-04,8.3333685869876602e-12
2024-01-05,7.8189497441129101e-12
2024-01-08,7.4359775856462598e-12
2024-01-09,7.0930302993962602e-12
2024-01-10,6.9330115358418804e-12
2024-01-11,6.7786826990540401e-12
2024-01-12,7.07016605511336e-12
2024-01-16,7.5559571647601996e-12
2024-01-17,8.1103377419386607e-12
2024-01-18,7.5216083252513294e-12
2024-01-19,7.1729817793759302e-12
2024-01-22,6.6642739115825897e-12
2024-01-23,6.28707600818701e-12
2024-01-24,6.5957085694289099e-12
2024-01-25,6.7786075680591797e-12
2024-01-26,6.6700142748188699e-12
2024-01-29,6.7843383194892702e-12
2024-01-30,6.5500072739341102e-12
2024-01-31,7.2301600292594203e-12
2024-02-01,7.0586606333653899e-12
2024-02-02,7.0243555426872298e-12
2024-02-05,6.5099619862962501e-12
2024-02-06,6.16701718885816e-12
2024-02-07,6.08703097591867e-12
2024-02-08,6.0355955641721603e-12
2024-02-09,6.1499097441575804e-12
2024-02-12,6.3956601375341199e-12
2024-02-13,7.3215598556449302e-12
2024-02-14,6.4584943798615097e-12
2024-02-15,6.4127682396520898e-12
2024-02-16,6.3499231109035001e-12
2024-02-20,6.7328869737220898e-12
2024-02-21,6.64145436861894e-12
2024-02-22,6.3728075394083004e-12
2024-02-23,5.9041512729602202e-12
2024-02-26,5.7669978388893499e-12
2024-02-27,5.5612313559977797e-12
2024-02-28,5.7098274578300402e-12
2024-02-29,5.5783872297507903e-12
2024-03-01,5.5840771847251396e-12
2024-03-04,5.5726298264964499e-12
2024-03-05,6.0241800213374598e-12
2024-03-06,6.0413489343982703e-12
2024-03-07,6.0013552044525596e-12
2024-03-08,6.2756771508480804e-12
2024-03-11,6.1613970699311397e-12
2024-03-12,5.5326881129153703e-12
2024-03-13,5.5155367797653296e-12
2024-03-14,5.76130909867167e-12
2024-03-15,6.0013828488133202e-12
2024-03-18,5.7041943701400803e-12
2024-03-19,5.4040967043270101e-12
2024-03-20,5.1383232284082096e-12
2024-03-21,5.06402307452543e-12
2024-03-22,5.09258416466575e-12
2024-03-25,5.0354453703382004e-12
2024-03-26,4.9839831186533498e-12
2024-03-27,4.8125340993716697e-12
2024-03-28,4.9982979156074201e-12
2024-04-01,5.0583274735738603e-12
2024-04-02,5.3498388858759301e-12
2024-04-03,5.2698052961432202e-12
2024-04-04,5.7385017791821998e-12
2024-04-05,5.9842818103845699e-12
2024-04-08,5.48130292422175e-12
2024-04-09,5.4012759015281098e-12
2024-04-10,5.5841631035538499e-12
2024-04-11,5.3898342275501799e-12
2024-04-12,6.2929009523762097e-12
2024-04-15,7.0130605373661501e-12
2024-04-16,6.55012841129461e-12
2024-04-17,6.3557861013315e-12
2024-04-18,6.4586862783120502e-12
2024-04-19,6.80732616361534e-12
2024-04-22,5.7470851136322502e-12
2024-04-23,5.3384098912018598e-12
2024-04-24,5.2184024368476403e-12
2024-04-25,5.4470206476059401e-12
2024-04-26,5.0698144677592296e-12
2024-04-29,4.92694709605777e-12
2024-04-30,5.20699476899769e-12
2024-05-01,5.2584398773153899e-12
2024-05-02,4.8983419145168297e-12
2024-05-03,4.56114005712149e-12
2024-05-06,4.3210872559151897e-12
2024-05-07,4.29252486915359e-12
2024-05-08,4.2182212636685401e-12
2024-05-09,4.1781903438763296e-12
2024-05-10,4.0410203548868698e-12
2024-05-13,4.1839108346356696e-12
2024-05-14,3.9953001342102896e-12
2024-05-15,3.6752366404586999e-12
2024-05-16,3.6752366404586999e-12
2024-05-17,3.5894933696367998e-12
2024-05-20,3.5952006640945201e-12
2024-05-21,3.4522914376967701e-12
2024-05-22,3.6066088649618101e-12
2024-05-23,3.6980724657772403e-12
2024-05-24,3.4694576259429002e-12
2024-05-28,3.6237791011448402e-12
2024-05-29,3.8924098459127001e-12
2024-05-30,3.8752443184922301e-12
2024-05-31,3.6409082945530002e-12
2024-06-03,3.57802980830607e-12
2024-06-04,3.6180321815629299e-12
2024-06-05,3.4751560907130099e-12
2024-06-06,3.4179897730207801e-12
2024-06-07,3.3551329410949299e-12
2024-06-10,3.3551329410949299e-12
2024-06-11,3.3436919377657998e-12
2024-06-12,3.2122179707728501e-12
2024-06-13,3.2007824747968999e-12
2024-06-14,3.4122581729067302e-12
2024-06-17,3.3551028485105399e-12
2024-06-18,3.3322545981121799e-12
2024-06-20,3.5208602083653302e-12
2024-06-21,3.4008340838621599e-12
2024-06-24,3.3836938800794899e-12
2024-06-25,3.2408004875237301e-12
2024-06-26,3.1664889323448202e-12
2024-06-27,3.1264645122399799e-12
2024-06-28,3.2007805736959198e-12
2024-07-01,2.9321390601456201e-12
2024-07-02,2.8692739986960999e-12
2024-07-03,2.8749838539535099e-12
2024-07-05,2.90928241133117e-12
2024-07-08,2.8121123787927099e-12
2024-07-09,2.8064037906637599e-12
2024-07-10,2.78353159976985e-12
2024-07-11,2.82353094885854e-12
2024-07-12,2.72637324890832e-12
2024-07-15,2.8178158076767101e-12
2024-07-16,2.83497630594546e-12
2024-07-17,3.0464655383689899e-12
2024-07-18,3.2122237283116401e-12
2024-07-19,3.48086199871035e-12
2024-07-22,3.1322188609195199e-12
2024-07-23,3.08648846555009e-12
2024-07-24,3.9095623446583401e-12
2024-07-25,3.95530422409084e-12
2024-07-26,3.5151975230762501e-12
2024-07-29,3.3437261879005898e-12
2024-07-30,3.6123611498365301e-12
2024-07-31,3.4180161199753198e-12
2024-08-01,4.0238936574021499e-12
2024-08-02,5.9443773832704703e-12
2024-08-05,1.0962799101548899e-11
2024-08-06,6.4930466518653797e-12
2024-08-07,5.8700388256189004e-12
2024-08-08,4.9612394146365801e-12
2024-08-09,3.6866473966223e-12
2024-08-12,3.5780387643178098e-12
2024-08-13,3.0750380748300098e-12
2024-08-14,2.6463470168179602e-12
2024-08-15,2.4463096458166901e-12
2024-08-16,2.4348853797707198e-12
2024-08-19,2.33201147247541e-12
2024-08-20,2.53205141658435e-12
2024-08-21,2.6006446894596199e-12
2024-08-22,2.8064076972896699e-12
2024-08-23,2.4863368994137801e-12
2024-08-26,2.4863368994137801e-12
2024-08-27,2.3720151287787301e-12
2024-08-28,2.63492928565257e-12
2024-08-29,2.4520388439354202e-12
2024-08-30,2.3262982920184201e-12
2024-09-03,3.2179451643661599e-12
2024-09-04,3.4008531675087299e-12
2024-09-05,3.0750514340613899e-12
2024-09-06,3.5151527953042601e-12
2024-09-09,3.0693259662758201e-12
2024-09-10,2.9664421598862499e-12
2024-09-11,2.7035263912555299e-12
2024-09-12,2.6578097599794e-12
2024-09-13,2.6463811780114901e-12
2024-09-16,2.7035430114565401e-12
2024-09-17,2.8007083472882899e-12
2024-09-18,2.6920968775804501e-12
2024-09-19,2.5149030610981e-12
2024-09-20,2.4920425922727201e-12
2024-09-23,2.5148946228438599e-12
2024-09-24,2.5320462041716602e-12
2024-09-25,2.5777749586190001e-12
2024-09-26,2.5834976190271298e-12
2024-09-27,2.8178466880490802e-12
2024-09-30,2.69780641913819e-12
2024-10-01,3.1207685095306799e-12
2024-10-02,3.0178767717714501e-12
2024-10-03,3.2807941961281798e-12
2024-10-04,3.0521556486000098e-12
2024-10-07,3.5779810237408201e-12
2024-10-08,3.2864829097366501e-12
2024-10-09,3.1264311920324799e-12
2024-10-10,3.20643656623659e-12
2024-10-11,3.1378508880847901e-12
2024-10-14,2.9035161837626198e-12
2024-10-15,3.1092883757058701e-12
2024-10-16,3.0235652951876598e-12
2024-10-17,2.9435315218240499e-12
2024-10-18,2.8006525017547098e-12
2024-10-21,2.8120791639618699e-12
2024-10-22,2.7949254810617002e-12
2024-10-23,3.0635457690465402e-12
2024-10-24,2.9663700972523799e-12
2024-10-25,3.23500457325956e-12
2024-10-28,2.9206591788759302e-12
2024-10-29,2.9092394014865202e-12
2024-10-30,3.0407079300397e-12
2024-10-31,3.5151191812844902e-12
2024-11-01,3.3836537239044499e-12
2024-11-04,3.0978703303834798e-12
2024-11-05,2.7777983678482598e-12
2024-11-06,2.2290998562471901e-12
2024-11-07,2.08621455546175e-12
2024-11-08,2.0690658718158501e-12
2024-11-11,2.0519133157384999e-12
2024-11-12,2.0290550014011698e-12
2024-11-13,1.9490290721459099e-12
2024-11-14,1.9433184169645201e-12
2024-11-15,2.2119627549257e-12
2024-11-18,2.0461982660715701e-12
2024-11-19,2.1890842909913402e-12
2024-11-20,2.3377012235067499e-12
2024-11-21,2.2977031555725502e-12
2024-11-22,2.12052726524635e-12
2024-11-25,1.9661952908817199e-12
2024-11-26,1.92618321671228e-12
2024-11-27,1.9033194219298999e-12
2024-11-29,1.8461627396893498e-12
2024-12-02,1.8061563931202801e-12
2024-12-03,1.7775829989811101e-12
2024-12-04,1.80044271634801e-12
2024-12-05,1.81187552759682e-12
2024-12-06,1.7490034467892101e-12
2024-12-09,1.81759936197229e-12
2024-12-10,1.81759936197229e-12
2024-12-11,1.77474036901698e-12
2024-12-12,1.80617102095227e-12
2024-12-13,1.7947379583896401e-12
2024-12-16,1.8718937432208099e-12
2024-12-17,1.9547624792332e-12
2024-12-18,2.3605711699220099e-12
2024-12-19,3.0864704103847301e-12
2024-12-20,2.1891100032694699e-12
2024-12-23,1.9176165806639901e-12
2024-12-24,1.72614256508469e-12
2024-12-26,1.69755764420689e-12
2024-12-27,1.8232957389132899e-12
2024-12-30,1.9147522531771799e-12
2024-12-31,1.94333950431712e-12
2025-01-02,2.01765280696221e-12
2025-01-03,1.8176025311519e-12
2025-01-06,1.78330437138907e-12
2025-01-07,1.9833554557714899e-12
2025-01-08,1.9661994310790702e-12
2025-01-10,2.2291196190029598e-12
2025-01-13,2.1490942246807601e-12
2025-01-14,2.0576502654205901e-12
2025-01-15,1.7301340726735999e-12
2025-01-16,1.7204107191851701e-12
2025-01-17,1.7375632140554501e-12
2025-01-21,1.5946660153315299e-12
2025-01-22,1.6415332495221201e-12
2025-01-23,1.58094425728226e-12
2025-01-24,1.5672216611290499e-12
2025-01-27,1.76840590576818e-12
2025-01-28,1.6460852692662001e-12
2025-01-29,1.6277972619246501e-12
2025-01-30,1.6243626097019899e-12
2025-01-31,1.7289553181407e-12
2025-02-03,1.8026779729062201e-12
2025-02-04,1.69693288301554e-12
2025-02-05,1.6220642042169e-12
2025-02-06,1.6003447645224301e-12
2025-02-07,1.7037910501011599e-12
2025-02-10,1.6186355734171101e-12
2025-02-11,1.6289300956640401e-12
2025-02-12,1.6166479627427301e-12
2025-02-13,1.5672108680420601e-12
2025-02-14,1.54606919343217e-12
2025-02-18,1.5317835140848601e-12
2025-02-19,1.4980689589398501e-12
2025-02-20,1.51292980301253e-12
2025-02-21,1.7209727802247901e-12
2025-02-24,1.7358419850459299e-12
2025-02-25,1.7575573682788501e-12
2025-02-26,1.6872550735477001e-12
2025-02-27,1.8735786513195702e-12
2025-02-28,1.80041540498554e-12
2025-03-03,2.1084844849326201e-12
2025-03-04,2.2085109888978201e-12
2025-03-05,2.00561508434778e-12
2025-03-06,2.44915686025129e-12
2025-03-07,2.22853681027985e-12
2025-03-10,2.7012317531083101e-12
2025-03-11,2.6995299771038599e-12
2025-03-12,2.4308997490822499e-12
2025-03-13,2.6486597486050399e-12
2025-03-14,2.1971162346628501e-12
2025-03-17,2.0164913090112199e-12
2025-03-18,2.12566414848109e-12
2025-03-19,1.9802049508005299e-12
2025-03-20,1.9141849177408401e-12
2025-03-21,1.9067578802600001e-12
2025-03-24,1.66898517259158e-12
2025-03-25,1.6901312147283099e-12
2025-03-26,1.79130246924195e-12
2025-03-27,1.8215933939968301e-12
2025-03-28,2.1411008753038802e-12
2025-03-31,2.1282328590433e-12
2025-04-01,2.1319572665466299e-12
2025-04-02,2.01879297483833e-12
2025-04-03,3.0064672498482401e-12
2025-04-04,4.1919172864633999e-12
2025-04-07,4.2005107169006504e-12
2025-04-08,5.2796639251795903e-12
2025-04-09,2.96732951586869e-12
2025-04-10,4.0101678009255804e-12
2025-04-11,3.8529692231293002e-12
2025-04-14,2.9601591947457699e-12
2025-04-15,2.9035609509422398e-12
2025-04-16,3.3762606737556299e-12
2025-04-17,3.1950567633951698e-12
2025-04-21,3.58143497779254e-12
2025-04-22,3.1093302190199298e-12
2025-04-23,2.87955071583436e-12
2025-04-24,2.67492984196717e-12
2025-04-25,2.4583140233646701e-12
2025-04-28,2.4914766795398599e-12
2025-04-29,2.4406007257436498e-12
2025-04-30,2.5509158785472702e-12
2025-05-01,2.4806126369344998e-12
2025-05-02,2.2771279823267701e-12
2025-05-05,2.35600769563456e-12
2025-05-06,2.53433391811714e-12
2025-05-07,2.3891672712873901e-12
2025-05-08,2.2154031356466601e-12
2025-05-09,2.1788268298771402e-12
2025-05-12,1.6112642289624401e-12
2025-05-13,1.57240053575987e-12
2025-05-14,1.65241999902469e-12
2025-05-15,1.5941226214591001e-12
2025-05-16,1.5798392827708201e-12
2025-05-19,1.62385360518882e-12
2025-05-20,1.60042139766594e-12
2025-05-21,1.80961247855486e-12
2025-05-22,1.78675707295071e-12
2025-05-23,2.0188210815855499e-12
2025-05-27,1.6181456615232601e-12
2025-05-28,1.6581624037327299e-12
2025-05-29,1.64958970410544e-12
2025-05-30,1.67359123430017e-12
2025-06-02,1.63014480585774e-12
2025-06-03,1.5655584686496601e-12
2025-06-04,1.5546934928772301e-12
2025-06-05,1.61128433601796e-12
2025-06-06,1.4832516826779699e-12
2025-06-09,1.4483804356182099e-12
2025-06-10,1.4380969345253199e-12
2025-06-11,1.45010504392861e-12
2025-06-12,1.4878222761211899e-12
2025-06-13,1.7307390191435001e-12
2025-06-16,1.48609905878757e-12
2025-06-17,1.64786094133659e-12
2025-06-18,1.56670378997576e-12
2025-06-20,1.6032863234717e-12
2025-06-23,1.5586989308159499e-12
2025-06-24,1.3546496537828299e-12
2025-06-25,1.3152158023612201e-12
2025-06-26,1.30264233929064e-12
2025-06-27,1.2997895525675999e-12
2025-06-30,1.2826453283692299e-12
2025-07-01,1.28092658362922e-12
2025-07-02,1.2717807678220999e-12
2025-07-03,1.25748595199178e-12
2025-07-07,1.28034704659899e-12
2025-07-08,1.21632969426904e-12
2025-07-09,1.1334489889015499e-12
2025-07-10,1.1140103387418899e-12
2025-07-11,1.1254400848173799e-12
2025-07-14,1.1603062186450199e-12
2025-07-15,1.14487414593704e-12
2025-07-16,1.1608794864972399e-12
2025-07-17,1.15401868873205e-12
2025-07-18,1.12200621030662e-12
2025-07-21,1.1037175090786201e-12
2025-07-22,1.0957155571378e-12
2025-07-23,1.00711599718764e-12
2025-07-24,9.9910942500999709e-13
2025-07-25,9.8196470727682505e-13
2025-07-28,9.2881095767193105e-13
2025-07-29,9.6996657120637401e-13
2025-07-30,9.7968563624986205e-13
2025-07-31,9.8311453597673603e-13
2025-08-01,1.1477272338806799e-12
2025-08-04,9.9282996639614397e-13
2025-08-05,1.0082585440739399e-12
2025-08-06,9.4767228816053709e-13
2025-08-07,9.5910121595575392e-13
2025-08-08,8.9623213124985402e-13
2025-08-11,9.0423548418191503e-13
2025-08-12,8.2706802796183095e-13
2025-08-13,8.1449659393681101e-13
2025-08-14,8.1906591982879602e-13
2025-08-15,8.1449553199615201e-13
2025-08-18,7.7276892589198902e-13
2025-08-19,8.0592071281275502e-13
2025-08-20,8.0020673495891299e-13
2025-08-21,8.2135619896387699e-13
2025-08-22,6.8703160618532398e-13
2025-08-25,6.9103013013332305e-13
2025-08-26,6.7960049178091799e-13
2025-08-27,6.8588679632989099e-13
2025-08-28,6.6587947848094796e-13
2025-08-29,6.9216840029137604e-13
2025-09-02,7.37893044814624e-13
2025-09-03,7.01315686583163e-13
2025-09-04,6.5901933752533299e-13
2025-09-05,6.6015944097925198e-13
2025-09-08,6.3615604370524604e-13
2025-09-09,6.2929828155410305e-13
2025-09-10,6.2186626884894898e-13
2025-09-11,5.9385741209999302e-13
2025-09-12,5.9157106106340799e-13
2025-09-15,6.0243230574453197e-13
2025-09-16,6.2243908261830799e-13
2025-09-17,5.7899905904237597e-13
2025-09-18,5.7271112926117603e-13
2025-09-19,5.7499624666692796e-13
2025-09-22,5.9385612355760304e-13
2025-09-23,6.1043064796609598e-13
2025-09-24,5.9499896118551297e-13
2025-09-25,6.1043323423866505e-13
2025-09-26,5.6184885312561e-13
2025-09-29,5.7442303045856104e-13
2025-09-30,5.6756441947488596e-13
2025-10-01,5.6527713486440199e-13
2025-10-02,5.7784889834378598e-13
2025-10-03,5.7270604314852704e-13
2025-10-06,5.6756314288105298e-13
2025-10-07,5.9042458627630205e-13
2025-10-08,5.6984828944457304e-13
2025-10-09,5.7041813773401703e-13
2025-10-10,7.1673609424417004e-13
2025-10-13,6.0813624124429304e-13
2025-10-14,6.5900683782437802e-13
2025-10-15,6.7329410606841103e-13
2025-10-16,8.0418248028811005e-13
2025-10-17,6.7329373979641705e-13
2025-10-20,5.7098675603435195e-13
2025-10-21,5.5898461442250895e-13
2025-10-22,5.7555850824013705e-13
2025-10-23,5.5555209449370998e-13
2025-10-24,5.3497444491366302e-13
2025-10-27,5.0353934653053604e-13
2025-10-28,5.3383227361781296e-13
2025-10-29,5.5097896624641696e-13
2025-10-30,5.62979288131264e-13
2025-10-31,5.6555210347802402e-13
2025-11-03,5.5440507151847197e-13
2025-11-04,5.9269782980825302e-13
2025-11-05,5.5269072629619601e-13
2025-11-06,5.9612669047581397e-13
2025-11-07,5.8583754379820099e-13
2025-11-10,5.2525608339402901e-13
2025-11-11,5.1896876807580201e-13
2025-11-12,5.2468261421231702e-13
2025-11-13,5.96128645789608e-13
2025-11-14,5.7269482872361897e-13
2025-11-17,6.3328021465429005e-13
2025-11-18,6.8357532930213398e-13
2025-11-19,6.4642301015456301e-13
2025-11-20,7.3958549437803901e-13
2025-11-21,6.6070870140262102e-13
2025-11-24,5.6697395793463099e-13
2025-11-25,5.3496827800922097e-13
2025-11-26,5.0524544048302895e-13
2025-11-28,4.84095866344409e-13
2025-12-01,4.84095866344409e-13
2025-12-02,4.6752042388077703e-13
2025-12-03,4.6180732430095403e-13
2025-12-04,4.5323618036192802e-13
2025-12-05,4.4294771906771202e-13
2025-12-08,4.5209458946646102e-13
2025-12-09,4.5438218808916099e-13
2025-12-10,4.2008996435407199e-13
2025-12-11,4.0580270466638997e-13
2025-12-12,4.0808737389366202e-13
2025-12-15,4.0637340692330802e-13
2025-12-16,4.0694639342707002e-13
2025-12-17,4.1837751761843602e-13
2025-12-18,3.9037132658905802e-13
2025-12-19,3.6007851164574701e-13
2025-12-22,3.3664460210784199e-13
2025-12-23,3.3950271477973801e-13
2025-12-24,3.3835859063092999e-13
2025-12-26,3.37786764612764e-13
2025-12-29,3.2864287689469601e-13
2025-12-30,3.2064042284231e-13
2025-12-31,3.2635744158158901e-13
2026-01-02,3.1264063831191501e-13
2026-01-05,3.2035660926545302e-13
2026-01-06,3.1321265687883302e-13
2026-01-07,3.23501692657303e-13
2026-01-08,3.1550149579788798e-13
2026-01-09,3.0521299201991901e-13
2026-01-12,3.0692828903507001e-13
2026-01-13,3.2064491427204801e-13
2026-01-14,3.3721904989077001e-13
2026-01-15,3.1835838843037901e-13
2026-01-16,3.21217246758484e-13
2026-01-20,3.9209062008327601e-13
2026-01-21,3.2007533589257998e-13
2026-01-22,3.0692984184747202e-13
2026-01-23,3.16076351134527e-13
2026-01-26,3.1379111911582402e-13
2026-01-27,3.2408032991163198e-13
2026-01-28,3.2293632634704402e-13
2026-01-29,3.2979549391865502e-13
2026-01-30,3.3665524019216298e-13
2026-02-02,3.0464605995469202e-13
2026-02-03,3.2922490407183699e-13
2026-02-04,3.4008603365716702e-13
2026-02-05,3.8009715551693298e-13
2026-02-06,3.3494161344152102e-13
2026-02-09,3.1093634800616701e-13
2026-02-10,3.2408273679986798e-13
2026-02-11,3.2122432706129298e-13
2026-02-12,3.6066424993787899e-13
2026-02-13,3.7266715617581102e-13
2026-02-17,3.4808975722601698e-13
2026-02-18,3.4808975722601698e-13
2026-02-19,3.6580752586882098e-13
2026-02-20,3.4923278687170398e-13
2026-02-23,3.7438103985433602e-13
2026-02-24,3.5151758975043202e-13
2026-02-25,3.2408164187040998e-13
2026-02-26,3.3151283391849898e-13
2026-02-27,3.5894883605359401e-13
2026-03-02,3.6866558104556502e-13
2026-03-03,3.99530263490699e-13
2026-03-04,3.7323717685037599e-13
2026-03-05,4.2010456914747801e-13
2026-03-06,5.3613325010032e-13
2026-03-09,4.3210731558335499e-13
2026-03-10,4.7611744567551999e-13
2026-03-11,4.2981978525803202e-13
2026-03-12,4.9155050281679096e-13
2026-03-13,5.0641007451694197e-13
2026-03-16,4.3153228089886701e-13
2026-03-17,4.1895743023347398e-13
2026-03-18,4.8925848702665096e-13
2026-03-19,4.6239330350401795e-13
2026-03-20,5.2412280952180396e-13
2026-03-23,4.7039498031772396e-13
2026-03-24,4.9211311655899404e-13
2026-03-25,4.7267956958607898e-13
2026-03-26,5.3898233281191796e-13
2026-03-27,6.2071361375951804e-13
2026-03-30,6.1099944570418098e-13
2026-03-31,4.9497065096495701e-13
2026-04-01,4.7325133880061499e-13
2026-04-02,4.7382397292056403e-13
2026-04-06,4.4924672344517399e-13
2026-04-07,4.7953943000708204e-13
2026-04-08,3.8580385762359802e-13
2026-04-09,3.5722736588941802e-13
2026-04-10,3.6580082267076399e-13
2026-04-13,3.36650155112131e-13
2026-04-14,3.2750673689928499e-13
2026-04-15,3.3150886922419398e-13
2026-04-16,3.3093867396912898e-13
2026-04-17,3.2236405292658901e-13
2026-04-20,3.3093893673443601e-13
2026-04-21,3.4122782827751002e-13
2026-04-22,3.3379588617762502e-13
2026-04-23,3.3322509521226199e-13
2026-04-24,3.3951305275891702e-13
2026-04-27,3.1950894369036198e-13
2026-04-28,3.0636434574694002e-13
2026-04-29,3.2122608015912401e-13
2026-04-30,3.0236368473218e-13
2026-05-01,3.0636395628118702e-13
2026-05-04,3.1322344526232302e-13
2026-05-05,3.12653378591946e-13
2026-05-06,2.99506304022154e-13
2026-05-07,2.9607695684110102e-13
2026-05-08,2.9836267094791398e-13
2026-05-11,3.06937614110957e-13
2026-05-12,2.9436238006083102e-13
2026-05-13,3.0350821920932098e-13
2026-05-14,2.9093387368747901e-13
2026-05-15,2.9493421445068201e-13
2026-05-18,2.8235821954650501e-13
2026-05-19,2.87502786306642e-13
2026-05-20,2.7607167552309002e-13
2026-05-21,2.5949633212468302e-13
2026-05-22,2.6349776556604602e-13
2026-05-26,2.4520838565810702e-13
2026-05-27,2.3549077733447598e-13
2026-05-28,2.2634667045057801e-13
2026-05-29,2.1891570925968599e-13
2026-06-01,2.29776117596059e-13
2026-06-02,2.2291730048581599e-13
2026-06-03,2.2234663219657301e-13
2026-06-04,2.0748498330055399e-13
2026-06-05,2.3720720715835802e-13
2026-06-08,2.2920620806090699e-13
2026-06-09,2.3606634986816999e-13
2026-06-10,2.6350198104984801e-13
2026-06-11,2.3835335197845099e-13
2026-06-12,2.16060162967906e-13
2026-06-15,1.87479724610512e-13
2026-06-16,1.8690791145044999e-13
2026-06-17,2.0291283590795201e-13
2026-06-18,1.8862371400331401e-13
2026-06-22,1.87480654296454e-13
2026-06-23,2.07486714916428e-13
2026-06-24,2.0462962285202901e-13
2026-06-25,1.98341354541786e-13
2026-06-26,2.00057007258573e-13
2026-06-29,1.8519477218933299e-13
2026-06-30,1.76620254236967e-13
2026-07-01,1.7856307703357399e-13
2026-07-02,1.7707743223265401e-13
2026-07-06,1.66702465478143e-13
2026-07-07,1.7038992401452e-13
2026-07-08,1.75276707035256e-13
2026-07-09,1.6836028817564499e-13
2026-07-10,1.61215077545471e-13
2026-07-13,1.7050267816286501e-13
2026-07-14,1.6612928446798801e-13
2026-07-15,1.5646886657617401e-13
2026-07-16,1.64041959718461e-13
2026-07-17,1.8161741528269701e-13
2026-07-20,1.7364441075178599e-13
2026-07-21,1.64298868565125e-13
2026-07-22,1.66671344227206e-13
2026-07-23,1.82046775732165e-13
2026-07-24,1.7733176424070201e-13
2026-07-27,1.74645188012456e-13
2026-07-28,1.72587867697669e-13
2026-07-29,1.9339333514862299e-13
2026-07-30,1.6887299418512899e-13
2026-07-31,1.5924216732675099e-13
2026-08-03,1.55984072583246e-13
2026-08-04,1.58270799087316e-13
2026-08-05,1.4832506207266901e-13
2026-08-06,1.4326717745599099e-13
2026-08-07,1.4446775640307199e-13
2026-08-10,1.4403868716655499e-13
2026-08-11,1.4060912602511999e-13
2026-08-12,1.3252128909615499e-13
2026-08-13,1.34065162114125e-13
2026-08-14,1.30978982082258e-13
2026-08-17,1.3277994308588901e-13
2026-08-18,1.3423786686097199e-13
2026-08-19,1.2592183100893499e-13
