series,observation_date,value,available_at,vintage_date,dataset_version,source
CPIAUCNS,1949-03-01,169.5,1949-04-23T00:00:00Z,1949-04-22,fred-api-v1:query-c24ecc48228d416cec5da646a34f5ebc76a5e76b3d782164c7267a19b77721b3:content-9a74027936cb3ef5f8c48cd0ac207c4a68cc29760bf9f4eb9f45dcce39cbe988,https://api.stlouisfed.org/fred/series/observations?file_type=json&limit=100000&offset=0&output_type=4&realtime_end=2026-09-01&realtime_start=1776-07-04&series_id=CPIAUCNS&sort_order=asc&units=lin
CPIAUCNS,1949-04-01,169.69999999999999,1949-05-24T00:00:00Z,1949-05-23,fred-api-v1:query-c24ecc48228d416cec5da646a34f5ebc76a5e76b3d782164c7267a19b77721b3:content-9a74027936cb3ef5f8c48cd0ac207c4a68cc29760bf9f4eb9f45dcce39cbe988,https://api.stlouisfed.org/fred/series/observations?file_type=json&limit=100000&offset=0&output_type=4&realtime_end=2026-09-01&realtime_start=1776-07-04&series_id=CPIAUCNS&sort_order=asc&units=lin
CPIAUCNS,1949-05-01,169.19999999999999,1949-06-25T00:00:00Z,1949-06-24,fred-api-v1:query-c24ecc48228d416cec5da646a34f5ebc76a5e76b3d782164c7267a19b77721b3:content-9a74027936cb3ef5f8c48cd0ac207c4a68cc29760bf9f4eb9f45dcce39cbe988,https://api.stlouisfed.org/fred/series/observations?file_type=json&limit=100000&offset=0&output_type=4&realtime_end=2026-09-01&realtime_start=1776-07-04&series_id=CPIAUCNS&sort_order=asc&units=lin
CPIAUCNS,1949-06-01,169.59999999999999,1949-07-23T00:00:00Z,1949-07-22,fred-api-v1:query-c24ecc48228d416cec5da646a34f5ebc76a5e76b3d782164c7267a19b77721b3:content-9a74027936cb3ef5f8c48cd0ac207c4a68cc29760bf9f4eb9f45dcce39cbe988,https://api.stlouisfed.org/fred/series/observations?file_type=json&limit=100000&offset=0&output_type=4&realtime_end=2026-09-01&realtime_start=1776-07-04&series_id=CPIAUCNS&sort_order=asc&units=lin
CPIAUCNS,1949-07-01,168.5,1949-08-27T00:00:00Z,1949-08-26,fred-api-v1:query-c24ecc48228d416cec5da646a34f5ebc76a5e76b3d782164c7267a19b77721b3:content-9a74027936cb3ef5f8c48cd0ac207c4a68cc29760bf9f4eb9f45dcce39cbe988,https://api.stlouisfed.org/fred/series/observations?file_type=json&limit=100000&offset=0&output_type=4&realtime_end=2026-09-01&realtime_start=1776-07-04&series_id=CPIAUCNS&sort_order=asc&units=lin
CPIAUCNS,1949-08-01,168.80000000000001,1949-09-29T00:00:00Z,1949-09-28,fred-api-v1:query-c24ecc48228d416cec5da646a34f5ebc76a5e76b3d782164c7267a19b77721b3:content-9a74027936cb3ef5f8c48cd0ac207c4a68cc29760bf9f4eb9f45dcce39cbe988,https://api.stlouisfed.org/fred/series/observations?file_type=json&limit=100000&offset=0&output_type=4&realtime_end=2026-09-01&realtime_start=1776-07-04&series_id=CPIAUCNS&sort_order=asc&units=lin
CPIAUCNS,1949-09-01,169.59999999999999,1949-10-29T00:00:00Z,1949-10-28,fred-api-v1:query-c24ecc48228d416cec5da646a34f5ebc76a5e76b3d782164c7267a19b77721b3:content-9a74027936cb3ef5f8c48cd0ac207c4a68cc29760bf9f4eb9f45dcce39cbe988,https://api.stlouisfed.org/fred/series/observations?file_type=json&limit=100000&offset=0&output_type=4&realtime_end=2026-09-01&realtime_start=1776-07-04&series_id=CPIAUCNS&sort_order=asc&units=lin
CPIAUCNS,1949-10-01,168.5,1949-11-29T00:00:00Z,1949-11-28,fred-api-v1:query-c24ecc48228d416cec5da646a34f5ebc76a5e76b3d782164c7267a19b77721b3:content-9a74027936cb3ef5f8c48cd0ac207c4a68cc29760bf9f4eb9f45dcce39cbe988,https://api.stlouisfed.org/fred/series/observations?file_type=json&limit=100000&offset=0&output_type=4&realtime_end=2026-09-01&realtime_start=1776-07-04&series_id=CPIAUCNS&sort_order=asc&units=lin
CPIAUCNS,1949-11-01,168.59999999999999,1949-12-29T00:00:00Z,1949-12-28,fred-api-v1:query-c24ecc48228d416cec5da646a34f5ebc76a5e76b3d782164c7267a19b77721b3:content-9a74027936cb3ef5f8c48cd0ac207c4a68cc29760bf9f4eb9f45dcce39cbe988,https://api.stlouisfed.org/fred/series/observations?file_type=json&limit=100000&offset=0&output_type=4&realtime_end=2026-09-01&realtime_start=1776-07-04&series_id=CPIAUCNS&sort_order=asc&units=lin
CPIAUCNS,1949-12-01,167.5,1950-01-27T00:00:00Z,1950-01-26,fred-api-v1:query-c24ecc48228d416cec5da646a34f5ebc76a5e76b3d782164c7267a19b77721b3:content-9a74027936cb3ef5f8c48cd0ac207c4a68cc29760bf9f4eb9f45dcce39cbe988,https://api.stlouisfed.org/fred/series/observations?file_type=json&limit=100000&offset=0&output_type=4&realtime_end=2026-09-01&realtime_start=1776-07-04&series_id=CPIAUCNS&sort_order=asc&units=lin
CPIAUCNS,1950-01-01,166.90000000000001,1950-02-25T00:00:00Z,1950-02-24,fred-api-v1:query-c24ecc48228d416cec5da646a34f5ebc76a5e76b3d782164c7267a19b77721b3:content-9a74027936cb3ef5f8c48cd0ac207c4a68cc29760bf9f4eb9f45dcce39cbe988,https://api.stlouisfed.org/fred/series/observations?file_type=json&limit=100000&offset=0&output_type=4&realtime_end=2026-09-01&realtime_start=1776-07-04&series_id=CPIAUCNS&sort_order=asc&units=lin
CPIAUCNS,1950-02-01,166.5,1950-03-26T00:00:00Z,1950-03-25,fred-api-v1:query-c24ecc48228d416cec5da646a34f5ebc76a5e76b3d782164c7267a19b77721b3:content-9a74027936cb3ef5f8c48cd0ac207c4a68cc29760bf9f4eb9f45dcce39cbe988,https://api.stlouisfed.org/fred/series/observations?file_type=json&limit=100000&offset=0&output_type=4&realtime_end=2026-09-01&realtime_start=1776-07-04&series_id=CPIAUCNS&sort_order=asc&units=lin
CPIAUCNS,1950-03-01,167,1950-04-23T00:00:00Z,1950-04-22,fred-api-v1:query-c24ecc48228d416cec5da646a34f5ebc76a5e76b3d782164c7267a19b77721b3:content-9a74027936cb3ef5f8c48cd0ac207c4a68cc29760bf9f4eb9f45dcce39cbe988,https://api.stlouisfed.org/fred/series/observations?file_type=json&limit=100000&offset=0&output_type=4&realtime_end=2026-09-01&realtime_start=1776-07-04&series_id=CPIAUCNS&sort_order=asc&units=lin
CPIAUCNS,1950-04-01,167.30000000000001,1950-05-21T00:00:00Z,1950-05-20,fred-api-v1:query-c24ecc48228d416cec5da646a34f5ebc76a5e76b3d782164c7267a19b77721b3:content-9a74027936cb3ef5f8c48cd0ac207c4a68cc29760bf9f4eb9f45dcce39cbe988,https://api.stlouisfed.org/fred/series/observations?file_type=json&limit=100000&offset=0&output_type=4&realtime_end=2026-09-01&realtime_start=1776-07-04&series_id=CPIAUCNS&sort_order=asc&units=lin
CPIAUCNS,1950-05-01,168.59999999999999,1950-06-26T00:00:00Z,1950-06-25,fred-api-v1:query-c24ecc48228d416cec5da646a34f5ebc76a5e76b3d782164c7267a19b77721b3:content-9a74027936cb3ef5f8c48cd0ac207c4a68cc29760bf9f4eb9f45dcce39cbe988,https://api.stlouisfed.org/fred/series/observations?file_type=json&limit=100000&offset=0&output_type=4&realtime_end=2026-09-01&realtime_start=1776-07-04&series_id=CPIAUCNS&sort_order=asc&units=lin
CPIAUCNS,1950-06-01,170.19999999999999,1950-07-23T00:00:00Z,1950-07-22,fred-api-v1:query-c24ecc48228d416cec5da646a34f5ebc76a5e76b3d782164c7267a19b77721b3:content-9a74027936cb3ef5f8c48cd0ac207c4a68cc29760bf9f4eb9f45dcce39cbe988,https://api.stlouisfed.org/fred/series/observations?file_type=json&limit=100000&offset=0&output_type=4&realtime_end=2026-09-01&realtime_start=1776-07-04&series_id=CPIAUCNS&sort_order=asc&units=lin
CPIAUCNS,1950-07-01,172.5,1950-08-24T00:00:00Z,1950-08-23,fred-api-v1:query-c24ecc48228d416cec5da646a34f5ebc76a5e76b3d782164c7267a19b77721b3:content-9a74027936cb3ef5f8c48cd0ac207c4a68cc29760bf9f4eb9f45dcce39cbe988,https://api.stlouisfed.org/fred/series/observations?file_type=json&limit=100000&offset=0&output_type=4&realtime_end=2026-09-01&realtime_start=1776-07-04&series_id=CPIAUCNS&sort_order=asc&units=lin
CPIAUCNS,1950-08-01,173,1950-09-25T00:00:00Z,1950-09-24,fred-api-v1:query-c24ecc48228d416cec5da646a34f5ebc76a5e76b3d782164c7267a19b77721b3:content-9a74027936cb3ef5f8c48cd0ac207c4a68cc29760bf9f4eb9f45dcce39cbe988,https://api.stlouisfed.org/fred/series/observations?file_type=json&limit=100000&offset=0&output_type=4&realtime_end=2026-09-01&realtime_start=1776-07-04&series_id=CPIAUCNS&sort_order=asc&units=lin
CPIAUCNS,1950-09-01,173.80000000000001,1950-10-25T00:00:00Z,1950-10-24,fred-api-v1:query-c24ecc48228d416cec5da646a34f5ebc76a5e76b3d782164c7267a19b77721b3:content-9a74027936cb3ef5f8c48cd0ac207c4a68cc29760bf9f4eb9f45dcce39cbe988,https://api.stlouisfed.org/fred/series/observations?file_type=json&limit=100000&offset=0&output_type=4&realtime_end=2026-09-01&realtime_start=1776-07-04&series_id=CPIAUCNS&sort_order=asc&units=lin
CPIAUCNS,1950-10-01,174.80000000000001,1950-11-30T00:00:00Z,1950-11-29,fred-api-v1:query-c24ecc48228d416cec5da646a34f5ebc76a5e76b3d782164c7267a19b77721b3:content-9a74027936cb3ef5f8c48cd0ac207c4a68cc29760bf9f4eb9f45dcce39cbe988,https://api.stlouisfed.org/fred/series/observations?file_type=json&limit=100000&offset=0&output_type=4&realtime_end=2026-09-01&realtime_start=1776-07-04&series_id=CPIAUCNS&sort_order=asc&units=lin
CPIAUCNS,1950-11-01,175.59999999999999,1950-12-24T00:00:00Z,1950-12-23,fred-api-v1:query-c24ecc48228d416cec5da646a34f5ebc76a5e76b3d782164c7267a19b77721b3:content-9a74027936cb3ef5f8c48cd0ac207c4a68cc29760bf9f4eb9f45dcce39cbe988,https://api.stlouisfed.org/fred/series/observations?file_type=json&limit=100000&offset=0&output_type=4&realtime_end=2026-09-01&realtime_start=1776-07-04&series_id=CPIAUCNS&sort_order=asc&units=lin
CPIAUCNS,1950-12-01,178.40000000000001,1951-01-26T00:00:00Z,1951-01-25,fred-api-v1:query-c24ecc48228d416cec5da646a34f5ebc76a5e76b3d782164c7267a19b77721b3:content-9a74027936cb3ef5f8c48cd0ac207c4a68cc29760bf9f4eb9f45dcce39cbe988,https://api.stlouisfed.org/fred/series/observations?file_type=json&limit=100000&offset=0&output_type=4&realtime_end=2026-09-01&realtime_start=1776-07-04&series_id=CPIAUCNS&sort_order=asc&units=lin
CPIAUCNS,1951-01-01,181.5,1951-03-03T00:00:00Z,1951-03-02,fred-api-v1:query-c24ecc48228d416cec5da646a34f5ebc76a5e76b3d782164c7267a19b77721b3:content-9a74027936cb3ef5f8c48cd0ac207c4a68cc29760bf9f4eb9f45dcce39cbe988,https://api.stlouisfed.org/fred/series/observations?file_type=json&limit=100000&offset=0&output_type=4&realtime_end=2026-09-01&realtime_start=1776-07-04&series_id=CPIAUCNS&sort_order=asc&units=lin
CPIAUCNS,1951-02-01,183.80000000000001,1951-03-25T00:00:00Z,1951-03-24,fred-api-v1:query-c24ecc48228d416cec5da646a34f5ebc76a5e76b3d782164c7267a19b77721b3:content-9a74027936cb3ef5f8c48cd0ac207c4a68cc29760bf9f4eb9f45dcce39cbe988,https://api.stlouisfed.org/fred/series/observations?file_type=json&limit=100000&offset=0&output_type=4&realtime_end=2026-09-01&realtime_start=1776-07-04&series_id=CPIAUCNS&sort_order=asc&units=lin
CPIAUCNS,1951-03-01,184.5,1951-04-21T00:00:00Z,1951-04-20,fred-api-v1:query-c24ecc48228d416cec5da646a34f5ebc76a5e76b3d782164c7267a19b77721b3:content-9a74027936cb3ef5f8c48cd0ac207c4a68cc29760bf9f4eb9f45dcce39cbe988,https://api.stlouisfed.org/fred/series/observations?file_type=json&limit=100000&offset=0&output_type=4&realtime_end=2026-09-01&realtime_start=1776-07-04&series_id=CPIAUCNS&sort_order=asc&units=lin
CPIAUCNS,1951-04-01,184.59999999999999,1951-05-24T00:00:00Z,1951-05-23,fred-api-v1:query-c24ecc48228d416cec5da646a34f5ebc76a5e76b3d782164c7267a19b77721b3:content-9a74027936cb3ef5f8c48cd0ac207c4a68cc29760bf9f4eb9f45dcce39cbe988,https://api.stlouisfed.org/fred/series/observations?file_type=json&limit=100000&offset=0&output_type=4&realtime_end=2026-09-01&realtime_start=1776-07-04&series_id=CPIAUCNS&sort_order=asc&units=lin
CPIAUCNS,1951-05-01,185.40000000000001,1951-06-28T00:00:00Z,1951-06-27,fred-api-v1:query-c24ecc48228d416cec5da646a34f5ebc76a5e76b3d782164c7267a19b77721b3:content-9a74027936cb3ef5f8c48cd0ac207c4a68cc29760bf9f4eb9f45dcce39cbe988,https://api.stlouisfed.org/fred/series/observations?file_type=json&limit=100000&offset=0&output_type=4&realtime_end=2026-09-01&realtime_start=1776-07-04&series_id=CPIAUCNS&sort_order=asc&units=lin
CPIAUCNS,1951-06-01,185.19999999999999,1951-07-27T00:00:00Z,1951-07-26,fred-api-v1:query-c24ecc48228d416cec5da646a34f5ebc76a5e76b3d782164c7267a19b77721b3:content-9a74027936cb3ef5f8c48cd0ac207c4a68cc29760bf9f4eb9f45dcce39cbe988,https://api.stlouisfed.org/fred/series/observations?file_type=json&limit=100000&offset=0&output_type=4&realtime_end=2026-09-01&realtime_start=1776-07-04&series_id=CPIAUCNS&sort_order=asc&units=lin
CPIAUCNS,1951-07-01,185.5,1951-08-25T00:00:00Z,1951-08-24,fred-api-v1:query-c24ecc48228d416cec5da646a34f5ebc76a5e76b3d782164c7267a19b77721b3:content-9a74027936cb3ef5f8c48cd0ac207c4a68cc29760bf9f4eb9f45dcce39cbe988,https://api.stlouisfed.org/fred/series/observations?file_type=json&limit=100000&offset=0&output_type=4&realtime_end=2026-09-01&realtime_start=1776-07-04&series_id=CPIAUCNS&sort_order=asc&units=lin
CPIAUCNS,1951-08-01,185.5,1951-09-22T00:00:00Z,1951-09-21,fred-api-v1:query-c24ecc48228d416cec5da646a34f5ebc76a5e76b3d782164c7267a19b77721b3:content-9a74027936cb3ef5f8c48cd0ac207c4a68cc29760bf9f4eb9f45dcce39cbe988,https://api.stlouisfed.org/fred/series/observations?file_type=json&limit=100000&offset=0&output_type=4&realtime_end=2026-09-01&realtime_start=1776-07-04&series_id=CPIAUCNS&sort_order=asc&units=lin
CPIAUCNS,1951-09-01,186.59999999999999,1951-10-26T00:00:00Z,1951-10-25,fred-api-v1:query-c24ecc48228d416cec5da646a34f5ebc76a5e76b3d782164c7267a19b77721b3:content-9a74027936cb3ef5f8c48cd0ac207c4a68cc29760bf9f4eb9f45dcce39cbe988,https://api.stlouisfed.org/fred/series/observations?file_type=json&limit=100000&offset=0&output_type=4&realtime_end=2026-09-01&realtime_start=1776-07-04&series_id=CPIAUCNS&sort_order=asc&units=lin
CPIAUCNS,1951-10-01,187.40000000000001,1951-11-24T00:00:00Z,1951-11-23,fred-api-v1:query-c24ecc48228d416cec5da646a34f5ebc76a5e76b3d782164c7267a19b77721b3:content-9a74027936cb3ef5f8c48cd0ac207c4a68cc29760bf9f4eb9f45dcce39cbe988,https://api.stlouisfed.org/fred/series/observations?file_type=json&limit=100000&offset=0&output_type=4&realtime_end=2026-09-01&realtime_start=1776-07-04&series_id=CPIAUCNS&sort_order=asc&units=lin
CPIAUCNS,1951-11-01,188.59999999999999,1951-12-22T00:00:00Z,1951-12-21,fred-api-v1:query-c24ecc48228d416cec5da646a34f5ebc76a5e76b3d782164c7267a19b77721b3:content-9a74027936cb3ef5f8c48cd0ac207c4a68cc29760bf9f4eb9f45dcce39cbe988,https://api.stlouisfed.org/fred/series/observations?file_type=json&limit=100000&offset=0&output_type=4&realtime_end=2026-09-01&realtime_start=1776-07-04&series_id=CPIAUCNS&sort_order=asc&units=lin
CPIAUCNS,1951-12-01,189.09999999999999,1952-01-26T00:00:00Z,1952-01-25,fred-api-v1:query-c24ecc48228d416cec5da646a34f5ebc76a5e76b3d782164c7267a19b77721b3:content-9a74027936cb3ef5f8c48cd0ac207c4a68cc29760bf9f4eb9f45dcce39cbe988,https://api.stlouisfed.org/fred/series/observations?file_type=json&limit=100000&offset=0&output_type=4&realtime_end=2026-09-01&realtime_start=1776-07-04&series_id=CPIAUCNS&sort_order=asc&units=lin
CPIAUCNS,1952-01-01,189.09999999999999,1952-02-27T00:00:00Z,1952-02-26,fred-api-v1:query-c24ecc48228d416cec5da646a34f5ebc76a5e76b3d782164c7267a19b77721b3:content-9a74027936cb3ef5f8c48cd0ac207c4a68cc29760bf9f4eb9f45dcce39cbe988,https://api.stlouisfed.org/fred/series/observations?file_type=json&limit=100000&offset=0&output_type=4&realtime_end=2026-09-01&realtime_start=1776-07-04&series_id=CPIAUCNS&sort_order=asc&units=lin
CPIAUCNS,1952-02-01,187.90000000000001,1952-03-22T00:00:00Z,1952-03-21,fred-api-v1:query-c24ecc48228d416cec5da646a34f5ebc76a5e76b3d782164c7267a19b77721b3:content-9a74027936cb3ef5f8c48cd0ac207c4a68cc29760bf9f4eb9f45dcce39cbe988,https://api.stlouisfed.org/fred/series/observations?file_type=json&limit=100000&offset=0&output_type=4&realtime_end=2026-09-01&realtime_start=1776-07-04&series_id=CPIAUCNS&sort_order=asc&units=lin
CPIAUCNS,1952-03-01,188,1952-04-23T00:00:00Z,1952-04-22,fred-api-v1:query-c24ecc48228d416cec5da646a34f5ebc76a5e76b3d782164c7267a19b77721b3:content-9a74027936cb3ef5f8c48cd0ac207c4a68cc29760bf9f4eb9f45dcce39cbe988,https://api.stlouisfed.org/fred/series/observations?file_type=json&limit=100000&offset=0&output_type=4&realtime_end=2026-09-01&realtime_start=1776-07-04&series_id=CPIAUCNS&sort_order=asc&units=lin
CPIAUCNS,1952-04-01,188.69999999999999,1952-05-23T00:00:00Z,1952-05-22,fred-api-v1:query-c24ecc48228d416cec5da646a34f5ebc76a5e76b3d782164c7267a19b77721b3:content-9a74027936cb3ef5f8c48cd0ac207c4a68cc29760bf9f4eb9f45dcce39cbe988,https://api.stlouisfed.org/fred/series/observations?file_type=json&limit=100000&offset=0&output_type=4&realtime_end=2026-09-01&realtime_start=1776-07-04&series_id=CPIAUCNS&sort_order=asc&units=lin
CPIAUCNS,1952-05-01,189,1952-06-20T00:00:00Z,1952-06-19,fred-api-v1:query-c24ecc48228d416cec5da646a34f5ebc76a5e76b3d782164c7267a19b77721b3:content-9a74027936cb3ef5f8c48cd0ac207c4a68cc29760bf9f4eb9f45dcce39cbe988,https://api.stlouisfed.org/fred/series/observations?file_type=json&limit=100000&offset=0&output_type=4&realtime_end=2026-09-01&realtime_start=1776-07-04&series_id=CPIAUCNS&sort_order=asc&units=lin
CPIAUCNS,1952-06-01,189.59999999999999,1952-07-25T00:00:00Z,1952-07-24,fred-api-v1:query-c24ecc48228d416cec5da646a34f5ebc76a5e76b3d782164c7267a19b77721b3:content-9a74027936cb3ef5f8c48cd0ac207c4a68cc29760bf9f4eb9f45dcce39cbe988,https://api.stlouisfed.org/fred/series/observations?file_type=json&limit=100000&offset=0&output_type=4&realtime_end=2026-09-01&realtime_start=1776-07-04&series_id=CPIAUCNS&sort_order=asc&units=lin
CPIAUCNS,1952-07-01,190.80000000000001,1952-08-22T00:00:00Z,1952-08-21,fred-api-v1:query-c24ecc48228d416cec5da646a34f5ebc76a5e76b3d782164c7267a19b77721b3:content-9a74027936cb3ef5f8c48cd0ac207c4a68cc29760bf9f4eb9f45dcce39cbe988,https://api.stlouisfed.org/fred/series/observations?file_type=json&limit=100000&offset=0&output_type=4&realtime_end=2026-09-01&realtime_start=1776-07-04&series_id=CPIAUCNS&sort_order=asc&units=lin
CPIAUCNS,1952-08-01,191.09999999999999,1952-09-20T00:00:00Z,1952-09-19,fred-api-v1:query-c24ecc48228d416cec5da646a34f5ebc76a5e76b3d782164c7267a19b77721b3:content-9a74027936cb3ef5f8c48cd0ac207c4a68cc29760bf9f4eb9f45dcce39cbe988,https://api.stlouisfed.org/fred/series/observations?file_type=json&limit=100000&offset=0&output_type=4&realtime_end=2026-09-01&realtime_start=1776-07-04&series_id=CPIAUCNS&sort_order=asc&units=lin
CPIAUCNS,1952-09-01,190.80000000000001,1952-10-25T00:00:00Z,1952-10-24,fred-api-v1:query-c24ecc48228d416cec5da646a34f5ebc76a5e76b3d782164c7267a19b77721b3:content-9a74027936cb3ef5f8c48cd0ac207c4a68cc29760bf9f4eb9f45dcce39cbe988,https://api.stlouisfed.org/fred/series/observations?file_type=json&limit=100000&offset=0&output_type=4&realtime_end=2026-09-01&realtime_start=1776-07-04&series_id=CPIAUCNS&sort_order=asc&units=lin
CPIAUCNS,1952-10-01,190.90000000000001,1952-11-22T00:00:00Z,1952-11-21,fred-api-v1:query-c24ecc48228d416cec5da646a34f5ebc76a5e76b3d782164c7267a19b77721b3:content-9a74027936cb3ef5f8c48cd0ac207c4a68cc29760bf9f4eb9f45dcce39cbe988,https://api.stlouisfed.org/fred/series/observations?file_type=json&limit=100000&offset=0&output_type=4&realtime_end=2026-09-01&realtime_start=1776-07-04&series_id=CPIAUCNS&sort_order=asc&units=lin
CPIAUCNS,1952-11-01,191.09999999999999,1952-12-20T00:00:00Z,1952-12-19,fred-api-v1:query-c24ecc48228d416cec5da646a34f5ebc76a5e76b3d782164c7267a19b77721b3:content-9a74027936cb3ef5f8c48cd0ac207c4a68cc29760bf9f4eb9f45dcce39cbe988,https://api.stlouisfed.org/fred/series/observations?file_type=json&limit=100000&offset=0&output_type=4&realtime_end=2026-09-01&realtime_start=1776-07-04&series_id=CPIAUCNS&sort_order=asc&units=lin
CPIAUCNS,1952-12-01,190.69999999999999,1953-01-17T00:00:00Z,1953-01-16,fred-api-v1:query-c24ecc48228d416cec5da646a34f5ebc76a5e76b3d782164c7267a19b77721b3:content-9a74027936cb3ef5f8c48cd0ac207c4a68cc29760bf9f4eb9f45dcce39cbe988,https://api.stlouisfed.org/fred/series/observations?file_type=json&limit=100000&offset=0&output_type=4&realtime_end=2026-09-01&realtime_start=1776-07-04&series_id=CPIAUCNS&sort_order=asc&units=lin
CPIAUCNS,1953-01-01,113.90000000000001,1953-02-28T00:00:00Z,1953-02-27,fred-api-v1:query-c24ecc48228d416cec5da646a34f5ebc76a5e76b3d782164c7267a19b77721b3:content-9a74027936cb3ef5f8c48cd0ac207c4a68cc29760bf9f4eb9f45dcce39cbe988,https://api.stlouisfed.org/fred/series/observations?file_type=json&limit=100000&offset=0&output_type=4&realtime_end=2026-09-01&realtime_start=1776-07-04&series_id=CPIAUCNS&sort_order=asc&units=lin
CPIAUCNS,1953-02-01,113.40000000000001,1953-03-27T00:00:00Z,1953-03-26,fred-api-v1:query-c24ecc48228d416cec5da646a34f5ebc76a5e76b3d782164c7267a19b77721b3:content-9a74027936cb3ef5f8c48cd0ac207c4a68cc29760bf9f4eb9f45dcce39cbe988,https://api.stlouisfed.org/fred/series/observations?file_type=json&limit=100000&offset=0&output_type=4&realtime_end=2026-09-01&realtime_start=1776-07-04&series_id=CPIAUCNS&sort_order=asc&units=lin
CPIAUCNS,1953-03-01,113.59999999999999,1953-04-23T00:00:00Z,1953-04-22,fred-api-v1:query-c24ecc48228d416cec5da646a34f5ebc76a5e76b3d782164c7267a19b77721b3:content-9a74027936cb3ef5f8c48cd0ac207c4a68cc29760bf9f4eb9f45dcce39cbe988,https://api.stlouisfed.org/fred/series/observations?file_type=json&limit=100000&offset=0&output_type=4&realtime_end=2026-09-01&realtime_start=1776-07-04&series_id=CPIAUCNS&sort_order=asc&units=lin
CPIAUCNS,1953-04-01,113.7,1953-05-23T00:00:00Z,1953-05-22,fred-api-v1:query-c24ecc48228d416cec5da646a34f5ebc76a5e76b3d782164c7267a19b77721b3:content-9a74027936cb3ef5f8c48cd0ac207c4a68cc29760bf9f4eb9f45dcce39cbe988,https://api.stlouisfed.org/fred/series/observations?file_type=json&limit=100000&offset=0&output_type=4&realtime_end=2026-09-01&realtime_start=1776-07-04&series_id=CPIAUCNS&sort_order=asc&units=lin
CPIAUCNS,1953-05-01,114,1953-06-24T00:00:00Z,1953-06-23,fred-api-v1:query-c24ecc48228d416cec5da646a34f5ebc76a5e76b3d782164c7267a19b77721b3:content-9a74027936cb3ef5f8c48cd0ac207c4a68cc29760bf9f4eb9f45dcce39cbe988,https://api.stlouisfed.org/fred/series/observations?file_type=json&limit=100000&offset=0&output_type=4&realtime_end=2026-09-01&realtime_start=1776-07-04&series_id=CPIAUCNS&sort_order=asc&units=lin
CPIAUCNS,1953-06-01,114.5,1953-07-23T00:00:00Z,1953-07-22,fred-api-v1:query-c24ecc48228d416cec5da646a34f5ebc76a5e76b3d782164c7267a19b77721b3:content-9a74027936cb3ef5f8c48cd0ac207c4a68cc29760bf9f4eb9f45dcce39cbe988,https://api.stlouisfed.org/fred/series/observations?file_type=json&limit=100000&offset=0&output_type=4&realtime_end=2026-09-01&realtime_start=1776-07-04&series_id=CPIAUCNS&sort_order=asc&units=lin
CPIAUCNS,1953-07-01,114.7,1953-08-27T00:00:00Z,1953-08-26,fred-api-v1:query-c24ecc48228d416cec5da646a34f5ebc76a5e76b3d782164c7267a19b77721b3:content-9a74027936cb3ef5f8c48cd0ac207c4a68cc29760bf9f4eb9f45dcce39cbe988,https://api.stlouisfed.org/fred/series/observations?file_type=json&limit=100000&offset=0&output_type=4&realtime_end=2026-09-01&realtime_start=1776-07-04&series_id=CPIAUCNS&sort_order=asc&units=lin
CPIAUCNS,1953-08-01,115,1953-09-24T00:00:00Z,1953-09-23,fred-api-v1:query-c24ecc48228d416cec5da646a34f5ebc76a5e76b3d782164c7267a19b77721b3:content-9a74027936cb3ef5f8c48cd0ac207c4a68cc29760bf9f4eb9f45dcce39cbe988,https://api.stlouisfed.org/fred/series/observations?file_type=json&limit=100000&offset=0&output_type=4&realtime_end=2026-09-01&realtime_start=1776-07-04&series_id=CPIAUCNS&sort_order=asc&units=lin
CPIAUCNS,1953-09-01,115.2,1953-10-29T00:00:00Z,1953-10-28,fred-api-v1:query-c24ecc48228d416cec5da646a34f5ebc76a5e76b3d782164c7267a19b77721b3:content-9a74027936cb3ef5f8c48cd0ac207c4a68cc29760bf9f4eb9f45dcce39cbe988,https://api.stlouisfed.org/fred/series/observations?file_type=json&limit=100000&offset=0&output_type=4&realtime_end=2026-09-01&realtime_start=1776-07-04&series_id=CPIAUCNS&sort_order=asc&units=lin
CPIAUCNS,1953-10-01,115.40000000000001,1953-11-26T00:00:00Z,1953-11-25,fred-api-v1:query-c24ecc48228d416cec5da646a34f5ebc76a5e76b3d782164c7267a19b77721b3:content-9a74027936cb3ef5f8c48cd0ac207c4a68cc29760bf9f4eb9f45dcce39cbe988,https://api.stlouisfed.org/fred/series/observations?file_type=json&limit=100000&offset=0&output_type=4&realtime_end=2026-09-01&realtime_start=1776-07-04&series_id=CPIAUCNS&sort_order=asc&units=lin
CPIAUCNS,1953-11-01,115,1953-12-24T00:00:00Z,1953-12-23,fred-api-v1:query-c24ecc48228d416cec5da646a34f5ebc76a5e76b3d782164c7267a19b77721b3:content-9a74027936cb3ef5f8c48cd0ac207c4a68cc29760bf9f4eb9f45dcce39cbe988,https://api.stlouisfed.org/fred/series/observations?file_type=json&limit=100000&offset=0&output_type=4&realtime_end=2026-09-01&realtime_start=1776-07-04&series_id=CPIAUCNS&sort_order=asc&units=lin
CPIAUCNS,1953-12-01,114.90000000000001,1954-01-23T00:00:00Z,1954-01-22,fred-api-v1:query-c24ecc48228d416cec5da646a34f5ebc76a5e76b3d782164c7267a19b77721b3:content-9a74027936cb3ef5f8c48cd0ac207c4a68cc29760bf9f4eb9f45dcce39cbe988,https://api.stlouisfed.org/fred/series/observations?file_type=json&limit=100000&offset=0&output_type=4&realtime_end=2026-09-01&realtime_start=1776-07-04&series_id=CPIAUCNS&sort_order=asc&units=lin
CPIAUCNS,1954-01-01,115.2,1954-02-27T00:00:00Z,1954-02-26,fred-api-v1:query-c24ecc48228d416cec5da646a34f5ebc76a5e76b3d782164c7267a19b77721b3:content-9a74027936cb3ef5f8c48cd0ac207c4a68cc29760bf9f4eb9f45dcce39cbe988,https://api.stlouisfed.org/fred/series/observations?file_type=json&limit=100000&offset=0&output_type=4&realtime_end=2026-09-01&realtime_start=1776-07-04&series_id=CPIAUCNS&sort_order=asc&units=lin
CPIAUCNS,1954-02-01,115,1954-03-25T00:00:00Z,1954-03-24,fred-api-v1:query-c24ecc48228d416cec5da646a34f5ebc76a5e76b3d782164c7267a19b77721b3:content-9a74027936cb3ef5f8c48cd0ac207c4a68cc29760bf9f4eb9f45dcce39cbe988,https://api.stlouisfed.org/fred/series/observations?file_type=json&limit=100000&offset=0&output_type=4&realtime_end=2026-09-01&realtime_start=1776-07-04&series_id=CPIAUCNS&sort_order=asc&units=lin
CPIAUCNS,1954-03-01,114.8,1954-04-23T00:00:00Z,1954-04-22,fred-api-v1:query-c24ecc48228d416cec5da646a34f5ebc76a5e76b3d782164c7267a19b77721b3:content-9a74027936cb3ef5f8c48cd0ac207c4a68cc29760bf9f4eb9f45dcce39cbe988,https://api.stlouisfed.org/fred/series/observations?file_type=json&limit=100000&offset=0&output_type=4&realtime_end=2026-09-01&realtime_start=1776-07-04&series_id=CPIAUCNS&sort_order=asc&units=lin
CPIAUCNS,1954-04-01,114.59999999999999,1954-05-22T00:00:00Z,1954-05-21,fred-api-v1:query-c24ecc48228d416cec5da646a34f5ebc76a5e76b3d782164c7267a19b77721b3:content-9a74027936cb3ef5f8c48cd0ac207c4a68cc29760bf9f4eb9f45dcce39cbe988,https://api.stlouisfed.org/fred/series/observations?file_type=json&limit=100000&offset=0&output_type=4&realtime_end=2026-09-01&realtime_start=1776-07-04&series_id=CPIAUCNS&sort_order=asc&units=lin
CPIAUCNS,1954-05-01,115,1954-06-23T00:00:00Z,1954-06-22,fred-api-v1:query-c24ecc48228d416cec5da646a34f5ebc76a5e76b3d782164c7267a19b77721b3:content-9a74027936cb3ef5f8c48cd0ac207c4a68cc29760bf9f4eb9f45dcce39cbe988,https://api.stlouisfed.org/fred/series/observations?file_type=json&limit=100000&offset=0&output_type=4&realtime_end=2026-09-01&realtime_start=1776-07-04&series_id=CPIAUCNS&sort_order=asc&units=lin
CPIAUCNS,1954-06-01,115.09999999999999,1954-07-24T00:00:00Z,1954-07-23,fred-api-v1:query-c24ecc48228d416cec5da646a34f5ebc76a5e76b3d782164c7267a19b77721b3:content-9a74027936cb3ef5f8c48cd0ac207c4a68cc29760bf9f4eb9f45dcce39cbe988,https://api.stlouisfed.org/fred/series/observations?file_type=json&limit=100000&offset=0&output_type=4&realtime_end=2026-09-01&realtime_start=1776-07-04&series_id=CPIAUCNS&sort_order=asc&units=lin
CPIAUCNS,1954-07-01,115.2,1954-08-21T00:00:00Z,1954-08-20,fred-api-v1:query-c24ecc48228d416cec5da646a34f5ebc76a5e76b3d782164c7267a19b77721b3:content-9a74027936cb3ef5f8c48cd0ac207c4a68cc29760bf9f4eb9f45dcce39cbe988,https://api.stlouisfed.org/fred/series/observations?file_type=json&limit=100000&offset=0&output_type=4&realtime_end=2026-09-01&realtime_start=1776-07-04&series_id=CPIAUCNS&sort_order=asc&units=lin
CPIAUCNS,1954-08-01,115,1954-09-25T00:00:00Z,1954-09-24,fred-api-v1:query-c24ecc48228d416cec5da646a34f5ebc76a5e76b3d782164c7267a19b77721b3:content-9a74027936cb3ef5f8c48cd0ac207c4a68cc29760bf9f4eb9f45dcce39cbe988,https://api.stlouisfed.org/fred/series/observations?file_type=json&limit=100000&offset=0&output_type=4&realtime_end=2026-09-01&realtime_start=1776-07-04&series_id=CPIAUCNS&sort_order=asc&units=lin
CPIAUCNS,1954-09-01,114.7,1954-10-27T00:00:00Z,1954-10-26,fred-api-v1:query-c24ecc48228d416cec5da646a34f5ebc76a5e76b3d782164c7267a19b77721b3:content-9a74027936cb3ef5f8c48cd0ac207c4a68cc29760bf9f4eb9f45dcce39cbe988,https://api.stlouisfed.org/fred/series/observations?file_type=json&limit=100000&offset=0&output_type=4&realtime_end=2026-09-01&realtime_start=1776-07-04&series_id=CPIAUCNS&sort_order=asc&units=lin
CPIAUCNS,1954-10-01,114.5,1954-11-25T00:00:00Z,1954-11-24,fred-api-v1:query-c24ecc48228d416cec5da646a34f5ebc76a5e76b3d782164c7267a19b77721b3:content-9a74027936cb3ef5f8c48cd0ac207c4a68cc29760bf9f4eb9f45dcce39cbe988,https://api.stlouisfed.org/fred/series/observations?file_type=json&limit=100000&offset=0&output_type=4&realtime_end=2026-09-01&realtime_start=1776-07-04&series_id=CPIAUCNS&sort_order=asc&units=lin
CPIAUCNS,1954-11-01,114.59999999999999,1954-12-23T00:00:00Z,1954-12-22,fred-api-v1:query-c24ecc48228d416cec5da646a34f5ebc76a5e76b3d782164c7267a19b77721b3:content-9a74027936cb3ef5f8c48cd0ac207c4a68cc29760bf9f4eb9f45dcce39cbe988,https://api.stlouisfed.org/fred/series/observations?file_type=json&limit=100000&offset=0&output_type=4&realtime_end=2026-09-01&realtime_start=1776-07-04&series_id=CPIAUCNS&sort_order=asc&units=lin
CPIAUCNS,1954-12-01,114.3,1955-01-22T00:00:00Z,1955-01-21,fred-api-v1:query-c24ecc48228d416cec5da646a34f5ebc76a5e76b3d782164c7267a19b77721b3:content-9a74027936cb3ef5f8c48cd0ac207c4a68cc29760bf9f4eb9f45dcce39cbe988,https://api.stlouisfed.org/fred/series/observations?file_type=json&limit=100000&offset=0&output_type=4&realtime_end=2026-09-01&realtime_start=1776-07-04&series_id=CPIAUCNS&sort_order=asc&units=lin
CPIAUCNS,1955-01-01,114.3,1955-02-26T00:00:00Z,1955-02-25,fred-api-v1:query-c24ecc48228d416cec5da646a34f5ebc76a5e76b3d782164c7267a19b77721b3:content-9a74027936cb3ef5f8c48cd0ac207c4a68cc29760bf9f4eb9f45dcce39cbe988,https://api.stlouisfed.org/fred/series/observations?file_type=json&limit=100000&offset=0&output_type=4&realtime_end=2026-09-01&realtime_start=1776-07-04&series_id=CPIAUCNS&sort_order=asc&units=lin
CPIAUCNS,1955-02-01,114.3,1955-03-24T00:00:00Z,1955-03-23,fred-api-v1:query-c24ecc48228d416cec5da646a34f5ebc76a5e76b3d782164c7267a19b77721b3:content-9a74027936cb3ef5f8c48cd0ac207c4a68cc29760bf9f4eb9f45dcce39cbe988,https://api.stlouisfed.org/fred/series/observations?file_type=json&limit=100000&offset=0&output_type=4&realtime_end=2026-09-01&realtime_start=1776-07-04&series_id=CPIAUCNS&sort_order=asc&units=lin
CPIAUCNS,1955-03-01,114.3,1955-04-23T00:00:00Z,1955-04-22,fred-api-v1:query-c24ecc48228d416cec5da646a34f5ebc76a5e76b3d782164c7267a19b77721b3:content-9a74027936cb3ef5f8c48cd0ac207c4a68cc29760bf9f4eb9f45dcce39cbe988,https://api.stlouisfed.org/fred/series/observations?file_type=json&limit=100000&offset=0&output_type=4&realtime_end=2026-09-01&realtime_start=1776-07-04&series_id=CPIAUCNS&sort_order=asc&units=lin
CPIAUCNS,1955-04-01,114.2,1955-05-21T00:00:00Z,1955-05-20,fred-api-v1:query-c24ecc48228d416cec5da646a34f5ebc76a5e76b3d782164c7267a19b77721b3:content-9a74027936cb3ef5f8c48cd0ac207c4a68cc29760bf9f4eb9f45dcce39cbe988,https://api.stlouisfed.org/fred/series/observations?file_type=json&limit=100000&offset=0&output_type=4&realtime_end=2026-09-01&realtime_start=1776-07-04&series_id=CPIAUCNS&sort_order=asc&units=lin
CPIAUCNS,1955-05-01,114.2,1955-06-24T00:00:00Z,1955-06-23,fred-api-v1:query-c24ecc48228d416cec5da646a34f5ebc76a5e76b3d782164c7267a19b77721b3:content-9a74027936cb3ef5f8c48cd0ac207c4a68cc29760bf9f4eb9f45dcce39cbe988,https://api.stlouisfed.org/fred/series/observations?file_type=json&limit=100000&offset=0&output_type=4&realtime_end=2026-09-01&realtime_start=1776-07-04&series_id=CPIAUCNS&sort_order=asc&units=lin
CPIAUCNS,1955-06-01,114.40000000000001,1955-07-27T00:00:00Z,1955-07-26,fred-api-v1:query-c24ecc48228d416cec5da646a34f5ebc76a5e76b3d782164c7267a19b77721b3:content-9a74027936cb3ef5f8c48cd0ac207c4a68cc29760bf9f4eb9f45dcce39cbe988,https://api.stlouisfed.org/fred/series/observations?file_type=json&limit=100000&offset=0&output_type=4&realtime_end=2026-09-01&realtime_start=1776-07-04&series_id=CPIAUCNS&sort_order=asc&units=lin
CPIAUCNS,1955-07-01,114.7,1955-08-24T00:00:00Z,1955-08-23,fred-api-v1:query-c24ecc48228d416cec5da646a34f5ebc76a5e76b3d782164c7267a19b77721b3:content-9a74027936cb3ef5f8c48cd0ac207c4a68cc29760bf9f4eb9f45dcce39cbe988,https://api.stlouisfed.org/fred/series/observations?file_type=json&limit=100000&offset=0&output_type=4&realtime_end=2026-09-01&realtime_start=1776-07-04&series_id=CPIAUCNS&sort_order=asc&units=lin
CPIAUCNS,1955-08-01,114.5,1955-09-24T00:00:00Z,1955-09-23,fred-api-v1:query-c24ecc48228d416cec5da646a34f5ebc76a5e76b3d782164c7267a19b77721b3:content-9a74027936cb3ef5f8c48cd0ac207c4a68cc29760bf9f4eb9f45dcce39cbe988,https://api.stlouisfed.org/fred/series/observations?file_type=json&limit=100000&offset=0&output_type=4&realtime_end=2026-09-01&realtime_start=1776-07-04&series_id=CPIAUCNS&sort_order=asc&units=lin
CPIAUCNS,1955-09-01,114.90000000000001,1955-10-22T00:00:00Z,1955-10-21,fred-api-v1:query-c24ecc48228d416cec5da646a34f5ebc76a5e76b3d782164c7267a19b77721b3:content-9a74027936cb3ef5f8c48cd0ac207c4a68cc29760bf9f4eb9f45dcce39cbe988,https://api.stlouisfed.org/fred/series/observations?file_type=json&limit=100000&offset=0&output_type=4&realtime_end=2026-09-01&realtime_start=1776-07-04&series_id=CPIAUCNS&sort_order=asc&units=lin
CPIAUCNS,1955-10-01,114.90000000000001,1955-11-23T00:00:00Z,1955-11-22,fred-api-v1:query-c24ecc48228d416cec5da646a34f5ebc76a5e76b3d782164c7267a19b77721b3:content-9a74027936cb3ef5f8c48cd0ac207c4a68cc29760bf9f4eb9f45dcce39cbe988,https://api.stlouisfed.org/fred/series/observations?file_type=json&limit=100000&offset=0&output_type=4&realtime_end=2026-09-01&realtime_start=1776-07-04&series_id=CPIAUCNS&sort_order=asc&units=lin
CPIAUCNS,1955-11-01,115,1955-12-22T00:00:00Z,1955-12-21,fred-api-v1:query-c24ecc48228d416cec5da646a34f5ebc76a5e76b3d782164c7267a19b77721b3:content-9a74027936cb3ef5f8c48cd0ac207c4a68cc29760bf9f4eb9f45dcce39cbe988,https://api.stlouisfed.org/fred/series/observations?file_type=json&limit=100000&offset=0&output_type=4&realtime_end=2026-09-01&realtime_start=1776-07-04&series_id=CPIAUCNS&sort_order=asc&units=lin
CPIAUCNS,1955-12-01,114.7,1956-01-21T00:00:00Z,1956-01-20,fred-api-v1:query-c24ecc48228d416cec5da646a34f5ebc76a5e76b3d782164c7267a19b77721b3:content-9a74027936cb3ef5f8c48cd0ac207c4a68cc29760bf9f4eb9f45dcce39cbe988,https://api.stlouisfed.org/fred/series/observations?file_type=json&limit=100000&offset=0&output_type=4&realtime_end=2026-09-01&realtime_start=1776-07-04&series_id=CPIAUCNS&sort_order=asc&units=lin
CPIAUCNS,1956-01-01,114.59999999999999,1956-02-25T00:00:00Z,1956-02-24,fred-api-v1:query-c24ecc48228d416cec5da646a34f5ebc76a5e76b3d782164c7267a19b77721b3:content-9a74027936cb3ef5f8c48cd0ac207c4a68cc29760bf9f4eb9f45dcce39cbe988,https://api.stlouisfed.org/fred/series/observations?file_type=json&limit=100000&offset=0&output_type=4&realtime_end=2026-09-01&realtime_start=1776-07-04&series_id=CPIAUCNS&sort_order=asc&units=lin
CPIAUCNS,1956-02-01,114.59999999999999,1956-03-27T00:00:00Z,1956-03-26,fred-api-v1:query-c24ecc48228d416cec5da646a34f5ebc76a5e76b3d782164c7267a19b77721b3:content-9a74027936cb3ef5f8c48cd0ac207c4a68cc29760bf9f4eb9f45dcce39cbe988,https://api.stlouisfed.org/fred/series/observations?file_type=json&limit=100000&offset=0&output_type=4&realtime_end=2026-09-01&realtime_start=1776-07-04&series_id=CPIAUCNS&sort_order=asc&units=lin
CPIAUCNS,1956-03-01,114.7,1956-04-26T00:00:00Z,1956-04-25,fred-api-v1:query-c24ecc48228d416cec5da646a34f5ebc76a5e76b3d782164c7267a19b77721b3:content-9a74027936cb3ef5f8c48cd0ac207c4a68cc29760bf9f4eb9f45dcce39cbe988,https://api.stlouisfed.org/fred/series/observations?file_type=json&limit=100000&offset=0&output_type=4&realtime_end=2026-09-01&realtime_start=1776-07-04&series_id=CPIAUCNS&sort_order=asc&units=lin
CPIAUCNS,1956-04-01,114.90000000000001,1956-05-25T00:00:00Z,1956-05-24,fred-api-v1:query-c24ecc48228d416cec5da646a34f5ebc76a5e76b3d782164c7267a19b77721b3:content-9a74027936cb3ef5f8c48cd0ac207c4a68cc29760bf9f4eb9f45dcce39cbe988,https://api.stlouisfed.org/fred/series/observations?file_type=json&limit=100000&offset=0&output_type=4&realtime_end=2026-09-01&realtime_start=1776-07-04&series_id=CPIAUCNS&sort_order=asc&units=lin
CPIAUCNS,1956-05-01,115.40000000000001,1956-06-27T00:00:00Z,1956-06-26,fred-api-v1:query-c24ecc48228d416cec5da646a34f5ebc76a5e76b3d782164c7267a19b77721b3:content-9a74027936cb3ef5f8c48cd0ac207c4a68cc29760bf9f4eb9f45dcce39cbe988,https://api.stlouisfed.org/fred/series/observations?file_type=json&limit=100000&offset=0&output_type=4&realtime_end=2026-09-01&realtime_start=1776-07-04&series_id=CPIAUCNS&sort_order=asc&units=lin
CPIAUCNS,1956-06-01,116.2,1956-07-25T00:00:00Z,1956-07-24,fred-api-v1:query-c24ecc48228d416cec5da646a34f5ebc76a5e76b3d782164c7267a19b77721b3:content-9a74027936cb3ef5f8c48cd0ac207c4a68cc29760bf9f4eb9f45dcce39cbe988,https://api.stlouisfed.org/fred/series/observations?file_type=json&limit=100000&offset=0&output_type=4&realtime_end=2026-09-01&realtime_start=1776-07-04&series_id=CPIAUCNS&sort_order=asc&units=lin
CPIAUCNS,1956-07-01,117,1956-08-25T00:00:00Z,1956-08-24,fred-api-v1:query-c24ecc48228d416cec5da646a34f5ebc76a5e76b3d782164c7267a19b77721b3:content-9a74027936cb3ef5f8c48cd0ac207c4a68cc29760bf9f4eb9f45dcce39cbe988,https://api.stlouisfed.org/fred/series/observations?file_type=json&limit=100000&offset=0&output_type=4&realtime_end=2026-09-01&realtime_start=1776-07-04&series_id=CPIAUCNS&sort_order=asc&units=lin
CPIAUCNS,1956-08-01,116.8,1956-09-22T00:00:00Z,1956-09-21,fred-api-v1:query-c24ecc48228d416cec5da646a34f5ebc76a5e76b3d782164c7267a19b77721b3:content-9a74027936cb3ef5f8c48cd0ac207c4a68cc29760bf9f4eb9f45dcce39cbe988,https://api.stlouisfed.org/fred/series/observations?file_type=json&limit=100000&offset=0&output_type=4&realtime_end=2026-09-01&realtime_start=1776-07-04&series_id=CPIAUCNS&sort_order=asc&units=lin
CPIAUCNS,1956-09-01,117.09999999999999,1956-10-26T00:00:00Z,1956-10-25,fred-api-v1:query-c24ecc48228d416cec5da646a34f5ebc76a5e76b3d782164c7267a19b77721b3:content-9a74027936cb3ef5f8c48cd0ac207c4a68cc29760bf9f4eb9f45dcce39cbe988,https://api.stlouisfed.org/fred/series/observations?file_type=json&limit=100000&offset=0&output_type=4&realtime_end=2026-09-01&realtime_start=1776-07-04&series_id=CPIAUCNS&sort_order=asc&units=lin
CPIAUCNS,1956-10-01,117.7,1956-11-27T00:00:00Z,1956-11-26,fred-api-v1:query-c24ecc48228d416cec5da646a34f5ebc76a5e76b3d782164c7267a19b77721b3:content-9a74027936cb3ef5f8c48cd0ac207c4a68cc29760bf9f4eb9f45dcce39cbe988,https://api.stlouisfed.org/fred/series/observations?file_type=json&limit=100000&offset=0&output_type=4&realtime_end=2026-09-01&realtime_start=1776-07-04&series_id=CPIAUCNS&sort_order=asc&units=lin
CPIAUCNS,1956-11-01,117.8,1956-12-22T00:00:00Z,1956-12-21,fred-api-v1:query-c24ecc48228d416cec5da646a34f5ebc76a5e76b3d782164c7267a19b77721b3:content-9a74027936cb3ef5f8c48cd0ac207c4a68cc29760bf9f4eb9f45dcce39cbe988,https://api.stlouisfed.org/fred/series/observations?file_type=json&limit=100000&offset=0&output_type=4&realtime_end=2026-09-01&realtime_start=1776-07-04&series_id=CPIAUCNS&sort_order=asc&units=lin
CPIAUCNS,1956-12-01,118,1957-01-26T00:00:00Z,1957-01-25,fred-api-v1:query-c24ecc48228d416cec5da646a34f5ebc76a5e76b3d782164c7267a19b77721b3:content-9a74027936cb3ef5f8c48cd0ac207c4a68cc29760bf9f4eb9f45dcce39cbe988,https://api.stlouisfed.org/fred/series/observations?file_type=json&limit=100000&offset=0&output_type=4&realtime_end=2026-09-01&realtime_start=1776-07-04&series_id=CPIAUCNS&sort_order=asc&units=lin
CPIAUCNS,1957-01-01,118.2,1957-02-22T00:00:00Z,1957-02-21,fred-api-v1:query-c24ecc48228d416cec5da646a34f5ebc76a5e76b3d782164c7267a19b77721b3:content-9a74027936cb3ef5f8c48cd0ac207c4a68cc29760bf9f4eb9f45dcce39cbe988,https://api.stlouisfed.org/fred/series/observations?file_type=json&limit=100000&offset=0&output_type=4&realtime_end=2026-09-01&realtime_start=1776-07-04&series_id=CPIAUCNS&sort_order=asc&units=lin
CPIAUCNS,1957-02-01,118.7,1957-03-23T00:00:00Z,1957-03-22,fred-api-v1:query-c24ecc48228d416cec5da646a34f5ebc76a5e76b3d782164c7267a19b77721b3:content-9a74027936cb3ef5f8c48cd0ac207c4a68cc29760bf9f4eb9f45dcce39cbe988,https://api.stlouisfed.org/fred/series/observations?file_type=json&limit=100000&offset=0&output_type=4&realtime_end=2026-09-01&realtime_start=1776-07-04&series_id=CPIAUCNS&sort_order=asc&units=lin
CPIAUCNS,1957-03-01,118.90000000000001,1957-04-24T00:00:00Z,1957-04-23,fred-api-v1:query-c24ecc48228d416cec5da646a34f5ebc76a5e76b3d782164c7267a19b77721b3:content-9a74027936cb3ef5f8c48cd0ac207c4a68cc29760bf9f4eb9f45dcce39cbe988,https://api.stlouisfed.org/fred/series/observations?file_type=json&limit=100000&offset=0&output_type=4&realtime_end=2026-09-01&realtime_start=1776-07-04&series_id=CPIAUCNS&sort_order=asc&units=lin
CPIAUCNS,1957-04-01,119.3,1957-05-25T00:00:00Z,1957-05-24,fred-api-v1:query-c24ecc48228d416cec5da646a34f5ebc76a5e76b3d782164c7267a19b77721b3:content-9a74027936cb3ef5f8c48cd0ac207c4a68cc29760bf9f4eb9f45dcce39cbe988,https://api.stlouisfed.org/fred/series/observations?file_type=json&limit=100000&offset=0&output_type=4&realtime_end=2026-09-01&realtime_start=1776-07-04&series_id=CPIAUCNS&sort_order=asc&units=lin
CPIAUCNS,1957-05-01,119.59999999999999,1957-06-26T00:00:00Z,1957-06-25,fred-api-v1:query-c24ecc48228d416cec5da646a34f5ebc76a5e76b3d782164c7267a19b77721b3:content-9a74027936cb3ef5f8c48cd0ac207c4a68cc29760bf9f4eb9f45dcce39cbe988,https://api.stlouisfed.org/fred/series/observations?file_type=json&limit=100000&offset=0&output_type=4&realtime_end=2026-09-01&realtime_start=1776-07-04&series_id=CPIAUCNS&sort_order=asc&units=lin
CPIAUCNS,1957-06-01,120.2,1957-07-25T00:00:00Z,1957-07-24,fred-api-v1:query-c24ecc48228d416cec5da646a34f5ebc76a5e76b3d782164c7267a19b77721b3:content-9a74027936cb3ef5f8c48cd0ac207c4a68cc29760bf9f4eb9f45dcce39cbe988,https://api.stlouisfed.org/fred/series/observations?file_type=json&limit=100000&offset=0&output_type=4&realtime_end=2026-09-01&realtime_start=1776-07-04&series_id=CPIAUCNS&sort_order=asc&units=lin
CPIAUCNS,1957-07-01,120.8,1957-08-23T00:00:00Z,1957-08-22,fred-api-v1:query-c24ecc48228d416cec5da646a34f5ebc76a5e76b3d782164c7267a19b77721b3:content-9a74027936cb3ef5f8c48cd0ac207c4a68cc29760bf9f4eb9f45dcce39cbe988,https://api.stlouisfed.org/fred/series/observations?file_type=json&limit=100000&offset=0&output_type=4&realtime_end=2026-09-01&realtime_start=1776-07-04&series_id=CPIAUCNS&sort_order=asc&units=lin
CPIAUCNS,1957-08-01,121,1957-09-25T00:00:00Z,1957-09-24,fred-api-v1:query-c24ecc48228d416cec5da646a34f5ebc76a5e76b3d782164c7267a19b77721b3:content-9a74027936cb3ef5f8c48cd0ac207c4a68cc29760bf9f4eb9f45dcce39cbe988,https://api.stlouisfed.org/fred/series/observations?file_type=json&limit=100000&offset=0&output_type=4&realtime_end=2026-09-01&realtime_start=1776-07-04&series_id=CPIAUCNS&sort_order=asc&units=lin
CPIAUCNS,1957-09-01,121.09999999999999,1957-10-26T00:00:00Z,1957-10-25,fred-api-v1:query-c24ecc48228d416cec5da646a34f5ebc76a5e76b3d782164c7267a19b77721b3:content-9a74027936cb3ef5f8c48cd0ac207c4a68cc29760bf9f4eb9f45dcce39cbe988,https://api.stlouisfed.org/fred/series/observations?file_type=json&limit=100000&offset=0&output_type=4&realtime_end=2026-09-01&realtime_start=1776-07-04&series_id=CPIAUCNS&sort_order=asc&units=lin
CPIAUCNS,1957-10-01,121.09999999999999,1957-11-23T00:00:00Z,1957-11-22,fred-api-v1:query-c24ecc48228d416cec5da646a34f5ebc76a5e76b3d782164c7267a19b77721b3:content-9a74027936cb3ef5f8c48cd0ac207c4a68cc29760bf9f4eb9f45dcce39cbe988,https://api.stlouisfed.org/fred/series/observations?file_type=json&limit=100000&offset=0&output_type=4&realtime_end=2026-09-01&realtime_start=1776-07-04&series_id=CPIAUCNS&sort_order=asc&units=lin
CPIAUCNS,1957-11-01,121.59999999999999,1957-12-21T00:00:00Z,1957-12-20,fred-api-v1:query-c24ecc48228d416cec5da646a34f5ebc76a5e76b3d782164c7267a19b77721b3:content-9a74027936cb3ef5f8c48cd0ac207c4a68cc29760bf9f4eb9f45dcce39cbe988,https://api.stlouisfed.org/fred/series/observations?file_type=json&limit=100000&offset=0&output_type=4&realtime_end=2026-09-01&realtime_start=1776-07-04&series_id=CPIAUCNS&sort_order=asc&units=lin
CPIAUCNS,1957-12-01,121.59999999999999,1958-01-22T00:00:00Z,1958-01-21,fred-api-v1:query-c24ecc48228d416cec5da646a34f5ebc76a5e76b3d782164c7267a19b77721b3:content-9a74027936cb3ef5f8c48cd0ac207c4a68cc29760bf9f4eb9f45dcce39cbe988,https://api.stlouisfed.org/fred/series/observations?file_type=json&limit=100000&offset=0&output_type=4&realtime_end=2026-09-01&realtime_start=1776-07-04&series_id=CPIAUCNS&sort_order=asc&units=lin
CPIAUCNS,1958-01-01,122.3,1958-02-26T00:00:00Z,1958-02-25,fred-api-v1:query-c24ecc48228d416cec5da646a34f5ebc76a5e76b3d782164c7267a19b77721b3:content-9a74027936cb3ef5f8c48cd0ac207c4a68cc29760bf9f4eb9f45dcce39cbe988,https://api.stlouisfed.org/fred/series/observations?file_type=json&limit=100000&offset=0&output_type=4&realtime_end=2026-09-01&realtime_start=1776-07-04&series_id=CPIAUCNS&sort_order=asc&units=lin
CPIAUCNS,1958-02-01,122.5,1958-03-22T00:00:00Z,1958-03-21,fred-api-v1:query-c24ecc48228d416cec5da646a34f5ebc76a5e76b3d782164c7267a19b77721b3:content-9a74027936cb3ef5f8c48cd0ac207c4a68cc29760bf9f4eb9f45dcce39cbe988,https://api.stlouisfed.org/fred/series/observations?file_type=json&limit=100000&offset=0&output_type=4&realtime_end=2026-09-01&realtime_start=1776-07-04&series_id=CPIAUCNS&sort_order=asc&units=lin
CPIAUCNS,1958-03-01,123.3,1958-04-24T00:00:00Z,1958-04-23,fred-api-v1:query-c24ecc48228d416cec5da646a34f5ebc76a5e76b3d782164c7267a19b77721b3:content-9a74027936cb3ef5f8c48cd0ac207c4a68cc29760bf9f4eb9f45dcce39cbe988,https://api.stlouisfed.org/fred/series/observations?file_type=json&limit=100000&offset=0&output_type=4&realtime_end=2026-09-01&realtime_start=1776-07-04&series_id=CPIAUCNS&sort_order=asc&units=lin
CPIAUCNS,1958-04-01,123.5,1958-05-23T00:00:00Z,1958-05-22,fred-api-v1:query-c24ecc48228d416cec5da646a34f5ebc76a5e76b3d782164c7267a19b77721b3:content-9a74027936cb3ef5f8c48cd0ac207c4a68cc29760bf9f4eb9f45dcce39cbe988,https://api.stlouisfed.org/fred/series/observations?file_type=json&limit=100000&offset=0&output_type=4&realtime_end=2026-09-01&realtime_start=1776-07-04&series_id=CPIAUCNS&sort_order=asc&units=lin
CPIAUCNS,1958-05-01,123.59999999999999,1958-06-25T00:00:00Z,1958-06-24,fred-api-v1:query-c24ecc48228d416cec5da646a34f5ebc76a5e76b3d782164c7267a19b77721b3:content-9a74027936cb3ef5f8c48cd0ac207c4a68cc29760bf9f4eb9f45dcce39cbe988,https://api.stlouisfed.org/fred/series/observations?file_type=json&limit=100000&offset=0&output_type=4&realtime_end=2026-09-01&realtime_start=1776-07-04&series_id=CPIAUCNS&sort_order=asc&units=lin
CPIAUCNS,1958-06-01,123.7,1958-07-24T00:00:00Z,1958-07-23,fred-api-v1:query-c24ecc48228d416cec5da646a34f5ebc76a5e76b3d782164c7267a19b77721b3:content-9a74027936cb3ef5f8c48cd0ac207c4a68cc29760bf9f4eb9f45dcce39cbe988,https://api.stlouisfed.org/fred/series/observations?file_type=json&limit=100000&offset=0&output_type=4&realtime_end=2026-09-01&realtime_start=1776-07-04&series_id=CPIAUCNS&sort_order=asc&units=lin
CPIAUCNS,1958-07-01,123.90000000000001,1958-08-23T00:00:00Z,1958-08-22,fred-api-v1:query-c24ecc48228d416cec5da646a34f5ebc76a5e76b3d782164c7267a19b77721b3:content-9a74027936cb3ef5f8c48cd0ac207c4a68cc29760bf9f4eb9f45dcce39cbe988,https://api.stlouisfed.org/fred/series/observations?file_type=json&limit=100000&offset=0&output_type=4&realtime_end=2026-09-01&realtime_start=1776-07-04&series_id=CPIAUCNS&sort_order=asc&units=lin
CPIAUCNS,1958-08-01,123.7,1958-09-20T00:00:00Z,1958-09-19,fred-api-v1:query-c24ecc48228d416cec5da646a34f5ebc76a5e76b3d782164c7267a19b77721b3:content-9a74027936cb3ef5f8c48cd0ac207c4a68cc29760bf9f4eb9f45dcce39cbe988,https://api.stlouisfed.org/fred/series/observations?file_type=json&limit=100000&offset=0&output_type=4&realtime_end=2026-09-01&realtime_start=1776-07-04&series_id=CPIAUCNS&sort_order=asc&units=lin
CPIAUCNS,1958-09-01,123.7,1958-10-24T00:00:00Z,1958-10-23,fred-api-v1:query-c24ecc48228d416cec5da646a34f5ebc76a5e76b3d782164c7267a19b77721b3:content-9a74027936cb3ef5f8c48cd0ac207c4a68cc29760bf9f4eb9f45dcce39cbe988,https://api.stlouisfed.org/fred/series/observations?file_type=json&limit=100000&offset=0&output_type=4&realtime_end=2026-09-01&realtime_start=1776-07-04&series_id=CPIAUCNS&sort_order=asc&units=lin
CPIAUCNS,1958-10-01,123.7,1958-11-26T00:00:00Z,1958-11-25,fred-api-v1:query-c24ecc48228d416cec5da646a34f5ebc76a5e76b3d782164c7267a19b77721b3:content-9a74027936cb3ef5f8c48cd0ac207c4a68cc29760bf9f4eb9f45dcce39cbe988,https://api.stlouisfed.org/fred/series/observations?file_type=json&limit=100000&offset=0&output_type=4&realtime_end=2026-09-01&realtime_start=1776-07-04&series_id=CPIAUCNS&sort_order=asc&units=lin
CPIAUCNS,1958-11-01,123.90000000000001,1958-12-24T00:00:00Z,1958-12-23,fred-api-v1:query-c24ecc48228d416cec5da646a34f5ebc76a5e76b3d782164c7267a19b77721b3:content-9a74027936cb3ef5f8c48cd0ac207c4a68cc29760bf9f4eb9f45dcce39cbe988,https://api.stlouisfed.org/fred/series/observations?file_type=json&limit=100000&offset=0&output_type=4&realtime_end=2026-09-01&realtime_start=1776-07-04&series_id=CPIAUCNS&sort_order=asc&units=lin
CPIAUCNS,1958-12-01,123.7,1959-01-24T00:00:00Z,1959-01-23,fred-api-v1:query-c24ecc48228d416cec5da646a34f5ebc76a5e76b3d782164c7267a19b77721b3:content-9a74027936cb3ef5f8c48cd0ac207c4a68cc29760bf9f4eb9f45dcce39cbe988,https://api.stlouisfed.org/fred/series/observations?file_type=json&limit=100000&offset=0&output_type=4&realtime_end=2026-09-01&realtime_start=1776-07-04&series_id=CPIAUCNS&sort_order=asc&units=lin
CPIAUCNS,1959-01-01,123.8,1959-02-21T00:00:00Z,1959-02-20,fred-api-v1:query-c24ecc48228d416cec5da646a34f5ebc76a5e76b3d782164c7267a19b77721b3:content-9a74027936cb3ef5f8c48cd0ac207c4a68cc29760bf9f4eb9f45dcce39cbe988,https://api.stlouisfed.org/fred/series/observations?file_type=json&limit=100000&offset=0&output_type=4&realtime_end=2026-09-01&realtime_start=1776-07-04&series_id=CPIAUCNS&sort_order=asc&units=lin
CPIAUCNS,1959-02-01,123.7,1959-03-26T00:00:00Z,1959-03-25,fred-api-v1:query-c24ecc48228d416cec5da646a34f5ebc76a5e76b3d782164c7267a19b77721b3:content-9a74027936cb3ef5f8c48cd0ac207c4a68cc29760bf9f4eb9f45dcce39cbe988,https://api.stlouisfed.org/fred/series/observations?file_type=json&limit=100000&offset=0&output_type=4&realtime_end=2026-09-01&realtime_start=1776-07-04&series_id=CPIAUCNS&sort_order=asc&units=lin
CPIAUCNS,1959-03-01,123.7,1959-04-23T00:00:00Z,1959-04-22,fred-api-v1:query-c24ecc48228d416cec5da646a34f5ebc76a5e76b3d782164c7267a19b77721b3:content-9a74027936cb3ef5f8c48cd0ac207c4a68cc29760bf9f4eb9f45dcce39cbe988,https://api.stlouisfed.org/fred/series/observations?file_type=json&limit=100000&offset=0&output_type=4&realtime_end=2026-09-01&realtime_start=1776-07-04&series_id=CPIAUCNS&sort_order=asc&units=lin
CPIAUCNS,1959-04-01,123.90000000000001,1959-05-23T00:00:00Z,1959-05-22,fred-api-v1:query-c24ecc48228d416cec5da646a34f5ebc76a5e76b3d782164c7267a19b77721b3:content-9a74027936cb3ef5f8c48cd0ac207c4a68cc29760bf9f4eb9f45dcce39cbe988,https://api.stlouisfed.org/fred/series/observations?file_type=json&limit=100000&offset=0&output_type=4&realtime_end=2026-09-01&realtime_start=1776-07-04&series_id=CPIAUCNS&sort_order=asc&units=lin
CPIAUCNS,1959-05-01,124,1959-06-20T00:00:00Z,1959-06-19,fred-api-v1:query-c24ecc48228d416cec5da646a34f5ebc76a5e76b3d782164c7267a19b77721b3:content-9a74027936cb3ef5f8c48cd0ac207c4a68cc29760bf9f4eb9f45dcce39cbe988,https://api.stlouisfed.org/fred/series/observations?file_type=json&limit=100000&offset=0&output_type=4&realtime_end=2026-09-01&realtime_start=1776-07-04&series_id=CPIAUCNS&sort_order=asc&units=lin
CPIAUCNS,1959-06-01,124.5,1959-07-23T00:00:00Z,1959-07-22,fred-api-v1:query-c24ecc48228d416cec5da646a34f5ebc76a5e76b3d782164c7267a19b77721b3:content-9a74027936cb3ef5f8c48cd0ac207c4a68cc29760bf9f4eb9f45dcce39cbe988,https://api.stlouisfed.org/fred/series/observations?file_type=json&limit=100000&offset=0&output_type=4&realtime_end=2026-09-01&realtime_start=1776-07-04&series_id=CPIAUCNS&sort_order=asc&units=lin
CPIAUCNS,1959-07-01,124.90000000000001,1959-08-22T00:00:00Z,1959-08-21,fred-api-v1:query-c24ecc48228d416cec5da646a34f5ebc76a5e76b3d782164c7267a19b77721b3:content-9a74027936cb3ef5f8c48cd0ac207c4a68cc29760bf9f4eb9f45dcce39cbe988,https://api.stlouisfed.org/fred/series/observations?file_type=json&limit=100000&offset=0&output_type=4&realtime_end=2026-09-01&realtime_start=1776-07-04&series_id=CPIAUCNS&sort_order=asc&units=lin
CPIAUCNS,1959-08-01,124.8,1959-09-24T00:00:00Z,1959-09-23,fred-api-v1:query-c24ecc48228d416cec5da646a34f5ebc76a5e76b3d782164c7267a19b77721b3:content-9a74027936cb3ef5f8c48cd0ac207c4a68cc29760bf9f4eb9f45dcce39cbe988,https://api.stlouisfed.org/fred/series/observations?file_type=json&limit=100000&offset=0&output_type=4&realtime_end=2026-09-01&realtime_start=1776-07-04&series_id=CPIAUCNS&sort_order=asc&units=lin
CPIAUCNS,1959-09-01,125.2,1959-10-24T00:00:00Z,1959-10-23,fred-api-v1:query-c24ecc48228d416cec5da646a34f5ebc76a5e76b3d782164c7267a19b77721b3:content-9a74027936cb3ef5f8c48cd0ac207c4a68cc29760bf9f4eb9f45dcce39cbe988,https://api.stlouisfed.org/fred/series/observations?file_type=json&limit=100000&offset=0&output_type=4&realtime_end=2026-09-01&realtime_start=1776-07-04&series_id=CPIAUCNS&sort_order=asc&units=lin
CPIAUCNS,1959-10-01,125.5,1959-11-26T00:00:00Z,1959-11-25,fred-api-v1:query-c24ecc48228d416cec5da646a34f5ebc76a5e76b3d782164c7267a19b77721b3:content-9a74027936cb3ef5f8c48cd0ac207c4a68cc29760bf9f4eb9f45dcce39cbe988,https://api.stlouisfed.org/fred/series/observations?file_type=json&limit=100000&offset=0&output_type=4&realtime_end=2026-09-01&realtime_start=1776-07-04&series_id=CPIAUCNS&sort_order=asc&units=lin
CPIAUCNS,1959-11-01,125.59999999999999,1959-12-23T00:00:00Z,1959-12-22,fred-api-v1:query-c24ecc48228d416cec5da646a34f5ebc76a5e76b3d782164c7267a19b77721b3:content-9a74027936cb3ef5f8c48cd0ac207c4a68cc29760bf9f4eb9f45dcce39cbe988,https://api.stlouisfed.org/fred/series/observations?file_type=json&limit=100000&offset=0&output_type=4&realtime_end=2026-09-01&realtime_start=1776-07-04&series_id=CPIAUCNS&sort_order=asc&units=lin
CPIAUCNS,1959-12-01,125.5,1960-01-23T00:00:00Z,1960-01-22,fred-api-v1:query-c24ecc48228d416cec5da646a34f5ebc76a5e76b3d782164c7267a19b77721b3:content-9a74027936cb3ef5f8c48cd0ac207c4a68cc29760bf9f4eb9f45dcce39cbe988,https://api.stlouisfed.org/fred/series/observations?file_type=json&limit=100000&offset=0&output_type=4&realtime_end=2026-09-01&realtime_start=1776-07-04&series_id=CPIAUCNS&sort_order=asc&units=lin
CPIAUCNS,1960-01-01,125.40000000000001,1960-02-26T00:00:00Z,1960-02-25,fred-api-v1:query-c24ecc48228d416cec5da646a34f5ebc76a5e76b3d782164c7267a19b77721b3:content-9a74027936cb3ef5f8c48cd0ac207c4a68cc29760bf9f4eb9f45dcce39cbe988,https://api.stlouisfed.org/fred/series/observations?file_type=json&limit=100000&offset=0&output_type=4&realtime_end=2026-09-01&realtime_start=1776-07-04&series_id=CPIAUCNS&sort_order=asc&units=lin
CPIAUCNS,1960-02-01,125.59999999999999,1960-03-26T00:00:00Z,1960-03-25,fred-api-v1:query-c24ecc48228d416cec5da646a34f5ebc76a5e76b3d782164c7267a19b77721b3:content-9a74027936cb3ef5f8c48cd0ac207c4a68cc29760bf9f4eb9f45dcce39cbe988,https://api.stlouisfed.org/fred/series/observations?file_type=json&limit=100000&offset=0&output_type=4&realtime_end=2026-09-01&realtime_start=1776-07-04&series_id=CPIAUCNS&sort_order=asc&units=lin
CPIAUCNS,1960-03-01,125.7,1960-04-26T00:00:00Z,1960-04-25,fred-api-v1:query-c24ecc48228d416cec5da646a34f5ebc76a5e76b3d782164c7267a19b77721b3:content-9a74027936cb3ef5f8c48cd0ac207c4a68cc29760bf9f4eb9f45dcce39cbe988,https://api.stlouisfed.org/fred/series/observations?file_type=json&limit=100000&offset=0&output_type=4&realtime_end=2026-09-01&realtime_start=1776-07-04&series_id=CPIAUCNS&sort_order=asc&units=lin
CPIAUCNS,1960-04-01,126.2,1960-05-26T00:00:00Z,1960-05-25,fred-api-v1:query-c24ecc48228d416cec5da646a34f5ebc76a5e76b3d782164c7267a19b77721b3:content-9a74027936cb3ef5f8c48cd0ac207c4a68cc29760bf9f4eb9f45dcce39cbe988,https://api.stlouisfed.org/fred/series/observations?file_type=json&limit=100000&offset=0&output_type=4&realtime_end=2026-09-01&realtime_start=1776-07-04&series_id=CPIAUCNS&sort_order=asc&units=lin
CPIAUCNS,1960-05-01,126.3,1960-06-25T00:00:00Z,1960-06-24,fred-api-v1:query-c24ecc48228d416cec5da646a34f5ebc76a5e76b3d782164c7267a19b77721b3:content-9a74027936cb3ef5f8c48cd0ac207c4a68cc29760bf9f4eb9f45dcce39cbe988,https://api.stlouisfed.org/fred/series/observations?file_type=json&limit=100000&offset=0&output_type=4&realtime_end=2026-09-01&realtime_start=1776-07-04&series_id=CPIAUCNS&sort_order=asc&units=lin
CPIAUCNS,1960-06-01,126.5,1960-07-23T00:00:00Z,1960-07-22,fred-api-v1:query-c24ecc48228d416cec5da646a34f5ebc76a5e76b3d782164c7267a19b77721b3:content-9a74027936cb3ef5f8c48cd0ac207c4a68cc29760bf9f4eb9f45dcce39cbe988,https://api.stlouisfed.org/fred/series/observations?file_type=json&limit=100000&offset=0&output_type=4&realtime_end=2026-09-01&realtime_start=1776-07-04&series_id=CPIAUCNS&sort_order=asc&units=lin
CPIAUCNS,1960-07-01,126.59999999999999,1960-08-26T00:00:00Z,1960-08-25,fred-api-v1:query-c24ecc48228d416cec5da646a34f5ebc76a5e76b3d782164c7267a19b77721b3:content-9a74027936cb3ef5f8c48cd0ac207c4a68cc29760bf9f4eb9f45dcce39cbe988,https://api.stlouisfed.org/fred/series/observations?file_type=json&limit=100000&offset=0&output_type=4&realtime_end=2026-09-01&realtime_start=1776-07-04&series_id=CPIAUCNS&sort_order=asc&units=lin
CPIAUCNS,1960-08-01,126.59999999999999,1960-09-24T00:00:00Z,1960-09-23,fred-api-v1:query-c24ecc48228d416cec5da646a34f5ebc76a5e76b3d782164c7267a19b77721b3:content-9a74027936cb3ef5f8c48cd0ac207c4a68cc29760bf9f4eb9f45dcce39cbe988,https://api.stlouisfed.org/fred/series/observations?file_type=json&limit=100000&offset=0&output_type=4&realtime_end=2026-09-01&realtime_start=1776-07-04&series_id=CPIAUCNS&sort_order=asc&units=lin
CPIAUCNS,1960-09-01,126.8,1960-10-27T00:00:00Z,1960-10-26,fred-api-v1:query-c24ecc48228d416cec5da646a34f5ebc76a5e76b3d782164c7267a19b77721b3:content-9a74027936cb3ef5f8c48cd0ac207c4a68cc29760bf9f4eb9f45dcce39cbe988,https://api.stlouisfed.org/fred/series/observations?file_type=json&limit=100000&offset=0&output_type=4&realtime_end=2026-09-01&realtime_start=1776-07-04&series_id=CPIAUCNS&sort_order=asc&units=lin
CPIAUCNS,1960-10-01,127.3,1960-11-26T00:00:00Z,1960-11-25,fred-api-v1:query-c24ecc48228d416cec5da646a34f5ebc76a5e76b3d782164c7267a19b77721b3:content-9a74027936cb3ef5f8c48cd0ac207c4a68cc29760bf9f4eb9f45dcce39cbe988,https://api.stlouisfed.org/fred/series/observations?file_type=json&limit=100000&offset=0&output_type=4&realtime_end=2026-09-01&realtime_start=1776-07-04&series_id=CPIAUCNS&sort_order=asc&units=lin
CPIAUCNS,1960-11-01,127.40000000000001,1960-12-24T00:00:00Z,1960-12-23,fred-api-v1:query-c24ecc48228d416cec5da646a34f5ebc76a5e76b3d782164c7267a19b77721b3:content-9a74027936cb3ef5f8c48cd0ac207c4a68cc29760bf9f4eb9f45dcce39cbe988,https://api.stlouisfed.org/fred/series/observations?file_type=json&limit=100000&offset=0&output_type=4&realtime_end=2026-09-01&realtime_start=1776-07-04&series_id=CPIAUCNS&sort_order=asc&units=lin
CPIAUCNS,1960-12-01,127.5,1961-01-28T00:00:00Z,1961-01-27,fred-api-v1:query-c24ecc48228d416cec5da646a34f5ebc76a5e76b3d782164c7267a19b77721b3:content-9a74027936cb3ef5f8c48cd0ac207c4a68cc29760bf9f4eb9f45dcce39cbe988,https://api.stlouisfed.org/fred/series/observations?file_type=json&limit=100000&offset=0&output_type=4&realtime_end=2026-09-01&realtime_start=1776-07-04&series_id=CPIAUCNS&sort_order=asc&units=lin
CPIAUCNS,1961-01-01,127.40000000000001,1961-03-01T00:00:00Z,1961-02-28,fred-api-v1:query-c24ecc48228d416cec5da646a34f5ebc76a5e76b3d782164c7267a19b77721b3:content-9a74027936cb3ef5f8c48cd0ac207c4a68cc29760bf9f4eb9f45dcce39cbe988,https://api.stlouisfed.org/fred/series/observations?file_type=json&limit=100000&offset=0&output_type=4&realtime_end=2026-09-01&realtime_start=1776-07-04&series_id=CPIAUCNS&sort_order=asc&units=lin
CPIAUCNS,1961-02-01,127.5,1961-03-25T00:00:00Z,1961-03-24,fred-api-v1:query-c24ecc48228d416cec5da646a34f5ebc76a5e76b3d782164c7267a19b77721b3:content-9a74027936cb3ef5f8c48cd0ac207c4a68cc29760bf9f4eb9f45dcce39cbe988,https://api.stlouisfed.org/fred/series/observations?file_type=json&limit=100000&offset=0&output_type=4&realtime_end=2026-09-01&realtime_start=1776-07-04&series_id=CPIAUCNS&sort_order=asc&units=lin
CPIAUCNS,1961-03-01,127.5,1961-04-27T00:00:00Z,1961-04-26,fred-api-v1:query-c24ecc48228d416cec5da646a34f5ebc76a5e76b3d782164c7267a19b77721b3:content-9a74027936cb3ef5f8c48cd0ac207c4a68cc29760bf9f4eb9f45dcce39cbe988,https://api.stlouisfed.org/fred/series/observations?file_type=json&limit=100000&offset=0&output_type=4&realtime_end=2026-09-01&realtime_start=1776-07-04&series_id=CPIAUCNS&sort_order=asc&units=lin
CPIAUCNS,1961-04-01,127.5,1961-05-26T00:00:00Z,1961-05-25,fred-api-v1:query-c24ecc48228d416cec5da646a34f5ebc76a5e76b3d782164c7267a19b77721b3:content-9a74027936cb3ef5f8c48cd0ac207c4a68cc29760bf9f4eb9f45dcce39cbe988,https://api.stlouisfed.org/fred/series/observations?file_type=json&limit=100000&offset=0&output_type=4&realtime_end=2026-09-01&realtime_start=1776-07-04&series_id=CPIAUCNS&sort_order=asc&units=lin
CPIAUCNS,1961-05-01,127.40000000000001,1961-06-28T00:00:00Z,1961-06-27,fred-api-v1:query-c24ecc48228d416cec5da646a34f5ebc76a5e76b3d782164c7267a19b77721b3:content-9a74027936cb3ef5f8c48cd0ac207c4a68cc29760bf9f4eb9f45dcce39cbe988,https://api.stlouisfed.org/fred/series/observations?file_type=json&limit=100000&offset=0&output_type=4&realtime_end=2026-09-01&realtime_start=1776-07-04&series_id=CPIAUCNS&sort_order=asc&units=lin
CPIAUCNS,1961-06-01,127.59999999999999,1961-07-26T00:00:00Z,1961-07-25,fred-api-v1:query-c24ecc48228d416cec5da646a34f5ebc76a5e76b3d782164c7267a19b77721b3:content-9a74027936cb3ef5f8c48cd0ac207c4a68cc29760bf9f4eb9f45dcce39cbe988,https://api.stlouisfed.org/fred/series/observations?file_type=json&limit=100000&offset=0&output_type=4&realtime_end=2026-09-01&realtime_start=1776-07-04&series_id=CPIAUCNS&sort_order=asc&units=lin
CPIAUCNS,1961-07-01,128.09999999999999,1961-08-26T00:00:00Z,1961-08-25,fred-api-v1:query-c24ecc48228d416cec5da646a34f5ebc76a5e76b3d782164c7267a19b77721b3:content-9a74027936cb3ef5f8c48cd0ac207c4a68cc29760bf9f4eb9f45dcce39cbe988,https://api.stlouisfed.org/fred/series/observations?file_type=json&limit=100000&offset=0&output_type=4&realtime_end=2026-09-01&realtime_start=1776-07-04&series_id=CPIAUCNS&sort_order=asc&units=lin
CPIAUCNS,1961-08-01,128,1961-09-27T00:00:00Z,1961-09-26,fred-api-v1:query-c24ecc48228d416cec5da646a34f5ebc76a5e76b3d782164c7267a19b77721b3:content-9a74027936cb3ef5f8c48cd0ac207c4a68cc29760bf9f4eb9f45dcce39cbe988,https://api.stlouisfed.org/fred/series/observations?file_type=json&limit=100000&offset=0&output_type=4&realtime_end=2026-09-01&realtime_start=1776-07-04&series_id=CPIAUCNS&sort_order=asc&units=lin
CPIAUCNS,1961-09-01,128.30000000000001,1961-10-26T00:00:00Z,1961-10-25,fred-api-v1:query-c24ecc48228d416cec5da646a34f5ebc76a5e76b3d782164c7267a19b77721b3:content-9a74027936cb3ef5f8c48cd0ac207c4a68cc29760bf9f4eb9f45dcce39cbe988,https://api.stlouisfed.org/fred/series/observations?file_type=json&limit=100000&offset=0&output_type=4&realtime_end=2026-09-01&realtime_start=1776-07-04&series_id=CPIAUCNS&sort_order=asc&units=lin
CPIAUCNS,1961-10-01,128.40000000000001,1961-11-29T00:00:00Z,1961-11-28,fred-api-v1:query-c24ecc48228d416cec5da646a34f5ebc76a5e76b3d782164c7267a19b77721b3:content-9a74027936cb3ef5f8c48cd0ac207c4a68cc29760bf9f4eb9f45dcce39cbe988,https://api.stlouisfed.org/fred/series/observations?file_type=json&limit=100000&offset=0&output_type=4&realtime_end=2026-09-01&realtime_start=1776-07-04&series_id=CPIAUCNS&sort_order=asc&units=lin
CPIAUCNS,1961-11-01,128.30000000000001,1961-12-23T00:00:00Z,1961-12-22,fred-api-v1:query-c24ecc48228d416cec5da646a34f5ebc76a5e76b3d782164c7267a19b77721b3:content-9a74027936cb3ef5f8c48cd0ac207c4a68cc29760bf9f4eb9f45dcce39cbe988,https://api.stlouisfed.org/fred/series/observations?file_type=json&limit=100000&offset=0&output_type=4&realtime_end=2026-09-01&realtime_start=1776-07-04&series_id=CPIAUCNS&sort_order=asc&units=lin
CPIAUCNS,1961-12-01,128.19999999999999,1962-01-27T00:00:00Z,1962-01-26,fred-api-v1:query-c24ecc48228d416cec5da646a34f5ebc76a5e76b3d782164c7267a19b77721b3:content-9a74027936cb3ef5f8c48cd0ac207c4a68cc29760bf9f4eb9f45dcce39cbe988,https://api.stlouisfed.org/fred/series/observations?file_type=json&limit=100000&offset=0&output_type=4&realtime_end=2026-09-01&realtime_start=1776-07-04&series_id=CPIAUCNS&sort_order=asc&units=lin
CPIAUCNS,1962-01-01,104.5,1962-03-01T00:00:00Z,1962-02-28,fred-api-v1:query-c24ecc48228d416cec5da646a34f5ebc76a5e76b3d782164c7267a19b77721b3:content-9a74027936cb3ef5f8c48cd0ac207c4a68cc29760bf9f4eb9f45dcce39cbe988,https://api.stlouisfed.org/fred/series/observations?file_type=json&limit=100000&offset=0&output_type=4&realtime_end=2026-09-01&realtime_start=1776-07-04&series_id=CPIAUCNS&sort_order=asc&units=lin
CPIAUCNS,1962-02-01,104.8,1962-03-28T00:00:00Z,1962-03-27,fred-api-v1:query-c24ecc48228d416cec5da646a34f5ebc76a5e76b3d782164c7267a19b77721b3:content-9a74027936cb3ef5f8c48cd0ac207c4a68cc29760bf9f4eb9f45dcce39cbe988,https://api.stlouisfed.org/fred/series/observations?file_type=json&limit=100000&offset=0&output_type=4&realtime_end=2026-09-01&realtime_start=1776-07-04&series_id=CPIAUCNS&sort_order=asc&units=lin
CPIAUCNS,1962-03-01,105,1962-04-25T00:00:00Z,1962-04-24,fred-api-v1:query-c24ecc48228d416cec5da646a34f5ebc76a5e76b3d782164c7267a19b77721b3:content-9a74027936cb3ef5f8c48cd0ac207c4a68cc29760bf9f4eb9f45dcce39cbe988,https://api.stlouisfed.org/fred/series/observations?file_type=json&limit=100000&offset=0&output_type=4&realtime_end=2026-09-01&realtime_start=1776-07-04&series_id=CPIAUCNS&sort_order=asc&units=lin
CPIAUCNS,1962-04-01,105.2,1962-05-26T00:00:00Z,1962-05-25,fred-api-v1:query-c24ecc48228d416cec5da646a34f5ebc76a5e76b3d782164c7267a19b77721b3:content-9a74027936cb3ef5f8c48cd0ac207c4a68cc29760bf9f4eb9f45dcce39cbe988,https://api.stlouisfed.org/fred/series/observations?file_type=json&limit=100000&offset=0&output_type=4&realtime_end=2026-09-01&realtime_start=1776-07-04&series_id=CPIAUCNS&sort_order=asc&units=lin
CPIAUCNS,1962-05-01,105.2,1962-06-27T00:00:00Z,1962-06-26,fred-api-v1:query-c24ecc48228d416cec5da646a34f5ebc76a5e76b3d782164c7267a19b77721b3:content-9a74027936cb3ef5f8c48cd0ac207c4a68cc29760bf9f4eb9f45dcce39cbe988,https://api.stlouisfed.org/fred/series/observations?file_type=json&limit=100000&offset=0&output_type=4&realtime_end=2026-09-01&realtime_start=1776-07-04&series_id=CPIAUCNS&sort_order=asc&units=lin
CPIAUCNS,1962-06-01,105.3,1962-07-26T00:00:00Z,1962-07-25,fred-api-v1:query-c24ecc48228d416cec5da646a34f5ebc76a5e76b3d782164c7267a19b77721b3:content-9a74027936cb3ef5f8c48cd0ac207c4a68cc29760bf9f4eb9f45dcce39cbe988,https://api.stlouisfed.org/fred/series/observations?file_type=json&limit=100000&offset=0&output_type=4&realtime_end=2026-09-01&realtime_start=1776-07-04&series_id=CPIAUCNS&sort_order=asc&units=lin
CPIAUCNS,1962-07-01,105.5,1962-08-29T00:00:00Z,1962-08-28,fred-api-v1:query-c24ecc48228d416cec5da646a34f5ebc76a5e76b3d782164c7267a19b77721b3:content-9a74027936cb3ef5f8c48cd0ac207c4a68cc29760bf9f4eb9f45dcce39cbe988,https://api.stlouisfed.org/fred/series/observations?file_type=json&limit=100000&offset=0&output_type=4&realtime_end=2026-09-01&realtime_start=1776-07-04&series_id=CPIAUCNS&sort_order=asc&units=lin
CPIAUCNS,1962-08-01,105.5,1962-09-26T00:00:00Z,1962-09-25,fred-api-v1:query-c24ecc48228d416cec5da646a34f5ebc76a5e76b3d782164c7267a19b77721b3:content-9a74027936cb3ef5f8c48cd0ac207c4a68cc29760bf9f4eb9f45dcce39cbe988,https://api.stlouisfed.org/fred/series/observations?file_type=json&limit=100000&offset=0&output_type=4&realtime_end=2026-09-01&realtime_start=1776-07-04&series_id=CPIAUCNS&sort_order=asc&units=lin
CPIAUCNS,1962-09-01,106.09999999999999,1962-10-27T00:00:00Z,1962-10-26,fred-api-v1:query-c24ecc48228d416cec5da646a34f5ebc76a5e76b3d782164c7267a19b77721b3:content-9a74027936cb3ef5f8c48cd0ac207c4a68cc29760bf9f4eb9f45dcce39cbe988,https://api.stlouisfed.org/fred/series/observations?file_type=json&limit=100000&offset=0&output_type=4&realtime_end=2026-09-01&realtime_start=1776-07-04&series_id=CPIAUCNS&sort_order=asc&units=lin
CPIAUCNS,1962-10-01,106,1962-11-29T00:00:00Z,1962-11-28,fred-api-v1:query-c24ecc48228d416cec5da646a34f5ebc76a5e76b3d782164c7267a19b77721b3:content-9a74027936cb3ef5f8c48cd0ac207c4a68cc29760bf9f4eb9f45dcce39cbe988,https://api.stlouisfed.org/fred/series/observations?file_type=json&limit=100000&offset=0&output_type=4&realtime_end=2026-09-01&realtime_start=1776-07-04&series_id=CPIAUCNS&sort_order=asc&units=lin
CPIAUCNS,1962-11-01,106,1962-12-22T00:00:00Z,1962-12-21,fred-api-v1:query-c24ecc48228d416cec5da646a34f5ebc76a5e76b3d782164c7267a19b77721b3:content-9a74027936cb3ef5f8c48cd0ac207c4a68cc29760bf9f4eb9f45dcce39cbe988,https://api.stlouisfed.org/fred/series/observations?file_type=json&limit=100000&offset=0&output_type=4&realtime_end=2026-09-01&realtime_start=1776-07-04&series_id=CPIAUCNS&sort_order=asc&units=lin
CPIAUCNS,1962-12-01,105.8,1963-01-26T00:00:00Z,1963-01-25,fred-api-v1:query-c24ecc48228d416cec5da646a34f5ebc76a5e76b3d782164c7267a19b77721b3:content-9a74027936cb3ef5f8c48cd0ac207c4a68cc29760bf9f4eb9f45dcce39cbe988,https://api.stlouisfed.org/fred/series/observations?file_type=json&limit=100000&offset=0&output_type=4&realtime_end=2026-09-01&realtime_start=1776-07-04&series_id=CPIAUCNS&sort_order=asc&units=lin
CPIAUCNS,1963-01-01,106,1963-02-28T00:00:00Z,1963-02-27,fred-api-v1:query-c24ecc48228d416cec5da646a34f5ebc76a5e76b3d782164c7267a19b77721b3:content-9a74027936cb3ef5f8c48cd0ac207c4a68cc29760bf9f4eb9f45dcce39cbe988,https://api.stlouisfed.org/fred/series/observations?file_type=json&limit=100000&offset=0&output_type=4&realtime_end=2026-09-01&realtime_start=1776-07-04&series_id=CPIAUCNS&sort_order=asc&units=lin
CPIAUCNS,1963-02-01,106.09999999999999,1963-03-28T00:00:00Z,1963-03-27,fred-api-v1:query-c24ecc48228d416cec5da646a34f5ebc76a5e76b3d782164c7267a19b77721b3:content-9a74027936cb3ef5f8c48cd0ac207c4a68cc29760bf9f4eb9f45dcce39cbe988,https://api.stlouisfed.org/fred/series/observations?file_type=json&limit=100000&offset=0&output_type=4&realtime_end=2026-09-01&realtime_start=1776-07-04&series_id=CPIAUCNS&sort_order=asc&units=lin
CPIAUCNS,1963-03-01,106.2,1963-04-26T00:00:00Z,1963-04-25,fred-api-v1:query-c24ecc48228d416cec5da646a34f5ebc76a5e76b3d782164c7267a19b77721b3:content-9a74027936cb3ef5f8c48cd0ac207c4a68cc29760bf9f4eb9f45dcce39cbe988,https://api.stlouisfed.org/fred/series/observations?file_type=json&limit=100000&offset=0&output_type=4&realtime_end=2026-09-01&realtime_start=1776-07-04&series_id=CPIAUCNS&sort_order=asc&units=lin
CPIAUCNS,1963-04-01,106.2,1963-05-29T00:00:00Z,1963-05-28,fred-api-v1:query-c24ecc48228d416cec5da646a34f5ebc76a5e76b3d782164c7267a19b77721b3:content-9a74027936cb3ef5f8c48cd0ac207c4a68cc29760bf9f4eb9f45dcce39cbe988,https://api.stlouisfed.org/fred/series/observations?file_type=json&limit=100000&offset=0&output_type=4&realtime_end=2026-09-01&realtime_start=1776-07-04&series_id=CPIAUCNS&sort_order=asc&units=lin
CPIAUCNS,1963-05-01,106.2,1963-06-27T00:00:00Z,1963-06-26,fred-api-v1:query-c24ecc48228d416cec5da646a34f5ebc76a5e76b3d782164c7267a19b77721b3:content-9a74027936cb3ef5f8c48cd0ac207c4a68cc29760bf9f4eb9f45dcce39cbe988,https://api.stlouisfed.org/fred/series/observations?file_type=json&limit=100000&offset=0&output_type=4&realtime_end=2026-09-01&realtime_start=1776-07-04&series_id=CPIAUCNS&sort_order=asc&units=lin
CPIAUCNS,1963-06-01,106.59999999999999,1963-07-27T00:00:00Z,1963-07-26,fred-api-v1:query-c24ecc48228d416cec5da646a34f5ebc76a5e76b3d782164c7267a19b77721b3:content-9a74027936cb3ef5f8c48cd0ac207c4a68cc29760bf9f4eb9f45dcce39cbe988,https://api.stlouisfed.org/fred/series/observations?file_type=json&limit=100000&offset=0&output_type=4&realtime_end=2026-09-01&realtime_start=1776-07-04&series_id=CPIAUCNS&sort_order=asc&units=lin
CPIAUCNS,1963-07-01,107.09999999999999,1963-08-28T00:00:00Z,1963-08-27,fred-api-v1:query-c24ecc48228d416cec5da646a34f5ebc76a5e76b3d782164c7267a19b77721b3:content-9a74027936cb3ef5f8c48cd0ac207c4a68cc29760bf9f4eb9f45dcce39cbe988,https://api.stlouisfed.org/fred/series/observations?file_type=json&limit=100000&offset=0&output_type=4&realtime_end=2026-09-01&realtime_start=1776-07-04&series_id=CPIAUCNS&sort_order=asc&units=lin
CPIAUCNS,1963-08-01,107.09999999999999,1963-09-26T00:00:00Z,1963-09-25,fred-api-v1:query-c24ecc48228d416cec5da646a34f5ebc76a5e76b3d782164c7267a19b77721b3:content-9a74027936cb3ef5f8c48cd0ac207c4a68cc29760bf9f4eb9f45dcce39cbe988,https://api.stlouisfed.org/fred/series/observations?file_type=json&limit=100000&offset=0&output_type=4&realtime_end=2026-09-01&realtime_start=1776-07-04&series_id=CPIAUCNS&sort_order=asc&units=lin
CPIAUCNS,1963-09-01,107.09999999999999,1963-10-31T00:00:00Z,1963-10-30,fred-api-v1:query-c24ecc48228d416cec5da646a34f5ebc76a5e76b3d782164c7267a19b77721b3:content-9a74027936cb3ef5f8c48cd0ac207c4a68cc29760bf9f4eb9f45dcce39cbe988,https://api.stlouisfed.org/fred/series/observations?file_type=json&limit=100000&offset=0&output_type=4&realtime_end=2026-09-01&realtime_start=1776-07-04&series_id=CPIAUCNS&sort_order=asc&units=lin
CPIAUCNS,1963-10-01,107.2,1963-11-30T00:00:00Z,1963-11-29,fred-api-v1:query-c24ecc48228d416cec5da646a34f5ebc76a5e76b3d782164c7267a19b77721b3:content-9a74027936cb3ef5f8c48cd0ac207c4a68cc29760bf9f4eb9f45dcce39cbe988,https://api.stlouisfed.org/fred/series/observations?file_type=json&limit=100000&offset=0&output_type=4&realtime_end=2026-09-01&realtime_start=1776-07-04&series_id=CPIAUCNS&sort_order=asc&units=lin
CPIAUCNS,1963-11-01,107.40000000000001,1963-12-28T00:00:00Z,1963-12-27,fred-api-v1:query-c24ecc48228d416cec5da646a34f5ebc76a5e76b3d782164c7267a19b77721b3:content-9a74027936cb3ef5f8c48cd0ac207c4a68cc29760bf9f4eb9f45dcce39cbe988,https://api.stlouisfed.org/fred/series/observations?file_type=json&limit=100000&offset=0&output_type=4&realtime_end=2026-09-01&realtime_start=1776-07-04&series_id=CPIAUCNS&sort_order=asc&units=lin
CPIAUCNS,1963-12-01,107.59999999999999,1964-01-30T00:00:00Z,1964-01-29,fred-api-v1:query-c24ecc48228d416cec5da646a34f5ebc76a5e76b3d782164c7267a19b77721b3:content-9a74027936cb3ef5f8c48cd0ac207c4a68cc29760bf9f4eb9f45dcce39cbe988,https://api.stlouisfed.org/fred/series/observations?file_type=json&limit=100000&offset=0&output_type=4&realtime_end=2026-09-01&realtime_start=1776-07-04&series_id=CPIAUCNS&sort_order=asc&units=lin
CPIAUCNS,1964-01-01,107.7,1964-03-04T00:00:00Z,1964-03-03,fred-api-v1:query-c24ecc48228d416cec5da646a34f5ebc76a5e76b3d782164c7267a19b77721b3:content-9a74027936cb3ef5f8c48cd0ac207c4a68cc29760bf9f4eb9f45dcce39cbe988,https://api.stlouisfed.org/fred/series/observations?file_type=json&limit=100000&offset=0&output_type=4&realtime_end=2026-09-01&realtime_start=1776-07-04&series_id=CPIAUCNS&sort_order=asc&units=lin
CPIAUCNS,1964-02-01,107.59999999999999,1964-04-01T00:00:00Z,1964-03-31,fred-api-v1:query-c24ecc48228d416cec5da646a34f5ebc76a5e76b3d782164c7267a19b77721b3:content-9a74027936cb3ef5f8c48cd0ac207c4a68cc29760bf9f4eb9f45dcce39cbe988,https://api.stlouisfed.org/fred/series/observations?file_type=json&limit=100000&offset=0&output_type=4&realtime_end=2026-09-01&realtime_start=1776-07-04&series_id=CPIAUCNS&sort_order=asc&units=lin
CPIAUCNS,1964-03-01,107.7,1964-05-01T00:00:00Z,1964-04-30,fred-api-v1:query-c24ecc48228d416cec5da646a34f5ebc76a5e76b3d782164c7267a19b77721b3:content-9a74027936cb3ef5f8c48cd0ac207c4a68cc29760bf9f4eb9f45dcce39cbe988,https://api.stlouisfed.org/fred/series/observations?file_type=json&limit=100000&offset=0&output_type=4&realtime_end=2026-09-01&realtime_start=1776-07-04&series_id=CPIAUCNS&sort_order=asc&units=lin
CPIAUCNS,1964-04-01,107.8,1964-05-29T00:00:00Z,1964-05-28,fred-api-v1:query-c24ecc48228d416cec5da646a34f5ebc76a5e76b3d782164c7267a19b77721b3:content-9a74027936cb3ef5f8c48cd0ac207c4a68cc29760bf9f4eb9f45dcce39cbe988,https://api.stlouisfed.org/fred/series/observations?file_type=json&limit=100000&offset=0&output_type=4&realtime_end=2026-09-01&realtime_start=1776-07-04&series_id=CPIAUCNS&sort_order=asc&units=lin
CPIAUCNS,1964-05-01,107.8,1964-06-27T00:00:00Z,1964-06-26,fred-api-v1:query-c24ecc48228d416cec5da646a34f5ebc76a5e76b3d782164c7267a19b77721b3:content-9a74027936cb3ef5f8c48cd0ac207c4a68cc29760bf9f4eb9f45dcce39cbe988,https://api.stlouisfed.org/fred/series/observations?file_type=json&limit=100000&offset=0&output_type=4&realtime_end=2026-09-01&realtime_start=1776-07-04&series_id=CPIAUCNS&sort_order=asc&units=lin
CPIAUCNS,1964-06-01,108,1964-08-01T00:00:00Z,1964-07-31,fred-api-v1:query-c24ecc48228d416cec5da646a34f5ebc76a5e76b3d782164c7267a19b77721b3:content-9a74027936cb3ef5f8c48cd0ac207c4a68cc29760bf9f4eb9f45dcce39cbe988,https://api.stlouisfed.org/fred/series/observations?file_type=json&limit=100000&offset=0&output_type=4&realtime_end=2026-09-01&realtime_start=1776-07-04&series_id=CPIAUCNS&sort_order=asc&units=lin
CPIAUCNS,1964-07-01,108.3,1964-08-29T00:00:00Z,1964-08-28,fred-api-v1:query-c24ecc48228d416cec5da646a34f5ebc76a5e76b3d782164c7267a19b77721b3:content-9a74027936cb3ef5f8c48cd0ac207c4a68cc29760bf9f4eb9f45dcce39cbe988,https://api.stlouisfed.org/fred/series/observations?file_type=json&limit=100000&offset=0&output_type=4&realtime_end=2026-09-01&realtime_start=1776-07-04&series_id=CPIAUCNS&sort_order=asc&units=lin
CPIAUCNS,1964-08-01,108.2,1964-10-01T00:00:00Z,1964-09-30,fred-api-v1:query-c24ecc48228d416cec5da646a34f5ebc76a5e76b3d782164c7267a19b77721b3:content-9a74027936cb3ef5f8c48cd0ac207c4a68cc29760bf9f4eb9f45dcce39cbe988,https://api.stlouisfed.org/fred/series/observations?file_type=json&limit=100000&offset=0&output_type=4&realtime_end=2026-09-01&realtime_start=1776-07-04&series_id=CPIAUCNS&sort_order=asc&units=lin
CPIAUCNS,1964-09-01,108.40000000000001,1964-10-31T00:00:00Z,1964-10-30,fred-api-v1:query-c24ecc48228d416cec5da646a34f5ebc76a5e76b3d782164c7267a19b77721b3:content-9a74027936cb3ef5f8c48cd0ac207c4a68cc29760bf9f4eb9f45dcce39cbe988,https://api.stlouisfed.org/fred/series/observations?file_type=json&limit=100000&offset=0&output_type=4&realtime_end=2026-09-01&realtime_start=1776-07-04&series_id=CPIAUCNS&sort_order=asc&units=lin
CPIAUCNS,1964-10-01,108.5,1964-12-01T00:00:00Z,1964-11-30,fred-api-v1:query-c24ecc48228d416cec5da646a34f5ebc76a5e76b3d782164c7267a19b77721b3:content-9a74027936cb3ef5f8c48cd0ac207c4a68cc29760bf9f4eb9f45dcce39cbe988,https://api.stlouisfed.org/fred/series/observations?file_type=json&limit=100000&offset=0&output_type=4&realtime_end=2026-09-01&realtime_start=1776-07-04&series_id=CPIAUCNS&sort_order=asc&units=lin
CPIAUCNS,1964-11-01,108.7,1964-12-31T00:00:00Z,1964-12-30,fred-api-v1:query-c24ecc48228d416cec5da646a34f5ebc76a5e76b3d782164c7267a19b77721b3:content-9a74027936cb3ef5f8c48cd0ac207c4a68cc29760bf9f4eb9f45dcce39cbe988,https://api.stlouisfed.org/fred/series/observations?file_type=json&limit=100000&offset=0&output_type=4&realtime_end=2026-09-01&realtime_start=1776-07-04&series_id=CPIAUCNS&sort_order=asc&units=lin
CPIAUCNS,1964-12-01,108.8,1965-01-29T00:00:00Z,1965-01-28,fred-api-v1:query-c24ecc48228d416cec5da646a34f5ebc76a5e76b3d782164c7267a19b77721b3:content-9a74027936cb3ef5f8c48cd0ac207c4a68cc29760bf9f4eb9f45dcce39cbe988,https://api.stlouisfed.org/fred/series/observations?file_type=json&limit=100000&offset=0&output_type=4&realtime_end=2026-09-01&realtime_start=1776-07-04&series_id=CPIAUCNS&sort_order=asc&units=lin
CPIAUCNS,1965-01-01,108.90000000000001,1965-02-27T00:00:00Z,1965-02-26,fred-api-v1:query-c24ecc48228d416cec5da646a34f5ebc76a5e76b3d782164c7267a19b77721b3:content-9a74027936cb3ef5f8c48cd0ac207c4a68cc29760bf9f4eb9f45dcce39cbe988,https://api.stlouisfed.org/fred/series/observations?file_type=json&limit=100000&offset=0&output_type=4&realtime_end=2026-09-01&realtime_start=1776-07-04&series_id=CPIAUCNS&sort_order=asc&units=lin
CPIAUCNS,1965-02-01,108.90000000000001,1965-03-31T00:00:00Z,1965-03-30,fred-api-v1:query-c24ecc48228d416cec5da646a34f5ebc76a5e76b3d782164c7267a19b77721b3:content-9a74027936cb3ef5f8c48cd0ac207c4a68cc29760bf9f4eb9f45dcce39cbe988,https://api.stlouisfed.org/fred/series/observations?file_type=json&limit=100000&offset=0&output_type=4&realtime_end=2026-09-01&realtime_start=1776-07-04&series_id=CPIAUCNS&sort_order=asc&units=lin
CPIAUCNS,1965-03-01,109,1965-04-29T00:00:00Z,1965-04-28,fred-api-v1:query-c24ecc48228d416cec5da646a34f5ebc76a5e76b3d782164c7267a19b77721b3:content-9a74027936cb3ef5f8c48cd0ac207c4a68cc29760bf9f4eb9f45dcce39cbe988,https://api.stlouisfed.org/fred/series/observations?file_type=json&limit=100000&offset=0&output_type=4&realtime_end=2026-09-01&realtime_start=1776-07-04&series_id=CPIAUCNS&sort_order=asc&units=lin
CPIAUCNS,1965-04-01,109.3,1965-05-28T00:00:00Z,1965-05-27,fred-api-v1:query-c24ecc48228d416cec5da646a34f5ebc76a5e76b3d782164c7267a19b77721b3:content-9a74027936cb3ef5f8c48cd0ac207c4a68cc29760bf9f4eb9f45dcce39cbe988,https://api.stlouisfed.org/fred/series/observations?file_type=json&limit=100000&offset=0&output_type=4&realtime_end=2026-09-01&realtime_start=1776-07-04&series_id=CPIAUCNS&sort_order=asc&units=lin
CPIAUCNS,1965-05-01,109.59999999999999,1965-07-01T00:00:00Z,1965-06-30,fred-api-v1:query-c24ecc48228d416cec5da646a34f5ebc76a5e76b3d782164c7267a19b77721b3:content-9a74027936cb3ef5f8c48cd0ac207c4a68cc29760bf9f4eb9f45dcce39cbe988,https://api.stlouisfed.org/fred/series/observations?file_type=json&limit=100000&offset=0&output_type=4&realtime_end=2026-09-01&realtime_start=1776-07-04&series_id=CPIAUCNS&sort_order=asc&units=lin
CPIAUCNS,1965-06-01,110.09999999999999,1965-07-30T00:00:00Z,1965-07-29,fred-api-v1:query-c24ecc48228d416cec5da646a34f5ebc76a5e76b3d782164c7267a19b77721b3:content-9a74027936cb3ef5f8c48cd0ac207c4a68cc29760bf9f4eb9f45dcce39cbe988,https://api.stlouisfed.org/fred/series/observations?file_type=json&limit=100000&offset=0&output_type=4&realtime_end=2026-09-01&realtime_start=1776-07-04&series_id=CPIAUCNS&sort_order=asc&units=lin
CPIAUCNS,1965-07-01,110.2,1965-08-28T00:00:00Z,1965-08-27,fred-api-v1:query-c24ecc48228d416cec5da646a34f5ebc76a5e76b3d782164c7267a19b77721b3:content-9a74027936cb3ef5f8c48cd0ac207c4a68cc29760bf9f4eb9f45dcce39cbe988,https://api.stlouisfed.org/fred/series/observations?file_type=json&limit=100000&offset=0&output_type=4&realtime_end=2026-09-01&realtime_start=1776-07-04&series_id=CPIAUCNS&sort_order=asc&units=lin
CPIAUCNS,1965-08-01,110,1965-09-30T00:00:00Z,1965-09-29,fred-api-v1:query-c24ecc48228d416cec5da646a34f5ebc76a5e76b3d782164c7267a19b77721b3:content-9a74027936cb3ef5f8c48cd0ac207c4a68cc29760bf9f4eb9f45dcce39cbe988,https://api.stlouisfed.org/fred/series/observations?file_type=json&limit=100000&offset=0&output_type=4&realtime_end=2026-09-01&realtime_start=1776-07-04&series_id=CPIAUCNS&sort_order=asc&units=lin
CPIAUCNS,1965-09-01,110.2,1965-10-29T00:00:00Z,1965-10-28,fred-api-v1:query-c24ecc48228d416cec5da646a34f5ebc76a5e76b3d782164c7267a19b77721b3:content-9a74027936cb3ef5f8c48cd0ac207c4a68cc29760bf9f4eb9f45dcce39cbe988,https://api.stlouisfed.org/fred/series/observations?file_type=json&limit=100000&offset=0&output_type=4&realtime_end=2026-09-01&realtime_start=1776-07-04&series_id=CPIAUCNS&sort_order=asc&units=lin
CPIAUCNS,1965-10-01,110.40000000000001,1965-12-01T00:00:00Z,1965-11-30,fred-api-v1:query-c24ecc48228d416cec5da646a34f5ebc76a5e76b3d782164c7267a19b77721b3:content-9a74027936cb3ef5f8c48cd0ac207c4a68cc29760bf9f4eb9f45dcce39cbe988,https://api.stlouisfed.org/fred/series/observations?file_type=json&limit=100000&offset=0&output_type=4&realtime_end=2026-09-01&realtime_start=1776-07-04&series_id=CPIAUCNS&sort_order=asc&units=lin
CPIAUCNS,1965-11-01,110.59999999999999,1965-12-31T00:00:00Z,1965-12-30,fred-api-v1:query-c24ecc48228d416cec5da646a34f5ebc76a5e76b3d782164c7267a19b77721b3:content-9a74027936cb3ef5f8c48cd0ac207c4a68cc29760bf9f4eb9f45dcce39cbe988,https://api.stlouisfed.org/fred/series/observations?file_type=json&limit=100000&offset=0&output_type=4&realtime_end=2026-09-01&realtime_start=1776-07-04&series_id=CPIAUCNS&sort_order=asc&units=lin
CPIAUCNS,1965-12-01,111,1966-01-28T00:00:00Z,1966-01-27,fred-api-v1:query-c24ecc48228d416cec5da646a34f5ebc76a5e76b3d782164c7267a19b77721b3:content-9a74027936cb3ef5f8c48cd0ac207c4a68cc29760bf9f4eb9f45dcce39cbe988,https://api.stlouisfed.org/fred/series/observations?file_type=json&limit=100000&offset=0&output_type=4&realtime_end=2026-09-01&realtime_start=1776-07-04&series_id=CPIAUCNS&sort_order=asc&units=lin
CPIAUCNS,1966-01-01,111,1966-03-01T00:00:00Z,1966-02-28,fred-api-v1:query-c24ecc48228d416cec5da646a34f5ebc76a5e76b3d782164c7267a19b77721b3:content-9a74027936cb3ef5f8c48cd0ac207c4a68cc29760bf9f4eb9f45dcce39cbe988,https://api.stlouisfed.org/fred/series/observations?file_type=json&limit=100000&offset=0&output_type=4&realtime_end=2026-09-01&realtime_start=1776-07-04&series_id=CPIAUCNS&sort_order=asc&units=lin
CPIAUCNS,1966-02-01,111.59999999999999,1966-03-30T00:00:00Z,1966-03-29,fred-api-v1:query-c24ecc48228d416cec5da646a34f5ebc76a5e76b3d782164c7267a19b77721b3:content-9a74027936cb3ef5f8c48cd0ac207c4a68cc29760bf9f4eb9f45dcce39cbe988,https://api.stlouisfed.org/fred/series/observations?file_type=json&limit=100000&offset=0&output_type=4&realtime_end=2026-09-01&realtime_start=1776-07-04&series_id=CPIAUCNS&sort_order=asc&units=lin
CPIAUCNS,1966-03-01,112,1966-04-22T00:00:00Z,1966-04-21,fred-api-v1:query-c24ecc48228d416cec5da646a34f5ebc76a5e76b3d782164c7267a19b77721b3:content-9a74027936cb3ef5f8c48cd0ac207c4a68cc29760bf9f4eb9f45dcce39cbe988,https://api.stlouisfed.org/fred/series/observations?file_type=json&limit=100000&offset=0&output_type=4&realtime_end=2026-09-01&realtime_start=1776-07-04&series_id=CPIAUCNS&sort_order=asc&units=lin
CPIAUCNS,1966-04-01,112.5,1966-05-21T00:00:00Z,1966-05-20,fred-api-v1:query-c24ecc48228d416cec5da646a34f5ebc76a5e76b3d782164c7267a19b77721b3:content-9a74027936cb3ef5f8c48cd0ac207c4a68cc29760bf9f4eb9f45dcce39cbe988,https://api.stlouisfed.org/fred/series/observations?file_type=json&limit=100000&offset=0&output_type=4&realtime_end=2026-09-01&realtime_start=1776-07-04&series_id=CPIAUCNS&sort_order=asc&units=lin
CPIAUCNS,1966-05-01,112.59999999999999,1966-06-22T00:00:00Z,1966-06-21,fred-api-v1:query-c24ecc48228d416cec5da646a34f5ebc76a5e76b3d782164c7267a19b77721b3:content-9a74027936cb3ef5f8c48cd0ac207c4a68cc29760bf9f4eb9f45dcce39cbe988,https://api.stlouisfed.org/fred/series/observations?file_type=json&limit=100000&offset=0&output_type=4&realtime_end=2026-09-01&realtime_start=1776-07-04&series_id=CPIAUCNS&sort_order=asc&units=lin
CPIAUCNS,1966-06-01,112.90000000000001,1966-07-22T00:00:00Z,1966-07-21,fred-api-v1:query-c24ecc48228d416cec5da646a34f5ebc76a5e76b3d782164c7267a19b77721b3:content-9a74027936cb3ef5f8c48cd0ac207c4a68cc29760bf9f4eb9f45dcce39cbe988,https://api.stlouisfed.org/fred/series/observations?file_type=json&limit=100000&offset=0&output_type=4&realtime_end=2026-09-01&realtime_start=1776-07-04&series_id=CPIAUCNS&sort_order=asc&units=lin
CPIAUCNS,1966-07-01,113.3,1966-08-23T00:00:00Z,1966-08-22,fred-api-v1:query-c24ecc48228d416cec5da646a34f5ebc76a5e76b3d782164c7267a19b77721b3:content-9a74027936cb3ef5f8c48cd0ac207c4a68cc29760bf9f4eb9f45dcce39cbe988,https://api.stlouisfed.org/fred/series/observations?file_type=json&limit=100000&offset=0&output_type=4&realtime_end=2026-09-01&realtime_start=1776-07-04&series_id=CPIAUCNS&sort_order=asc&units=lin
CPIAUCNS,1966-08-01,113.8,1966-09-23T00:00:00Z,1966-09-22,fred-api-v1:query-c24ecc48228d416cec5da646a34f5ebc76a5e76b3d782164c7267a19b77721b3:content-9a74027936cb3ef5f8c48cd0ac207c4a68cc29760bf9f4eb9f45dcce39cbe988,https://api.stlouisfed.org/fred/series/observations?file_type=json&limit=100000&offset=0&output_type=4&realtime_end=2026-09-01&realtime_start=1776-07-04&series_id=CPIAUCNS&sort_order=asc&units=lin
CPIAUCNS,1966-09-01,114.09999999999999,1966-10-21T00:00:00Z,1966-10-20,fred-api-v1:query-c24ecc48228d416cec5da646a34f5ebc76a5e76b3d782164c7267a19b77721b3:content-9a74027936cb3ef5f8c48cd0ac207c4a68cc29760bf9f4eb9f45dcce39cbe988,https://api.stlouisfed.org/fred/series/observations?file_type=json&limit=100000&offset=0&output_type=4&realtime_end=2026-09-01&realtime_start=1776-07-04&series_id=CPIAUCNS&sort_order=asc&units=lin
CPIAUCNS,1966-10-01,114.5,1966-11-24T00:00:00Z,1966-11-23,fred-api-v1:query-c24ecc48228d416cec5da646a34f5ebc76a5e76b3d782164c7267a19b77721b3:content-9a74027936cb3ef5f8c48cd0ac207c4a68cc29760bf9f4eb9f45dcce39cbe988,https://api.stlouisfed.org/fred/series/observations?file_type=json&limit=100000&offset=0&output_type=4&realtime_end=2026-09-01&realtime_start=1776-07-04&series_id=CPIAUCNS&sort_order=asc&units=lin
CPIAUCNS,1966-11-01,114.59999999999999,1966-12-23T00:00:00Z,1966-12-22,fred-api-v1:query-c24ecc48228d416cec5da646a34f5ebc76a5e76b3d782164c7267a19b77721b3:content-9a74027936cb3ef5f8c48cd0ac207c4a68cc29760bf9f4eb9f45dcce39cbe988,https://api.stlouisfed.org/fred/series/observations?file_type=json&limit=100000&offset=0&output_type=4&realtime_end=2026-09-01&realtime_start=1776-07-04&series_id=CPIAUCNS&sort_order=asc&units=lin
CPIAUCNS,1966-12-01,114.7,1967-01-21T00:00:00Z,1967-01-20,fred-api-v1:query-c24ecc48228d416cec5da646a34f5ebc76a5e76b3d782164c7267a19b77721b3:content-9a74027936cb3ef5f8c48cd0ac207c4a68cc29760bf9f4eb9f45dcce39cbe988,https://api.stlouisfed.org/fred/series/observations?file_type=json&limit=100000&offset=0&output_type=4&realtime_end=2026-09-01&realtime_start=1776-07-04&series_id=CPIAUCNS&sort_order=asc&units=lin
CPIAUCNS,1967-01-01,114.7,1967-02-21T00:00:00Z,1967-02-20,fred-api-v1:query-c24ecc48228d416cec5da646a34f5ebc76a5e76b3d782164c7267a19b77721b3:content-9a74027936cb3ef5f8c48cd0ac207c4a68cc29760bf9f4eb9f45dcce39cbe988,https://api.stlouisfed.org/fred/series/observations?file_type=json&limit=100000&offset=0&output_type=4&realtime_end=2026-09-01&realtime_start=1776-07-04&series_id=CPIAUCNS&sort_order=asc&units=lin
CPIAUCNS,1967-02-01,114.8,1967-03-21T00:00:00Z,1967-03-20,fred-api-v1:query-c24ecc48228d416cec5da646a34f5ebc76a5e76b3d782164c7267a19b77721b3:content-9a74027936cb3ef5f8c48cd0ac207c4a68cc29760bf9f4eb9f45dcce39cbe988,https://api.stlouisfed.org/fred/series/observations?file_type=json&limit=100000&offset=0&output_type=4&realtime_end=2026-09-01&realtime_start=1776-07-04&series_id=CPIAUCNS&sort_order=asc&units=lin
CPIAUCNS,1967-03-01,115,1967-04-27T00:00:00Z,1967-04-26,fred-api-v1:query-c24ecc48228d416cec5da646a34f5ebc76a5e76b3d782164c7267a19b77721b3:content-9a74027936cb3ef5f8c48cd0ac207c4a68cc29760bf9f4eb9f45dcce39cbe988,https://api.stlouisfed.org/fred/series/observations?file_type=json&limit=100000&offset=0&output_type=4&realtime_end=2026-09-01&realtime_start=1776-07-04&series_id=CPIAUCNS&sort_order=asc&units=lin
CPIAUCNS,1967-04-01,115.3,1967-05-24T00:00:00Z,1967-05-23,fred-api-v1:query-c24ecc48228d416cec5da646a34f5ebc76a5e76b3d782164c7267a19b77721b3:content-9a74027936cb3ef5f8c48cd0ac207c4a68cc29760bf9f4eb9f45dcce39cbe988,https://api.stlouisfed.org/fred/series/observations?file_type=json&limit=100000&offset=0&output_type=4&realtime_end=2026-09-01&realtime_start=1776-07-04&series_id=CPIAUCNS&sort_order=asc&units=lin
CPIAUCNS,1967-05-01,115.59999999999999,1967-06-29T00:00:00Z,1967-06-28,fred-api-v1:query-c24ecc48228d416cec5da646a34f5ebc76a5e76b3d782164c7267a19b77721b3:content-9a74027936cb3ef5f8c48cd0ac207c4a68cc29760bf9f4eb9f45dcce39cbe988,https://api.stlouisfed.org/fred/series/observations?file_type=json&limit=100000&offset=0&output_type=4&realtime_end=2026-09-01&realtime_start=1776-07-04&series_id=CPIAUCNS&sort_order=asc&units=lin
CPIAUCNS,1967-06-01,116,1967-07-27T00:00:00Z,1967-07-26,fred-api-v1:query-c24ecc48228d416cec5da646a34f5ebc76a5e76b3d782164c7267a19b77721b3:content-9a74027936cb3ef5f8c48cd0ac207c4a68cc29760bf9f4eb9f45dcce39cbe988,https://api.stlouisfed.org/fred/series/observations?file_type=json&limit=100000&offset=0&output_type=4&realtime_end=2026-09-01&realtime_start=1776-07-04&series_id=CPIAUCNS&sort_order=asc&units=lin
CPIAUCNS,1967-07-01,116.5,1967-08-26T00:00:00Z,1967-08-25,fred-api-v1:query-c24ecc48228d416cec5da646a34f5ebc76a5e76b3d782164c7267a19b77721b3:content-9a74027936cb3ef5f8c48cd0ac207c4a68cc29760bf9f4eb9f45dcce39cbe988,https://api.stlouisfed.org/fred/series/observations?file_type=json&limit=100000&offset=0&output_type=4&realtime_end=2026-09-01&realtime_start=1776-07-04&series_id=CPIAUCNS&sort_order=asc&units=lin
CPIAUCNS,1967-08-01,116.90000000000001,1967-09-28T00:00:00Z,1967-09-27,fred-api-v1:query-c24ecc48228d416cec5da646a34f5ebc76a5e76b3d782164c7267a19b77721b3:content-9a74027936cb3ef5f8c48cd0ac207c4a68cc29760bf9f4eb9f45dcce39cbe988,https://api.stlouisfed.org/fred/series/observations?file_type=json&limit=100000&offset=0&output_type=4&realtime_end=2026-09-01&realtime_start=1776-07-04&series_id=CPIAUCNS&sort_order=asc&units=lin
CPIAUCNS,1967-09-01,117.09999999999999,1967-10-27T00:00:00Z,1967-10-26,fred-api-v1:query-c24ecc48228d416cec5da646a34f5ebc76a5e76b3d782164c7267a19b77721b3:content-9a74027936cb3ef5f8c48cd0ac207c4a68cc29760bf9f4eb9f45dcce39cbe988,https://api.stlouisfed.org/fred/series/observations?file_type=json&limit=100000&offset=0&output_type=4&realtime_end=2026-09-01&realtime_start=1776-07-04&series_id=CPIAUCNS&sort_order=asc&units=lin
CPIAUCNS,1967-10-01,117.5,1967-11-30T00:00:00Z,1967-11-29,fred-api-v1:query-c24ecc48228d416cec5da646a34f5ebc76a5e76b3d782164c7267a19b77721b3:content-9a74027936cb3ef5f8c48cd0ac207c4a68cc29760bf9f4eb9f45dcce39cbe988,https://api.stlouisfed.org/fred/series/observations?file_type=json&limit=100000&offset=0&output_type=4&realtime_end=2026-09-01&realtime_start=1776-07-04&series_id=CPIAUCNS&sort_order=asc&units=lin
CPIAUCNS,1967-11-01,117.8,1967-12-23T00:00:00Z,1967-12-22,fred-api-v1:query-c24ecc48228d416cec5da646a34f5ebc76a5e76b3d782164c7267a19b77721b3:content-9a74027936cb3ef5f8c48cd0ac207c4a68cc29760bf9f4eb9f45dcce39cbe988,https://api.stlouisfed.org/fred/series/observations?file_type=json&limit=100000&offset=0&output_type=4&realtime_end=2026-09-01&realtime_start=1776-07-04&series_id=CPIAUCNS&sort_order=asc&units=lin
CPIAUCNS,1967-12-01,118.2,1968-01-26T00:00:00Z,1968-01-25,fred-api-v1:query-c24ecc48228d416cec5da646a34f5ebc76a5e76b3d782164c7267a19b77721b3:content-9a74027936cb3ef5f8c48cd0ac207c4a68cc29760bf9f4eb9f45dcce39cbe988,https://api.stlouisfed.org/fred/series/observations?file_type=json&limit=100000&offset=0&output_type=4&realtime_end=2026-09-01&realtime_start=1776-07-04&series_id=CPIAUCNS&sort_order=asc&units=lin
CPIAUCNS,1968-01-01,118.59999999999999,1968-03-01T00:00:00Z,1968-02-29,fred-api-v1:query-c24ecc48228d416cec5da646a34f5ebc76a5e76b3d782164c7267a19b77721b3:content-9a74027936cb3ef5f8c48cd0ac207c4a68cc29760bf9f4eb9f45dcce39cbe988,https://api.stlouisfed.org/fred/series/observations?file_type=json&limit=100000&offset=0&output_type=4&realtime_end=2026-09-01&realtime_start=1776-07-04&series_id=CPIAUCNS&sort_order=asc&units=lin
CPIAUCNS,1968-02-01,119,1968-03-28T00:00:00Z,1968-03-27,fred-api-v1:query-c24ecc48228d416cec5da646a34f5ebc76a5e76b3d782164c7267a19b77721b3:content-9a74027936cb3ef5f8c48cd0ac207c4a68cc29760bf9f4eb9f45dcce39cbe988,https://api.stlouisfed.org/fred/series/observations?file_type=json&limit=100000&offset=0&output_type=4&realtime_end=2026-09-01&realtime_start=1776-07-04&series_id=CPIAUCNS&sort_order=asc&units=lin
CPIAUCNS,1968-03-01,119.5,1968-04-27T00:00:00Z,1968-04-26,fred-api-v1:query-c24ecc48228d416cec5da646a34f5ebc76a5e76b3d782164c7267a19b77721b3:content-9a74027936cb3ef5f8c48cd0ac207c4a68cc29760bf9f4eb9f45dcce39cbe988,https://api.stlouisfed.org/fred/series/observations?file_type=json&limit=100000&offset=0&output_type=4&realtime_end=2026-09-01&realtime_start=1776-07-04&series_id=CPIAUCNS&sort_order=asc&units=lin
CPIAUCNS,1968-04-01,119.90000000000001,1968-05-29T00:00:00Z,1968-05-28,fred-api-v1:query-c24ecc48228d416cec5da646a34f5ebc76a5e76b3d782164c7267a19b77721b3:content-9a74027936cb3ef5f8c48cd0ac207c4a68cc29760bf9f4eb9f45dcce39cbe988,https://api.stlouisfed.org/fred/series/observations?file_type=json&limit=100000&offset=0&output_type=4&realtime_end=2026-09-01&realtime_start=1776-07-04&series_id=CPIAUCNS&sort_order=asc&units=lin
CPIAUCNS,1968-05-01,120.3,1968-06-29T00:00:00Z,1968-06-28,fred-api-v1:query-c24ecc48228d416cec5da646a34f5ebc76a5e76b3d782164c7267a19b77721b3:content-9a74027936cb3ef5f8c48cd0ac207c4a68cc29760bf9f4eb9f45dcce39cbe988,https://api.stlouisfed.org/fred/series/observations?file_type=json&limit=100000&offset=0&output_type=4&realtime_end=2026-09-01&realtime_start=1776-07-04&series_id=CPIAUCNS&sort_order=asc&units=lin
CPIAUCNS,1968-06-01,120.90000000000001,1968-08-01T00:00:00Z,1968-07-31,fred-api-v1:query-c24ecc48228d416cec5da646a34f5ebc76a5e76b3d782164c7267a19b77721b3:content-9a74027936cb3ef5f8c48cd0ac207c4a68cc29760bf9f4eb9f45dcce39cbe988,https://api.stlouisfed.org/fred/series/observations?file_type=json&limit=100000&offset=0&output_type=4&realtime_end=2026-09-01&realtime_start=1776-07-04&series_id=CPIAUCNS&sort_order=asc&units=lin
CPIAUCNS,1968-07-01,121.5,1968-08-28T00:00:00Z,1968-08-27,fred-api-v1:query-c24ecc48228d416cec5da646a34f5ebc76a5e76b3d782164c7267a19b77721b3:content-9a74027936cb3ef5f8c48cd0ac207c4a68cc29760bf9f4eb9f45dcce39cbe988,https://api.stlouisfed.org/fred/series/observations?file_type=json&limit=100000&offset=0&output_type=4&realtime_end=2026-09-01&realtime_start=1776-07-04&series_id=CPIAUCNS&sort_order=asc&units=lin
CPIAUCNS,1968-08-01,121.90000000000001,1968-09-27T00:00:00Z,1968-09-26,fred-api-v1:query-c24ecc48228d416cec5da646a34f5ebc76a5e76b3d782164c7267a19b77721b3:content-9a74027936cb3ef5f8c48cd0ac207c4a68cc29760bf9f4eb9f45dcce39cbe988,https://api.stlouisfed.org/fred/series/observations?file_type=json&limit=100000&offset=0&output_type=4&realtime_end=2026-09-01&realtime_start=1776-07-04&series_id=CPIAUCNS&sort_order=asc&units=lin
CPIAUCNS,1968-09-01,122.2,1968-10-30T00:00:00Z,1968-10-29,fred-api-v1:query-c24ecc48228d416cec5da646a34f5ebc76a5e76b3d782164c7267a19b77721b3:content-9a74027936cb3ef5f8c48cd0ac207c4a68cc29760bf9f4eb9f45dcce39cbe988,https://api.stlouisfed.org/fred/series/observations?file_type=json&limit=100000&offset=0&output_type=4&realtime_end=2026-09-01&realtime_start=1776-07-04&series_id=CPIAUCNS&sort_order=asc&units=lin
CPIAUCNS,1968-10-01,122.90000000000001,1968-11-28T00:00:00Z,1968-11-27,fred-api-v1:query-c24ecc48228d416cec5da646a34f5ebc76a5e76b3d782164c7267a19b77721b3:content-9a74027936cb3ef5f8c48cd0ac207c4a68cc29760bf9f4eb9f45dcce39cbe988,https://api.stlouisfed.org/fred/series/observations?file_type=json&limit=100000&offset=0&output_type=4&realtime_end=2026-09-01&realtime_start=1776-07-04&series_id=CPIAUCNS&sort_order=asc&units=lin
CPIAUCNS,1968-11-01,123.40000000000001,1968-12-28T00:00:00Z,1968-12-27,fred-api-v1:query-c24ecc48228d416cec5da646a34f5ebc76a5e76b3d782164c7267a19b77721b3:content-9a74027936cb3ef5f8c48cd0ac207c4a68cc29760bf9f4eb9f45dcce39cbe988,https://api.stlouisfed.org/fred/series/observations?file_type=json&limit=100000&offset=0&output_type=4&realtime_end=2026-09-01&realtime_start=1776-07-04&series_id=CPIAUCNS&sort_order=asc&units=lin
CPIAUCNS,1968-12-01,123.7,1969-01-30T00:00:00Z,1969-01-29,fred-api-v1:query-c24ecc48228d416cec5da646a34f5ebc76a5e76b3d782164c7267a19b77721b3:content-9a74027936cb3ef5f8c48cd0ac207c4a68cc29760bf9f4eb9f45dcce39cbe988,https://api.stlouisfed.org/fred/series/observations?file_type=json&limit=100000&offset=0&output_type=4&realtime_end=2026-09-01&realtime_start=1776-07-04&series_id=CPIAUCNS&sort_order=asc&units=lin
CPIAUCNS,1969-01-01,124.09999999999999,1969-02-26T00:00:00Z,1969-02-25,fred-api-v1:query-c24ecc48228d416cec5da646a34f5ebc76a5e76b3d782164c7267a19b77721b3:content-9a74027936cb3ef5f8c48cd0ac207c4a68cc29760bf9f4eb9f45dcce39cbe988,https://api.stlouisfed.org/fred/series/observations?file_type=json&limit=100000&offset=0&output_type=4&realtime_end=2026-09-01&realtime_start=1776-07-04&series_id=CPIAUCNS&sort_order=asc&units=lin
CPIAUCNS,1969-02-01,124.59999999999999,1969-03-26T00:00:00Z,1969-03-25,fred-api-v1:query-c24ecc48228d416cec5da646a34f5ebc76a5e76b3d782164c7267a19b77721b3:content-9a74027936cb3ef5f8c48cd0ac207c4a68cc29760bf9f4eb9f45dcce39cbe988,https://api.stlouisfed.org/fred/series/observations?file_type=json&limit=100000&offset=0&output_type=4&realtime_end=2026-09-01&realtime_start=1776-07-04&series_id=CPIAUCNS&sort_order=asc&units=lin
CPIAUCNS,1969-03-01,125.59999999999999,1969-04-25T00:00:00Z,1969-04-24,fred-api-v1:query-c24ecc48228d416cec5da646a34f5ebc76a5e76b3d782164c7267a19b77721b3:content-9a74027936cb3ef5f8c48cd0ac207c4a68cc29760bf9f4eb9f45dcce39cbe988,https://api.stlouisfed.org/fred/series/observations?file_type=json&limit=100000&offset=0&output_type=4&realtime_end=2026-09-01&realtime_start=1776-07-04&series_id=CPIAUCNS&sort_order=asc&units=lin
CPIAUCNS,1969-04-01,126.40000000000001,1969-05-23T00:00:00Z,1969-05-22,fred-api-v1:query-c24ecc48228d416cec5da646a34f5ebc76a5e76b3d782164c7267a19b77721b3:content-9a74027936cb3ef5f8c48cd0ac207c4a68cc29760bf9f4eb9f45dcce39cbe988,https://api.stlouisfed.org/fred/series/observations?file_type=json&limit=100000&offset=0&output_type=4&realtime_end=2026-09-01&realtime_start=1776-07-04&series_id=CPIAUCNS&sort_order=asc&units=lin
CPIAUCNS,1969-05-01,126.8,1969-06-25T00:00:00Z,1969-06-24,fred-api-v1:query-c24ecc48228d416cec5da646a34f5ebc76a5e76b3d782164c7267a19b77721b3:content-9a74027936cb3ef5f8c48cd0ac207c4a68cc29760bf9f4eb9f45dcce39cbe988,https://api.stlouisfed.org/fred/series/observations?file_type=json&limit=100000&offset=0&output_type=4&realtime_end=2026-09-01&realtime_start=1776-07-04&series_id=CPIAUCNS&sort_order=asc&units=lin
CPIAUCNS,1969-06-01,127.59999999999999,1969-07-24T00:00:00Z,1969-07-23,fred-api-v1:query-c24ecc48228d416cec5da646a34f5ebc76a5e76b3d782164c7267a19b77721b3:content-9a74027936cb3ef5f8c48cd0ac207c4a68cc29760bf9f4eb9f45dcce39cbe988,https://api.stlouisfed.org/fred/series/observations?file_type=json&limit=100000&offset=0&output_type=4&realtime_end=2026-09-01&realtime_start=1776-07-04&series_id=CPIAUCNS&sort_order=asc&units=lin
CPIAUCNS,1969-07-01,128.19999999999999,1969-08-23T00:00:00Z,1969-08-22,fred-api-v1:query-c24ecc48228d416cec5da646a34f5ebc76a5e76b3d782164c7267a19b77721b3:content-9a74027936cb3ef5f8c48cd0ac207c4a68cc29760bf9f4eb9f45dcce39cbe988,https://api.stlouisfed.org/fred/series/observations?file_type=json&limit=100000&offset=0&output_type=4&realtime_end=2026-09-01&realtime_start=1776-07-04&series_id=CPIAUCNS&sort_order=asc&units=lin
CPIAUCNS,1969-08-01,128.69999999999999,1969-09-23T00:00:00Z,1969-09-22,fred-api-v1:query-c24ecc48228d416cec5da646a34f5ebc76a5e76b3d782164c7267a19b77721b3:content-9a74027936cb3ef5f8c48cd0ac207c4a68cc29760bf9f4eb9f45dcce39cbe988,https://api.stlouisfed.org/fred/series/observations?file_type=json&limit=100000&offset=0&output_type=4&realtime_end=2026-09-01&realtime_start=1776-07-04&series_id=CPIAUCNS&sort_order=asc&units=lin
CPIAUCNS,1969-09-01,129.30000000000001,1969-10-23T00:00:00Z,1969-10-22,fred-api-v1:query-c24ecc48228d416cec5da646a34f5ebc76a5e76b3d782164c7267a19b77721b3:content-9a74027936cb3ef5f8c48cd0ac207c4a68cc29760bf9f4eb9f45dcce39cbe988,https://api.stlouisfed.org/fred/series/observations?file_type=json&limit=100000&offset=0&output_type=4&realtime_end=2026-09-01&realtime_start=1776-07-04&series_id=CPIAUCNS&sort_order=asc&units=lin
CPIAUCNS,1969-10-01,129.80000000000001,1969-11-22T00:00:00Z,1969-11-21,fred-api-v1:query-c24ecc48228d416cec5da646a34f5ebc76a5e76b3d782164c7267a19b77721b3:content-9a74027936cb3ef5f8c48cd0ac207c4a68cc29760bf9f4eb9f45dcce39cbe988,https://api.stlouisfed.org/fred/series/observations?file_type=json&limit=100000&offset=0&output_type=4&realtime_end=2026-09-01&realtime_start=1776-07-04&series_id=CPIAUCNS&sort_order=asc&units=lin
CPIAUCNS,1969-11-01,130.5,1969-12-20T00:00:00Z,1969-12-19,fred-api-v1:query-c24ecc48228d416cec5da646a34f5ebc76a5e76b3d782164c7267a19b77721b3:content-9a74027936cb3ef5f8c48cd0ac207c4a68cc29760bf9f4eb9f45dcce39cbe988,https://api.stlouisfed.org/fred/series/observations?file_type=json&limit=100000&offset=0&output_type=4&realtime_end=2026-09-01&realtime_start=1776-07-04&series_id=CPIAUCNS&sort_order=asc&units=lin
CPIAUCNS,1969-12-01,131.30000000000001,1970-01-20T00:00:00Z,1970-01-19,fred-api-v1:query-c24ecc48228d416cec5da646a34f5ebc76a5e76b3d782164c7267a19b77721b3:content-9a74027936cb3ef5f8c48cd0ac207c4a68cc29760bf9f4eb9f45dcce39cbe988,https://api.stlouisfed.org/fred/series/observations?file_type=json&limit=100000&offset=0&output_type=4&realtime_end=2026-09-01&realtime_start=1776-07-04&series_id=CPIAUCNS&sort_order=asc&units=lin
CPIAUCNS,1970-01-01,131.80000000000001,1970-02-20T00:00:00Z,1970-02-19,fred-api-v1:query-c24ecc48228d416cec5da646a34f5ebc76a5e76b3d782164c7267a19b77721b3:content-9a74027936cb3ef5f8c48cd0ac207c4a68cc29760bf9f4eb9f45dcce39cbe988,https://api.stlouisfed.org/fred/series/observations?file_type=json&limit=100000&offset=0&output_type=4&realtime_end=2026-09-01&realtime_start=1776-07-04&series_id=CPIAUCNS&sort_order=asc&units=lin
CPIAUCNS,1970-02-01,132.5,1970-03-21T00:00:00Z,1970-03-20,fred-api-v1:query-c24ecc48228d416cec5da646a34f5ebc76a5e76b3d782164c7267a19b77721b3:content-9a74027936cb3ef5f8c48cd0ac207c4a68cc29760bf9f4eb9f45dcce39cbe988,https://api.stlouisfed.org/fred/series/observations?file_type=json&limit=100000&offset=0&output_type=4&realtime_end=2026-09-01&realtime_start=1776-07-04&series_id=CPIAUCNS&sort_order=asc&units=lin
CPIAUCNS,1970-03-01,133.19999999999999,1970-04-23T00:00:00Z,1970-04-22,fred-api-v1:query-c24ecc48228d416cec5da646a34f5ebc76a5e76b3d782164c7267a19b77721b3:content-9a74027936cb3ef5f8c48cd0ac207c4a68cc29760bf9f4eb9f45dcce39cbe988,https://api.stlouisfed.org/fred/series/observations?file_type=json&limit=100000&offset=0&output_type=4&realtime_end=2026-09-01&realtime_start=1776-07-04&series_id=CPIAUCNS&sort_order=asc&units=lin
CPIAUCNS,1970-04-01,134,1970-05-21T00:00:00Z,1970-05-20,fred-api-v1:query-c24ecc48228d416cec5da646a34f5ebc76a5e76b3d782164c7267a19b77721b3:content-9a74027936cb3ef5f8c48cd0ac207c4a68cc29760bf9f4eb9f45dcce39cbe988,https://api.stlouisfed.org/fred/series/observations?file_type=json&limit=100000&offset=0&output_type=4&realtime_end=2026-09-01&realtime_start=1776-07-04&series_id=CPIAUCNS&sort_order=asc&units=lin
CPIAUCNS,1970-05-01,134.59999999999999,1970-06-19T00:00:00Z,1970-06-18,fred-api-v1:query-c24ecc48228d416cec5da646a34f5ebc76a5e76b3d782164c7267a19b77721b3:content-9a74027936cb3ef5f8c48cd0ac207c4a68cc29760bf9f4eb9f45dcce39cbe988,https://api.stlouisfed.org/fred/series/observations?file_type=json&limit=100000&offset=0&output_type=4&realtime_end=2026-09-01&realtime_start=1776-07-04&series_id=CPIAUCNS&sort_order=asc&units=lin
CPIAUCNS,1970-06-01,135.19999999999999,1970-07-22T00:00:00Z,1970-07-21,fred-api-v1:query-c24ecc48228d416cec5da646a34f5ebc76a5e76b3d782164c7267a19b77721b3:content-9a74027936cb3ef5f8c48cd0ac207c4a68cc29760bf9f4eb9f45dcce39cbe988,https://api.stlouisfed.org/fred/series/observations?file_type=json&limit=100000&offset=0&output_type=4&realtime_end=2026-09-01&realtime_start=1776-07-04&series_id=CPIAUCNS&sort_order=asc&units=lin
CPIAUCNS,1970-07-01,135.69999999999999,1970-08-22T00:00:00Z,1970-08-21,fred-api-v1:query-c24ecc48228d416cec5da646a34f5ebc76a5e76b3d782164c7267a19b77721b3:content-9a74027936cb3ef5f8c48cd0ac207c4a68cc29760bf9f4eb9f45dcce39cbe988,https://api.stlouisfed.org/fred/series/observations?file_type=json&limit=100000&offset=0&output_type=4&realtime_end=2026-09-01&realtime_start=1776-07-04&series_id=CPIAUCNS&sort_order=asc&units=lin
CPIAUCNS,1970-08-01,136,1970-09-20T00:00:00Z,1970-09-19,fred-api-v1:query-c24ecc48228d416cec5da646a34f5ebc76a5e76b3d782164c7267a19b77721b3:content-9a74027936cb3ef5f8c48cd0ac207c4a68cc29760bf9f4eb9f45dcce39cbe988,https://api.stlouisfed.org/fred/series/observations?file_type=json&limit=100000&offset=0&output_type=4&realtime_end=2026-09-01&realtime_start=1776-07-04&series_id=CPIAUCNS&sort_order=asc&units=lin
CPIAUCNS,1970-09-01,136.59999999999999,1970-10-22T00:00:00Z,1970-10-21,fred-api-v1:query-c24ecc48228d416cec5da646a34f5ebc76a5e76b3d782164c7267a19b77721b3:content-9a74027936cb3ef5f8c48cd0ac207c4a68cc29760bf9f4eb9f45dcce39cbe988,https://api.stlouisfed.org/fred/series/observations?file_type=json&limit=100000&offset=0&output_type=4&realtime_end=2026-09-01&realtime_start=1776-07-04&series_id=CPIAUCNS&sort_order=asc&units=lin
CPIAUCNS,1970-10-01,137.40000000000001,1970-11-21T00:00:00Z,1970-11-20,fred-api-v1:query-c24ecc48228d416cec5da646a34f5ebc76a5e76b3d782164c7267a19b77721b3:content-9a74027936cb3ef5f8c48cd0ac207c4a68cc29760bf9f4eb9f45dcce39cbe988,https://api.stlouisfed.org/fred/series/observations?file_type=json&limit=100000&offset=0&output_type=4&realtime_end=2026-09-01&realtime_start=1776-07-04&series_id=CPIAUCNS&sort_order=asc&units=lin
CPIAUCNS,1970-11-01,137.80000000000001,1970-12-24T00:00:00Z,1970-12-23,fred-api-v1:query-c24ecc48228d416cec5da646a34f5ebc76a5e76b3d782164c7267a19b77721b3:content-9a74027936cb3ef5f8c48cd0ac207c4a68cc29760bf9f4eb9f45dcce39cbe988,https://api.stlouisfed.org/fred/series/observations?file_type=json&limit=100000&offset=0&output_type=4&realtime_end=2026-09-01&realtime_start=1776-07-04&series_id=CPIAUCNS&sort_order=asc&units=lin
CPIAUCNS,1970-12-01,138.5,1971-01-30T00:00:00Z,1971-01-29,fred-api-v1:query-c24ecc48228d416cec5da646a34f5ebc76a5e76b3d782164c7267a19b77721b3:content-9a74027936cb3ef5f8c48cd0ac207c4a68cc29760bf9f4eb9f45dcce39cbe988,https://api.stlouisfed.org/fred/series/observations?file_type=json&limit=100000&offset=0&output_type=4&realtime_end=2026-09-01&realtime_start=1776-07-04&series_id=CPIAUCNS&sort_order=asc&units=lin
CPIAUCNS,1971-01-01,119.2,1971-02-20T00:00:00Z,1971-02-19,fred-api-v1:query-c24ecc48228d416cec5da646a34f5ebc76a5e76b3d782164c7267a19b77721b3:content-9a74027936cb3ef5f8c48cd0ac207c4a68cc29760bf9f4eb9f45dcce39cbe988,https://api.stlouisfed.org/fred/series/observations?file_type=json&limit=100000&offset=0&output_type=4&realtime_end=2026-09-01&realtime_start=1776-07-04&series_id=CPIAUCNS&sort_order=asc&units=lin
CPIAUCNS,1971-02-01,119.40000000000001,1971-03-20T00:00:00Z,1971-03-19,fred-api-v1:query-c24ecc48228d416cec5da646a34f5ebc76a5e76b3d782164c7267a19b77721b3:content-9a74027936cb3ef5f8c48cd0ac207c4a68cc29760bf9f4eb9f45dcce39cbe988,https://api.stlouisfed.org/fred/series/observations?file_type=json&limit=100000&offset=0&output_type=4&realtime_end=2026-09-01&realtime_start=1776-07-04&series_id=CPIAUCNS&sort_order=asc&units=lin
CPIAUCNS,1971-03-01,119.8,1971-04-23T00:00:00Z,1971-04-22,fred-api-v1:query-c24ecc48228d416cec5da646a34f5ebc76a5e76b3d782164c7267a19b77721b3:content-9a74027936cb3ef5f8c48cd0ac207c4a68cc29760bf9f4eb9f45dcce39cbe988,https://api.stlouisfed.org/fred/series/observations?file_type=json&limit=100000&offset=0&output_type=4&realtime_end=2026-09-01&realtime_start=1776-07-04&series_id=CPIAUCNS&sort_order=asc&units=lin
CPIAUCNS,1971-04-01,120.2,1971-05-22T00:00:00Z,1971-05-21,fred-api-v1:query-c24ecc48228d416cec5da646a34f5ebc76a5e76b3d782164c7267a19b77721b3:content-9a74027936cb3ef5f8c48cd0ac207c4a68cc29760bf9f4eb9f45dcce39cbe988,https://api.stlouisfed.org/fred/series/observations?file_type=json&limit=100000&offset=0&output_type=4&realtime_end=2026-09-01&realtime_start=1776-07-04&series_id=CPIAUCNS&sort_order=asc&units=lin
CPIAUCNS,1971-05-01,120.8,1971-06-23T00:00:00Z,1971-06-22,fred-api-v1:query-c24ecc48228d416cec5da646a34f5ebc76a5e76b3d782164c7267a19b77721b3:content-9a74027936cb3ef5f8c48cd0ac207c4a68cc29760bf9f4eb9f45dcce39cbe988,https://api.stlouisfed.org/fred/series/observations?file_type=json&limit=100000&offset=0&output_type=4&realtime_end=2026-09-01&realtime_start=1776-07-04&series_id=CPIAUCNS&sort_order=asc&units=lin
CPIAUCNS,1971-06-01,121.5,1971-07-23T00:00:00Z,1971-07-22,fred-api-v1:query-c24ecc48228d416cec5da646a34f5ebc76a5e76b3d782164c7267a19b77721b3:content-9a74027936cb3ef5f8c48cd0ac207c4a68cc29760bf9f4eb9f45dcce39cbe988,https://api.stlouisfed.org/fred/series/observations?file_type=json&limit=100000&offset=0&output_type=4&realtime_end=2026-09-01&realtime_start=1776-07-04&series_id=CPIAUCNS&sort_order=asc&units=lin
CPIAUCNS,1971-07-01,121.8,1971-08-21T00:00:00Z,1971-08-20,fred-api-v1:query-c24ecc48228d416cec5da646a34f5ebc76a5e76b3d782164c7267a19b77721b3:content-9a74027936cb3ef5f8c48cd0ac207c4a68cc29760bf9f4eb9f45dcce39cbe988,https://api.stlouisfed.org/fred/series/observations?file_type=json&limit=100000&offset=0&output_type=4&realtime_end=2026-09-01&realtime_start=1776-07-04&series_id=CPIAUCNS&sort_order=asc&units=lin
CPIAUCNS,1971-08-01,122.2,1971-09-23T00:00:00Z,1971-09-22,fred-api-v1:query-c24ecc48228d416cec5da646a34f5ebc76a5e76b3d782164c7267a19b77721b3:content-9a74027936cb3ef5f8c48cd0ac207c4a68cc29760bf9f4eb9f45dcce39cbe988,https://api.stlouisfed.org/fred/series/observations?file_type=json&limit=100000&offset=0&output_type=4&realtime_end=2026-09-01&realtime_start=1776-07-04&series_id=CPIAUCNS&sort_order=asc&units=lin
CPIAUCNS,1971-09-01,122.40000000000001,1971-10-23T00:00:00Z,1971-10-22,fred-api-v1:query-c24ecc48228d416cec5da646a34f5ebc76a5e76b3d782164c7267a19b77721b3:content-9a74027936cb3ef5f8c48cd0ac207c4a68cc29760bf9f4eb9f45dcce39cbe988,https://api.stlouisfed.org/fred/series/observations?file_type=json&limit=100000&offset=0&output_type=4&realtime_end=2026-09-01&realtime_start=1776-07-04&series_id=CPIAUCNS&sort_order=asc&units=lin
CPIAUCNS,1971-10-01,122.59999999999999,1971-11-20T00:00:00Z,1971-11-19,fred-api-v1:query-c24ecc48228d416cec5da646a34f5ebc76a5e76b3d782164c7267a19b77721b3:content-9a74027936cb3ef5f8c48cd0ac207c4a68cc29760bf9f4eb9f45dcce39cbe988,https://api.stlouisfed.org/fred/series/observations?file_type=json&limit=100000&offset=0&output_type=4&realtime_end=2026-09-01&realtime_start=1776-07-04&series_id=CPIAUCNS&sort_order=asc&units=lin
CPIAUCNS,1971-11-01,122.59999999999999,1971-12-23T00:00:00Z,1971-12-22,fred-api-v1:query-c24ecc48228d416cec5da646a34f5ebc76a5e76b3d782164c7267a19b77721b3:content-9a74027936cb3ef5f8c48cd0ac207c4a68cc29760bf9f4eb9f45dcce39cbe988,https://api.stlouisfed.org/fred/series/observations?file_type=json&limit=100000&offset=0&output_type=4&realtime_end=2026-09-01&realtime_start=1776-07-04&series_id=CPIAUCNS&sort_order=asc&units=lin
CPIAUCNS,1971-12-01,123.09999999999999,1972-01-22T00:00:00Z,1972-01-21,fred-api-v1:query-c24ecc48228d416cec5da646a34f5ebc76a5e76b3d782164c7267a19b77721b3:content-9a74027936cb3ef5f8c48cd0ac207c4a68cc29760bf9f4eb9f45dcce39cbe988,https://api.stlouisfed.org/fred/series/observations?file_type=json&limit=100000&offset=0&output_type=4&realtime_end=2026-09-01&realtime_start=1776-07-04&series_id=CPIAUCNS&sort_order=asc&units=lin
CPIAUCNS,1972-01-01,123.2,1972-02-24T00:00:00Z,1972-02-23,fred-api-v1:query-c24ecc48228d416cec5da646a34f5ebc76a5e76b3d782164c7267a19b77721b3:content-9a74027936cb3ef5f8c48cd0ac207c4a68cc29760bf9f4eb9f45dcce39cbe988,https://api.stlouisfed.org/fred/series/observations?file_type=json&limit=100000&offset=0&output_type=4&realtime_end=2026-09-01&realtime_start=1776-07-04&series_id=CPIAUCNS&sort_order=asc&units=lin
CPIAUCNS,1972-02-01,123.8,1972-03-23T00:00:00Z,1972-03-22,fred-api-v1:query-c24ecc48228d416cec5da646a34f5ebc76a5e76b3d782164c7267a19b77721b3:content-9a74027936cb3ef5f8c48cd0ac207c4a68cc29760bf9f4eb9f45dcce39cbe988,https://api.stlouisfed.org/fred/series/observations?file_type=json&limit=100000&offset=0&output_type=4&realtime_end=2026-09-01&realtime_start=1776-07-04&series_id=CPIAUCNS&sort_order=asc&units=lin
CPIAUCNS,1972-03-01,124,1972-04-22T00:00:00Z,1972-04-21,fred-api-v1:query-c24ecc48228d416cec5da646a34f5ebc76a5e76b3d782164c7267a19b77721b3:content-9a74027936cb3ef5f8c48cd0ac207c4a68cc29760bf9f4eb9f45dcce39cbe988,https://api.stlouisfed.org/fred/series/observations?file_type=json&limit=100000&offset=0&output_type=4&realtime_end=2026-09-01&realtime_start=1776-07-04&series_id=CPIAUCNS&sort_order=asc&units=lin
CPIAUCNS,1972-04-01,124.3,1972-05-20T00:00:00Z,1972-05-19,fred-api-v1:query-c24ecc48228d416cec5da646a34f5ebc76a5e76b3d782164c7267a19b77721b3:content-9a74027936cb3ef5f8c48cd0ac207c4a68cc29760bf9f4eb9f45dcce39cbe988,https://api.stlouisfed.org/fred/series/observations?file_type=json&limit=100000&offset=0&output_type=4&realtime_end=2026-09-01&realtime_start=1776-07-04&series_id=CPIAUCNS&sort_order=asc&units=lin
CPIAUCNS,1972-05-01,124.7,1972-06-22T00:00:00Z,1972-06-21,fred-api-v1:query-c24ecc48228d416cec5da646a34f5ebc76a5e76b3d782164c7267a19b77721b3:content-9a74027936cb3ef5f8c48cd0ac207c4a68cc29760bf9f4eb9f45dcce39cbe988,https://api.stlouisfed.org/fred/series/observations?file_type=json&limit=100000&offset=0&output_type=4&realtime_end=2026-09-01&realtime_start=1776-07-04&series_id=CPIAUCNS&sort_order=asc&units=lin
CPIAUCNS,1972-06-01,125,1972-07-22T00:00:00Z,1972-07-21,fred-api-v1:query-c24ecc48228d416cec5da646a34f5ebc76a5e76b3d782164c7267a19b77721b3:content-9a74027936cb3ef5f8c48cd0ac207c4a68cc29760bf9f4eb9f45dcce39cbe988,https://api.stlouisfed.org/fred/series/observations?file_type=json&limit=100000&offset=0&output_type=4&realtime_end=2026-09-01&realtime_start=1776-07-04&series_id=CPIAUCNS&sort_order=asc&units=lin
CPIAUCNS,1972-07-01,125.5,1972-08-23T00:00:00Z,1972-08-22,fred-api-v1:query-c24ecc48228d416cec5da646a34f5ebc76a5e76b3d782164c7267a19b77721b3:content-9a74027936cb3ef5f8c48cd0ac207c4a68cc29760bf9f4eb9f45dcce39cbe988,https://api.stlouisfed.org/fred/series/observations?file_type=json&limit=100000&offset=0&output_type=4&realtime_end=2026-09-01&realtime_start=1776-07-04&series_id=CPIAUCNS&sort_order=asc&units=lin
CPIAUCNS,1972-08-01,125.7,1972-09-23T00:00:00Z,1972-09-22,fred-api-v1:query-c24ecc48228d416cec5da646a34f5ebc76a5e76b3d782164c7267a19b77721b3:content-9a74027936cb3ef5f8c48cd0ac207c4a68cc29760bf9f4eb9f45dcce39cbe988,https://api.stlouisfed.org/fred/series/observations?file_type=json&limit=100000&offset=0&output_type=4&realtime_end=2026-09-01&realtime_start=1776-07-04&series_id=CPIAUCNS&sort_order=asc&units=lin
CPIAUCNS,1972-09-01,126.2,1972-10-21T00:00:00Z,1972-10-20,fred-api-v1:query-c24ecc48228d416cec5da646a34f5ebc76a5e76b3d782164c7267a19b77721b3:content-9a74027936cb3ef5f8c48cd0ac207c4a68cc29760bf9f4eb9f45dcce39cbe988,https://api.stlouisfed.org/fred/series/observations?file_type=json&limit=100000&offset=0&output_type=4&realtime_end=2026-09-01&realtime_start=1776-07-04&series_id=CPIAUCNS&sort_order=asc&units=lin
CPIAUCNS,1972-10-01,126.59999999999999,1972-11-22T00:00:00Z,1972-11-21,fred-api-v1:query-c24ecc48228d416cec5da646a34f5ebc76a5e76b3d782164c7267a19b77721b3:content-9a74027936cb3ef5f8c48cd0ac207c4a68cc29760bf9f4eb9f45dcce39cbe988,https://api.stlouisfed.org/fred/series/observations?file_type=json&limit=100000&offset=0&output_type=4&realtime_end=2026-09-01&realtime_start=1776-07-04&series_id=CPIAUCNS&sort_order=asc&units=lin
CPIAUCNS,1972-11-01,126.90000000000001,1972-12-23T00:00:00Z,1972-12-22,fred-api-v1:query-c24ecc48228d416cec5da646a34f5ebc76a5e76b3d782164c7267a19b77721b3:content-9a74027936cb3ef5f8c48cd0ac207c4a68cc29760bf9f4eb9f45dcce39cbe988,https://api.stlouisfed.org/fred/series/observations?file_type=json&limit=100000&offset=0&output_type=4&realtime_end=2026-09-01&realtime_start=1776-07-04&series_id=CPIAUCNS&sort_order=asc&units=lin
CPIAUCNS,1972-12-01,127.3,1973-01-24T00:00:00Z,1973-01-23,fred-api-v1:query-c24ecc48228d416cec5da646a34f5ebc76a5e76b3d782164c7267a19b77721b3:content-9a74027936cb3ef5f8c48cd0ac207c4a68cc29760bf9f4eb9f45dcce39cbe988,https://api.stlouisfed.org/fred/series/observations?file_type=json&limit=100000&offset=0&output_type=4&realtime_end=2026-09-01&realtime_start=1776-07-04&series_id=CPIAUCNS&sort_order=asc&units=lin
CPIAUCNS,1973-01-01,127.7,1973-02-23T00:00:00Z,1973-02-22,fred-api-v1:query-c24ecc48228d416cec5da646a34f5ebc76a5e76b3d782164c7267a19b77721b3:content-9a74027936cb3ef5f8c48cd0ac207c4a68cc29760bf9f4eb9f45dcce39cbe988,https://api.stlouisfed.org/fred/series/observations?file_type=json&limit=100000&offset=0&output_type=4&realtime_end=2026-09-01&realtime_start=1776-07-04&series_id=CPIAUCNS&sort_order=asc&units=lin
CPIAUCNS,1973-02-01,128.59999999999999,1973-03-22T00:00:00Z,1973-03-21,fred-api-v1:query-c24ecc48228d416cec5da646a34f5ebc76a5e76b3d782164c7267a19b77721b3:content-9a74027936cb3ef5f8c48cd0ac207c4a68cc29760bf9f4eb9f45dcce39cbe988,https://api.stlouisfed.org/fred/series/observations?file_type=json&limit=100000&offset=0&output_type=4&realtime_end=2026-09-01&realtime_start=1776-07-04&series_id=CPIAUCNS&sort_order=asc&units=lin
CPIAUCNS,1973-03-01,129.80000000000001,1973-04-21T00:00:00Z,1973-04-20,fred-api-v1:query-c24ecc48228d416cec5da646a34f5ebc76a5e76b3d782164c7267a19b77721b3:content-9a74027936cb3ef5f8c48cd0ac207c4a68cc29760bf9f4eb9f45dcce39cbe988,https://api.stlouisfed.org/fred/series/observations?file_type=json&limit=100000&offset=0&output_type=4&realtime_end=2026-09-01&realtime_start=1776-07-04&series_id=CPIAUCNS&sort_order=asc&units=lin
CPIAUCNS,1973-04-01,130.69999999999999,1973-05-23T00:00:00Z,1973-05-22,fred-api-v1:query-c24ecc48228d416cec5da646a34f5ebc76a5e76b3d782164c7267a19b77721b3:content-9a74027936cb3ef5f8c48cd0ac207c4a68cc29760bf9f4eb9f45dcce39cbe988,https://api.stlouisfed.org/fred/series/observations?file_type=json&limit=100000&offset=0&output_type=4&realtime_end=2026-09-01&realtime_start=1776-07-04&series_id=CPIAUCNS&sort_order=asc&units=lin
CPIAUCNS,1973-05-01,131.5,1973-06-22T00:00:00Z,1973-06-21,fred-api-v1:query-c24ecc48228d416cec5da646a34f5ebc76a5e76b3d782164c7267a19b77721b3:content-9a74027936cb3ef5f8c48cd0ac207c4a68cc29760bf9f4eb9f45dcce39cbe988,https://api.stlouisfed.org/fred/series/observations?file_type=json&limit=100000&offset=0&output_type=4&realtime_end=2026-09-01&realtime_start=1776-07-04&series_id=CPIAUCNS&sort_order=asc&units=lin
CPIAUCNS,1973-06-01,132.40000000000001,1973-07-21T00:00:00Z,1973-07-20,fred-api-v1:query-c24ecc48228d416cec5da646a34f5ebc76a5e76b3d782164c7267a19b77721b3:content-9a74027936cb3ef5f8c48cd0ac207c4a68cc29760bf9f4eb9f45dcce39cbe988,https://api.stlouisfed.org/fred/series/observations?file_type=json&limit=100000&offset=0&output_type=4&realtime_end=2026-09-01&realtime_start=1776-07-04&series_id=CPIAUCNS&sort_order=asc&units=lin
CPIAUCNS,1973-07-01,132.69999999999999,1973-08-22T00:00:00Z,1973-08-21,fred-api-v1:query-c24ecc48228d416cec5da646a34f5ebc76a5e76b3d782164c7267a19b77721b3:content-9a74027936cb3ef5f8c48cd0ac207c4a68cc29760bf9f4eb9f45dcce39cbe988,https://api.stlouisfed.org/fred/series/observations?file_type=json&limit=100000&offset=0&output_type=4&realtime_end=2026-09-01&realtime_start=1776-07-04&series_id=CPIAUCNS&sort_order=asc&units=lin
CPIAUCNS,1973-08-01,135.09999999999999,1973-09-22T00:00:00Z,1973-09-21,fred-api-v1:query-c24ecc48228d416cec5da646a34f5ebc76a5e76b3d782164c7267a19b77721b3:content-9a74027936cb3ef5f8c48cd0ac207c4a68cc29760bf9f4eb9f45dcce39cbe988,https://api.stlouisfed.org/fred/series/observations?file_type=json&limit=100000&offset=0&output_type=4&realtime_end=2026-09-01&realtime_start=1776-07-04&series_id=CPIAUCNS&sort_order=asc&units=lin
CPIAUCNS,1973-09-01,135.5,1973-10-20T00:00:00Z,1973-10-19,fred-api-v1:query-c24ecc48228d416cec5da646a34f5ebc76a5e76b3d782164c7267a19b77721b3:content-9a74027936cb3ef5f8c48cd0ac207c4a68cc29760bf9f4eb9f45dcce39cbe988,https://api.stlouisfed.org/fred/series/observations?file_type=json&limit=100000&offset=0&output_type=4&realtime_end=2026-09-01&realtime_start=1776-07-04&series_id=CPIAUCNS&sort_order=asc&units=lin
CPIAUCNS,1973-10-01,136.59999999999999,1973-11-22T00:00:00Z,1973-11-21,fred-api-v1:query-c24ecc48228d416cec5da646a34f5ebc76a5e76b3d782164c7267a19b77721b3:content-9a74027936cb3ef5f8c48cd0ac207c4a68cc29760bf9f4eb9f45dcce39cbe988,https://api.stlouisfed.org/fred/series/observations?file_type=json&limit=100000&offset=0&output_type=4&realtime_end=2026-09-01&realtime_start=1776-07-04&series_id=CPIAUCNS&sort_order=asc&units=lin
CPIAUCNS,1973-11-01,137.59999999999999,1973-12-22T00:00:00Z,1973-12-21,fred-api-v1:query-c24ecc48228d416cec5da646a34f5ebc76a5e76b3d782164c7267a19b77721b3:content-9a74027936cb3ef5f8c48cd0ac207c4a68cc29760bf9f4eb9f45dcce39cbe988,https://api.stlouisfed.org/fred/series/observations?file_type=json&limit=100000&offset=0&output_type=4&realtime_end=2026-09-01&realtime_start=1776-07-04&series_id=CPIAUCNS&sort_order=asc&units=lin
CPIAUCNS,1973-12-01,138.5,1974-01-23T00:00:00Z,1974-01-22,fred-api-v1:query-c24ecc48228d416cec5da646a34f5ebc76a5e76b3d782164c7267a19b77721b3:content-9a74027936cb3ef5f8c48cd0ac207c4a68cc29760bf9f4eb9f45dcce39cbe988,https://api.stlouisfed.org/fred/series/observations?file_type=json&limit=100000&offset=0&output_type=4&realtime_end=2026-09-01&realtime_start=1776-07-04&series_id=CPIAUCNS&sort_order=asc&units=lin
CPIAUCNS,1974-01-01,139.69999999999999,1974-02-23T00:00:00Z,1974-02-22,fred-api-v1:query-c24ecc48228d416cec5da646a34f5ebc76a5e76b3d782164c7267a19b77721b3:content-9a74027936cb3ef5f8c48cd0ac207c4a68cc29760bf9f4eb9f45dcce39cbe988,https://api.stlouisfed.org/fred/series/observations?file_type=json&limit=100000&offset=0&output_type=4&realtime_end=2026-09-01&realtime_start=1776-07-04&series_id=CPIAUCNS&sort_order=asc&units=lin
CPIAUCNS,1974-02-01,141.5,1974-03-22T00:00:00Z,1974-03-21,fred-api-v1:query-c24ecc48228d416cec5da646a34f5ebc76a5e76b3d782164c7267a19b77721b3:content-9a74027936cb3ef5f8c48cd0ac207c4a68cc29760bf9f4eb9f45dcce39cbe988,https://api.stlouisfed.org/fred/series/observations?file_type=json&limit=100000&offset=0&output_type=4&realtime_end=2026-09-01&realtime_start=1776-07-04&series_id=CPIAUCNS&sort_order=asc&units=lin
CPIAUCNS,1974-03-01,143.09999999999999,1974-04-20T00:00:00Z,1974-04-19,fred-api-v1:query-c24ecc48228d416cec5da646a34f5ebc76a5e76b3d782164c7267a19b77721b3:content-9a74027936cb3ef5f8c48cd0ac207c4a68cc29760bf9f4eb9f45dcce39cbe988,https://api.stlouisfed.org/fred/series/observations?file_type=json&limit=100000&offset=0&output_type=4&realtime_end=2026-09-01&realtime_start=1776-07-04&series_id=CPIAUCNS&sort_order=asc&units=lin
CPIAUCNS,1974-04-01,144,1974-05-22T00:00:00Z,1974-05-21,fred-api-v1:query-c24ecc48228d416cec5da646a34f5ebc76a5e76b3d782164c7267a19b77721b3:content-9a74027936cb3ef5f8c48cd0ac207c4a68cc29760bf9f4eb9f45dcce39cbe988,https://api.stlouisfed.org/fred/series/observations?file_type=json&limit=100000&offset=0&output_type=4&realtime_end=2026-09-01&realtime_start=1776-07-04&series_id=CPIAUCNS&sort_order=asc&units=lin
CPIAUCNS,1974-05-01,145.59999999999999,1974-06-22T00:00:00Z,1974-06-21,fred-api-v1:query-c24ecc48228d416cec5da646a34f5ebc76a5e76b3d782164c7267a19b77721b3:content-9a74027936cb3ef5f8c48cd0ac207c4a68cc29760bf9f4eb9f45dcce39cbe988,https://api.stlouisfed.org/fred/series/observations?file_type=json&limit=100000&offset=0&output_type=4&realtime_end=2026-09-01&realtime_start=1776-07-04&series_id=CPIAUCNS&sort_order=asc&units=lin
CPIAUCNS,1974-06-01,147.09999999999999,1974-07-20T00:00:00Z,1974-07-19,fred-api-v1:query-c24ecc48228d416cec5da646a34f5ebc76a5e76b3d782164c7267a19b77721b3:content-9a74027936cb3ef5f8c48cd0ac207c4a68cc29760bf9f4eb9f45dcce39cbe988,https://api.stlouisfed.org/fred/series/observations?file_type=json&limit=100000&offset=0&output_type=4&realtime_end=2026-09-01&realtime_start=1776-07-04&series_id=CPIAUCNS&sort_order=asc&units=lin
CPIAUCNS,1974-07-01,148.30000000000001,1974-08-22T00:00:00Z,1974-08-21,fred-api-v1:query-c24ecc48228d416cec5da646a34f5ebc76a5e76b3d782164c7267a19b77721b3:content-9a74027936cb3ef5f8c48cd0ac207c4a68cc29760bf9f4eb9f45dcce39cbe988,https://api.stlouisfed.org/fred/series/observations?file_type=json&limit=100000&offset=0&output_type=4&realtime_end=2026-09-01&realtime_start=1776-07-04&series_id=CPIAUCNS&sort_order=asc&units=lin
CPIAUCNS,1974-08-01,150.19999999999999,1974-09-21T00:00:00Z,1974-09-20,fred-api-v1:query-c24ecc48228d416cec5da646a34f5ebc76a5e76b3d782164c7267a19b77721b3:content-9a74027936cb3ef5f8c48cd0ac207c4a68cc29760bf9f4eb9f45dcce39cbe988,https://api.stlouisfed.org/fred/series/observations?file_type=json&limit=100000&offset=0&output_type=4&realtime_end=2026-09-01&realtime_start=1776-07-04&series_id=CPIAUCNS&sort_order=asc&units=lin
CPIAUCNS,1974-09-01,151.90000000000001,1974-10-23T00:00:00Z,1974-10-22,fred-api-v1:query-c24ecc48228d416cec5da646a34f5ebc76a5e76b3d782164c7267a19b77721b3:content-9a74027936cb3ef5f8c48cd0ac207c4a68cc29760bf9f4eb9f45dcce39cbe988,https://api.stlouisfed.org/fred/series/observations?file_type=json&limit=100000&offset=0&output_type=4&realtime_end=2026-09-01&realtime_start=1776-07-04&series_id=CPIAUCNS&sort_order=asc&units=lin
CPIAUCNS,1974-10-01,153.19999999999999,1974-11-22T00:00:00Z,1974-11-21,fred-api-v1:query-c24ecc48228d416cec5da646a34f5ebc76a5e76b3d782164c7267a19b77721b3:content-9a74027936cb3ef5f8c48cd0ac207c4a68cc29760bf9f4eb9f45dcce39cbe988,https://api.stlouisfed.org/fred/series/observations?file_type=json&limit=100000&offset=0&output_type=4&realtime_end=2026-09-01&realtime_start=1776-07-04&series_id=CPIAUCNS&sort_order=asc&units=lin
CPIAUCNS,1974-11-01,154.30000000000001,1974-12-21T00:00:00Z,1974-12-20,fred-api-v1:query-c24ecc48228d416cec5da646a34f5ebc76a5e76b3d782164c7267a19b77721b3:content-9a74027936cb3ef5f8c48cd0ac207c4a68cc29760bf9f4eb9f45dcce39cbe988,https://api.stlouisfed.org/fred/series/observations?file_type=json&limit=100000&offset=0&output_type=4&realtime_end=2026-09-01&realtime_start=1776-07-04&series_id=CPIAUCNS&sort_order=asc&units=lin
CPIAUCNS,1974-12-01,155.40000000000001,1975-01-22T00:00:00Z,1975-01-21,fred-api-v1:query-c24ecc48228d416cec5da646a34f5ebc76a5e76b3d782164c7267a19b77721b3:content-9a74027936cb3ef5f8c48cd0ac207c4a68cc29760bf9f4eb9f45dcce39cbe988,https://api.stlouisfed.org/fred/series/observations?file_type=json&limit=100000&offset=0&output_type=4&realtime_end=2026-09-01&realtime_start=1776-07-04&series_id=CPIAUCNS&sort_order=asc&units=lin
CPIAUCNS,1975-01-01,156.09999999999999,1975-02-22T00:00:00Z,1975-02-21,fred-api-v1:query-c24ecc48228d416cec5da646a34f5ebc76a5e76b3d782164c7267a19b77721b3:content-9a74027936cb3ef5f8c48cd0ac207c4a68cc29760bf9f4eb9f45dcce39cbe988,https://api.stlouisfed.org/fred/series/observations?file_type=json&limit=100000&offset=0&output_type=4&realtime_end=2026-09-01&realtime_start=1776-07-04&series_id=CPIAUCNS&sort_order=asc&units=lin
CPIAUCNS,1975-02-01,157.19999999999999,1975-03-21T00:00:00Z,1975-03-20,fred-api-v1:query-c24ecc48228d416cec5da646a34f5ebc76a5e76b3d782164c7267a19b77721b3:content-9a74027936cb3ef5f8c48cd0ac207c4a68cc29760bf9f4eb9f45dcce39cbe988,https://api.stlouisfed.org/fred/series/observations?file_type=json&limit=100000&offset=0&output_type=4&realtime_end=2026-09-01&realtime_start=1776-07-04&series_id=CPIAUCNS&sort_order=asc&units=lin
CPIAUCNS,1975-03-01,157.80000000000001,1975-04-23T00:00:00Z,1975-04-22,fred-api-v1:query-c24ecc48228d416cec5da646a34f5ebc76a5e76b3d782164c7267a19b77721b3:content-9a74027936cb3ef5f8c48cd0ac207c4a68cc29760bf9f4eb9f45dcce39cbe988,https://api.stlouisfed.org/fred/series/observations?file_type=json&limit=100000&offset=0&output_type=4&realtime_end=2026-09-01&realtime_start=1776-07-04&series_id=CPIAUCNS&sort_order=asc&units=lin
CPIAUCNS,1975-04-01,158.59999999999999,1975-05-22T00:00:00Z,1975-05-21,fred-api-v1:query-c24ecc48228d416cec5da646a34f5ebc76a5e76b3d782164c7267a19b77721b3:content-9a74027936cb3ef5f8c48cd0ac207c4a68cc29760bf9f4eb9f45dcce39cbe988,https://api.stlouisfed.org/fred/series/observations?file_type=json&limit=100000&offset=0&output_type=4&realtime_end=2026-09-01&realtime_start=1776-07-04&series_id=CPIAUCNS&sort_order=asc&units=lin
CPIAUCNS,1975-05-01,159.30000000000001,1975-06-21T00:00:00Z,1975-06-20,fred-api-v1:query-c24ecc48228d416cec5da646a34f5ebc76a5e76b3d782164c7267a19b77721b3:content-9a74027936cb3ef5f8c48cd0ac207c4a68cc29760bf9f4eb9f45dcce39cbe988,https://api.stlouisfed.org/fred/series/observations?file_type=json&limit=100000&offset=0&output_type=4&realtime_end=2026-09-01&realtime_start=1776-07-04&series_id=CPIAUCNS&sort_order=asc&units=lin
CPIAUCNS,1975-06-01,160.59999999999999,1975-07-23T00:00:00Z,1975-07-22,fred-api-v1:query-c24ecc48228d416cec5da646a34f5ebc76a5e76b3d782164c7267a19b77721b3:content-9a74027936cb3ef5f8c48cd0ac207c4a68cc29760bf9f4eb9f45dcce39cbe988,https://api.stlouisfed.org/fred/series/observations?file_type=json&limit=100000&offset=0&output_type=4&realtime_end=2026-09-01&realtime_start=1776-07-04&series_id=CPIAUCNS&sort_order=asc&units=lin
CPIAUCNS,1975-07-01,162.30000000000001,1975-08-22T00:00:00Z,1975-08-21,fred-api-v1:query-c24ecc48228d416cec5da646a34f5ebc76a5e76b3d782164c7267a19b77721b3:content-9a74027936cb3ef5f8c48cd0ac207c4a68cc29760bf9f4eb9f45dcce39cbe988,https://api.stlouisfed.org/fred/series/observations?file_type=json&limit=100000&offset=0&output_type=4&realtime_end=2026-09-01&realtime_start=1776-07-04&series_id=CPIAUCNS&sort_order=asc&units=lin
CPIAUCNS,1975-08-01,162.80000000000001,1975-09-20T00:00:00Z,1975-09-19,fred-api-v1:query-c24ecc48228d416cec5da646a34f5ebc76a5e76b3d782164c7267a19b77721b3:content-9a74027936cb3ef5f8c48cd0ac207c4a68cc29760bf9f4eb9f45dcce39cbe988,https://api.stlouisfed.org/fred/series/observations?file_type=json&limit=100000&offset=0&output_type=4&realtime_end=2026-09-01&realtime_start=1776-07-04&series_id=CPIAUCNS&sort_order=asc&units=lin
CPIAUCNS,1975-09-01,163.59999999999999,1975-10-23T00:00:00Z,1975-10-22,fred-api-v1:query-c24ecc48228d416cec5da646a34f5ebc76a5e76b3d782164c7267a19b77721b3:content-9a74027936cb3ef5f8c48cd0ac207c4a68cc29760bf9f4eb9f45dcce39cbe988,https://api.stlouisfed.org/fred/series/observations?file_type=json&limit=100000&offset=0&output_type=4&realtime_end=2026-09-01&realtime_start=1776-07-04&series_id=CPIAUCNS&sort_order=asc&units=lin
CPIAUCNS,1975-10-01,164.59999999999999,1975-11-21T00:00:00Z,1975-11-20,fred-api-v1:query-c24ecc48228d416cec5da646a34f5ebc76a5e76b3d782164c7267a19b77721b3:content-9a74027936cb3ef5f8c48cd0ac207c4a68cc29760bf9f4eb9f45dcce39cbe988,https://api.stlouisfed.org/fred/series/observations?file_type=json&limit=100000&offset=0&output_type=4&realtime_end=2026-09-01&realtime_start=1776-07-04&series_id=CPIAUCNS&sort_order=asc&units=lin
CPIAUCNS,1975-11-01,165.59999999999999,1975-12-20T00:00:00Z,1975-12-19,fred-api-v1:query-c24ecc48228d416cec5da646a34f5ebc76a5e76b3d782164c7267a19b77721b3:content-9a74027936cb3ef5f8c48cd0ac207c4a68cc29760bf9f4eb9f45dcce39cbe988,https://api.stlouisfed.org/fred/series/observations?file_type=json&limit=100000&offset=0&output_type=4&realtime_end=2026-09-01&realtime_start=1776-07-04&series_id=CPIAUCNS&sort_order=asc&units=lin
CPIAUCNS,1975-12-01,166.30000000000001,1976-01-22T00:00:00Z,1976-01-21,fred-api-v1:query-c24ecc48228d416cec5da646a34f5ebc76a5e76b3d782164c7267a19b77721b3:content-9a74027936cb3ef5f8c48cd0ac207c4a68cc29760bf9f4eb9f45dcce39cbe988,https://api.stlouisfed.org/fred/series/observations?file_type=json&limit=100000&offset=0&output_type=4&realtime_end=2026-09-01&realtime_start=1776-07-04&series_id=CPIAUCNS&sort_order=asc&units=lin
CPIAUCNS,1976-01-01,166.69999999999999,1976-02-21T00:00:00Z,1976-02-20,fred-api-v1:query-c24ecc48228d416cec5da646a34f5ebc76a5e76b3d782164c7267a19b77721b3:content-9a74027936cb3ef5f8c48cd0ac207c4a68cc29760bf9f4eb9f45dcce39cbe988,https://api.stlouisfed.org/fred/series/observations?file_type=json&limit=100000&offset=0&output_type=4&realtime_end=2026-09-01&realtime_start=1776-07-04&series_id=CPIAUCNS&sort_order=asc&units=lin
CPIAUCNS,1976-02-01,167.09999999999999,1976-03-20T00:00:00Z,1976-03-19,fred-api-v1:query-c24ecc48228d416cec5da646a34f5ebc76a5e76b3d782164c7267a19b77721b3:content-9a74027936cb3ef5f8c48cd0ac207c4a68cc29760bf9f4eb9f45dcce39cbe988,https://api.stlouisfed.org/fred/series/observations?file_type=json&limit=100000&offset=0&output_type=4&realtime_end=2026-09-01&realtime_start=1776-07-04&series_id=CPIAUCNS&sort_order=asc&units=lin
CPIAUCNS,1976-03-01,167.5,1976-04-22T00:00:00Z,1976-04-21,fred-api-v1:query-c24ecc48228d416cec5da646a34f5ebc76a5e76b3d782164c7267a19b77721b3:content-9a74027936cb3ef5f8c48cd0ac207c4a68cc29760bf9f4eb9f45dcce39cbe988,https://api.stlouisfed.org/fred/series/observations?file_type=json&limit=100000&offset=0&output_type=4&realtime_end=2026-09-01&realtime_start=1776-07-04&series_id=CPIAUCNS&sort_order=asc&units=lin
CPIAUCNS,1976-04-01,168.19999999999999,1976-05-22T00:00:00Z,1976-05-21,fred-api-v1:query-c24ecc48228d416cec5da646a34f5ebc76a5e76b3d782164c7267a19b77721b3:content-9a74027936cb3ef5f8c48cd0ac207c4a68cc29760bf9f4eb9f45dcce39cbe988,https://api.stlouisfed.org/fred/series/observations?file_type=json&limit=100000&offset=0&output_type=4&realtime_end=2026-09-01&realtime_start=1776-07-04&series_id=CPIAUCNS&sort_order=asc&units=lin
CPIAUCNS,1976-05-01,169.19999999999999,1976-06-23T00:00:00Z,1976-06-22,fred-api-v1:query-c24ecc48228d416cec5da646a34f5ebc76a5e76b3d782164c7267a19b77721b3:content-9a74027936cb3ef5f8c48cd0ac207c4a68cc29760bf9f4eb9f45dcce39cbe988,https://api.stlouisfed.org/fred/series/observations?file_type=json&limit=100000&offset=0&output_type=4&realtime_end=2026-09-01&realtime_start=1776-07-04&series_id=CPIAUCNS&sort_order=asc&units=lin
CPIAUCNS,1976-06-01,170.09999999999999,1976-07-22T00:00:00Z,1976-07-21,fred-api-v1:query-c24ecc48228d416cec5da646a34f5ebc76a5e76b3d782164c7267a19b77721b3:content-9a74027936cb3ef5f8c48cd0ac207c4a68cc29760bf9f4eb9f45dcce39cbe988,https://api.stlouisfed.org/fred/series/observations?file_type=json&limit=100000&offset=0&output_type=4&realtime_end=2026-09-01&realtime_start=1776-07-04&series_id=CPIAUCNS&sort_order=asc&units=lin
CPIAUCNS,1976-07-01,171.09999999999999,1976-08-21T00:00:00Z,1976-08-20,fred-api-v1:query-c24ecc48228d416cec5da646a34f5ebc76a5e76b3d782164c7267a19b77721b3:content-9a74027936cb3ef5f8c48cd0ac207c4a68cc29760bf9f4eb9f45dcce39cbe988,https://api.stlouisfed.org/fred/series/observations?file_type=json&limit=100000&offset=0&output_type=4&realtime_end=2026-09-01&realtime_start=1776-07-04&series_id=CPIAUCNS&sort_order=asc&units=lin
CPIAUCNS,1976-08-01,171.90000000000001,1976-09-22T00:00:00Z,1976-09-21,fred-api-v1:query-c24ecc48228d416cec5da646a34f5ebc76a5e76b3d782164c7267a19b77721b3:content-9a74027936cb3ef5f8c48cd0ac207c4a68cc29760bf9f4eb9f45dcce39cbe988,https://api.stlouisfed.org/fred/series/observations?file_type=json&limit=100000&offset=0&output_type=4&realtime_end=2026-09-01&realtime_start=1776-07-04&series_id=CPIAUCNS&sort_order=asc&units=lin
CPIAUCNS,1976-09-01,172.59999999999999,1976-10-22T00:00:00Z,1976-10-21,fred-api-v1:query-c24ecc48228d416cec5da646a34f5ebc76a5e76b3d782164c7267a19b77721b3:content-9a74027936cb3ef5f8c48cd0ac207c4a68cc29760bf9f4eb9f45dcce39cbe988,https://api.stlouisfed.org/fred/series/observations?file_type=json&limit=100000&offset=0&output_type=4&realtime_end=2026-09-01&realtime_start=1776-07-04&series_id=CPIAUCNS&sort_order=asc&units=lin
CPIAUCNS,1976-10-01,173.30000000000001,1976-11-20T00:00:00Z,1976-11-19,fred-api-v1:query-c24ecc48228d416cec5da646a34f5ebc76a5e76b3d782164c7267a19b77721b3:content-9a74027936cb3ef5f8c48cd0ac207c4a68cc29760bf9f4eb9f45dcce39cbe988,https://api.stlouisfed.org/fred/series/observations?file_type=json&limit=100000&offset=0&output_type=4&realtime_end=2026-09-01&realtime_start=1776-07-04&series_id=CPIAUCNS&sort_order=asc&units=lin
CPIAUCNS,1976-11-01,173.80000000000001,1976-12-22T00:00:00Z,1976-12-21,fred-api-v1:query-c24ecc48228d416cec5da646a34f5ebc76a5e76b3d782164c7267a19b77721b3:content-9a74027936cb3ef5f8c48cd0ac207c4a68cc29760bf9f4eb9f45dcce39cbe988,https://api.stlouisfed.org/fred/series/observations?file_type=json&limit=100000&offset=0&output_type=4&realtime_end=2026-09-01&realtime_start=1776-07-04&series_id=CPIAUCNS&sort_order=asc&units=lin
CPIAUCNS,1976-12-01,174.30000000000001,1977-01-20T00:00:00Z,1977-01-19,fred-api-v1:query-c24ecc48228d416cec5da646a34f5ebc76a5e76b3d782164c7267a19b77721b3:content-9a74027936cb3ef5f8c48cd0ac207c4a68cc29760bf9f4eb9f45dcce39cbe988,https://api.stlouisfed.org/fred/series/observations?file_type=json&limit=100000&offset=0&output_type=4&realtime_end=2026-09-01&realtime_start=1776-07-04&series_id=CPIAUCNS&sort_order=asc&units=lin
CPIAUCNS,1977-01-01,175.30000000000001,1977-02-19T00:00:00Z,1977-02-18,fred-api-v1:query-c24ecc48228d416cec5da646a34f5ebc76a5e76b3d782164c7267a19b77721b3:content-9a74027936cb3ef5f8c48cd0ac207c4a68cc29760bf9f4eb9f45dcce39cbe988,https://api.stlouisfed.org/fred/series/observations?file_type=json&limit=100000&offset=0&output_type=4&realtime_end=2026-09-01&realtime_start=1776-07-04&series_id=CPIAUCNS&sort_order=asc&units=lin
CPIAUCNS,1977-02-01,177.09999999999999,1977-03-19T00:00:00Z,1977-03-18,fred-api-v1:query-c24ecc48228d416cec5da646a34f5ebc76a5e76b3d782164c7267a19b77721b3:content-9a74027936cb3ef5f8c48cd0ac207c4a68cc29760bf9f4eb9f45dcce39cbe988,https://api.stlouisfed.org/fred/series/observations?file_type=json&limit=100000&offset=0&output_type=4&realtime_end=2026-09-01&realtime_start=1776-07-04&series_id=CPIAUCNS&sort_order=asc&units=lin
CPIAUCNS,1977-03-01,178.19999999999999,1977-04-22T00:00:00Z,1977-04-21,fred-api-v1:query-c24ecc48228d416cec5da646a34f5ebc76a5e76b3d782164c7267a19b77721b3:content-9a74027936cb3ef5f8c48cd0ac207c4a68cc29760bf9f4eb9f45dcce39cbe988,https://api.stlouisfed.org/fred/series/observations?file_type=json&limit=100000&offset=0&output_type=4&realtime_end=2026-09-01&realtime_start=1776-07-04&series_id=CPIAUCNS&sort_order=asc&units=lin
CPIAUCNS,1977-04-01,179.59999999999999,1977-05-21T00:00:00Z,1977-05-20,fred-api-v1:query-c24ecc48228d416cec5da646a34f5ebc76a5e76b3d782164c7267a19b77721b3:content-9a74027936cb3ef5f8c48cd0ac207c4a68cc29760bf9f4eb9f45dcce39cbe988,https://api.stlouisfed.org/fred/series/observations?file_type=json&limit=100000&offset=0&output_type=4&realtime_end=2026-09-01&realtime_start=1776-07-04&series_id=CPIAUCNS&sort_order=asc&units=lin
CPIAUCNS,1977-05-01,180.59999999999999,1977-06-22T00:00:00Z,1977-06-21,fred-api-v1:query-c24ecc48228d416cec5da646a34f5ebc76a5e76b3d782164c7267a19b77721b3:content-9a74027936cb3ef5f8c48cd0ac207c4a68cc29760bf9f4eb9f45dcce39cbe988,https://api.stlouisfed.org/fred/series/observations?file_type=json&limit=100000&offset=0&output_type=4&realtime_end=2026-09-01&realtime_start=1776-07-04&series_id=CPIAUCNS&sort_order=asc&units=lin
CPIAUCNS,1977-06-01,181.80000000000001,1977-07-22T00:00:00Z,1977-07-21,fred-api-v1:query-c24ecc48228d416cec5da646a34f5ebc76a5e76b3d782164c7267a19b77721b3:content-9a74027936cb3ef5f8c48cd0ac207c4a68cc29760bf9f4eb9f45dcce39cbe988,https://api.stlouisfed.org/fred/series/observations?file_type=json&limit=100000&offset=0&output_type=4&realtime_end=2026-09-01&realtime_start=1776-07-04&series_id=CPIAUCNS&sort_order=asc&units=lin
CPIAUCNS,1977-07-01,182.59999999999999,1977-08-20T00:00:00Z,1977-08-19,fred-api-v1:query-c24ecc48228d416cec5da646a34f5ebc76a5e76b3d782164c7267a19b77721b3:content-9a74027936cb3ef5f8c48cd0ac207c4a68cc29760bf9f4eb9f45dcce39cbe988,https://api.stlouisfed.org/fred/series/observations?file_type=json&limit=100000&offset=0&output_type=4&realtime_end=2026-09-01&realtime_start=1776-07-04&series_id=CPIAUCNS&sort_order=asc&units=lin
CPIAUCNS,1977-08-01,183.30000000000001,1977-09-22T00:00:00Z,1977-09-21,fred-api-v1:query-c24ecc48228d416cec5da646a34f5ebc76a5e76b3d782164c7267a19b77721b3:content-9a74027936cb3ef5f8c48cd0ac207c4a68cc29760bf9f4eb9f45dcce39cbe988,https://api.stlouisfed.org/fred/series/observations?file_type=json&limit=100000&offset=0&output_type=4&realtime_end=2026-09-01&realtime_start=1776-07-04&series_id=CPIAUCNS&sort_order=asc&units=lin
CPIAUCNS,1977-09-01,184,1977-10-22T00:00:00Z,1977-10-21,fred-api-v1:query-c24ecc48228d416cec5da646a34f5ebc76a5e76b3d782164c7267a19b77721b3:content-9a74027936cb3ef5f8c48cd0ac207c4a68cc29760bf9f4eb9f45dcce39cbe988,https://api.stlouisfed.org/fred/series/observations?file_type=json&limit=100000&offset=0&output_type=4&realtime_end=2026-09-01&realtime_start=1776-07-04&series_id=CPIAUCNS&sort_order=asc&units=lin
CPIAUCNS,1977-10-01,184.5,1977-11-23T00:00:00Z,1977-11-22,fred-api-v1:query-c24ecc48228d416cec5da646a34f5ebc76a5e76b3d782164c7267a19b77721b3:content-9a74027936cb3ef5f8c48cd0ac207c4a68cc29760bf9f4eb9f45dcce39cbe988,https://api.stlouisfed.org/fred/series/observations?file_type=json&limit=100000&offset=0&output_type=4&realtime_end=2026-09-01&realtime_start=1776-07-04&series_id=CPIAUCNS&sort_order=asc&units=lin
CPIAUCNS,1977-11-01,185.40000000000001,1977-12-22T00:00:00Z,1977-12-21,fred-api-v1:query-c24ecc48228d416cec5da646a34f5ebc76a5e76b3d782164c7267a19b77721b3:content-9a74027936cb3ef5f8c48cd0ac207c4a68cc29760bf9f4eb9f45dcce39cbe988,https://api.stlouisfed.org/fred/series/observations?file_type=json&limit=100000&offset=0&output_type=4&realtime_end=2026-09-01&realtime_start=1776-07-04&series_id=CPIAUCNS&sort_order=asc&units=lin
CPIAUCNS,1977-12-01,186.09999999999999,1978-01-21T00:00:00Z,1978-01-20,fred-api-v1:query-c24ecc48228d416cec5da646a34f5ebc76a5e76b3d782164c7267a19b77721b3:content-9a74027936cb3ef5f8c48cd0ac207c4a68cc29760bf9f4eb9f45dcce39cbe988,https://api.stlouisfed.org/fred/series/observations?file_type=json&limit=100000&offset=0&output_type=4&realtime_end=2026-09-01&realtime_start=1776-07-04&series_id=CPIAUCNS&sort_order=asc&units=lin
CPIAUCNS,1978-01-01,187.19999999999999,1978-02-28T00:00:00Z,1978-02-27,fred-api-v1:query-c24ecc48228d416cec5da646a34f5ebc76a5e76b3d782164c7267a19b77721b3:content-9a74027936cb3ef5f8c48cd0ac207c4a68cc29760bf9f4eb9f45dcce39cbe988,https://api.stlouisfed.org/fred/series/observations?file_type=json&limit=100000&offset=0&output_type=4&realtime_end=2026-09-01&realtime_start=1776-07-04&series_id=CPIAUCNS&sort_order=asc&units=lin
CPIAUCNS,1978-02-01,188.40000000000001,1978-03-29T00:00:00Z,1978-03-28,fred-api-v1:query-c24ecc48228d416cec5da646a34f5ebc76a5e76b3d782164c7267a19b77721b3:content-9a74027936cb3ef5f8c48cd0ac207c4a68cc29760bf9f4eb9f45dcce39cbe988,https://api.stlouisfed.org/fred/series/observations?file_type=json&limit=100000&offset=0&output_type=4&realtime_end=2026-09-01&realtime_start=1776-07-04&series_id=CPIAUCNS&sort_order=asc&units=lin
CPIAUCNS,1978-03-01,189.80000000000001,1978-04-29T00:00:00Z,1978-04-28,fred-api-v1:query-c24ecc48228d416cec5da646a34f5ebc76a5e76b3d782164c7267a19b77721b3:content-9a74027936cb3ef5f8c48cd0ac207c4a68cc29760bf9f4eb9f45dcce39cbe988,https://api.stlouisfed.org/fred/series/observations?file_type=json&limit=100000&offset=0&output_type=4&realtime_end=2026-09-01&realtime_start=1776-07-04&series_id=CPIAUCNS&sort_order=asc&units=lin
CPIAUCNS,1978-04-01,191.5,1978-06-01T00:00:00Z,1978-05-31,fred-api-v1:query-c24ecc48228d416cec5da646a34f5ebc76a5e76b3d782164c7267a19b77721b3:content-9a74027936cb3ef5f8c48cd0ac207c4a68cc29760bf9f4eb9f45dcce39cbe988,https://api.stlouisfed.org/fred/series/observations?file_type=json&limit=100000&offset=0&output_type=4&realtime_end=2026-09-01&realtime_start=1776-07-04&series_id=CPIAUCNS&sort_order=asc&units=lin
CPIAUCNS,1978-05-01,193.30000000000001,1978-07-01T00:00:00Z,1978-06-30,fred-api-v1:query-c24ecc48228d416cec5da646a34f5ebc76a5e76b3d782164c7267a19b77721b3:content-9a74027936cb3ef5f8c48cd0ac207c4a68cc29760bf9f4eb9f45dcce39cbe988,https://api.stlouisfed.org/fred/series/observations?file_type=json&limit=100000&offset=0&output_type=4&realtime_end=2026-09-01&realtime_start=1776-07-04&series_id=CPIAUCNS&sort_order=asc&units=lin
CPIAUCNS,1978-06-01,195.30000000000001,1978-07-29T00:00:00Z,1978-07-28,fred-api-v1:query-c24ecc48228d416cec5da646a34f5ebc76a5e76b3d782164c7267a19b77721b3:content-9a74027936cb3ef5f8c48cd0ac207c4a68cc29760bf9f4eb9f45dcce39cbe988,https://api.stlouisfed.org/fred/series/observations?file_type=json&limit=100000&offset=0&output_type=4&realtime_end=2026-09-01&realtime_start=1776-07-04&series_id=CPIAUCNS&sort_order=asc&units=lin
CPIAUCNS,1978-07-01,196.69999999999999,1978-08-30T00:00:00Z,1978-08-29,fred-api-v1:query-c24ecc48228d416cec5da646a34f5ebc76a5e76b3d782164c7267a19b77721b3:content-9a74027936cb3ef5f8c48cd0ac207c4a68cc29760bf9f4eb9f45dcce39cbe988,https://api.stlouisfed.org/fred/series/observations?file_type=json&limit=100000&offset=0&output_type=4&realtime_end=2026-09-01&realtime_start=1776-07-04&series_id=CPIAUCNS&sort_order=asc&units=lin
CPIAUCNS,1978-08-01,197.80000000000001,1978-09-27T00:00:00Z,1978-09-26,fred-api-v1:query-c24ecc48228d416cec5da646a34f5ebc76a5e76b3d782164c7267a19b77721b3:content-9a74027936cb3ef5f8c48cd0ac207c4a68cc29760bf9f4eb9f45dcce39cbe988,https://api.stlouisfed.org/fred/series/observations?file_type=json&limit=100000&offset=0&output_type=4&realtime_end=2026-09-01&realtime_start=1776-07-04&series_id=CPIAUCNS&sort_order=asc&units=lin
CPIAUCNS,1978-09-01,199.30000000000001,1978-10-27T00:00:00Z,1978-10-26,fred-api-v1:query-c24ecc48228d416cec5da646a34f5ebc76a5e76b3d782164c7267a19b77721b3:content-9a74027936cb3ef5f8c48cd0ac207c4a68cc29760bf9f4eb9f45dcce39cbe988,https://api.stlouisfed.org/fred/series/observations?file_type=json&limit=100000&offset=0&output_type=4&realtime_end=2026-09-01&realtime_start=1776-07-04&series_id=CPIAUCNS&sort_order=asc&units=lin
CPIAUCNS,1978-10-01,200.90000000000001,1978-11-29T00:00:00Z,1978-11-28,fred-api-v1:query-c24ecc48228d416cec5da646a34f5ebc76a5e76b3d782164c7267a19b77721b3:content-9a74027936cb3ef5f8c48cd0ac207c4a68cc29760bf9f4eb9f45dcce39cbe988,https://api.stlouisfed.org/fred/series/observations?file_type=json&limit=100000&offset=0&output_type=4&realtime_end=2026-09-01&realtime_start=1776-07-04&series_id=CPIAUCNS&sort_order=asc&units=lin
CPIAUCNS,1978-11-01,202,1978-12-23T00:00:00Z,1978-12-22,fred-api-v1:query-c24ecc48228d416cec5da646a34f5ebc76a5e76b3d782164c7267a19b77721b3:content-9a74027936cb3ef5f8c48cd0ac207c4a68cc29760bf9f4eb9f45dcce39cbe988,https://api.stlouisfed.org/fred/series/observations?file_type=json&limit=100000&offset=0&output_type=4&realtime_end=2026-09-01&realtime_start=1776-07-04&series_id=CPIAUCNS&sort_order=asc&units=lin
CPIAUCNS,1978-12-01,202.90000000000001,1979-01-25T00:00:00Z,1979-01-24,fred-api-v1:query-c24ecc48228d416cec5da646a34f5ebc76a5e76b3d782164c7267a19b77721b3:content-9a74027936cb3ef5f8c48cd0ac207c4a68cc29760bf9f4eb9f45dcce39cbe988,https://api.stlouisfed.org/fred/series/observations?file_type=json&limit=100000&offset=0&output_type=4&realtime_end=2026-09-01&realtime_start=1776-07-04&series_id=CPIAUCNS&sort_order=asc&units=lin
CPIAUCNS,1979-01-01,204.69999999999999,1979-02-24T00:00:00Z,1979-02-23,fred-api-v1:query-c24ecc48228d416cec5da646a34f5ebc76a5e76b3d782164c7267a19b77721b3:content-9a74027936cb3ef5f8c48cd0ac207c4a68cc29760bf9f4eb9f45dcce39cbe988,https://api.stlouisfed.org/fred/series/observations?file_type=json&limit=100000&offset=0&output_type=4&realtime_end=2026-09-01&realtime_start=1776-07-04&series_id=CPIAUCNS&sort_order=asc&units=lin
CPIAUCNS,1979-02-01,207.09999999999999,1979-03-24T00:00:00Z,1979-03-23,fred-api-v1:query-c24ecc48228d416cec5da646a34f5ebc76a5e76b3d782164c7267a19b77721b3:content-9a74027936cb3ef5f8c48cd0ac207c4a68cc29760bf9f4eb9f45dcce39cbe988,https://api.stlouisfed.org/fred/series/observations?file_type=json&limit=100000&offset=0&output_type=4&realtime_end=2026-09-01&realtime_start=1776-07-04&series_id=CPIAUCNS&sort_order=asc&units=lin
CPIAUCNS,1979-03-01,209.09999999999999,1979-04-27T00:00:00Z,1979-04-26,fred-api-v1:query-c24ecc48228d416cec5da646a34f5ebc76a5e76b3d782164c7267a19b77721b3:content-9a74027936cb3ef5f8c48cd0ac207c4a68cc29760bf9f4eb9f45dcce39cbe988,https://api.stlouisfed.org/fred/series/observations?file_type=json&limit=100000&offset=0&output_type=4&realtime_end=2026-09-01&realtime_start=1776-07-04&series_id=CPIAUCNS&sort_order=asc&units=lin
CPIAUCNS,1979-04-01,211.5,1979-05-26T00:00:00Z,1979-05-25,fred-api-v1:query-c24ecc48228d416cec5da646a34f5ebc76a5e76b3d782164c7267a19b77721b3:content-9a74027936cb3ef5f8c48cd0ac207c4a68cc29760bf9f4eb9f45dcce39cbe988,https://api.stlouisfed.org/fred/series/observations?file_type=json&limit=100000&offset=0&output_type=4&realtime_end=2026-09-01&realtime_start=1776-07-04&series_id=CPIAUCNS&sort_order=asc&units=lin
CPIAUCNS,1979-05-01,214.09999999999999,1979-06-27T00:00:00Z,1979-06-26,fred-api-v1:query-c24ecc48228d416cec5da646a34f5ebc76a5e76b3d782164c7267a19b77721b3:content-9a74027936cb3ef5f8c48cd0ac207c4a68cc29760bf9f4eb9f45dcce39cbe988,https://api.stlouisfed.org/fred/series/observations?file_type=json&limit=100000&offset=0&output_type=4&realtime_end=2026-09-01&realtime_start=1776-07-04&series_id=CPIAUCNS&sort_order=asc&units=lin
CPIAUCNS,1979-06-01,216.59999999999999,1979-07-27T00:00:00Z,1979-07-26,fred-api-v1:query-c24ecc48228d416cec5da646a34f5ebc76a5e76b3d782164c7267a19b77721b3:content-9a74027936cb3ef5f8c48cd0ac207c4a68cc29760bf9f4eb9f45dcce39cbe988,https://api.stlouisfed.org/fred/series/observations?file_type=json&limit=100000&offset=0&output_type=4&realtime_end=2026-09-01&realtime_start=1776-07-04&series_id=CPIAUCNS&sort_order=asc&units=lin
CPIAUCNS,1979-07-01,218.90000000000001,1979-08-25T00:00:00Z,1979-08-24,fred-api-v1:query-c24ecc48228d416cec5da646a34f5ebc76a5e76b3d782164c7267a19b77721b3:content-9a74027936cb3ef5f8c48cd0ac207c4a68cc29760bf9f4eb9f45dcce39cbe988,https://api.stlouisfed.org/fred/series/observations?file_type=json&limit=100000&offset=0&output_type=4&realtime_end=2026-09-01&realtime_start=1776-07-04&series_id=CPIAUCNS&sort_order=asc&units=lin
CPIAUCNS,1979-08-01,221.09999999999999,1979-09-26T00:00:00Z,1979-09-25,fred-api-v1:query-c24ecc48228d416cec5da646a34f5ebc76a5e76b3d782164c7267a19b77721b3:content-9a74027936cb3ef5f8c48cd0ac207c4a68cc29760bf9f4eb9f45dcce39cbe988,https://api.stlouisfed.org/fred/series/observations?file_type=json&limit=100000&offset=0&output_type=4&realtime_end=2026-09-01&realtime_start=1776-07-04&series_id=CPIAUCNS&sort_order=asc&units=lin
CPIAUCNS,1979-09-01,223.40000000000001,1979-10-27T00:00:00Z,1979-10-26,fred-api-v1:query-c24ecc48228d416cec5da646a34f5ebc76a5e76b3d782164c7267a19b77721b3:content-9a74027936cb3ef5f8c48cd0ac207c4a68cc29760bf9f4eb9f45dcce39cbe988,https://api.stlouisfed.org/fred/series/observations?file_type=json&limit=100000&offset=0&output_type=4&realtime_end=2026-09-01&realtime_start=1776-07-04&series_id=CPIAUCNS&sort_order=asc&units=lin
CPIAUCNS,1979-10-01,225.40000000000001,1979-11-28T00:00:00Z,1979-11-27,fred-api-v1:query-c24ecc48228d416cec5da646a34f5ebc76a5e76b3d782164c7267a19b77721b3:content-9a74027936cb3ef5f8c48cd0ac207c4a68cc29760bf9f4eb9f45dcce39cbe988,https://api.stlouisfed.org/fred/series/observations?file_type=json&limit=100000&offset=0&output_type=4&realtime_end=2026-09-01&realtime_start=1776-07-04&series_id=CPIAUCNS&sort_order=asc&units=lin
CPIAUCNS,1979-11-01,227.5,1979-12-22T00:00:00Z,1979-12-21,fred-api-v1:query-c24ecc48228d416cec5da646a34f5ebc76a5e76b3d782164c7267a19b77721b3:content-9a74027936cb3ef5f8c48cd0ac207c4a68cc29760bf9f4eb9f45dcce39cbe988,https://api.stlouisfed.org/fred/series/observations?file_type=json&limit=100000&offset=0&output_type=4&realtime_end=2026-09-01&realtime_start=1776-07-04&series_id=CPIAUCNS&sort_order=asc&units=lin
CPIAUCNS,1979-12-01,229.90000000000001,1980-01-26T00:00:00Z,1980-01-25,fred-api-v1:query-c24ecc48228d416cec5da646a34f5ebc76a5e76b3d782164c7267a19b77721b3:content-9a74027936cb3ef5f8c48cd0ac207c4a68cc29760bf9f4eb9f45dcce39cbe988,https://api.stlouisfed.org/fred/series/observations?file_type=json&limit=100000&offset=0&output_type=4&realtime_end=2026-09-01&realtime_start=1776-07-04&series_id=CPIAUCNS&sort_order=asc&units=lin
CPIAUCNS,1980-01-01,233.19999999999999,1980-02-23T00:00:00Z,1980-02-22,fred-api-v1:query-c24ecc48228d416cec5da646a34f5ebc76a5e76b3d782164c7267a19b77721b3:content-9a74027936cb3ef5f8c48cd0ac207c4a68cc29760bf9f4eb9f45dcce39cbe988,https://api.stlouisfed.org/fred/series/observations?file_type=json&limit=100000&offset=0&output_type=4&realtime_end=2026-09-01&realtime_start=1776-07-04&series_id=CPIAUCNS&sort_order=asc&units=lin
CPIAUCNS,1980-02-01,236.40000000000001,1980-03-26T00:00:00Z,1980-03-25,fred-api-v1:query-c24ecc48228d416cec5da646a34f5ebc76a5e76b3d782164c7267a19b77721b3:content-9a74027936cb3ef5f8c48cd0ac207c4a68cc29760bf9f4eb9f45dcce39cbe988,https://api.stlouisfed.org/fred/series/observations?file_type=json&limit=100000&offset=0&output_type=4&realtime_end=2026-09-01&realtime_start=1776-07-04&series_id=CPIAUCNS&sort_order=asc&units=lin
CPIAUCNS,1980-03-01,239.80000000000001,1980-04-23T00:00:00Z,1980-04-22,fred-api-v1:query-c24ecc48228d416cec5da646a34f5ebc76a5e76b3d782164c7267a19b77721b3:content-9a74027936cb3ef5f8c48cd0ac207c4a68cc29760bf9f4eb9f45dcce39cbe988,https://api.stlouisfed.org/fred/series/observations?file_type=json&limit=100000&offset=0&output_type=4&realtime_end=2026-09-01&realtime_start=1776-07-04&series_id=CPIAUCNS&sort_order=asc&units=lin
CPIAUCNS,1980-04-01,242.5,1980-05-24T00:00:00Z,1980-05-23,fred-api-v1:query-c24ecc48228d416cec5da646a34f5ebc76a5e76b3d782164c7267a19b77721b3:content-9a74027936cb3ef5f8c48cd0ac207c4a68cc29760bf9f4eb9f45dcce39cbe988,https://api.stlouisfed.org/fred/series/observations?file_type=json&limit=100000&offset=0&output_type=4&realtime_end=2026-09-01&realtime_start=1776-07-04&series_id=CPIAUCNS&sort_order=asc&units=lin
CPIAUCNS,1980-05-01,244.90000000000001,1980-06-25T00:00:00Z,1980-06-24,fred-api-v1:query-c24ecc48228d416cec5da646a34f5ebc76a5e76b3d782164c7267a19b77721b3:content-9a74027936cb3ef5f8c48cd0ac207c4a68cc29760bf9f4eb9f45dcce39cbe988,https://api.stlouisfed.org/fred/series/observations?file_type=json&limit=100000&offset=0&output_type=4&realtime_end=2026-09-01&realtime_start=1776-07-04&series_id=CPIAUCNS&sort_order=asc&units=lin
CPIAUCNS,1980-06-01,247.59999999999999,1980-07-24T00:00:00Z,1980-07-23,fred-api-v1:query-c24ecc48228d416cec5da646a34f5ebc76a5e76b3d782164c7267a19b77721b3:content-9a74027936cb3ef5f8c48cd0ac207c4a68cc29760bf9f4eb9f45dcce39cbe988,https://api.stlouisfed.org/fred/series/observations?file_type=json&limit=100000&offset=0&output_type=4&realtime_end=2026-09-01&realtime_start=1776-07-04&series_id=CPIAUCNS&sort_order=asc&units=lin
CPIAUCNS,1980-07-01,247.80000000000001,1980-08-23T00:00:00Z,1980-08-22,fred-api-v1:query-c24ecc48228d416cec5da646a34f5ebc76a5e76b3d782164c7267a19b77721b3:content-9a74027936cb3ef5f8c48cd0ac207c4a68cc29760bf9f4eb9f45dcce39cbe988,https://api.stlouisfed.org/fred/series/observations?file_type=json&limit=100000&offset=0&output_type=4&realtime_end=2026-09-01&realtime_start=1776-07-04&series_id=CPIAUCNS&sort_order=asc&units=lin
CPIAUCNS,1980-08-01,249.40000000000001,1980-09-24T00:00:00Z,1980-09-23,fred-api-v1:query-c24ecc48228d416cec5da646a34f5ebc76a5e76b3d782164c7267a19b77721b3:content-9a74027936cb3ef5f8c48cd0ac207c4a68cc29760bf9f4eb9f45dcce39cbe988,https://api.stlouisfed.org/fred/series/observations?file_type=json&limit=100000&offset=0&output_type=4&realtime_end=2026-09-01&realtime_start=1776-07-04&series_id=CPIAUCNS&sort_order=asc&units=lin
CPIAUCNS,1980-09-01,251.69999999999999,1980-10-25T00:00:00Z,1980-10-24,fred-api-v1:query-c24ecc48228d416cec5da646a34f5ebc76a5e76b3d782164c7267a19b77721b3:content-9a74027936cb3ef5f8c48cd0ac207c4a68cc29760bf9f4eb9f45dcce39cbe988,https://api.stlouisfed.org/fred/series/observations?file_type=json&limit=100000&offset=0&output_type=4&realtime_end=2026-09-01&realtime_start=1776-07-04&series_id=CPIAUCNS&sort_order=asc&units=lin
CPIAUCNS,1980-10-01,253.90000000000001,1980-11-26T00:00:00Z,1980-11-25,fred-api-v1:query-c24ecc48228d416cec5da646a34f5ebc76a5e76b3d782164c7267a19b77721b3:content-9a74027936cb3ef5f8c48cd0ac207c4a68cc29760bf9f4eb9f45dcce39cbe988,https://api.stlouisfed.org/fred/series/observations?file_type=json&limit=100000&offset=0&output_type=4&realtime_end=2026-09-01&realtime_start=1776-07-04&series_id=CPIAUCNS&sort_order=asc&units=lin
CPIAUCNS,1980-11-01,256.19999999999999,1980-12-24T00:00:00Z,1980-12-23,fred-api-v1:query-c24ecc48228d416cec5da646a34f5ebc76a5e76b3d782164c7267a19b77721b3:content-9a74027936cb3ef5f8c48cd0ac207c4a68cc29760bf9f4eb9f45dcce39cbe988,https://api.stlouisfed.org/fred/series/observations?file_type=json&limit=100000&offset=0&output_type=4&realtime_end=2026-09-01&realtime_start=1776-07-04&series_id=CPIAUCNS&sort_order=asc&units=lin
CPIAUCNS,1980-12-01,258.39999999999998,1981-01-24T00:00:00Z,1981-01-23,fred-api-v1:query-c24ecc48228d416cec5da646a34f5ebc76a5e76b3d782164c7267a19b77721b3:content-9a74027936cb3ef5f8c48cd0ac207c4a68cc29760bf9f4eb9f45dcce39cbe988,https://api.stlouisfed.org/fred/series/observations?file_type=json&limit=100000&offset=0&output_type=4&realtime_end=2026-09-01&realtime_start=1776-07-04&series_id=CPIAUCNS&sort_order=asc&units=lin
CPIAUCNS,1981-01-01,260.5,1981-02-26T00:00:00Z,1981-02-25,fred-api-v1:query-c24ecc48228d416cec5da646a34f5ebc76a5e76b3d782164c7267a19b77721b3:content-9a74027936cb3ef5f8c48cd0ac207c4a68cc29760bf9f4eb9f45dcce39cbe988,https://api.stlouisfed.org/fred/series/observations?file_type=json&limit=100000&offset=0&output_type=4&realtime_end=2026-09-01&realtime_start=1776-07-04&series_id=CPIAUCNS&sort_order=asc&units=lin
CPIAUCNS,1981-02-01,263.19999999999999,1981-03-25T00:00:00Z,1981-03-24,fred-api-v1:query-c24ecc48228d416cec5da646a34f5ebc76a5e76b3d782164c7267a19b77721b3:content-9a74027936cb3ef5f8c48cd0ac207c4a68cc29760bf9f4eb9f45dcce39cbe988,https://api.stlouisfed.org/fred/series/observations?file_type=json&limit=100000&offset=0&output_type=4&realtime_end=2026-09-01&realtime_start=1776-07-04&series_id=CPIAUCNS&sort_order=asc&units=lin
CPIAUCNS,1981-03-01,265.10000000000002,1981-04-24T00:00:00Z,1981-04-23,fred-api-v1:query-c24ecc48228d416cec5da646a34f5ebc76a5e76b3d782164c7267a19b77721b3:content-9a74027936cb3ef5f8c48cd0ac207c4a68cc29760bf9f4eb9f45dcce39cbe988,https://api.stlouisfed.org/fred/series/observations?file_type=json&limit=100000&offset=0&output_type=4&realtime_end=2026-09-01&realtime_start=1776-07-04&series_id=CPIAUCNS&sort_order=asc&units=lin
CPIAUCNS,1981-04-01,266.80000000000001,1981-05-23T00:00:00Z,1981-05-22,fred-api-v1:query-c24ecc48228d416cec5da646a34f5ebc76a5e76b3d782164c7267a19b77721b3:content-9a74027936cb3ef5f8c48cd0ac207c4a68cc29760bf9f4eb9f45dcce39cbe988,https://api.stlouisfed.org/fred/series/observations?file_type=json&limit=100000&offset=0&output_type=4&realtime_end=2026-09-01&realtime_start=1776-07-04&series_id=CPIAUCNS&sort_order=asc&units=lin
CPIAUCNS,1981-05-01,269,1981-06-24T00:00:00Z,1981-06-23,fred-api-v1:query-c24ecc48228d416cec5da646a34f5ebc76a5e76b3d782164c7267a19b77721b3:content-9a74027936cb3ef5f8c48cd0ac207c4a68cc29760bf9f4eb9f45dcce39cbe988,https://api.stlouisfed.org/fred/series/observations?file_type=json&limit=100000&offset=0&output_type=4&realtime_end=2026-09-01&realtime_start=1776-07-04&series_id=CPIAUCNS&sort_order=asc&units=lin
CPIAUCNS,1981-06-01,271.30000000000001,1981-07-24T00:00:00Z,1981-07-23,fred-api-v1:query-c24ecc48228d416cec5da646a34f5ebc76a5e76b3d782164c7267a19b77721b3:content-9a74027936cb3ef5f8c48cd0ac207c4a68cc29760bf9f4eb9f45dcce39cbe988,https://api.stlouisfed.org/fred/series/observations?file_type=json&limit=100000&offset=0&output_type=4&realtime_end=2026-09-01&realtime_start=1776-07-04&series_id=CPIAUCNS&sort_order=asc&units=lin
CPIAUCNS,1981-07-01,274.39999999999998,1981-08-26T00:00:00Z,1981-08-25,fred-api-v1:query-c24ecc48228d416cec5da646a34f5ebc76a5e76b3d782164c7267a19b77721b3:content-9a74027936cb3ef5f8c48cd0ac207c4a68cc29760bf9f4eb9f45dcce39cbe988,https://api.stlouisfed.org/fred/series/observations?file_type=json&limit=100000&offset=0&output_type=4&realtime_end=2026-09-01&realtime_start=1776-07-04&series_id=CPIAUCNS&sort_order=asc&units=lin
CPIAUCNS,1981-08-01,276.5,1981-09-25T00:00:00Z,1981-09-24,fred-api-v1:query-c24ecc48228d416cec5da646a34f5ebc76a5e76b3d782164c7267a19b77721b3:content-9a74027936cb3ef5f8c48cd0ac207c4a68cc29760bf9f4eb9f45dcce39cbe988,https://api.stlouisfed.org/fred/series/observations?file_type=json&limit=100000&offset=0&output_type=4&realtime_end=2026-09-01&realtime_start=1776-07-04&series_id=CPIAUCNS&sort_order=asc&units=lin
CPIAUCNS,1981-09-01,279.30000000000001,1981-10-24T00:00:00Z,1981-10-23,fred-api-v1:query-c24ecc48228d416cec5da646a34f5ebc76a5e76b3d782164c7267a19b77721b3:content-9a74027936cb3ef5f8c48cd0ac207c4a68cc29760bf9f4eb9f45dcce39cbe988,https://api.stlouisfed.org/fred/series/observations?file_type=json&limit=100000&offset=0&output_type=4&realtime_end=2026-09-01&realtime_start=1776-07-04&series_id=CPIAUCNS&sort_order=asc&units=lin
CPIAUCNS,1981-10-01,279.89999999999998,1981-11-25T00:00:00Z,1981-11-24,fred-api-v1:query-c24ecc48228d416cec5da646a34f5ebc76a5e76b3d782164c7267a19b77721b3:content-9a74027936cb3ef5f8c48cd0ac207c4a68cc29760bf9f4eb9f45dcce39cbe988,https://api.stlouisfed.org/fred/series/observations?file_type=json&limit=100000&offset=0&output_type=4&realtime_end=2026-09-01&realtime_start=1776-07-04&series_id=CPIAUCNS&sort_order=asc&units=lin
CPIAUCNS,1981-11-01,280.69999999999999,1981-12-23T00:00:00Z,1981-12-22,fred-api-v1:query-c24ecc48228d416cec5da646a34f5ebc76a5e76b3d782164c7267a19b77721b3:content-9a74027936cb3ef5f8c48cd0ac207c4a68cc29760bf9f4eb9f45dcce39cbe988,https://api.stlouisfed.org/fred/series/observations?file_type=json&limit=100000&offset=0&output_type=4&realtime_end=2026-09-01&realtime_start=1776-07-04&series_id=CPIAUCNS&sort_order=asc&units=lin
CPIAUCNS,1981-12-01,281.5,1982-01-23T00:00:00Z,1982-01-22,fred-api-v1:query-c24ecc48228d416cec5da646a34f5ebc76a5e76b3d782164c7267a19b77721b3:content-9a74027936cb3ef5f8c48cd0ac207c4a68cc29760bf9f4eb9f45dcce39cbe988,https://api.stlouisfed.org/fred/series/observations?file_type=json&limit=100000&offset=0&output_type=4&realtime_end=2026-09-01&realtime_start=1776-07-04&series_id=CPIAUCNS&sort_order=asc&units=lin
CPIAUCNS,1982-01-01,282.5,1982-02-26T00:00:00Z,1982-02-25,fred-api-v1:query-c24ecc48228d416cec5da646a34f5ebc76a5e76b3d782164c7267a19b77721b3:content-9a74027936cb3ef5f8c48cd0ac207c4a68cc29760bf9f4eb9f45dcce39cbe988,https://api.stlouisfed.org/fred/series/observations?file_type=json&limit=100000&offset=0&output_type=4&realtime_end=2026-09-01&realtime_start=1776-07-04&series_id=CPIAUCNS&sort_order=asc&units=lin
CPIAUCNS,1982-02-01,283.39999999999998,1982-03-24T00:00:00Z,1982-03-23,fred-api-v1:query-c24ecc48228d416cec5da646a34f5ebc76a5e76b3d782164c7267a19b77721b3:content-9a74027936cb3ef5f8c48cd0ac207c4a68cc29760bf9f4eb9f45dcce39cbe988,https://api.stlouisfed.org/fred/series/observations?file_type=json&limit=100000&offset=0&output_type=4&realtime_end=2026-09-01&realtime_start=1776-07-04&series_id=CPIAUCNS&sort_order=asc&units=lin
CPIAUCNS,1982-03-01,283.10000000000002,1982-04-24T00:00:00Z,1982-04-23,fred-api-v1:query-c24ecc48228d416cec5da646a34f5ebc76a5e76b3d782164c7267a19b77721b3:content-9a74027936cb3ef5f8c48cd0ac207c4a68cc29760bf9f4eb9f45dcce39cbe988,https://api.stlouisfed.org/fred/series/observations?file_type=json&limit=100000&offset=0&output_type=4&realtime_end=2026-09-01&realtime_start=1776-07-04&series_id=CPIAUCNS&sort_order=asc&units=lin
CPIAUCNS,1982-04-01,284.30000000000001,1982-05-22T00:00:00Z,1982-05-21,fred-api-v1:query-c24ecc48228d416cec5da646a34f5ebc76a5e76b3d782164c7267a19b77721b3:content-9a74027936cb3ef5f8c48cd0ac207c4a68cc29760bf9f4eb9f45dcce39cbe988,https://api.stlouisfed.org/fred/series/observations?file_type=json&limit=100000&offset=0&output_type=4&realtime_end=2026-09-01&realtime_start=1776-07-04&series_id=CPIAUCNS&sort_order=asc&units=lin
CPIAUCNS,1982-05-01,287.10000000000002,1982-06-23T00:00:00Z,1982-06-22,fred-api-v1:query-c24ecc48228d416cec5da646a34f5ebc76a5e76b3d782164c7267a19b77721b3:content-9a74027936cb3ef5f8c48cd0ac207c4a68cc29760bf9f4eb9f45dcce39cbe988,https://api.stlouisfed.org/fred/series/observations?file_type=json&limit=100000&offset=0&output_type=4&realtime_end=2026-09-01&realtime_start=1776-07-04&series_id=CPIAUCNS&sort_order=asc&units=lin
CPIAUCNS,1982-06-01,290.60000000000002,1982-07-24T00:00:00Z,1982-07-23,fred-api-v1:query-c24ecc48228d416cec5da646a34f5ebc76a5e76b3d782164c7267a19b77721b3:content-9a74027936cb3ef5f8c48cd0ac207c4a68cc29760bf9f4eb9f45dcce39cbe988,https://api.stlouisfed.org/fred/series/observations?file_type=json&limit=100000&offset=0&output_type=4&realtime_end=2026-09-01&realtime_start=1776-07-04&series_id=CPIAUCNS&sort_order=asc&units=lin
CPIAUCNS,1982-07-01,292.19999999999999,1982-08-25T00:00:00Z,1982-08-24,fred-api-v1:query-c24ecc48228d416cec5da646a34f5ebc76a5e76b3d782164c7267a19b77721b3:content-9a74027936cb3ef5f8c48cd0ac207c4a68cc29760bf9f4eb9f45dcce39cbe988,https://api.stlouisfed.org/fred/series/observations?file_type=json&limit=100000&offset=0&output_type=4&realtime_end=2026-09-01&realtime_start=1776-07-04&series_id=CPIAUCNS&sort_order=asc&units=lin
CPIAUCNS,1982-08-01,292.80000000000001,1982-09-24T00:00:00Z,1982-09-23,fred-api-v1:query-c24ecc48228d416cec5da646a34f5ebc76a5e76b3d782164c7267a19b77721b3:content-9a74027936cb3ef5f8c48cd0ac207c4a68cc29760bf9f4eb9f45dcce39cbe988,https://api.stlouisfed.org/fred/series/observations?file_type=json&limit=100000&offset=0&output_type=4&realtime_end=2026-09-01&realtime_start=1776-07-04&series_id=CPIAUCNS&sort_order=asc&units=lin
CPIAUCNS,1982-09-01,293.30000000000001,1982-10-27T00:00:00Z,1982-10-26,fred-api-v1:query-c24ecc48228d416cec5da646a34f5ebc76a5e76b3d782164c7267a19b77721b3:content-9a74027936cb3ef5f8c48cd0ac207c4a68cc29760bf9f4eb9f45dcce39cbe988,https://api.stlouisfed.org/fred/series/observations?file_type=json&limit=100000&offset=0&output_type=4&realtime_end=2026-09-01&realtime_start=1776-07-04&series_id=CPIAUCNS&sort_order=asc&units=lin
CPIAUCNS,1982-10-01,294.10000000000002,1982-11-24T00:00:00Z,1982-11-23,fred-api-v1:query-c24ecc48228d416cec5da646a34f5ebc76a5e76b3d782164c7267a19b77721b3:content-9a74027936cb3ef5f8c48cd0ac207c4a68cc29760bf9f4eb9f45dcce39cbe988,https://api.stlouisfed.org/fred/series/observations?file_type=json&limit=100000&offset=0&output_type=4&realtime_end=2026-09-01&realtime_start=1776-07-04&series_id=CPIAUCNS&sort_order=asc&units=lin
CPIAUCNS,1982-11-01,293.60000000000002,1982-12-22T00:00:00Z,1982-12-21,fred-api-v1:query-c24ecc48228d416cec5da646a34f5ebc76a5e76b3d782164c7267a19b77721b3:content-9a74027936cb3ef5f8c48cd0ac207c4a68cc29760bf9f4eb9f45dcce39cbe988,https://api.stlouisfed.org/fred/series/observations?file_type=json&limit=100000&offset=0&output_type=4&realtime_end=2026-09-01&realtime_start=1776-07-04&series_id=CPIAUCNS&sort_order=asc&units=lin
CPIAUCNS,1982-12-01,292.39999999999998,1983-01-22T00:00:00Z,1983-01-21,fred-api-v1:query-c24ecc48228d416cec5da646a34f5ebc76a5e76b3d782164c7267a19b77721b3:content-9a74027936cb3ef5f8c48cd0ac207c4a68cc29760bf9f4eb9f45dcce39cbe988,https://api.stlouisfed.org/fred/series/observations?file_type=json&limit=100000&offset=0&output_type=4&realtime_end=2026-09-01&realtime_start=1776-07-04&series_id=CPIAUCNS&sort_order=asc&units=lin
CPIAUCNS,1983-01-01,293.10000000000002,1983-02-26T00:00:00Z,1983-02-25,fred-api-v1:query-c24ecc48228d416cec5da646a34f5ebc76a5e76b3d782164c7267a19b77721b3:content-9a74027936cb3ef5f8c48cd0ac207c4a68cc29760bf9f4eb9f45dcce39cbe988,https://api.stlouisfed.org/fred/series/observations?file_type=json&limit=100000&offset=0&output_type=4&realtime_end=2026-09-01&realtime_start=1776-07-04&series_id=CPIAUCNS&sort_order=asc&units=lin
CPIAUCNS,1983-02-01,293.19999999999999,1983-03-24T00:00:00Z,1983-03-23,fred-api-v1:query-c24ecc48228d416cec5da646a34f5ebc76a5e76b3d782164c7267a19b77721b3:content-9a74027936cb3ef5f8c48cd0ac207c4a68cc29760bf9f4eb9f45dcce39cbe988,https://api.stlouisfed.org/fred/series/observations?file_type=json&limit=100000&offset=0&output_type=4&realtime_end=2026-09-01&realtime_start=1776-07-04&series_id=CPIAUCNS&sort_order=asc&units=lin
CPIAUCNS,1983-03-01,293.39999999999998,1983-04-23T00:00:00Z,1983-04-22,fred-api-v1:query-c24ecc48228d416cec5da646a34f5ebc76a5e76b3d782164c7267a19b77721b3:content-9a74027936cb3ef5f8c48cd0ac207c4a68cc29760bf9f4eb9f45dcce39cbe988,https://api.stlouisfed.org/fred/series/observations?file_type=json&limit=100000&offset=0&output_type=4&realtime_end=2026-09-01&realtime_start=1776-07-04&series_id=CPIAUCNS&sort_order=asc&units=lin
CPIAUCNS,1983-04-01,295.5,1983-05-25T00:00:00Z,1983-05-24,fred-api-v1:query-c24ecc48228d416cec5da646a34f5ebc76a5e76b3d782164c7267a19b77721b3:content-9a74027936cb3ef5f8c48cd0ac207c4a68cc29760bf9f4eb9f45dcce39cbe988,https://api.stlouisfed.org/fred/series/observations?file_type=json&limit=100000&offset=0&output_type=4&realtime_end=2026-09-01&realtime_start=1776-07-04&series_id=CPIAUCNS&sort_order=asc&units=lin
CPIAUCNS,1983-05-01,297.10000000000002,1983-06-23T00:00:00Z,1983-06-22,fred-api-v1:query-c24ecc48228d416cec5da646a34f5ebc76a5e76b3d782164c7267a19b77721b3:content-9a74027936cb3ef5f8c48cd0ac207c4a68cc29760bf9f4eb9f45dcce39cbe988,https://api.stlouisfed.org/fred/series/observations?file_type=json&limit=100000&offset=0&output_type=4&realtime_end=2026-09-01&realtime_start=1776-07-04&series_id=CPIAUCNS&sort_order=asc&units=lin
CPIAUCNS,1983-06-01,298.10000000000002,1983-07-23T00:00:00Z,1983-07-22,fred-api-v1:query-c24ecc48228d416cec5da646a34f5ebc76a5e76b3d782164c7267a19b77721b3:content-9a74027936cb3ef5f8c48cd0ac207c4a68cc29760bf9f4eb9f45dcce39cbe988,https://api.stlouisfed.org/fred/series/observations?file_type=json&limit=100000&offset=0&output_type=4&realtime_end=2026-09-01&realtime_start=1776-07-04&series_id=CPIAUCNS&sort_order=asc&units=lin
CPIAUCNS,1983-07-01,299.30000000000001,1983-08-24T00:00:00Z,1983-08-23,fred-api-v1:query-c24ecc48228d416cec5da646a34f5ebc76a5e76b3d782164c7267a19b77721b3:content-9a74027936cb3ef5f8c48cd0ac207c4a68cc29760bf9f4eb9f45dcce39cbe988,https://api.stlouisfed.org/fred/series/observations?file_type=json&limit=100000&offset=0&output_type=4&realtime_end=2026-09-01&realtime_start=1776-07-04&series_id=CPIAUCNS&sort_order=asc&units=lin
CPIAUCNS,1983-08-01,300.30000000000001,1983-09-24T00:00:00Z,1983-09-23,fred-api-v1:query-c24ecc48228d416cec5da646a34f5ebc76a5e76b3d782164c7267a19b77721b3:content-9a74027936cb3ef5f8c48cd0ac207c4a68cc29760bf9f4eb9f45dcce39cbe988,https://api.stlouisfed.org/fred/series/observations?file_type=json&limit=100000&offset=0&output_type=4&realtime_end=2026-09-01&realtime_start=1776-07-04&series_id=CPIAUCNS&sort_order=asc&units=lin
CPIAUCNS,1983-09-01,301.80000000000001,1983-10-26T00:00:00Z,1983-10-25,fred-api-v1:query-c24ecc48228d416cec5da646a34f5ebc76a5e76b3d782164c7267a19b77721b3:content-9a74027936cb3ef5f8c48cd0ac207c4a68cc29760bf9f4eb9f45dcce39cbe988,https://api.stlouisfed.org/fred/series/observations?file_type=json&limit=100000&offset=0&output_type=4&realtime_end=2026-09-01&realtime_start=1776-07-04&series_id=CPIAUCNS&sort_order=asc&units=lin
CPIAUCNS,1983-10-01,302.60000000000002,1983-11-24T00:00:00Z,1983-11-23,fred-api-v1:query-c24ecc48228d416cec5da646a34f5ebc76a5e76b3d782164c7267a19b77721b3:content-9a74027936cb3ef5f8c48cd0ac207c4a68cc29760bf9f4eb9f45dcce39cbe988,https://api.stlouisfed.org/fred/series/observations?file_type=json&limit=100000&offset=0&output_type=4&realtime_end=2026-09-01&realtime_start=1776-07-04&series_id=CPIAUCNS&sort_order=asc&units=lin
CPIAUCNS,1983-11-01,303.10000000000002,1983-12-22T00:00:00Z,1983-12-21,fred-api-v1:query-c24ecc48228d416cec5da646a34f5ebc76a5e76b3d782164c7267a19b77721b3:content-9a74027936cb3ef5f8c48cd0ac207c4a68cc29760bf9f4eb9f45dcce39cbe988,https://api.stlouisfed.org/fred/series/observations?file_type=json&limit=100000&offset=0&output_type=4&realtime_end=2026-09-01&realtime_start=1776-07-04&series_id=CPIAUCNS&sort_order=asc&units=lin
CPIAUCNS,1983-12-01,303.5,1984-01-25T00:00:00Z,1984-01-24,fred-api-v1:query-c24ecc48228d416cec5da646a34f5ebc76a5e76b3d782164c7267a19b77721b3:content-9a74027936cb3ef5f8c48cd0ac207c4a68cc29760bf9f4eb9f45dcce39cbe988,https://api.stlouisfed.org/fred/series/observations?file_type=json&limit=100000&offset=0&output_type=4&realtime_end=2026-09-01&realtime_start=1776-07-04&series_id=CPIAUCNS&sort_order=asc&units=lin
CPIAUCNS,1984-01-01,305.19999999999999,1984-02-25T00:00:00Z,1984-02-24,fred-api-v1:query-c24ecc48228d416cec5da646a34f5ebc76a5e76b3d782164c7267a19b77721b3:content-9a74027936cb3ef5f8c48cd0ac207c4a68cc29760bf9f4eb9f45dcce39cbe988,https://api.stlouisfed.org/fred/series/observations?file_type=json&limit=100000&offset=0&output_type=4&realtime_end=2026-09-01&realtime_start=1776-07-04&series_id=CPIAUCNS&sort_order=asc&units=lin
CPIAUCNS,1984-02-01,306.60000000000002,1984-03-24T00:00:00Z,1984-03-23,fred-api-v1:query-c24ecc48228d416cec5da646a34f5ebc76a5e76b3d782164c7267a19b77721b3:content-9a74027936cb3ef5f8c48cd0ac207c4a68cc29760bf9f4eb9f45dcce39cbe988,https://api.stlouisfed.org/fred/series/observations?file_type=json&limit=100000&offset=0&output_type=4&realtime_end=2026-09-01&realtime_start=1776-07-04&series_id=CPIAUCNS&sort_order=asc&units=lin
CPIAUCNS,1984-03-01,307.30000000000001,1984-04-25T00:00:00Z,1984-04-24,fred-api-v1:query-c24ecc48228d416cec5da646a34f5ebc76a5e76b3d782164c7267a19b77721b3:content-9a74027936cb3ef5f8c48cd0ac207c4a68cc29760bf9f4eb9f45dcce39cbe988,https://api.stlouisfed.org/fred/series/observations?file_type=json&limit=100000&offset=0&output_type=4&realtime_end=2026-09-01&realtime_start=1776-07-04&series_id=CPIAUCNS&sort_order=asc&units=lin
CPIAUCNS,1984-04-01,308.80000000000001,1984-05-23T00:00:00Z,1984-05-22,fred-api-v1:query-c24ecc48228d416cec5da646a34f5ebc76a5e76b3d782164c7267a19b77721b3:content-9a74027936cb3ef5f8c48cd0ac207c4a68cc29760bf9f4eb9f45dcce39cbe988,https://api.stlouisfed.org/fred/series/observations?file_type=json&limit=100000&offset=0&output_type=4&realtime_end=2026-09-01&realtime_start=1776-07-04&series_id=CPIAUCNS&sort_order=asc&units=lin
CPIAUCNS,1984-05-01,309.69999999999999,1984-06-23T00:00:00Z,1984-06-22,fred-api-v1:query-c24ecc48228d416cec5da646a34f5ebc76a5e76b3d782164c7267a19b77721b3:content-9a74027936cb3ef5f8c48cd0ac207c4a68cc29760bf9f4eb9f45dcce39cbe988,https://api.stlouisfed.org/fred/series/observations?file_type=json&limit=100000&offset=0&output_type=4&realtime_end=2026-09-01&realtime_start=1776-07-04&series_id=CPIAUCNS&sort_order=asc&units=lin
CPIAUCNS,1984-06-01,310.69999999999999,1984-07-25T00:00:00Z,1984-07-24,fred-api-v1:query-c24ecc48228d416cec5da646a34f5ebc76a5e76b3d782164c7267a19b77721b3:content-9a74027936cb3ef5f8c48cd0ac207c4a68cc29760bf9f4eb9f45dcce39cbe988,https://api.stlouisfed.org/fred/series/observations?file_type=json&limit=100000&offset=0&output_type=4&realtime_end=2026-09-01&realtime_start=1776-07-04&series_id=CPIAUCNS&sort_order=asc&units=lin
CPIAUCNS,1984-07-01,311.69999999999999,1984-08-23T00:00:00Z,1984-08-22,fred-api-v1:query-c24ecc48228d416cec5da646a34f5ebc76a5e76b3d782164c7267a19b77721b3:content-9a74027936cb3ef5f8c48cd0ac207c4a68cc29760bf9f4eb9f45dcce39cbe988,https://api.stlouisfed.org/fred/series/observations?file_type=json&limit=100000&offset=0&output_type=4&realtime_end=2026-09-01&realtime_start=1776-07-04&series_id=CPIAUCNS&sort_order=asc&units=lin
CPIAUCNS,1984-08-01,313,1984-09-22T00:00:00Z,1984-09-21,fred-api-v1:query-c24ecc48228d416cec5da646a34f5ebc76a5e76b3d782164c7267a19b77721b3:content-9a74027936cb3ef5f8c48cd0ac207c4a68cc29760bf9f4eb9f45dcce39cbe988,https://api.stlouisfed.org/fred/series/observations?file_type=json&limit=100000&offset=0&output_type=4&realtime_end=2026-09-01&realtime_start=1776-07-04&series_id=CPIAUCNS&sort_order=asc&units=lin
CPIAUCNS,1984-09-01,314.5,1984-10-25T00:00:00Z,1984-10-24,fred-api-v1:query-c24ecc48228d416cec5da646a34f5ebc76a5e76b3d782164c7267a19b77721b3:content-9a74027936cb3ef5f8c48cd0ac207c4a68cc29760bf9f4eb9f45dcce39cbe988,https://api.stlouisfed.org/fred/series/observations?file_type=json&limit=100000&offset=0&output_type=4&realtime_end=2026-09-01&realtime_start=1776-07-04&series_id=CPIAUCNS&sort_order=asc&units=lin
CPIAUCNS,1984-10-01,315.30000000000001,1984-11-22T00:00:00Z,1984-11-21,fred-api-v1:query-c24ecc48228d416cec5da646a34f5ebc76a5e76b3d782164c7267a19b77721b3:content-9a74027936cb3ef5f8c48cd0ac207c4a68cc29760bf9f4eb9f45dcce39cbe988,https://api.stlouisfed.org/fred/series/observations?file_type=json&limit=100000&offset=0&output_type=4&realtime_end=2026-09-01&realtime_start=1776-07-04&series_id=CPIAUCNS&sort_order=asc&units=lin
CPIAUCNS,1984-11-01,315.30000000000001,1984-12-21T00:00:00Z,1984-12-20,fred-api-v1:query-c24ecc48228d416cec5da646a34f5ebc76a5e76b3d782164c7267a19b77721b3:content-9a74027936cb3ef5f8c48cd0ac207c4a68cc29760bf9f4eb9f45dcce39cbe988,https://api.stlouisfed.org/fred/series/observations?file_type=json&limit=100000&offset=0&output_type=4&realtime_end=2026-09-01&realtime_start=1776-07-04&series_id=CPIAUCNS&sort_order=asc&units=lin
CPIAUCNS,1984-12-01,315.5,1985-01-24T00:00:00Z,1985-01-23,fred-api-v1:query-c24ecc48228d416cec5da646a34f5ebc76a5e76b3d782164c7267a19b77721b3:content-9a74027936cb3ef5f8c48cd0ac207c4a68cc29760bf9f4eb9f45dcce39cbe988,https://api.stlouisfed.org/fred/series/observations?file_type=json&limit=100000&offset=0&output_type=4&realtime_end=2026-09-01&realtime_start=1776-07-04&series_id=CPIAUCNS&sort_order=asc&units=lin
CPIAUCNS,1985-01-01,316.10000000000002,1985-02-27T00:00:00Z,1985-02-26,fred-api-v1:query-c24ecc48228d416cec5da646a34f5ebc76a5e76b3d782164c7267a19b77721b3:content-9a74027936cb3ef5f8c48cd0ac207c4a68cc29760bf9f4eb9f45dcce39cbe988,https://api.stlouisfed.org/fred/series/observations?file_type=json&limit=100000&offset=0&output_type=4&realtime_end=2026-09-01&realtime_start=1776-07-04&series_id=CPIAUCNS&sort_order=asc&units=lin
CPIAUCNS,1985-02-01,317.39999999999998,1985-03-23T00:00:00Z,1985-03-22,fred-api-v1:query-c24ecc48228d416cec5da646a34f5ebc76a5e76b3d782164c7267a19b77721b3:content-9a74027936cb3ef5f8c48cd0ac207c4a68cc29760bf9f4eb9f45dcce39cbe988,https://api.stlouisfed.org/fred/series/observations?file_type=json&limit=100000&offset=0&output_type=4&realtime_end=2026-09-01&realtime_start=1776-07-04&series_id=CPIAUCNS&sort_order=asc&units=lin
CPIAUCNS,1985-03-01,318.80000000000001,1985-04-24T00:00:00Z,1985-04-23,fred-api-v1:query-c24ecc48228d416cec5da646a34f5ebc76a5e76b3d782164c7267a19b77721b3:content-9a74027936cb3ef5f8c48cd0ac207c4a68cc29760bf9f4eb9f45dcce39cbe988,https://api.stlouisfed.org/fred/series/observations?file_type=json&limit=100000&offset=0&output_type=4&realtime_end=2026-09-01&realtime_start=1776-07-04&series_id=CPIAUCNS&sort_order=asc&units=lin
CPIAUCNS,1985-04-01,320.10000000000002,1985-05-22T00:00:00Z,1985-05-21,fred-api-v1:query-c24ecc48228d416cec5da646a34f5ebc76a5e76b3d782164c7267a19b77721b3:content-9a74027936cb3ef5f8c48cd0ac207c4a68cc29760bf9f4eb9f45dcce39cbe988,https://api.stlouisfed.org/fred/series/observations?file_type=json&limit=100000&offset=0&output_type=4&realtime_end=2026-09-01&realtime_start=1776-07-04&series_id=CPIAUCNS&sort_order=asc&units=lin
CPIAUCNS,1985-05-01,321.30000000000001,1985-06-21T00:00:00Z,1985-06-20,fred-api-v1:query-c24ecc48228d416cec5da646a34f5ebc76a5e76b3d782164c7267a19b77721b3:content-9a74027936cb3ef5f8c48cd0ac207c4a68cc29760bf9f4eb9f45dcce39cbe988,https://api.stlouisfed.org/fred/series/observations?file_type=json&limit=100000&offset=0&output_type=4&realtime_end=2026-09-01&realtime_start=1776-07-04&series_id=CPIAUCNS&sort_order=asc&units=lin
CPIAUCNS,1985-06-01,322.30000000000001,1985-07-24T00:00:00Z,1985-07-23,fred-api-v1:query-c24ecc48228d416cec5da646a34f5ebc76a5e76b3d782164c7267a19b77721b3:content-9a74027936cb3ef5f8c48cd0ac207c4a68cc29760bf9f4eb9f45dcce39cbe988,https://api.stlouisfed.org/fred/series/observations?file_type=json&limit=100000&offset=0&output_type=4&realtime_end=2026-09-01&realtime_start=1776-07-04&series_id=CPIAUCNS&sort_order=asc&units=lin
CPIAUCNS,1985-07-01,322.80000000000001,1985-08-23T00:00:00Z,1985-08-22,fred-api-v1:query-c24ecc48228d416cec5da646a34f5ebc76a5e76b3d782164c7267a19b77721b3:content-9a74027936cb3ef5f8c48cd0ac207c4a68cc29760bf9f4eb9f45dcce39cbe988,https://api.stlouisfed.org/fred/series/observations?file_type=json&limit=100000&offset=0&output_type=4&realtime_end=2026-09-01&realtime_start=1776-07-04&series_id=CPIAUCNS&sort_order=asc&units=lin
CPIAUCNS,1985-08-01,323.5,1985-09-25T00:00:00Z,1985-09-24,fred-api-v1:query-c24ecc48228d416cec5da646a34f5ebc76a5e76b3d782164c7267a19b77721b3:content-9a74027936cb3ef5f8c48cd0ac207c4a68cc29760bf9f4eb9f45dcce39cbe988,https://api.stlouisfed.org/fred/series/observations?file_type=json&limit=100000&offset=0&output_type=4&realtime_end=2026-09-01&realtime_start=1776-07-04&series_id=CPIAUCNS&sort_order=asc&units=lin
CPIAUCNS,1985-09-01,324.5,1985-10-24T00:00:00Z,1985-10-23,fred-api-v1:query-c24ecc48228d416cec5da646a34f5ebc76a5e76b3d782164c7267a19b77721b3:content-9a74027936cb3ef5f8c48cd0ac207c4a68cc29760bf9f4eb9f45dcce39cbe988,https://api.stlouisfed.org/fred/series/observations?file_type=json&limit=100000&offset=0&output_type=4&realtime_end=2026-09-01&realtime_start=1776-07-04&series_id=CPIAUCNS&sort_order=asc&units=lin
CPIAUCNS,1985-10-01,325.5,1985-11-23T00:00:00Z,1985-11-22,fred-api-v1:query-c24ecc48228d416cec5da646a34f5ebc76a5e76b3d782164c7267a19b77721b3:content-9a74027936cb3ef5f8c48cd0ac207c4a68cc29760bf9f4eb9f45dcce39cbe988,https://api.stlouisfed.org/fred/series/observations?file_type=json&limit=100000&offset=0&output_type=4&realtime_end=2026-09-01&realtime_start=1776-07-04&series_id=CPIAUCNS&sort_order=asc&units=lin
CPIAUCNS,1985-11-01,326.60000000000002,1985-12-21T00:00:00Z,1985-12-20,fred-api-v1:query-c24ecc48228d416cec5da646a34f5ebc76a5e76b3d782164c7267a19b77721b3:content-9a74027936cb3ef5f8c48cd0ac207c4a68cc29760bf9f4eb9f45dcce39cbe988,https://api.stlouisfed.org/fred/series/observations?file_type=json&limit=100000&offset=0&output_type=4&realtime_end=2026-09-01&realtime_start=1776-07-04&series_id=CPIAUCNS&sort_order=asc&units=lin
CPIAUCNS,1985-12-01,327.39999999999998,1986-01-23T00:00:00Z,1986-01-22,fred-api-v1:query-c24ecc48228d416cec5da646a34f5ebc76a5e76b3d782164c7267a19b77721b3:content-9a74027936cb3ef5f8c48cd0ac207c4a68cc29760bf9f4eb9f45dcce39cbe988,https://api.stlouisfed.org/fred/series/observations?file_type=json&limit=100000&offset=0&output_type=4&realtime_end=2026-09-01&realtime_start=1776-07-04&series_id=CPIAUCNS&sort_order=asc&units=lin
CPIAUCNS,1986-01-01,328.39999999999998,1986-02-26T00:00:00Z,1986-02-25,fred-api-v1:query-c24ecc48228d416cec5da646a34f5ebc76a5e76b3d782164c7267a19b77721b3:content-9a74027936cb3ef5f8c48cd0ac207c4a68cc29760bf9f4eb9f45dcce39cbe988,https://api.stlouisfed.org/fred/series/observations?file_type=json&limit=100000&offset=0&output_type=4&realtime_end=2026-09-01&realtime_start=1776-07-04&series_id=CPIAUCNS&sort_order=asc&units=lin
CPIAUCNS,1986-02-01,327.5,1986-03-26T00:00:00Z,1986-03-25,fred-api-v1:query-c24ecc48228d416cec5da646a34f5ebc76a5e76b3d782164c7267a19b77721b3:content-9a74027936cb3ef5f8c48cd0ac207c4a68cc29760bf9f4eb9f45dcce39cbe988,https://api.stlouisfed.org/fred/series/observations?file_type=json&limit=100000&offset=0&output_type=4&realtime_end=2026-09-01&realtime_start=1776-07-04&series_id=CPIAUCNS&sort_order=asc&units=lin
CPIAUCNS,1986-03-01,326,1986-04-23T00:00:00Z,1986-04-22,fred-api-v1:query-c24ecc48228d416cec5da646a34f5ebc76a5e76b3d782164c7267a19b77721b3:content-9a74027936cb3ef5f8c48cd0ac207c4a68cc29760bf9f4eb9f45dcce39cbe988,https://api.stlouisfed.org/fred/series/observations?file_type=json&limit=100000&offset=0&output_type=4&realtime_end=2026-09-01&realtime_start=1776-07-04&series_id=CPIAUCNS&sort_order=asc&units=lin
CPIAUCNS,1986-04-01,325.30000000000001,1986-05-22T00:00:00Z,1986-05-21,fred-api-v1:query-c24ecc48228d416cec5da646a34f5ebc76a5e76b3d782164c7267a19b77721b3:content-9a74027936cb3ef5f8c48cd0ac207c4a68cc29760bf9f4eb9f45dcce39cbe988,https://api.stlouisfed.org/fred/series/observations?file_type=json&limit=100000&offset=0&output_type=4&realtime_end=2026-09-01&realtime_start=1776-07-04&series_id=CPIAUCNS&sort_order=asc&units=lin
CPIAUCNS,1986-05-01,326.30000000000001,1986-06-21T00:00:00Z,1986-06-20,fred-api-v1:query-c24ecc48228d416cec5da646a34f5ebc76a5e76b3d782164c7267a19b77721b3:content-9a74027936cb3ef5f8c48cd0ac207c4a68cc29760bf9f4eb9f45dcce39cbe988,https://api.stlouisfed.org/fred/series/observations?file_type=json&limit=100000&offset=0&output_type=4&realtime_end=2026-09-01&realtime_start=1776-07-04&series_id=CPIAUCNS&sort_order=asc&units=lin
CPIAUCNS,1986-06-01,327.89999999999998,1986-07-24T00:00:00Z,1986-07-23,fred-api-v1:query-c24ecc48228d416cec5da646a34f5ebc76a5e76b3d782164c7267a19b77721b3:content-9a74027936cb3ef5f8c48cd0ac207c4a68cc29760bf9f4eb9f45dcce39cbe988,https://api.stlouisfed.org/fred/series/observations?file_type=json&limit=100000&offset=0&output_type=4&realtime_end=2026-09-01&realtime_start=1776-07-04&series_id=CPIAUCNS&sort_order=asc&units=lin
CPIAUCNS,1986-07-01,328,1986-08-22T00:00:00Z,1986-08-21,fred-api-v1:query-c24ecc48228d416cec5da646a34f5ebc76a5e76b3d782164c7267a19b77721b3:content-9a74027936cb3ef5f8c48cd0ac207c4a68cc29760bf9f4eb9f45dcce39cbe988,https://api.stlouisfed.org/fred/series/observations?file_type=json&limit=100000&offset=0&output_type=4&realtime_end=2026-09-01&realtime_start=1776-07-04&series_id=CPIAUCNS&sort_order=asc&units=lin
CPIAUCNS,1986-08-01,328.60000000000002,1986-09-24T00:00:00Z,1986-09-23,fred-api-v1:query-c24ecc48228d416cec5da646a34f5ebc76a5e76b3d782164c7267a19b77721b3:content-9a74027936cb3ef5f8c48cd0ac207c4a68cc29760bf9f4eb9f45dcce39cbe988,https://api.stlouisfed.org/fred/series/observations?file_type=json&limit=100000&offset=0&output_type=4&realtime_end=2026-09-01&realtime_start=1776-07-04&series_id=CPIAUCNS&sort_order=asc&units=lin
CPIAUCNS,1986-09-01,330.19999999999999,1986-10-24T00:00:00Z,1986-10-23,fred-api-v1:query-c24ecc48228d416cec5da646a34f5ebc76a5e76b3d782164c7267a19b77721b3:content-9a74027936cb3ef5f8c48cd0ac207c4a68cc29760bf9f4eb9f45dcce39cbe988,https://api.stlouisfed.org/fred/series/observations?file_type=json&limit=100000&offset=0&output_type=4&realtime_end=2026-09-01&realtime_start=1776-07-04&series_id=CPIAUCNS&sort_order=asc&units=lin
CPIAUCNS,1986-10-01,330.5,1986-11-26T00:00:00Z,1986-11-25,fred-api-v1:query-c24ecc48228d416cec5da646a34f5ebc76a5e76b3d782164c7267a19b77721b3:content-9a74027936cb3ef5f8c48cd0ac207c4a68cc29760bf9f4eb9f45dcce39cbe988,https://api.stlouisfed.org/fred/series/observations?file_type=json&limit=100000&offset=0&output_type=4&realtime_end=2026-09-01&realtime_start=1776-07-04&series_id=CPIAUCNS&sort_order=asc&units=lin
CPIAUCNS,1986-11-01,330.80000000000001,1986-12-20T00:00:00Z,1986-12-19,fred-api-v1:query-c24ecc48228d416cec5da646a34f5ebc76a5e76b3d782164c7267a19b77721b3:content-9a74027936cb3ef5f8c48cd0ac207c4a68cc29760bf9f4eb9f45dcce39cbe988,https://api.stlouisfed.org/fred/series/observations?file_type=json&limit=100000&offset=0&output_type=4&realtime_end=2026-09-01&realtime_start=1776-07-04&series_id=CPIAUCNS&sort_order=asc&units=lin
CPIAUCNS,1986-12-01,331.10000000000002,1987-01-22T00:00:00Z,1987-01-21,fred-api-v1:query-c24ecc48228d416cec5da646a34f5ebc76a5e76b3d782164c7267a19b77721b3:content-9a74027936cb3ef5f8c48cd0ac207c4a68cc29760bf9f4eb9f45dcce39cbe988,https://api.stlouisfed.org/fred/series/observations?file_type=json&limit=100000&offset=0&output_type=4&realtime_end=2026-09-01&realtime_start=1776-07-04&series_id=CPIAUCNS&sort_order=asc&units=lin
CPIAUCNS,1987-01-01,333.10000000000002,1987-02-28T00:00:00Z,1987-02-27,fred-api-v1:query-c24ecc48228d416cec5da646a34f5ebc76a5e76b3d782164c7267a19b77721b3:content-9a74027936cb3ef5f8c48cd0ac207c4a68cc29760bf9f4eb9f45dcce39cbe988,https://api.stlouisfed.org/fred/series/observations?file_type=json&limit=100000&offset=0&output_type=4&realtime_end=2026-09-01&realtime_start=1776-07-04&series_id=CPIAUCNS&sort_order=asc&units=lin
CPIAUCNS,1987-02-01,334.39999999999998,1987-03-28T00:00:00Z,1987-03-27,fred-api-v1:query-c24ecc48228d416cec5da646a34f5ebc76a5e76b3d782164c7267a19b77721b3:content-9a74027936cb3ef5f8c48cd0ac207c4a68cc29760bf9f4eb9f45dcce39cbe988,https://api.stlouisfed.org/fred/series/observations?file_type=json&limit=100000&offset=0&output_type=4&realtime_end=2026-09-01&realtime_start=1776-07-04&series_id=CPIAUCNS&sort_order=asc&units=lin
CPIAUCNS,1987-03-01,335.89999999999998,1987-04-25T00:00:00Z,1987-04-24,fred-api-v1:query-c24ecc48228d416cec5da646a34f5ebc76a5e76b3d782164c7267a19b77721b3:content-9a74027936cb3ef5f8c48cd0ac207c4a68cc29760bf9f4eb9f45dcce39cbe988,https://api.stlouisfed.org/fred/series/observations?file_type=json&limit=100000&offset=0&output_type=4&realtime_end=2026-09-01&realtime_start=1776-07-04&series_id=CPIAUCNS&sort_order=asc&units=lin
CPIAUCNS,1987-04-01,337.69999999999999,1987-05-23T00:00:00Z,1987-05-22,fred-api-v1:query-c24ecc48228d416cec5da646a34f5ebc76a5e76b3d782164c7267a19b77721b3:content-9a74027936cb3ef5f8c48cd0ac207c4a68cc29760bf9f4eb9f45dcce39cbe988,https://api.stlouisfed.org/fred/series/observations?file_type=json&limit=100000&offset=0&output_type=4&realtime_end=2026-09-01&realtime_start=1776-07-04&series_id=CPIAUCNS&sort_order=asc&units=lin
CPIAUCNS,1987-05-01,338.69999999999999,1987-06-24T00:00:00Z,1987-06-23,fred-api-v1:query-c24ecc48228d416cec5da646a34f5ebc76a5e76b3d782164c7267a19b77721b3:content-9a74027936cb3ef5f8c48cd0ac207c4a68cc29760bf9f4eb9f45dcce39cbe988,https://api.stlouisfed.org/fred/series/observations?file_type=json&limit=100000&offset=0&output_type=4&realtime_end=2026-09-01&realtime_start=1776-07-04&series_id=CPIAUCNS&sort_order=asc&units=lin
CPIAUCNS,1987-06-01,340.10000000000002,1987-07-23T00:00:00Z,1987-07-22,fred-api-v1:query-c24ecc48228d416cec5da646a34f5ebc76a5e76b3d782164c7267a19b77721b3:content-9a74027936cb3ef5f8c48cd0ac207c4a68cc29760bf9f4eb9f45dcce39cbe988,https://api.stlouisfed.org/fred/series/observations?file_type=json&limit=100000&offset=0&output_type=4&realtime_end=2026-09-01&realtime_start=1776-07-04&series_id=CPIAUCNS&sort_order=asc&units=lin
CPIAUCNS,1987-07-01,340.80000000000001,1987-08-22T00:00:00Z,1987-08-21,fred-api-v1:query-c24ecc48228d416cec5da646a34f5ebc76a5e76b3d782164c7267a19b77721b3:content-9a74027936cb3ef5f8c48cd0ac207c4a68cc29760bf9f4eb9f45dcce39cbe988,https://api.stlouisfed.org/fred/series/observations?file_type=json&limit=100000&offset=0&output_type=4&realtime_end=2026-09-01&realtime_start=1776-07-04&series_id=CPIAUCNS&sort_order=asc&units=lin
CPIAUCNS,1987-08-01,342.69999999999999,1987-09-24T00:00:00Z,1987-09-23,fred-api-v1:query-c24ecc48228d416cec5da646a34f5ebc76a5e76b3d782164c7267a19b77721b3:content-9a74027936cb3ef5f8c48cd0ac207c4a68cc29760bf9f4eb9f45dcce39cbe988,https://api.stlouisfed.org/fred/series/observations?file_type=json&limit=100000&offset=0&output_type=4&realtime_end=2026-09-01&realtime_start=1776-07-04&series_id=CPIAUCNS&sort_order=asc&units=lin
CPIAUCNS,1987-09-01,344.39999999999998,1987-10-24T00:00:00Z,1987-10-23,fred-api-v1:query-c24ecc48228d416cec5da646a34f5ebc76a5e76b3d782164c7267a19b77721b3:content-9a74027936cb3ef5f8c48cd0ac207c4a68cc29760bf9f4eb9f45dcce39cbe988,https://api.stlouisfed.org/fred/series/observations?file_type=json&limit=100000&offset=0&output_type=4&realtime_end=2026-09-01&realtime_start=1776-07-04&series_id=CPIAUCNS&sort_order=asc&units=lin
CPIAUCNS,1987-10-01,345.30000000000001,1987-11-21T00:00:00Z,1987-11-20,fred-api-v1:query-c24ecc48228d416cec5da646a34f5ebc76a5e76b3d782164c7267a19b77721b3:content-9a74027936cb3ef5f8c48cd0ac207c4a68cc29760bf9f4eb9f45dcce39cbe988,https://api.stlouisfed.org/fred/series/observations?file_type=json&limit=100000&offset=0&output_type=4&realtime_end=2026-09-01&realtime_start=1776-07-04&series_id=CPIAUCNS&sort_order=asc&units=lin
CPIAUCNS,1987-11-01,345.80000000000001,1987-12-19T00:00:00Z,1987-12-18,fred-api-v1:query-c24ecc48228d416cec5da646a34f5ebc76a5e76b3d782164c7267a19b77721b3:content-9a74027936cb3ef5f8c48cd0ac207c4a68cc29760bf9f4eb9f45dcce39cbe988,https://api.stlouisfed.org/fred/series/observations?file_type=json&limit=100000&offset=0&output_type=4&realtime_end=2026-09-01&realtime_start=1776-07-04&series_id=CPIAUCNS&sort_order=asc&units=lin
CPIAUCNS,1987-12-01,345.69999999999999,1988-01-21T00:00:00Z,1988-01-20,fred-api-v1:query-c24ecc48228d416cec5da646a34f5ebc76a5e76b3d782164c7267a19b77721b3:content-9a74027936cb3ef5f8c48cd0ac207c4a68cc29760bf9f4eb9f45dcce39cbe988,https://api.stlouisfed.org/fred/series/observations?file_type=json&limit=100000&offset=0&output_type=4&realtime_end=2026-09-01&realtime_start=1776-07-04&series_id=CPIAUCNS&sort_order=asc&units=lin
CPIAUCNS,1988-01-01,115.7,1988-02-27T00:00:00Z,1988-02-26,fred-api-v1:query-c24ecc48228d416cec5da646a34f5ebc76a5e76b3d782164c7267a19b77721b3:content-9a74027936cb3ef5f8c48cd0ac207c4a68cc29760bf9f4eb9f45dcce39cbe988,https://api.stlouisfed.org/fred/series/observations?file_type=json&limit=100000&offset=0&output_type=4&realtime_end=2026-09-01&realtime_start=1776-07-04&series_id=CPIAUCNS&sort_order=asc&units=lin
CPIAUCNS,1988-02-01,116,1988-03-24T00:00:00Z,1988-03-23,fred-api-v1:query-c24ecc48228d416cec5da646a34f5ebc76a5e76b3d782164c7267a19b77721b3:content-9a74027936cb3ef5f8c48cd0ac207c4a68cc29760bf9f4eb9f45dcce39cbe988,https://api.stlouisfed.org/fred/series/observations?file_type=json&limit=100000&offset=0&output_type=4&realtime_end=2026-09-01&realtime_start=1776-07-04&series_id=CPIAUCNS&sort_order=asc&units=lin
CPIAUCNS,1988-03-01,116.5,1988-04-21T00:00:00Z,1988-04-20,fred-api-v1:query-c24ecc48228d416cec5da646a34f5ebc76a5e76b3d782164c7267a19b77721b3:content-9a74027936cb3ef5f8c48cd0ac207c4a68cc29760bf9f4eb9f45dcce39cbe988,https://api.stlouisfed.org/fred/series/observations?file_type=json&limit=100000&offset=0&output_type=4&realtime_end=2026-09-01&realtime_start=1776-07-04&series_id=CPIAUCNS&sort_order=asc&units=lin
CPIAUCNS,1988-04-01,117.09999999999999,1988-05-21T00:00:00Z,1988-05-20,fred-api-v1:query-c24ecc48228d416cec5da646a34f5ebc76a5e76b3d782164c7267a19b77721b3:content-9a74027936cb3ef5f8c48cd0ac207c4a68cc29760bf9f4eb9f45dcce39cbe988,https://api.stlouisfed.org/fred/series/observations?file_type=json&limit=100000&offset=0&output_type=4&realtime_end=2026-09-01&realtime_start=1776-07-04&series_id=CPIAUCNS&sort_order=asc&units=lin
CPIAUCNS,1988-05-01,117.5,1988-06-22T00:00:00Z,1988-06-21,fred-api-v1:query-c24ecc48228d416cec5da646a34f5ebc76a5e76b3d782164c7267a19b77721b3:content-9a74027936cb3ef5f8c48cd0ac207c4a68cc29760bf9f4eb9f45dcce39cbe988,https://api.stlouisfed.org/fred/series/observations?file_type=json&limit=100000&offset=0&output_type=4&realtime_end=2026-09-01&realtime_start=1776-07-04&series_id=CPIAUCNS&sort_order=asc&units=lin
CPIAUCNS,1988-06-01,118,1988-07-23T00:00:00Z,1988-07-22,fred-api-v1:query-c24ecc48228d416cec5da646a34f5ebc76a5e76b3d782164c7267a19b77721b3:content-9a74027936cb3ef5f8c48cd0ac207c4a68cc29760bf9f4eb9f45dcce39cbe988,https://api.stlouisfed.org/fred/series/observations?file_type=json&limit=100000&offset=0&output_type=4&realtime_end=2026-09-01&realtime_start=1776-07-04&series_id=CPIAUCNS&sort_order=asc&units=lin
CPIAUCNS,1988-07-01,118.5,1988-08-24T00:00:00Z,1988-08-23,fred-api-v1:query-c24ecc48228d416cec5da646a34f5ebc76a5e76b3d782164c7267a19b77721b3:content-9a74027936cb3ef5f8c48cd0ac207c4a68cc29760bf9f4eb9f45dcce39cbe988,https://api.stlouisfed.org/fred/series/observations?file_type=json&limit=100000&offset=0&output_type=4&realtime_end=2026-09-01&realtime_start=1776-07-04&series_id=CPIAUCNS&sort_order=asc&units=lin
CPIAUCNS,1988-08-01,119,1988-09-22T00:00:00Z,1988-09-21,fred-api-v1:query-c24ecc48228d416cec5da646a34f5ebc76a5e76b3d782164c7267a19b77721b3:content-9a74027936cb3ef5f8c48cd0ac207c4a68cc29760bf9f4eb9f45dcce39cbe988,https://api.stlouisfed.org/fred/series/observations?file_type=json&limit=100000&offset=0&output_type=4&realtime_end=2026-09-01&realtime_start=1776-07-04&series_id=CPIAUCNS&sort_order=asc&units=lin
CPIAUCNS,1988-09-01,119.8,1988-10-22T00:00:00Z,1988-10-21,fred-api-v1:query-c24ecc48228d416cec5da646a34f5ebc76a5e76b3d782164c7267a19b77721b3:content-9a74027936cb3ef5f8c48cd0ac207c4a68cc29760bf9f4eb9f45dcce39cbe988,https://api.stlouisfed.org/fred/series/observations?file_type=json&limit=100000&offset=0&output_type=4&realtime_end=2026-09-01&realtime_start=1776-07-04&series_id=CPIAUCNS&sort_order=asc&units=lin
CPIAUCNS,1988-10-01,120.2,1988-11-23T00:00:00Z,1988-11-22,fred-api-v1:query-c24ecc48228d416cec5da646a34f5ebc76a5e76b3d782164c7267a19b77721b3:content-9a74027936cb3ef5f8c48cd0ac207c4a68cc29760bf9f4eb9f45dcce39cbe988,https://api.stlouisfed.org/fred/series/observations?file_type=json&limit=100000&offset=0&output_type=4&realtime_end=2026-09-01&realtime_start=1776-07-04&series_id=CPIAUCNS&sort_order=asc&units=lin
CPIAUCNS,1988-11-01,120.3,1988-12-21T00:00:00Z,1988-12-20,fred-api-v1:query-c24ecc48228d416cec5da646a34f5ebc76a5e76b3d782164c7267a19b77721b3:content-9a74027936cb3ef5f8c48cd0ac207c4a68cc29760bf9f4eb9f45dcce39cbe988,https://api.stlouisfed.org/fred/series/observations?file_type=json&limit=100000&offset=0&output_type=4&realtime_end=2026-09-01&realtime_start=1776-07-04&series_id=CPIAUCNS&sort_order=asc&units=lin
CPIAUCNS,1988-12-01,120.5,1989-01-20T00:00:00Z,1989-01-19,fred-api-v1:query-c24ecc48228d416cec5da646a34f5ebc76a5e76b3d782164c7267a19b77721b3:content-9a74027936cb3ef5f8c48cd0ac207c4a68cc29760bf9f4eb9f45dcce39cbe988,https://api.stlouisfed.org/fred/series/observations?file_type=json&limit=100000&offset=0&output_type=4&realtime_end=2026-09-01&realtime_start=1776-07-04&series_id=CPIAUCNS&sort_order=asc&units=lin
CPIAUCNS,1989-01-01,121.09999999999999,1989-02-23T00:00:00Z,1989-02-22,fred-api-v1:query-c24ecc48228d416cec5da646a34f5ebc76a5e76b3d782164c7267a19b77721b3:content-9a74027936cb3ef5f8c48cd0ac207c4a68cc29760bf9f4eb9f45dcce39cbe988,https://api.stlouisfed.org/fred/series/observations?file_type=json&limit=100000&offset=0&output_type=4&realtime_end=2026-09-01&realtime_start=1776-07-04&series_id=CPIAUCNS&sort_order=asc&units=lin
CPIAUCNS,1989-02-01,121.59999999999999,1989-03-22T00:00:00Z,1989-03-21,fred-api-v1:query-c24ecc48228d416cec5da646a34f5ebc76a5e76b3d782164c7267a19b77721b3:content-9a74027936cb3ef5f8c48cd0ac207c4a68cc29760bf9f4eb9f45dcce39cbe988,https://api.stlouisfed.org/fred/series/observations?file_type=json&limit=100000&offset=0&output_type=4&realtime_end=2026-09-01&realtime_start=1776-07-04&series_id=CPIAUCNS&sort_order=asc&units=lin
CPIAUCNS,1989-03-01,122.3,1989-04-19T00:00:00Z,1989-04-18,fred-api-v1:query-c24ecc48228d416cec5da646a34f5ebc76a5e76b3d782164c7267a19b77721b3:content-9a74027936cb3ef5f8c48cd0ac207c4a68cc29760bf9f4eb9f45dcce39cbe988,https://api.stlouisfed.org/fred/series/observations?file_type=json&limit=100000&offset=0&output_type=4&realtime_end=2026-09-01&realtime_start=1776-07-04&series_id=CPIAUCNS&sort_order=asc&units=lin
CPIAUCNS,1989-04-01,123.09999999999999,1989-05-19T00:00:00Z,1989-05-18,fred-api-v1:query-c24ecc48228d416cec5da646a34f5ebc76a5e76b3d782164c7267a19b77721b3:content-9a74027936cb3ef5f8c48cd0ac207c4a68cc29760bf9f4eb9f45dcce39cbe988,https://api.stlouisfed.org/fred/series/observations?file_type=json&limit=100000&offset=0&output_type=4&realtime_end=2026-09-01&realtime_start=1776-07-04&series_id=CPIAUCNS&sort_order=asc&units=lin
CPIAUCNS,1989-05-01,123.8,1989-06-17T00:00:00Z,1989-06-16,fred-api-v1:query-c24ecc48228d416cec5da646a34f5ebc76a5e76b3d782164c7267a19b77721b3:content-9a74027936cb3ef5f8c48cd0ac207c4a68cc29760bf9f4eb9f45dcce39cbe988,https://api.stlouisfed.org/fred/series/observations?file_type=json&limit=100000&offset=0&output_type=4&realtime_end=2026-09-01&realtime_start=1776-07-04&series_id=CPIAUCNS&sort_order=asc&units=lin
CPIAUCNS,1989-06-01,124.09999999999999,1989-07-20T00:00:00Z,1989-07-19,fred-api-v1:query-c24ecc48228d416cec5da646a34f5ebc76a5e76b3d782164c7267a19b77721b3:content-9a74027936cb3ef5f8c48cd0ac207c4a68cc29760bf9f4eb9f45dcce39cbe988,https://api.stlouisfed.org/fred/series/observations?file_type=json&limit=100000&offset=0&output_type=4&realtime_end=2026-09-01&realtime_start=1776-07-04&series_id=CPIAUCNS&sort_order=asc&units=lin
CPIAUCNS,1989-07-01,124.40000000000001,1989-08-19T00:00:00Z,1989-08-18,fred-api-v1:query-c24ecc48228d416cec5da646a34f5ebc76a5e76b3d782164c7267a19b77721b3:content-9a74027936cb3ef5f8c48cd0ac207c4a68cc29760bf9f4eb9f45dcce39cbe988,https://api.stlouisfed.org/fred/series/observations?file_type=json&limit=100000&offset=0&output_type=4&realtime_end=2026-09-01&realtime_start=1776-07-04&series_id=CPIAUCNS&sort_order=asc&units=lin
CPIAUCNS,1989-08-01,124.59999999999999,1989-09-20T00:00:00Z,1989-09-19,fred-api-v1:query-c24ecc48228d416cec5da646a34f5ebc76a5e76b3d782164c7267a19b77721b3:content-9a74027936cb3ef5f8c48cd0ac207c4a68cc29760bf9f4eb9f45dcce39cbe988,https://api.stlouisfed.org/fred/series/observations?file_type=json&limit=100000&offset=0&output_type=4&realtime_end=2026-09-01&realtime_start=1776-07-04&series_id=CPIAUCNS&sort_order=asc&units=lin
CPIAUCNS,1989-09-01,125,1989-10-20T00:00:00Z,1989-10-19,fred-api-v1:query-c24ecc48228d416cec5da646a34f5ebc76a5e76b3d782164c7267a19b77721b3:content-9a74027936cb3ef5f8c48cd0ac207c4a68cc29760bf9f4eb9f45dcce39cbe988,https://api.stlouisfed.org/fred/series/observations?file_type=json&limit=100000&offset=0&output_type=4&realtime_end=2026-09-01&realtime_start=1776-07-04&series_id=CPIAUCNS&sort_order=asc&units=lin
CPIAUCNS,1989-10-01,125.59999999999999,1989-11-22T00:00:00Z,1989-11-21,fred-api-v1:query-c24ecc48228d416cec5da646a34f5ebc76a5e76b3d782164c7267a19b77721b3:content-9a74027936cb3ef5f8c48cd0ac207c4a68cc29760bf9f4eb9f45dcce39cbe988,https://api.stlouisfed.org/fred/series/observations?file_type=json&limit=100000&offset=0&output_type=4&realtime_end=2026-09-01&realtime_start=1776-07-04&series_id=CPIAUCNS&sort_order=asc&units=lin
CPIAUCNS,1989-11-01,125.90000000000001,1989-12-20T00:00:00Z,1989-12-19,fred-api-v1:query-c24ecc48228d416cec5da646a34f5ebc76a5e76b3d782164c7267a19b77721b3:content-9a74027936cb3ef5f8c48cd0ac207c4a68cc29760bf9f4eb9f45dcce39cbe988,https://api.stlouisfed.org/fred/series/observations?file_type=json&limit=100000&offset=0&output_type=4&realtime_end=2026-09-01&realtime_start=1776-07-04&series_id=CPIAUCNS&sort_order=asc&units=lin
CPIAUCNS,1989-12-01,126.09999999999999,1990-01-19T00:00:00Z,1990-01-18,fred-api-v1:query-c24ecc48228d416cec5da646a34f5ebc76a5e76b3d782164c7267a19b77721b3:content-9a74027936cb3ef5f8c48cd0ac207c4a68cc29760bf9f4eb9f45dcce39cbe988,https://api.stlouisfed.org/fred/series/observations?file_type=json&limit=100000&offset=0&output_type=4&realtime_end=2026-09-01&realtime_start=1776-07-04&series_id=CPIAUCNS&sort_order=asc&units=lin
CPIAUCNS,1990-01-01,127.40000000000001,1990-02-22T00:00:00Z,1990-02-21,fred-api-v1:query-c24ecc48228d416cec5da646a34f5ebc76a5e76b3d782164c7267a19b77721b3:content-9a74027936cb3ef5f8c48cd0ac207c4a68cc29760bf9f4eb9f45dcce39cbe988,https://api.stlouisfed.org/fred/series/observations?file_type=json&limit=100000&offset=0&output_type=4&realtime_end=2026-09-01&realtime_start=1776-07-04&series_id=CPIAUCNS&sort_order=asc&units=lin
CPIAUCNS,1990-02-01,128,1990-03-21T00:00:00Z,1990-03-20,fred-api-v1:query-c24ecc48228d416cec5da646a34f5ebc76a5e76b3d782164c7267a19b77721b3:content-9a74027936cb3ef5f8c48cd0ac207c4a68cc29760bf9f4eb9f45dcce39cbe988,https://api.stlouisfed.org/fred/series/observations?file_type=json&limit=100000&offset=0&output_type=4&realtime_end=2026-09-01&realtime_start=1776-07-04&series_id=CPIAUCNS&sort_order=asc&units=lin
CPIAUCNS,1990-03-01,128.69999999999999,1990-04-18T00:00:00Z,1990-04-17,fred-api-v1:query-c24ecc48228d416cec5da646a34f5ebc76a5e76b3d782164c7267a19b77721b3:content-9a74027936cb3ef5f8c48cd0ac207c4a68cc29760bf9f4eb9f45dcce39cbe988,https://api.stlouisfed.org/fred/series/observations?file_type=json&limit=100000&offset=0&output_type=4&realtime_end=2026-09-01&realtime_start=1776-07-04&series_id=CPIAUCNS&sort_order=asc&units=lin
CPIAUCNS,1990-04-01,128.90000000000001,1990-05-17T00:00:00Z,1990-05-16,fred-api-v1:query-c24ecc48228d416cec5da646a34f5ebc76a5e76b3d782164c7267a19b77721b3:content-9a74027936cb3ef5f8c48cd0ac207c4a68cc29760bf9f4eb9f45dcce39cbe988,https://api.stlouisfed.org/fred/series/observations?file_type=json&limit=100000&offset=0&output_type=4&realtime_end=2026-09-01&realtime_start=1776-07-04&series_id=CPIAUCNS&sort_order=asc&units=lin
CPIAUCNS,1990-05-01,129.19999999999999,1990-06-16T00:00:00Z,1990-06-15,fred-api-v1:query-c24ecc48228d416cec5da646a34f5ebc76a5e76b3d782164c7267a19b77721b3:content-9a74027936cb3ef5f8c48cd0ac207c4a68cc29760bf9f4eb9f45dcce39cbe988,https://api.stlouisfed.org/fred/series/observations?file_type=json&limit=100000&offset=0&output_type=4&realtime_end=2026-09-01&realtime_start=1776-07-04&series_id=CPIAUCNS&sort_order=asc&units=lin
CPIAUCNS,1990-06-01,129.90000000000001,1990-07-19T00:00:00Z,1990-07-18,fred-api-v1:query-c24ecc48228d416cec5da646a34f5ebc76a5e76b3d782164c7267a19b77721b3:content-9a74027936cb3ef5f8c48cd0ac207c4a68cc29760bf9f4eb9f45dcce39cbe988,https://api.stlouisfed.org/fred/series/observations?file_type=json&limit=100000&offset=0&output_type=4&realtime_end=2026-09-01&realtime_start=1776-07-04&series_id=CPIAUCNS&sort_order=asc&units=lin
CPIAUCNS,1990-07-01,130.40000000000001,1990-08-17T00:00:00Z,1990-08-16,fred-api-v1:query-c24ecc48228d416cec5da646a34f5ebc76a5e76b3d782164c7267a19b77721b3:content-9a74027936cb3ef5f8c48cd0ac207c4a68cc29760bf9f4eb9f45dcce39cbe988,https://api.stlouisfed.org/fred/series/observations?file_type=json&limit=100000&offset=0&output_type=4&realtime_end=2026-09-01&realtime_start=1776-07-04&series_id=CPIAUCNS&sort_order=asc&units=lin
CPIAUCNS,1990-08-01,131.59999999999999,1990-09-19T00:00:00Z,1990-09-18,fred-api-v1:query-c24ecc48228d416cec5da646a34f5ebc76a5e76b3d782164c7267a19b77721b3:content-9a74027936cb3ef5f8c48cd0ac207c4a68cc29760bf9f4eb9f45dcce39cbe988,https://api.stlouisfed.org/fred/series/observations?file_type=json&limit=100000&offset=0&output_type=4&realtime_end=2026-09-01&realtime_start=1776-07-04&series_id=CPIAUCNS&sort_order=asc&units=lin
CPIAUCNS,1990-09-01,132.69999999999999,1990-10-19T00:00:00Z,1990-10-18,fred-api-v1:query-c24ecc48228d416cec5da646a34f5ebc76a5e76b3d782164c7267a19b77721b3:content-9a74027936cb3ef5f8c48cd0ac207c4a68cc29760bf9f4eb9f45dcce39cbe988,https://api.stlouisfed.org/fred/series/observations?file_type=json&limit=100000&offset=0&output_type=4&realtime_end=2026-09-01&realtime_start=1776-07-04&series_id=CPIAUCNS&sort_order=asc&units=lin
CPIAUCNS,1990-10-01,133.5,1990-11-17T00:00:00Z,1990-11-16,fred-api-v1:query-c24ecc48228d416cec5da646a34f5ebc76a5e76b3d782164c7267a19b77721b3:content-9a74027936cb3ef5f8c48cd0ac207c4a68cc29760bf9f4eb9f45dcce39cbe988,https://api.stlouisfed.org/fred/series/observations?file_type=json&limit=100000&offset=0&output_type=4&realtime_end=2026-09-01&realtime_start=1776-07-04&series_id=CPIAUCNS&sort_order=asc&units=lin
CPIAUCNS,1990-11-01,133.80000000000001,1990-12-19T00:00:00Z,1990-12-18,fred-api-v1:query-c24ecc48228d416cec5da646a34f5ebc76a5e76b3d782164c7267a19b77721b3:content-9a74027936cb3ef5f8c48cd0ac207c4a68cc29760bf9f4eb9f45dcce39cbe988,https://api.stlouisfed.org/fred/series/observations?file_type=json&limit=100000&offset=0&output_type=4&realtime_end=2026-09-01&realtime_start=1776-07-04&series_id=CPIAUCNS&sort_order=asc&units=lin
CPIAUCNS,1990-12-01,133.80000000000001,1991-01-17T00:00:00Z,1991-01-16,fred-api-v1:query-c24ecc48228d416cec5da646a34f5ebc76a5e76b3d782164c7267a19b77721b3:content-9a74027936cb3ef5f8c48cd0ac207c4a68cc29760bf9f4eb9f45dcce39cbe988,https://api.stlouisfed.org/fred/series/observations?file_type=json&limit=100000&offset=0&output_type=4&realtime_end=2026-09-01&realtime_start=1776-07-04&series_id=CPIAUCNS&sort_order=asc&units=lin
CPIAUCNS,1991-01-01,134.59999999999999,1991-02-21T00:00:00Z,1991-02-20,fred-api-v1:query-c24ecc48228d416cec5da646a34f5ebc76a5e76b3d782164c7267a19b77721b3:content-9a74027936cb3ef5f8c48cd0ac207c4a68cc29760bf9f4eb9f45dcce39cbe988,https://api.stlouisfed.org/fred/series/observations?file_type=json&limit=100000&offset=0&output_type=4&realtime_end=2026-09-01&realtime_start=1776-07-04&series_id=CPIAUCNS&sort_order=asc&units=lin
CPIAUCNS,1991-02-01,134.80000000000001,1991-03-20T00:00:00Z,1991-03-19,fred-api-v1:query-c24ecc48228d416cec5da646a34f5ebc76a5e76b3d782164c7267a19b77721b3:content-9a74027936cb3ef5f8c48cd0ac207c4a68cc29760bf9f4eb9f45dcce39cbe988,https://api.stlouisfed.org/fred/series/observations?file_type=json&limit=100000&offset=0&output_type=4&realtime_end=2026-09-01&realtime_start=1776-07-04&series_id=CPIAUCNS&sort_order=asc&units=lin
CPIAUCNS,1991-03-01,135,1991-04-13T00:00:00Z,1991-04-12,fred-api-v1:query-c24ecc48228d416cec5da646a34f5ebc76a5e76b3d782164c7267a19b77721b3:content-9a74027936cb3ef5f8c48cd0ac207c4a68cc29760bf9f4eb9f45dcce39cbe988,https://api.stlouisfed.org/fred/series/observations?file_type=json&limit=100000&offset=0&output_type=4&realtime_end=2026-09-01&realtime_start=1776-07-04&series_id=CPIAUCNS&sort_order=asc&units=lin
CPIAUCNS,1991-04-01,135.19999999999999,1991-05-15T00:00:00Z,1991-05-14,fred-api-v1:query-c24ecc48228d416cec5da646a34f5ebc76a5e76b3d782164c7267a19b77721b3:content-9a74027936cb3ef5f8c48cd0ac207c4a68cc29760bf9f4eb9f45dcce39cbe988,https://api.stlouisfed.org/fred/series/observations?file_type=json&limit=100000&offset=0&output_type=4&realtime_end=2026-09-01&realtime_start=1776-07-04&series_id=CPIAUCNS&sort_order=asc&units=lin
CPIAUCNS,1991-05-01,135.59999999999999,1991-06-15T00:00:00Z,1991-06-14,fred-api-v1:query-c24ecc48228d416cec5da646a34f5ebc76a5e76b3d782164c7267a19b77721b3:content-9a74027936cb3ef5f8c48cd0ac207c4a68cc29760bf9f4eb9f45dcce39cbe988,https://api.stlouisfed.org/fred/series/observations?file_type=json&limit=100000&offset=0&output_type=4&realtime_end=2026-09-01&realtime_start=1776-07-04&series_id=CPIAUCNS&sort_order=asc&units=lin
CPIAUCNS,1991-06-01,136,1991-07-18T00:00:00Z,1991-07-17,fred-api-v1:query-c24ecc48228d416cec5da646a34f5ebc76a5e76b3d782164c7267a19b77721b3:content-9a74027936cb3ef5f8c48cd0ac207c4a68cc29760bf9f4eb9f45dcce39cbe988,https://api.stlouisfed.org/fred/series/observations?file_type=json&limit=100000&offset=0&output_type=4&realtime_end=2026-09-01&realtime_start=1776-07-04&series_id=CPIAUCNS&sort_order=asc&units=lin
CPIAUCNS,1991-07-01,136.19999999999999,1991-08-15T00:00:00Z,1991-08-14,fred-api-v1:query-c24ecc48228d416cec5da646a34f5ebc76a5e76b3d782164c7267a19b77721b3:content-9a74027936cb3ef5f8c48cd0ac207c4a68cc29760bf9f4eb9f45dcce39cbe988,https://api.stlouisfed.org/fred/series/observations?file_type=json&limit=100000&offset=0&output_type=4&realtime_end=2026-09-01&realtime_start=1776-07-04&series_id=CPIAUCNS&sort_order=asc&units=lin
CPIAUCNS,1991-08-01,136.59999999999999,1991-09-14T00:00:00Z,1991-09-13,fred-api-v1:query-c24ecc48228d416cec5da646a34f5ebc76a5e76b3d782164c7267a19b77721b3:content-9a74027936cb3ef5f8c48cd0ac207c4a68cc29760bf9f4eb9f45dcce39cbe988,https://api.stlouisfed.org/fred/series/observations?file_type=json&limit=100000&offset=0&output_type=4&realtime_end=2026-09-01&realtime_start=1776-07-04&series_id=CPIAUCNS&sort_order=asc&units=lin
CPIAUCNS,1991-09-01,137.19999999999999,1991-10-18T00:00:00Z,1991-10-17,fred-api-v1:query-c24ecc48228d416cec5da646a34f5ebc76a5e76b3d782164c7267a19b77721b3:content-9a74027936cb3ef5f8c48cd0ac207c4a68cc29760bf9f4eb9f45dcce39cbe988,https://api.stlouisfed.org/fred/series/observations?file_type=json&limit=100000&offset=0&output_type=4&realtime_end=2026-09-01&realtime_start=1776-07-04&series_id=CPIAUCNS&sort_order=asc&units=lin
CPIAUCNS,1991-10-01,137.40000000000001,1991-11-15T00:00:00Z,1991-11-14,fred-api-v1:query-c24ecc48228d416cec5da646a34f5ebc76a5e76b3d782164c7267a19b77721b3:content-9a74027936cb3ef5f8c48cd0ac207c4a68cc29760bf9f4eb9f45dcce39cbe988,https://api.stlouisfed.org/fred/series/observations?file_type=json&limit=100000&offset=0&output_type=4&realtime_end=2026-09-01&realtime_start=1776-07-04&series_id=CPIAUCNS&sort_order=asc&units=lin
CPIAUCNS,1991-11-01,137.80000000000001,1991-12-14T00:00:00Z,1991-12-13,fred-api-v1:query-c24ecc48228d416cec5da646a34f5ebc76a5e76b3d782164c7267a19b77721b3:content-9a74027936cb3ef5f8c48cd0ac207c4a68cc29760bf9f4eb9f45dcce39cbe988,https://api.stlouisfed.org/fred/series/observations?file_type=json&limit=100000&offset=0&output_type=4&realtime_end=2026-09-01&realtime_start=1776-07-04&series_id=CPIAUCNS&sort_order=asc&units=lin
CPIAUCNS,1991-12-01,137.90000000000001,1992-01-17T00:00:00Z,1992-01-16,fred-api-v1:query-c24ecc48228d416cec5da646a34f5ebc76a5e76b3d782164c7267a19b77721b3:content-9a74027936cb3ef5f8c48cd0ac207c4a68cc29760bf9f4eb9f45dcce39cbe988,https://api.stlouisfed.org/fred/series/observations?file_type=json&limit=100000&offset=0&output_type=4&realtime_end=2026-09-01&realtime_start=1776-07-04&series_id=CPIAUCNS&sort_order=asc&units=lin
CPIAUCNS,1992-01-01,138.09999999999999,1992-02-20T00:00:00Z,1992-02-19,fred-api-v1:query-c24ecc48228d416cec5da646a34f5ebc76a5e76b3d782164c7267a19b77721b3:content-9a74027936cb3ef5f8c48cd0ac207c4a68cc29760bf9f4eb9f45dcce39cbe988,https://api.stlouisfed.org/fred/series/observations?file_type=json&limit=100000&offset=0&output_type=4&realtime_end=2026-09-01&realtime_start=1776-07-04&series_id=CPIAUCNS&sort_order=asc&units=lin
CPIAUCNS,1992-02-01,138.59999999999999,1992-03-18T00:00:00Z,1992-03-17,fred-api-v1:query-c24ecc48228d416cec5da646a34f5ebc76a5e76b3d782164c7267a19b77721b3:content-9a74027936cb3ef5f8c48cd0ac207c4a68cc29760bf9f4eb9f45dcce39cbe988,https://api.stlouisfed.org/fred/series/observations?file_type=json&limit=100000&offset=0&output_type=4&realtime_end=2026-09-01&realtime_start=1776-07-04&series_id=CPIAUCNS&sort_order=asc&units=lin
CPIAUCNS,1992-03-01,139.30000000000001,1992-04-11T00:00:00Z,1992-04-10,fred-api-v1:query-c24ecc48228d416cec5da646a34f5ebc76a5e76b3d782164c7267a19b77721b3:content-9a74027936cb3ef5f8c48cd0ac207c4a68cc29760bf9f4eb9f45dcce39cbe988,https://api.stlouisfed.org/fred/series/observations?file_type=json&limit=100000&offset=0&output_type=4&realtime_end=2026-09-01&realtime_start=1776-07-04&series_id=CPIAUCNS&sort_order=asc&units=lin
CPIAUCNS,1992-04-01,139.5,1992-05-14T00:00:00Z,1992-05-13,fred-api-v1:query-c24ecc48228d416cec5da646a34f5ebc76a5e76b3d782164c7267a19b77721b3:content-9a74027936cb3ef5f8c48cd0ac207c4a68cc29760bf9f4eb9f45dcce39cbe988,https://api.stlouisfed.org/fred/series/observations?file_type=json&limit=100000&offset=0&output_type=4&realtime_end=2026-09-01&realtime_start=1776-07-04&series_id=CPIAUCNS&sort_order=asc&units=lin
CPIAUCNS,1992-05-01,139.69999999999999,1992-06-13T00:00:00Z,1992-06-12,fred-api-v1:query-c24ecc48228d416cec5da646a34f5ebc76a5e76b3d782164c7267a19b77721b3:content-9a74027936cb3ef5f8c48cd0ac207c4a68cc29760bf9f4eb9f45dcce39cbe988,https://api.stlouisfed.org/fred/series/observations?file_type=json&limit=100000&offset=0&output_type=4&realtime_end=2026-09-01&realtime_start=1776-07-04&series_id=CPIAUCNS&sort_order=asc&units=lin
CPIAUCNS,1992-06-01,140.19999999999999,1992-07-15T00:00:00Z,1992-07-14,fred-api-v1:query-c24ecc48228d416cec5da646a34f5ebc76a5e76b3d782164c7267a19b77721b3:content-9a74027936cb3ef5f8c48cd0ac207c4a68cc29760bf9f4eb9f45dcce39cbe988,https://api.stlouisfed.org/fred/series/observations?file_type=json&limit=100000&offset=0&output_type=4&realtime_end=2026-09-01&realtime_start=1776-07-04&series_id=CPIAUCNS&sort_order=asc&units=lin
CPIAUCNS,1992-07-01,140.5,1992-08-14T00:00:00Z,1992-08-13,fred-api-v1:query-c24ecc48228d416cec5da646a34f5ebc76a5e76b3d782164c7267a19b77721b3:content-9a74027936cb3ef5f8c48cd0ac207c4a68cc29760bf9f4eb9f45dcce39cbe988,https://api.stlouisfed.org/fred/series/observations?file_type=json&limit=100000&offset=0&output_type=4&realtime_end=2026-09-01&realtime_start=1776-07-04&series_id=CPIAUCNS&sort_order=asc&units=lin
CPIAUCNS,1992-08-01,140.90000000000001,1992-09-16T00:00:00Z,1992-09-15,fred-api-v1:query-c24ecc48228d416cec5da646a34f5ebc76a5e76b3d782164c7267a19b77721b3:content-9a74027936cb3ef5f8c48cd0ac207c4a68cc29760bf9f4eb9f45dcce39cbe988,https://api.stlouisfed.org/fred/series/observations?file_type=json&limit=100000&offset=0&output_type=4&realtime_end=2026-09-01&realtime_start=1776-07-04&series_id=CPIAUCNS&sort_order=asc&units=lin
CPIAUCNS,1992-09-01,141.30000000000001,1992-10-16T00:00:00Z,1992-10-15,fred-api-v1:query-c24ecc48228d416cec5da646a34f5ebc76a5e76b3d782164c7267a19b77721b3:content-9a74027936cb3ef5f8c48cd0ac207c4a68cc29760bf9f4eb9f45dcce39cbe988,https://api.stlouisfed.org/fred/series/observations?file_type=json&limit=100000&offset=0&output_type=4&realtime_end=2026-09-01&realtime_start=1776-07-04&series_id=CPIAUCNS&sort_order=asc&units=lin
CPIAUCNS,1992-10-01,141.80000000000001,1992-11-14T00:00:00Z,1992-11-13,fred-api-v1:query-c24ecc48228d416cec5da646a34f5ebc76a5e76b3d782164c7267a19b77721b3:content-9a74027936cb3ef5f8c48cd0ac207c4a68cc29760bf9f4eb9f45dcce39cbe988,https://api.stlouisfed.org/fred/series/observations?file_type=json&limit=100000&offset=0&output_type=4&realtime_end=2026-09-01&realtime_start=1776-07-04&series_id=CPIAUCNS&sort_order=asc&units=lin
CPIAUCNS,1992-11-01,142,1992-12-14T00:00:00Z,1992-12-13,fred-api-v1:query-c24ecc48228d416cec5da646a34f5ebc76a5e76b3d782164c7267a19b77721b3:content-9a74027936cb3ef5f8c48cd0ac207c4a68cc29760bf9f4eb9f45dcce39cbe988,https://api.stlouisfed.org/fred/series/observations?file_type=json&limit=100000&offset=0&output_type=4&realtime_end=2026-09-01&realtime_start=1776-07-04&series_id=CPIAUCNS&sort_order=asc&units=lin
CPIAUCNS,1992-12-01,141.90000000000001,1993-01-16T00:00:00Z,1993-01-15,fred-api-v1:query-c24ecc48228d416cec5da646a34f5ebc76a5e76b3d782164c7267a19b77721b3:content-9a74027936cb3ef5f8c48cd0ac207c4a68cc29760bf9f4eb9f45dcce39cbe988,https://api.stlouisfed.org/fred/series/observations?file_type=json&limit=100000&offset=0&output_type=4&realtime_end=2026-09-01&realtime_start=1776-07-04&series_id=CPIAUCNS&sort_order=asc&units=lin
CPIAUCNS,1993-01-01,142.59999999999999,1993-02-19T00:00:00Z,1993-02-18,fred-api-v1:query-c24ecc48228d416cec5da646a34f5ebc76a5e76b3d782164c7267a19b77721b3:content-9a74027936cb3ef5f8c48cd0ac207c4a68cc29760bf9f4eb9f45dcce39cbe988,https://api.stlouisfed.org/fred/series/observations?file_type=json&limit=100000&offset=0&output_type=4&realtime_end=2026-09-01&realtime_start=1776-07-04&series_id=CPIAUCNS&sort_order=asc&units=lin
CPIAUCNS,1993-02-01,143.09999999999999,1993-03-18T00:00:00Z,1993-03-17,fred-api-v1:query-c24ecc48228d416cec5da646a34f5ebc76a5e76b3d782164c7267a19b77721b3:content-9a74027936cb3ef5f8c48cd0ac207c4a68cc29760bf9f4eb9f45dcce39cbe988,https://api.stlouisfed.org/fred/series/observations?file_type=json&limit=100000&offset=0&output_type=4&realtime_end=2026-09-01&realtime_start=1776-07-04&series_id=CPIAUCNS&sort_order=asc&units=lin
CPIAUCNS,1993-03-01,143.59999999999999,1993-04-10T00:00:00Z,1993-04-09,fred-api-v1:query-c24ecc48228d416cec5da646a34f5ebc76a5e76b3d782164c7267a19b77721b3:content-9a74027936cb3ef5f8c48cd0ac207c4a68cc29760bf9f4eb9f45dcce39cbe988,https://api.stlouisfed.org/fred/series/observations?file_type=json&limit=100000&offset=0&output_type=4&realtime_end=2026-09-01&realtime_start=1776-07-04&series_id=CPIAUCNS&sort_order=asc&units=lin
CPIAUCNS,1993-04-01,144,1993-05-14T00:00:00Z,1993-05-13,fred-api-v1:query-c24ecc48228d416cec5da646a34f5ebc76a5e76b3d782164c7267a19b77721b3:content-9a74027936cb3ef5f8c48cd0ac207c4a68cc29760bf9f4eb9f45dcce39cbe988,https://api.stlouisfed.org/fred/series/observations?file_type=json&limit=100000&offset=0&output_type=4&realtime_end=2026-09-01&realtime_start=1776-07-04&series_id=CPIAUCNS&sort_order=asc&units=lin
CPIAUCNS,1993-05-01,144.19999999999999,1993-06-16T00:00:00Z,1993-06-15,fred-api-v1:query-c24ecc48228d416cec5da646a34f5ebc76a5e76b3d782164c7267a19b77721b3:content-9a74027936cb3ef5f8c48cd0ac207c4a68cc29760bf9f4eb9f45dcce39cbe988,https://api.stlouisfed.org/fred/series/observations?file_type=json&limit=100000&offset=0&output_type=4&realtime_end=2026-09-01&realtime_start=1776-07-04&series_id=CPIAUCNS&sort_order=asc&units=lin
CPIAUCNS,1993-06-01,144.40000000000001,1993-07-15T00:00:00Z,1993-07-14,fred-api-v1:query-c24ecc48228d416cec5da646a34f5ebc76a5e76b3d782164c7267a19b77721b3:content-9a74027936cb3ef5f8c48cd0ac207c4a68cc29760bf9f4eb9f45dcce39cbe988,https://api.stlouisfed.org/fred/series/observations?file_type=json&limit=100000&offset=0&output_type=4&realtime_end=2026-09-01&realtime_start=1776-07-04&series_id=CPIAUCNS&sort_order=asc&units=lin
CPIAUCNS,1993-07-01,144.40000000000001,1993-08-14T00:00:00Z,1993-08-13,fred-api-v1:query-c24ecc48228d416cec5da646a34f5ebc76a5e76b3d782164c7267a19b77721b3:content-9a74027936cb3ef5f8c48cd0ac207c4a68cc29760bf9f4eb9f45dcce39cbe988,https://api.stlouisfed.org/fred/series/observations?file_type=json&limit=100000&offset=0&output_type=4&realtime_end=2026-09-01&realtime_start=1776-07-04&series_id=CPIAUCNS&sort_order=asc&units=lin
CPIAUCNS,1993-08-01,144.80000000000001,1993-09-15T00:00:00Z,1993-09-14,fred-api-v1:query-c24ecc48228d416cec5da646a34f5ebc76a5e76b3d782164c7267a19b77721b3:content-9a74027936cb3ef5f8c48cd0ac207c4a68cc29760bf9f4eb9f45dcce39cbe988,https://api.stlouisfed.org/fred/series/observations?file_type=json&limit=100000&offset=0&output_type=4&realtime_end=2026-09-01&realtime_start=1776-07-04&series_id=CPIAUCNS&sort_order=asc&units=lin
CPIAUCNS,1993-09-01,145.09999999999999,1993-10-16T00:00:00Z,1993-10-15,fred-api-v1:query-c24ecc48228d416cec5da646a34f5ebc76a5e76b3d782164c7267a19b77721b3:content-9a74027936cb3ef5f8c48cd0ac207c4a68cc29760bf9f4eb9f45dcce39cbe988,https://api.stlouisfed.org/fred/series/observations?file_type=json&limit=100000&offset=0&output_type=4&realtime_end=2026-09-01&realtime_start=1776-07-04&series_id=CPIAUCNS&sort_order=asc&units=lin
CPIAUCNS,1993-10-01,145.69999999999999,1993-11-11T00:00:00Z,1993-11-10,fred-api-v1:query-c24ecc48228d416cec5da646a34f5ebc76a5e76b3d782164c7267a19b77721b3:content-9a74027936cb3ef5f8c48cd0ac207c4a68cc29760bf9f4eb9f45dcce39cbe988,https://api.stlouisfed.org/fred/series/observations?file_type=json&limit=100000&offset=0&output_type=4&realtime_end=2026-09-01&realtime_start=1776-07-04&series_id=CPIAUCNS&sort_order=asc&units=lin
CPIAUCNS,1993-11-01,145.80000000000001,1993-12-11T00:00:00Z,1993-12-10,fred-api-v1:query-c24ecc48228d416cec5da646a34f5ebc76a5e76b3d782164c7267a19b77721b3:content-9a74027936cb3ef5f8c48cd0ac207c4a68cc29760bf9f4eb9f45dcce39cbe988,https://api.stlouisfed.org/fred/series/observations?file_type=json&limit=100000&offset=0&output_type=4&realtime_end=2026-09-01&realtime_start=1776-07-04&series_id=CPIAUCNS&sort_order=asc&units=lin
CPIAUCNS,1993-12-01,145.80000000000001,1994-01-14T00:00:00Z,1994-01-13,fred-api-v1:query-c24ecc48228d416cec5da646a34f5ebc76a5e76b3d782164c7267a19b77721b3:content-9a74027936cb3ef5f8c48cd0ac207c4a68cc29760bf9f4eb9f45dcce39cbe988,https://api.stlouisfed.org/fred/series/observations?file_type=json&limit=100000&offset=0&output_type=4&realtime_end=2026-09-01&realtime_start=1776-07-04&series_id=CPIAUCNS&sort_order=asc&units=lin
CPIAUCNS,1994-01-01,146.19999999999999,1994-02-18T00:00:00Z,1994-02-17,fred-api-v1:query-c24ecc48228d416cec5da646a34f5ebc76a5e76b3d782164c7267a19b77721b3:content-9a74027936cb3ef5f8c48cd0ac207c4a68cc29760bf9f4eb9f45dcce39cbe988,https://api.stlouisfed.org/fred/series/observations?file_type=json&limit=100000&offset=0&output_type=4&realtime_end=2026-09-01&realtime_start=1776-07-04&series_id=CPIAUCNS&sort_order=asc&units=lin
CPIAUCNS,1994-02-01,146.69999999999999,1994-03-17T00:00:00Z,1994-03-16,fred-api-v1:query-c24ecc48228d416cec5da646a34f5ebc76a5e76b3d782164c7267a19b77721b3:content-9a74027936cb3ef5f8c48cd0ac207c4a68cc29760bf9f4eb9f45dcce39cbe988,https://api.stlouisfed.org/fred/series/observations?file_type=json&limit=100000&offset=0&output_type=4&realtime_end=2026-09-01&realtime_start=1776-07-04&series_id=CPIAUCNS&sort_order=asc&units=lin
CPIAUCNS,1994-03-01,147.19999999999999,1994-04-14T00:00:00Z,1994-04-13,fred-api-v1:query-c24ecc48228d416cec5da646a34f5ebc76a5e76b3d782164c7267a19b77721b3:content-9a74027936cb3ef5f8c48cd0ac207c4a68cc29760bf9f4eb9f45dcce39cbe988,https://api.stlouisfed.org/fred/series/observations?file_type=json&limit=100000&offset=0&output_type=4&realtime_end=2026-09-01&realtime_start=1776-07-04&series_id=CPIAUCNS&sort_order=asc&units=lin
CPIAUCNS,1994-04-01,147.40000000000001,1994-05-14T00:00:00Z,1994-05-13,fred-api-v1:query-c24ecc48228d416cec5da646a34f5ebc76a5e76b3d782164c7267a19b77721b3:content-9a74027936cb3ef5f8c48cd0ac207c4a68cc29760bf9f4eb9f45dcce39cbe988,https://api.stlouisfed.org/fred/series/observations?file_type=json&limit=100000&offset=0&output_type=4&realtime_end=2026-09-01&realtime_start=1776-07-04&series_id=CPIAUCNS&sort_order=asc&units=lin
CPIAUCNS,1994-05-01,147.5,1994-06-15T00:00:00Z,1994-06-14,fred-api-v1:query-c24ecc48228d416cec5da646a34f5ebc76a5e76b3d782164c7267a19b77721b3:content-9a74027936cb3ef5f8c48cd0ac207c4a68cc29760bf9f4eb9f45dcce39cbe988,https://api.stlouisfed.org/fred/series/observations?file_type=json&limit=100000&offset=0&output_type=4&realtime_end=2026-09-01&realtime_start=1776-07-04&series_id=CPIAUCNS&sort_order=asc&units=lin
CPIAUCNS,1994-06-01,148,1994-07-14T00:00:00Z,1994-07-13,fred-api-v1:query-c24ecc48228d416cec5da646a34f5ebc76a5e76b3d782164c7267a19b77721b3:content-9a74027936cb3ef5f8c48cd0ac207c4a68cc29760bf9f4eb9f45dcce39cbe988,https://api.stlouisfed.org/fred/series/observations?file_type=json&limit=100000&offset=0&output_type=4&realtime_end=2026-09-01&realtime_start=1776-07-04&series_id=CPIAUCNS&sort_order=asc&units=lin
CPIAUCNS,1994-07-01,148.40000000000001,1994-08-13T00:00:00Z,1994-08-12,fred-api-v1:query-c24ecc48228d416cec5da646a34f5ebc76a5e76b3d782164c7267a19b77721b3:content-9a74027936cb3ef5f8c48cd0ac207c4a68cc29760bf9f4eb9f45dcce39cbe988,https://api.stlouisfed.org/fred/series/observations?file_type=json&limit=100000&offset=0&output_type=4&realtime_end=2026-09-01&realtime_start=1776-07-04&series_id=CPIAUCNS&sort_order=asc&units=lin
CPIAUCNS,1994-08-01,149,1994-09-14T00:00:00Z,1994-09-13,fred-api-v1:query-c24ecc48228d416cec5da646a34f5ebc76a5e76b3d782164c7267a19b77721b3:content-9a74027936cb3ef5f8c48cd0ac207c4a68cc29760bf9f4eb9f45dcce39cbe988,https://api.stlouisfed.org/fred/series/observations?file_type=json&limit=100000&offset=0&output_type=4&realtime_end=2026-09-01&realtime_start=1776-07-04&series_id=CPIAUCNS&sort_order=asc&units=lin
CPIAUCNS,1994-09-01,149.40000000000001,1994-10-15T00:00:00Z,1994-10-14,fred-api-v1:query-c24ecc48228d416cec5da646a34f5ebc76a5e76b3d782164c7267a19b77721b3:content-9a74027936cb3ef5f8c48cd0ac207c4a68cc29760bf9f4eb9f45dcce39cbe988,https://api.stlouisfed.org/fred/series/observations?file_type=json&limit=100000&offset=0&output_type=4&realtime_end=2026-09-01&realtime_start=1776-07-04&series_id=CPIAUCNS&sort_order=asc&units=lin
CPIAUCNS,1994-10-01,149.5,1994-11-17T00:00:00Z,1994-11-16,fred-api-v1:query-c24ecc48228d416cec5da646a34f5ebc76a5e76b3d782164c7267a19b77721b3:content-9a74027936cb3ef5f8c48cd0ac207c4a68cc29760bf9f4eb9f45dcce39cbe988,https://api.stlouisfed.org/fred/series/observations?file_type=json&limit=100000&offset=0&output_type=4&realtime_end=2026-09-01&realtime_start=1776-07-04&series_id=CPIAUCNS&sort_order=asc&units=lin
CPIAUCNS,1994-11-01,149.69999999999999,1994-12-15T00:00:00Z,1994-12-14,fred-api-v1:query-c24ecc48228d416cec5da646a34f5ebc76a5e76b3d782164c7267a19b77721b3:content-9a74027936cb3ef5f8c48cd0ac207c4a68cc29760bf9f4eb9f45dcce39cbe988,https://api.stlouisfed.org/fred/series/observations?file_type=json&limit=100000&offset=0&output_type=4&realtime_end=2026-09-01&realtime_start=1776-07-04&series_id=CPIAUCNS&sort_order=asc&units=lin
CPIAUCNS,1994-12-01,149.69999999999999,1995-01-12T00:00:00Z,1995-01-11,fred-api-v1:query-c24ecc48228d416cec5da646a34f5ebc76a5e76b3d782164c7267a19b77721b3:content-9a74027936cb3ef5f8c48cd0ac207c4a68cc29760bf9f4eb9f45dcce39cbe988,https://api.stlouisfed.org/fred/series/observations?file_type=json&limit=100000&offset=0&output_type=4&realtime_end=2026-09-01&realtime_start=1776-07-04&series_id=CPIAUCNS&sort_order=asc&units=lin
CPIAUCNS,1995-01-01,150.30000000000001,1995-02-16T00:00:00Z,1995-02-15,fred-api-v1:query-c24ecc48228d416cec5da646a34f5ebc76a5e76b3d782164c7267a19b77721b3:content-9a74027936cb3ef5f8c48cd0ac207c4a68cc29760bf9f4eb9f45dcce39cbe988,https://api.stlouisfed.org/fred/series/observations?file_type=json&limit=100000&offset=0&output_type=4&realtime_end=2026-09-01&realtime_start=1776-07-04&series_id=CPIAUCNS&sort_order=asc&units=lin
CPIAUCNS,1995-02-01,150.90000000000001,1995-03-17T00:00:00Z,1995-03-16,fred-api-v1:query-c24ecc48228d416cec5da646a34f5ebc76a5e76b3d782164c7267a19b77721b3:content-9a74027936cb3ef5f8c48cd0ac207c4a68cc29760bf9f4eb9f45dcce39cbe988,https://api.stlouisfed.org/fred/series/observations?file_type=json&limit=100000&offset=0&output_type=4&realtime_end=2026-09-01&realtime_start=1776-07-04&series_id=CPIAUCNS&sort_order=asc&units=lin
CPIAUCNS,1995-03-01,151.40000000000001,1995-04-13T00:00:00Z,1995-04-12,fred-api-v1:query-c24ecc48228d416cec5da646a34f5ebc76a5e76b3d782164c7267a19b77721b3:content-9a74027936cb3ef5f8c48cd0ac207c4a68cc29760bf9f4eb9f45dcce39cbe988,https://api.stlouisfed.org/fred/series/observations?file_type=json&limit=100000&offset=0&output_type=4&realtime_end=2026-09-01&realtime_start=1776-07-04&series_id=CPIAUCNS&sort_order=asc&units=lin
CPIAUCNS,1995-04-01,151.90000000000001,1995-05-13T00:00:00Z,1995-05-12,fred-api-v1:query-c24ecc48228d416cec5da646a34f5ebc76a5e76b3d782164c7267a19b77721b3:content-9a74027936cb3ef5f8c48cd0ac207c4a68cc29760bf9f4eb9f45dcce39cbe988,https://api.stlouisfed.org/fred/series/observations?file_type=json&limit=100000&offset=0&output_type=4&realtime_end=2026-09-01&realtime_start=1776-07-04&series_id=CPIAUCNS&sort_order=asc&units=lin
CPIAUCNS,1995-05-01,152.19999999999999,1995-06-14T00:00:00Z,1995-06-13,fred-api-v1:query-c24ecc48228d416cec5da646a34f5ebc76a5e76b3d782164c7267a19b77721b3:content-9a74027936cb3ef5f8c48cd0ac207c4a68cc29760bf9f4eb9f45dcce39cbe988,https://api.stlouisfed.org/fred/series/observations?file_type=json&limit=100000&offset=0&output_type=4&realtime_end=2026-09-01&realtime_start=1776-07-04&series_id=CPIAUCNS&sort_order=asc&units=lin
CPIAUCNS,1995-06-01,152.5,1995-07-15T00:00:00Z,1995-07-14,fred-api-v1:query-c24ecc48228d416cec5da646a34f5ebc76a5e76b3d782164c7267a19b77721b3:content-9a74027936cb3ef5f8c48cd0ac207c4a68cc29760bf9f4eb9f45dcce39cbe988,https://api.stlouisfed.org/fred/series/observations?file_type=json&limit=100000&offset=0&output_type=4&realtime_end=2026-09-01&realtime_start=1776-07-04&series_id=CPIAUCNS&sort_order=asc&units=lin
CPIAUCNS,1995-07-01,152.5,1995-08-12T00:00:00Z,1995-08-11,fred-api-v1:query-c24ecc48228d416cec5da646a34f5ebc76a5e76b3d782164c7267a19b77721b3:content-9a74027936cb3ef5f8c48cd0ac207c4a68cc29760bf9f4eb9f45dcce39cbe988,https://api.stlouisfed.org/fred/series/observations?file_type=json&limit=100000&offset=0&output_type=4&realtime_end=2026-09-01&realtime_start=1776-07-04&series_id=CPIAUCNS&sort_order=asc&units=lin
CPIAUCNS,1995-08-01,152.90000000000001,1995-09-14T00:00:00Z,1995-09-13,fred-api-v1:query-c24ecc48228d416cec5da646a34f5ebc76a5e76b3d782164c7267a19b77721b3:content-9a74027936cb3ef5f8c48cd0ac207c4a68cc29760bf9f4eb9f45dcce39cbe988,https://api.stlouisfed.org/fred/series/observations?file_type=json&limit=100000&offset=0&output_type=4&realtime_end=2026-09-01&realtime_start=1776-07-04&series_id=CPIAUCNS&sort_order=asc&units=lin
CPIAUCNS,1995-09-01,153.19999999999999,1995-10-14T00:00:00Z,1995-10-13,fred-api-v1:query-c24ecc48228d416cec5da646a34f5ebc76a5e76b3d782164c7267a19b77721b3:content-9a74027936cb3ef5f8c48cd0ac207c4a68cc29760bf9f4eb9f45dcce39cbe988,https://api.stlouisfed.org/fred/series/observations?file_type=json&limit=100000&offset=0&output_type=4&realtime_end=2026-09-01&realtime_start=1776-07-04&series_id=CPIAUCNS&sort_order=asc&units=lin
CPIAUCNS,1995-10-01,153.69999999999999,1995-11-16T00:00:00Z,1995-11-15,fred-api-v1:query-c24ecc48228d416cec5da646a34f5ebc76a5e76b3d782164c7267a19b77721b3:content-9a74027936cb3ef5f8c48cd0ac207c4a68cc29760bf9f4eb9f45dcce39cbe988,https://api.stlouisfed.org/fred/series/observations?file_type=json&limit=100000&offset=0&output_type=4&realtime_end=2026-09-01&realtime_start=1776-07-04&series_id=CPIAUCNS&sort_order=asc&units=lin
CPIAUCNS,1995-11-01,153.59999999999999,1995-12-15T00:00:00Z,1995-12-14,fred-api-v1:query-c24ecc48228d416cec5da646a34f5ebc76a5e76b3d782164c7267a19b77721b3:content-9a74027936cb3ef5f8c48cd0ac207c4a68cc29760bf9f4eb9f45dcce39cbe988,https://api.stlouisfed.org/fred/series/observations?file_type=json&limit=100000&offset=0&output_type=4&realtime_end=2026-09-01&realtime_start=1776-07-04&series_id=CPIAUCNS&sort_order=asc&units=lin
CPIAUCNS,1995-12-01,153.5,1996-02-02T00:00:00Z,1996-02-01,fred-api-v1:query-c24ecc48228d416cec5da646a34f5ebc76a5e76b3d782164c7267a19b77721b3:content-9a74027936cb3ef5f8c48cd0ac207c4a68cc29760bf9f4eb9f45dcce39cbe988,https://api.stlouisfed.org/fred/series/observations?file_type=json&limit=100000&offset=0&output_type=4&realtime_end=2026-09-01&realtime_start=1776-07-04&series_id=CPIAUCNS&sort_order=asc&units=lin
CPIAUCNS,1996-01-01,154.40000000000001,1996-02-29T00:00:00Z,1996-02-28,fred-api-v1:query-c24ecc48228d416cec5da646a34f5ebc76a5e76b3d782164c7267a19b77721b3:content-9a74027936cb3ef5f8c48cd0ac207c4a68cc29760bf9f4eb9f45dcce39cbe988,https://api.stlouisfed.org/fred/series/observations?file_type=json&limit=100000&offset=0&output_type=4&realtime_end=2026-09-01&realtime_start=1776-07-04&series_id=CPIAUCNS&sort_order=asc&units=lin
CPIAUCNS,1996-02-01,154.90000000000001,1996-03-16T00:00:00Z,1996-03-15,fred-api-v1:query-c24ecc48228d416cec5da646a34f5ebc76a5e76b3d782164c7267a19b77721b3:content-9a74027936cb3ef5f8c48cd0ac207c4a68cc29760bf9f4eb9f45dcce39cbe988,https://api.stlouisfed.org/fred/series/observations?file_type=json&limit=100000&offset=0&output_type=4&realtime_end=2026-09-01&realtime_start=1776-07-04&series_id=CPIAUCNS&sort_order=asc&units=lin
CPIAUCNS,1996-03-01,155.69999999999999,1996-04-13T00:00:00Z,1996-04-12,fred-api-v1:query-c24ecc48228d416cec5da646a34f5ebc76a5e76b3d782164c7267a19b77721b3:content-9a74027936cb3ef5f8c48cd0ac207c4a68cc29760bf9f4eb9f45dcce39cbe988,https://api.stlouisfed.org/fred/series/observations?file_type=json&limit=100000&offset=0&output_type=4&realtime_end=2026-09-01&realtime_start=1776-07-04&series_id=CPIAUCNS&sort_order=asc&units=lin
CPIAUCNS,1996-04-01,156.30000000000001,1996-05-15T00:00:00Z,1996-05-14,fred-api-v1:query-c24ecc48228d416cec5da646a34f5ebc76a5e76b3d782164c7267a19b77721b3:content-9a74027936cb3ef5f8c48cd0ac207c4a68cc29760bf9f4eb9f45dcce39cbe988,https://api.stlouisfed.org/fred/series/observations?file_type=json&limit=100000&offset=0&output_type=4&realtime_end=2026-09-01&realtime_start=1776-07-04&series_id=CPIAUCNS&sort_order=asc&units=lin
CPIAUCNS,1996-05-01,156.59999999999999,1996-06-13T00:00:00Z,1996-06-12,fred-api-v1:query-c24ecc48228d416cec5da646a34f5ebc76a5e76b3d782164c7267a19b77721b3:content-9a74027936cb3ef5f8c48cd0ac207c4a68cc29760bf9f4eb9f45dcce39cbe988,https://api.stlouisfed.org/fred/series/observations?file_type=json&limit=100000&offset=0&output_type=4&realtime_end=2026-09-01&realtime_start=1776-07-04&series_id=CPIAUCNS&sort_order=asc&units=lin
CPIAUCNS,1996-06-01,156.69999999999999,1996-07-17T00:00:00Z,1996-07-16,fred-api-v1:query-c24ecc48228d416cec5da646a34f5ebc76a5e76b3d782164c7267a19b77721b3:content-9a74027936cb3ef5f8c48cd0ac207c4a68cc29760bf9f4eb9f45dcce39cbe988,https://api.stlouisfed.org/fred/series/observations?file_type=json&limit=100000&offset=0&output_type=4&realtime_end=2026-09-01&realtime_start=1776-07-04&series_id=CPIAUCNS&sort_order=asc&units=lin
CPIAUCNS,1996-07-01,157,1996-08-14T00:00:00Z,1996-08-13,fred-api-v1:query-c24ecc48228d416cec5da646a34f5ebc76a5e76b3d782164c7267a19b77721b3:content-9a74027936cb3ef5f8c48cd0ac207c4a68cc29760bf9f4eb9f45dcce39cbe988,https://api.stlouisfed.org/fred/series/observations?file_type=json&limit=100000&offset=0&output_type=4&realtime_end=2026-09-01&realtime_start=1776-07-04&series_id=CPIAUCNS&sort_order=asc&units=lin
CPIAUCNS,1996-08-01,157.30000000000001,1996-09-14T00:00:00Z,1996-09-13,fred-api-v1:query-c24ecc48228d416cec5da646a34f5ebc76a5e76b3d782164c7267a19b77721b3:content-9a74027936cb3ef5f8c48cd0ac207c4a68cc29760bf9f4eb9f45dcce39cbe988,https://api.stlouisfed.org/fred/series/observations?file_type=json&limit=100000&offset=0&output_type=4&realtime_end=2026-09-01&realtime_start=1776-07-04&series_id=CPIAUCNS&sort_order=asc&units=lin
CPIAUCNS,1996-09-01,157.80000000000001,1996-10-17T00:00:00Z,1996-10-16,fred-api-v1:query-c24ecc48228d416cec5da646a34f5ebc76a5e76b3d782164c7267a19b77721b3:content-9a74027936cb3ef5f8c48cd0ac207c4a68cc29760bf9f4eb9f45dcce39cbe988,https://api.stlouisfed.org/fred/series/observations?file_type=json&limit=100000&offset=0&output_type=4&realtime_end=2026-09-01&realtime_start=1776-07-04&series_id=CPIAUCNS&sort_order=asc&units=lin
CPIAUCNS,1996-10-01,158.30000000000001,1996-11-15T00:00:00Z,1996-11-14,fred-api-v1:query-c24ecc48228d416cec5da646a34f5ebc76a5e76b3d782164c7267a19b77721b3:content-9a74027936cb3ef5f8c48cd0ac207c4a68cc29760bf9f4eb9f45dcce39cbe988,https://api.stlouisfed.org/fred/series/observations?file_type=json&limit=100000&offset=0&output_type=4&realtime_end=2026-09-01&realtime_start=1776-07-04&series_id=CPIAUCNS&sort_order=asc&units=lin
CPIAUCNS,1996-11-01,158.59999999999999,1996-12-13T00:00:00Z,1996-12-12,fred-api-v1:query-c24ecc48228d416cec5da646a34f5ebc76a5e76b3d782164c7267a19b77721b3:content-9a74027936cb3ef5f8c48cd0ac207c4a68cc29760bf9f4eb9f45dcce39cbe988,https://api.stlouisfed.org/fred/series/observations?file_type=json&limit=100000&offset=0&output_type=4&realtime_end=2026-09-01&realtime_start=1776-07-04&series_id=CPIAUCNS&sort_order=asc&units=lin
CPIAUCNS,1996-12-01,158.59999999999999,1997-01-15T00:00:00Z,1997-01-14,fred-api-v1:query-c24ecc48228d416cec5da646a34f5ebc76a5e76b3d782164c7267a19b77721b3:content-9a74027936cb3ef5f8c48cd0ac207c4a68cc29760bf9f4eb9f45dcce39cbe988,https://api.stlouisfed.org/fred/series/observations?file_type=json&limit=100000&offset=0&output_type=4&realtime_end=2026-09-01&realtime_start=1776-07-04&series_id=CPIAUCNS&sort_order=asc&units=lin
CPIAUCNS,1997-01-01,159.09999999999999,1997-02-20T00:00:00Z,1997-02-19,fred-api-v1:query-c24ecc48228d416cec5da646a34f5ebc76a5e76b3d782164c7267a19b77721b3:content-9a74027936cb3ef5f8c48cd0ac207c4a68cc29760bf9f4eb9f45dcce39cbe988,https://api.stlouisfed.org/fred/series/observations?file_type=json&limit=100000&offset=0&output_type=4&realtime_end=2026-09-01&realtime_start=1776-07-04&series_id=CPIAUCNS&sort_order=asc&units=lin
CPIAUCNS,1997-02-01,159.59999999999999,1997-03-20T00:00:00Z,1997-03-19,fred-api-v1:query-c24ecc48228d416cec5da646a34f5ebc76a5e76b3d782164c7267a19b77721b3:content-9a74027936cb3ef5f8c48cd0ac207c4a68cc29760bf9f4eb9f45dcce39cbe988,https://api.stlouisfed.org/fred/series/observations?file_type=json&limit=100000&offset=0&output_type=4&realtime_end=2026-09-01&realtime_start=1776-07-04&series_id=CPIAUCNS&sort_order=asc&units=lin
CPIAUCNS,1997-03-01,160,1997-04-16T00:00:00Z,1997-04-15,fred-api-v1:query-c24ecc48228d416cec5da646a34f5ebc76a5e76b3d782164c7267a19b77721b3:content-9a74027936cb3ef5f8c48cd0ac207c4a68cc29760bf9f4eb9f45dcce39cbe988,https://api.stlouisfed.org/fred/series/observations?file_type=json&limit=100000&offset=0&output_type=4&realtime_end=2026-09-01&realtime_start=1776-07-04&series_id=CPIAUCNS&sort_order=asc&units=lin
CPIAUCNS,1997-04-01,160.19999999999999,1997-05-16T00:00:00Z,1997-05-15,fred-api-v1:query-c24ecc48228d416cec5da646a34f5ebc76a5e76b3d782164c7267a19b77721b3:content-9a74027936cb3ef5f8c48cd0ac207c4a68cc29760bf9f4eb9f45dcce39cbe988,https://api.stlouisfed.org/fred/series/observations?file_type=json&limit=100000&offset=0&output_type=4&realtime_end=2026-09-01&realtime_start=1776-07-04&series_id=CPIAUCNS&sort_order=asc&units=lin
CPIAUCNS,1997-05-01,160.09999999999999,1997-06-18T00:00:00Z,1997-06-17,fred-api-v1:query-c24ecc48228d416cec5da646a34f5ebc76a5e76b3d782164c7267a19b77721b3:content-9a74027936cb3ef5f8c48cd0ac207c4a68cc29760bf9f4eb9f45dcce39cbe988,https://api.stlouisfed.org/fred/series/observations?file_type=json&limit=100000&offset=0&output_type=4&realtime_end=2026-09-01&realtime_start=1776-07-04&series_id=CPIAUCNS&sort_order=asc&units=lin
CPIAUCNS,1997-06-01,160.30000000000001,1997-07-17T00:00:00Z,1997-07-16,fred-api-v1:query-c24ecc48228d416cec5da646a34f5ebc76a5e76b3d782164c7267a19b77721b3:content-9a74027936cb3ef5f8c48cd0ac207c4a68cc29760bf9f4eb9f45dcce39cbe988,https://api.stlouisfed.org/fred/series/observations?file_type=json&limit=100000&offset=0&output_type=4&realtime_end=2026-09-01&realtime_start=1776-07-04&series_id=CPIAUCNS&sort_order=asc&units=lin
CPIAUCNS,1997-07-01,160.5,1997-08-15T00:00:00Z,1997-08-14,fred-api-v1:query-c24ecc48228d416cec5da646a34f5ebc76a5e76b3d782164c7267a19b77721b3:content-9a74027936cb3ef5f8c48cd0ac207c4a68cc29760bf9f4eb9f45dcce39cbe988,https://api.stlouisfed.org/fred/series/observations?file_type=json&limit=100000&offset=0&output_type=4&realtime_end=2026-09-01&realtime_start=1776-07-04&series_id=CPIAUCNS&sort_order=asc&units=lin
CPIAUCNS,1997-08-01,160.80000000000001,1997-09-17T00:00:00Z,1997-09-16,fred-api-v1:query-c24ecc48228d416cec5da646a34f5ebc76a5e76b3d782164c7267a19b77721b3:content-9a74027936cb3ef5f8c48cd0ac207c4a68cc29760bf9f4eb9f45dcce39cbe988,https://api.stlouisfed.org/fred/series/observations?file_type=json&limit=100000&offset=0&output_type=4&realtime_end=2026-09-01&realtime_start=1776-07-04&series_id=CPIAUCNS&sort_order=asc&units=lin
CPIAUCNS,1997-09-01,161.19999999999999,1997-10-17T00:00:00Z,1997-10-16,fred-api-v1:query-c24ecc48228d416cec5da646a34f5ebc76a5e76b3d782164c7267a19b77721b3:content-9a74027936cb3ef5f8c48cd0ac207c4a68cc29760bf9f4eb9f45dcce39cbe988,https://api.stlouisfed.org/fred/series/observations?file_type=json&limit=100000&offset=0&output_type=4&realtime_end=2026-09-01&realtime_start=1776-07-04&series_id=CPIAUCNS&sort_order=asc&units=lin
CPIAUCNS,1997-10-01,161.59999999999999,1997-11-19T00:00:00Z,1997-11-18,fred-api-v1:query-c24ecc48228d416cec5da646a34f5ebc76a5e76b3d782164c7267a19b77721b3:content-9a74027936cb3ef5f8c48cd0ac207c4a68cc29760bf9f4eb9f45dcce39cbe988,https://api.stlouisfed.org/fred/series/observations?file_type=json&limit=100000&offset=0&output_type=4&realtime_end=2026-09-01&realtime_start=1776-07-04&series_id=CPIAUCNS&sort_order=asc&units=lin
CPIAUCNS,1997-11-01,161.5,1997-12-17T00:00:00Z,1997-12-16,fred-api-v1:query-c24ecc48228d416cec5da646a34f5ebc76a5e76b3d782164c7267a19b77721b3:content-9a74027936cb3ef5f8c48cd0ac207c4a68cc29760bf9f4eb9f45dcce39cbe988,https://api.stlouisfed.org/fred/series/observations?file_type=json&limit=100000&offset=0&output_type=4&realtime_end=2026-09-01&realtime_start=1776-07-04&series_id=CPIAUCNS&sort_order=asc&units=lin
CPIAUCNS,1997-12-01,161.30000000000001,1998-01-14T00:00:00Z,1998-01-13,fred-api-v1:query-c24ecc48228d416cec5da646a34f5ebc76a5e76b3d782164c7267a19b77721b3:content-9a74027936cb3ef5f8c48cd0ac207c4a68cc29760bf9f4eb9f45dcce39cbe988,https://api.stlouisfed.org/fred/series/observations?file_type=json&limit=100000&offset=0&output_type=4&realtime_end=2026-09-01&realtime_start=1776-07-04&series_id=CPIAUCNS&sort_order=asc&units=lin
CPIAUCNS,1998-01-01,161.59999999999999,1998-02-25T00:00:00Z,1998-02-24,fred-api-v1:query-c24ecc48228d416cec5da646a34f5ebc76a5e76b3d782164c7267a19b77721b3:content-9a74027936cb3ef5f8c48cd0ac207c4a68cc29760bf9f4eb9f45dcce39cbe988,https://api.stlouisfed.org/fred/series/observations?file_type=json&limit=100000&offset=0&output_type=4&realtime_end=2026-09-01&realtime_start=1776-07-04&series_id=CPIAUCNS&sort_order=asc&units=lin
CPIAUCNS,1998-02-01,161.90000000000001,1998-03-20T00:00:00Z,1998-03-19,fred-api-v1:query-c24ecc48228d416cec5da646a34f5ebc76a5e76b3d782164c7267a19b77721b3:content-9a74027936cb3ef5f8c48cd0ac207c4a68cc29760bf9f4eb9f45dcce39cbe988,https://api.stlouisfed.org/fred/series/observations?file_type=json&limit=100000&offset=0&output_type=4&realtime_end=2026-09-01&realtime_start=1776-07-04&series_id=CPIAUCNS&sort_order=asc&units=lin
CPIAUCNS,1998-03-01,162.19999999999999,1998-04-15T00:00:00Z,1998-04-14,fred-api-v1:query-c24ecc48228d416cec5da646a34f5ebc76a5e76b3d782164c7267a19b77721b3:content-9a74027936cb3ef5f8c48cd0ac207c4a68cc29760bf9f4eb9f45dcce39cbe988,https://api.stlouisfed.org/fred/series/observations?file_type=json&limit=100000&offset=0&output_type=4&realtime_end=2026-09-01&realtime_start=1776-07-04&series_id=CPIAUCNS&sort_order=asc&units=lin
CPIAUCNS,1998-04-01,162.5,1998-05-15T00:00:00Z,1998-05-14,fred-api-v1:query-c24ecc48228d416cec5da646a34f5ebc76a5e76b3d782164c7267a19b77721b3:content-9a74027936cb3ef5f8c48cd0ac207c4a68cc29760bf9f4eb9f45dcce39cbe988,https://api.stlouisfed.org/fred/series/observations?file_type=json&limit=100000&offset=0&output_type=4&realtime_end=2026-09-01&realtime_start=1776-07-04&series_id=CPIAUCNS&sort_order=asc&units=lin
CPIAUCNS,1998-05-01,162.80000000000001,1998-06-17T00:00:00Z,1998-06-16,fred-api-v1:query-c24ecc48228d416cec5da646a34f5ebc76a5e76b3d782164c7267a19b77721b3:content-9a74027936cb3ef5f8c48cd0ac207c4a68cc29760bf9f4eb9f45dcce39cbe988,https://api.stlouisfed.org/fred/series/observations?file_type=json&limit=100000&offset=0&output_type=4&realtime_end=2026-09-01&realtime_start=1776-07-04&series_id=CPIAUCNS&sort_order=asc&units=lin
CPIAUCNS,1998-06-01,163,1998-07-15T00:00:00Z,1998-07-14,fred-api-v1:query-c24ecc48228d416cec5da646a34f5ebc76a5e76b3d782164c7267a19b77721b3:content-9a74027936cb3ef5f8c48cd0ac207c4a68cc29760bf9f4eb9f45dcce39cbe988,https://api.stlouisfed.org/fred/series/observations?file_type=json&limit=100000&offset=0&output_type=4&realtime_end=2026-09-01&realtime_start=1776-07-04&series_id=CPIAUCNS&sort_order=asc&units=lin
CPIAUCNS,1998-07-01,163.19999999999999,1998-08-19T00:00:00Z,1998-08-18,fred-api-v1:query-c24ecc48228d416cec5da646a34f5ebc76a5e76b3d782164c7267a19b77721b3:content-9a74027936cb3ef5f8c48cd0ac207c4a68cc29760bf9f4eb9f45dcce39cbe988,https://api.stlouisfed.org/fred/series/observations?file_type=json&limit=100000&offset=0&output_type=4&realtime_end=2026-09-01&realtime_start=1776-07-04&series_id=CPIAUCNS&sort_order=asc&units=lin
CPIAUCNS,1998-08-01,163.40000000000001,1998-09-18T00:00:00Z,1998-09-17,fred-api-v1:query-c24ecc48228d416cec5da646a34f5ebc76a5e76b3d782164c7267a19b77721b3:content-9a74027936cb3ef5f8c48cd0ac207c4a68cc29760bf9f4eb9f45dcce39cbe988,https://api.stlouisfed.org/fred/series/observations?file_type=json&limit=100000&offset=0&output_type=4&realtime_end=2026-09-01&realtime_start=1776-07-04&series_id=CPIAUCNS&sort_order=asc&units=lin
CPIAUCNS,1998-09-01,163.59999999999999,1998-10-17T00:00:00Z,1998-10-16,fred-api-v1:query-c24ecc48228d416cec5da646a34f5ebc76a5e76b3d782164c7267a19b77721b3:content-9a74027936cb3ef5f8c48cd0ac207c4a68cc29760bf9f4eb9f45dcce39cbe988,https://api.stlouisfed.org/fred/series/observations?file_type=json&limit=100000&offset=0&output_type=4&realtime_end=2026-09-01&realtime_start=1776-07-04&series_id=CPIAUCNS&sort_order=asc&units=lin
CPIAUCNS,1998-10-01,164,1998-11-18T00:00:00Z,1998-11-17,fred-api-v1:query-c24ecc48228d416cec5da646a34f5ebc76a5e76b3d782164c7267a19b77721b3:content-9a74027936cb3ef5f8c48cd0ac207c4a68cc29760bf9f4eb9f45dcce39cbe988,https://api.stlouisfed.org/fred/series/observations?file_type=json&limit=100000&offset=0&output_type=4&realtime_end=2026-09-01&realtime_start=1776-07-04&series_id=CPIAUCNS&sort_order=asc&units=lin
CPIAUCNS,1998-11-01,164,1998-12-16T00:00:00Z,1998-12-15,fred-api-v1:query-c24ecc48228d416cec5da646a34f5ebc76a5e76b3d782164c7267a19b77721b3:content-9a74027936cb3ef5f8c48cd0ac207c4a68cc29760bf9f4eb9f45dcce39cbe988,https://api.stlouisfed.org/fred/series/observations?file_type=json&limit=100000&offset=0&output_type=4&realtime_end=2026-09-01&realtime_start=1776-07-04&series_id=CPIAUCNS&sort_order=asc&units=lin
CPIAUCNS,1998-12-01,163.90000000000001,1999-01-15T00:00:00Z,1999-01-14,fred-api-v1:query-c24ecc48228d416cec5da646a34f5ebc76a5e76b3d782164c7267a19b77721b3:content-9a74027936cb3ef5f8c48cd0ac207c4a68cc29760bf9f4eb9f45dcce39cbe988,https://api.stlouisfed.org/fred/series/observations?file_type=json&limit=100000&offset=0&output_type=4&realtime_end=2026-09-01&realtime_start=1776-07-04&series_id=CPIAUCNS&sort_order=asc&units=lin
CPIAUCNS,1999-01-01,164.30000000000001,1999-02-20T00:00:00Z,1999-02-19,fred-api-v1:query-c24ecc48228d416cec5da646a34f5ebc76a5e76b3d782164c7267a19b77721b3:content-9a74027936cb3ef5f8c48cd0ac207c4a68cc29760bf9f4eb9f45dcce39cbe988,https://api.stlouisfed.org/fred/series/observations?file_type=json&limit=100000&offset=0&output_type=4&realtime_end=2026-09-01&realtime_start=1776-07-04&series_id=CPIAUCNS&sort_order=asc&units=lin
CPIAUCNS,1999-02-01,164.5,1999-03-19T00:00:00Z,1999-03-18,fred-api-v1:query-c24ecc48228d416cec5da646a34f5ebc76a5e76b3d782164c7267a19b77721b3:content-9a74027936cb3ef5f8c48cd0ac207c4a68cc29760bf9f4eb9f45dcce39cbe988,https://api.stlouisfed.org/fred/series/observations?file_type=json&limit=100000&offset=0&output_type=4&realtime_end=2026-09-01&realtime_start=1776-07-04&series_id=CPIAUCNS&sort_order=asc&units=lin
CPIAUCNS,1999-03-01,165,1999-04-14T00:00:00Z,1999-04-13,fred-api-v1:query-c24ecc48228d416cec5da646a34f5ebc76a5e76b3d782164c7267a19b77721b3:content-9a74027936cb3ef5f8c48cd0ac207c4a68cc29760bf9f4eb9f45dcce39cbe988,https://api.stlouisfed.org/fred/series/observations?file_type=json&limit=100000&offset=0&output_type=4&realtime_end=2026-09-01&realtime_start=1776-07-04&series_id=CPIAUCNS&sort_order=asc&units=lin
CPIAUCNS,1999-04-01,166.19999999999999,1999-05-15T00:00:00Z,1999-05-14,fred-api-v1:query-c24ecc48228d416cec5da646a34f5ebc76a5e76b3d782164c7267a19b77721b3:content-9a74027936cb3ef5f8c48cd0ac207c4a68cc29760bf9f4eb9f45dcce39cbe988,https://api.stlouisfed.org/fred/series/observations?file_type=json&limit=100000&offset=0&output_type=4&realtime_end=2026-09-01&realtime_start=1776-07-04&series_id=CPIAUCNS&sort_order=asc&units=lin
CPIAUCNS,1999-05-01,166.19999999999999,1999-06-17T00:00:00Z,1999-06-16,fred-api-v1:query-c24ecc48228d416cec5da646a34f5ebc76a5e76b3d782164c7267a19b77721b3:content-9a74027936cb3ef5f8c48cd0ac207c4a68cc29760bf9f4eb9f45dcce39cbe988,https://api.stlouisfed.org/fred/series/observations?file_type=json&limit=100000&offset=0&output_type=4&realtime_end=2026-09-01&realtime_start=1776-07-04&series_id=CPIAUCNS&sort_order=asc&units=lin
CPIAUCNS,1999-06-01,166.19999999999999,1999-07-16T00:00:00Z,1999-07-15,fred-api-v1:query-c24ecc48228d416cec5da646a34f5ebc76a5e76b3d782164c7267a19b77721b3:content-9a74027936cb3ef5f8c48cd0ac207c4a68cc29760bf9f4eb9f45dcce39cbe988,https://api.stlouisfed.org/fred/series/observations?file_type=json&limit=100000&offset=0&output_type=4&realtime_end=2026-09-01&realtime_start=1776-07-04&series_id=CPIAUCNS&sort_order=asc&units=lin
CPIAUCNS,1999-07-01,166.69999999999999,1999-08-18T00:00:00Z,1999-08-17,fred-api-v1:query-c24ecc48228d416cec5da646a34f5ebc76a5e76b3d782164c7267a19b77721b3:content-9a74027936cb3ef5f8c48cd0ac207c4a68cc29760bf9f4eb9f45dcce39cbe988,https://api.stlouisfed.org/fred/series/observations?file_type=json&limit=100000&offset=0&output_type=4&realtime_end=2026-09-01&realtime_start=1776-07-04&series_id=CPIAUCNS&sort_order=asc&units=lin
CPIAUCNS,1999-08-01,167.09999999999999,1999-09-16T00:00:00Z,1999-09-15,fred-api-v1:query-c24ecc48228d416cec5da646a34f5ebc76a5e76b3d782164c7267a19b77721b3:content-9a74027936cb3ef5f8c48cd0ac207c4a68cc29760bf9f4eb9f45dcce39cbe988,https://api.stlouisfed.org/fred/series/observations?file_type=json&limit=100000&offset=0&output_type=4&realtime_end=2026-09-01&realtime_start=1776-07-04&series_id=CPIAUCNS&sort_order=asc&units=lin
CPIAUCNS,1999-09-01,167.90000000000001,1999-10-20T00:00:00Z,1999-10-19,fred-api-v1:query-c24ecc48228d416cec5da646a34f5ebc76a5e76b3d782164c7267a19b77721b3:content-9a74027936cb3ef5f8c48cd0ac207c4a68cc29760bf9f4eb9f45dcce39cbe988,https://api.stlouisfed.org/fred/series/observations?file_type=json&limit=100000&offset=0&output_type=4&realtime_end=2026-09-01&realtime_start=1776-07-04&series_id=CPIAUCNS&sort_order=asc&units=lin
CPIAUCNS,1999-10-01,168.19999999999999,1999-11-18T00:00:00Z,1999-11-17,fred-api-v1:query-c24ecc48228d416cec5da646a34f5ebc76a5e76b3d782164c7267a19b77721b3:content-9a74027936cb3ef5f8c48cd0ac207c4a68cc29760bf9f4eb9f45dcce39cbe988,https://api.stlouisfed.org/fred/series/observations?file_type=json&limit=100000&offset=0&output_type=4&realtime_end=2026-09-01&realtime_start=1776-07-04&series_id=CPIAUCNS&sort_order=asc&units=lin
CPIAUCNS,1999-11-01,168.30000000000001,1999-12-15T00:00:00Z,1999-12-14,fred-api-v1:query-c24ecc48228d416cec5da646a34f5ebc76a5e76b3d782164c7267a19b77721b3:content-9a74027936cb3ef5f8c48cd0ac207c4a68cc29760bf9f4eb9f45dcce39cbe988,https://api.stlouisfed.org/fred/series/observations?file_type=json&limit=100000&offset=0&output_type=4&realtime_end=2026-09-01&realtime_start=1776-07-04&series_id=CPIAUCNS&sort_order=asc&units=lin
CPIAUCNS,1999-12-01,168.30000000000001,2000-01-15T00:00:00Z,2000-01-14,fred-api-v1:query-c24ecc48228d416cec5da646a34f5ebc76a5e76b3d782164c7267a19b77721b3:content-9a74027936cb3ef5f8c48cd0ac207c4a68cc29760bf9f4eb9f45dcce39cbe988,https://api.stlouisfed.org/fred/series/observations?file_type=json&limit=100000&offset=0&output_type=4&realtime_end=2026-09-01&realtime_start=1776-07-04&series_id=CPIAUCNS&sort_order=asc&units=lin
CPIAUCNS,2000-01-01,168.69999999999999,2000-02-19T00:00:00Z,2000-02-18,fred-api-v1:query-c24ecc48228d416cec5da646a34f5ebc76a5e76b3d782164c7267a19b77721b3:content-9a74027936cb3ef5f8c48cd0ac207c4a68cc29760bf9f4eb9f45dcce39cbe988,https://api.stlouisfed.org/fred/series/observations?file_type=json&limit=100000&offset=0&output_type=4&realtime_end=2026-09-01&realtime_start=1776-07-04&series_id=CPIAUCNS&sort_order=asc&units=lin
CPIAUCNS,2000-02-01,169.69999999999999,2000-03-18T00:00:00Z,2000-03-17,fred-api-v1:query-c24ecc48228d416cec5da646a34f5ebc76a5e76b3d782164c7267a19b77721b3:content-9a74027936cb3ef5f8c48cd0ac207c4a68cc29760bf9f4eb9f45dcce39cbe988,https://api.stlouisfed.org/fred/series/observations?file_type=json&limit=100000&offset=0&output_type=4&realtime_end=2026-09-01&realtime_start=1776-07-04&series_id=CPIAUCNS&sort_order=asc&units=lin
CPIAUCNS,2000-03-01,171.09999999999999,2000-04-15T00:00:00Z,2000-04-14,fred-api-v1:query-c24ecc48228d416cec5da646a34f5ebc76a5e76b3d782164c7267a19b77721b3:content-9a74027936cb3ef5f8c48cd0ac207c4a68cc29760bf9f4eb9f45dcce39cbe988,https://api.stlouisfed.org/fred/series/observations?file_type=json&limit=100000&offset=0&output_type=4&realtime_end=2026-09-01&realtime_start=1776-07-04&series_id=CPIAUCNS&sort_order=asc&units=lin
CPIAUCNS,2000-04-01,171.19999999999999,2000-05-17T00:00:00Z,2000-05-16,fred-api-v1:query-c24ecc48228d416cec5da646a34f5ebc76a5e76b3d782164c7267a19b77721b3:content-9a74027936cb3ef5f8c48cd0ac207c4a68cc29760bf9f4eb9f45dcce39cbe988,https://api.stlouisfed.org/fred/series/observations?file_type=json&limit=100000&offset=0&output_type=4&realtime_end=2026-09-01&realtime_start=1776-07-04&series_id=CPIAUCNS&sort_order=asc&units=lin
CPIAUCNS,2000-05-01,171.30000000000001,2000-06-15T00:00:00Z,2000-06-14,fred-api-v1:query-c24ecc48228d416cec5da646a34f5ebc76a5e76b3d782164c7267a19b77721b3:content-9a74027936cb3ef5f8c48cd0ac207c4a68cc29760bf9f4eb9f45dcce39cbe988,https://api.stlouisfed.org/fred/series/observations?file_type=json&limit=100000&offset=0&output_type=4&realtime_end=2026-09-01&realtime_start=1776-07-04&series_id=CPIAUCNS&sort_order=asc&units=lin
CPIAUCNS,2000-06-01,172.30000000000001,2000-07-19T00:00:00Z,2000-07-18,fred-api-v1:query-c24ecc48228d416cec5da646a34f5ebc76a5e76b3d782164c7267a19b77721b3:content-9a74027936cb3ef5f8c48cd0ac207c4a68cc29760bf9f4eb9f45dcce39cbe988,https://api.stlouisfed.org/fred/series/observations?file_type=json&limit=100000&offset=0&output_type=4&realtime_end=2026-09-01&realtime_start=1776-07-04&series_id=CPIAUCNS&sort_order=asc&units=lin
CPIAUCNS,2000-07-01,172.59999999999999,2000-08-17T00:00:00Z,2000-08-16,fred-api-v1:query-c24ecc48228d416cec5da646a34f5ebc76a5e76b3d782164c7267a19b77721b3:content-9a74027936cb3ef5f8c48cd0ac207c4a68cc29760bf9f4eb9f45dcce39cbe988,https://api.stlouisfed.org/fred/series/observations?file_type=json&limit=100000&offset=0&output_type=4&realtime_end=2026-09-01&realtime_start=1776-07-04&series_id=CPIAUCNS&sort_order=asc&units=lin
CPIAUCNS,2000-08-01,172.69999999999999,2000-09-16T00:00:00Z,2000-09-15,fred-api-v1:query-c24ecc48228d416cec5da646a34f5ebc76a5e76b3d782164c7267a19b77721b3:content-9a74027936cb3ef5f8c48cd0ac207c4a68cc29760bf9f4eb9f45dcce39cbe988,https://api.stlouisfed.org/fred/series/observations?file_type=json&limit=100000&offset=0&output_type=4&realtime_end=2026-09-01&realtime_start=1776-07-04&series_id=CPIAUCNS&sort_order=asc&units=lin
CPIAUCNS,2000-09-01,173.69999999999999,2000-10-19T00:00:00Z,2000-10-18,fred-api-v1:query-c24ecc48228d416cec5da646a34f5ebc76a5e76b3d782164c7267a19b77721b3:content-9a74027936cb3ef5f8c48cd0ac207c4a68cc29760bf9f4eb9f45dcce39cbe988,https://api.stlouisfed.org/fred/series/observations?file_type=json&limit=100000&offset=0&output_type=4&realtime_end=2026-09-01&realtime_start=1776-07-04&series_id=CPIAUCNS&sort_order=asc&units=lin
CPIAUCNS,2000-10-01,174,2000-11-17T00:00:00Z,2000-11-16,fred-api-v1:query-c24ecc48228d416cec5da646a34f5ebc76a5e76b3d782164c7267a19b77721b3:content-9a74027936cb3ef5f8c48cd0ac207c4a68cc29760bf9f4eb9f45dcce39cbe988,https://api.stlouisfed.org/fred/series/observations?file_type=json&limit=100000&offset=0&output_type=4&realtime_end=2026-09-01&realtime_start=1776-07-04&series_id=CPIAUCNS&sort_order=asc&units=lin
CPIAUCNS,2000-11-01,174.09999999999999,2000-12-16T00:00:00Z,2000-12-15,fred-api-v1:query-c24ecc48228d416cec5da646a34f5ebc76a5e76b3d782164c7267a19b77721b3:content-9a74027936cb3ef5f8c48cd0ac207c4a68cc29760bf9f4eb9f45dcce39cbe988,https://api.stlouisfed.org/fred/series/observations?file_type=json&limit=100000&offset=0&output_type=4&realtime_end=2026-09-01&realtime_start=1776-07-04&series_id=CPIAUCNS&sort_order=asc&units=lin
CPIAUCNS,2000-12-01,174,2001-01-18T00:00:00Z,2001-01-17,fred-api-v1:query-c24ecc48228d416cec5da646a34f5ebc76a5e76b3d782164c7267a19b77721b3:content-9a74027936cb3ef5f8c48cd0ac207c4a68cc29760bf9f4eb9f45dcce39cbe988,https://api.stlouisfed.org/fred/series/observations?file_type=json&limit=100000&offset=0&output_type=4&realtime_end=2026-09-01&realtime_start=1776-07-04&series_id=CPIAUCNS&sort_order=asc&units=lin
CPIAUCNS,2001-01-01,175.09999999999999,2001-02-22T00:00:00Z,2001-02-21,fred-api-v1:query-c24ecc48228d416cec5da646a34f5ebc76a5e76b3d782164c7267a19b77721b3:content-9a74027936cb3ef5f8c48cd0ac207c4a68cc29760bf9f4eb9f45dcce39cbe988,https://api.stlouisfed.org/fred/series/observations?file_type=json&limit=100000&offset=0&output_type=4&realtime_end=2026-09-01&realtime_start=1776-07-04&series_id=CPIAUCNS&sort_order=asc&units=lin
CPIAUCNS,2001-02-01,175.80000000000001,2001-03-22T00:00:00Z,2001-03-21,fred-api-v1:query-c24ecc48228d416cec5da646a34f5ebc76a5e76b3d782164c7267a19b77721b3:content-9a74027936cb3ef5f8c48cd0ac207c4a68cc29760bf9f4eb9f45dcce39cbe988,https://api.stlouisfed.org/fred/series/observations?file_type=json&limit=100000&offset=0&output_type=4&realtime_end=2026-09-01&realtime_start=1776-07-04&series_id=CPIAUCNS&sort_order=asc&units=lin
CPIAUCNS,2001-03-01,176.19999999999999,2001-04-18T00:00:00Z,2001-04-17,fred-api-v1:query-c24ecc48228d416cec5da646a34f5ebc76a5e76b3d782164c7267a19b77721b3:content-9a74027936cb3ef5f8c48cd0ac207c4a68cc29760bf9f4eb9f45dcce39cbe988,https://api.stlouisfed.org/fred/series/observations?file_type=json&limit=100000&offset=0&output_type=4&realtime_end=2026-09-01&realtime_start=1776-07-04&series_id=CPIAUCNS&sort_order=asc&units=lin
CPIAUCNS,2001-04-01,176.90000000000001,2001-05-17T00:00:00Z,2001-05-16,fred-api-v1:query-c24ecc48228d416cec5da646a34f5ebc76a5e76b3d782164c7267a19b77721b3:content-9a74027936cb3ef5f8c48cd0ac207c4a68cc29760bf9f4eb9f45dcce39cbe988,https://api.stlouisfed.org/fred/series/observations?file_type=json&limit=100000&offset=0&output_type=4&realtime_end=2026-09-01&realtime_start=1776-07-04&series_id=CPIAUCNS&sort_order=asc&units=lin
CPIAUCNS,2001-05-01,177.69999999999999,2001-06-16T00:00:00Z,2001-06-15,fred-api-v1:query-c24ecc48228d416cec5da646a34f5ebc76a5e76b3d782164c7267a19b77721b3:content-9a74027936cb3ef5f8c48cd0ac207c4a68cc29760bf9f4eb9f45dcce39cbe988,https://api.stlouisfed.org/fred/series/observations?file_type=json&limit=100000&offset=0&output_type=4&realtime_end=2026-09-01&realtime_start=1776-07-04&series_id=CPIAUCNS&sort_order=asc&units=lin
CPIAUCNS,2001-06-01,178,2001-07-19T00:00:00Z,2001-07-18,fred-api-v1:query-c24ecc48228d416cec5da646a34f5ebc76a5e76b3d782164c7267a19b77721b3:content-9a74027936cb3ef5f8c48cd0ac207c4a68cc29760bf9f4eb9f45dcce39cbe988,https://api.stlouisfed.org/fred/series/observations?file_type=json&limit=100000&offset=0&output_type=4&realtime_end=2026-09-01&realtime_start=1776-07-04&series_id=CPIAUCNS&sort_order=asc&units=lin
CPIAUCNS,2001-07-01,177.5,2001-08-17T00:00:00Z,2001-08-16,fred-api-v1:query-c24ecc48228d416cec5da646a34f5ebc76a5e76b3d782164c7267a19b77721b3:content-9a74027936cb3ef5f8c48cd0ac207c4a68cc29760bf9f4eb9f45dcce39cbe988,https://api.stlouisfed.org/fred/series/observations?file_type=json&limit=100000&offset=0&output_type=4&realtime_end=2026-09-01&realtime_start=1776-07-04&series_id=CPIAUCNS&sort_order=asc&units=lin
CPIAUCNS,2001-08-01,177.5,2001-09-19T00:00:00Z,2001-09-18,fred-api-v1:query-c24ecc48228d416cec5da646a34f5ebc76a5e76b3d782164c7267a19b77721b3:content-9a74027936cb3ef5f8c48cd0ac207c4a68cc29760bf9f4eb9f45dcce39cbe988,https://api.stlouisfed.org/fred/series/observations?file_type=json&limit=100000&offset=0&output_type=4&realtime_end=2026-09-01&realtime_start=1776-07-04&series_id=CPIAUCNS&sort_order=asc&units=lin
CPIAUCNS,2001-09-01,178.30000000000001,2001-10-20T00:00:00Z,2001-10-19,fred-api-v1:query-c24ecc48228d416cec5da646a34f5ebc76a5e76b3d782164c7267a19b77721b3:content-9a74027936cb3ef5f8c48cd0ac207c4a68cc29760bf9f4eb9f45dcce39cbe988,https://api.stlouisfed.org/fred/series/observations?file_type=json&limit=100000&offset=0&output_type=4&realtime_end=2026-09-01&realtime_start=1776-07-04&series_id=CPIAUCNS&sort_order=asc&units=lin
CPIAUCNS,2001-10-01,177.69999999999999,2001-11-17T00:00:00Z,2001-11-16,fred-api-v1:query-c24ecc48228d416cec5da646a34f5ebc76a5e76b3d782164c7267a19b77721b3:content-9a74027936cb3ef5f8c48cd0ac207c4a68cc29760bf9f4eb9f45dcce39cbe988,https://api.stlouisfed.org/fred/series/observations?file_type=json&limit=100000&offset=0&output_type=4&realtime_end=2026-09-01&realtime_start=1776-07-04&series_id=CPIAUCNS&sort_order=asc&units=lin
CPIAUCNS,2001-11-01,177.40000000000001,2001-12-15T00:00:00Z,2001-12-14,fred-api-v1:query-c24ecc48228d416cec5da646a34f5ebc76a5e76b3d782164c7267a19b77721b3:content-9a74027936cb3ef5f8c48cd0ac207c4a68cc29760bf9f4eb9f45dcce39cbe988,https://api.stlouisfed.org/fred/series/observations?file_type=json&limit=100000&offset=0&output_type=4&realtime_end=2026-09-01&realtime_start=1776-07-04&series_id=CPIAUCNS&sort_order=asc&units=lin
CPIAUCNS,2001-12-01,176.69999999999999,2002-01-17T00:00:00Z,2002-01-16,fred-api-v1:query-c24ecc48228d416cec5da646a34f5ebc76a5e76b3d782164c7267a19b77721b3:content-9a74027936cb3ef5f8c48cd0ac207c4a68cc29760bf9f4eb9f45dcce39cbe988,https://api.stlouisfed.org/fred/series/observations?file_type=json&limit=100000&offset=0&output_type=4&realtime_end=2026-09-01&realtime_start=1776-07-04&series_id=CPIAUCNS&sort_order=asc&units=lin
CPIAUCNS,2002-01-01,177.09999999999999,2002-02-21T00:00:00Z,2002-02-20,fred-api-v1:query-c24ecc48228d416cec5da646a34f5ebc76a5e76b3d782164c7267a19b77721b3:content-9a74027936cb3ef5f8c48cd0ac207c4a68cc29760bf9f4eb9f45dcce39cbe988,https://api.stlouisfed.org/fred/series/observations?file_type=json&limit=100000&offset=0&output_type=4&realtime_end=2026-09-01&realtime_start=1776-07-04&series_id=CPIAUCNS&sort_order=asc&units=lin
CPIAUCNS,2002-02-01,177.80000000000001,2002-03-22T00:00:00Z,2002-03-21,fred-api-v1:query-c24ecc48228d416cec5da646a34f5ebc76a5e76b3d782164c7267a19b77721b3:content-9a74027936cb3ef5f8c48cd0ac207c4a68cc29760bf9f4eb9f45dcce39cbe988,https://api.stlouisfed.org/fred/series/observations?file_type=json&limit=100000&offset=0&output_type=4&realtime_end=2026-09-01&realtime_start=1776-07-04&series_id=CPIAUCNS&sort_order=asc&units=lin
CPIAUCNS,2002-03-01,178.80000000000001,2002-04-17T00:00:00Z,2002-04-16,fred-api-v1:query-c24ecc48228d416cec5da646a34f5ebc76a5e76b3d782164c7267a19b77721b3:content-9a74027936cb3ef5f8c48cd0ac207c4a68cc29760bf9f4eb9f45dcce39cbe988,https://api.stlouisfed.org/fred/series/observations?file_type=json&limit=100000&offset=0&output_type=4&realtime_end=2026-09-01&realtime_start=1776-07-04&series_id=CPIAUCNS&sort_order=asc&units=lin
CPIAUCNS,2002-04-01,179.80000000000001,2002-05-16T00:00:00Z,2002-05-15,fred-api-v1:query-c24ecc48228d416cec5da646a34f5ebc76a5e76b3d782164c7267a19b77721b3:content-9a74027936cb3ef5f8c48cd0ac207c4a68cc29760bf9f4eb9f45dcce39cbe988,https://api.stlouisfed.org/fred/series/observations?file_type=json&limit=100000&offset=0&output_type=4&realtime_end=2026-09-01&realtime_start=1776-07-04&series_id=CPIAUCNS&sort_order=asc&units=lin
CPIAUCNS,2002-05-01,179.80000000000001,2002-06-19T00:00:00Z,2002-06-18,fred-api-v1:query-c24ecc48228d416cec5da646a34f5ebc76a5e76b3d782164c7267a19b77721b3:content-9a74027936cb3ef5f8c48cd0ac207c4a68cc29760bf9f4eb9f45dcce39cbe988,https://api.stlouisfed.org/fred/series/observations?file_type=json&limit=100000&offset=0&output_type=4&realtime_end=2026-09-01&realtime_start=1776-07-04&series_id=CPIAUCNS&sort_order=asc&units=lin
CPIAUCNS,2002-06-01,179.90000000000001,2002-07-20T00:00:00Z,2002-07-19,fred-api-v1:query-c24ecc48228d416cec5da646a34f5ebc76a5e76b3d782164c7267a19b77721b3:content-9a74027936cb3ef5f8c48cd0ac207c4a68cc29760bf9f4eb9f45dcce39cbe988,https://api.stlouisfed.org/fred/series/observations?file_type=json&limit=100000&offset=0&output_type=4&realtime_end=2026-09-01&realtime_start=1776-07-04&series_id=CPIAUCNS&sort_order=asc&units=lin
CPIAUCNS,2002-07-01,180.09999999999999,2002-08-17T00:00:00Z,2002-08-16,fred-api-v1:query-c24ecc48228d416cec5da646a34f5ebc76a5e76b3d782164c7267a19b77721b3:content-9a74027936cb3ef5f8c48cd0ac207c4a68cc29760bf9f4eb9f45dcce39cbe988,https://api.stlouisfed.org/fred/series/observations?file_type=json&limit=100000&offset=0&output_type=4&realtime_end=2026-09-01&realtime_start=1776-07-04&series_id=CPIAUCNS&sort_order=asc&units=lin
CPIAUCNS,2002-08-01,180.69999999999999,2002-09-19T00:00:00Z,2002-09-18,fred-api-v1:query-c24ecc48228d416cec5da646a34f5ebc76a5e76b3d782164c7267a19b77721b3:content-9a74027936cb3ef5f8c48cd0ac207c4a68cc29760bf9f4eb9f45dcce39cbe988,https://api.stlouisfed.org/fred/series/observations?file_type=json&limit=100000&offset=0&output_type=4&realtime_end=2026-09-01&realtime_start=1776-07-04&series_id=CPIAUCNS&sort_order=asc&units=lin
CPIAUCNS,2002-09-01,181,2002-10-19T00:00:00Z,2002-10-18,fred-api-v1:query-c24ecc48228d416cec5da646a34f5ebc76a5e76b3d782164c7267a19b77721b3:content-9a74027936cb3ef5f8c48cd0ac207c4a68cc29760bf9f4eb9f45dcce39cbe988,https://api.stlouisfed.org/fred/series/observations?file_type=json&limit=100000&offset=0&output_type=4&realtime_end=2026-09-01&realtime_start=1776-07-04&series_id=CPIAUCNS&sort_order=asc&units=lin
CPIAUCNS,2002-10-01,181.30000000000001,2002-11-20T00:00:00Z,2002-11-19,fred-api-v1:query-c24ecc48228d416cec5da646a34f5ebc76a5e76b3d782164c7267a19b77721b3:content-9a74027936cb3ef5f8c48cd0ac207c4a68cc29760bf9f4eb9f45dcce39cbe988,https://api.stlouisfed.org/fred/series/observations?file_type=json&limit=100000&offset=0&output_type=4&realtime_end=2026-09-01&realtime_start=1776-07-04&series_id=CPIAUCNS&sort_order=asc&units=lin
CPIAUCNS,2002-11-01,181.30000000000001,2002-12-18T00:00:00Z,2002-12-17,fred-api-v1:query-c24ecc48228d416cec5da646a34f5ebc76a5e76b3d782164c7267a19b77721b3:content-9a74027936cb3ef5f8c48cd0ac207c4a68cc29760bf9f4eb9f45dcce39cbe988,https://api.stlouisfed.org/fred/series/observations?file_type=json&limit=100000&offset=0&output_type=4&realtime_end=2026-09-01&realtime_start=1776-07-04&series_id=CPIAUCNS&sort_order=asc&units=lin
CPIAUCNS,2002-12-01,180.90000000000001,2003-01-17T00:00:00Z,2003-01-16,fred-api-v1:query-c24ecc48228d416cec5da646a34f5ebc76a5e76b3d782164c7267a19b77721b3:content-9a74027936cb3ef5f8c48cd0ac207c4a68cc29760bf9f4eb9f45dcce39cbe988,https://api.stlouisfed.org/fred/series/observations?file_type=json&limit=100000&offset=0&output_type=4&realtime_end=2026-09-01&realtime_start=1776-07-04&series_id=CPIAUCNS&sort_order=asc&units=lin
CPIAUCNS,2003-01-01,181.69999999999999,2003-02-22T00:00:00Z,2003-02-21,fred-api-v1:query-c24ecc48228d416cec5da646a34f5ebc76a5e76b3d782164c7267a19b77721b3:content-9a74027936cb3ef5f8c48cd0ac207c4a68cc29760bf9f4eb9f45dcce39cbe988,https://api.stlouisfed.org/fred/series/observations?file_type=json&limit=100000&offset=0&output_type=4&realtime_end=2026-09-01&realtime_start=1776-07-04&series_id=CPIAUCNS&sort_order=asc&units=lin
CPIAUCNS,2003-02-01,183.09999999999999,2003-03-22T00:00:00Z,2003-03-21,fred-api-v1:query-c24ecc48228d416cec5da646a34f5ebc76a5e76b3d782164c7267a19b77721b3:content-9a74027936cb3ef5f8c48cd0ac207c4a68cc29760bf9f4eb9f45dcce39cbe988,https://api.stlouisfed.org/fred/series/observations?file_type=json&limit=100000&offset=0&output_type=4&realtime_end=2026-09-01&realtime_start=1776-07-04&series_id=CPIAUCNS&sort_order=asc&units=lin
CPIAUCNS,2003-03-01,184.19999999999999,2003-04-17T00:00:00Z,2003-04-16,fred-api-v1:query-c24ecc48228d416cec5da646a34f5ebc76a5e76b3d782164c7267a19b77721b3:content-9a74027936cb3ef5f8c48cd0ac207c4a68cc29760bf9f4eb9f45dcce39cbe988,https://api.stlouisfed.org/fred/series/observations?file_type=json&limit=100000&offset=0&output_type=4&realtime_end=2026-09-01&realtime_start=1776-07-04&series_id=CPIAUCNS&sort_order=asc&units=lin
CPIAUCNS,2003-04-01,183.80000000000001,2003-05-17T00:00:00Z,2003-05-16,fred-api-v1:query-c24ecc48228d416cec5da646a34f5ebc76a5e76b3d782164c7267a19b77721b3:content-9a74027936cb3ef5f8c48cd0ac207c4a68cc29760bf9f4eb9f45dcce39cbe988,https://api.stlouisfed.org/fred/series/observations?file_type=json&limit=100000&offset=0&output_type=4&realtime_end=2026-09-01&realtime_start=1776-07-04&series_id=CPIAUCNS&sort_order=asc&units=lin
CPIAUCNS,2003-05-01,183.5,2003-06-18T00:00:00Z,2003-06-17,fred-api-v1:query-c24ecc48228d416cec5da646a34f5ebc76a5e76b3d782164c7267a19b77721b3:content-9a74027936cb3ef5f8c48cd0ac207c4a68cc29760bf9f4eb9f45dcce39cbe988,https://api.stlouisfed.org/fred/series/observations?file_type=json&limit=100000&offset=0&output_type=4&realtime_end=2026-09-01&realtime_start=1776-07-04&series_id=CPIAUCNS&sort_order=asc&units=lin
CPIAUCNS,2003-06-01,183.69999999999999,2003-07-17T00:00:00Z,2003-07-16,fred-api-v1:query-c24ecc48228d416cec5da646a34f5ebc76a5e76b3d782164c7267a19b77721b3:content-9a74027936cb3ef5f8c48cd0ac207c4a68cc29760bf9f4eb9f45dcce39cbe988,https://api.stlouisfed.org/fred/series/observations?file_type=json&limit=100000&offset=0&output_type=4&realtime_end=2026-09-01&realtime_start=1776-07-04&series_id=CPIAUCNS&sort_order=asc&units=lin
CPIAUCNS,2003-07-01,183.90000000000001,2003-08-16T00:00:00Z,2003-08-15,fred-api-v1:query-c24ecc48228d416cec5da646a34f5ebc76a5e76b3d782164c7267a19b77721b3:content-9a74027936cb3ef5f8c48cd0ac207c4a68cc29760bf9f4eb9f45dcce39cbe988,https://api.stlouisfed.org/fred/series/observations?file_type=json&limit=100000&offset=0&output_type=4&realtime_end=2026-09-01&realtime_start=1776-07-04&series_id=CPIAUCNS&sort_order=asc&units=lin
CPIAUCNS,2003-08-01,184.59999999999999,2003-09-17T00:00:00Z,2003-09-16,fred-api-v1:query-c24ecc48228d416cec5da646a34f5ebc76a5e76b3d782164c7267a19b77721b3:content-9a74027936cb3ef5f8c48cd0ac207c4a68cc29760bf9f4eb9f45dcce39cbe988,https://api.stlouisfed.org/fred/series/observations?file_type=json&limit=100000&offset=0&output_type=4&realtime_end=2026-09-01&realtime_start=1776-07-04&series_id=CPIAUCNS&sort_order=asc&units=lin
CPIAUCNS,2003-09-01,185.19999999999999,2003-10-17T00:00:00Z,2003-10-16,fred-api-v1:query-c24ecc48228d416cec5da646a34f5ebc76a5e76b3d782164c7267a19b77721b3:content-9a74027936cb3ef5f8c48cd0ac207c4a68cc29760bf9f4eb9f45dcce39cbe988,https://api.stlouisfed.org/fred/series/observations?file_type=json&limit=100000&offset=0&output_type=4&realtime_end=2026-09-01&realtime_start=1776-07-04&series_id=CPIAUCNS&sort_order=asc&units=lin
CPIAUCNS,2003-10-01,185,2003-11-19T00:00:00Z,2003-11-18,fred-api-v1:query-c24ecc48228d416cec5da646a34f5ebc76a5e76b3d782164c7267a19b77721b3:content-9a74027936cb3ef5f8c48cd0ac207c4a68cc29760bf9f4eb9f45dcce39cbe988,https://api.stlouisfed.org/fred/series/observations?file_type=json&limit=100000&offset=0&output_type=4&realtime_end=2026-09-01&realtime_start=1776-07-04&series_id=CPIAUCNS&sort_order=asc&units=lin
CPIAUCNS,2003-11-01,184.5,2003-12-17T00:00:00Z,2003-12-16,fred-api-v1:query-c24ecc48228d416cec5da646a34f5ebc76a5e76b3d782164c7267a19b77721b3:content-9a74027936cb3ef5f8c48cd0ac207c4a68cc29760bf9f4eb9f45dcce39cbe988,https://api.stlouisfed.org/fred/series/observations?file_type=json&limit=100000&offset=0&output_type=4&realtime_end=2026-09-01&realtime_start=1776-07-04&series_id=CPIAUCNS&sort_order=asc&units=lin
CPIAUCNS,2003-12-01,184.30000000000001,2004-01-16T00:00:00Z,2004-01-15,fred-api-v1:query-c24ecc48228d416cec5da646a34f5ebc76a5e76b3d782164c7267a19b77721b3:content-9a74027936cb3ef5f8c48cd0ac207c4a68cc29760bf9f4eb9f45dcce39cbe988,https://api.stlouisfed.org/fred/series/observations?file_type=json&limit=100000&offset=0&output_type=4&realtime_end=2026-09-01&realtime_start=1776-07-04&series_id=CPIAUCNS&sort_order=asc&units=lin
CPIAUCNS,2004-01-01,185.19999999999999,2004-02-21T00:00:00Z,2004-02-20,fred-api-v1:query-c24ecc48228d416cec5da646a34f5ebc76a5e76b3d782164c7267a19b77721b3:content-9a74027936cb3ef5f8c48cd0ac207c4a68cc29760bf9f4eb9f45dcce39cbe988,https://api.stlouisfed.org/fred/series/observations?file_type=json&limit=100000&offset=0&output_type=4&realtime_end=2026-09-01&realtime_start=1776-07-04&series_id=CPIAUCNS&sort_order=asc&units=lin
CPIAUCNS,2004-02-01,186.19999999999999,2004-03-18T00:00:00Z,2004-03-17,fred-api-v1:query-c24ecc48228d416cec5da646a34f5ebc76a5e76b3d782164c7267a19b77721b3:content-9a74027936cb3ef5f8c48cd0ac207c4a68cc29760bf9f4eb9f45dcce39cbe988,https://api.stlouisfed.org/fred/series/observations?file_type=json&limit=100000&offset=0&output_type=4&realtime_end=2026-09-01&realtime_start=1776-07-04&series_id=CPIAUCNS&sort_order=asc&units=lin
CPIAUCNS,2004-03-01,187.40000000000001,2004-04-15T00:00:00Z,2004-04-14,fred-api-v1:query-c24ecc48228d416cec5da646a34f5ebc76a5e76b3d782164c7267a19b77721b3:content-9a74027936cb3ef5f8c48cd0ac207c4a68cc29760bf9f4eb9f45dcce39cbe988,https://api.stlouisfed.org/fred/series/observations?file_type=json&limit=100000&offset=0&output_type=4&realtime_end=2026-09-01&realtime_start=1776-07-04&series_id=CPIAUCNS&sort_order=asc&units=lin
CPIAUCNS,2004-04-01,188,2004-05-15T00:00:00Z,2004-05-14,fred-api-v1:query-c24ecc48228d416cec5da646a34f5ebc76a5e76b3d782164c7267a19b77721b3:content-9a74027936cb3ef5f8c48cd0ac207c4a68cc29760bf9f4eb9f45dcce39cbe988,https://api.stlouisfed.org/fred/series/observations?file_type=json&limit=100000&offset=0&output_type=4&realtime_end=2026-09-01&realtime_start=1776-07-04&series_id=CPIAUCNS&sort_order=asc&units=lin
CPIAUCNS,2004-05-01,189.09999999999999,2004-06-16T00:00:00Z,2004-06-15,fred-api-v1:query-c24ecc48228d416cec5da646a34f5ebc76a5e76b3d782164c7267a19b77721b3:content-9a74027936cb3ef5f8c48cd0ac207c4a68cc29760bf9f4eb9f45dcce39cbe988,https://api.stlouisfed.org/fred/series/observations?file_type=json&limit=100000&offset=0&output_type=4&realtime_end=2026-09-01&realtime_start=1776-07-04&series_id=CPIAUCNS&sort_order=asc&units=lin
CPIAUCNS,2004-06-01,189.69999999999999,2004-07-17T00:00:00Z,2004-07-16,fred-api-v1:query-c24ecc48228d416cec5da646a34f5ebc76a5e76b3d782164c7267a19b77721b3:content-9a74027936cb3ef5f8c48cd0ac207c4a68cc29760bf9f4eb9f45dcce39cbe988,https://api.stlouisfed.org/fred/series/observations?file_type=json&limit=100000&offset=0&output_type=4&realtime_end=2026-09-01&realtime_start=1776-07-04&series_id=CPIAUCNS&sort_order=asc&units=lin
CPIAUCNS,2004-07-01,189.40000000000001,2004-08-18T00:00:00Z,2004-08-17,fred-api-v1:query-c24ecc48228d416cec5da646a34f5ebc76a5e76b3d782164c7267a19b77721b3:content-9a74027936cb3ef5f8c48cd0ac207c4a68cc29760bf9f4eb9f45dcce39cbe988,https://api.stlouisfed.org/fred/series/observations?file_type=json&limit=100000&offset=0&output_type=4&realtime_end=2026-09-01&realtime_start=1776-07-04&series_id=CPIAUCNS&sort_order=asc&units=lin
CPIAUCNS,2004-08-01,189.5,2004-09-17T00:00:00Z,2004-09-16,fred-api-v1:query-c24ecc48228d416cec5da646a34f5ebc76a5e76b3d782164c7267a19b77721b3:content-9a74027936cb3ef5f8c48cd0ac207c4a68cc29760bf9f4eb9f45dcce39cbe988,https://api.stlouisfed.org/fred/series/observations?file_type=json&limit=100000&offset=0&output_type=4&realtime_end=2026-09-01&realtime_start=1776-07-04&series_id=CPIAUCNS&sort_order=asc&units=lin
CPIAUCNS,2004-09-01,189.90000000000001,2004-10-20T00:00:00Z,2004-10-19,fred-api-v1:query-c24ecc48228d416cec5da646a34f5ebc76a5e76b3d782164c7267a19b77721b3:content-9a74027936cb3ef5f8c48cd0ac207c4a68cc29760bf9f4eb9f45dcce39cbe988,https://api.stlouisfed.org/fred/series/observations?file_type=json&limit=100000&offset=0&output_type=4&realtime_end=2026-09-01&realtime_start=1776-07-04&series_id=CPIAUCNS&sort_order=asc&units=lin
CPIAUCNS,2004-10-01,190.90000000000001,2004-11-18T00:00:00Z,2004-11-17,fred-api-v1:query-c24ecc48228d416cec5da646a34f5ebc76a5e76b3d782164c7267a19b77721b3:content-9a74027936cb3ef5f8c48cd0ac207c4a68cc29760bf9f4eb9f45dcce39cbe988,https://api.stlouisfed.org/fred/series/observations?file_type=json&limit=100000&offset=0&output_type=4&realtime_end=2026-09-01&realtime_start=1776-07-04&series_id=CPIAUCNS&sort_order=asc&units=lin
CPIAUCNS,2004-11-01,191,2004-12-18T00:00:00Z,2004-12-17,fred-api-v1:query-c24ecc48228d416cec5da646a34f5ebc76a5e76b3d782164c7267a19b77721b3:content-9a74027936cb3ef5f8c48cd0ac207c4a68cc29760bf9f4eb9f45dcce39cbe988,https://api.stlouisfed.org/fred/series/observations?file_type=json&limit=100000&offset=0&output_type=4&realtime_end=2026-09-01&realtime_start=1776-07-04&series_id=CPIAUCNS&sort_order=asc&units=lin
CPIAUCNS,2004-12-01,190.30000000000001,2005-01-20T00:00:00Z,2005-01-19,fred-api-v1:query-c24ecc48228d416cec5da646a34f5ebc76a5e76b3d782164c7267a19b77721b3:content-9a74027936cb3ef5f8c48cd0ac207c4a68cc29760bf9f4eb9f45dcce39cbe988,https://api.stlouisfed.org/fred/series/observations?file_type=json&limit=100000&offset=0&output_type=4&realtime_end=2026-09-01&realtime_start=1776-07-04&series_id=CPIAUCNS&sort_order=asc&units=lin
CPIAUCNS,2005-01-01,190.69999999999999,2005-02-24T00:00:00Z,2005-02-23,fred-api-v1:query-c24ecc48228d416cec5da646a34f5ebc76a5e76b3d782164c7267a19b77721b3:content-9a74027936cb3ef5f8c48cd0ac207c4a68cc29760bf9f4eb9f45dcce39cbe988,https://api.stlouisfed.org/fred/series/observations?file_type=json&limit=100000&offset=0&output_type=4&realtime_end=2026-09-01&realtime_start=1776-07-04&series_id=CPIAUCNS&sort_order=asc&units=lin
CPIAUCNS,2005-02-01,191.80000000000001,2005-03-24T00:00:00Z,2005-03-23,fred-api-v1:query-c24ecc48228d416cec5da646a34f5ebc76a5e76b3d782164c7267a19b77721b3:content-9a74027936cb3ef5f8c48cd0ac207c4a68cc29760bf9f4eb9f45dcce39cbe988,https://api.stlouisfed.org/fred/series/observations?file_type=json&limit=100000&offset=0&output_type=4&realtime_end=2026-09-01&realtime_start=1776-07-04&series_id=CPIAUCNS&sort_order=asc&units=lin
CPIAUCNS,2005-03-01,193.30000000000001,2005-04-21T00:00:00Z,2005-04-20,fred-api-v1:query-c24ecc48228d416cec5da646a34f5ebc76a5e76b3d782164c7267a19b77721b3:content-9a74027936cb3ef5f8c48cd0ac207c4a68cc29760bf9f4eb9f45dcce39cbe988,https://api.stlouisfed.org/fred/series/observations?file_type=json&limit=100000&offset=0&output_type=4&realtime_end=2026-09-01&realtime_start=1776-07-04&series_id=CPIAUCNS&sort_order=asc&units=lin
CPIAUCNS,2005-04-01,194.59999999999999,2005-05-19T00:00:00Z,2005-05-18,fred-api-v1:query-c24ecc48228d416cec5da646a34f5ebc76a5e76b3d782164c7267a19b77721b3:content-9a74027936cb3ef5f8c48cd0ac207c4a68cc29760bf9f4eb9f45dcce39cbe988,https://api.stlouisfed.org/fred/series/observations?file_type=json&limit=100000&offset=0&output_type=4&realtime_end=2026-09-01&realtime_start=1776-07-04&series_id=CPIAUCNS&sort_order=asc&units=lin
CPIAUCNS,2005-05-01,194.40000000000001,2005-06-16T00:00:00Z,2005-06-15,fred-api-v1:query-c24ecc48228d416cec5da646a34f5ebc76a5e76b3d782164c7267a19b77721b3:content-9a74027936cb3ef5f8c48cd0ac207c4a68cc29760bf9f4eb9f45dcce39cbe988,https://api.stlouisfed.org/fred/series/observations?file_type=json&limit=100000&offset=0&output_type=4&realtime_end=2026-09-01&realtime_start=1776-07-04&series_id=CPIAUCNS&sort_order=asc&units=lin
CPIAUCNS,2005-06-01,194.5,2005-07-15T00:00:00Z,2005-07-14,fred-api-v1:query-c24ecc48228d416cec5da646a34f5ebc76a5e76b3d782164c7267a19b77721b3:content-9a74027936cb3ef5f8c48cd0ac207c4a68cc29760bf9f4eb9f45dcce39cbe988,https://api.stlouisfed.org/fred/series/observations?file_type=json&limit=100000&offset=0&output_type=4&realtime_end=2026-09-01&realtime_start=1776-07-04&series_id=CPIAUCNS&sort_order=asc&units=lin
CPIAUCNS,2005-07-01,195.40000000000001,2005-08-17T00:00:00Z,2005-08-16,fred-api-v1:query-c24ecc48228d416cec5da646a34f5ebc76a5e76b3d782164c7267a19b77721b3:content-9a74027936cb3ef5f8c48cd0ac207c4a68cc29760bf9f4eb9f45dcce39cbe988,https://api.stlouisfed.org/fred/series/observations?file_type=json&limit=100000&offset=0&output_type=4&realtime_end=2026-09-01&realtime_start=1776-07-04&series_id=CPIAUCNS&sort_order=asc&units=lin
CPIAUCNS,2005-08-01,196.40000000000001,2005-09-16T00:00:00Z,2005-09-15,fred-api-v1:query-c24ecc48228d416cec5da646a34f5ebc76a5e76b3d782164c7267a19b77721b3:content-9a74027936cb3ef5f8c48cd0ac207c4a68cc29760bf9f4eb9f45dcce39cbe988,https://api.stlouisfed.org/fred/series/observations?file_type=json&limit=100000&offset=0&output_type=4&realtime_end=2026-09-01&realtime_start=1776-07-04&series_id=CPIAUCNS&sort_order=asc&units=lin
CPIAUCNS,2005-09-01,198.80000000000001,2005-10-15T00:00:00Z,2005-10-14,fred-api-v1:query-c24ecc48228d416cec5da646a34f5ebc76a5e76b3d782164c7267a19b77721b3:content-9a74027936cb3ef5f8c48cd0ac207c4a68cc29760bf9f4eb9f45dcce39cbe988,https://api.stlouisfed.org/fred/series/observations?file_type=json&limit=100000&offset=0&output_type=4&realtime_end=2026-09-01&realtime_start=1776-07-04&series_id=CPIAUCNS&sort_order=asc&units=lin
CPIAUCNS,2005-10-01,199.19999999999999,2005-11-17T00:00:00Z,2005-11-16,fred-api-v1:query-c24ecc48228d416cec5da646a34f5ebc76a5e76b3d782164c7267a19b77721b3:content-9a74027936cb3ef5f8c48cd0ac207c4a68cc29760bf9f4eb9f45dcce39cbe988,https://api.stlouisfed.org/fred/series/observations?file_type=json&limit=100000&offset=0&output_type=4&realtime_end=2026-09-01&realtime_start=1776-07-04&series_id=CPIAUCNS&sort_order=asc&units=lin
CPIAUCNS,2005-11-01,197.59999999999999,2005-12-16T00:00:00Z,2005-12-15,fred-api-v1:query-c24ecc48228d416cec5da646a34f5ebc76a5e76b3d782164c7267a19b77721b3:content-9a74027936cb3ef5f8c48cd0ac207c4a68cc29760bf9f4eb9f45dcce39cbe988,https://api.stlouisfed.org/fred/series/observations?file_type=json&limit=100000&offset=0&output_type=4&realtime_end=2026-09-01&realtime_start=1776-07-04&series_id=CPIAUCNS&sort_order=asc&units=lin
CPIAUCNS,2005-12-01,196.80000000000001,2006-01-19T00:00:00Z,2006-01-18,fred-api-v1:query-c24ecc48228d416cec5da646a34f5ebc76a5e76b3d782164c7267a19b77721b3:content-9a74027936cb3ef5f8c48cd0ac207c4a68cc29760bf9f4eb9f45dcce39cbe988,https://api.stlouisfed.org/fred/series/observations?file_type=json&limit=100000&offset=0&output_type=4&realtime_end=2026-09-01&realtime_start=1776-07-04&series_id=CPIAUCNS&sort_order=asc&units=lin
CPIAUCNS,2006-01-01,198.30000000000001,2006-02-23T00:00:00Z,2006-02-22,fred-api-v1:query-c24ecc48228d416cec5da646a34f5ebc76a5e76b3d782164c7267a19b77721b3:content-9a74027936cb3ef5f8c48cd0ac207c4a68cc29760bf9f4eb9f45dcce39cbe988,https://api.stlouisfed.org/fred/series/observations?file_type=json&limit=100000&offset=0&output_type=4&realtime_end=2026-09-01&realtime_start=1776-07-04&series_id=CPIAUCNS&sort_order=asc&units=lin
CPIAUCNS,2006-02-01,198.69999999999999,2006-03-17T00:00:00Z,2006-03-16,fred-api-v1:query-c24ecc48228d416cec5da646a34f5ebc76a5e76b3d782164c7267a19b77721b3:content-9a74027936cb3ef5f8c48cd0ac207c4a68cc29760bf9f4eb9f45dcce39cbe988,https://api.stlouisfed.org/fred/series/observations?file_type=json&limit=100000&offset=0&output_type=4&realtime_end=2026-09-01&realtime_start=1776-07-04&series_id=CPIAUCNS&sort_order=asc&units=lin
CPIAUCNS,2006-03-01,199.80000000000001,2006-04-20T00:00:00Z,2006-04-19,fred-api-v1:query-c24ecc48228d416cec5da646a34f5ebc76a5e76b3d782164c7267a19b77721b3:content-9a74027936cb3ef5f8c48cd0ac207c4a68cc29760bf9f4eb9f45dcce39cbe988,https://api.stlouisfed.org/fred/series/observations?file_type=json&limit=100000&offset=0&output_type=4&realtime_end=2026-09-01&realtime_start=1776-07-04&series_id=CPIAUCNS&sort_order=asc&units=lin
CPIAUCNS,2006-04-01,201.5,2006-05-18T00:00:00Z,2006-05-17,fred-api-v1:query-c24ecc48228d416cec5da646a34f5ebc76a5e76b3d782164c7267a19b77721b3:content-9a74027936cb3ef5f8c48cd0ac207c4a68cc29760bf9f4eb9f45dcce39cbe988,https://api.stlouisfed.org/fred/series/observations?file_type=json&limit=100000&offset=0&output_type=4&realtime_end=2026-09-01&realtime_start=1776-07-04&series_id=CPIAUCNS&sort_order=asc&units=lin
CPIAUCNS,2006-05-01,202.5,2006-06-15T00:00:00Z,2006-06-14,fred-api-v1:query-c24ecc48228d416cec5da646a34f5ebc76a5e76b3d782164c7267a19b77721b3:content-9a74027936cb3ef5f8c48cd0ac207c4a68cc29760bf9f4eb9f45dcce39cbe988,https://api.stlouisfed.org/fred/series/observations?file_type=json&limit=100000&offset=0&output_type=4&realtime_end=2026-09-01&realtime_start=1776-07-04&series_id=CPIAUCNS&sort_order=asc&units=lin
CPIAUCNS,2006-06-01,202.90000000000001,2006-07-20T00:00:00Z,2006-07-19,fred-api-v1:query-c24ecc48228d416cec5da646a34f5ebc76a5e76b3d782164c7267a19b77721b3:content-9a74027936cb3ef5f8c48cd0ac207c4a68cc29760bf9f4eb9f45dcce39cbe988,https://api.stlouisfed.org/fred/series/observations?file_type=json&limit=100000&offset=0&output_type=4&realtime_end=2026-09-01&realtime_start=1776-07-04&series_id=CPIAUCNS&sort_order=asc&units=lin
CPIAUCNS,2006-07-01,203.5,2006-08-17T00:00:00Z,2006-08-16,fred-api-v1:query-c24ecc48228d416cec5da646a34f5ebc76a5e76b3d782164c7267a19b77721b3:content-9a74027936cb3ef5f8c48cd0ac207c4a68cc29760bf9f4eb9f45dcce39cbe988,https://api.stlouisfed.org/fred/series/observations?file_type=json&limit=100000&offset=0&output_type=4&realtime_end=2026-09-01&realtime_start=1776-07-04&series_id=CPIAUCNS&sort_order=asc&units=lin
CPIAUCNS,2006-08-01,203.90000000000001,2006-09-16T00:00:00Z,2006-09-15,fred-api-v1:query-c24ecc48228d416cec5da646a34f5ebc76a5e76b3d782164c7267a19b77721b3:content-9a74027936cb3ef5f8c48cd0ac207c4a68cc29760bf9f4eb9f45dcce39cbe988,https://api.stlouisfed.org/fred/series/observations?file_type=json&limit=100000&offset=0&output_type=4&realtime_end=2026-09-01&realtime_start=1776-07-04&series_id=CPIAUCNS&sort_order=asc&units=lin
CPIAUCNS,2006-09-01,202.90000000000001,2006-10-19T00:00:00Z,2006-10-18,fred-api-v1:query-c24ecc48228d416cec5da646a34f5ebc76a5e76b3d782164c7267a19b77721b3:content-9a74027936cb3ef5f8c48cd0ac207c4a68cc29760bf9f4eb9f45dcce39cbe988,https://api.stlouisfed.org/fred/series/observations?file_type=json&limit=100000&offset=0&output_type=4&realtime_end=2026-09-01&realtime_start=1776-07-04&series_id=CPIAUCNS&sort_order=asc&units=lin
CPIAUCNS,2006-10-01,201.80000000000001,2006-11-17T00:00:00Z,2006-11-16,fred-api-v1:query-c24ecc48228d416cec5da646a34f5ebc76a5e76b3d782164c7267a19b77721b3:content-9a74027936cb3ef5f8c48cd0ac207c4a68cc29760bf9f4eb9f45dcce39cbe988,https://api.stlouisfed.org/fred/series/observations?file_type=json&limit=100000&offset=0&output_type=4&realtime_end=2026-09-01&realtime_start=1776-07-04&series_id=CPIAUCNS&sort_order=asc&units=lin
CPIAUCNS,2006-11-01,201.5,2006-12-16T00:00:00Z,2006-12-15,fred-api-v1:query-c24ecc48228d416cec5da646a34f5ebc76a5e76b3d782164c7267a19b77721b3:content-9a74027936cb3ef5f8c48cd0ac207c4a68cc29760bf9f4eb9f45dcce39cbe988,https://api.stlouisfed.org/fred/series/observations?file_type=json&limit=100000&offset=0&output_type=4&realtime_end=2026-09-01&realtime_start=1776-07-04&series_id=CPIAUCNS&sort_order=asc&units=lin
CPIAUCNS,2006-12-01,201.80000000000001,2007-01-19T00:00:00Z,2007-01-18,fred-api-v1:query-c24ecc48228d416cec5da646a34f5ebc76a5e76b3d782164c7267a19b77721b3:content-9a74027936cb3ef5f8c48cd0ac207c4a68cc29760bf9f4eb9f45dcce39cbe988,https://api.stlouisfed.org/fred/series/observations?file_type=json&limit=100000&offset=0&output_type=4&realtime_end=2026-09-01&realtime_start=1776-07-04&series_id=CPIAUCNS&sort_order=asc&units=lin
CPIAUCNS,2007-01-01,202.416,2007-02-22T00:00:00Z,2007-02-21,fred-api-v1:query-c24ecc48228d416cec5da646a34f5ebc76a5e76b3d782164c7267a19b77721b3:content-9a74027936cb3ef5f8c48cd0ac207c4a68cc29760bf9f4eb9f45dcce39cbe988,https://api.stlouisfed.org/fred/series/observations?file_type=json&limit=100000&offset=0&output_type=4&realtime_end=2026-09-01&realtime_start=1776-07-04&series_id=CPIAUCNS&sort_order=asc&units=lin
CPIAUCNS,2007-02-01,203.499,2007-03-17T00:00:00Z,2007-03-16,fred-api-v1:query-c24ecc48228d416cec5da646a34f5ebc76a5e76b3d782164c7267a19b77721b3:content-9a74027936cb3ef5f8c48cd0ac207c4a68cc29760bf9f4eb9f45dcce39cbe988,https://api.stlouisfed.org/fred/series/observations?file_type=json&limit=100000&offset=0&output_type=4&realtime_end=2026-09-01&realtime_start=1776-07-04&series_id=CPIAUCNS&sort_order=asc&units=lin
CPIAUCNS,2007-03-01,205.352,2007-04-18T00:00:00Z,2007-04-17,fred-api-v1:query-c24ecc48228d416cec5da646a34f5ebc76a5e76b3d782164c7267a19b77721b3:content-9a74027936cb3ef5f8c48cd0ac207c4a68cc29760bf9f4eb9f45dcce39cbe988,https://api.stlouisfed.org/fred/series/observations?file_type=json&limit=100000&offset=0&output_type=4&realtime_end=2026-09-01&realtime_start=1776-07-04&series_id=CPIAUCNS&sort_order=asc&units=lin
CPIAUCNS,2007-04-01,206.68600000000001,2007-05-16T00:00:00Z,2007-05-15,fred-api-v1:query-c24ecc48228d416cec5da646a34f5ebc76a5e76b3d782164c7267a19b77721b3:content-9a74027936cb3ef5f8c48cd0ac207c4a68cc29760bf9f4eb9f45dcce39cbe988,https://api.stlouisfed.org/fred/series/observations?file_type=json&limit=100000&offset=0&output_type=4&realtime_end=2026-09-01&realtime_start=1776-07-04&series_id=CPIAUCNS&sort_order=asc&units=lin
CPIAUCNS,2007-05-01,207.94900000000001,2007-06-16T00:00:00Z,2007-06-15,fred-api-v1:query-c24ecc48228d416cec5da646a34f5ebc76a5e76b3d782164c7267a19b77721b3:content-9a74027936cb3ef5f8c48cd0ac207c4a68cc29760bf9f4eb9f45dcce39cbe988,https://api.stlouisfed.org/fred/series/observations?file_type=json&limit=100000&offset=0&output_type=4&realtime_end=2026-09-01&realtime_start=1776-07-04&series_id=CPIAUCNS&sort_order=asc&units=lin
CPIAUCNS,2007-06-01,208.352,2007-07-19T00:00:00Z,2007-07-18,fred-api-v1:query-c24ecc48228d416cec5da646a34f5ebc76a5e76b3d782164c7267a19b77721b3:content-9a74027936cb3ef5f8c48cd0ac207c4a68cc29760bf9f4eb9f45dcce39cbe988,https://api.stlouisfed.org/fred/series/observations?file_type=json&limit=100000&offset=0&output_type=4&realtime_end=2026-09-01&realtime_start=1776-07-04&series_id=CPIAUCNS&sort_order=asc&units=lin
CPIAUCNS,2007-07-01,208.29900000000001,2007-08-16T00:00:00Z,2007-08-15,fred-api-v1:query-c24ecc48228d416cec5da646a34f5ebc76a5e76b3d782164c7267a19b77721b3:content-9a74027936cb3ef5f8c48cd0ac207c4a68cc29760bf9f4eb9f45dcce39cbe988,https://api.stlouisfed.org/fred/series/observations?file_type=json&limit=100000&offset=0&output_type=4&realtime_end=2026-09-01&realtime_start=1776-07-04&series_id=CPIAUCNS&sort_order=asc&units=lin
CPIAUCNS,2007-08-01,207.917,2007-09-20T00:00:00Z,2007-09-19,fred-api-v1:query-c24ecc48228d416cec5da646a34f5ebc76a5e76b3d782164c7267a19b77721b3:content-9a74027936cb3ef5f8c48cd0ac207c4a68cc29760bf9f4eb9f45dcce39cbe988,https://api.stlouisfed.org/fred/series/observations?file_type=json&limit=100000&offset=0&output_type=4&realtime_end=2026-09-01&realtime_start=1776-07-04&series_id=CPIAUCNS&sort_order=asc&units=lin
CPIAUCNS,2007-09-01,208.49000000000001,2007-10-18T00:00:00Z,2007-10-17,fred-api-v1:query-c24ecc48228d416cec5da646a34f5ebc76a5e76b3d782164c7267a19b77721b3:content-9a74027936cb3ef5f8c48cd0ac207c4a68cc29760bf9f4eb9f45dcce39cbe988,https://api.stlouisfed.org/fred/series/observations?file_type=json&limit=100000&offset=0&output_type=4&realtime_end=2026-09-01&realtime_start=1776-07-04&series_id=CPIAUCNS&sort_order=asc&units=lin
CPIAUCNS,2007-10-01,208.93600000000001,2007-11-16T00:00:00Z,2007-11-15,fred-api-v1:query-c24ecc48228d416cec5da646a34f5ebc76a5e76b3d782164c7267a19b77721b3:content-9a74027936cb3ef5f8c48cd0ac207c4a68cc29760bf9f4eb9f45dcce39cbe988,https://api.stlouisfed.org/fred/series/observations?file_type=json&limit=100000&offset=0&output_type=4&realtime_end=2026-09-01&realtime_start=1776-07-04&series_id=CPIAUCNS&sort_order=asc&units=lin
CPIAUCNS,2007-11-01,210.17699999999999,2007-12-15T00:00:00Z,2007-12-14,fred-api-v1:query-c24ecc48228d416cec5da646a34f5ebc76a5e76b3d782164c7267a19b77721b3:content-9a74027936cb3ef5f8c48cd0ac207c4a68cc29760bf9f4eb9f45dcce39cbe988,https://api.stlouisfed.org/fred/series/observations?file_type=json&limit=100000&offset=0&output_type=4&realtime_end=2026-09-01&realtime_start=1776-07-04&series_id=CPIAUCNS&sort_order=asc&units=lin
CPIAUCNS,2007-12-01,210.036,2008-01-17T00:00:00Z,2008-01-16,fred-api-v1:query-c24ecc48228d416cec5da646a34f5ebc76a5e76b3d782164c7267a19b77721b3:content-9a74027936cb3ef5f8c48cd0ac207c4a68cc29760bf9f4eb9f45dcce39cbe988,https://api.stlouisfed.org/fred/series/observations?file_type=json&limit=100000&offset=0&output_type=4&realtime_end=2026-09-01&realtime_start=1776-07-04&series_id=CPIAUCNS&sort_order=asc&units=lin
CPIAUCNS,2008-01-01,211.08000000000001,2008-02-21T00:00:00Z,2008-02-20,fred-api-v1:query-c24ecc48228d416cec5da646a34f5ebc76a5e76b3d782164c7267a19b77721b3:content-9a74027936cb3ef5f8c48cd0ac207c4a68cc29760bf9f4eb9f45dcce39cbe988,https://api.stlouisfed.org/fred/series/observations?file_type=json&limit=100000&offset=0&output_type=4&realtime_end=2026-09-01&realtime_start=1776-07-04&series_id=CPIAUCNS&sort_order=asc&units=lin
CPIAUCNS,2008-02-01,211.69300000000001,2008-03-15T00:00:00Z,2008-03-14,fred-api-v1:query-c24ecc48228d416cec5da646a34f5ebc76a5e76b3d782164c7267a19b77721b3:content-9a74027936cb3ef5f8c48cd0ac207c4a68cc29760bf9f4eb9f45dcce39cbe988,https://api.stlouisfed.org/fred/series/observations?file_type=json&limit=100000&offset=0&output_type=4&realtime_end=2026-09-01&realtime_start=1776-07-04&series_id=CPIAUCNS&sort_order=asc&units=lin
CPIAUCNS,2008-03-01,213.52799999999999,2008-04-17T00:00:00Z,2008-04-16,fred-api-v1:query-c24ecc48228d416cec5da646a34f5ebc76a5e76b3d782164c7267a19b77721b3:content-9a74027936cb3ef5f8c48cd0ac207c4a68cc29760bf9f4eb9f45dcce39cbe988,https://api.stlouisfed.org/fred/series/observations?file_type=json&limit=100000&offset=0&output_type=4&realtime_end=2026-09-01&realtime_start=1776-07-04&series_id=CPIAUCNS&sort_order=asc&units=lin
CPIAUCNS,2008-04-01,214.82300000000001,2008-05-15T00:00:00Z,2008-05-14,fred-api-v1:query-c24ecc48228d416cec5da646a34f5ebc76a5e76b3d782164c7267a19b77721b3:content-9a74027936cb3ef5f8c48cd0ac207c4a68cc29760bf9f4eb9f45dcce39cbe988,https://api.stlouisfed.org/fred/series/observations?file_type=json&limit=100000&offset=0&output_type=4&realtime_end=2026-09-01&realtime_start=1776-07-04&series_id=CPIAUCNS&sort_order=asc&units=lin
CPIAUCNS,2008-05-01,216.63200000000001,2008-06-14T00:00:00Z,2008-06-13,fred-api-v1:query-c24ecc48228d416cec5da646a34f5ebc76a5e76b3d782164c7267a19b77721b3:content-9a74027936cb3ef5f8c48cd0ac207c4a68cc29760bf9f4eb9f45dcce39cbe988,https://api.stlouisfed.org/fred/series/observations?file_type=json&limit=100000&offset=0&output_type=4&realtime_end=2026-09-01&realtime_start=1776-07-04&series_id=CPIAUCNS&sort_order=asc&units=lin
CPIAUCNS,2008-06-01,218.815,2008-07-17T00:00:00Z,2008-07-16,fred-api-v1:query-c24ecc48228d416cec5da646a34f5ebc76a5e76b3d782164c7267a19b77721b3:content-9a74027936cb3ef5f8c48cd0ac207c4a68cc29760bf9f4eb9f45dcce39cbe988,https://api.stlouisfed.org/fred/series/observations?file_type=json&limit=100000&offset=0&output_type=4&realtime_end=2026-09-01&realtime_start=1776-07-04&series_id=CPIAUCNS&sort_order=asc&units=lin
CPIAUCNS,2008-07-01,219.964,2008-08-15T00:00:00Z,2008-08-14,fred-api-v1:query-c24ecc48228d416cec5da646a34f5ebc76a5e76b3d782164c7267a19b77721b3:content-9a74027936cb3ef5f8c48cd0ac207c4a68cc29760bf9f4eb9f45dcce39cbe988,https://api.stlouisfed.org/fred/series/observations?file_type=json&limit=100000&offset=0&output_type=4&realtime_end=2026-09-01&realtime_start=1776-07-04&series_id=CPIAUCNS&sort_order=asc&units=lin
CPIAUCNS,2008-08-01,219.08600000000001,2008-09-17T00:00:00Z,2008-09-16,fred-api-v1:query-c24ecc48228d416cec5da646a34f5ebc76a5e76b3d782164c7267a19b77721b3:content-9a74027936cb3ef5f8c48cd0ac207c4a68cc29760bf9f4eb9f45dcce39cbe988,https://api.stlouisfed.org/fred/series/observations?file_type=json&limit=100000&offset=0&output_type=4&realtime_end=2026-09-01&realtime_start=1776-07-04&series_id=CPIAUCNS&sort_order=asc&units=lin
CPIAUCNS,2008-09-01,218.78299999999999,2008-10-17T00:00:00Z,2008-10-16,fred-api-v1:query-c24ecc48228d416cec5da646a34f5ebc76a5e76b3d782164c7267a19b77721b3:content-9a74027936cb3ef5f8c48cd0ac207c4a68cc29760bf9f4eb9f45dcce39cbe988,https://api.stlouisfed.org/fred/series/observations?file_type=json&limit=100000&offset=0&output_type=4&realtime_end=2026-09-01&realtime_start=1776-07-04&series_id=CPIAUCNS&sort_order=asc&units=lin
CPIAUCNS,2008-10-01,216.57300000000001,2008-11-20T00:00:00Z,2008-11-19,fred-api-v1:query-c24ecc48228d416cec5da646a34f5ebc76a5e76b3d782164c7267a19b77721b3:content-9a74027936cb3ef5f8c48cd0ac207c4a68cc29760bf9f4eb9f45dcce39cbe988,https://api.stlouisfed.org/fred/series/observations?file_type=json&limit=100000&offset=0&output_type=4&realtime_end=2026-09-01&realtime_start=1776-07-04&series_id=CPIAUCNS&sort_order=asc&units=lin
CPIAUCNS,2008-11-01,212.42500000000001,2008-12-17T00:00:00Z,2008-12-16,fred-api-v1:query-c24ecc48228d416cec5da646a34f5ebc76a5e76b3d782164c7267a19b77721b3:content-9a74027936cb3ef5f8c48cd0ac207c4a68cc29760bf9f4eb9f45dcce39cbe988,https://api.stlouisfed.org/fred/series/observations?file_type=json&limit=100000&offset=0&output_type=4&realtime_end=2026-09-01&realtime_start=1776-07-04&series_id=CPIAUCNS&sort_order=asc&units=lin
CPIAUCNS,2008-12-01,210.22800000000001,2009-01-17T00:00:00Z,2009-01-16,fred-api-v1:query-c24ecc48228d416cec5da646a34f5ebc76a5e76b3d782164c7267a19b77721b3:content-9a74027936cb3ef5f8c48cd0ac207c4a68cc29760bf9f4eb9f45dcce39cbe988,https://api.stlouisfed.org/fred/series/observations?file_type=json&limit=100000&offset=0&output_type=4&realtime_end=2026-09-01&realtime_start=1776-07-04&series_id=CPIAUCNS&sort_order=asc&units=lin
CPIAUCNS,2009-01-01,211.143,2009-02-21T00:00:00Z,2009-02-20,fred-api-v1:query-c24ecc48228d416cec5da646a34f5ebc76a5e76b3d782164c7267a19b77721b3:content-9a74027936cb3ef5f8c48cd0ac207c4a68cc29760bf9f4eb9f45dcce39cbe988,https://api.stlouisfed.org/fred/series/observations?file_type=json&limit=100000&offset=0&output_type=4&realtime_end=2026-09-01&realtime_start=1776-07-04&series_id=CPIAUCNS&sort_order=asc&units=lin
CPIAUCNS,2009-02-01,212.19300000000001,2009-03-19T00:00:00Z,2009-03-18,fred-api-v1:query-c24ecc48228d416cec5da646a34f5ebc76a5e76b3d782164c7267a19b77721b3:content-9a74027936cb3ef5f8c48cd0ac207c4a68cc29760bf9f4eb9f45dcce39cbe988,https://api.stlouisfed.org/fred/series/observations?file_type=json&limit=100000&offset=0&output_type=4&realtime_end=2026-09-01&realtime_start=1776-07-04&series_id=CPIAUCNS&sort_order=asc&units=lin
CPIAUCNS,2009-03-01,212.709,2009-04-16T00:00:00Z,2009-04-15,fred-api-v1:query-c24ecc48228d416cec5da646a34f5ebc76a5e76b3d782164c7267a19b77721b3:content-9a74027936cb3ef5f8c48cd0ac207c4a68cc29760bf9f4eb9f45dcce39cbe988,https://api.stlouisfed.org/fred/series/observations?file_type=json&limit=100000&offset=0&output_type=4&realtime_end=2026-09-01&realtime_start=1776-07-04&series_id=CPIAUCNS&sort_order=asc&units=lin
CPIAUCNS,2009-04-01,213.24000000000001,2009-05-16T00:00:00Z,2009-05-15,fred-api-v1:query-c24ecc48228d416cec5da646a34f5ebc76a5e76b3d782164c7267a19b77721b3:content-9a74027936cb3ef5f8c48cd0ac207c4a68cc29760bf9f4eb9f45dcce39cbe988,https://api.stlouisfed.org/fred/series/observations?file_type=json&limit=100000&offset=0&output_type=4&realtime_end=2026-09-01&realtime_start=1776-07-04&series_id=CPIAUCNS&sort_order=asc&units=lin
CPIAUCNS,2009-05-01,213.85599999999999,2009-06-18T00:00:00Z,2009-06-17,fred-api-v1:query-c24ecc48228d416cec5da646a34f5ebc76a5e76b3d782164c7267a19b77721b3:content-9a74027936cb3ef5f8c48cd0ac207c4a68cc29760bf9f4eb9f45dcce39cbe988,https://api.stlouisfed.org/fred/series/observations?file_type=json&limit=100000&offset=0&output_type=4&realtime_end=2026-09-01&realtime_start=1776-07-04&series_id=CPIAUCNS&sort_order=asc&units=lin
CPIAUCNS,2009-06-01,215.69300000000001,2009-07-16T00:00:00Z,2009-07-15,fred-api-v1:query-c24ecc48228d416cec5da646a34f5ebc76a5e76b3d782164c7267a19b77721b3:content-9a74027936cb3ef5f8c48cd0ac207c4a68cc29760bf9f4eb9f45dcce39cbe988,https://api.stlouisfed.org/fred/series/observations?file_type=json&limit=100000&offset=0&output_type=4&realtime_end=2026-09-01&realtime_start=1776-07-04&series_id=CPIAUCNS&sort_order=asc&units=lin
CPIAUCNS,2009-07-01,215.351,2009-08-15T00:00:00Z,2009-08-14,fred-api-v1:query-c24ecc48228d416cec5da646a34f5ebc76a5e76b3d782164c7267a19b77721b3:content-9a74027936cb3ef5f8c48cd0ac207c4a68cc29760bf9f4eb9f45dcce39cbe988,https://api.stlouisfed.org/fred/series/observations?file_type=json&limit=100000&offset=0&output_type=4&realtime_end=2026-09-01&realtime_start=1776-07-04&series_id=CPIAUCNS&sort_order=asc&units=lin
CPIAUCNS,2009-08-01,215.834,2009-09-17T00:00:00Z,2009-09-16,fred-api-v1:query-c24ecc48228d416cec5da646a34f5ebc76a5e76b3d782164c7267a19b77721b3:content-9a74027936cb3ef5f8c48cd0ac207c4a68cc29760bf9f4eb9f45dcce39cbe988,https://api.stlouisfed.org/fred/series/observations?file_type=json&limit=100000&offset=0&output_type=4&realtime_end=2026-09-01&realtime_start=1776-07-04&series_id=CPIAUCNS&sort_order=asc&units=lin
CPIAUCNS,2009-09-01,215.96899999999999,2009-10-16T00:00:00Z,2009-10-15,fred-api-v1:query-c24ecc48228d416cec5da646a34f5ebc76a5e76b3d782164c7267a19b77721b3:content-9a74027936cb3ef5f8c48cd0ac207c4a68cc29760bf9f4eb9f45dcce39cbe988,https://api.stlouisfed.org/fred/series/observations?file_type=json&limit=100000&offset=0&output_type=4&realtime_end=2026-09-01&realtime_start=1776-07-04&series_id=CPIAUCNS&sort_order=asc&units=lin
CPIAUCNS,2009-10-01,216.17699999999999,2009-11-19T00:00:00Z,2009-11-18,fred-api-v1:query-c24ecc48228d416cec5da646a34f5ebc76a5e76b3d782164c7267a19b77721b3:content-9a74027936cb3ef5f8c48cd0ac207c4a68cc29760bf9f4eb9f45dcce39cbe988,https://api.stlouisfed.org/fred/series/observations?file_type=json&limit=100000&offset=0&output_type=4&realtime_end=2026-09-01&realtime_start=1776-07-04&series_id=CPIAUCNS&sort_order=asc&units=lin
CPIAUCNS,2009-11-01,216.33000000000001,2009-12-17T00:00:00Z,2009-12-16,fred-api-v1:query-c24ecc48228d416cec5da646a34f5ebc76a5e76b3d782164c7267a19b77721b3:content-9a74027936cb3ef5f8c48cd0ac207c4a68cc29760bf9f4eb9f45dcce39cbe988,https://api.stlouisfed.org/fred/series/observations?file_type=json&limit=100000&offset=0&output_type=4&realtime_end=2026-09-01&realtime_start=1776-07-04&series_id=CPIAUCNS&sort_order=asc&units=lin
CPIAUCNS,2009-12-01,215.94900000000001,2010-01-16T00:00:00Z,2010-01-15,fred-api-v1:query-c24ecc48228d416cec5da646a34f5ebc76a5e76b3d782164c7267a19b77721b3:content-9a74027936cb3ef5f8c48cd0ac207c4a68cc29760bf9f4eb9f45dcce39cbe988,https://api.stlouisfed.org/fred/series/observations?file_type=json&limit=100000&offset=0&output_type=4&realtime_end=2026-09-01&realtime_start=1776-07-04&series_id=CPIAUCNS&sort_order=asc&units=lin
CPIAUCNS,2010-01-01,216.68700000000001,2010-02-20T00:00:00Z,2010-02-19,fred-api-v1:query-c24ecc48228d416cec5da646a34f5ebc76a5e76b3d782164c7267a19b77721b3:content-9a74027936cb3ef5f8c48cd0ac207c4a68cc29760bf9f4eb9f45dcce39cbe988,https://api.stlouisfed.org/fred/series/observations?file_type=json&limit=100000&offset=0&output_type=4&realtime_end=2026-09-01&realtime_start=1776-07-04&series_id=CPIAUCNS&sort_order=asc&units=lin
CPIAUCNS,2010-02-01,216.74100000000001,2010-03-19T00:00:00Z,2010-03-18,fred-api-v1:query-c24ecc48228d416cec5da646a34f5ebc76a5e76b3d782164c7267a19b77721b3:content-9a74027936cb3ef5f8c48cd0ac207c4a68cc29760bf9f4eb9f45dcce39cbe988,https://api.stlouisfed.org/fred/series/observations?file_type=json&limit=100000&offset=0&output_type=4&realtime_end=2026-09-01&realtime_start=1776-07-04&series_id=CPIAUCNS&sort_order=asc&units=lin
CPIAUCNS,2010-03-01,217.631,2010-04-15T00:00:00Z,2010-04-14,fred-api-v1:query-c24ecc48228d416cec5da646a34f5ebc76a5e76b3d782164c7267a19b77721b3:content-9a74027936cb3ef5f8c48cd0ac207c4a68cc29760bf9f4eb9f45dcce39cbe988,https://api.stlouisfed.org/fred/series/observations?file_type=json&limit=100000&offset=0&output_type=4&realtime_end=2026-09-01&realtime_start=1776-07-04&series_id=CPIAUCNS&sort_order=asc&units=lin
CPIAUCNS,2010-04-01,218.00899999999999,2010-05-20T00:00:00Z,2010-05-19,fred-api-v1:query-c24ecc48228d416cec5da646a34f5ebc76a5e76b3d782164c7267a19b77721b3:content-9a74027936cb3ef5f8c48cd0ac207c4a68cc29760bf9f4eb9f45dcce39cbe988,https://api.stlouisfed.org/fred/series/observations?file_type=json&limit=100000&offset=0&output_type=4&realtime_end=2026-09-01&realtime_start=1776-07-04&series_id=CPIAUCNS&sort_order=asc&units=lin
CPIAUCNS,2010-05-01,218.178,2010-06-18T00:00:00Z,2010-06-17,fred-api-v1:query-c24ecc48228d416cec5da646a34f5ebc76a5e76b3d782164c7267a19b77721b3:content-9a74027936cb3ef5f8c48cd0ac207c4a68cc29760bf9f4eb9f45dcce39cbe988,https://api.stlouisfed.org/fred/series/observations?file_type=json&limit=100000&offset=0&output_type=4&realtime_end=2026-09-01&realtime_start=1776-07-04&series_id=CPIAUCNS&sort_order=asc&units=lin
CPIAUCNS,2010-06-01,217.965,2010-07-17T00:00:00Z,2010-07-16,fred-api-v1:query-c24ecc48228d416cec5da646a34f5ebc76a5e76b3d782164c7267a19b77721b3:content-9a74027936cb3ef5f8c48cd0ac207c4a68cc29760bf9f4eb9f45dcce39cbe988,https://api.stlouisfed.org/fred/series/observations?file_type=json&limit=100000&offset=0&output_type=4&realtime_end=2026-09-01&realtime_start=1776-07-04&series_id=CPIAUCNS&sort_order=asc&units=lin
CPIAUCNS,2010-07-01,218.011,2010-08-14T00:00:00Z,2010-08-13,fred-api-v1:query-c24ecc48228d416cec5da646a34f5ebc76a5e76b3d782164c7267a19b77721b3:content-9a74027936cb3ef5f8c48cd0ac207c4a68cc29760bf9f4eb9f45dcce39cbe988,https://api.stlouisfed.org/fred/series/observations?file_type=json&limit=100000&offset=0&output_type=4&realtime_end=2026-09-01&realtime_start=1776-07-04&series_id=CPIAUCNS&sort_order=asc&units=lin
CPIAUCNS,2010-08-01,218.31200000000001,2010-09-18T00:00:00Z,2010-09-17,fred-api-v1:query-c24ecc48228d416cec5da646a34f5ebc76a5e76b3d782164c7267a19b77721b3:content-9a74027936cb3ef5f8c48cd0ac207c4a68cc29760bf9f4eb9f45dcce39cbe988,https://api.stlouisfed.org/fred/series/observations?file_type=json&limit=100000&offset=0&output_type=4&realtime_end=2026-09-01&realtime_start=1776-07-04&series_id=CPIAUCNS&sort_order=asc&units=lin
CPIAUCNS,2010-09-01,218.43899999999999,2010-10-16T00:00:00Z,2010-10-15,fred-api-v1:query-c24ecc48228d416cec5da646a34f5ebc76a5e76b3d782164c7267a19b77721b3:content-9a74027936cb3ef5f8c48cd0ac207c4a68cc29760bf9f4eb9f45dcce39cbe988,https://api.stlouisfed.org/fred/series/observations?file_type=json&limit=100000&offset=0&output_type=4&realtime_end=2026-09-01&realtime_start=1776-07-04&series_id=CPIAUCNS&sort_order=asc&units=lin
CPIAUCNS,2010-10-01,218.71100000000001,2010-11-18T00:00:00Z,2010-11-17,fred-api-v1:query-c24ecc48228d416cec5da646a34f5ebc76a5e76b3d782164c7267a19b77721b3:content-9a74027936cb3ef5f8c48cd0ac207c4a68cc29760bf9f4eb9f45dcce39cbe988,https://api.stlouisfed.org/fred/series/observations?file_type=json&limit=100000&offset=0&output_type=4&realtime_end=2026-09-01&realtime_start=1776-07-04&series_id=CPIAUCNS&sort_order=asc&units=lin
CPIAUCNS,2010-11-01,218.803,2010-12-16T00:00:00Z,2010-12-15,fred-api-v1:query-c24ecc48228d416cec5da646a34f5ebc76a5e76b3d782164c7267a19b77721b3:content-9a74027936cb3ef5f8c48cd0ac207c4a68cc29760bf9f4eb9f45dcce39cbe988,https://api.stlouisfed.org/fred/series/observations?file_type=json&limit=100000&offset=0&output_type=4&realtime_end=2026-09-01&realtime_start=1776-07-04&series_id=CPIAUCNS&sort_order=asc&units=lin
CPIAUCNS,2010-12-01,219.179,2011-01-15T00:00:00Z,2011-01-14,fred-api-v1:query-c24ecc48228d416cec5da646a34f5ebc76a5e76b3d782164c7267a19b77721b3:content-9a74027936cb3ef5f8c48cd0ac207c4a68cc29760bf9f4eb9f45dcce39cbe988,https://api.stlouisfed.org/fred/series/observations?file_type=json&limit=100000&offset=0&output_type=4&realtime_end=2026-09-01&realtime_start=1776-07-04&series_id=CPIAUCNS&sort_order=asc&units=lin
CPIAUCNS,2011-01-01,220.22300000000001,2011-02-18T00:00:00Z,2011-02-17,fred-api-v1:query-c24ecc48228d416cec5da646a34f5ebc76a5e76b3d782164c7267a19b77721b3:content-9a74027936cb3ef5f8c48cd0ac207c4a68cc29760bf9f4eb9f45dcce39cbe988,https://api.stlouisfed.org/fred/series/observations?file_type=json&limit=100000&offset=0&output_type=4&realtime_end=2026-09-01&realtime_start=1776-07-04&series_id=CPIAUCNS&sort_order=asc&units=lin
CPIAUCNS,2011-02-01,221.309,2011-03-18T00:00:00Z,2011-03-17,fred-api-v1:query-c24ecc48228d416cec5da646a34f5ebc76a5e76b3d782164c7267a19b77721b3:content-9a74027936cb3ef5f8c48cd0ac207c4a68cc29760bf9f4eb9f45dcce39cbe988,https://api.stlouisfed.org/fred/series/observations?file_type=json&limit=100000&offset=0&output_type=4&realtime_end=2026-09-01&realtime_start=1776-07-04&series_id=CPIAUCNS&sort_order=asc&units=lin
CPIAUCNS,2011-03-01,223.46700000000001,2011-04-16T00:00:00Z,2011-04-15,fred-api-v1:query-c24ecc48228d416cec5da646a34f5ebc76a5e76b3d782164c7267a19b77721b3:content-9a74027936cb3ef5f8c48cd0ac207c4a68cc29760bf9f4eb9f45dcce39cbe988,https://api.stlouisfed.org/fred/series/observations?file_type=json&limit=100000&offset=0&output_type=4&realtime_end=2026-09-01&realtime_start=1776-07-04&series_id=CPIAUCNS&sort_order=asc&units=lin
CPIAUCNS,2011-04-01,224.90600000000001,2011-05-14T00:00:00Z,2011-05-13,fred-api-v1:query-c24ecc48228d416cec5da646a34f5ebc76a5e76b3d782164c7267a19b77721b3:content-9a74027936cb3ef5f8c48cd0ac207c4a68cc29760bf9f4eb9f45dcce39cbe988,https://api.stlouisfed.org/fred/series/observations?file_type=json&limit=100000&offset=0&output_type=4&realtime_end=2026-09-01&realtime_start=1776-07-04&series_id=CPIAUCNS&sort_order=asc&units=lin
CPIAUCNS,2011-05-01,225.964,2011-06-16T00:00:00Z,2011-06-15,fred-api-v1:query-c24ecc48228d416cec5da646a34f5ebc76a5e76b3d782164c7267a19b77721b3:content-9a74027936cb3ef5f8c48cd0ac207c4a68cc29760bf9f4eb9f45dcce39cbe988,https://api.stlouisfed.org/fred/series/observations?file_type=json&limit=100000&offset=0&output_type=4&realtime_end=2026-09-01&realtime_start=1776-07-04&series_id=CPIAUCNS&sort_order=asc&units=lin
CPIAUCNS,2011-06-01,225.72200000000001,2011-07-16T00:00:00Z,2011-07-15,fred-api-v1:query-c24ecc48228d416cec5da646a34f5ebc76a5e76b3d782164c7267a19b77721b3:content-9a74027936cb3ef5f8c48cd0ac207c4a68cc29760bf9f4eb9f45dcce39cbe988,https://api.stlouisfed.org/fred/series/observations?file_type=json&limit=100000&offset=0&output_type=4&realtime_end=2026-09-01&realtime_start=1776-07-04&series_id=CPIAUCNS&sort_order=asc&units=lin
CPIAUCNS,2011-07-01,225.922,2011-08-19T00:00:00Z,2011-08-18,fred-api-v1:query-c24ecc48228d416cec5da646a34f5ebc76a5e76b3d782164c7267a19b77721b3:content-9a74027936cb3ef5f8c48cd0ac207c4a68cc29760bf9f4eb9f45dcce39cbe988,https://api.stlouisfed.org/fred/series/observations?file_type=json&limit=100000&offset=0&output_type=4&realtime_end=2026-09-01&realtime_start=1776-07-04&series_id=CPIAUCNS&sort_order=asc&units=lin
CPIAUCNS,2011-08-01,226.54499999999999,2011-09-16T00:00:00Z,2011-09-15,fred-api-v1:query-c24ecc48228d416cec5da646a34f5ebc76a5e76b3d782164c7267a19b77721b3:content-9a74027936cb3ef5f8c48cd0ac207c4a68cc29760bf9f4eb9f45dcce39cbe988,https://api.stlouisfed.org/fred/series/observations?file_type=json&limit=100000&offset=0&output_type=4&realtime_end=2026-09-01&realtime_start=1776-07-04&series_id=CPIAUCNS&sort_order=asc&units=lin
CPIAUCNS,2011-09-01,226.88900000000001,2011-10-20T00:00:00Z,2011-10-19,fred-api-v1:query-c24ecc48228d416cec5da646a34f5ebc76a5e76b3d782164c7267a19b77721b3:content-9a74027936cb3ef5f8c48cd0ac207c4a68cc29760bf9f4eb9f45dcce39cbe988,https://api.stlouisfed.org/fred/series/observations?file_type=json&limit=100000&offset=0&output_type=4&realtime_end=2026-09-01&realtime_start=1776-07-04&series_id=CPIAUCNS&sort_order=asc&units=lin
CPIAUCNS,2011-10-01,226.42099999999999,2011-11-17T00:00:00Z,2011-11-16,fred-api-v1:query-c24ecc48228d416cec5da646a34f5ebc76a5e76b3d782164c7267a19b77721b3:content-9a74027936cb3ef5f8c48cd0ac207c4a68cc29760bf9f4eb9f45dcce39cbe988,https://api.stlouisfed.org/fred/series/observations?file_type=json&limit=100000&offset=0&output_type=4&realtime_end=2026-09-01&realtime_start=1776-07-04&series_id=CPIAUCNS&sort_order=asc&units=lin
CPIAUCNS,2011-11-01,226.22999999999999,2011-12-17T00:00:00Z,2011-12-16,fred-api-v1:query-c24ecc48228d416cec5da646a34f5ebc76a5e76b3d782164c7267a19b77721b3:content-9a74027936cb3ef5f8c48cd0ac207c4a68cc29760bf9f4eb9f45dcce39cbe988,https://api.stlouisfed.org/fred/series/observations?file_type=json&limit=100000&offset=0&output_type=4&realtime_end=2026-09-01&realtime_start=1776-07-04&series_id=CPIAUCNS&sort_order=asc&units=lin
CPIAUCNS,2011-12-01,225.672,2012-01-20T00:00:00Z,2012-01-19,fred-api-v1:query-c24ecc48228d416cec5da646a34f5ebc76a5e76b3d782164c7267a19b77721b3:content-9a74027936cb3ef5f8c48cd0ac207c4a68cc29760bf9f4eb9f45dcce39cbe988,https://api.stlouisfed.org/fred/series/observations?file_type=json&limit=100000&offset=0&output_type=4&realtime_end=2026-09-01&realtime_start=1776-07-04&series_id=CPIAUCNS&sort_order=asc&units=lin
CPIAUCNS,2012-01-01,226.66499999999999,2012-02-18T00:00:00Z,2012-02-17,fred-api-v1:query-c24ecc48228d416cec5da646a34f5ebc76a5e76b3d782164c7267a19b77721b3:content-9a74027936cb3ef5f8c48cd0ac207c4a68cc29760bf9f4eb9f45dcce39cbe988,https://api.stlouisfed.org/fred/series/observations?file_type=json&limit=100000&offset=0&output_type=4&realtime_end=2026-09-01&realtime_start=1776-07-04&series_id=CPIAUCNS&sort_order=asc&units=lin
CPIAUCNS,2012-02-01,227.66300000000001,2012-03-17T00:00:00Z,2012-03-16,fred-api-v1:query-c24ecc48228d416cec5da646a34f5ebc76a5e76b3d782164c7267a19b77721b3:content-9a74027936cb3ef5f8c48cd0ac207c4a68cc29760bf9f4eb9f45dcce39cbe988,https://api.stlouisfed.org/fred/series/observations?file_type=json&limit=100000&offset=0&output_type=4&realtime_end=2026-09-01&realtime_start=1776-07-04&series_id=CPIAUCNS&sort_order=asc&units=lin
CPIAUCNS,2012-03-01,229.392,2012-04-14T00:00:00Z,2012-04-13,fred-api-v1:query-c24ecc48228d416cec5da646a34f5ebc76a5e76b3d782164c7267a19b77721b3:content-9a74027936cb3ef5f8c48cd0ac207c4a68cc29760bf9f4eb9f45dcce39cbe988,https://api.stlouisfed.org/fred/series/observations?file_type=json&limit=100000&offset=0&output_type=4&realtime_end=2026-09-01&realtime_start=1776-07-04&series_id=CPIAUCNS&sort_order=asc&units=lin
CPIAUCNS,2012-04-01,230.08500000000001,2012-05-16T00:00:00Z,2012-05-15,fred-api-v1:query-c24ecc48228d416cec5da646a34f5ebc76a5e76b3d782164c7267a19b77721b3:content-9a74027936cb3ef5f8c48cd0ac207c4a68cc29760bf9f4eb9f45dcce39cbe988,https://api.stlouisfed.org/fred/series/observations?file_type=json&limit=100000&offset=0&output_type=4&realtime_end=2026-09-01&realtime_start=1776-07-04&series_id=CPIAUCNS&sort_order=asc&units=lin
CPIAUCNS,2012-05-01,229.815,2012-06-15T00:00:00Z,2012-06-14,fred-api-v1:query-c24ecc48228d416cec5da646a34f5ebc76a5e76b3d782164c7267a19b77721b3:content-9a74027936cb3ef5f8c48cd0ac207c4a68cc29760bf9f4eb9f45dcce39cbe988,https://api.stlouisfed.org/fred/series/observations?file_type=json&limit=100000&offset=0&output_type=4&realtime_end=2026-09-01&realtime_start=1776-07-04&series_id=CPIAUCNS&sort_order=asc&units=lin
CPIAUCNS,2012-06-01,229.47800000000001,2012-07-18T00:00:00Z,2012-07-17,fred-api-v1:query-c24ecc48228d416cec5da646a34f5ebc76a5e76b3d782164c7267a19b77721b3:content-9a74027936cb3ef5f8c48cd0ac207c4a68cc29760bf9f4eb9f45dcce39cbe988,https://api.stlouisfed.org/fred/series/observations?file_type=json&limit=100000&offset=0&output_type=4&realtime_end=2026-09-01&realtime_start=1776-07-04&series_id=CPIAUCNS&sort_order=asc&units=lin
CPIAUCNS,2012-07-01,229.10400000000001,2012-08-16T00:00:00Z,2012-08-15,fred-api-v1:query-c24ecc48228d416cec5da646a34f5ebc76a5e76b3d782164c7267a19b77721b3:content-9a74027936cb3ef5f8c48cd0ac207c4a68cc29760bf9f4eb9f45dcce39cbe988,https://api.stlouisfed.org/fred/series/observations?file_type=json&limit=100000&offset=0&output_type=4&realtime_end=2026-09-01&realtime_start=1776-07-04&series_id=CPIAUCNS&sort_order=asc&units=lin
CPIAUCNS,2012-08-01,230.37899999999999,2012-09-15T00:00:00Z,2012-09-14,fred-api-v1:query-c24ecc48228d416cec5da646a34f5ebc76a5e76b3d782164c7267a19b77721b3:content-9a74027936cb3ef5f8c48cd0ac207c4a68cc29760bf9f4eb9f45dcce39cbe988,https://api.stlouisfed.org/fred/series/observations?file_type=json&limit=100000&offset=0&output_type=4&realtime_end=2026-09-01&realtime_start=1776-07-04&series_id=CPIAUCNS&sort_order=asc&units=lin
CPIAUCNS,2012-09-01,231.40700000000001,2012-10-17T00:00:00Z,2012-10-16,fred-api-v1:query-c24ecc48228d416cec5da646a34f5ebc76a5e76b3d782164c7267a19b77721b3:content-9a74027936cb3ef5f8c48cd0ac207c4a68cc29760bf9f4eb9f45dcce39cbe988,https://api.stlouisfed.org/fred/series/observations?file_type=json&limit=100000&offset=0&output_type=4&realtime_end=2026-09-01&realtime_start=1776-07-04&series_id=CPIAUCNS&sort_order=asc&units=lin
CPIAUCNS,2012-10-01,231.31700000000001,2012-11-16T00:00:00Z,2012-11-15,fred-api-v1:query-c24ecc48228d416cec5da646a34f5ebc76a5e76b3d782164c7267a19b77721b3:content-9a74027936cb3ef5f8c48cd0ac207c4a68cc29760bf9f4eb9f45dcce39cbe988,https://api.stlouisfed.org/fred/series/observations?file_type=json&limit=100000&offset=0&output_type=4&realtime_end=2026-09-01&realtime_start=1776-07-04&series_id=CPIAUCNS&sort_order=asc&units=lin
CPIAUCNS,2012-11-01,230.221,2012-12-15T00:00:00Z,2012-12-14,fred-api-v1:query-c24ecc48228d416cec5da646a34f5ebc76a5e76b3d782164c7267a19b77721b3:content-9a74027936cb3ef5f8c48cd0ac207c4a68cc29760bf9f4eb9f45dcce39cbe988,https://api.stlouisfed.org/fred/series/observations?file_type=json&limit=100000&offset=0&output_type=4&realtime_end=2026-09-01&realtime_start=1776-07-04&series_id=CPIAUCNS&sort_order=asc&units=lin
CPIAUCNS,2012-12-01,229.601,2013-01-17T00:00:00Z,2013-01-16,fred-api-v1:query-c24ecc48228d416cec5da646a34f5ebc76a5e76b3d782164c7267a19b77721b3:content-9a74027936cb3ef5f8c48cd0ac207c4a68cc29760bf9f4eb9f45dcce39cbe988,https://api.stlouisfed.org/fred/series/observations?file_type=json&limit=100000&offset=0&output_type=4&realtime_end=2026-09-01&realtime_start=1776-07-04&series_id=CPIAUCNS&sort_order=asc&units=lin
CPIAUCNS,2013-01-01,230.28,2013-02-22T00:00:00Z,2013-02-21,fred-api-v1:query-c24ecc48228d416cec5da646a34f5ebc76a5e76b3d782164c7267a19b77721b3:content-9a74027936cb3ef5f8c48cd0ac207c4a68cc29760bf9f4eb9f45dcce39cbe988,https://api.stlouisfed.org/fred/series/observations?file_type=json&limit=100000&offset=0&output_type=4&realtime_end=2026-09-01&realtime_start=1776-07-04&series_id=CPIAUCNS&sort_order=asc&units=lin
CPIAUCNS,2013-02-01,232.166,2013-03-16T00:00:00Z,2013-03-15,fred-api-v1:query-c24ecc48228d416cec5da646a34f5ebc76a5e76b3d782164c7267a19b77721b3:content-9a74027936cb3ef5f8c48cd0ac207c4a68cc29760bf9f4eb9f45dcce39cbe988,https://api.stlouisfed.org/fred/series/observations?file_type=json&limit=100000&offset=0&output_type=4&realtime_end=2026-09-01&realtime_start=1776-07-04&series_id=CPIAUCNS&sort_order=asc&units=lin
CPIAUCNS,2013-03-01,232.773,2013-04-17T00:00:00Z,2013-04-16,fred-api-v1:query-c24ecc48228d416cec5da646a34f5ebc76a5e76b3d782164c7267a19b77721b3:content-9a74027936cb3ef5f8c48cd0ac207c4a68cc29760bf9f4eb9f45dcce39cbe988,https://api.stlouisfed.org/fred/series/observations?file_type=json&limit=100000&offset=0&output_type=4&realtime_end=2026-09-01&realtime_start=1776-07-04&series_id=CPIAUCNS&sort_order=asc&units=lin
CPIAUCNS,2013-04-01,232.53100000000001,2013-05-17T00:00:00Z,2013-05-16,fred-api-v1:query-c24ecc48228d416cec5da646a34f5ebc76a5e76b3d782164c7267a19b77721b3:content-9a74027936cb3ef5f8c48cd0ac207c4a68cc29760bf9f4eb9f45dcce39cbe988,https://api.stlouisfed.org/fred/series/observations?file_type=json&limit=100000&offset=0&output_type=4&realtime_end=2026-09-01&realtime_start=1776-07-04&series_id=CPIAUCNS&sort_order=asc&units=lin
CPIAUCNS,2013-05-01,232.94499999999999,2013-06-19T00:00:00Z,2013-06-18,fred-api-v1:query-c24ecc48228d416cec5da646a34f5ebc76a5e76b3d782164c7267a19b77721b3:content-9a74027936cb3ef5f8c48cd0ac207c4a68cc29760bf9f4eb9f45dcce39cbe988,https://api.stlouisfed.org/fred/series/observations?file_type=json&limit=100000&offset=0&output_type=4&realtime_end=2026-09-01&realtime_start=1776-07-04&series_id=CPIAUCNS&sort_order=asc&units=lin
CPIAUCNS,2013-06-01,233.50399999999999,2013-07-17T00:00:00Z,2013-07-16,fred-api-v1:query-c24ecc48228d416cec5da646a34f5ebc76a5e76b3d782164c7267a19b77721b3:content-9a74027936cb3ef5f8c48cd0ac207c4a68cc29760bf9f4eb9f45dcce39cbe988,https://api.stlouisfed.org/fred/series/observations?file_type=json&limit=100000&offset=0&output_type=4&realtime_end=2026-09-01&realtime_start=1776-07-04&series_id=CPIAUCNS&sort_order=asc&units=lin
CPIAUCNS,2013-07-01,233.596,2013-08-16T00:00:00Z,2013-08-15,fred-api-v1:query-c24ecc48228d416cec5da646a34f5ebc76a5e76b3d782164c7267a19b77721b3:content-9a74027936cb3ef5f8c48cd0ac207c4a68cc29760bf9f4eb9f45dcce39cbe988,https://api.stlouisfed.org/fred/series/observations?file_type=json&limit=100000&offset=0&output_type=4&realtime_end=2026-09-01&realtime_start=1776-07-04&series_id=CPIAUCNS&sort_order=asc&units=lin
CPIAUCNS,2013-08-01,233.87700000000001,2013-09-18T00:00:00Z,2013-09-17,fred-api-v1:query-c24ecc48228d416cec5da646a34f5ebc76a5e76b3d782164c7267a19b77721b3:content-9a74027936cb3ef5f8c48cd0ac207c4a68cc29760bf9f4eb9f45dcce39cbe988,https://api.stlouisfed.org/fred/series/observations?file_type=json&limit=100000&offset=0&output_type=4&realtime_end=2026-09-01&realtime_start=1776-07-04&series_id=CPIAUCNS&sort_order=asc&units=lin
CPIAUCNS,2013-09-01,234.149,2013-10-31T00:00:00Z,2013-10-30,fred-api-v1:query-c24ecc48228d416cec5da646a34f5ebc76a5e76b3d782164c7267a19b77721b3:content-9a74027936cb3ef5f8c48cd0ac207c4a68cc29760bf9f4eb9f45dcce39cbe988,https://api.stlouisfed.org/fred/series/observations?file_type=json&limit=100000&offset=0&output_type=4&realtime_end=2026-09-01&realtime_start=1776-07-04&series_id=CPIAUCNS&sort_order=asc&units=lin
CPIAUCNS,2013-10-01,233.54599999999999,2013-11-21T00:00:00Z,2013-11-20,fred-api-v1:query-c24ecc48228d416cec5da646a34f5ebc76a5e76b3d782164c7267a19b77721b3:content-9a74027936cb3ef5f8c48cd0ac207c4a68cc29760bf9f4eb9f45dcce39cbe988,https://api.stlouisfed.org/fred/series/observations?file_type=json&limit=100000&offset=0&output_type=4&realtime_end=2026-09-01&realtime_start=1776-07-04&series_id=CPIAUCNS&sort_order=asc&units=lin
CPIAUCNS,2013-11-01,233.06899999999999,2013-12-18T00:00:00Z,2013-12-17,fred-api-v1:query-c24ecc48228d416cec5da646a34f5ebc76a5e76b3d782164c7267a19b77721b3:content-9a74027936cb3ef5f8c48cd0ac207c4a68cc29760bf9f4eb9f45dcce39cbe988,https://api.stlouisfed.org/fred/series/observations?file_type=json&limit=100000&offset=0&output_type=4&realtime_end=2026-09-01&realtime_start=1776-07-04&series_id=CPIAUCNS&sort_order=asc&units=lin
CPIAUCNS,2013-12-01,233.04900000000001,2014-01-17T00:00:00Z,2014-01-16,fred-api-v1:query-c24ecc48228d416cec5da646a34f5ebc76a5e76b3d782164c7267a19b77721b3:content-9a74027936cb3ef5f8c48cd0ac207c4a68cc29760bf9f4eb9f45dcce39cbe988,https://api.stlouisfed.org/fred/series/observations?file_type=json&limit=100000&offset=0&output_type=4&realtime_end=2026-09-01&realtime_start=1776-07-04&series_id=CPIAUCNS&sort_order=asc&units=lin
CPIAUCNS,2014-01-01,233.916,2014-02-21T00:00:00Z,2014-02-20,fred-api-v1:query-c24ecc48228d416cec5da646a34f5ebc76a5e76b3d782164c7267a19b77721b3:content-9a74027936cb3ef5f8c48cd0ac207c4a68cc29760bf9f4eb9f45dcce39cbe988,https://api.stlouisfed.org/fred/series/observations?file_type=json&limit=100000&offset=0&output_type=4&realtime_end=2026-09-01&realtime_start=1776-07-04&series_id=CPIAUCNS&sort_order=asc&units=lin
CPIAUCNS,2014-02-01,234.78100000000001,2014-03-19T00:00:00Z,2014-03-18,fred-api-v1:query-c24ecc48228d416cec5da646a34f5ebc76a5e76b3d782164c7267a19b77721b3:content-9a74027936cb3ef5f8c48cd0ac207c4a68cc29760bf9f4eb9f45dcce39cbe988,https://api.stlouisfed.org/fred/series/observations?file_type=json&limit=100000&offset=0&output_type=4&realtime_end=2026-09-01&realtime_start=1776-07-04&series_id=CPIAUCNS&sort_order=asc&units=lin
CPIAUCNS,2014-03-01,236.29300000000001,2014-04-16T00:00:00Z,2014-04-15,fred-api-v1:query-c24ecc48228d416cec5da646a34f5ebc76a5e76b3d782164c7267a19b77721b3:content-9a74027936cb3ef5f8c48cd0ac207c4a68cc29760bf9f4eb9f45dcce39cbe988,https://api.stlouisfed.org/fred/series/observations?file_type=json&limit=100000&offset=0&output_type=4&realtime_end=2026-09-01&realtime_start=1776-07-04&series_id=CPIAUCNS&sort_order=asc&units=lin
CPIAUCNS,2014-04-01,237.072,2014-05-16T00:00:00Z,2014-05-15,fred-api-v1:query-c24ecc48228d416cec5da646a34f5ebc76a5e76b3d782164c7267a19b77721b3:content-9a74027936cb3ef5f8c48cd0ac207c4a68cc29760bf9f4eb9f45dcce39cbe988,https://api.stlouisfed.org/fred/series/observations?file_type=json&limit=100000&offset=0&output_type=4&realtime_end=2026-09-01&realtime_start=1776-07-04&series_id=CPIAUCNS&sort_order=asc&units=lin
CPIAUCNS,2014-05-01,237.90000000000001,2014-06-18T00:00:00Z,2014-06-17,fred-api-v1:query-c24ecc48228d416cec5da646a34f5ebc76a5e76b3d782164c7267a19b77721b3:content-9a74027936cb3ef5f8c48cd0ac207c4a68cc29760bf9f4eb9f45dcce39cbe988,https://api.stlouisfed.org/fred/series/observations?file_type=json&limit=100000&offset=0&output_type=4&realtime_end=2026-09-01&realtime_start=1776-07-04&series_id=CPIAUCNS&sort_order=asc&units=lin
CPIAUCNS,2014-06-01,238.34299999999999,2014-07-23T00:00:00Z,2014-07-22,fred-api-v1:query-c24ecc48228d416cec5da646a34f5ebc76a5e76b3d782164c7267a19b77721b3:content-9a74027936cb3ef5f8c48cd0ac207c4a68cc29760bf9f4eb9f45dcce39cbe988,https://api.stlouisfed.org/fred/series/observations?file_type=json&limit=100000&offset=0&output_type=4&realtime_end=2026-09-01&realtime_start=1776-07-04&series_id=CPIAUCNS&sort_order=asc&units=lin
CPIAUCNS,2014-07-01,238.25,2014-08-20T00:00:00Z,2014-08-19,fred-api-v1:query-c24ecc48228d416cec5da646a34f5ebc76a5e76b3d782164c7267a19b77721b3:content-9a74027936cb3ef5f8c48cd0ac207c4a68cc29760bf9f4eb9f45dcce39cbe988,https://api.stlouisfed.org/fred/series/observations?file_type=json&limit=100000&offset=0&output_type=4&realtime_end=2026-09-01&realtime_start=1776-07-04&series_id=CPIAUCNS&sort_order=asc&units=lin
CPIAUCNS,2014-08-01,237.852,2014-09-18T00:00:00Z,2014-09-17,fred-api-v1:query-c24ecc48228d416cec5da646a34f5ebc76a5e76b3d782164c7267a19b77721b3:content-9a74027936cb3ef5f8c48cd0ac207c4a68cc29760bf9f4eb9f45dcce39cbe988,https://api.stlouisfed.org/fred/series/observations?file_type=json&limit=100000&offset=0&output_type=4&realtime_end=2026-09-01&realtime_start=1776-07-04&series_id=CPIAUCNS&sort_order=asc&units=lin
CPIAUCNS,2014-09-01,238.03100000000001,2014-10-23T00:00:00Z,2014-10-22,fred-api-v1:query-c24ecc48228d416cec5da646a34f5ebc76a5e76b3d782164c7267a19b77721b3:content-9a74027936cb3ef5f8c48cd0ac207c4a68cc29760bf9f4eb9f45dcce39cbe988,https://api.stlouisfed.org/fred/series/observations?file_type=json&limit=100000&offset=0&output_type=4&realtime_end=2026-09-01&realtime_start=1776-07-04&series_id=CPIAUCNS&sort_order=asc&units=lin
CPIAUCNS,2014-10-01,237.43299999999999,2014-11-21T00:00:00Z,2014-11-20,fred-api-v1:query-c24ecc48228d416cec5da646a34f5ebc76a5e76b3d782164c7267a19b77721b3:content-9a74027936cb3ef5f8c48cd0ac207c4a68cc29760bf9f4eb9f45dcce39cbe988,https://api.stlouisfed.org/fred/series/observations?file_type=json&limit=100000&offset=0&output_type=4&realtime_end=2026-09-01&realtime_start=1776-07-04&series_id=CPIAUCNS&sort_order=asc&units=lin
CPIAUCNS,2014-11-01,236.15100000000001,2014-12-18T00:00:00Z,2014-12-17,fred-api-v1:query-c24ecc48228d416cec5da646a34f5ebc76a5e76b3d782164c7267a19b77721b3:content-9a74027936cb3ef5f8c48cd0ac207c4a68cc29760bf9f4eb9f45dcce39cbe988,https://api.stlouisfed.org/fred/series/observations?file_type=json&limit=100000&offset=0&output_type=4&realtime_end=2026-09-01&realtime_start=1776-07-04&series_id=CPIAUCNS&sort_order=asc&units=lin
CPIAUCNS,2014-12-01,234.81200000000001,2015-01-17T00:00:00Z,2015-01-16,fred-api-v1:query-c24ecc48228d416cec5da646a34f5ebc76a5e76b3d782164c7267a19b77721b3:content-9a74027936cb3ef5f8c48cd0ac207c4a68cc29760bf9f4eb9f45dcce39cbe988,https://api.stlouisfed.org/fred/series/observations?file_type=json&limit=100000&offset=0&output_type=4&realtime_end=2026-09-01&realtime_start=1776-07-04&series_id=CPIAUCNS&sort_order=asc&units=lin
CPIAUCNS,2015-01-01,233.70699999999999,2015-02-27T00:00:00Z,2015-02-26,fred-api-v1:query-c24ecc48228d416cec5da646a34f5ebc76a5e76b3d782164c7267a19b77721b3:content-9a74027936cb3ef5f8c48cd0ac207c4a68cc29760bf9f4eb9f45dcce39cbe988,https://api.stlouisfed.org/fred/series/observations?file_type=json&limit=100000&offset=0&output_type=4&realtime_end=2026-09-01&realtime_start=1776-07-04&series_id=CPIAUCNS&sort_order=asc&units=lin
CPIAUCNS,2015-02-01,234.72200000000001,2015-03-25T00:00:00Z,2015-03-24,fred-api-v1:query-c24ecc48228d416cec5da646a34f5ebc76a5e76b3d782164c7267a19b77721b3:content-9a74027936cb3ef5f8c48cd0ac207c4a68cc29760bf9f4eb9f45dcce39cbe988,https://api.stlouisfed.org/fred/series/observations?file_type=json&limit=100000&offset=0&output_type=4&realtime_end=2026-09-01&realtime_start=1776-07-04&series_id=CPIAUCNS&sort_order=asc&units=lin
CPIAUCNS,2015-03-01,236.119,2015-04-18T00:00:00Z,2015-04-17,fred-api-v1:query-c24ecc48228d416cec5da646a34f5ebc76a5e76b3d782164c7267a19b77721b3:content-9a74027936cb3ef5f8c48cd0ac207c4a68cc29760bf9f4eb9f45dcce39cbe988,https://api.stlouisfed.org/fred/series/observations?file_type=json&limit=100000&offset=0&output_type=4&realtime_end=2026-09-01&realtime_start=1776-07-04&series_id=CPIAUCNS&sort_order=asc&units=lin
CPIAUCNS,2015-04-01,236.59899999999999,2015-05-23T00:00:00Z,2015-05-22,fred-api-v1:query-c24ecc48228d416cec5da646a34f5ebc76a5e76b3d782164c7267a19b77721b3:content-9a74027936cb3ef5f8c48cd0ac207c4a68cc29760bf9f4eb9f45dcce39cbe988,https://api.stlouisfed.org/fred/series/observations?file_type=json&limit=100000&offset=0&output_type=4&realtime_end=2026-09-01&realtime_start=1776-07-04&series_id=CPIAUCNS&sort_order=asc&units=lin
CPIAUCNS,2015-05-01,237.80500000000001,2015-06-19T00:00:00Z,2015-06-18,fred-api-v1:query-c24ecc48228d416cec5da646a34f5ebc76a5e76b3d782164c7267a19b77721b3:content-9a74027936cb3ef5f8c48cd0ac207c4a68cc29760bf9f4eb9f45dcce39cbe988,https://api.stlouisfed.org/fred/series/observations?file_type=json&limit=100000&offset=0&output_type=4&realtime_end=2026-09-01&realtime_start=1776-07-04&series_id=CPIAUCNS&sort_order=asc&units=lin
CPIAUCNS,2015-06-01,238.63800000000001,2015-07-18T00:00:00Z,2015-07-17,fred-api-v1:query-c24ecc48228d416cec5da646a34f5ebc76a5e76b3d782164c7267a19b77721b3:content-9a74027936cb3ef5f8c48cd0ac207c4a68cc29760bf9f4eb9f45dcce39cbe988,https://api.stlouisfed.org/fred/series/observations?file_type=json&limit=100000&offset=0&output_type=4&realtime_end=2026-09-01&realtime_start=1776-07-04&series_id=CPIAUCNS&sort_order=asc&units=lin
CPIAUCNS,2015-07-01,238.654,2015-08-20T00:00:00Z,2015-08-19,fred-api-v1:query-c24ecc48228d416cec5da646a34f5ebc76a5e76b3d782164c7267a19b77721b3:content-9a74027936cb3ef5f8c48cd0ac207c4a68cc29760bf9f4eb9f45dcce39cbe988,https://api.stlouisfed.org/fred/series/observations?file_type=json&limit=100000&offset=0&output_type=4&realtime_end=2026-09-01&realtime_start=1776-07-04&series_id=CPIAUCNS&sort_order=asc&units=lin
CPIAUCNS,2015-08-01,238.316,2015-09-17T00:00:00Z,2015-09-16,fred-api-v1:query-c24ecc48228d416cec5da646a34f5ebc76a5e76b3d782164c7267a19b77721b3:content-9a74027936cb3ef5f8c48cd0ac207c4a68cc29760bf9f4eb9f45dcce39cbe988,https://api.stlouisfed.org/fred/series/observations?file_type=json&limit=100000&offset=0&output_type=4&realtime_end=2026-09-01&realtime_start=1776-07-04&series_id=CPIAUCNS&sort_order=asc&units=lin
CPIAUCNS,2015-09-01,237.94499999999999,2015-10-16T00:00:00Z,2015-10-15,fred-api-v1:query-c24ecc48228d416cec5da646a34f5ebc76a5e76b3d782164c7267a19b77721b3:content-9a74027936cb3ef5f8c48cd0ac207c4a68cc29760bf9f4eb9f45dcce39cbe988,https://api.stlouisfed.org/fred/series/observations?file_type=json&limit=100000&offset=0&output_type=4&realtime_end=2026-09-01&realtime_start=1776-07-04&series_id=CPIAUCNS&sort_order=asc&units=lin
CPIAUCNS,2015-10-01,237.83799999999999,2015-11-18T00:00:00Z,2015-11-17,fred-api-v1:query-c24ecc48228d416cec5da646a34f5ebc76a5e76b3d782164c7267a19b77721b3:content-9a74027936cb3ef5f8c48cd0ac207c4a68cc29760bf9f4eb9f45dcce39cbe988,https://api.stlouisfed.org/fred/series/observations?file_type=json&limit=100000&offset=0&output_type=4&realtime_end=2026-09-01&realtime_start=1776-07-04&series_id=CPIAUCNS&sort_order=asc&units=lin
CPIAUCNS,2015-11-01,237.33600000000001,2015-12-16T00:00:00Z,2015-12-15,fred-api-v1:query-c24ecc48228d416cec5da646a34f5ebc76a5e76b3d782164c7267a19b77721b3:content-9a74027936cb3ef5f8c48cd0ac207c4a68cc29760bf9f4eb9f45dcce39cbe988,https://api.stlouisfed.org/fred/series/observations?file_type=json&limit=100000&offset=0&output_type=4&realtime_end=2026-09-01&realtime_start=1776-07-04&series_id=CPIAUCNS&sort_order=asc&units=lin
CPIAUCNS,2015-12-01,236.52500000000001,2016-01-21T00:00:00Z,2016-01-20,fred-api-v1:query-c24ecc48228d416cec5da646a34f5ebc76a5e76b3d782164c7267a19b77721b3:content-9a74027936cb3ef5f8c48cd0ac207c4a68cc29760bf9f4eb9f45dcce39cbe988,https://api.stlouisfed.org/fred/series/observations?file_type=json&limit=100000&offset=0&output_type=4&realtime_end=2026-09-01&realtime_start=1776-07-04&series_id=CPIAUCNS&sort_order=asc&units=lin
CPIAUCNS,2016-01-01,236.916,2016-02-20T00:00:00Z,2016-02-19,fred-api-v1:query-c24ecc48228d416cec5da646a34f5ebc76a5e76b3d782164c7267a19b77721b3:content-9a74027936cb3ef5f8c48cd0ac207c4a68cc29760bf9f4eb9f45dcce39cbe988,https://api.stlouisfed.org/fred/series/observations?file_type=json&limit=100000&offset=0&output_type=4&realtime_end=2026-09-01&realtime_start=1776-07-04&series_id=CPIAUCNS&sort_order=asc&units=lin
CPIAUCNS,2016-02-01,237.11099999999999,2016-03-17T00:00:00Z,2016-03-16,fred-api-v1:query-c24ecc48228d416cec5da646a34f5ebc76a5e76b3d782164c7267a19b77721b3:content-9a74027936cb3ef5f8c48cd0ac207c4a68cc29760bf9f4eb9f45dcce39cbe988,https://api.stlouisfed.org/fred/series/observations?file_type=json&limit=100000&offset=0&output_type=4&realtime_end=2026-09-01&realtime_start=1776-07-04&series_id=CPIAUCNS&sort_order=asc&units=lin
CPIAUCNS,2016-03-01,238.13200000000001,2016-04-15T00:00:00Z,2016-04-14,fred-api-v1:query-c24ecc48228d416cec5da646a34f5ebc76a5e76b3d782164c7267a19b77721b3:content-9a74027936cb3ef5f8c48cd0ac207c4a68cc29760bf9f4eb9f45dcce39cbe988,https://api.stlouisfed.org/fred/series/observations?file_type=json&limit=100000&offset=0&output_type=4&realtime_end=2026-09-01&realtime_start=1776-07-04&series_id=CPIAUCNS&sort_order=asc&units=lin
CPIAUCNS,2016-04-01,239.261,2016-05-18T00:00:00Z,2016-05-17,fred-api-v1:query-c24ecc48228d416cec5da646a34f5ebc76a5e76b3d782164c7267a19b77721b3:content-9a74027936cb3ef5f8c48cd0ac207c4a68cc29760bf9f4eb9f45dcce39cbe988,https://api.stlouisfed.org/fred/series/observations?file_type=json&limit=100000&offset=0&output_type=4&realtime_end=2026-09-01&realtime_start=1776-07-04&series_id=CPIAUCNS&sort_order=asc&units=lin
CPIAUCNS,2016-05-01,240.23599999999999,2016-06-17T00:00:00Z,2016-06-16,fred-api-v1:query-c24ecc48228d416cec5da646a34f5ebc76a5e76b3d782164c7267a19b77721b3:content-9a74027936cb3ef5f8c48cd0ac207c4a68cc29760bf9f4eb9f45dcce39cbe988,https://api.stlouisfed.org/fred/series/observations?file_type=json&limit=100000&offset=0&output_type=4&realtime_end=2026-09-01&realtime_start=1776-07-04&series_id=CPIAUCNS&sort_order=asc&units=lin
CPIAUCNS,2016-06-01,241.03800000000001,2016-07-16T00:00:00Z,2016-07-15,fred-api-v1:query-c24ecc48228d416cec5da646a34f5ebc76a5e76b3d782164c7267a19b77721b3:content-9a74027936cb3ef5f8c48cd0ac207c4a68cc29760bf9f4eb9f45dcce39cbe988,https://api.stlouisfed.org/fred/series/observations?file_type=json&limit=100000&offset=0&output_type=4&realtime_end=2026-09-01&realtime_start=1776-07-04&series_id=CPIAUCNS&sort_order=asc&units=lin
CPIAUCNS,2016-07-01,240.64699999999999,2016-08-17T00:00:00Z,2016-08-16,fred-api-v1:query-c24ecc48228d416cec5da646a34f5ebc76a5e76b3d782164c7267a19b77721b3:content-9a74027936cb3ef5f8c48cd0ac207c4a68cc29760bf9f4eb9f45dcce39cbe988,https://api.stlouisfed.org/fred/series/observations?file_type=json&limit=100000&offset=0&output_type=4&realtime_end=2026-09-01&realtime_start=1776-07-04&series_id=CPIAUCNS&sort_order=asc&units=lin
CPIAUCNS,2016-08-01,240.85300000000001,2016-09-17T00:00:00Z,2016-09-16,fred-api-v1:query-c24ecc48228d416cec5da646a34f5ebc76a5e76b3d782164c7267a19b77721b3:content-9a74027936cb3ef5f8c48cd0ac207c4a68cc29760bf9f4eb9f45dcce39cbe988,https://api.stlouisfed.org/fred/series/observations?file_type=json&limit=100000&offset=0&output_type=4&realtime_end=2026-09-01&realtime_start=1776-07-04&series_id=CPIAUCNS&sort_order=asc&units=lin
CPIAUCNS,2016-09-01,241.428,2016-10-19T00:00:00Z,2016-10-18,fred-api-v1:query-c24ecc48228d416cec5da646a34f5ebc76a5e76b3d782164c7267a19b77721b3:content-9a74027936cb3ef5f8c48cd0ac207c4a68cc29760bf9f4eb9f45dcce39cbe988,https://api.stlouisfed.org/fred/series/observations?file_type=json&limit=100000&offset=0&output_type=4&realtime_end=2026-09-01&realtime_start=1776-07-04&series_id=CPIAUCNS&sort_order=asc&units=lin
CPIAUCNS,2016-10-01,241.72900000000001,2016-11-18T00:00:00Z,2016-11-17,fred-api-v1:query-c24ecc48228d416cec5da646a34f5ebc76a5e76b3d782164c7267a19b77721b3:content-9a74027936cb3ef5f8c48cd0ac207c4a68cc29760bf9f4eb9f45dcce39cbe988,https://api.stlouisfed.org/fred/series/observations?file_type=json&limit=100000&offset=0&output_type=4&realtime_end=2026-09-01&realtime_start=1776-07-04&series_id=CPIAUCNS&sort_order=asc&units=lin
CPIAUCNS,2016-11-01,241.35300000000001,2016-12-16T00:00:00Z,2016-12-15,fred-api-v1:query-c24ecc48228d416cec5da646a34f5ebc76a5e76b3d782164c7267a19b77721b3:content-9a74027936cb3ef5f8c48cd0ac207c4a68cc29760bf9f4eb9f45dcce39cbe988,https://api.stlouisfed.org/fred/series/observations?file_type=json&limit=100000&offset=0&output_type=4&realtime_end=2026-09-01&realtime_start=1776-07-04&series_id=CPIAUCNS&sort_order=asc&units=lin
CPIAUCNS,2016-12-01,241.43199999999999,2017-01-19T00:00:00Z,2017-01-18,fred-api-v1:query-c24ecc48228d416cec5da646a34f5ebc76a5e76b3d782164c7267a19b77721b3:content-9a74027936cb3ef5f8c48cd0ac207c4a68cc29760bf9f4eb9f45dcce39cbe988,https://api.stlouisfed.org/fred/series/observations?file_type=json&limit=100000&offset=0&output_type=4&realtime_end=2026-09-01&realtime_start=1776-07-04&series_id=CPIAUCNS&sort_order=asc&units=lin
CPIAUCNS,2017-01-01,242.839,2017-02-16T00:00:00Z,2017-02-15,fred-api-v1:query-c24ecc48228d416cec5da646a34f5ebc76a5e76b3d782164c7267a19b77721b3:content-9a74027936cb3ef5f8c48cd0ac207c4a68cc29760bf9f4eb9f45dcce39cbe988,https://api.stlouisfed.org/fred/series/observations?file_type=json&limit=100000&offset=0&output_type=4&realtime_end=2026-09-01&realtime_start=1776-07-04&series_id=CPIAUCNS&sort_order=asc&units=lin
CPIAUCNS,2017-02-01,243.60300000000001,2017-03-16T00:00:00Z,2017-03-15,fred-api-v1:query-c24ecc48228d416cec5da646a34f5ebc76a5e76b3d782164c7267a19b77721b3:content-9a74027936cb3ef5f8c48cd0ac207c4a68cc29760bf9f4eb9f45dcce39cbe988,https://api.stlouisfed.org/fred/series/observations?file_type=json&limit=100000&offset=0&output_type=4&realtime_end=2026-09-01&realtime_start=1776-07-04&series_id=CPIAUCNS&sort_order=asc&units=lin
CPIAUCNS,2017-03-01,243.80099999999999,2017-04-15T00:00:00Z,2017-04-14,fred-api-v1:query-c24ecc48228d416cec5da646a34f5ebc76a5e76b3d782164c7267a19b77721b3:content-9a74027936cb3ef5f8c48cd0ac207c4a68cc29760bf9f4eb9f45dcce39cbe988,https://api.stlouisfed.org/fred/series/observations?file_type=json&limit=100000&offset=0&output_type=4&realtime_end=2026-09-01&realtime_start=1776-07-04&series_id=CPIAUCNS&sort_order=asc&units=lin
CPIAUCNS,2017-04-01,244.524,2017-05-13T00:00:00Z,2017-05-12,fred-api-v1:query-c24ecc48228d416cec5da646a34f5ebc76a5e76b3d782164c7267a19b77721b3:content-9a74027936cb3ef5f8c48cd0ac207c4a68cc29760bf9f4eb9f45dcce39cbe988,https://api.stlouisfed.org/fred/series/observations?file_type=json&limit=100000&offset=0&output_type=4&realtime_end=2026-09-01&realtime_start=1776-07-04&series_id=CPIAUCNS&sort_order=asc&units=lin
CPIAUCNS,2017-05-01,244.733,2017-06-15T00:00:00Z,2017-06-14,fred-api-v1:query-c24ecc48228d416cec5da646a34f5ebc76a5e76b3d782164c7267a19b77721b3:content-9a74027936cb3ef5f8c48cd0ac207c4a68cc29760bf9f4eb9f45dcce39cbe988,https://api.stlouisfed.org/fred/series/observations?file_type=json&limit=100000&offset=0&output_type=4&realtime_end=2026-09-01&realtime_start=1776-07-04&series_id=CPIAUCNS&sort_order=asc&units=lin
CPIAUCNS,2017-06-01,244.95500000000001,2017-07-15T00:00:00Z,2017-07-14,fred-api-v1:query-c24ecc48228d416cec5da646a34f5ebc76a5e76b3d782164c7267a19b77721b3:content-9a74027936cb3ef5f8c48cd0ac207c4a68cc29760bf9f4eb9f45dcce39cbe988,https://api.stlouisfed.org/fred/series/observations?file_type=json&limit=100000&offset=0&output_type=4&realtime_end=2026-09-01&realtime_start=1776-07-04&series_id=CPIAUCNS&sort_order=asc&units=lin
CPIAUCNS,2017-07-01,244.786,2017-08-12T00:00:00Z,2017-08-11,fred-api-v1:query-c24ecc48228d416cec5da646a34f5ebc76a5e76b3d782164c7267a19b77721b3:content-9a74027936cb3ef5f8c48cd0ac207c4a68cc29760bf9f4eb9f45dcce39cbe988,https://api.stlouisfed.org/fred/series/observations?file_type=json&limit=100000&offset=0&output_type=4&realtime_end=2026-09-01&realtime_start=1776-07-04&series_id=CPIAUCNS&sort_order=asc&units=lin
CPIAUCNS,2017-08-01,245.51900000000001,2017-09-15T00:00:00Z,2017-09-14,fred-api-v1:query-c24ecc48228d416cec5da646a34f5ebc76a5e76b3d782164c7267a19b77721b3:content-9a74027936cb3ef5f8c48cd0ac207c4a68cc29760bf9f4eb9f45dcce39cbe988,https://api.stlouisfed.org/fred/series/observations?file_type=json&limit=100000&offset=0&output_type=4&realtime_end=2026-09-01&realtime_start=1776-07-04&series_id=CPIAUCNS&sort_order=asc&units=lin
CPIAUCNS,2017-09-01,246.81899999999999,2017-10-14T00:00:00Z,2017-10-13,fred-api-v1:query-c24ecc48228d416cec5da646a34f5ebc76a5e76b3d782164c7267a19b77721b3:content-9a74027936cb3ef5f8c48cd0ac207c4a68cc29760bf9f4eb9f45dcce39cbe988,https://api.stlouisfed.org/fred/series/observations?file_type=json&limit=100000&offset=0&output_type=4&realtime_end=2026-09-01&realtime_start=1776-07-04&series_id=CPIAUCNS&sort_order=asc&units=lin
CPIAUCNS,2017-10-01,246.66300000000001,2017-11-16T00:00:00Z,2017-11-15,fred-api-v1:query-c24ecc48228d416cec5da646a34f5ebc76a5e76b3d782164c7267a19b77721b3:content-9a74027936cb3ef5f8c48cd0ac207c4a68cc29760bf9f4eb9f45dcce39cbe988,https://api.stlouisfed.org/fred/series/observations?file_type=json&limit=100000&offset=0&output_type=4&realtime_end=2026-09-01&realtime_start=1776-07-04&series_id=CPIAUCNS&sort_order=asc&units=lin
CPIAUCNS,2017-11-01,246.66900000000001,2017-12-14T00:00:00Z,2017-12-13,fred-api-v1:query-c24ecc48228d416cec5da646a34f5ebc76a5e76b3d782164c7267a19b77721b3:content-9a74027936cb3ef5f8c48cd0ac207c4a68cc29760bf9f4eb9f45dcce39cbe988,https://api.stlouisfed.org/fred/series/observations?file_type=json&limit=100000&offset=0&output_type=4&realtime_end=2026-09-01&realtime_start=1776-07-04&series_id=CPIAUCNS&sort_order=asc&units=lin
CPIAUCNS,2017-12-01,246.524,2018-01-13T00:00:00Z,2018-01-12,fred-api-v1:query-c24ecc48228d416cec5da646a34f5ebc76a5e76b3d782164c7267a19b77721b3:content-9a74027936cb3ef5f8c48cd0ac207c4a68cc29760bf9f4eb9f45dcce39cbe988,https://api.stlouisfed.org/fred/series/observations?file_type=json&limit=100000&offset=0&output_type=4&realtime_end=2026-09-01&realtime_start=1776-07-04&series_id=CPIAUCNS&sort_order=asc&units=lin
CPIAUCNS,2018-01-01,247.86699999999999,2018-02-15T00:00:00Z,2018-02-14,fred-api-v1:query-c24ecc48228d416cec5da646a34f5ebc76a5e76b3d782164c7267a19b77721b3:content-9a74027936cb3ef5f8c48cd0ac207c4a68cc29760bf9f4eb9f45dcce39cbe988,https://api.stlouisfed.org/fred/series/observations?file_type=json&limit=100000&offset=0&output_type=4&realtime_end=2026-09-01&realtime_start=1776-07-04&series_id=CPIAUCNS&sort_order=asc&units=lin
CPIAUCNS,2018-02-01,248.99100000000001,2018-03-14T00:00:00Z,2018-03-13,fred-api-v1:query-c24ecc48228d416cec5da646a34f5ebc76a5e76b3d782164c7267a19b77721b3:content-9a74027936cb3ef5f8c48cd0ac207c4a68cc29760bf9f4eb9f45dcce39cbe988,https://api.stlouisfed.org/fred/series/observations?file_type=json&limit=100000&offset=0&output_type=4&realtime_end=2026-09-01&realtime_start=1776-07-04&series_id=CPIAUCNS&sort_order=asc&units=lin
CPIAUCNS,2018-03-01,249.554,2018-04-12T00:00:00Z,2018-04-11,fred-api-v1:query-c24ecc48228d416cec5da646a34f5ebc76a5e76b3d782164c7267a19b77721b3:content-9a74027936cb3ef5f8c48cd0ac207c4a68cc29760bf9f4eb9f45dcce39cbe988,https://api.stlouisfed.org/fred/series/observations?file_type=json&limit=100000&offset=0&output_type=4&realtime_end=2026-09-01&realtime_start=1776-07-04&series_id=CPIAUCNS&sort_order=asc&units=lin
CPIAUCNS,2018-04-01,250.54599999999999,2018-05-11T00:00:00Z,2018-05-10,fred-api-v1:query-c24ecc48228d416cec5da646a34f5ebc76a5e76b3d782164c7267a19b77721b3:content-9a74027936cb3ef5f8c48cd0ac207c4a68cc29760bf9f4eb9f45dcce39cbe988,https://api.stlouisfed.org/fred/series/observations?file_type=json&limit=100000&offset=0&output_type=4&realtime_end=2026-09-01&realtime_start=1776-07-04&series_id=CPIAUCNS&sort_order=asc&units=lin
CPIAUCNS,2018-05-01,251.58799999999999,2018-06-13T00:00:00Z,2018-06-12,fred-api-v1:query-c24ecc48228d416cec5da646a34f5ebc76a5e76b3d782164c7267a19b77721b3:content-9a74027936cb3ef5f8c48cd0ac207c4a68cc29760bf9f4eb9f45dcce39cbe988,https://api.stlouisfed.org/fred/series/observations?file_type=json&limit=100000&offset=0&output_type=4&realtime_end=2026-09-01&realtime_start=1776-07-04&series_id=CPIAUCNS&sort_order=asc&units=lin
CPIAUCNS,2018-06-01,251.989,2018-07-13T00:00:00Z,2018-07-12,fred-api-v1:query-c24ecc48228d416cec5da646a34f5ebc76a5e76b3d782164c7267a19b77721b3:content-9a74027936cb3ef5f8c48cd0ac207c4a68cc29760bf9f4eb9f45dcce39cbe988,https://api.stlouisfed.org/fred/series/observations?file_type=json&limit=100000&offset=0&output_type=4&realtime_end=2026-09-01&realtime_start=1776-07-04&series_id=CPIAUCNS&sort_order=asc&units=lin
CPIAUCNS,2018-07-01,252.006,2018-08-11T00:00:00Z,2018-08-10,fred-api-v1:query-c24ecc48228d416cec5da646a34f5ebc76a5e76b3d782164c7267a19b77721b3:content-9a74027936cb3ef5f8c48cd0ac207c4a68cc29760bf9f4eb9f45dcce39cbe988,https://api.stlouisfed.org/fred/series/observations?file_type=json&limit=100000&offset=0&output_type=4&realtime_end=2026-09-01&realtime_start=1776-07-04&series_id=CPIAUCNS&sort_order=asc&units=lin
CPIAUCNS,2018-08-01,252.14599999999999,2018-09-14T00:00:00Z,2018-09-13,fred-api-v1:query-c24ecc48228d416cec5da646a34f5ebc76a5e76b3d782164c7267a19b77721b3:content-9a74027936cb3ef5f8c48cd0ac207c4a68cc29760bf9f4eb9f45dcce39cbe988,https://api.stlouisfed.org/fred/series/observations?file_type=json&limit=100000&offset=0&output_type=4&realtime_end=2026-09-01&realtime_start=1776-07-04&series_id=CPIAUCNS&sort_order=asc&units=lin
CPIAUCNS,2018-09-01,252.43899999999999,2018-10-12T00:00:00Z,2018-10-11,fred-api-v1:query-c24ecc48228d416cec5da646a34f5ebc76a5e76b3d782164c7267a19b77721b3:content-9a74027936cb3ef5f8c48cd0ac207c4a68cc29760bf9f4eb9f45dcce39cbe988,https://api.stlouisfed.org/fred/series/observations?file_type=json&limit=100000&offset=0&output_type=4&realtime_end=2026-09-01&realtime_start=1776-07-04&series_id=CPIAUCNS&sort_order=asc&units=lin
CPIAUCNS,2018-10-01,252.88499999999999,2018-11-15T00:00:00Z,2018-11-14,fred-api-v1:query-c24ecc48228d416cec5da646a34f5ebc76a5e76b3d782164c7267a19b77721b3:content-9a74027936cb3ef5f8c48cd0ac207c4a68cc29760bf9f4eb9f45dcce39cbe988,https://api.stlouisfed.org/fred/series/observations?file_type=json&limit=100000&offset=0&output_type=4&realtime_end=2026-09-01&realtime_start=1776-07-04&series_id=CPIAUCNS&sort_order=asc&units=lin
CPIAUCNS,2018-11-01,252.03800000000001,2018-12-13T00:00:00Z,2018-12-12,fred-api-v1:query-c24ecc48228d416cec5da646a34f5ebc76a5e76b3d782164c7267a19b77721b3:content-9a74027936cb3ef5f8c48cd0ac207c4a68cc29760bf9f4eb9f45dcce39cbe988,https://api.stlouisfed.org/fred/series/observations?file_type=json&limit=100000&offset=0&output_type=4&realtime_end=2026-09-01&realtime_start=1776-07-04&series_id=CPIAUCNS&sort_order=asc&units=lin
CPIAUCNS,2018-12-01,251.233,2019-01-12T00:00:00Z,2019-01-11,fred-api-v1:query-c24ecc48228d416cec5da646a34f5ebc76a5e76b3d782164c7267a19b77721b3:content-9a74027936cb3ef5f8c48cd0ac207c4a68cc29760bf9f4eb9f45dcce39cbe988,https://api.stlouisfed.org/fred/series/observations?file_type=json&limit=100000&offset=0&output_type=4&realtime_end=2026-09-01&realtime_start=1776-07-04&series_id=CPIAUCNS&sort_order=asc&units=lin
CPIAUCNS,2019-01-01,251.71199999999999,2019-02-14T00:00:00Z,2019-02-13,fred-api-v1:query-c24ecc48228d416cec5da646a34f5ebc76a5e76b3d782164c7267a19b77721b3:content-9a74027936cb3ef5f8c48cd0ac207c4a68cc29760bf9f4eb9f45dcce39cbe988,https://api.stlouisfed.org/fred/series/observations?file_type=json&limit=100000&offset=0&output_type=4&realtime_end=2026-09-01&realtime_start=1776-07-04&series_id=CPIAUCNS&sort_order=asc&units=lin
CPIAUCNS,2019-02-01,252.77600000000001,2019-03-13T00:00:00Z,2019-03-12,fred-api-v1:query-c24ecc48228d416cec5da646a34f5ebc76a5e76b3d782164c7267a19b77721b3:content-9a74027936cb3ef5f8c48cd0ac207c4a68cc29760bf9f4eb9f45dcce39cbe988,https://api.stlouisfed.org/fred/series/observations?file_type=json&limit=100000&offset=0&output_type=4&realtime_end=2026-09-01&realtime_start=1776-07-04&series_id=CPIAUCNS&sort_order=asc&units=lin
CPIAUCNS,2019-03-01,254.202,2019-04-11T00:00:00Z,2019-04-10,fred-api-v1:query-c24ecc48228d416cec5da646a34f5ebc76a5e76b3d782164c7267a19b77721b3:content-9a74027936cb3ef5f8c48cd0ac207c4a68cc29760bf9f4eb9f45dcce39cbe988,https://api.stlouisfed.org/fred/series/observations?file_type=json&limit=100000&offset=0&output_type=4&realtime_end=2026-09-01&realtime_start=1776-07-04&series_id=CPIAUCNS&sort_order=asc&units=lin
CPIAUCNS,2019-04-01,255.548,2019-05-11T00:00:00Z,2019-05-10,fred-api-v1:query-c24ecc48228d416cec5da646a34f5ebc76a5e76b3d782164c7267a19b77721b3:content-9a74027936cb3ef5f8c48cd0ac207c4a68cc29760bf9f4eb9f45dcce39cbe988,https://api.stlouisfed.org/fred/series/observations?file_type=json&limit=100000&offset=0&output_type=4&realtime_end=2026-09-01&realtime_start=1776-07-04&series_id=CPIAUCNS&sort_order=asc&units=lin
CPIAUCNS,2019-05-01,256.09199999999998,2019-06-13T00:00:00Z,2019-06-12,fred-api-v1:query-c24ecc48228d416cec5da646a34f5ebc76a5e76b3d782164c7267a19b77721b3:content-9a74027936cb3ef5f8c48cd0ac207c4a68cc29760bf9f4eb9f45dcce39cbe988,https://api.stlouisfed.org/fred/series/observations?file_type=json&limit=100000&offset=0&output_type=4&realtime_end=2026-09-01&realtime_start=1776-07-04&series_id=CPIAUCNS&sort_order=asc&units=lin
CPIAUCNS,2019-06-01,256.14299999999997,2019-07-12T00:00:00Z,2019-07-11,fred-api-v1:query-c24ecc48228d416cec5da646a34f5ebc76a5e76b3d782164c7267a19b77721b3:content-9a74027936cb3ef5f8c48cd0ac207c4a68cc29760bf9f4eb9f45dcce39cbe988,https://api.stlouisfed.org/fred/series/observations?file_type=json&limit=100000&offset=0&output_type=4&realtime_end=2026-09-01&realtime_start=1776-07-04&series_id=CPIAUCNS&sort_order=asc&units=lin
CPIAUCNS,2019-07-01,256.57100000000003,2019-08-14T00:00:00Z,2019-08-13,fred-api-v1:query-c24ecc48228d416cec5da646a34f5ebc76a5e76b3d782164c7267a19b77721b3:content-9a74027936cb3ef5f8c48cd0ac207c4a68cc29760bf9f4eb9f45dcce39cbe988,https://api.stlouisfed.org/fred/series/observations?file_type=json&limit=100000&offset=0&output_type=4&realtime_end=2026-09-01&realtime_start=1776-07-04&series_id=CPIAUCNS&sort_order=asc&units=lin
CPIAUCNS,2019-08-01,256.55799999999999,2019-09-13T00:00:00Z,2019-09-12,fred-api-v1:query-c24ecc48228d416cec5da646a34f5ebc76a5e76b3d782164c7267a19b77721b3:content-9a74027936cb3ef5f8c48cd0ac207c4a68cc29760bf9f4eb9f45dcce39cbe988,https://api.stlouisfed.org/fred/series/observations?file_type=json&limit=100000&offset=0&output_type=4&realtime_end=2026-09-01&realtime_start=1776-07-04&series_id=CPIAUCNS&sort_order=asc&units=lin
CPIAUCNS,2019-09-01,256.75900000000001,2019-10-11T00:00:00Z,2019-10-10,fred-api-v1:query-c24ecc48228d416cec5da646a34f5ebc76a5e76b3d782164c7267a19b77721b3:content-9a74027936cb3ef5f8c48cd0ac207c4a68cc29760bf9f4eb9f45dcce39cbe988,https://api.stlouisfed.org/fred/series/observations?file_type=json&limit=100000&offset=0&output_type=4&realtime_end=2026-09-01&realtime_start=1776-07-04&series_id=CPIAUCNS&sort_order=asc&units=lin
CPIAUCNS,2019-10-01,257.346,2019-11-14T00:00:00Z,2019-11-13,fred-api-v1:query-c24ecc48228d416cec5da646a34f5ebc76a5e76b3d782164c7267a19b77721b3:content-9a74027936cb3ef5f8c48cd0ac207c4a68cc29760bf9f4eb9f45dcce39cbe988,https://api.stlouisfed.org/fred/series/observations?file_type=json&limit=100000&offset=0&output_type=4&realtime_end=2026-09-01&realtime_start=1776-07-04&series_id=CPIAUCNS&sort_order=asc&units=lin
CPIAUCNS,2019-11-01,257.20800000000003,2019-12-12T00:00:00Z,2019-12-11,fred-api-v1:query-c24ecc48228d416cec5da646a34f5ebc76a5e76b3d782164c7267a19b77721b3:content-9a74027936cb3ef5f8c48cd0ac207c4a68cc29760bf9f4eb9f45dcce39cbe988,https://api.stlouisfed.org/fred/series/observations?file_type=json&limit=100000&offset=0&output_type=4&realtime_end=2026-09-01&realtime_start=1776-07-04&series_id=CPIAUCNS&sort_order=asc&units=lin
CPIAUCNS,2019-12-01,256.97399999999999,2020-01-15T00:00:00Z,2020-01-14,fred-api-v1:query-c24ecc48228d416cec5da646a34f5ebc76a5e76b3d782164c7267a19b77721b3:content-9a74027936cb3ef5f8c48cd0ac207c4a68cc29760bf9f4eb9f45dcce39cbe988,https://api.stlouisfed.org/fred/series/observations?file_type=json&limit=100000&offset=0&output_type=4&realtime_end=2026-09-01&realtime_start=1776-07-04&series_id=CPIAUCNS&sort_order=asc&units=lin
CPIAUCNS,2020-01-01,257.971,2020-02-14T00:00:00Z,2020-02-13,fred-api-v1:query-c24ecc48228d416cec5da646a34f5ebc76a5e76b3d782164c7267a19b77721b3:content-9a74027936cb3ef5f8c48cd0ac207c4a68cc29760bf9f4eb9f45dcce39cbe988,https://api.stlouisfed.org/fred/series/observations?file_type=json&limit=100000&offset=0&output_type=4&realtime_end=2026-09-01&realtime_start=1776-07-04&series_id=CPIAUCNS&sort_order=asc&units=lin
CPIAUCNS,2020-02-01,258.678,2020-03-12T00:00:00Z,2020-03-11,fred-api-v1:query-c24ecc48228d416cec5da646a34f5ebc76a5e76b3d782164c7267a19b77721b3:content-9a74027936cb3ef5f8c48cd0ac207c4a68cc29760bf9f4eb9f45dcce39cbe988,https://api.stlouisfed.org/fred/series/observations?file_type=json&limit=100000&offset=0&output_type=4&realtime_end=2026-09-01&realtime_start=1776-07-04&series_id=CPIAUCNS&sort_order=asc&units=lin
CPIAUCNS,2020-03-01,258.11500000000001,2020-04-11T00:00:00Z,2020-04-10,fred-api-v1:query-c24ecc48228d416cec5da646a34f5ebc76a5e76b3d782164c7267a19b77721b3:content-9a74027936cb3ef5f8c48cd0ac207c4a68cc29760bf9f4eb9f45dcce39cbe988,https://api.stlouisfed.org/fred/series/observations?file_type=json&limit=100000&offset=0&output_type=4&realtime_end=2026-09-01&realtime_start=1776-07-04&series_id=CPIAUCNS&sort_order=asc&units=lin
CPIAUCNS,2020-04-01,256.38900000000001,2020-05-13T00:00:00Z,2020-05-12,fred-api-v1:query-c24ecc48228d416cec5da646a34f5ebc76a5e76b3d782164c7267a19b77721b3:content-9a74027936cb3ef5f8c48cd0ac207c4a68cc29760bf9f4eb9f45dcce39cbe988,https://api.stlouisfed.org/fred/series/observations?file_type=json&limit=100000&offset=0&output_type=4&realtime_end=2026-09-01&realtime_start=1776-07-04&series_id=CPIAUCNS&sort_order=asc&units=lin
CPIAUCNS,2020-05-01,256.39400000000001,2020-06-11T00:00:00Z,2020-06-10,fred-api-v1:query-c24ecc48228d416cec5da646a34f5ebc76a5e76b3d782164c7267a19b77721b3:content-9a74027936cb3ef5f8c48cd0ac207c4a68cc29760bf9f4eb9f45dcce39cbe988,https://api.stlouisfed.org/fred/series/observations?file_type=json&limit=100000&offset=0&output_type=4&realtime_end=2026-09-01&realtime_start=1776-07-04&series_id=CPIAUCNS&sort_order=asc&units=lin
CPIAUCNS,2020-06-01,257.79700000000003,2020-07-15T00:00:00Z,2020-07-14,fred-api-v1:query-c24ecc48228d416cec5da646a34f5ebc76a5e76b3d782164c7267a19b77721b3:content-9a74027936cb3ef5f8c48cd0ac207c4a68cc29760bf9f4eb9f45dcce39cbe988,https://api.stlouisfed.org/fred/series/observations?file_type=json&limit=100000&offset=0&output_type=4&realtime_end=2026-09-01&realtime_start=1776-07-04&series_id=CPIAUCNS&sort_order=asc&units=lin
CPIAUCNS,2020-07-01,259.101,2020-08-13T00:00:00Z,2020-08-12,fred-api-v1:query-c24ecc48228d416cec5da646a34f5ebc76a5e76b3d782164c7267a19b77721b3:content-9a74027936cb3ef5f8c48cd0ac207c4a68cc29760bf9f4eb9f45dcce39cbe988,https://api.stlouisfed.org/fred/series/observations?file_type=json&limit=100000&offset=0&output_type=4&realtime_end=2026-09-01&realtime_start=1776-07-04&series_id=CPIAUCNS&sort_order=asc&units=lin
CPIAUCNS,2020-08-01,259.91800000000001,2020-09-12T00:00:00Z,2020-09-11,fred-api-v1:query-c24ecc48228d416cec5da646a34f5ebc76a5e76b3d782164c7267a19b77721b3:content-9a74027936cb3ef5f8c48cd0ac207c4a68cc29760bf9f4eb9f45dcce39cbe988,https://api.stlouisfed.org/fred/series/observations?file_type=json&limit=100000&offset=0&output_type=4&realtime_end=2026-09-01&realtime_start=1776-07-04&series_id=CPIAUCNS&sort_order=asc&units=lin
CPIAUCNS,2020-09-01,260.27999999999997,2020-10-14T00:00:00Z,2020-10-13,fred-api-v1:query-c24ecc48228d416cec5da646a34f5ebc76a5e76b3d782164c7267a19b77721b3:content-9a74027936cb3ef5f8c48cd0ac207c4a68cc29760bf9f4eb9f45dcce39cbe988,https://api.stlouisfed.org/fred/series/observations?file_type=json&limit=100000&offset=0&output_type=4&realtime_end=2026-09-01&realtime_start=1776-07-04&series_id=CPIAUCNS&sort_order=asc&units=lin
CPIAUCNS,2020-10-01,260.38799999999998,2020-11-13T00:00:00Z,2020-11-12,fred-api-v1:query-c24ecc48228d416cec5da646a34f5ebc76a5e76b3d782164c7267a19b77721b3:content-9a74027936cb3ef5f8c48cd0ac207c4a68cc29760bf9f4eb9f45dcce39cbe988,https://api.stlouisfed.org/fred/series/observations?file_type=json&limit=100000&offset=0&output_type=4&realtime_end=2026-09-01&realtime_start=1776-07-04&series_id=CPIAUCNS&sort_order=asc&units=lin
CPIAUCNS,2020-11-01,260.22899999999998,2020-12-11T00:00:00Z,2020-12-10,fred-api-v1:query-c24ecc48228d416cec5da646a34f5ebc76a5e76b3d782164c7267a19b77721b3:content-9a74027936cb3ef5f8c48cd0ac207c4a68cc29760bf9f4eb9f45dcce39cbe988,https://api.stlouisfed.org/fred/series/observations?file_type=json&limit=100000&offset=0&output_type=4&realtime_end=2026-09-01&realtime_start=1776-07-04&series_id=CPIAUCNS&sort_order=asc&units=lin
CPIAUCNS,2020-12-01,260.47399999999999,2021-01-14T00:00:00Z,2021-01-13,fred-api-v1:query-c24ecc48228d416cec5da646a34f5ebc76a5e76b3d782164c7267a19b77721b3:content-9a74027936cb3ef5f8c48cd0ac207c4a68cc29760bf9f4eb9f45dcce39cbe988,https://api.stlouisfed.org/fred/series/observations?file_type=json&limit=100000&offset=0&output_type=4&realtime_end=2026-09-01&realtime_start=1776-07-04&series_id=CPIAUCNS&sort_order=asc&units=lin
CPIAUCNS,2021-01-01,261.58199999999999,2021-02-11T00:00:00Z,2021-02-10,fred-api-v1:query-c24ecc48228d416cec5da646a34f5ebc76a5e76b3d782164c7267a19b77721b3:content-9a74027936cb3ef5f8c48cd0ac207c4a68cc29760bf9f4eb9f45dcce39cbe988,https://api.stlouisfed.org/fred/series/observations?file_type=json&limit=100000&offset=0&output_type=4&realtime_end=2026-09-01&realtime_start=1776-07-04&series_id=CPIAUCNS&sort_order=asc&units=lin
CPIAUCNS,2021-02-01,263.01400000000001,2021-03-11T00:00:00Z,2021-03-10,fred-api-v1:query-c24ecc48228d416cec5da646a34f5ebc76a5e76b3d782164c7267a19b77721b3:content-9a74027936cb3ef5f8c48cd0ac207c4a68cc29760bf9f4eb9f45dcce39cbe988,https://api.stlouisfed.org/fred/series/observations?file_type=json&limit=100000&offset=0&output_type=4&realtime_end=2026-09-01&realtime_start=1776-07-04&series_id=CPIAUCNS&sort_order=asc&units=lin
CPIAUCNS,2021-03-01,264.87700000000001,2021-04-14T00:00:00Z,2021-04-13,fred-api-v1:query-c24ecc48228d416cec5da646a34f5ebc76a5e76b3d782164c7267a19b77721b3:content-9a74027936cb3ef5f8c48cd0ac207c4a68cc29760bf9f4eb9f45dcce39cbe988,https://api.stlouisfed.org/fred/series/observations?file_type=json&limit=100000&offset=0&output_type=4&realtime_end=2026-09-01&realtime_start=1776-07-04&series_id=CPIAUCNS&sort_order=asc&units=lin
CPIAUCNS,2021-04-01,267.05399999999997,2021-05-13T00:00:00Z,2021-05-12,fred-api-v1:query-c24ecc48228d416cec5da646a34f5ebc76a5e76b3d782164c7267a19b77721b3:content-9a74027936cb3ef5f8c48cd0ac207c4a68cc29760bf9f4eb9f45dcce39cbe988,https://api.stlouisfed.org/fred/series/observations?file_type=json&limit=100000&offset=0&output_type=4&realtime_end=2026-09-01&realtime_start=1776-07-04&series_id=CPIAUCNS&sort_order=asc&units=lin
CPIAUCNS,2021-05-01,269.19499999999999,2021-06-11T00:00:00Z,2021-06-10,fred-api-v1:query-c24ecc48228d416cec5da646a34f5ebc76a5e76b3d782164c7267a19b77721b3:content-9a74027936cb3ef5f8c48cd0ac207c4a68cc29760bf9f4eb9f45dcce39cbe988,https://api.stlouisfed.org/fred/series/observations?file_type=json&limit=100000&offset=0&output_type=4&realtime_end=2026-09-01&realtime_start=1776-07-04&series_id=CPIAUCNS&sort_order=asc&units=lin
CPIAUCNS,2021-06-01,271.69600000000003,2021-07-14T00:00:00Z,2021-07-13,fred-api-v1:query-c24ecc48228d416cec5da646a34f5ebc76a5e76b3d782164c7267a19b77721b3:content-9a74027936cb3ef5f8c48cd0ac207c4a68cc29760bf9f4eb9f45dcce39cbe988,https://api.stlouisfed.org/fred/series/observations?file_type=json&limit=100000&offset=0&output_type=4&realtime_end=2026-09-01&realtime_start=1776-07-04&series_id=CPIAUCNS&sort_order=asc&units=lin
CPIAUCNS,2021-07-01,273.00299999999999,2021-08-12T00:00:00Z,2021-08-11,fred-api-v1:query-c24ecc48228d416cec5da646a34f5ebc76a5e76b3d782164c7267a19b77721b3:content-9a74027936cb3ef5f8c48cd0ac207c4a68cc29760bf9f4eb9f45dcce39cbe988,https://api.stlouisfed.org/fred/series/observations?file_type=json&limit=100000&offset=0&output_type=4&realtime_end=2026-09-01&realtime_start=1776-07-04&series_id=CPIAUCNS&sort_order=asc&units=lin
CPIAUCNS,2021-08-01,273.56700000000001,2021-09-15T00:00:00Z,2021-09-14,fred-api-v1:query-c24ecc48228d416cec5da646a34f5ebc76a5e76b3d782164c7267a19b77721b3:content-9a74027936cb3ef5f8c48cd0ac207c4a68cc29760bf9f4eb9f45dcce39cbe988,https://api.stlouisfed.org/fred/series/observations?file_type=json&limit=100000&offset=0&output_type=4&realtime_end=2026-09-01&realtime_start=1776-07-04&series_id=CPIAUCNS&sort_order=asc&units=lin
CPIAUCNS,2021-09-01,274.31,2021-10-14T00:00:00Z,2021-10-13,fred-api-v1:query-c24ecc48228d416cec5da646a34f5ebc76a5e76b3d782164c7267a19b77721b3:content-9a74027936cb3ef5f8c48cd0ac207c4a68cc29760bf9f4eb9f45dcce39cbe988,https://api.stlouisfed.org/fred/series/observations?file_type=json&limit=100000&offset=0&output_type=4&realtime_end=2026-09-01&realtime_start=1776-07-04&series_id=CPIAUCNS&sort_order=asc&units=lin
CPIAUCNS,2021-10-01,276.589,2021-11-11T00:00:00Z,2021-11-10,fred-api-v1:query-c24ecc48228d416cec5da646a34f5ebc76a5e76b3d782164c7267a19b77721b3:content-9a74027936cb3ef5f8c48cd0ac207c4a68cc29760bf9f4eb9f45dcce39cbe988,https://api.stlouisfed.org/fred/series/observations?file_type=json&limit=100000&offset=0&output_type=4&realtime_end=2026-09-01&realtime_start=1776-07-04&series_id=CPIAUCNS&sort_order=asc&units=lin
CPIAUCNS,2021-11-01,277.94799999999998,2021-12-11T00:00:00Z,2021-12-10,fred-api-v1:query-c24ecc48228d416cec5da646a34f5ebc76a5e76b3d782164c7267a19b77721b3:content-9a74027936cb3ef5f8c48cd0ac207c4a68cc29760bf9f4eb9f45dcce39cbe988,https://api.stlouisfed.org/fred/series/observations?file_type=json&limit=100000&offset=0&output_type=4&realtime_end=2026-09-01&realtime_start=1776-07-04&series_id=CPIAUCNS&sort_order=asc&units=lin
CPIAUCNS,2021-12-01,278.80200000000002,2022-01-13T00:00:00Z,2022-01-12,fred-api-v1:query-c24ecc48228d416cec5da646a34f5ebc76a5e76b3d782164c7267a19b77721b3:content-9a74027936cb3ef5f8c48cd0ac207c4a68cc29760bf9f4eb9f45dcce39cbe988,https://api.stlouisfed.org/fred/series/observations?file_type=json&limit=100000&offset=0&output_type=4&realtime_end=2026-09-01&realtime_start=1776-07-04&series_id=CPIAUCNS&sort_order=asc&units=lin
CPIAUCNS,2022-01-01,281.14800000000002,2022-02-11T00:00:00Z,2022-02-10,fred-api-v1:query-c24ecc48228d416cec5da646a34f5ebc76a5e76b3d782164c7267a19b77721b3:content-9a74027936cb3ef5f8c48cd0ac207c4a68cc29760bf9f4eb9f45dcce39cbe988,https://api.stlouisfed.org/fred/series/observations?file_type=json&limit=100000&offset=0&output_type=4&realtime_end=2026-09-01&realtime_start=1776-07-04&series_id=CPIAUCNS&sort_order=asc&units=lin
CPIAUCNS,2022-02-01,283.71600000000001,2022-03-11T00:00:00Z,2022-03-10,fred-api-v1:query-c24ecc48228d416cec5da646a34f5ebc76a5e76b3d782164c7267a19b77721b3:content-9a74027936cb3ef5f8c48cd0ac207c4a68cc29760bf9f4eb9f45dcce39cbe988,https://api.stlouisfed.org/fred/series/observations?file_type=json&limit=100000&offset=0&output_type=4&realtime_end=2026-09-01&realtime_start=1776-07-04&series_id=CPIAUCNS&sort_order=asc&units=lin
CPIAUCNS,2022-03-01,287.50400000000002,2022-04-13T00:00:00Z,2022-04-12,fred-api-v1:query-c24ecc48228d416cec5da646a34f5ebc76a5e76b3d782164c7267a19b77721b3:content-9a74027936cb3ef5f8c48cd0ac207c4a68cc29760bf9f4eb9f45dcce39cbe988,https://api.stlouisfed.org/fred/series/observations?file_type=json&limit=100000&offset=0&output_type=4&realtime_end=2026-09-01&realtime_start=1776-07-04&series_id=CPIAUCNS&sort_order=asc&units=lin
CPIAUCNS,2022-04-01,289.10899999999998,2022-05-12T00:00:00Z,2022-05-11,fred-api-v1:query-c24ecc48228d416cec5da646a34f5ebc76a5e76b3d782164c7267a19b77721b3:content-9a74027936cb3ef5f8c48cd0ac207c4a68cc29760bf9f4eb9f45dcce39cbe988,https://api.stlouisfed.org/fred/series/observations?file_type=json&limit=100000&offset=0&output_type=4&realtime_end=2026-09-01&realtime_start=1776-07-04&series_id=CPIAUCNS&sort_order=asc&units=lin
CPIAUCNS,2022-05-01,292.29599999999999,2022-06-11T00:00:00Z,2022-06-10,fred-api-v1:query-c24ecc48228d416cec5da646a34f5ebc76a5e76b3d782164c7267a19b77721b3:content-9a74027936cb3ef5f8c48cd0ac207c4a68cc29760bf9f4eb9f45dcce39cbe988,https://api.stlouisfed.org/fred/series/observations?file_type=json&limit=100000&offset=0&output_type=4&realtime_end=2026-09-01&realtime_start=1776-07-04&series_id=CPIAUCNS&sort_order=asc&units=lin
CPIAUCNS,2022-06-01,296.31099999999998,2022-07-14T00:00:00Z,2022-07-13,fred-api-v1:query-c24ecc48228d416cec5da646a34f5ebc76a5e76b3d782164c7267a19b77721b3:content-9a74027936cb3ef5f8c48cd0ac207c4a68cc29760bf9f4eb9f45dcce39cbe988,https://api.stlouisfed.org/fred/series/observations?file_type=json&limit=100000&offset=0&output_type=4&realtime_end=2026-09-01&realtime_start=1776-07-04&series_id=CPIAUCNS&sort_order=asc&units=lin
CPIAUCNS,2022-07-01,296.27600000000001,2022-08-11T00:00:00Z,2022-08-10,fred-api-v1:query-c24ecc48228d416cec5da646a34f5ebc76a5e76b3d782164c7267a19b77721b3:content-9a74027936cb3ef5f8c48cd0ac207c4a68cc29760bf9f4eb9f45dcce39cbe988,https://api.stlouisfed.org/fred/series/observations?file_type=json&limit=100000&offset=0&output_type=4&realtime_end=2026-09-01&realtime_start=1776-07-04&series_id=CPIAUCNS&sort_order=asc&units=lin
CPIAUCNS,2022-08-01,296.17099999999999,2022-09-14T00:00:00Z,2022-09-13,fred-api-v1:query-c24ecc48228d416cec5da646a34f5ebc76a5e76b3d782164c7267a19b77721b3:content-9a74027936cb3ef5f8c48cd0ac207c4a68cc29760bf9f4eb9f45dcce39cbe988,https://api.stlouisfed.org/fred/series/observations?file_type=json&limit=100000&offset=0&output_type=4&realtime_end=2026-09-01&realtime_start=1776-07-04&series_id=CPIAUCNS&sort_order=asc&units=lin
CPIAUCNS,2022-09-01,296.80799999999999,2022-10-14T00:00:00Z,2022-10-13,fred-api-v1:query-c24ecc48228d416cec5da646a34f5ebc76a5e76b3d782164c7267a19b77721b3:content-9a74027936cb3ef5f8c48cd0ac207c4a68cc29760bf9f4eb9f45dcce39cbe988,https://api.stlouisfed.org/fred/series/observations?file_type=json&limit=100000&offset=0&output_type=4&realtime_end=2026-09-01&realtime_start=1776-07-04&series_id=CPIAUCNS&sort_order=asc&units=lin
CPIAUCNS,2022-10-01,298.012,2022-11-11T00:00:00Z,2022-11-10,fred-api-v1:query-c24ecc48228d416cec5da646a34f5ebc76a5e76b3d782164c7267a19b77721b3:content-9a74027936cb3ef5f8c48cd0ac207c4a68cc29760bf9f4eb9f45dcce39cbe988,https://api.stlouisfed.org/fred/series/observations?file_type=json&limit=100000&offset=0&output_type=4&realtime_end=2026-09-01&realtime_start=1776-07-04&series_id=CPIAUCNS&sort_order=asc&units=lin
CPIAUCNS,2022-11-01,297.71100000000001,2022-12-14T00:00:00Z,2022-12-13,fred-api-v1:query-c24ecc48228d416cec5da646a34f5ebc76a5e76b3d782164c7267a19b77721b3:content-9a74027936cb3ef5f8c48cd0ac207c4a68cc29760bf9f4eb9f45dcce39cbe988,https://api.stlouisfed.org/fred/series/observations?file_type=json&limit=100000&offset=0&output_type=4&realtime_end=2026-09-01&realtime_start=1776-07-04&series_id=CPIAUCNS&sort_order=asc&units=lin
CPIAUCNS,2022-12-01,296.79700000000003,2023-01-13T00:00:00Z,2023-01-12,fred-api-v1:query-c24ecc48228d416cec5da646a34f5ebc76a5e76b3d782164c7267a19b77721b3:content-9a74027936cb3ef5f8c48cd0ac207c4a68cc29760bf9f4eb9f45dcce39cbe988,https://api.stlouisfed.org/fred/series/observations?file_type=json&limit=100000&offset=0&output_type=4&realtime_end=2026-09-01&realtime_start=1776-07-04&series_id=CPIAUCNS&sort_order=asc&units=lin
CPIAUCNS,2023-01-01,299.17000000000002,2023-02-15T00:00:00Z,2023-02-14,fred-api-v1:query-c24ecc48228d416cec5da646a34f5ebc76a5e76b3d782164c7267a19b77721b3:content-9a74027936cb3ef5f8c48cd0ac207c4a68cc29760bf9f4eb9f45dcce39cbe988,https://api.stlouisfed.org/fred/series/observations?file_type=json&limit=100000&offset=0&output_type=4&realtime_end=2026-09-01&realtime_start=1776-07-04&series_id=CPIAUCNS&sort_order=asc&units=lin
CPIAUCNS,2023-02-01,300.83999999999997,2023-03-15T00:00:00Z,2023-03-14,fred-api-v1:query-c24ecc48228d416cec5da646a34f5ebc76a5e76b3d782164c7267a19b77721b3:content-9a74027936cb3ef5f8c48cd0ac207c4a68cc29760bf9f4eb9f45dcce39cbe988,https://api.stlouisfed.org/fred/series/observations?file_type=json&limit=100000&offset=0&output_type=4&realtime_end=2026-09-01&realtime_start=1776-07-04&series_id=CPIAUCNS&sort_order=asc&units=lin
CPIAUCNS,2023-03-01,301.83600000000001,2023-04-13T00:00:00Z,2023-04-12,fred-api-v1:query-c24ecc48228d416cec5da646a34f5ebc76a5e76b3d782164c7267a19b77721b3:content-9a74027936cb3ef5f8c48cd0ac207c4a68cc29760bf9f4eb9f45dcce39cbe988,https://api.stlouisfed.org/fred/series/observations?file_type=json&limit=100000&offset=0&output_type=4&realtime_end=2026-09-01&realtime_start=1776-07-04&series_id=CPIAUCNS&sort_order=asc&units=lin
CPIAUCNS,2023-04-01,303.363,2023-05-11T00:00:00Z,2023-05-10,fred-api-v1:query-c24ecc48228d416cec5da646a34f5ebc76a5e76b3d782164c7267a19b77721b3:content-9a74027936cb3ef5f8c48cd0ac207c4a68cc29760bf9f4eb9f45dcce39cbe988,https://api.stlouisfed.org/fred/series/observations?file_type=json&limit=100000&offset=0&output_type=4&realtime_end=2026-09-01&realtime_start=1776-07-04&series_id=CPIAUCNS&sort_order=asc&units=lin
CPIAUCNS,2023-05-01,304.12700000000001,2023-06-14T00:00:00Z,2023-06-13,fred-api-v1:query-c24ecc48228d416cec5da646a34f5ebc76a5e76b3d782164c7267a19b77721b3:content-9a74027936cb3ef5f8c48cd0ac207c4a68cc29760bf9f4eb9f45dcce39cbe988,https://api.stlouisfed.org/fred/series/observations?file_type=json&limit=100000&offset=0&output_type=4&realtime_end=2026-09-01&realtime_start=1776-07-04&series_id=CPIAUCNS&sort_order=asc&units=lin
CPIAUCNS,2023-06-01,305.10899999999998,2023-07-13T00:00:00Z,2023-07-12,fred-api-v1:query-c24ecc48228d416cec5da646a34f5ebc76a5e76b3d782164c7267a19b77721b3:content-9a74027936cb3ef5f8c48cd0ac207c4a68cc29760bf9f4eb9f45dcce39cbe988,https://api.stlouisfed.org/fred/series/observations?file_type=json&limit=100000&offset=0&output_type=4&realtime_end=2026-09-01&realtime_start=1776-07-04&series_id=CPIAUCNS&sort_order=asc&units=lin
CPIAUCNS,2023-07-01,305.69099999999997,2023-08-11T00:00:00Z,2023-08-10,fred-api-v1:query-c24ecc48228d416cec5da646a34f5ebc76a5e76b3d782164c7267a19b77721b3:content-9a74027936cb3ef5f8c48cd0ac207c4a68cc29760bf9f4eb9f45dcce39cbe988,https://api.stlouisfed.org/fred/series/observations?file_type=json&limit=100000&offset=0&output_type=4&realtime_end=2026-09-01&realtime_start=1776-07-04&series_id=CPIAUCNS&sort_order=asc&units=lin
CPIAUCNS,2023-08-01,307.02600000000001,2023-09-14T00:00:00Z,2023-09-13,fred-api-v1:query-c24ecc48228d416cec5da646a34f5ebc76a5e76b3d782164c7267a19b77721b3:content-9a74027936cb3ef5f8c48cd0ac207c4a68cc29760bf9f4eb9f45dcce39cbe988,https://api.stlouisfed.org/fred/series/observations?file_type=json&limit=100000&offset=0&output_type=4&realtime_end=2026-09-01&realtime_start=1776-07-04&series_id=CPIAUCNS&sort_order=asc&units=lin
CPIAUCNS,2023-09-01,307.78899999999999,2023-10-13T00:00:00Z,2023-10-12,fred-api-v1:query-c24ecc48228d416cec5da646a34f5ebc76a5e76b3d782164c7267a19b77721b3:content-9a74027936cb3ef5f8c48cd0ac207c4a68cc29760bf9f4eb9f45dcce39cbe988,https://api.stlouisfed.org/fred/series/observations?file_type=json&limit=100000&offset=0&output_type=4&realtime_end=2026-09-01&realtime_start=1776-07-04&series_id=CPIAUCNS&sort_order=asc&units=lin
CPIAUCNS,2023-10-01,307.67099999999999,2023-11-15T00:00:00Z,2023-11-14,fred-api-v1:query-c24ecc48228d416cec5da646a34f5ebc76a5e76b3d782164c7267a19b77721b3:content-9a74027936cb3ef5f8c48cd0ac207c4a68cc29760bf9f4eb9f45dcce39cbe988,https://api.stlouisfed.org/fred/series/observations?file_type=json&limit=100000&offset=0&output_type=4&realtime_end=2026-09-01&realtime_start=1776-07-04&series_id=CPIAUCNS&sort_order=asc&units=lin
CPIAUCNS,2023-11-01,307.05099999999999,2023-12-13T00:00:00Z,2023-12-12,fred-api-v1:query-c24ecc48228d416cec5da646a34f5ebc76a5e76b3d782164c7267a19b77721b3:content-9a74027936cb3ef5f8c48cd0ac207c4a68cc29760bf9f4eb9f45dcce39cbe988,https://api.stlouisfed.org/fred/series/observations?file_type=json&limit=100000&offset=0&output_type=4&realtime_end=2026-09-01&realtime_start=1776-07-04&series_id=CPIAUCNS&sort_order=asc&units=lin
CPIAUCNS,2023-12-01,306.74599999999998,2024-01-12T00:00:00Z,2024-01-11,fred-api-v1:query-c24ecc48228d416cec5da646a34f5ebc76a5e76b3d782164c7267a19b77721b3:content-9a74027936cb3ef5f8c48cd0ac207c4a68cc29760bf9f4eb9f45dcce39cbe988,https://api.stlouisfed.org/fred/series/observations?file_type=json&limit=100000&offset=0&output_type=4&realtime_end=2026-09-01&realtime_start=1776-07-04&series_id=CPIAUCNS&sort_order=asc&units=lin
CPIAUCNS,2024-01-01,308.41699999999997,2024-02-14T00:00:00Z,2024-02-13,fred-api-v1:query-c24ecc48228d416cec5da646a34f5ebc76a5e76b3d782164c7267a19b77721b3:content-9a74027936cb3ef5f8c48cd0ac207c4a68cc29760bf9f4eb9f45dcce39cbe988,https://api.stlouisfed.org/fred/series/observations?file_type=json&limit=100000&offset=0&output_type=4&realtime_end=2026-09-01&realtime_start=1776-07-04&series_id=CPIAUCNS&sort_order=asc&units=lin
CPIAUCNS,2024-02-01,310.32600000000002,2024-03-13T00:00:00Z,2024-03-12,fred-api-v1:query-c24ecc48228d416cec5da646a34f5ebc76a5e76b3d782164c7267a19b77721b3:content-9a74027936cb3ef5f8c48cd0ac207c4a68cc29760bf9f4eb9f45dcce39cbe988,https://api.stlouisfed.org/fred/series/observations?file_type=json&limit=100000&offset=0&output_type=4&realtime_end=2026-09-01&realtime_start=1776-07-04&series_id=CPIAUCNS&sort_order=asc&units=lin
CPIAUCNS,2024-03-01,312.33199999999999,2024-04-11T00:00:00Z,2024-04-10,fred-api-v1:query-c24ecc48228d416cec5da646a34f5ebc76a5e76b3d782164c7267a19b77721b3:content-9a74027936cb3ef5f8c48cd0ac207c4a68cc29760bf9f4eb9f45dcce39cbe988,https://api.stlouisfed.org/fred/series/observations?file_type=json&limit=100000&offset=0&output_type=4&realtime_end=2026-09-01&realtime_start=1776-07-04&series_id=CPIAUCNS&sort_order=asc&units=lin
CPIAUCNS,2024-04-01,313.548,2024-05-16T00:00:00Z,2024-05-15,fred-api-v1:query-c24ecc48228d416cec5da646a34f5ebc76a5e76b3d782164c7267a19b77721b3:content-9a74027936cb3ef5f8c48cd0ac207c4a68cc29760bf9f4eb9f45dcce39cbe988,https://api.stlouisfed.org/fred/series/observations?file_type=json&limit=100000&offset=0&output_type=4&realtime_end=2026-09-01&realtime_start=1776-07-04&series_id=CPIAUCNS&sort_order=asc&units=lin
CPIAUCNS,2024-05-01,314.06900000000002,2024-06-13T00:00:00Z,2024-06-12,fred-api-v1:query-c24ecc48228d416cec5da646a34f5ebc76a5e76b3d782164c7267a19b77721b3:content-9a74027936cb3ef5f8c48cd0ac207c4a68cc29760bf9f4eb9f45dcce39cbe988,https://api.stlouisfed.org/fred/series/observations?file_type=json&limit=100000&offset=0&output_type=4&realtime_end=2026-09-01&realtime_start=1776-07-04&series_id=CPIAUCNS&sort_order=asc&units=lin
CPIAUCNS,2024-06-01,314.17500000000001,2024-07-12T00:00:00Z,2024-07-11,fred-api-v1:query-c24ecc48228d416cec5da646a34f5ebc76a5e76b3d782164c7267a19b77721b3:content-9a74027936cb3ef5f8c48cd0ac207c4a68cc29760bf9f4eb9f45dcce39cbe988,https://api.stlouisfed.org/fred/series/observations?file_type=json&limit=100000&offset=0&output_type=4&realtime_end=2026-09-01&realtime_start=1776-07-04&series_id=CPIAUCNS&sort_order=asc&units=lin
CPIAUCNS,2024-07-01,314.54000000000002,2024-08-15T00:00:00Z,2024-08-14,fred-api-v1:query-c24ecc48228d416cec5da646a34f5ebc76a5e76b3d782164c7267a19b77721b3:content-9a74027936cb3ef5f8c48cd0ac207c4a68cc29760bf9f4eb9f45dcce39cbe988,https://api.stlouisfed.org/fred/series/observations?file_type=json&limit=100000&offset=0&output_type=4&realtime_end=2026-09-01&realtime_start=1776-07-04&series_id=CPIAUCNS&sort_order=asc&units=lin
CPIAUCNS,2024-08-01,314.79599999999999,2024-09-12T00:00:00Z,2024-09-11,fred-api-v1:query-c24ecc48228d416cec5da646a34f5ebc76a5e76b3d782164c7267a19b77721b3:content-9a74027936cb3ef5f8c48cd0ac207c4a68cc29760bf9f4eb9f45dcce39cbe988,https://api.stlouisfed.org/fred/series/observations?file_type=json&limit=100000&offset=0&output_type=4&realtime_end=2026-09-01&realtime_start=1776-07-04&series_id=CPIAUCNS&sort_order=asc&units=lin
CPIAUCNS,2024-09-01,315.30099999999999,2024-10-11T00:00:00Z,2024-10-10,fred-api-v1:query-c24ecc48228d416cec5da646a34f5ebc76a5e76b3d782164c7267a19b77721b3:content-9a74027936cb3ef5f8c48cd0ac207c4a68cc29760bf9f4eb9f45dcce39cbe988,https://api.stlouisfed.org/fred/series/observations?file_type=json&limit=100000&offset=0&output_type=4&realtime_end=2026-09-01&realtime_start=1776-07-04&series_id=CPIAUCNS&sort_order=asc&units=lin
CPIAUCNS,2024-10-01,315.66399999999999,2024-11-14T00:00:00Z,2024-11-13,fred-api-v1:query-c24ecc48228d416cec5da646a34f5ebc76a5e76b3d782164c7267a19b77721b3:content-9a74027936cb3ef5f8c48cd0ac207c4a68cc29760bf9f4eb9f45dcce39cbe988,https://api.stlouisfed.org/fred/series/observations?file_type=json&limit=100000&offset=0&output_type=4&realtime_end=2026-09-01&realtime_start=1776-07-04&series_id=CPIAUCNS&sort_order=asc&units=lin
CPIAUCNS,2024-11-01,315.49299999999999,2024-12-12T00:00:00Z,2024-12-11,fred-api-v1:query-c24ecc48228d416cec5da646a34f5ebc76a5e76b3d782164c7267a19b77721b3:content-9a74027936cb3ef5f8c48cd0ac207c4a68cc29760bf9f4eb9f45dcce39cbe988,https://api.stlouisfed.org/fred/series/observations?file_type=json&limit=100000&offset=0&output_type=4&realtime_end=2026-09-01&realtime_start=1776-07-04&series_id=CPIAUCNS&sort_order=asc&units=lin
CPIAUCNS,2024-12-01,315.60500000000002,2025-01-16T00:00:00Z,2025-01-15,fred-api-v1:query-c24ecc48228d416cec5da646a34f5ebc76a5e76b3d782164c7267a19b77721b3:content-9a74027936cb3ef5f8c48cd0ac207c4a68cc29760bf9f4eb9f45dcce39cbe988,https://api.stlouisfed.org/fred/series/observations?file_type=json&limit=100000&offset=0&output_type=4&realtime_end=2026-09-01&realtime_start=1776-07-04&series_id=CPIAUCNS&sort_order=asc&units=lin
CPIAUCNS,2025-01-01,317.67099999999999,2025-02-13T00:00:00Z,2025-02-12,fred-api-v1:query-c24ecc48228d416cec5da646a34f5ebc76a5e76b3d782164c7267a19b77721b3:content-9a74027936cb3ef5f8c48cd0ac207c4a68cc29760bf9f4eb9f45dcce39cbe988,https://api.stlouisfed.org/fred/series/observations?file_type=json&limit=100000&offset=0&output_type=4&realtime_end=2026-09-01&realtime_start=1776-07-04&series_id=CPIAUCNS&sort_order=asc&units=lin
CPIAUCNS,2025-02-01,319.08199999999999,2025-03-13T00:00:00Z,2025-03-12,fred-api-v1:query-c24ecc48228d416cec5da646a34f5ebc76a5e76b3d782164c7267a19b77721b3:content-9a74027936cb3ef5f8c48cd0ac207c4a68cc29760bf9f4eb9f45dcce39cbe988,https://api.stlouisfed.org/fred/series/observations?file_type=json&limit=100000&offset=0&output_type=4&realtime_end=2026-09-01&realtime_start=1776-07-04&series_id=CPIAUCNS&sort_order=asc&units=lin
CPIAUCNS,2025-03-01,319.79899999999998,2025-04-11T00:00:00Z,2025-04-10,fred-api-v1:query-c24ecc48228d416cec5da646a34f5ebc76a5e76b3d782164c7267a19b77721b3:content-9a74027936cb3ef5f8c48cd0ac207c4a68cc29760bf9f4eb9f45dcce39cbe988,https://api.stlouisfed.org/fred/series/observations?file_type=json&limit=100000&offset=0&output_type=4&realtime_end=2026-09-01&realtime_start=1776-07-04&series_id=CPIAUCNS&sort_order=asc&units=lin
CPIAUCNS,2025-04-01,320.79500000000002,2025-05-14T00:00:00Z,2025-05-13,fred-api-v1:query-c24ecc48228d416cec5da646a34f5ebc76a5e76b3d782164c7267a19b77721b3:content-9a74027936cb3ef5f8c48cd0ac207c4a68cc29760bf9f4eb9f45dcce39cbe988,https://api.stlouisfed.org/fred/series/observations?file_type=json&limit=100000&offset=0&output_type=4&realtime_end=2026-09-01&realtime_start=1776-07-04&series_id=CPIAUCNS&sort_order=asc&units=lin
CPIAUCNS,2025-05-01,321.46499999999997,2025-06-12T00:00:00Z,2025-06-11,fred-api-v1:query-c24ecc48228d416cec5da646a34f5ebc76a5e76b3d782164c7267a19b77721b3:content-9a74027936cb3ef5f8c48cd0ac207c4a68cc29760bf9f4eb9f45dcce39cbe988,https://api.stlouisfed.org/fred/series/observations?file_type=json&limit=100000&offset=0&output_type=4&realtime_end=2026-09-01&realtime_start=1776-07-04&series_id=CPIAUCNS&sort_order=asc&units=lin
CPIAUCNS,2025-06-01,322.56099999999998,2025-07-16T00:00:00Z,2025-07-15,fred-api-v1:query-c24ecc48228d416cec5da646a34f5ebc76a5e76b3d782164c7267a19b77721b3:content-9a74027936cb3ef5f8c48cd0ac207c4a68cc29760bf9f4eb9f45dcce39cbe988,https://api.stlouisfed.org/fred/series/observations?file_type=json&limit=100000&offset=0&output_type=4&realtime_end=2026-09-01&realtime_start=1776-07-04&series_id=CPIAUCNS&sort_order=asc&units=lin
CPIAUCNS,2025-07-01,323.048,2025-08-13T00:00:00Z,2025-08-12,fred-api-v1:query-c24ecc48228d416cec5da646a34f5ebc76a5e76b3d782164c7267a19b77721b3:content-9a74027936cb3ef5f8c48cd0ac207c4a68cc29760bf9f4eb9f45dcce39cbe988,https://api.stlouisfed.org/fred/series/observations?file_type=json&limit=100000&offset=0&output_type=4&realtime_end=2026-09-01&realtime_start=1776-07-04&series_id=CPIAUCNS&sort_order=asc&units=lin
CPIAUCNS,2025-08-01,323.976,2025-09-12T00:00:00Z,2025-09-11,fred-api-v1:query-c24ecc48228d416cec5da646a34f5ebc76a5e76b3d782164c7267a19b77721b3:content-9a74027936cb3ef5f8c48cd0ac207c4a68cc29760bf9f4eb9f45dcce39cbe988,https://api.stlouisfed.org/fred/series/observations?file_type=json&limit=100000&offset=0&output_type=4&realtime_end=2026-09-01&realtime_start=1776-07-04&series_id=CPIAUCNS&sort_order=asc&units=lin
CPIAUCNS,2025-09-01,324.80000000000001,2025-10-25T00:00:00Z,2025-10-24,fred-api-v1:query-c24ecc48228d416cec5da646a34f5ebc76a5e76b3d782164c7267a19b77721b3:content-9a74027936cb3ef5f8c48cd0ac207c4a68cc29760bf9f4eb9f45dcce39cbe988,https://api.stlouisfed.org/fred/series/observations?file_type=json&limit=100000&offset=0&output_type=4&realtime_end=2026-09-01&realtime_start=1776-07-04&series_id=CPIAUCNS&sort_order=asc&units=lin
CPIAUCNS,2025-11-01,324.12200000000001,2025-12-19T00:00:00Z,2025-12-18,fred-api-v1:query-c24ecc48228d416cec5da646a34f5ebc76a5e76b3d782164c7267a19b77721b3:content-9a74027936cb3ef5f8c48cd0ac207c4a68cc29760bf9f4eb9f45dcce39cbe988,https://api.stlouisfed.org/fred/series/observations?file_type=json&limit=100000&offset=0&output_type=4&realtime_end=2026-09-01&realtime_start=1776-07-04&series_id=CPIAUCNS&sort_order=asc&units=lin
CPIAUCNS,2025-12-01,324.05399999999997,2026-01-14T00:00:00Z,2026-01-13,fred-api-v1:query-c24ecc48228d416cec5da646a34f5ebc76a5e76b3d782164c7267a19b77721b3:content-9a74027936cb3ef5f8c48cd0ac207c4a68cc29760bf9f4eb9f45dcce39cbe988,https://api.stlouisfed.org/fred/series/observations?file_type=json&limit=100000&offset=0&output_type=4&realtime_end=2026-09-01&realtime_start=1776-07-04&series_id=CPIAUCNS&sort_order=asc&units=lin
CPIAUCNS,2026-01-01,325.25200000000001,2026-02-14T00:00:00Z,2026-02-13,fred-api-v1:query-c24ecc48228d416cec5da646a34f5ebc76a5e76b3d782164c7267a19b77721b3:content-9a74027936cb3ef5f8c48cd0ac207c4a68cc29760bf9f4eb9f45dcce39cbe988,https://api.stlouisfed.org/fred/series/observations?file_type=json&limit=100000&offset=0&output_type=4&realtime_end=2026-09-01&realtime_start=1776-07-04&series_id=CPIAUCNS&sort_order=asc&units=lin
CPIAUCNS,2026-02-01,326.78500000000003,2026-03-12T00:00:00Z,2026-03-11,fred-api-v1:query-c24ecc48228d416cec5da646a34f5ebc76a5e76b3d782164c7267a19b77721b3:content-9a74027936cb3ef5f8c48cd0ac207c4a68cc29760bf9f4eb9f45dcce39cbe988,https://api.stlouisfed.org/fred/series/observations?file_type=json&limit=100000&offset=0&output_type=4&realtime_end=2026-09-01&realtime_start=1776-07-04&series_id=CPIAUCNS&sort_order=asc&units=lin
CPIAUCNS,2026-03-01,330.21300000000002,2026-04-11T00:00:00Z,2026-04-10,fred-api-v1:query-c24ecc48228d416cec5da646a34f5ebc76a5e76b3d782164c7267a19b77721b3:content-9a74027936cb3ef5f8c48cd0ac207c4a68cc29760bf9f4eb9f45dcce39cbe988,https://api.stlouisfed.org/fred/series/observations?file_type=json&limit=100000&offset=0&output_type=4&realtime_end=2026-09-01&realtime_start=1776-07-04&series_id=CPIAUCNS&sort_order=asc&units=lin
CPIAUCNS,2026-04-01,333.01999999999998,2026-05-13T00:00:00Z,2026-05-12,fred-api-v1:query-c24ecc48228d416cec5da646a34f5ebc76a5e76b3d782164c7267a19b77721b3:content-9a74027936cb3ef5f8c48cd0ac207c4a68cc29760bf9f4eb9f45dcce39cbe988,https://api.stlouisfed.org/fred/series/observations?file_type=json&limit=100000&offset=0&output_type=4&realtime_end=2026-09-01&realtime_start=1776-07-04&series_id=CPIAUCNS&sort_order=asc&units=lin
CPIAUCNS,2026-05-01,335.12299999999999,2026-06-11T00:00:00Z,2026-06-10,fred-api-v1:query-c24ecc48228d416cec5da646a34f5ebc76a5e76b3d782164c7267a19b77721b3:content-9a74027936cb3ef5f8c48cd0ac207c4a68cc29760bf9f4eb9f45dcce39cbe988,https://api.stlouisfed.org/fred/series/observations?file_type=json&limit=100000&offset=0&output_type=4&realtime_end=2026-09-01&realtime_start=1776-07-04&series_id=CPIAUCNS&sort_order=asc&units=lin
CPIAUCNS,2026-06-01,333.952,2026-07-15T00:00:00Z,2026-07-14,fred-api-v1:query-c24ecc48228d416cec5da646a34f5ebc76a5e76b3d782164c7267a19b77721b3:content-9a74027936cb3ef5f8c48cd0ac207c4a68cc29760bf9f4eb9f45dcce39cbe988,https://api.stlouisfed.org/fred/series/observations?file_type=json&limit=100000&offset=0&output_type=4&realtime_end=2026-09-01&realtime_start=1776-07-04&series_id=CPIAUCNS&sort_order=asc&units=lin
CPIAUCNS,2026-07-01,333.91800000000001,2026-08-13T00:00:00Z,2026-08-12,fred-api-v1:query-c24ecc48228d416cec5da646a34f5ebc76a5e76b3d782164c7267a19b77721b3:content-9a74027936cb3ef5f8c48cd0ac207c4a68cc29760bf9f4eb9f45dcce39cbe988,https://api.stlouisfed.org/fred/series/observations?file_type=json&limit=100000&offset=0&output_type=4&realtime_end=2026-09-01&realtime_start=1776-07-04&series_id=CPIAUCNS&sort_order=asc&units=lin
