date,index
1885-03-20,100
1885-03-23,99.2166
1885-03-24,98.144300000000001
1885-03-25,98.991500000000002
1885-03-26,99.818100000000001
1885-03-27,99.881
1885-03-30,98.6023
1885-03-31,98.974800000000002
1885-04-01,99.099599999999995
1885-04-02,99.307000000000002
1885-04-06,99.142799999999994
1885-04-07,97.884799999999998
1885-04-08,98.257300000000001
1885-04-09,100.71429999999999
1885-04-10,99.683300000000003
1885-04-13,101.3147
1885-04-14,101.7698
1885-04-15,103.6075
1885-04-16,102.6798
1885-04-17,102.02030000000001
1885-04-20,102.0419
1885-04-21,101.8158
1885-04-22,102.1264
1885-04-23,102.2924
1885-04-24,101.8394
1885-04-27,101.96420000000001
1885-04-28,102.2128
1885-04-29,102.3788
1885-04-30,102.70999999999999
1885-05-01,102.0505
1885-05-04,99.306700000000006
1885-05-05,98.832999999999998
1885-05-06,99.886499999999998
1885-05-07,98.876199999999997
1885-05-08,100.2393
1885-05-11,99.848100000000002
1885-05-12,99.415700000000001
1885-05-13,99.437299999999993
1885-05-14,99.4589
1885-05-15,100.18219999999999
1885-05-18,100.92610000000001
1885-05-19,100.9683
1885-05-20,100.474
1885-05-21,101.07340000000001
1885-05-22,101.8586
1885-05-25,100.93089999999999
1885-05-26,101.3652
1885-05-27,100.8503
1885-05-28,100.5211
1885-05-29,99.799800000000005
1885-06-01,99.346699999999998
1885-06-02,99.946100000000001
1885-06-03,100.5868
1885-06-04,99.968699999999998
1885-06-05,99.206199999999995
1885-06-08,99.062700000000007
1885-06-09,99.393799999999999
1885-06-10,99.6631
1885-06-11,100.572
1885-06-12,101.08880000000001
1885-06-15,101.99769999999999
1885-06-16,101.66849999999999
1885-06-17,101.6901
1885-06-18,102.31010000000001
1885-06-19,103.0613
1885-06-22,102.58069999999999
1885-06-23,102.393
1885-06-24,103.5234
1885-06-25,102.9173
1885-06-26,102.2276
1885-06-29,100.5754
1885-06-30,100.3668
1885-07-01,99.739800000000002
1885-07-02,99.008200000000002
1885-07-03,100.1177
1885-07-06,100.1392
1885-07-07,99.805099999999996
1885-07-08,101.5004
1885-07-09,101.7311
1885-07-10,101.7527
1885-07-13,105.18429999999999
1885-07-14,105.6452
1885-07-15,107.173
1885-07-16,106.6297
1885-07-17,108.05289999999999
1885-07-20,107.78149999999999
1885-07-21,107.8449
1885-07-22,109.5401
1885-07-23,111.1724
1885-07-24,109.7505
1885-07-27,108.5796
1885-07-28,108.8312
1885-07-29,109.9615
1885-07-30,109.8365
1885-07-31,110.17189999999999
1885-08-03,109.3357
1885-08-04,109.67100000000001
1885-08-05,109.4415
1885-08-06,109.986
1885-08-07,110.94889999999999
1885-08-10,111.4097
1885-08-11,111.22199999999999
1885-08-12,112.6033
1885-08-13,111.8717
1885-08-14,113.2111
1885-08-17,116.747
1885-08-18,114.21639999999999
1885-08-19,115.8904
1885-08-20,114.94970000000001
1885-08-21,115.1176
1885-08-24,114.42789999999999
1885-08-25,113.3826
1885-08-26,113.8434
1885-08-27,115.2873
1885-08-28,114.5348
1885-08-31,112.88290000000001
1885-09-01,112.15130000000001
1885-09-02,112.98860000000001
1885-09-03,112.529
1885-09-04,112.19499999999999
1885-09-07,108.7651
1885-09-08,109.6442
1885-09-09,110.1259
1885-09-10,109.1225
1885-09-11,109.4787
1885-09-14,111.2154
1885-09-15,110.75579999999999
1885-09-16,111.8441
1885-09-17,111.48909999999999
1885-09-18,112.4178
1885-09-21,111.9742
1885-09-22,112.1662
1885-09-23,112.2735
1885-09-24,111.7028
1885-09-25,111.1956
1885-09-28,112.9766
1885-09-29,112.7873
1885-09-30,113.5937
1885-10-01,113.3831
1885-10-02,112.3887
1885-10-05,115.69499999999999
1885-10-06,115.887
1885-10-07,118.1129
1885-10-08,118.19889999999999
1885-10-09,118.62390000000001
1885-10-12,120.0659
1885-10-13,120.82980000000001
1885-10-14,121.3396
1885-10-15,120.17570000000001
1885-10-16,121.9777
1885-10-19,124.90260000000001
1885-10-20,126.3233
1885-10-21,126.3669
1885-10-22,124.059
1885-10-23,124.78060000000001
1885-10-26,123.3413
1885-10-27,124.9314
1885-10-28,125.7801
1885-10-29,125.0611
1885-10-30,126.6512
1885-11-02,128.02940000000001
1885-11-04,127.0774
1885-11-05,128.83699999999999
1885-11-06,127.71550000000001
1885-11-09,128.3734
1885-11-10,129.45509999999999
1885-11-11,131.4265
1885-11-12,131.3218
1885-11-13,132.38220000000001
1885-11-16,132.08690000000001
1885-11-17,133.76169999999999
1885-11-18,134.1866
1885-11-19,135.64949999999999
1885-11-20,134.54920000000001
1885-11-23,130.80099999999999
1885-11-24,134.5093
1885-11-25,133.875
1885-11-27,131.88509999999999
1885-11-30,131.80160000000001
1885-12-01,130.65889999999999
1885-12-02,131.0838
1885-12-03,131.2757
1885-12-04,131.82769999999999
1885-12-07,131.40530000000001
1885-12-08,131.78790000000001
1885-12-09,131.47139999999999
1885-12-10,129.54499999999999
1885-12-11,129.73689999999999
1885-12-14,126.5608
1885-12-15,128.91329999999999
1885-12-16,131.09630000000001
1885-12-17,130.102
1885-12-18,130.88849999999999
1885-12-21,129.0676
1885-12-22,126.79689999999999
1885-12-23,127.11790000000001
1885-12-24,128.61689999999999
1885-12-28,130.03020000000001
1885-12-29,132.15029999999999
1885-12-30,132.25700000000001
1885-12-31,132.02109999999999
1886-01-04,132.14930000000001
1886-01-05,130.971
1886-01-06,131.3134
1886-01-07,131.05609999999999
1886-01-08,130.26329999999999
1886-01-11,129.72749999999999
1886-01-12,129.44880000000001
1886-01-13,127.6923
1886-01-14,128.6129
1886-01-15,126.12820000000001
1886-01-18,124.0076
1886-01-19,125.2281
1886-01-20,124.9066
1886-01-21,126.0628
1886-01-22,125.2058
1886-01-25,123.21380000000001
1886-01-26,124.4128
1886-01-27,124.4554
1886-01-28,125.2261
1886-01-29,125.20440000000001
1886-02-01,128.43790000000001
1886-02-02,128.71600000000001
1886-02-03,129.48670000000001
1886-02-04,129.61490000000001
1886-02-05,130.81389999999999
1886-02-08,131.9486
1886-02-09,133.25470000000001
1886-02-10,131.6053
1886-02-11,132.0762
1886-02-12,132.31139999999999
1886-02-15,132.65369999999999
1886-02-16,132.99610000000001
1886-02-17,132.31039999999999
1886-02-18,130.55410000000001
1886-02-19,130.10400000000001
1886-02-23,129.7183
1886-02-24,129.73939999999999
1886-02-25,129.375
1886-02-26,129.28909999999999
1886-03-01,128.6035
1886-03-02,130.80889999999999
1886-03-03,130.85140000000001
1886-03-04,129.65190000000001
1886-03-05,129.8443
1886-03-08,129.52279999999999
1886-03-09,129.2441
1886-03-10,129.24379999999999
1886-03-11,129.65029999999999
1886-03-12,127.4229
1886-03-15,127.8938
1886-03-16,127.9149
1886-03-17,125.9873
1886-03-18,126.2226
1886-03-19,127.0585
1886-03-22,126.5818
1886-03-23,123.7894
1886-03-24,123.226
1886-03-25,124.35080000000001
1886-03-26,124.02549999999999
1886-03-29,123.9383
1886-03-30,125.1063
1886-03-31,125.8631
1886-04-01,126.4468
1886-04-02,124.4118
1886-04-05,124.6925
1886-04-06,124.6703
1886-04-07,125.85980000000001
1886-04-08,125.7294
1886-04-09,125.8586
1886-04-12,128.08690000000001
1886-04-13,127.0908
1886-04-14,127.0468
1886-04-15,125.4015
1886-04-16,124.57859999999999
1886-04-19,124.5779
1886-04-20,125.2914
1886-04-21,126.0265
1886-04-22,125.896
1886-04-26,125.7655
1886-04-27,125.4186
1886-04-28,124.0547
1886-04-29,123.5347
1886-04-30,122.517
1886-05-03,119.9846
1886-05-04,121.239
1886-05-05,122.79640000000001
1886-05-06,121.38930000000001
1886-05-07,122.79519999999999
1886-05-10,123.5735
1886-05-11,123.4431
1886-05-12,124.9571
1886-05-13,124.52370000000001
1886-05-14,123.0733
1886-05-17,123.9166
1886-05-18,122.92059999999999
1886-05-19,122.70350000000001
1886-05-20,123.8497
1886-05-21,124.6281
1886-05-24,125.3198
1886-05-25,125.47069999999999
1886-05-26,126.87649999999999
1886-05-27,128.02269999999999
1886-05-28,126.8103
1886-06-01,128.95179999999999
1886-06-02,128.19380000000001
1886-06-03,127.4358
1886-06-04,128.6036
1886-06-07,128.2784
1886-06-08,127.9748
1886-06-09,129.5753
1886-06-10,128.38460000000001
1886-06-11,129.2278
1886-06-14,129.74639999999999
1886-06-15,129.87559999999999
1886-06-16,131.12989999999999
1886-06-17,131.71340000000001
1886-06-18,132.3168
1886-06-21,132.33770000000001
1886-06-22,132.05250000000001
1886-06-23,133.14449999999999
1886-06-24,131.13239999999999
1886-06-25,132.35550000000001
1886-06-28,131.9829
1886-06-29,130.97630000000001
1886-06-30,130.95339999999999
1886-07-01,131.52080000000001
1886-07-02,131.6728
1886-07-06,131.45320000000001
1886-07-07,132.1516
1886-07-08,131.34190000000001
1886-07-09,131.2097
1886-07-12,129.8535
1886-07-13,130.4426
1886-07-14,130.6165
1886-07-15,131.92699999999999
1886-07-16,131.92599999999999
1886-07-19,131.31290000000001
1886-07-20,132.27369999999999
1886-07-21,132.68799999999999
1886-07-22,132.62139999999999
1886-07-23,132.37989999999999
1886-07-26,133.18770000000001
1886-07-27,133.40520000000001
1886-07-28,134.3441
1886-07-29,133.64359999999999
1886-07-30,134.16720000000001
1886-08-02,136.04589999999999
1886-08-03,135.34540000000001
1886-08-04,135.51920000000001
1886-08-05,136.15209999999999
1886-08-06,136.56630000000001
1886-08-09,134.96969999999999
1886-08-10,135.7774
1886-08-11,134.98949999999999
1886-08-12,134.79179999999999
1886-08-13,134.44110000000001
1886-08-16,133.76249999999999
1886-08-17,131.94739999999999
1886-08-18,131.15950000000001
1886-08-19,132.38249999999999
1886-08-20,133.99879999999999
1886-08-23,133.5607
1886-08-24,134.04050000000001
1886-08-25,132.94669999999999
1886-08-26,133.12049999999999
1886-08-27,133.8844
1886-08-30,133.83969999999999
1886-08-31,132.9863
1886-09-01,133.46610000000001
1886-09-02,134.14259999999999
1886-09-03,135.4966
1886-09-06,136.15129999999999
1886-09-07,135.7569
1886-09-08,136.7174
1886-09-09,136.08260000000001
1886-09-10,136.7372
1886-09-13,138.00380000000001
1886-09-14,137.84979999999999
1886-09-15,138.0017
1886-09-16,138.74369999999999
1886-09-17,139.1979
1886-09-20,141.5367
1886-09-21,141.99950000000001
1886-09-22,141.9546
1886-09-23,141.73320000000001
1886-09-24,142.15180000000001
1886-09-27,140.8931
1886-09-28,142.56979999999999
1886-09-29,142.98840000000001
1886-09-30,141.6414
1886-10-01,140.71379999999999
1886-10-04,141.86070000000001
1886-10-05,143.13999999999999
1886-10-06,142.98480000000001
1886-10-07,142.3441
1886-10-08,142.47579999999999
1886-10-11,141.30539999999999
1886-10-12,140.44399999999999
1886-10-13,142.893
1886-10-14,143.75299999999999
1886-10-15,143.79640000000001
1886-10-18,143.22190000000001
1886-10-19,143.77289999999999
1886-10-20,142.9556
1886-10-21,143.8597
1886-10-22,143.24109999999999
1886-10-25,142.6225
1886-10-26,143.68100000000001
1886-10-27,143.5258
1886-10-28,144.27539999999999
1886-10-29,144.363
1886-11-01,145.7526
1886-11-03,146.19319999999999
1886-11-04,145.15530000000001
1886-11-05,145.0001
1886-11-08,145.08760000000001
1886-11-09,145.19730000000001
1886-11-10,146.05719999999999
1886-11-11,145.12960000000001
1886-11-12,145.63640000000001
1886-11-15,146.12119999999999
1886-11-16,146.73830000000001
1886-11-17,146.4949
1886-11-18,147.02369999999999
1886-11-19,147.17750000000001
1886-11-22,146.64709999999999
1886-11-23,146.161
1886-11-24,146.29259999999999
1886-11-26,146.79939999999999
1886-11-29,148.0565
1886-11-30,146.75380000000001
1886-12-01,148.09909999999999
1886-12-02,148.53970000000001
1886-12-03,149.5761
1886-12-06,148.6927
1886-12-07,146.59569999999999
1886-12-08,147.58799999999999
1886-12-09,148.18299999999999
1886-12-10,146.26259999999999
1886-12-13,143.87880000000001
1886-12-14,141.91419999999999
1886-12-15,138.82429999999999
1886-12-16,140.6771
1886-12-17,140.33340000000001
1886-12-20,137.50550000000001
1886-12-21,139.13399999999999
1886-12-22,139.58160000000001
1886-12-23,139.8509
1886-12-24,139.6523
1886-12-27,138.29499999999999
1886-12-28,139.81209999999999
1886-12-29,141.52969999999999
1886-12-30,142.91300000000001
1886-12-31,143.49420000000001
1887-01-03,143.1396
1887-01-04,140.62370000000001
1887-01-05,141.04900000000001
1887-01-06,141.91990000000001
1887-01-07,140.429
1887-01-10,141.077
1887-01-11,140.9453
1887-01-12,141.81610000000001
1887-01-13,140.72630000000001
1887-01-14,141.66399999999999
1887-01-17,141.7996
1887-01-18,142.22479999999999
1887-01-19,142.96199999999999
1887-01-20,142.34
1887-01-21,141.40620000000001
1887-01-24,138.26660000000001
1887-01-25,140.5856
1887-01-26,139.3399
1887-01-27,138.89619999999999
1887-01-28,139.923
1887-01-31,138.499
1887-02-01,137.69880000000001
1887-02-02,138.85929999999999
1887-02-03,138.126
1887-02-04,139.13050000000001
1887-02-07,140.75880000000001
1887-02-08,141.56270000000001
1887-02-09,142.92359999999999
1887-02-10,143.37110000000001
1887-02-11,142.5487
1887-02-14,142.12729999999999
1887-02-15,138.74279999999999
1887-02-16,142.22020000000001
1887-02-17,141.30869999999999
1887-02-18,141.91210000000001
1887-02-21,142.09229999999999
1887-02-23,143.34180000000001
1887-02-24,144.16800000000001
1887-02-25,144.34809999999999
1887-02-28,142.5677
1887-03-01,141.87899999999999
1887-03-02,143.26220000000001
1887-03-03,143.7987
1887-03-04,142.709
1887-03-07,144.02529999999999
1887-03-08,144.1609
1887-03-09,143.38310000000001
1887-03-10,142.96170000000001
1887-03-11,143.09719999999999
1887-03-14,141.91839999999999
1887-03-15,143.1233
1887-03-16,143.32570000000001
1887-03-17,142.83750000000001
1887-03-18,143.1472
1887-03-21,143.12700000000001
1887-03-22,143.24189999999999
1887-03-23,143.26679999999999
1887-03-24,144.44040000000001
1887-03-25,143.9922
1887-03-28,145.66139999999999
1887-03-29,145.82140000000001
1887-03-30,145.4633
1887-03-31,146.18639999999999
1887-04-01,145.73830000000001
1887-04-04,146.6866
1887-04-05,147.11689999999999
1887-04-06,146.91650000000001
1887-04-07,147.6396
1887-04-11,147.34909999999999
1887-04-12,147.59909999999999
1887-04-13,146.79060000000001
1887-04-14,147.0857
1887-04-15,146.70509999999999
1887-04-18,147.4282
1887-04-19,147.0701
1887-04-20,147.88329999999999
1887-04-21,147.14230000000001
1887-04-22,147.34729999999999
1887-04-25,147.7551
1887-04-26,146.51859999999999
1887-04-27,147.10650000000001
1887-04-28,146.86109999999999
1887-04-29,147.89949999999999
1887-05-02,147.0684
1887-05-03,147.0257
1887-05-04,147.3433
1887-05-05,148.0438
1887-05-06,147.6858
1887-05-09,146.98990000000001
1887-05-10,147.39760000000001
1887-05-11,148.36840000000001
1887-05-12,149.20400000000001
1887-05-13,149.38650000000001
1887-05-16,149.56899999999999
1887-05-17,149.75149999999999
1887-05-18,150.9699
1887-05-19,150.29660000000001
1887-05-20,150.34389999999999
1887-05-23,149.31030000000001
1887-05-24,149.245
1887-05-25,149.58510000000001
1887-05-26,149.92529999999999
1887-05-27,149.0042
1887-05-31,149.8398
1887-06-01,149.9547
1887-06-02,148.60579999999999
1887-06-03,149.126
1887-06-06,149.4211
1887-06-07,149.10810000000001
1887-06-08,148.38980000000001
1887-06-09,148.41460000000001
1887-06-10,148.7998
1887-06-13,147.29320000000001
1887-06-14,146.43979999999999
1887-06-15,146.87
1887-06-16,147.7055
1887-06-17,147.03919999999999
1887-06-20,147.5196
1887-06-21,147.52189999999999
1887-06-22,146.386
1887-06-23,144.79490000000001
1887-06-24,143.1354
1887-06-27,140.99789999999999
1887-06-28,142.27510000000001
1887-06-29,145.19130000000001
1887-06-30,143.9188
1887-07-01,144.035
1887-07-05,142.83090000000001
1887-07-06,142.17310000000001
1887-07-07,142.42580000000001
1887-07-08,141.1534
1887-07-11,141.67939999999999
1887-07-12,141.56790000000001
1887-07-13,139.06630000000001
1887-07-14,140.4117
1887-07-15,140.7328
1887-07-18,141.7595
1887-07-19,140.4188
1887-07-20,141.2407
1887-07-21,142.1763
1887-07-22,141.86000000000001
1887-07-25,140.9974
1887-07-26,139.97540000000001
1887-07-27,138.36160000000001
1887-07-28,139.50210000000001
1887-07-29,136.9323
1887-08-01,136.38839999999999
1887-08-02,134.4333
1887-08-03,136.98500000000001
1887-08-04,138.35319999999999
1887-08-05,139.88059999999999
1887-08-08,138.0848
1887-08-09,138.33750000000001
1887-08-10,138.36269999999999
1887-08-11,138.29679999999999
1887-08-12,138.982
1887-08-15,140.05420000000001
1887-08-16,140.14760000000001
1887-08-17,139.89959999999999
1887-08-18,139.08250000000001
1887-08-19,138.78899999999999
1887-08-22,137.3347
1887-08-23,137.63290000000001
1887-08-24,135.92830000000001
1887-08-25,134.86089999999999
1887-08-26,134.95429999999999
1887-08-29,135.82159999999999
1887-08-30,133.22929999999999
1887-08-31,136.1223
1887-09-01,138.42349999999999
1887-09-02,139.04040000000001
1887-09-06,141.15950000000001
1887-09-07,139.31829999999999
1887-09-08,138.84270000000001
1887-09-09,140.2107
1887-09-12,138.36949999999999
1887-09-13,138.89529999999999
1887-09-14,137.21350000000001
1887-09-15,136.44200000000001
1887-09-16,136.59870000000001
1887-09-19,133.46879999999999
1887-09-20,133.65549999999999
1887-09-21,134.4871
1887-09-22,135.47980000000001
1887-09-23,135.15979999999999
1887-09-26,134.6095
1887-09-27,135.80950000000001
1887-09-28,136.8023
1887-09-29,136.8047
1887-09-30,137.12950000000001
1887-10-03,135.1053
1887-10-04,135.56829999999999
1887-10-05,134.97190000000001
1887-10-06,135.73439999999999
1887-10-07,134.33189999999999
1887-10-10,132.03139999999999
1887-10-11,132.3793
1887-10-12,129.3648
1887-10-13,130.65690000000001
1887-10-14,127.9649
1887-10-17,128.56610000000001
1887-10-18,129.697
1887-10-19,129.30789999999999
1887-10-20,132.3272
1887-10-21,132.3296
1887-10-24,129.1541
1887-10-25,130.7225
1887-10-26,131.62299999999999
1887-10-27,131.92490000000001
1887-10-28,130.89099999999999
1887-10-31,130.29470000000001
1887-11-01,132.7842
1887-11-02,132.7867
1887-11-03,132.58189999999999
1887-11-04,134.7259
1887-11-07,133.94540000000001
1887-11-09,134.70779999999999
1887-11-10,133.37459999999999
1887-11-11,134.94290000000001
1887-11-14,136.83359999999999
1887-11-15,137.4348
1887-11-16,139.1412
1887-11-17,139.5581
1887-11-18,139.60659999999999
1887-11-21,138.3425
1887-11-22,138.7594
1887-11-23,139.95920000000001
1887-11-25,139.7544
1887-11-28,137.38499999999999
1887-11-29,137.54859999999999
1887-11-30,136.90629999999999
1887-12-01,136.37909999999999
1887-12-02,137.44069999999999
1887-12-05,138.8708
1887-12-06,137.58369999999999
1887-12-07,137.0565
1887-12-08,135.7234
1887-12-09,136.5778
1887-12-12,134.16249999999999
1887-12-13,133.6353
1887-12-14,135.3647
1887-12-15,135.02170000000001
1887-12-16,135.32050000000001
1887-12-19,134.8793
1887-12-20,134.62450000000001
1887-12-21,134.999
1887-12-22,135.51339999999999
1887-12-23,136.56370000000001
1887-12-27,137.381
1887-12-28,136.72999999999999
1887-12-29,137.7105
1887-12-30,137.45570000000001
1888-01-03,137.06110000000001
1888-01-04,136.5033
1888-01-05,137.13409999999999
1888-01-06,137.85820000000001
1888-01-09,139.02510000000001
1888-01-10,138.97999999999999
1888-01-11,138.14259999999999
1888-01-12,138.4239
1888-01-13,137.81950000000001
1888-01-16,138.26390000000001
1888-01-17,138.07900000000001
1888-01-18,138.10390000000001
1888-01-19,136.54400000000001
1888-01-20,136.47569999999999
1888-01-23,136.17429999999999
1888-01-24,135.98939999999999
1888-01-25,136.7834
1888-01-26,137.69380000000001
1888-01-27,138.1848
1888-01-30,139.1885
1888-01-31,138.2346
1888-02-01,138.2595
1888-02-02,137.5153
1888-02-03,137.16730000000001
1888-02-06,136.79599999999999
1888-02-07,136.70439999999999
1888-02-08,135.9136
1888-02-09,136.52109999999999
1888-02-10,136.91890000000001
1888-02-13,136.3612
1888-02-14,136.26949999999999
1888-02-15,136.99350000000001
1888-02-16,137.298
1888-02-17,138.4881
1888-02-20,137.60419999999999
1888-02-21,137.62899999999999
1888-02-23,138.14330000000001
1888-02-24,138.09829999999999
1888-02-27,136.23560000000001
1888-02-28,136.74979999999999
1888-02-29,135.9358
1888-03-01,136.77629999999999
1888-03-02,135.98560000000001
1888-03-05,134.589
1888-03-06,135.21979999999999
1888-03-07,134.1961
1888-03-08,134.19759999999999
1888-03-09,134.47890000000001
1888-03-14,134.71350000000001
1888-03-15,134.87819999999999
1888-03-16,133.66919999999999
1888-03-19,134.65940000000001
1888-03-20,133.12799999999999
1888-03-21,130.8424
1888-03-22,131.9975
1888-03-23,131.26740000000001
1888-03-26,131.0085
1888-03-27,130.56110000000001
1888-03-28,129.92529999999999
1888-03-29,129.76070000000001
1888-04-02,126.8389
1888-04-03,128.4889
1888-04-04,130.63380000000001
1888-04-05,130.72839999999999
1888-04-06,132.7319
1888-04-09,131.22409999999999
1888-04-10,130.0462
1888-04-11,130.23509999999999
1888-04-12,130.84819999999999
1888-04-13,131.6498
1888-04-16,131.90940000000001
1888-04-17,132.80520000000001
1888-04-18,132.405
1888-04-19,133.4658
1888-04-20,134.14949999999999
1888-04-23,135.30449999999999
1888-04-24,136.67160000000001
1888-04-25,137.16679999999999
1888-04-26,137.8741
1888-04-27,137.78020000000001
1888-04-30,140.46680000000001
1888-05-01,141.2448
1888-05-02,139.2894
1888-05-03,139.28970000000001
1888-05-04,138.63030000000001
1888-05-07,137.54669999999999
1888-05-08,136.4632
1888-05-09,137.28819999999999
1888-05-10,135.87479999999999
1888-05-11,136.65280000000001
1888-05-14,136.48820000000001
1888-05-15,136.15870000000001
1888-05-16,136.77170000000001
1888-05-17,135.9709
1888-05-18,136.5839
1888-05-21,136.72559999999999
1888-05-22,135.94839999999999
1888-05-23,135.3597
1888-05-24,134.41759999999999
1888-05-25,135.69030000000001
1888-05-28,133.2167
1888-05-29,134.06530000000001
1888-05-31,133.38229999999999
1888-06-01,133.6183
1888-06-04,134.06639999999999
1888-06-05,133.3835
1888-06-06,133.61940000000001
1888-06-07,134.60939999999999
1888-06-08,134.30350000000001
1888-06-11,131.5472
1888-06-12,131.90100000000001
1888-06-13,131.17099999999999
1888-06-14,131.99600000000001
1888-06-15,132.5616
1888-06-18,134.13339999999999
1888-06-19,133.46449999999999
1888-06-20,133.53450000000001
1888-06-21,134.27199999999999
1888-06-22,134.81880000000001
1888-06-25,133.2679
1888-06-26,133.38570000000001
1888-06-27,133.59870000000001
1888-06-28,134.0025
1888-06-29,134.4778
1888-07-02,133.54669999999999
1888-07-03,133.71209999999999
1888-07-05,134.28270000000001
1888-07-06,136.1405
1888-07-09,135.63849999999999
1888-07-10,137.47239999999999
1888-07-11,138.44820000000001
1888-07-12,137.85079999999999
1888-07-13,139.54169999999999
1888-07-16,139.9693
1888-07-17,141.30260000000001
1888-07-18,141.5633
1888-07-19,140.51300000000001
1888-07-20,140.51159999999999
1888-07-23,141.964
1888-07-24,143.15430000000001
1888-07-25,140.48330000000001
1888-07-26,143.00829999999999
1888-07-27,143.26900000000001
1888-07-30,143.10069999999999
1888-07-31,144.21940000000001
1888-08-01,144.40860000000001
1888-08-02,144.3117
1888-08-03,144.09569999999999
1888-08-06,146.0487
1888-08-07,146.54769999999999
1888-08-08,147.04669999999999
1888-08-09,146.37780000000001
1888-08-10,147.01990000000001
1888-08-13,147.01830000000001
1888-08-14,145.08629999999999
1888-08-15,146.18109999999999
1888-08-16,145.36930000000001
1888-08-17,143.5564
1888-08-20,145.08029999999999
1888-08-21,146.1036
1888-08-22,146.22130000000001
1888-08-23,146.24359999999999
1888-08-24,146.0752
1888-08-27,147.5752
1888-08-28,148.3126
1888-08-29,148.02500000000001
1888-08-30,148.02350000000001
1888-08-31,147.8314
1888-09-04,149.6173
1888-09-05,150.0924
1888-09-06,149.30449999999999
1888-09-07,150.1609
1888-09-10,149.4682
1888-09-11,150.15790000000001
1888-09-12,149.7988
1888-09-13,147.5333
1888-09-14,146.57849999999999
1888-09-17,145.76669999999999
1888-09-18,147.26660000000001
1888-09-19,148.9571
1888-09-20,148.9556
1888-09-21,147.62260000000001
1888-09-24,146.39510000000001
1888-09-25,146.75710000000001
1888-09-26,147.93790000000001
1888-09-27,149.67250000000001
1888-09-28,150.68469999999999
1888-10-01,151.5523
1888-10-02,150.37309999999999
1888-10-03,150.10890000000001
1888-10-04,150.495
1888-10-05,149.62880000000001
1888-10-08,148.2569
1888-10-09,149.65430000000001
1888-10-10,148.83629999999999
1888-10-11,149.34280000000001
1888-10-12,149.72880000000001
1888-10-15,148.11619999999999
1888-10-16,148.69479999999999
1888-10-17,148.5993
1888-10-18,149.53919999999999
1888-10-19,148.6489
1888-10-22,148.14400000000001
1888-10-23,148.40960000000001
1888-10-24,148.001
1888-10-25,148.26660000000001
1888-10-26,148.89349999999999
1888-10-29,147.13640000000001
1888-10-30,147.78729999999999
1888-10-31,148.17330000000001
1888-11-01,149.04089999999999
1888-11-02,148.58410000000001
1888-11-05,149.47579999999999
1888-11-07,150.07849999999999
1888-11-08,149.1643
1888-11-09,149.35769999999999
1888-11-12,147.79329999999999
1888-11-13,146.66229999999999
1888-11-14,147.28909999999999
1888-11-15,146.76009999999999
1888-11-16,147.26660000000001
1888-11-19,146.4246
1888-11-20,147.31620000000001
1888-11-21,145.3185
1888-11-22,145.24700000000001
1888-11-23,145.946
1888-11-26,144.83920000000001
1888-11-27,146.42910000000001
1888-11-28,146.2131
1888-12-03,143.22819999999999
1888-12-04,142.62710000000001
1888-12-05,141.9537
1888-12-06,143.7843
1888-12-07,144.12219999999999
1888-12-10,142.7987
1888-12-11,143.8107
1888-12-12,145.2561
1888-12-13,144.51050000000001
1888-12-14,143.76480000000001
1888-12-17,146.02879999999999
1888-12-18,145.18690000000001
1888-12-19,146.39150000000001
1888-12-20,146.44040000000001
1888-12-21,147.6977
1888-12-24,150.57130000000001
1888-12-26,150.47569999999999
1888-12-27,149.50409999999999
1888-12-28,149.57900000000001
1888-12-31,150.33519999999999
1889-01-02,149.58260000000001
1889-01-03,148.75700000000001
1889-01-04,148.8562
1889-01-07,149.2474
1889-01-08,148.54349999999999
1889-01-09,149.27539999999999
1889-01-10,149.2773
1889-01-11,150.10650000000001
1889-01-14,151.6901
1889-01-15,150.6455
1889-01-16,149.86859999999999
1889-01-17,150.77090000000001
1889-01-18,149.8723
1889-01-21,150.53120000000001
1889-01-22,150.02199999999999
1889-01-23,149.5128
1889-01-24,149.7336
1889-01-25,150.00309999999999
1889-01-28,150.27260000000001
1889-01-29,150.8098
1889-01-30,150.83600000000001
1889-01-31,151.76249999999999
1889-02-01,153.17570000000001
1889-02-04,152.25280000000001
1889-02-05,151.96260000000001
1889-02-06,152.62139999999999
1889-02-07,153.18289999999999
1889-02-08,152.0411
1889-02-11,152.91890000000001
1889-02-12,152.53139999999999
1889-02-13,152.55760000000001
1889-02-14,153.07040000000001
1889-02-15,153.43719999999999
1889-02-18,153.4633
1889-02-19,152.54050000000001
1889-02-20,152.54230000000001
1889-02-21,151.66820000000001
1889-02-25,151.5727
1889-02-26,152.18279999999999
1889-02-27,151.5763
1889-02-28,151.77279999999999
1889-03-01,152.62629999999999
1889-03-04,153.285
1889-03-05,152.50819999999999
1889-03-06,151.9504
1889-03-07,152.12260000000001
1889-03-08,151.7594
1889-03-11,150.86099999999999
1889-03-12,150.83850000000001
1889-03-13,150.4023
1889-03-14,149.60120000000001
1889-03-15,148.2149
1889-03-18,146.6403
1889-03-19,148.3348
1889-03-20,148.75110000000001
1889-03-21,149.2903
1889-03-22,148.8955
1889-03-25,148.37790000000001
1889-03-26,148.1797
1889-03-27,149.01390000000001
1889-03-28,148.42250000000001
1889-03-29,147.26580000000001
1889-04-01,147.9033
1889-04-02,148.8604
1889-04-03,148.34270000000001
1889-04-04,149.3981
1889-04-05,150.35509999999999
1889-04-08,149.56710000000001
1889-04-09,150.25380000000001
1889-04-10,151.137
1889-04-11,151.8237
1889-04-12,152.04339999999999
1889-04-15,151.32910000000001
1889-04-16,151.15549999999999
1889-04-17,151.20310000000001
1889-04-18,151.27539999999999
1889-04-22,151.78999999999999
1889-04-23,151.07570000000001
1889-04-24,151.66399999999999
1889-04-25,152.96510000000001
1889-04-26,152.5949
1889-05-02,153.57640000000001
1889-05-03,154.16470000000001
1889-05-06,154.26150000000001
1889-05-07,153.76840000000001
1889-05-08,154.28299999999999
1889-05-09,153.69159999999999
1889-05-10,153.1003
1889-05-13,154.18010000000001
1889-05-14,154.03110000000001
1889-05-15,154.54570000000001
1889-05-16,154.839
1889-05-17,154.91120000000001
1889-05-20,156.13849999999999
1889-05-21,156.309
1889-05-22,156.70060000000001
1889-05-23,158.1491
1889-05-24,157.90180000000001
1889-05-27,158.9324
1889-05-28,159.74180000000001
1889-05-29,158.92930000000001
1889-05-31,159.5667
1889-06-03,159.3931
1889-06-04,159.2441
1889-06-05,160.15180000000001
1889-06-06,160.37139999999999
1889-06-07,160.39439999999999
1889-06-10,160.7123
1889-06-11,161.32509999999999
1889-06-12,161.61850000000001
1889-06-13,161.59229999999999
1889-06-14,160.6815
1889-06-17,160.58170000000001
1889-06-18,161.5385
1889-06-19,160.50479999999999
1889-06-20,160.67529999999999
1889-06-21,160.24260000000001
1889-06-24,159.5967
1889-06-25,159.6704
1889-06-26,159.7192
1889-06-27,159.12299999999999
1889-06-28,158.40270000000001
1889-07-01,158.8981
1889-07-02,157.8554
1889-07-03,156.29159999999999
1889-07-05,156.0924
1889-07-08,154.47900000000001
1889-07-09,154.70150000000001
1889-07-10,155.64349999999999
1889-07-11,157.05680000000001
1889-07-12,155.02170000000001
1889-07-15,156.06290000000001
1889-07-16,156.11170000000001
1889-07-17,155.6644
1889-07-18,154.9194
1889-07-19,154.19919999999999
1889-07-22,153.23089999999999
1889-07-23,154.71860000000001
1889-07-24,154.39529999999999
1889-07-25,155.2876
1889-07-26,154.93950000000001
1889-07-29,154.98830000000001
1889-07-30,155.73169999999999
1889-07-31,156.02860000000001
1889-08-01,156.12710000000001
1889-08-02,156.548
1889-08-05,157.98599999999999
1889-08-06,158.5806
1889-08-07,158.53020000000001
1889-08-08,159.17429999999999
1889-08-09,159.8185
1889-08-12,160.51230000000001
1889-08-13,160.1146
1889-08-14,160.1138
1889-08-15,160.28659999999999
1889-08-16,160.58349999999999
1889-08-19,159.91290000000001
1889-08-20,160.1354
1889-08-21,160.3826
1889-08-22,158.34780000000001
1889-08-23,158.32220000000001
1889-08-26,160.4547
1889-08-27,161.3468
1889-08-28,162.01580000000001
1889-08-29,162.01499999999999
1889-08-30,162.5599
1889-09-03,164.46899999999999
1889-09-04,164.1705
1889-09-05,165.90600000000001
1889-09-06,166.40129999999999
1889-09-09,166.67330000000001
1889-09-10,165.82919999999999
1889-09-11,167.1926
1889-09-12,166.79490000000001
1889-09-13,166.79409999999999
1889-09-16,165.18100000000001
1889-09-17,165.84989999999999
1889-09-18,165.5266
1889-09-19,165.84819999999999
1889-09-20,165.261
1889-09-23,165.786
1889-09-24,165.0341
1889-09-25,165.80940000000001
1889-09-26,166.50960000000001
1889-09-27,166.55879999999999
1889-09-30,166.70820000000001
1889-10-01,166.2567
1889-10-02,166.5814
1889-10-03,164.9282
1889-10-04,165.0275
1889-10-07,163.39949999999999
1889-10-08,163.79920000000001
1889-10-09,165
1889-10-10,164.9742
1889-10-11,164.07210000000001
1889-10-14,165.34809999999999
1889-10-15,164.29580000000001
1889-10-16,164.42019999999999
1889-10-17,162.81720000000001
1889-10-18,163.5924
1889-10-21,161.2885
1889-10-22,162.61449999999999
1889-10-23,163.71520000000001
1889-10-24,163.2638
1889-10-25,164.84010000000001
1889-10-28,163.8629
1889-10-29,163.91220000000001
1889-10-30,164.03649999999999
1889-10-31,164.23599999999999
1889-11-01,163.25890000000001
1889-11-04,163.48339999999999
1889-11-06,164.6591
1889-11-07,164.9837
1889-11-08,163.48099999999999
1889-11-11,162.92939999999999
1889-11-12,164.28039999999999
1889-11-13,162.97790000000001
1889-11-14,165.40520000000001
1889-11-15,165.72980000000001
1889-11-18,166.505
1889-11-19,166.5292
1889-11-20,166.47829999999999
1889-11-21,165.7766
1889-11-22,165.95099999999999
1889-11-25,166.25049999999999
1889-11-26,166.2747
1889-11-27,165.3227
1889-11-29,163.6198
1889-12-02,162.2422
1889-12-03,162.61689999999999
1889-12-04,162.21559999999999
1889-12-05,162.1397
1889-12-06,165.0925
1889-12-09,165.1919
1889-12-10,165.5915
1889-12-11,165.36539999999999
1889-12-12,164.58869999999999
1889-12-13,164.71299999999999
1889-12-16,165.6884
1889-12-17,166.0129
1889-12-18,165.51150000000001
1889-12-19,166.0864
1889-12-20,166.40350000000001
1889-12-23,166.20060000000001
1889-12-24,166.25030000000001
1889-12-26,166.14840000000001
1889-12-27,165.61699999999999
1889-12-30,163.51910000000001
1889-12-31,165.74160000000001
1890-01-02,165.51339999999999
1890-01-03,166.9528
1890-01-06,167.48249999999999
1890-01-07,166.4205
1890-01-08,166.62180000000001
1890-01-09,167.27789999999999
1890-01-10,167.58019999999999
1890-01-13,166.01300000000001
1890-01-14,165.5574
1890-01-15,165.78389999999999
1890-01-16,165.3031
1890-01-17,165.85810000000001
1890-01-20,165.95830000000001
1890-01-21,166.488
1890-01-22,167.01779999999999
1890-01-23,167.11799999999999
1890-01-24,167.8246
1890-01-27,168.45529999999999
1890-01-28,168.9092
1890-01-29,168.5042
1890-01-30,168.30119999999999
1890-01-31,168.32570000000001
1890-02-03,167.41540000000001
1890-02-04,167.54079999999999
1890-02-05,167.33789999999999
1890-02-06,167.79179999999999
1890-02-07,168.2962
1890-02-10,167.28489999999999
1890-02-11,166.3999
1890-02-12,166.62639999999999
1890-02-13,166.75190000000001
1890-02-14,166.65000000000001
1890-02-17,165.0829
1890-02-18,165.6884
1890-02-19,165.56129999999999
1890-02-20,165.4846
1890-02-21,164.54910000000001
1890-02-24,164.69990000000001
1890-02-25,164.69909999999999
1890-02-26,163.99090000000001
1890-02-27,163.73750000000001
1890-02-28,163.53450000000001
1890-03-03,163.9632
1890-03-04,164.0129
1890-03-05,163.3553
1890-03-06,163.7586
1890-03-07,164.9451
1890-03-10,164.31280000000001
1890-03-11,165.1961
1890-03-12,166.33199999999999
1890-03-13,165.9776
1890-03-14,165.7747
1890-03-17,166.178
1890-03-18,165.09100000000001
1890-03-19,164.86279999999999
1890-03-20,164.78620000000001
1890-03-21,165.5401
1890-03-24,166.1258
1890-03-25,165.69149999999999
1890-03-26,166.1242
1890-03-27,165.81729999999999
1890-03-28,165.33199999999999
1890-03-31,165.12710000000001
1890-04-01,165.68729999999999
1890-04-02,165.7885
1890-04-03,166.57830000000001
1890-04-07,165.96539999999999
1890-04-08,166.1431
1890-04-09,165.6832
1890-04-10,165.3509
1890-04-11,164.66149999999999
1890-04-14,165.91030000000001
1890-04-15,166.4195
1890-04-16,166.5461
1890-04-17,167.2593
1890-04-18,167.386
1890-04-21,169.22130000000001
1890-04-22,169.22040000000001
1890-04-23,169.7551
1890-04-24,171.33529999999999
1890-04-25,172.55850000000001
1890-04-28,174.2662
1890-04-29,175.05590000000001
1890-04-30,174.749
1890-05-01,176.3802
1890-05-02,176.2773
1890-05-05,177.88300000000001
1890-05-06,177.9076
1890-05-07,176.98869999999999
1890-05-08,177.4469
1890-05-09,179.12899999999999
1890-05-12,178.51609999999999
1890-05-13,179.5352
1890-05-14,180.88579999999999
1890-05-15,180.018
1890-05-16,180.75659999999999
1890-05-19,181.69919999999999
1890-05-20,181.5453
1890-05-21,180.14189999999999
1890-05-22,181.44149999999999
1890-05-23,181.33860000000001
1890-05-26,181.82230000000001
1890-05-27,180.6739
1890-05-28,181.489
1890-05-29,180.0857
1890-06-02,178.47839999999999
1890-06-03,180.49189999999999
1890-06-04,182.7859
1890-06-05,181.51009999999999
1890-06-06,181.2542
1890-06-09,181.4828
1890-06-10,181.07400000000001
1890-06-11,179.61969999999999
1890-06-12,180.5112
1890-06-13,179.6944
1890-06-16,179.0051
1890-06-17,178.34129999999999
1890-06-18,176.5556
1890-06-19,176.4528
1890-06-20,176.92939999999999
1890-06-23,176.54259999999999
1890-06-24,176.5932
1890-06-25,177.1841
1890-06-26,175.76820000000001
1890-06-27,175.20140000000001
1890-06-30,177.02719999999999
1890-07-01,176.84620000000001
1890-07-02,176.7167
1890-07-03,176.89590000000001
1890-07-07,175.94319999999999
1890-07-08,176.91990000000001
1890-07-09,175.37540000000001
1890-07-10,175.709
1890-07-11,177.04589999999999
1890-07-14,177.35380000000001
1890-07-15,177.816
1890-07-16,177.7894
1890-07-17,177.11969999999999
1890-07-18,176.99019999999999
1890-07-21,176.6549
1890-07-22,176.96270000000001
1890-07-23,177.39920000000001
1890-07-24,177.75839999999999
1890-07-25,177.08869999999999
1890-07-28,175.51859999999999
1890-07-29,176.05799999999999
1890-07-30,176.62309999999999
1890-07-31,175.0787
1890-08-01,174.97489999999999
1890-08-04,174.33090000000001
1890-08-05,173.81559999999999
1890-08-06,172.8887
1890-08-07,173.17080000000001
1890-08-08,173.06700000000001
1890-08-11,169.5676
1890-08-12,172.4736
1890-08-13,172.57570000000001
1890-08-14,173.65530000000001
1890-08-15,174.34889999999999
1890-08-18,173.422
1890-08-19,172.2636
1890-08-20,172.8801
1890-08-21,168.78919999999999
1890-08-22,170.94909999999999
1890-08-25,171.33410000000001
1890-08-26,174.1371
1890-08-27,172.59289999999999
1890-08-28,173.80099999999999
1890-08-29,173.85159999999999
1890-09-02,174.15940000000001
1890-09-03,173.82419999999999
1890-09-04,171.94560000000001
1890-09-05,172.45920000000001
1890-09-08,171.6352
1890-09-09,172.68899999999999
1890-09-10,172.328
1890-09-11,170.06360000000001
1890-09-12,169.77979999999999
1890-09-15,167.30969999999999
1890-09-16,168.6206
1890-09-17,168.7741
1890-09-18,169.67359999999999
1890-09-19,171.32380000000001
1890-09-22,167.9734
1890-09-23,168.36199999999999
1890-09-24,169.11420000000001
1890-09-25,167.893
1890-09-26,167.19110000000001
1890-09-29,166.90459999999999
1890-09-30,167.52690000000001
1890-10-01,167.29239999999999
1890-10-02,166.35679999999999
1890-10-03,164.4605
1890-10-06,162.69409999999999
1890-10-07,163.21260000000001
1890-10-08,159.73249999999999
1890-10-09,160.77019999999999
1890-10-10,162.27539999999999
1890-10-13,162.11879999999999
1890-10-14,159.3657
1890-10-15,160.27369999999999
1890-10-16,160.16900000000001
1890-10-17,162.86850000000001
1890-10-20,161.93299999999999
1890-10-21,162.73699999999999
1890-10-22,163.82669999999999
1890-10-23,162.268
1890-10-24,161.72200000000001
1890-10-27,160.99420000000001
1890-10-28,160.21449999999999
1890-10-29,159.14920000000001
1890-10-30,158.94069999999999
1890-10-31,159.79669999999999
1890-11-03,160.60069999999999
1890-11-05,159.09399999999999
1890-11-06,156.26329999999999
1890-11-07,153.71809999999999
1890-11-10,146.16220000000001
1890-11-11,144.88929999999999
1890-11-12,150.1849
1890-11-13,148.44460000000001
1890-11-14,145.48419999999999
1890-11-17,144.02950000000001
1890-11-18,140.75749999999999
1890-11-19,142.62610000000001
1890-11-20,142.9109
1890-11-21,148.0247
1890-11-24,152.1258
1890-11-25,149.7885
1890-11-26,151.50120000000001
1890-11-28,152.3312
1890-12-01,145.6584
1890-12-02,147.9682
1890-12-03,147.1626
1890-12-04,145.65610000000001
1890-12-05,144.27940000000001
1890-12-08,138.3596
1890-12-09,143.23949999999999
1890-12-10,141.084
1890-12-11,142.4332
1890-12-12,145.8073
1890-12-15,145.83250000000001
1890-12-16,143.9367
1890-12-17,145.90889999999999
1890-12-18,146.19370000000001
1890-12-19,145.34479999999999
1890-12-22,144.9769
1890-12-23,144.68790000000001
1890-12-24,144.3201
1890-12-26,143.5848
1890-12-29,147.3381
1890-12-30,146.524
1890-12-31,147.8887
1891-01-02,149.80449999999999
1891-01-05,151.24789999999999
1891-01-06,151.22130000000001
1891-01-07,152.2184
1891-01-08,153.05799999999999
1891-01-09,154.86879999999999
1891-01-12,155.44589999999999
1891-01-13,158.33279999999999
1891-01-14,158.01750000000001
1891-01-15,155.8648
1891-01-16,155.23439999999999
1891-01-19,155.91650000000001
1891-01-20,155.88990000000001
1891-01-21,155.3383
1891-01-22,154.99680000000001
1891-01-23,153.6053
1891-01-26,151.05889999999999
1891-01-27,153.6833
1891-01-28,153.7354
1891-01-29,153.9975
1891-01-30,154.25970000000001
1891-02-02,156.12280000000001
1891-02-03,155.8075
1891-02-04,157.98560000000001
1891-02-05,157.88030000000001
1891-02-06,158.43109999999999
1891-02-09,159.3493
1891-02-10,159.0865
1891-02-11,158.24619999999999
1891-02-12,156.881
1891-02-13,156.5395
1891-02-16,158.29759999999999
1891-02-17,157.2474
1891-02-18,156.72210000000001
1891-02-19,157.0104
1891-02-20,157.22
1891-02-24,156.98339999999999
1891-02-25,156.74680000000001
1891-02-26,157.92750000000001
1891-02-27,157.66470000000001
1891-03-02,156.56200000000001
1891-03-03,157.559
1891-03-04,155.4853
1891-03-05,155.56360000000001
1891-03-06,153.5162
1891-03-09,153.64709999999999
1891-03-10,153.25299999999999
1891-03-11,154.35489999999999
1891-03-12,154.2758
1891-03-13,154.328
1891-03-16,156.68960000000001
1891-03-17,155.90190000000001
1891-03-18,155.3767
1891-03-19,154.5103
1891-03-20,153.9699
1891-03-23,155.40100000000001
1891-03-24,154.94890000000001
1891-03-25,155.55770000000001
1891-03-26,155.4769
1891-03-30,157.3588
1891-03-31,157.0924
1891-04-01,156.69329999999999
1891-04-02,156.18819999999999
1891-04-03,156.92959999999999
1891-04-06,159.05019999999999
1891-04-07,158.65110000000001
1891-04-08,159.8434
1891-04-09,161.22139999999999
1891-04-10,161.114
1891-04-13,160.42320000000001
1891-04-14,159.83850000000001
1891-04-15,159.8638
1891-04-16,160.5787
1891-04-17,160.89570000000001
1891-04-20,163.57320000000001
1891-04-21,162.96190000000001
1891-04-22,166.4881
1891-04-23,164.8955
1891-04-24,165.76949999999999
1891-04-27,165.1052
1891-04-28,166.27090000000001
1891-04-29,165.50049999999999
1891-04-30,167.03749999999999
1891-05-01,166.1611
1891-05-04,165.28460000000001
1891-05-05,164.0634
1891-05-06,165.12299999999999
1891-05-07,163.29179999999999
1891-05-08,161.83199999999999
1891-05-11,161.1943
1891-05-12,158.80619999999999
1891-05-13,160.34309999999999
1891-05-14,160.26230000000001
1891-05-15,159.3064
1891-05-18,156.6797
1891-05-19,156.33369999999999
1891-05-20,158.9049
1891-05-21,157.5247
1891-05-22,161.1831
1891-05-25,161.20840000000001
1891-05-26,160.94200000000001
1891-05-27,160.7816
1891-05-28,161.15170000000001
1891-05-29,159.8775
1891-06-01,157.80779999999999
1891-06-02,158.60220000000001
1891-06-03,157.83189999999999
1891-06-04,157.37989999999999
1891-06-05,158.01509999999999
1891-06-08,157.56309999999999
1891-06-09,156.50110000000001
1891-06-10,157.00380000000001
1891-06-11,157.37379999999999
1891-06-12,158.08860000000001
1891-06-15,159.54580000000001
1891-06-16,159.22640000000001
1891-06-17,158.53569999999999
1891-06-18,158.9323
1891-06-19,158.2253
1891-06-22,156.96469999999999
1891-06-23,156.8295
1891-06-24,156.26560000000001
1891-06-25,155.916
1891-06-26,154.36070000000001
1891-06-29,152.6446
1891-06-30,155.02809999999999
1891-07-01,155.37520000000001
1891-07-02,154.9453
1891-07-03,156.44460000000001
1891-07-06,157.43469999999999
1891-07-07,158.18369999999999
1891-07-08,158.63800000000001
1891-07-09,157.61859999999999
1891-07-10,158.6087
1891-07-13,158.58070000000001
1891-07-14,157.9365
1891-07-15,158.01560000000001
1891-07-16,158.0412
1891-07-17,156.9682
1891-07-20,155.57380000000001
1891-07-21,155.19739999999999
1891-07-22,155.75890000000001
1891-07-23,155.2218
1891-07-24,154.84549999999999
1891-07-27,152.51329999999999
1891-07-28,153.18190000000001
1891-07-29,152.40369999999999
1891-07-30,150.3931
1891-07-31,151.27600000000001
1891-08-03,153.63249999999999
1891-08-04,152.07740000000001
1891-08-05,152.69239999999999
1891-08-06,152.90549999999999
1891-08-07,153.6277
1891-08-10,153.1174
1891-08-11,152.71430000000001
1891-08-12,154.02590000000001
1891-08-13,154.88200000000001
1891-08-14,155.87209999999999
1891-08-17,160.66650000000001
1891-08-18,161.28139999999999
1891-08-19,161.36060000000001
1891-08-20,161.0378
1891-08-21,161.30449999999999
1891-08-24,162.83029999999999
1891-08-25,164.9991
1891-08-26,165.614
1891-08-27,165.10380000000001
1891-08-28,167.99590000000001
1891-08-31,171.37020000000001
1891-09-01,171.07419999999999
1891-09-02,170.29599999999999
1891-09-03,168.58019999999999
1891-09-04,172.2491
1891-09-08,173.34620000000001
1891-09-09,173.61279999999999
1891-09-10,173.02209999999999
1891-09-11,172.8065
1891-09-14,173.15350000000001
1891-09-15,174.70599999999999
1891-09-16,174.62430000000001
1891-09-17,175.98929999999999
1891-09-18,177.3295
1891-09-21,179.84379999999999
1891-09-22,178.19319999999999
1891-09-23,178.38159999999999
1891-09-24,173.99959999999999
1891-09-25,176.86539999999999
1891-09-28,176.3777
1891-09-29,174.05109999999999
1891-09-30,173.77979999999999
1891-10-01,170.69589999999999
1891-10-02,173.72399999999999
1891-10-05,176.12989999999999
1891-10-06,175.9127
1891-10-07,174.6679
1891-10-08,174.82919999999999
1891-10-09,175.28809999999999
1891-10-12,173.0968
1891-10-13,173.4204
1891-10-14,172.09450000000001
1891-10-15,173.01300000000001
1891-10-16,174.797
1891-10-19,173.82259999999999
1891-10-20,174.41669999999999
1891-10-21,175.98419999999999
1891-10-22,175.25319999999999
1891-10-23,175.1712
1891-10-26,175.38669999999999
1891-10-27,174.7097
1891-10-28,172.78890000000001
1891-10-29,174.708
1891-10-30,173.7336
1891-11-02,173.3271
1891-11-04,172.43389999999999
1891-11-05,171.08099999999999
1891-11-06,169.40360000000001
1891-11-09,166.75280000000001
1891-11-10,170.64580000000001
1891-11-11,170.83420000000001
1891-11-12,169.85990000000001
1891-11-13,171.53559999999999
1891-11-16,171.07499999999999
1891-11-17,170.88489999999999
1891-11-18,171.07329999999999
1891-11-19,171.3158
1891-11-20,173.4511
1891-11-23,173.39619999999999
1891-11-24,174.12540000000001
1891-11-25,174.25970000000001
1891-11-27,174.12360000000001
1891-11-30,174.42019999999999
1891-12-01,172.93219999999999
1891-12-02,173.66139999999999
1891-12-03,173.9579
1891-12-04,172.95660000000001
1891-12-07,173.22620000000001
1891-12-08,174.03649999999999
1891-12-09,174.57640000000001
1891-12-10,175.33260000000001
1891-12-11,174.9802
1891-12-14,174.49260000000001
1891-12-15,174.7081
1891-12-16,175.4102
1891-12-17,176.7612
1891-12-18,176.91300000000001
1891-12-21,177.40639999999999
1891-12-22,178.69139999999999
1891-12-23,179.67619999999999
1891-12-24,180.9066
1891-12-28,181.72749999999999
1891-12-29,180.74690000000001
1891-12-30,180.17570000000001
1891-12-31,180.91480000000001
1892-01-04,182.5
1892-01-05,181.81970000000001
1892-01-06,182.36760000000001
1892-01-07,181.19589999999999
1892-01-08,181.88040000000001
1892-01-11,180.8998
1892-01-12,182.3212
1892-01-13,181.69540000000001
1892-01-14,180.79669999999999
1892-01-15,180.63499999999999
1892-01-18,178.50800000000001
1892-01-19,176.05350000000001
1892-01-20,179.60400000000001
1892-01-21,180.12459999999999
1892-01-22,180.48150000000001
1892-01-25,178.08160000000001
1892-01-26,180.89500000000001
1892-01-27,180.67869999999999
1892-01-28,182.48220000000001
1892-01-29,181.80189999999999
1892-02-01,179.83869999999999
1892-02-02,180.44130000000001
1892-02-03,179.43340000000001
1892-02-04,179.8176
1892-02-05,180.96600000000001
1892-02-08,184.43440000000001
1892-02-09,182.90799999999999
1892-02-10,182.93729999999999
1892-02-11,185.28659999999999
1892-02-12,184.98840000000001
1892-02-15,187.91079999999999
1892-02-16,186.68459999999999
1892-02-17,185.5677
1892-02-18,186.14279999999999
1892-02-19,184.50729999999999
1892-02-23,185.00059999999999
1892-02-24,183.17400000000001
1892-02-25,183.50360000000001
1892-02-26,183.91499999999999
1892-02-29,187.274
1892-03-01,187.24879999999999
1892-03-02,187.33269999999999
1892-03-03,186.51589999999999
1892-03-04,189.13800000000001
1892-03-07,186.6292
1892-03-08,185.5668
1892-03-09,187.31549999999999
1892-03-10,187.2629
1892-03-11,188.60220000000001
1892-03-14,187.62180000000001
1892-03-15,187.70570000000001
1892-03-16,187.48939999999999
1892-03-17,187.5187
1892-03-18,186.10300000000001
1892-03-21,185.27760000000001
1892-03-22,186.6849
1892-03-23,184.9776
1892-03-24,185.1446
1892-03-25,184.65000000000001
1892-03-28,183.54910000000001
1892-03-29,185.01150000000001
1892-03-30,182.86320000000001
1892-03-31,182.4513
1892-04-01,181.04730000000001
1892-04-04,182.0411
1892-04-05,182.09780000000001
1892-04-06,184.9933
1892-04-07,184.8295
1892-04-08,184.3074
1892-04-11,185.3563
1892-04-12,184.86179999999999
1892-04-13,185.828
1892-04-14,186.8218
1892-04-18,187.95330000000001
1892-04-19,186.6044
1892-04-20,186.9091
1892-04-21,185.89099999999999
1892-04-22,185.56180000000001
1892-04-25,183.99250000000001
1892-04-26,183.91139999999999
1892-04-27,183.1412
1892-04-28,184.07990000000001
1892-04-29,184.798
1892-05-02,184.41370000000001
1892-05-03,183.75389999999999
1892-05-04,185.0232
1892-05-05,184.33580000000001
1892-05-06,184.75069999999999
1892-05-09,185.85470000000001
1892-05-10,184.89169999999999
1892-05-11,185.25149999999999
1892-05-12,183.79249999999999
1892-05-13,182.77440000000001
1892-05-16,183.21690000000001
1892-05-17,181.97829999999999
1892-05-18,182.2004
1892-05-19,180.79650000000001
1892-05-20,179.69569999999999
1892-05-23,181.59880000000001
1892-05-24,180.41540000000001
1892-05-25,182.09809999999999
1892-05-26,182.12719999999999
1892-05-27,181.7705
1892-05-31,181.3312
1892-06-01,179.95490000000001
1892-06-02,180.78319999999999
1892-06-03,180.8124
1892-06-06,178.69210000000001
1892-06-07,177.53630000000001
1892-06-08,178.3646
1892-06-09,179.24799999999999
1892-06-10,178.69839999999999
1892-06-13,182.0068
1892-06-14,182.9178
1892-06-15,182.3682
1892-06-16,180.7715
1892-06-17,181.29130000000001
1892-06-20,180.93100000000001
1892-06-21,182.90950000000001
1892-06-22,182.60480000000001
1892-06-23,182.3837
1892-06-24,182.05119999999999
1892-06-27,182.47040000000001
1892-06-28,182.33279999999999
1892-06-29,182.52930000000001
1892-06-30,181.7235
1892-07-01,181.75290000000001
1892-07-05,178.02359999999999
1892-07-06,177.524
1892-07-07,178.88990000000001
1892-07-08,179.8382
1892-07-11,178.83750000000001
1892-07-12,179.3124
1892-07-13,180.2885
1892-07-14,179.31569999999999
1892-07-15,179.2895
1892-07-18,179.5138
1892-07-19,179.93299999999999
1892-07-20,180.88130000000001
1892-07-21,181.60679999999999
1892-07-22,181.77539999999999
1892-07-25,181.4151
1892-07-26,181.6951
1892-07-27,182.92169999999999
1892-07-28,184.3989
1892-07-29,185.4306
1892-08-01,185.68279999999999
1892-08-02,185.32239999999999
1892-08-03,185.10130000000001
1892-08-04,184.1842
1892-08-05,185.8005
1892-08-08,183.8811
1892-08-09,184.1611
1892-08-10,184.55250000000001
1892-08-11,183.38480000000001
1892-08-12,183.5813
1892-08-15,183.24879999999999
1892-08-16,184.41970000000001
1892-08-17,182.8066
1892-08-18,183.19800000000001
1892-08-19,182.42009999999999
1892-08-22,185.1499
1892-08-23,184.87309999999999
1892-08-24,185.29230000000001
1892-08-25,184.7371
1892-08-26,183.6808
1892-08-29,182.374
1892-08-30,182.8767
1892-08-31,180.512
1892-09-01,177.36789999999999
1892-09-02,177.3974
1892-09-06,177.95580000000001
1892-09-07,179.26580000000001
1892-09-08,179.43440000000001
1892-09-09,179.6309
1892-09-12,176.4033
1892-09-13,176.4606
1892-09-14,175.23740000000001
1892-09-15,173.7079
1892-09-16,175.0224
1892-09-19,177.13579999999999
1892-09-20,176.29419999999999
1892-09-21,176.52199999999999
1892-09-22,177.42529999999999
1892-09-23,178.6662
1892-09-26,179.28800000000001
1892-09-27,179.09370000000001
1892-09-28,178.7586
1892-09-29,178.31100000000001
1892-09-30,178.03219999999999
1892-10-03,179.86410000000001
1892-10-04,180.76730000000001
1892-10-05,181.2484
1892-10-06,181.16659999999999
1892-10-07,180.60640000000001
1892-10-10,180.6935
1892-10-11,181.5967
1892-10-13,182.922
1892-10-14,183.06530000000001
1892-10-17,182.083
1892-10-18,181.57910000000001
1892-10-19,181.52549999999999
1892-10-20,181.9503
1892-10-24,183.0504
1892-10-25,183.0249
1892-10-26,182.1833
1892-10-27,181.8202
1892-10-28,181.93539999999999
1892-10-31,183.00729999999999
1892-11-01,184.30439999999999
1892-11-02,181.99959999999999
1892-11-03,182.36799999999999
1892-11-04,182.39879999999999
1892-11-07,182.87979999999999
1892-11-09,181.982
1892-11-10,183.11019999999999
1892-11-11,182.18430000000001
1892-11-14,180.3297
1892-11-15,181.34540000000001
1892-11-16,180.5883
1892-11-17,179.69049999999999
1892-11-18,180.31219999999999
1892-11-21,178.5703
1892-11-22,179.0232
1892-11-23,177.95660000000001
1892-11-25,176.07390000000001
1892-11-28,176.02029999999999
1892-11-29,175.00999999999999
1892-11-30,174.22479999999999
1892-12-01,174.11500000000001
1892-12-02,175.2713
1892-12-05,176.7653
1892-12-06,175.6987
1892-12-07,176.23599999999999
1892-12-08,175.81659999999999
1892-12-09,177.2261
1892-12-12,177.31319999999999
1892-12-13,177.62540000000001
1892-12-14,177.90940000000001
1892-12-15,175.6611
1892-12-16,174.74250000000001
1892-12-19,172.8117
1892-12-20,174.97710000000001
1892-12-21,174.3263
1892-12-22,173.84620000000001
1892-12-23,172.8826
1892-12-27,174.0239
1892-12-28,174.2834
1892-12-29,176.1927
1892-12-30,175.2859
1893-01-03,175.09030000000001
1893-01-04,174.55340000000001
1893-01-05,173.81729999999999
1893-01-06,174.3612
1893-01-09,175.7585
1893-01-10,176.018
1893-01-11,175.7371
1893-01-12,177.6747
1893-01-13,179.66929999999999
1893-01-16,181.43629999999999
1893-01-17,180.38730000000001
1893-01-18,181.89830000000001
1893-01-19,181.56049999999999
1893-01-20,183.1283
1893-01-23,182.79050000000001
1893-01-24,182.8792
1893-01-25,182.08629999999999
1893-01-26,182.65860000000001
1893-01-27,182.6052
1893-01-30,180.0204
1893-01-31,180.87710000000001
1893-02-01,182.04669999999999
1893-02-02,181.22540000000001
1893-02-03,181.4564
1893-02-06,180.2653
1893-02-07,180.69540000000001
1893-02-08,179.73179999999999
1893-02-09,178.4554
1893-02-10,178.0891
1893-02-13,178.9743
1893-02-14,177.49879999999999
1893-02-15,177.64449999999999
1893-02-16,177.10759999999999
1893-02-17,176.6276
1893-02-20,172.7062
1893-02-21,172.79499999999999
1893-02-23,168.87360000000001
1893-02-24,170.3845
1893-02-27,167.5155
1893-02-28,169.9365
1893-03-01,170.62260000000001
1893-03-02,171.08109999999999
1893-03-03,169.4066
1893-03-06,166.76519999999999
1893-03-07,168.56039999999999
1893-03-08,168.0805
1893-03-09,167.51519999999999
1893-03-10,167.0068
1893-03-13,167.1241
1893-03-14,166.55879999999999
1893-03-15,164.14490000000001
1893-03-16,164.26220000000001
1893-03-17,165.58189999999999
1893-03-20,165.61420000000001
1893-03-21,165.589
1893-03-22,166.39879999999999
1893-03-23,167.2373
1893-03-24,168.99709999999999
1893-03-27,169.66290000000001
1893-03-28,169.11940000000001
1893-03-29,169.03659999999999
1893-03-30,171.02670000000001
1893-04-03,172.18190000000001
1893-04-04,170.63079999999999
1893-04-05,173.77250000000001
1893-04-06,173.14269999999999
1893-04-07,173.69329999999999
1893-04-10,172.17089999999999
1893-04-11,171.2244
1893-04-12,171.77500000000001
1893-04-13,168.66919999999999
1893-04-14,169.16220000000001
1893-04-17,166.8914
1893-04-18,168.19049999999999
1893-04-19,165.7757
1893-04-20,164.5701
1893-04-21,165.78290000000001
1893-04-24,166.2183
1893-04-25,167.48859999999999
1893-04-26,167.9528
1893-04-28,167.40940000000001
1893-05-01,162.6628
1893-05-02,162.34970000000001
1893-05-03,158.46680000000001
1893-05-04,155.47640000000001
1893-05-05,158.93459999999999
1893-05-08,160.03219999999999
1893-05-09,156.55240000000001
1893-05-10,151.89230000000001
1893-05-11,153.3929
1893-05-12,153.1087
1893-05-15,149.4563
1893-05-16,151.73410000000001
1893-05-17,154.58770000000001
1893-05-18,154.24590000000001
1893-05-19,157.84790000000001
1893-05-22,156.15309999999999
1893-05-23,154.19919999999999
1893-05-24,153.36799999999999
1893-05-25,155.15639999999999
1893-05-26,154.3828
1893-05-29,151.53649999999999
1893-05-31,152.02950000000001
1893-06-01,150.1044
1893-06-02,148.32329999999999
1893-06-05,149.36330000000001
1893-06-06,149.16540000000001
1893-06-07,148.62209999999999
1893-06-08,149.94990000000001
1893-06-09,152.86089999999999
1893-06-12,152.3751
1893-06-13,151.8031
1893-06-14,151.2885
1893-06-15,150.97550000000001
1893-06-16,151.732
1893-06-19,151.67679999999999
1893-06-20,150.221
1893-06-21,152.1207
1893-06-22,151.56950000000001
1893-06-23,150.08449999999999
1893-06-26,147.25729999999999
1893-06-27,149.62389999999999
1893-06-28,145.4254
1893-06-29,145.5745
1893-06-30,147.38669999999999
1893-07-03,148.0318
1893-07-05,145.35050000000001
1893-07-06,146.25819999999999
1893-07-07,147.2534
1893-07-10,144.4555
1893-07-11,139.52770000000001
1893-07-12,138.7139
1893-07-13,139.82579999999999
1893-07-14,140.96690000000001
1893-07-17,137.32300000000001
1893-07-18,130.41120000000001
1893-07-19,131.2022
1893-07-20,133.8897
1893-07-21,132.49250000000001
1893-07-24,129.22790000000001
1893-07-25,125.23399999999999
1893-07-26,116.0758
1893-07-27,123.72329999999999
1893-07-28,122.9096
1893-07-31,120.9581
1893-08-01,122.62439999999999
1893-08-02,130.62180000000001
1893-08-03,127.4157
1893-08-04,132.2912
1893-08-07,128.99760000000001
1893-08-08,126.8419
1893-08-09,127.69119999999999
1893-08-10,129.82419999999999
1893-08-11,130.4693
1893-08-14,126.7381
1893-08-15,126.27460000000001
1893-08-16,126.5112
1893-08-17,125.1724
1893-08-18,124.79640000000001
1893-08-21,128.2422
1893-08-22,127.2243
1893-08-23,127.3443
1893-08-24,128.25190000000001
1893-08-25,129.56800000000001
1893-08-28,131.8759
1893-08-29,134.50479999999999
1893-08-30,135.76249999999999
1893-08-31,134.21950000000001
1893-09-01,136.99420000000001
1893-09-05,142.71530000000001
1893-09-06,141.58070000000001
1893-09-07,140.0086
1893-09-08,143.01660000000001
1893-09-11,145.20769999999999
1893-09-12,142.87710000000001
1893-09-13,144.3681
1893-09-14,143.52520000000001
1893-09-15,142.45930000000001
1893-09-18,141.63380000000001
1893-09-19,142.4658
1893-09-20,142.3802
1893-09-21,142.20590000000001
1893-09-22,142.0907
1893-09-25,138.12780000000001
1893-09-26,136.4735
1893-09-27,135.3817
1893-09-28,139.5582
1893-09-29,141.42609999999999
1893-10-02,140.03829999999999
1893-10-03,140.15989999999999
1893-10-04,140.22239999999999
1893-10-05,139.72239999999999
1893-10-06,141.8271
1893-10-09,142.27430000000001
1893-10-10,140.6497
1893-10-11,140.91929999999999
1893-10-12,141.45529999999999
1893-10-13,137.3742
1893-10-16,138.08770000000001
1893-10-17,137.1439
1893-10-18,140.04759999999999
1893-10-19,140.79069999999999
1893-10-20,142.3922
1893-10-23,148.285
1893-10-24,149.9752
1893-10-25,152.46449999999999
1893-10-26,151.69820000000001
1893-10-27,153.47710000000001
1893-10-30,153.15479999999999
1893-10-31,151.38220000000001
1893-11-01,153.9898
1893-11-02,151.4478
1893-11-03,151.3031
1893-11-06,150.4776
1893-11-08,152.0197
1893-11-09,150.1585
1893-11-10,149.92490000000001
1893-11-13,148.89230000000001
1893-11-14,148.4812
1893-11-15,148.2773
1893-11-16,149.02029999999999
1893-11-17,147.899
1893-11-20,148.58279999999999
1893-11-21,151.30869999999999
1893-11-22,151.54859999999999
1893-11-23,150.72319999999999
1893-11-24,153.65620000000001
1893-11-27,152.3869
1893-11-28,154.10650000000001
1893-11-29,154.64230000000001
1893-12-01,155.88839999999999
1893-12-04,154.8263
1893-12-05,152.6396
1893-12-06,152.554
1893-12-07,153.0899
1893-12-08,152.61959999999999
1893-12-11,150.25540000000001
1893-12-12,150.64330000000001
1893-12-13,151.3271
1893-12-14,150.67930000000001
1893-12-15,149.83760000000001
1893-12-18,147.3451
1893-12-19,146.56319999999999
1893-12-20,146.23140000000001
1893-12-21,143.739
1893-12-22,142.68700000000001
1893-12-26,141.2149
1893-12-27,141.57339999999999
1893-12-28,139.62110000000001
1893-12-29,139.64949999999999
1894-01-02,138.53749999999999
1894-01-03,140.4864
1894-01-04,142.1952
1894-01-05,141.6234
1894-01-08,142.40199999999999
1894-01-09,142.79040000000001
1894-01-10,141.88849999999999
1894-01-11,140.2364
1894-01-12,141.285
1894-01-15,145.5745
1894-01-16,144.55250000000001
1894-01-17,144.2808
1894-01-18,144.03909999999999
1894-01-19,146.34790000000001
1894-01-22,147.2765
1894-01-23,146.46459999999999
1894-01-24,146.85300000000001
1894-01-25,146.37129999999999
1894-01-26,147.05969999999999
1894-01-29,147.50810000000001
1894-01-30,148.67670000000001
1894-01-31,148.88509999999999
1894-02-01,149.0634
1894-02-02,148.2516
1894-02-05,148.4599
1894-02-06,148.12819999999999
1894-02-07,147.34639999999999
1894-02-08,147.40469999999999
1894-02-09,147.583
1894-02-12,145.81110000000001
1894-02-13,145.44929999999999
1894-02-14,146.1978
1894-02-15,146.1661
1894-02-16,147.5146
1894-02-19,146.58279999999999
1894-02-20,146.58109999999999
1894-02-21,147.23949999999999
1894-02-23,146.81780000000001
1894-02-26,147.05619999999999
1894-02-27,148.0746
1894-02-28,149.3031
1894-03-01,150.77160000000001
1894-03-02,149.2097
1894-03-05,151.3083
1894-03-06,150.34649999999999
1894-03-07,151.66489999999999
1894-03-08,150.85319999999999
1894-03-09,151.1815
1894-03-12,152.5
1894-03-13,154.0284
1894-03-14,153.45670000000001
1894-03-15,152.3749
1894-03-16,154.06479999999999
1894-03-19,154.03229999999999
1894-03-20,154.91040000000001
1894-03-21,154.54400000000001
1894-03-22,154.0864
1894-03-26,155.20740000000001
1894-03-27,154.6285
1894-03-28,156.02269999999999
1894-03-29,154.77590000000001
1894-03-30,156.44329999999999
1894-04-02,155.77330000000001
1894-04-03,155.9228
1894-04-04,155.19210000000001
1894-04-05,156.88990000000001
1894-04-06,158.28399999999999
1894-04-09,157.31039999999999
1894-04-10,156.88329999999999
1894-04-11,157.0025
1894-04-12,156.12
1894-04-13,156.63380000000001
1894-04-16,155.59950000000001
1894-04-17,155.20269999999999
1894-04-18,154.86660000000001
1894-04-19,154.71260000000001
1894-04-20,155.74250000000001
1894-04-23,153.46369999999999
1894-04-24,153.67400000000001
1894-04-25,154.18790000000001
1894-04-26,153.5179
1894-04-27,153.1514
1894-04-30,154.42410000000001
1894-05-01,155.75749999999999
1894-05-02,155.3304
1894-05-03,153.2337
1894-05-04,153.89930000000001
1894-05-07,153.19900000000001
1894-05-08,153.04509999999999
1894-05-09,152.3751
1894-05-10,153.37459999999999
1894-05-11,153.00819999999999
1894-05-14,152.91489999999999
1894-05-15,151.0915
1894-05-16,149.90559999999999
1894-05-17,149.72130000000001
1894-05-18,147.8373
1894-05-21,145.8622
1894-05-22,146.61879999999999
1894-05-23,149.04480000000001
1894-05-24,147.9803
1894-05-25,150.07249999999999
1894-05-28,148.15809999999999
1894-05-29,149.06649999999999
1894-05-31,148.27520000000001
1894-06-01,148.1516
1894-06-04,149.87950000000001
1894-06-05,149.54349999999999
1894-06-06,151.69630000000001
1894-06-07,151.99760000000001
1894-06-08,152.0258
1894-06-11,150.47569999999999
1894-06-12,150.65559999999999
1894-06-13,151.1087
1894-06-14,149.10339999999999
1894-06-15,148.57159999999999
1894-06-18,148.62870000000001
1894-06-19,147.8563
1894-06-20,147.6369
1894-06-21,147.41749999999999
1894-06-22,145.9692
1894-06-25,145.1661
1894-06-26,146.51349999999999
1894-06-27,148.38319999999999
1894-06-28,146.9349
1894-06-29,146.50049999999999
1894-07-02,145.91239999999999
1894-07-03,146.52250000000001
1894-07-05,146.67169999999999
1894-07-06,146.0223
1894-07-09,145.00409999999999
1894-07-10,144.53899999999999
1894-07-11,146.13210000000001
1894-07-12,146.03559999999999
1894-07-13,146.83000000000001
1894-07-16,148.33090000000001
1894-07-17,148.20359999999999
1894-07-18,148.35290000000001
1894-07-19,147.51910000000001
1894-07-20,147.2997
1894-07-23,146.31229999999999
1894-07-24,146.61519999999999
1894-07-25,145.78139999999999
1894-07-26,146.2071
1894-07-27,145.98779999999999
1894-07-30,144.78540000000001
1894-07-31,145.0575
1894-08-01,144.37739999999999
1894-08-02,144.5881
1894-08-03,146.5497
1894-08-06,146.7296
1894-08-07,148.13829999999999
1894-08-08,149.0248
1894-08-09,150.0034
1894-08-10,150.15260000000001
1894-08-13,152.85140000000001
1894-08-14,154.1371
1894-08-15,153.21119999999999
1894-08-16,154.98849999999999
1894-08-17,156.21279999999999
1894-08-20,158.75790000000001
1894-08-21,156.7569
1894-08-22,157.91970000000001
1894-08-23,160.7106
1894-08-24,161.4126
1894-08-27,162.02250000000001
1894-08-28,159.71440000000001
1894-08-29,158.5428
1894-08-30,159.2449
1894-08-31,158.31899999999999
1894-09-04,160.83330000000001
1894-09-05,159.8767
1894-09-06,159.0737
1894-09-07,158.42429999999999
1894-09-10,159.61779999999999
1894-09-11,159.982
1894-09-12,159.7319
1894-09-13,158.77529999999999
1894-09-14,158.18729999999999
1894-09-17,154.74289999999999
1894-09-18,154.8921
1894-09-19,156.20840000000001
1894-09-20,156.60329999999999
1894-09-21,155.00800000000001
1894-09-24,154.04239999999999
1894-09-25,153.97800000000001
1894-09-26,152.8571
1894-09-27,152.7927
1894-09-28,152.07570000000001
1894-10-01,149.49420000000001
1894-10-02,149.77170000000001
1894-10-03,149.52090000000001
1894-10-04,150.29560000000001
1894-10-05,151.56739999999999
1894-10-08,150.9126
1894-10-09,149.88489999999999
1894-10-10,149.60310000000001
1894-10-11,150.00479999999999
1894-10-12,150.5309
1894-10-15,149.03710000000001
1894-10-16,149.31460000000001
1894-10-17,149.99600000000001
1894-10-18,150.1491
1894-10-19,151.60740000000001
1894-10-22,150.70400000000001
1894-10-23,150.3289
1894-10-24,150.60640000000001
1894-10-25,149.82740000000001
1894-10-26,149.328
1894-10-29,145.3484
1894-10-30,146.09190000000001
1894-10-31,145.43719999999999
1894-11-01,146.55359999999999
1894-11-02,147.6079
1894-11-05,149.3768
1894-11-07,151.5497
1894-11-08,151.05029999999999
1894-11-09,153.93780000000001
1894-11-12,153.56280000000001
1894-11-13,153.93340000000001
1894-11-14,152.12899999999999
1894-11-15,151.62960000000001
1894-11-16,151.0992
1894-11-19,149.72980000000001
1894-11-20,149.47900000000001
1894-11-21,147.83009999999999
1894-11-22,148.10749999999999
1894-11-23,147.6703
1894-11-26,147.69919999999999
1894-11-27,148.25620000000001
1894-11-28,146.29660000000001
1894-11-30,145.30009999999999
1894-12-03,147.69040000000001
1894-12-04,147.56389999999999
1894-12-05,147.53059999999999
1894-12-06,147.55950000000001
1894-12-07,150.0429
1894-12-10,147.6172
1894-12-11,148.4228
1894-12-12,149.63229999999999
1894-12-13,151.83600000000001
1894-12-14,150.28030000000001
1894-12-17,149.90530000000001
1894-12-18,149.00210000000001
1894-12-19,147.8503
1894-12-20,148.5316
1894-12-21,148.8372
1894-12-24,147.92269999999999
1894-12-26,146.4419
1894-12-27,146.2824
1894-12-28,145.8083
1894-12-31,146.0264
1895-01-02,144.51419999999999
1895-01-03,145.1097
1895-01-04,144.22669999999999
1895-01-07,145.16829999999999
1895-01-08,145.7953
1895-01-09,146.8313
1895-01-10,146.1371
1895-01-11,147.33029999999999
1895-01-14,147.83150000000001
1895-01-15,147.2945
1895-01-16,148.0788
1895-01-17,148.7687
1895-01-18,148.95529999999999
1895-01-21,146.68809999999999
1895-01-22,146.11969999999999
1895-01-23,144.76490000000001
1895-01-24,145.17169999999999
1895-01-25,145.1695
1895-01-28,143.43719999999999
1895-01-29,142.74299999999999
1895-01-30,143.1183
1895-01-31,144.68899999999999
1895-02-01,146.85740000000001
1895-02-04,147.16980000000001
1895-02-05,146.25530000000001
1895-02-06,147.13399999999999
1895-02-07,147.1318
1895-02-08,145.1164
1895-02-11,143.06960000000001
1895-02-12,143.35059999999999
1895-02-13,143.6944
1895-02-14,143.31479999999999
1895-02-15,142.58920000000001
1895-02-18,143.1532
1895-02-19,143.11959999999999
1895-02-20,143.77799999999999
1895-02-21,143.58709999999999
1895-02-25,142.32679999999999
1895-02-26,141.28659999999999
1895-02-27,141.9136
1895-02-28,140.68469999999999
1895-03-01,141.59469999999999
1895-03-04,141.3409
1895-03-05,142.43969999999999
1895-03-06,141.08500000000001
1895-03-07,141.61760000000001
1895-03-08,140.82910000000001
1895-03-11,142.3682
1895-03-12,142.7749
1895-03-13,142.93010000000001
1895-03-14,143.0223
1895-03-15,142.62790000000001
1895-03-18,144.7852
1895-03-19,147.3244
1895-03-20,146.74430000000001
1895-03-21,147.91489999999999
1895-03-22,147.23929999999999
1895-03-25,150.797
1895-03-26,150.56700000000001
1895-03-27,148.42740000000001
1895-03-28,149.47059999999999
1895-03-29,150.1636
1895-04-01,151.23859999999999
1895-04-02,151.61340000000001
1895-04-03,150.1422
1895-04-04,149.78489999999999
1895-04-05,150.0324
1895-04-08,150.0889
1895-04-09,149.76339999999999
1895-04-10,150.55199999999999
1895-04-11,151.0222
1895-04-15,153.24299999999999
1895-04-16,153.45859999999999
1895-04-17,154.3107
1895-04-18,156.53149999999999
1895-04-19,156.39699999999999
1895-04-22,157.09
1895-04-23,159.1515
1895-04-24,157.9349
1895-04-25,158.97800000000001
1895-04-26,159.3527
1895-04-29,159.28190000000001
1895-04-30,158.3835
1895-05-01,159.52209999999999
1895-05-02,160.6925
1895-05-03,159.6987
1895-05-06,162.0147
1895-05-07,164.6808
1895-05-08,164.10079999999999
1895-05-09,166.89420000000001
1895-05-10,168.60550000000001
1895-05-13,168.6301
1895-05-14,168.20910000000001
1895-05-15,165.49680000000001
1895-05-16,170.07230000000001
1895-05-17,170.447
1895-05-20,166.9709
1895-05-21,168.80950000000001
1895-05-22,167.17920000000001
1895-05-23,168.15860000000001
1895-05-24,169.26519999999999
1895-05-27,170.08529999999999
1895-05-28,167.50040000000001
1895-05-29,167.93870000000001
1895-05-31,168.18610000000001
1895-06-03,169.19720000000001
1895-06-04,168.17160000000001
1895-06-05,166.35050000000001
1895-06-06,166.5342
1895-06-07,166.55879999999999
1895-06-10,167.7927
1895-06-11,170.07669999999999
1895-06-12,170.70590000000001
1895-06-13,171.2396
1895-06-14,170.7869
1895-06-17,171.92529999999999
1895-06-18,172.0453
1895-06-19,172.3245
1895-06-20,172.18989999999999
1895-06-21,170.7921
1895-06-24,171.59030000000001
1895-06-25,172.00290000000001
1895-06-26,170.6799
1895-06-27,169.3569
1895-06-28,168.7732
1895-07-01,169.69999999999999
1895-07-02,169.14840000000001
1895-07-03,169.59309999999999
1895-07-05,170.51990000000001
1895-07-08,171.51089999999999
1895-07-09,170.41300000000001
1895-07-10,172.0147
1895-07-11,170.01679999999999
1895-07-12,170.20439999999999
1895-07-15,169.84569999999999
1895-07-16,169.13339999999999
1895-07-17,170.51009999999999
1895-07-18,170.4727
1895-07-19,170.66030000000001
1895-07-22,173.48320000000001
1895-07-23,174.1849
1895-07-24,173.98689999999999
1895-07-25,174.303
1895-07-26,175.58320000000001
1895-07-29,177.69900000000001
1895-07-30,177.69370000000001
1895-07-31,178.55619999999999
1895-08-01,178.26169999999999
1895-08-02,176.4889
1895-08-05,176.45150000000001
1895-08-06,176.09270000000001
1895-08-07,176.15170000000001
1895-08-08,176.0822
1895-08-09,177.36240000000001
1895-08-12,177.38919999999999
1895-08-13,177.64099999999999
1895-08-14,176.83240000000001
1895-08-15,177.1806
1895-08-16,177.3039
1895-08-19,177.81270000000001
1895-08-20,178.54660000000001
1895-08-21,178.18780000000001
1895-08-22,178.63239999999999
1895-08-23,178.5308
1895-08-26,180.2929
1895-08-27,182.92269999999999
1895-08-28,183.81710000000001
1895-08-29,183.77969999999999
1895-08-30,183.48519999999999
1895-09-03,186.4684
1895-09-04,187.4914
1895-09-05,184.91540000000001
1895-09-06,185.35990000000001
1895-09-09,187.0256
1895-09-10,183.80690000000001
1895-09-11,182.35560000000001
1895-09-12,181.6113
1895-09-13,178.1035
1895-09-16,177.29490000000001
1895-09-17,179.1533
1895-09-18,179.43719999999999
1895-09-19,181.48849999999999
1895-09-20,181.7637
1895-09-23,184.15889999999999
1895-09-24,182.10980000000001
1895-09-25,182.7533
1895-09-26,182.2938
1895-09-27,182.8075
1895-09-30,181.3424
1895-10-01,182.21289999999999
1895-10-02,183.5701
1895-10-03,183.33770000000001
1895-10-04,181.3535
1895-10-07,180.667
1895-10-08,179.4939
1895-10-09,180.94829999999999
1895-10-10,180.09960000000001
1895-10-11,180.25640000000001
1895-10-14,180.73769999999999
1895-10-15,182.74359999999999
1895-10-16,181.3109
1895-10-17,180.52709999999999
1895-10-18,180.0676
1895-10-21,179.83529999999999
1895-10-22,179.53800000000001
1895-10-23,178.33250000000001
1895-10-24,177.41890000000001
1895-10-25,178.48400000000001
1895-10-28,177.0839
1895-10-29,175.35939999999999
1895-10-30,173.99180000000001
1895-10-31,173.4999
1895-11-01,173.59190000000001
1895-11-04,169.01300000000001
1895-11-06,168.52119999999999
1895-11-07,170.52699999999999
1895-11-08,168.18629999999999
1895-11-11,169.7055
1895-11-12,172.7492
1895-11-13,172.7115
1895-11-14,173.03059999999999
1895-11-15,171.88999999999999
1895-11-18,171.1387
1895-11-19,169.9658
1895-11-20,170.28479999999999
1895-11-21,169.76060000000001
1895-11-22,169.0093
1895-11-25,170.75550000000001
1895-11-26,170.4907
1895-11-27,171.8477
1895-11-29,171.12880000000001
1895-12-02,170.57220000000001
1895-12-03,171.86429999999999
1895-12-04,170.0427
1895-12-05,169.4211
1895-12-06,170.29159999999999
1895-12-09,169.34569999999999
1895-12-10,169.5026
1895-12-11,168.94589999999999
1895-12-12,168.94059999999999
1895-12-13,169.6489
1895-12-16,171.7518
1895-12-17,169.2491
1895-12-18,167.2979
1895-12-19,164.34119999999999
1895-12-20,150.36189999999999
1895-12-23,152.19130000000001
1895-12-24,156.70859999999999
1895-12-26,157.1284
1895-12-27,153.41800000000001
1895-12-30,152.8544
1895-12-31,155.6344
1896-01-02,154.48079999999999
1896-01-03,154.31059999999999
1896-01-06,147.12559999999999
1896-01-07,146.43100000000001
1896-01-08,148.55529999999999
1896-01-09,149.7946
1896-01-10,151.55840000000001
1896-01-13,155.3544
1896-01-14,155.08580000000001
1896-01-15,155.5384
1896-01-16,155.43369999999999
1896-01-17,153.6574
1896-01-20,151.81549999999999
1896-01-21,152.89089999999999
1896-01-22,154.98230000000001
1896-01-23,153.4683
1896-01-24,156.37909999999999
1896-01-27,158.3066
1896-01-28,159.28360000000001
1896-01-29,159.83449999999999
1896-01-30,160.45089999999999
1896-01-31,161.8212
1896-02-03,160.5694
1896-02-04,162.72630000000001
1896-02-05,164.98150000000001
1896-02-06,164.77850000000001
1896-02-07,165.3621
1896-02-10,167.78110000000001
1896-02-11,165.02160000000001
1896-02-13,167.3751
1896-02-14,165.7955
1896-02-17,165.953
1896-02-18,165.58609999999999
1896-02-19,166.53030000000001
1896-02-20,168.261
1896-02-21,168.74619999999999
1896-02-24,170.18199999999999
1896-02-25,169.15960000000001
1896-02-26,168.26830000000001
1896-02-27,168.22909999999999
1896-02-28,165.4042
1896-03-02,164.64400000000001
1896-03-03,164.93260000000001
1896-03-04,166.99100000000001
1896-03-05,165.77199999999999
1896-03-06,164.97909999999999
1896-03-09,165.10380000000001
1896-03-10,165.03190000000001
1896-03-11,164.8289
1896-03-12,165.24860000000001
1896-03-13,164.94730000000001
1896-03-16,163.79390000000001
1896-03-17,164.5086
1896-03-18,162.5686
1896-03-19,161.80850000000001
1896-03-20,164.6728
1896-03-23,159.30119999999999
1896-03-24,159.327
1896-03-25,160.04830000000001
1896-03-26,159.87540000000001
1896-03-27,159.70259999999999
1896-03-30,161.28479999999999
1896-03-31,162.602
1896-04-01,162.1311
1896-04-02,162.45500000000001
1896-04-06,162.31530000000001
1896-04-07,162.83779999999999
1896-04-08,162.20140000000001
1896-04-09,161.73060000000001
1896-04-10,162.28620000000001
1896-04-13,163.83519999999999
1896-04-14,164.09280000000001
1896-04-15,164.8802
1896-04-16,164.80670000000001
1896-04-17,164.20339999999999
1896-04-20,167.441
1896-04-21,168.02969999999999
1896-04-22,169.51240000000001
1896-04-23,169.04159999999999
1896-04-24,168.8356
1896-04-27,169.1925
1896-04-28,168.39060000000001
1896-04-29,168.11840000000001
1896-04-30,167.44890000000001
1896-05-01,167.2098
1896-05-04,168.0634
1896-05-05,166.9966
1896-05-06,166.39330000000001
1896-05-07,164.20079999999999
1896-05-08,164.82259999999999
1896-05-11,162.96119999999999
1896-05-12,162.8877
1896-05-13,164.17169999999999
1896-05-14,164.49549999999999
1896-05-15,162.93209999999999
1896-05-18,163.52080000000001
1896-05-19,162.9838
1896-05-20,163.87049999999999
1896-05-21,164.35980000000001
1896-05-22,164.78290000000001
1896-05-25,164.44460000000001
1896-05-26,164.23859999999999
1896-05-27,163.33750000000001
1896-05-28,161.7741
1896-05-29,163.45529999999999
1896-06-01,163.51429999999999
1896-06-02,161.48750000000001
1896-06-03,161.21539999999999
1896-06-04,161.83709999999999
1896-06-05,162.98859999999999
1896-06-08,161.1936
1896-06-09,160.22620000000001
1896-06-10,156.5772
1896-06-11,160.27789999999999
1896-06-12,160.63480000000001
1896-06-15,164.33539999999999
1896-06-16,165.78479999999999
1896-06-17,166.30719999999999
1896-06-18,163.5522
1896-06-19,164.07060000000001
1896-06-22,159.64789999999999
1896-06-23,158.6705
1896-06-24,159.8005
1896-06-25,159.29140000000001
1896-06-26,159.351
1896-06-29,151.249
1896-06-30,153.34899999999999
1896-07-01,148.49160000000001
1896-07-02,150.29050000000001
1896-07-03,149.71459999999999
1896-07-06,150.0753
1896-07-07,150.8038
1896-07-08,150.49549999999999
1896-07-09,148.58170000000001
1896-07-10,149.6781
1896-07-13,149.10220000000001
1896-07-14,145.48259999999999
1896-07-15,140.99340000000001
1896-07-16,139.5479
1896-07-17,139.2396
1896-07-20,134.21530000000001
1896-07-21,134.91040000000001
1896-07-22,139.61920000000001
1896-07-23,139.7123
1896-07-24,137.49760000000001
1896-07-27,137.79130000000001
1896-07-28,135.04150000000001
1896-07-29,135.6028
1896-07-30,136.90000000000001
1896-07-31,138.79920000000001
1896-08-03,137.01929999999999
1896-08-04,134.8715
1896-08-05,134.39609999999999
1896-08-06,131.04429999999999
1896-08-07,126.58880000000001
1896-08-10,129.82579999999999
1896-08-11,131.69149999999999
1896-08-12,129.10900000000001
1896-08-13,133.01490000000001
1896-08-14,134.27850000000001
1896-08-17,135.60910000000001
1896-08-18,135.40119999999999
1896-08-19,136.3638
1896-08-20,134.28309999999999
1896-08-21,132.5367
1896-08-24,132.3623
1896-08-25,131.75309999999999
1896-08-26,131.1104
1896-08-27,131.63829999999999
1896-08-28,134.7413
1896-08-31,137.744
1896-09-01,137.63640000000001
1896-09-02,142.47839999999999
1896-09-03,142.43770000000001
1896-09-04,145.8082
1896-09-08,147.50649999999999
1896-09-09,147.39879999999999
1896-09-10,144.64930000000001
1896-09-11,146.74889999999999
1896-09-14,144.9357
1896-09-15,143.12260000000001
1896-09-16,141.0085
1896-09-17,144.5795
1896-09-18,145.30959999999999
1896-09-21,148.00989999999999
1896-09-22,147.66460000000001
1896-09-23,148.43600000000001
1896-09-24,150.05340000000001
1896-09-25,151.94149999999999
1896-09-28,151.63
1896-09-29,152.50290000000001
1896-09-30,152.1575
1896-10-01,152.04910000000001
1896-10-02,151.5684
1896-10-05,151.8321
1896-10-06,151.04689999999999
1896-10-07,148.87430000000001
1896-10-08,148.76589999999999
1896-10-09,147.2362
1896-10-12,144.99600000000001
1896-10-13,149.0496
1896-10-14,149.68559999999999
1896-10-15,148.86660000000001
1896-10-16,149.06270000000001
1896-10-19,150.81530000000001
1896-10-20,153.7861
1896-10-21,154.422
1896-10-22,155.5994
1896-10-23,157.3519
1896-10-26,159.20599999999999
1896-10-27,158.387
1896-10-28,156.92500000000001
1896-10-29,153.56819999999999
1896-10-30,159.55029999999999
1896-11-02,165.12639999999999
1896-11-04,170.60079999999999
1896-11-05,167.6163
1896-11-06,172.3801
1896-11-09,176.8733
1896-11-10,177.4076
1896-11-11,175.9118
1896-11-12,177.25819999999999
1896-11-13,175.25489999999999
1896-11-16,172.91319999999999
1896-11-17,172.73699999999999
1896-11-18,172.89920000000001
1896-11-19,172.6892
1896-11-20,171.56559999999999
1896-11-23,170.37440000000001
1896-11-24,170.40119999999999
1896-11-25,169.4468
1896-11-27,168.1541
1896-11-30,164.93279999999999
1896-12-01,168.07239999999999
1896-12-02,168.47139999999999
1896-12-03,169.6824
1896-12-04,169.77690000000001
1896-12-07,167.80760000000001
1896-12-08,167.9359
1896-12-09,167.9289
1896-12-10,166.87309999999999
1896-12-11,166.86609999999999
1896-12-14,163.37430000000001
1896-12-15,161.608
1896-12-16,163.02199999999999
1896-12-17,165.0112
1896-12-18,156.27619999999999
1896-12-21,161.26159999999999
1896-12-22,159.23840000000001
1896-12-23,159.71090000000001
1896-12-24,160.7988
1896-12-28,160.58750000000001
1896-12-29,162.39340000000001
1896-12-30,162.35310000000001
1896-12-31,161.76580000000001
1897-01-04,161.48609999999999
1897-01-05,163.2919
1897-01-06,163.59350000000001
1897-01-07,164.2028
1897-01-08,163.88890000000001
1897-01-11,163.06229999999999
1897-01-12,164.9023
1897-01-13,164.86199999999999
1897-01-14,166.01820000000001
1897-01-15,167.9265
1897-01-18,169.8348
1897-01-19,171.1961
1897-01-20,169.6857
1897-01-21,168.41470000000001
1897-01-22,167.86160000000001
1897-01-25,165.9752
1897-01-26,167.67840000000001
1897-01-27,167.39869999999999
1897-01-28,166.91399999999999
1897-01-29,167.45480000000001
1897-02-01,169.3972
1897-02-02,168.16040000000001
1897-02-03,168.35939999999999
1897-02-04,166.91749999999999
1897-02-05,166.6379
1897-02-08,165.91390000000001
1897-02-09,165.42920000000001
1897-02-10,165.5598
1897-02-11,164.63069999999999
1897-02-15,162.9837
1897-02-16,165.1995
1897-02-17,164.7148
1897-02-18,164.0934
1897-02-19,164.22399999999999
1897-02-23,165.31180000000001
1897-02-24,164.99799999999999
1897-02-25,163.8638
1897-02-26,167.10509999999999
1897-03-01,168.3295
1897-03-02,169.1438
1897-03-03,170.9151
1897-03-04,168.34530000000001
1897-03-05,168.64680000000001
1897-03-08,169.1875
1897-03-09,168.25839999999999
1897-03-10,168.5941
1897-03-11,169.64760000000001
1897-03-12,170.49600000000001
1897-03-15,170.9342
1897-03-16,171.23570000000001
1897-03-17,170.23830000000001
1897-03-18,170.3005
1897-03-19,168.5909
1897-03-22,168.37700000000001
1897-03-23,165.7458
1897-03-24,164.63409999999999
1897-03-25,163.59139999999999
1897-03-26,162.5488
1897-03-29,158.22559999999999
1897-03-30,160.98159999999999
1897-03-31,158.76480000000001
1897-04-01,160.1395
1897-04-02,160.99610000000001
1897-04-05,159.40100000000001
1897-04-06,159.70519999999999
1897-04-07,159.97479999999999
1897-04-08,162.10910000000001
1897-04-09,161.13560000000001
1897-04-12,159.6095
1897-04-13,161.8819
1897-04-14,160.2869
1897-04-15,158.65729999999999
1897-04-19,154.26519999999999
1897-04-20,156.77930000000001
1897-04-21,158.4992
1897-04-22,157.6293
1897-04-23,157.65719999999999
1897-04-26,159.61879999999999
1897-04-28,158.71440000000001
1897-04-29,158.36240000000001
1897-04-30,157.458
1897-05-03,157.7276
1897-05-04,159.75819999999999
1897-05-05,158.12870000000001
1897-05-06,159.57230000000001
1897-05-07,159.56569999999999
1897-05-10,160.76750000000001
1897-05-11,160.899
1897-05-12,160.7542
1897-05-13,159.29740000000001
1897-05-14,158.2894
1897-05-17,158.0411
1897-05-18,159.72630000000001
1897-05-19,158.89099999999999
1897-05-20,157.77950000000001
1897-05-21,158.46340000000001
1897-05-24,160.32130000000001
1897-05-25,160.10749999999999
1897-05-26,161.44739999999999
1897-05-27,160.99189999999999
1897-05-28,162.19370000000001
1897-06-01,163.7407
1897-06-02,164.7354
1897-06-03,164.41800000000001
1897-06-04,165.8614
1897-06-07,168.20249999999999
1897-06-08,168.1268
1897-06-09,169.2595
1897-06-10,170.25409999999999
1897-06-11,171.2141
1897-06-14,173.03729999999999
1897-06-15,172.5472
1897-06-16,171.3322
1897-06-17,172.53389999999999
1897-06-18,173.1789
1897-06-21,172.5787
1897-06-22,174.21090000000001
1897-06-23,175.5291
1897-06-24,176.35900000000001
1897-06-25,175.7937
1897-06-28,179.69290000000001
1897-06-29,178.04640000000001
1897-06-30,176.9579
1897-07-01,178.0668
1897-07-02,177.9898
1897-07-06,175.71539999999999
1897-07-07,177.17310000000001
1897-07-08,176.25899999999999
1897-07-09,176.98419999999999
1897-07-12,178.0582
1897-07-13,179.62049999999999
1897-07-14,180.55500000000001
1897-07-15,179.64089999999999
1897-07-16,180.68000000000001
1897-07-19,183.53270000000001
1897-07-20,183.66499999999999
1897-07-21,184.25059999999999
1897-07-22,186.85919999999999
1897-07-23,187.86330000000001
1897-07-26,187.61189999999999
1897-07-27,186.94200000000001
1897-07-28,189.16679999999999
1897-07-29,189.36879999999999
1897-07-30,189.78
1897-08-02,192.10939999999999
1897-08-03,195.4502
1897-08-04,196.87289999999999
1897-08-05,198.1559
1897-08-06,200.13650000000001
1897-08-09,200.61750000000001
1897-08-10,202.21440000000001
1897-08-11,203.81129999999999
1897-08-12,204.36199999999999
1897-08-13,202.9248
1897-08-16,204.9751
1897-08-17,202.70089999999999
1897-08-18,203.3562
1897-08-19,203.06989999999999
1897-08-20,202.05119999999999
1897-08-23,205.91489999999999
1897-08-24,205.9076
1897-08-25,205.34219999999999
1897-08-26,206.72989999999999
1897-08-27,208.43129999999999
1897-08-30,208.73779999999999
1897-08-31,212.21780000000001
1897-09-01,213.25659999999999
1897-09-02,214.64420000000001
1897-09-03,215.57839999999999
1897-09-07,216.79159999999999
1897-09-08,216.67959999999999
1897-09-09,217.5789
1897-09-10,218.86179999999999
1897-09-13,216.6574
1897-09-14,218.56800000000001
1897-09-15,220.12989999999999
1897-09-16,219.28559999999999
1897-09-17,220.8458
1897-09-20,217.3229
1897-09-21,210.2492
1897-09-22,214.4956
1897-09-23,215.08580000000001
1897-09-24,210.61369999999999
1897-09-27,211.90700000000001
1897-09-28,209.50909999999999
1897-09-29,207.91970000000001
1897-09-30,204.36179999999999
1897-10-01,206.00659999999999
1897-10-04,210.21770000000001
1897-10-05,208.97989999999999
1897-10-06,207.07419999999999
1897-10-07,206.32859999999999
1897-10-08,207.19999999999999
1897-10-11,203.5718
1897-10-12,197.23689999999999
1897-10-13,200.1121
1897-10-14,197.5034
1897-10-15,196.89840000000001
1897-10-18,200.37119999999999
1897-10-19,202.57839999999999
1897-10-20,204.11770000000001
1897-10-21,202.56370000000001
1897-10-22,202.45079999999999
1897-10-25,197.0652
1897-10-26,198.92089999999999
1897-10-27,196.9802
1897-10-28,196.7619
1897-10-29,198.58240000000001
1897-11-01,199.489
1897-11-03,194.7713
1897-11-04,193.3579
1897-11-05,188.46459999999999
1897-11-08,187.40280000000001
1897-11-09,190.73480000000001
1897-11-10,193.89099999999999
1897-11-11,190.6498
1897-11-12,192.50540000000001
1897-11-15,192.32230000000001
1897-11-16,194.03729999999999
1897-11-17,192.6591
1897-11-18,193.31960000000001
1897-11-19,194.0505
1897-11-22,192.77770000000001
1897-11-23,193.05160000000001
1897-11-24,192.0249
1897-11-26,193.45869999999999
1897-11-29,194.0489
1897-11-30,196.2911
1897-12-01,199.51740000000001
1897-12-02,198.66640000000001
1897-12-03,198.94030000000001
1897-12-06,199.7765
1897-12-07,202.1592
1897-12-08,202.81960000000001
1897-12-09,203.83150000000001
1897-12-10,201.96129999999999
1897-12-13,204.66030000000001
1897-12-14,204.16079999999999
1897-12-15,203.13419999999999
1897-12-16,201.93180000000001
1897-12-17,200.70570000000001
1897-12-20,202.61580000000001
1897-12-21,201.47630000000001
1897-12-22,202.14529999999999
1897-12-23,203.3817
1897-12-24,204.90170000000001
1897-12-27,204.54239999999999
1897-12-28,204.32490000000001
1897-12-29,203.68180000000001
1897-12-30,203.64160000000001
1897-12-31,204.0624
1898-01-03,202.99379999999999
1898-01-04,201.14519999999999
1898-01-05,204.0127
1898-01-06,206.84460000000001
1898-01-07,208.6482
1898-01-10,208.4307
1898-01-11,208.8869
1898-01-12,209.13030000000001
1898-01-13,209.30279999999999
1898-01-14,207.87970000000001
1898-01-17,207.6268
1898-01-18,205.3527
1898-01-19,207.15629999999999
1898-01-20,206.2296
1898-01-21,205.40940000000001
1898-01-24,202.8871
1898-01-25,206.32169999999999
1898-01-26,210.00450000000001
1898-01-27,211.4179
1898-01-28,210.9522
1898-01-31,214.10310000000001
1898-02-01,213.4246
1898-02-02,212.63980000000001
1898-02-03,212.52869999999999
1898-02-04,213.94210000000001
1898-02-07,214.18549999999999
1898-02-08,212.6207
1898-02-09,212.935
1898-02-10,214.8802
1898-02-11,214.06
1898-02-14,211.2542
1898-02-15,213.8022
1898-02-16,209.791
1898-02-17,211.0626
1898-02-18,209.4624
1898-02-21,203.67859999999999
1898-02-23,200.3056
1898-02-24,194.87639999999999
1898-02-25,197.3535
1898-02-28,200.18510000000001
1898-03-01,204.32839999999999
1898-03-02,201.06200000000001
1898-03-03,201.48269999999999
1898-03-04,199.35069999999999
1898-03-07,193.3544
1898-03-08,194.8742
1898-03-09,195.4367
1898-03-10,193.69479999999999
1898-03-11,190.4639
1898-03-14,190.99100000000001
1898-03-15,190.52539999999999
1898-03-16,194.88130000000001
1898-03-17,191.26050000000001
1898-03-18,192.35550000000001
1898-03-21,191.4914
1898-03-22,187.0805
1898-03-23,186.3956
1898-03-24,184.63579999999999
1898-03-25,182.15960000000001
1898-03-28,195.447
1898-03-29,191.43020000000001
1898-03-30,197.98220000000001
1898-03-31,194.93270000000001
1898-04-01,189.268
1898-04-04,194.06440000000001
1898-04-05,192.2689
1898-04-06,195.45310000000001
1898-04-07,194.76820000000001
1898-04-08,193.4742
1898-04-11,195.727
1898-04-12,195.61529999999999
1898-04-13,191.02539999999999
1898-04-14,193.06319999999999
1898-04-15,192.3066
1898-04-18,190.90530000000001
1898-04-19,188.9307
1898-04-20,189.24889999999999
1898-04-21,184.05019999999999
1898-04-22,186.55359999999999
1898-04-25,186.15539999999999
1898-04-26,187.72739999999999
1898-04-27,187.93809999999999
1898-04-28,189.6892
1898-04-29,192.8733
1898-05-02,202.00389999999999
1898-05-03,201.4623
1898-05-05,206.90309999999999
1898-05-06,205.7167
1898-05-09,212.2321
1898-05-10,210.29329999999999
1898-05-11,214.73099999999999
1898-05-12,212.54150000000001
1898-05-13,212.4298
1898-05-16,209.5239
1898-05-17,212.3853
1898-05-18,210.87649999999999
1898-05-19,212.69909999999999
1898-05-20,212.19329999999999
1898-05-23,215.34119999999999
1898-05-24,218.84739999999999
1898-05-25,217.69669999999999
1898-05-26,217.8715
1898-05-27,218.33279999999999
1898-05-31,220.9434
1898-06-01,221.61959999999999
1898-06-02,222.36750000000001
1898-06-03,220.28559999999999
1898-06-06,223.8991
1898-06-07,223.2141
1898-06-08,222.1352
1898-06-09,221.8443
1898-06-10,223.77420000000001
1898-06-13,220.5461
1898-06-14,219.25229999999999
1898-06-15,216.0959
1898-06-16,219.5301
1898-06-17,219.47559999999999
1898-06-20,219.2182
1898-06-21,218.5993
1898-06-22,217.87190000000001
1898-06-23,219.6028
1898-06-24,220.21299999999999
1898-06-27,220.67850000000001
1898-06-28,219.55350000000001
1898-06-29,219.1515
1898-06-30,218.82169999999999
1898-07-01,220.08260000000001
1898-07-05,220.29519999999999
1898-07-06,219.49549999999999
1898-07-07,220.8648
1898-07-08,221.61959999999999
1898-07-11,222.9528
1898-07-12,222.0446
1898-07-13,219.50980000000001
1898-07-14,221.67439999999999
1898-07-15,218.52500000000001
1898-07-18,217.47229999999999
1898-07-19,216.8896
1898-07-20,218.3312
1898-07-21,219.23050000000001
1898-07-22,219.0093
1898-07-25,220.7038
1898-07-26,223.1575
1898-07-27,222.24950000000001
1898-07-28,221.99209999999999
1898-07-29,222.67449999999999
1898-08-01,224.11600000000001
1898-08-02,225.666
1898-08-03,226.6737
1898-08-04,226.99459999999999
1898-08-05,228.97829999999999
1898-08-08,231.5403
1898-08-09,231.10210000000001
1898-08-10,232.9051
1898-08-11,232.50299999999999
1898-08-12,230.83590000000001
1898-08-15,234.69909999999999
1898-08-16,236.68270000000001
1898-08-17,238.23259999999999
1898-08-18,235.48099999999999
1898-08-19,238.80199999999999
1898-08-22,239.73740000000001
1898-08-23,239.5522
1898-08-24,238.9333
1898-08-25,240.91679999999999
1898-08-26,242.71960000000001
1898-08-29,238.59460000000001
1898-08-30,239.42150000000001
1898-08-31,238.44120000000001
1898-09-01,238.68969999999999
1898-09-02,238.68530000000001
1898-09-06,238.71700000000001
1898-09-07,235.74870000000001
1898-09-08,234.76840000000001
1898-09-09,232.8484
1898-09-12,232.0849
1898-09-13,230.16489999999999
1898-09-14,231.49780000000001
1898-09-15,234.38480000000001
1898-09-16,233.41730000000001
1898-09-19,232.35550000000001
1898-09-20,231.07490000000001
1898-09-21,234.02369999999999
1898-09-22,231.79519999999999
1898-09-23,232.15539999999999
1898-09-26,230.21860000000001
1898-09-27,227.29740000000001
1898-09-28,225.79820000000001
1898-09-29,227.1062
1898-09-30,224.25800000000001
1898-10-03,224.7276
1898-10-04,226.1815
1898-10-05,226.83330000000001
1898-10-06,225.881
1898-10-07,224.74629999999999
1898-10-10,222.99189999999999
1898-10-11,221.78440000000001
1898-10-12,222.43620000000001
1898-10-13,225.02029999999999
1898-10-14,223.4118
1898-10-17,222.75110000000001
1898-10-18,222.12690000000001
1898-10-19,221.28399999999999
1898-10-20,222.0087
1898-10-21,223.3897
1898-10-24,222.72909999999999
1898-10-25,225.2766
1898-10-26,226.9127
1898-10-27,227.78319999999999
1898-10-28,229.2371
1898-10-31,228.86799999999999
1898-11-01,227.84280000000001
1898-11-02,226.5625
1898-11-03,228.23500000000001
1898-11-04,228.4128
1898-11-07,231.25190000000001
1898-11-09,231.35679999999999
1898-11-10,234.74270000000001
1898-11-11,235.2851
1898-11-14,237.9418
1898-11-15,236.5521
1898-11-16,237.9693
1898-11-17,238.43870000000001
1898-11-18,237.37710000000001
1898-11-21,238.75790000000001
1898-11-22,240.3938
1898-11-23,240.68100000000001
1898-11-25,239.87450000000001
1898-11-28,242.34889999999999
1898-11-29,241.61529999999999
1898-11-30,242.0848
1898-12-01,244.3039
1898-12-02,243.9349
1898-12-05,243.71170000000001
1898-12-06,245.0924
1898-12-07,245.81700000000001
1898-12-08,246.72380000000001
1898-12-09,249.19800000000001
1898-12-12,252.58349999999999
1898-12-13,251.26669999999999
1898-12-14,251.66319999999999
1898-12-15,251.58580000000001
1898-12-16,250.53579999999999
1898-12-19,249.65199999999999
1898-12-20,250.8999
1898-12-21,251.30240000000001
1898-12-22,251.9254
1898-12-23,252.98949999999999
1898-12-27,254.93549999999999
1898-12-28,251.8467
1898-12-29,254.93209999999999
1898-12-30,255.95939999999999
1899-01-03,256.06779999999998
1899-01-04,256.2131
1899-01-05,257.0566
1899-01-06,255.91560000000001
1899-01-09,259.66239999999999
1899-01-10,260.02809999999999
1899-01-11,260.9083
1899-01-12,261.01679999999999
1899-01-13,263.55070000000001
1899-01-16,263.03440000000001
1899-01-17,262.84890000000001
1899-01-18,265.19900000000001
1899-01-19,268.10039999999998
1899-01-20,269.86259999999999
1899-01-23,273.57240000000002
1899-01-24,268.90350000000001
1899-01-25,276.06760000000003
1899-01-26,277.49900000000002
1899-01-27,278.93029999999999
1899-01-30,279.00200000000001
1899-01-31,277.23630000000003
1899-02-01,278.26339999999999
1899-02-02,276.79160000000002
1899-02-03,277.15730000000002
1899-02-06,276.60430000000002
1899-02-07,272.59699999999998
1899-02-08,273.80779999999999
1899-02-09,274.13670000000002
1899-02-10,275.12709999999998
1899-02-14,277.1096
1899-02-15,276.96080000000001
1899-02-16,279.49439999999998
1899-02-17,281.69729999999998
1899-02-20,288.56700000000001
1899-02-21,288.52839999999998
1899-02-23,287.90179999999998
1899-02-24,287.38549999999998
1899-02-27,286.61200000000002
1899-02-28,284.14819999999997
1899-03-01,283.7054
1899-03-02,279.9923
1899-03-03,283.51799999999997
1899-03-06,280.02539999999999
1899-03-07,281.49329999999998
1899-03-08,284.68819999999999
1899-03-09,285.31099999999998
1899-03-10,286.41149999999999
1899-03-13,287.18130000000002
1899-03-14,286.37110000000001
1899-03-15,286.07530000000003
1899-03-16,290.33569999999997
1899-03-17,290.12869999999998
1899-03-20,291.19990000000001
1899-03-21,291.30840000000001
1899-03-22,293.00889999999998
1899-03-23,292.9323
1899-03-24,294.78089999999997
1899-03-27,300.6275
1899-03-28,303.8827
1899-03-29,302.95460000000003
1899-03-30,303.10019999999997
1899-04-03,307.2808
1899-04-04,306.13069999999999
1899-04-05,306.23919999999998
1899-04-06,300.3877
1899-04-07,297.60879999999997
1899-04-10,297.12509999999997
1899-04-11,302.97149999999999
1899-04-12,303.85739999999998
1899-04-13,304.18799999999999
1899-04-14,305.44409999999999
1899-04-17,304.88630000000001
1899-04-18,306.58659999999998
1899-04-19,306.28789999999998
1899-04-20,305.69310000000002
1899-04-21,306.8381
1899-04-24,305.31779999999998
1899-04-25,307.24020000000002
1899-04-26,307.38569999999999
1899-04-27,306.60579999999999
1899-04-28,306.27010000000001
1899-05-01,297.0505
1899-05-02,301.67509999999999
1899-05-03,301.00630000000001
1899-05-04,299.26400000000001
1899-05-05,294.93060000000003
1899-05-08,287.41399999999999
1899-05-09,280.89679999999998
1899-05-10,289.03769999999997
1899-05-11,287.07350000000002
1899-05-12,287.88529999999997
1899-05-15,281.18310000000002
1899-05-16,284.21589999999998
1899-05-17,289.39550000000003
1899-05-18,287.39429999999999
1899-05-19,286.7996
1899-05-22,284.53930000000003
1899-05-23,282.90820000000002
1899-05-24,280.86989999999997
1899-05-25,283.19940000000003
1899-05-26,282.4196
1899-05-31,274.79239999999999
1899-06-01,275.75229999999999
1899-06-02,281.93110000000001
1899-06-05,280.15199999999999
1899-06-06,282.37040000000002
1899-06-07,285.1069
1899-06-08,285.73360000000002
1899-06-09,290.06169999999997
1899-06-12,291.46570000000003
1899-06-13,288.05799999999999
1899-06-14,287.6114
1899-06-15,286.64659999999998
1899-06-16,286.69959999999998
1899-06-19,283.86259999999999
1899-06-20,284.86709999999999
1899-06-21,283.26089999999999
1899-06-22,282.5498
1899-06-23,285.23270000000002
1899-06-26,290.30239999999998
1899-06-27,290.89670000000001
1899-06-28,292.23680000000002
1899-06-29,291.3766
1899-06-30,292.90320000000003
1899-07-05,296.07080000000002
1899-07-06,295.43430000000001
1899-07-07,297.29649999999998
1899-07-10,291.17759999999998
1899-07-11,294.6062
1899-07-12,296.17009999999999
1899-07-13,296.09300000000002
1899-07-14,293.55450000000002
1899-07-17,292.95530000000002
1899-07-18,294.03429999999997
1899-07-19,292.72649999999999
1899-07-20,294.88709999999998
1899-07-21,296.63740000000001
1899-07-24,296.29919999999998
1899-07-25,296.74419999999998
1899-07-26,295.99579999999997
1899-07-27,297.52229999999997
1899-07-28,299.68279999999999
1899-07-31,301.88060000000002
1899-08-01,301.39319999999998
1899-08-02,301.61439999999999
1899-08-03,301.68650000000002
1899-08-04,301.1619
1899-08-07,299.03370000000001
1899-08-08,300.63470000000001
1899-08-09,301.34070000000003
1899-08-10,302.9418
1899-08-11,302.1934
1899-08-14,304.2792
1899-08-15,301.88999999999999
1899-08-16,301.55180000000001
1899-08-17,303.86130000000003
1899-08-18,304.56729999999999
1899-08-21,304.93770000000001
1899-08-22,303.14519999999999
1899-08-23,305.5292
1899-08-24,305.41480000000001
1899-08-25,305.07659999999998
1899-08-28,305.7826
1899-08-29,303.91559999999998
1899-08-30,306.18770000000001
1899-08-31,305.58850000000001
1899-09-01,305.06389999999999
1899-09-05,309.83440000000002
1899-09-06,308.56400000000002
1899-09-07,306.06310000000002
1899-09-08,305.38940000000002
1899-09-11,301.39690000000002
1899-09-12,299.1198
1899-09-13,303.66649999999998
1899-09-14,301.16559999999998
1899-09-15,297.49950000000001
1899-09-18,290.13459999999998
1899-09-19,292.42340000000002
1899-09-20,291.25650000000002
1899-09-21,294.22140000000002
1899-09-22,297.63709999999998
1899-09-25,292.45100000000002
1899-09-26,291.17129999999997
1899-09-27,293.00940000000003
1899-09-28,292.96929999999998
1899-10-02,286.8818
1899-10-03,286.72910000000002
1899-10-04,289.58120000000002
1899-10-05,290.1046
1899-10-06,291.75479999999999
1899-10-09,291.86489999999998
1899-10-10,294.3415
1899-10-11,293.24970000000002
1899-10-12,290.91840000000002
1899-10-13,288.88760000000002
1899-10-16,291.32659999999998
1899-10-17,292.03769999999997
1899-10-18,294.9273
1899-10-19,293.8356
1899-10-20,295.63600000000002
1899-10-23,300.21570000000003
1899-10-24,298.97370000000001
1899-10-25,300.96179999999998
1899-10-26,300.88420000000002
1899-10-27,300.95679999999999
1899-10-30,301.81810000000002
1899-10-31,302.45409999999998
1899-11-01,303.46559999999999
1899-11-02,306.16730000000001
1899-11-03,304.32440000000003
1899-11-06,303.30770000000001
1899-11-08,302.55399999999997
1899-11-09,299.32150000000001
1899-11-10,297.02789999999999
1899-11-13,299.09109999999998
1899-11-14,297.774
1899-11-15,299.4991
1899-11-16,303.17720000000003
1899-11-17,302.49869999999999
1899-11-20,301.89519999999999
1899-11-21,301.14150000000001
1899-11-22,301.96519999999998
1899-11-23,302.52600000000001
1899-11-24,303.34969999999998
1899-11-27,303.04669999999999
1899-11-28,303.2319
1899-11-29,303.90539999999999
1899-12-01,302.81369999999998
1899-12-04,299.31849999999997
1899-12-05,297.06259999999997
1899-12-06,297.661
1899-12-07,297.05759999999998
1899-12-08,290.40780000000001
1899-12-11,284.58429999999998
1899-12-12,284.09359999999998
1899-12-13,274.70240000000001
1899-12-14,278.30520000000001
1899-12-15,281.464
1899-12-18,256.90910000000002
1899-12-19,264.15379999999999
1899-12-20,263.4486
1899-12-21,258.73059999999998
1899-12-22,255.07259999999999
1899-12-26,264.96710000000002
1899-12-27,272.66590000000002
1899-12-28,273.13420000000002
1899-12-29,276.8202
1900-01-02,283.83749999999998
1900-01-03,278.32459999999998
1900-01-04,280.38279999999997
1900-01-05,279.7912
1900-01-08,277.34460000000001
1900-01-09,273.27030000000002
1900-01-10,272.71660000000003
1900-01-11,270.42149999999998
1900-01-12,275.54590000000002
1900-01-15,273.17509999999999
1900-01-16,274.0976
1900-01-17,275.05799999999999
1900-01-18,274.76920000000001
1900-01-19,278.19
1900-01-22,278.58260000000001
1900-01-23,274.96269999999998
1900-01-24,276.37729999999999
1900-01-25,277.94330000000002
1900-01-26,275.11840000000001
1900-01-29,275.09449999999998
1900-01-30,279.57510000000002
1900-01-31,280.23259999999999
1900-02-01,282.2149
1900-02-02,284.57580000000002
1900-02-05,287.6936
1900-02-06,288.88099999999997
1900-02-07,287.87299999999999
1900-02-08,286.03230000000002
1900-02-09,284.45650000000001
1900-02-13,286.0224
1900-02-14,285.46859999999998
1900-02-15,285.63400000000001
1900-02-16,283.75540000000001
1900-02-19,283.8451
1900-02-20,283.63200000000001
1900-02-21,282.58620000000002
1900-02-23,279.95069999999998
1900-02-26,277.76940000000002
1900-02-27,277.17779999999999
1900-02-28,279.7278
1900-03-01,278.79559999999998
1900-03-02,274.79750000000001
1900-03-05,275.68209999999999
1900-03-06,275.1662
1900-03-07,275.06670000000003
1900-03-08,273.83170000000001
1900-03-09,273.50510000000003
1900-03-12,279.8777
1900-03-13,279.51319999999998
1900-03-14,277.29419999999999
1900-03-15,276.89190000000002
1900-03-16,276.73660000000001
1900-03-19,279.00830000000002
1900-03-20,281.66289999999998
1900-03-21,283.70479999999998
1900-03-22,285.36380000000003
1900-03-23,283.53829999999999
1900-03-26,287.34160000000003
1900-03-27,288.69420000000002
1900-03-28,290.65949999999998
1900-03-29,288.6807
1900-03-30,290.8374
1900-04-02,291.38589999999999
1900-04-03,291.2835
1900-04-04,291.9468
1900-04-05,291.53809999999999
1900-04-06,292.69920000000002
1900-04-09,292.48180000000002
1900-04-10,289.50760000000002
1900-04-11,290.09440000000001
1900-04-12,290.79610000000002
1900-04-16,284.33760000000001
1900-04-17,283.6225
1900-04-18,283.67329999999998
1900-04-19,284.56639999999999
1900-04-20,285.76569999999998
1900-04-23,280.80059999999997
1900-04-24,281.11939999999998
1900-04-25,281.74450000000002
1900-04-26,285.50909999999999
1900-04-27,283.22430000000003
1900-04-30,279.86739999999998
1900-05-01,280.53070000000002
1900-05-02,278.78199999999998
1900-05-03,279.5985
1900-05-04,280.26179999999999
1900-05-07,278.39819999999997
1900-05-08,272.89729999999997
1900-05-09,273.5607
1900-05-10,275.1046
1900-05-11,270.3313
1900-05-14,268.73579999999998
1900-05-15,268.40370000000001
1900-05-16,271.1345
1900-05-17,270.1515
1900-05-18,273.34179999999998
1900-05-21,271.74619999999999
1900-05-22,272.86900000000003
1900-05-23,273.57060000000001
1900-05-24,271.4391
1900-05-25,270.83909999999997
1900-05-28,271.31099999999998
1900-05-29,273.27600000000001
1900-05-31,276.9255
1900-06-01,279.38819999999998
1900-06-04,274.46190000000001
1900-06-05,273.55560000000003
1900-06-06,271.30930000000001
1900-06-07,272.27890000000002
1900-06-08,269.34350000000001
1900-06-11,267.36529999999999
1900-06-12,268.10509999999999
1900-06-13,270.79750000000001
1900-06-14,268.51299999999998
1900-06-15,267.31119999999999
1900-06-18,261.6234
1900-06-19,261.47719999999998
1900-06-20,259.27710000000002
1900-06-21,260.3322
1900-06-22,257.86090000000002
1900-06-25,255.77709999999999
1900-06-26,257.76220000000001
1900-06-27,257.15100000000001
1900-06-28,260.68610000000001
1900-06-29,260.26870000000002
1900-07-02,263.49380000000002
1900-07-03,263.69630000000001
1900-07-05,266.26260000000002
1900-07-06,264.21749999999997
1900-07-09,263.29629999999997
1900-07-10,267.33510000000001
1900-07-11,268.5838
1900-07-12,268.20510000000002
1900-07-13,265.03640000000001
1900-07-16,265.74270000000001
1900-07-17,268.11509999999998
1900-07-18,267.27140000000003
1900-07-19,268.40390000000002
1900-07-20,271.24130000000002
1900-07-23,274.77609999999999
1900-07-24,271.91750000000002
1900-07-25,271.38369999999998
1900-07-26,270.19130000000001
1900-07-27,271.36250000000001
1900-07-30,267.92259999999999
1900-07-31,267.9701
1900-08-01,269.29629999999997
1900-08-02,269.88630000000001
1900-08-03,270.78620000000001
1900-08-06,270.98869999999999
1900-08-07,270.88119999999998
1900-08-08,270.92869999999999
1900-08-09,271.13119999999998
1900-08-10,272.06979999999999
1900-08-13,274.44209999999998
1900-08-14,275.80700000000002
1900-08-15,276.66809999999998
1900-08-16,275.63069999999999
1900-08-17,275.87189999999998
1900-08-20,274.83449999999999
1900-08-21,274.61070000000001
1900-08-22,275.12310000000002
1900-08-23,274.58940000000001
1900-08-24,274.0557
1900-08-27,272.9796
1900-08-28,271.94220000000001
1900-08-29,274.31439999999998
1900-08-30,274.28440000000001
1900-08-31,273.40199999999999
1900-09-04,274.26310000000001
1900-09-05,275.08550000000002
1900-09-06,275.28789999999998
1900-09-07,274.83170000000001
1900-09-10,274.608
1900-09-11,274.69420000000002
1900-09-12,275.20659999999998
1900-09-13,274.20800000000003
1900-09-14,271.69839999999999
1900-09-17,268.60770000000002
1900-09-18,269.19760000000002
1900-09-19,265.64210000000003
1900-09-20,261.97030000000001
1900-09-21,262.55990000000003
1900-09-24,258.88470000000001
1900-09-25,260.5847
1900-09-26,260.98989999999998
1900-09-27,266.06400000000002
1900-09-28,263.40890000000002
1900-10-01,267.54129999999998
1900-10-02,266.57330000000002
1900-10-03,269.37169999999998
1900-10-04,270.13
1900-10-05,271.28059999999999
1900-10-08,268.70400000000001
1900-10-09,269.46230000000003
1900-10-10,268.21969999999999
1900-10-11,268.62479999999999
1900-10-12,271.34469999999999
1900-10-15,277.90940000000001
1900-10-16,278.1576
1900-10-17,278.13119999999998
1900-10-18,279.7525
1900-10-19,281.96230000000003
1900-10-22,286.99669999999998
1900-10-23,287.0095
1900-10-24,287.80689999999998
1900-10-25,287.19189999999998
1900-10-26,287.71469999999999
1900-10-29,283.45119999999997
1900-10-30,284.79790000000003
1900-10-31,283.39830000000001
1900-11-01,284.07810000000001
1900-11-02,284.40469999999999
1900-11-05,290.18430000000001
1900-11-07,297.33699999999999
1900-11-08,300.64510000000001
1900-11-09,304.26690000000002
1900-11-12,308.43799999999999
1900-11-13,304.8023
1900-11-14,307.05110000000002
1900-11-15,310.00599999999997
1900-11-16,315.3931
1900-11-19,316.19029999999998
1900-11-20,319.06670000000003
1900-11-21,320.02080000000001
1900-11-22,319.71960000000001
1900-11-23,313.69110000000001
1900-11-26,317.66579999999999
1900-11-27,317.44310000000002
1900-11-28,316.63189999999997
1900-11-30,318.40980000000002
1900-12-03,317.52030000000002
1900-12-04,313.61009999999999
1900-12-05,315.30959999999999
1900-12-06,313.98849999999999
1900-12-07,311.13760000000002
1900-12-10,312.7978
1900-12-11,316.38010000000003
1900-12-12,316.58890000000002
1900-12-13,314.9932
1900-12-14,318.654
1900-12-17,322.35390000000001
1900-12-18,322.8372
1900-12-19,325.39960000000002
1900-12-20,326.74590000000001
1900-12-21,330.78100000000001
1900-12-26,337.46339999999998
1900-12-27,338.24110000000002
1900-12-28,336.75999999999999
1900-12-31,340.58909999999997
1901-01-02,339.78160000000003
1901-01-03,330.89010000000002
1901-01-04,340.50479999999999
1901-01-07,339.22179999999997
1901-01-08,339.99950000000001
1901-01-09,340.85640000000001
1901-01-10,339.96980000000002
1901-01-11,342.29289999999997
1901-01-14,340.69290000000001
1901-01-15,338.61750000000001
1901-01-16,336.46280000000002
1901-01-17,334.66469999999998
1901-01-18,332.43079999999998
1901-01-21,330.87049999999999
1901-01-22,333.66919999999999
1901-01-23,335.19970000000001
1901-01-24,331.49970000000002
1901-01-25,334.61520000000002
1901-01-28,337.13639999999998
1901-01-29,337.59699999999998
1901-01-30,338.73129999999998
1901-01-31,341.60910000000001
1901-02-01,344.1302
1901-02-04,348.5136
1901-02-05,351.19319999999999
1901-02-06,352.92169999999999
1901-02-07,350.48970000000003
1901-02-08,351.70319999999998
1901-02-11,352.20339999999999
1901-02-13,348.0675
1901-02-14,350.62819999999999
1901-02-15,353.50580000000002
1901-02-18,347.3888
1901-02-19,345.86829999999998
1901-02-20,344.03070000000002
1901-02-21,345.68000000000001
1901-02-25,345.22919999999999
1901-02-26,344.81810000000002
1901-02-27,346.11070000000001
1901-02-28,343.48079999999999
1901-03-01,345.84320000000002
1901-03-04,347.57170000000002
1901-03-05,348.3492
1901-03-06,349.36450000000002
1901-03-07,349.74579999999997
1901-03-08,349.65159999999997
1901-03-11,350.1121
1901-03-12,350.4538
1901-03-13,351.15210000000002
1901-03-14,352.1277
1901-03-15,352.76319999999998
1901-03-18,359.25979999999998
1901-03-19,360.63279999999997
1901-03-20,360.28460000000001
1901-03-21,361.21730000000002
1901-03-22,361.3895
1901-03-25,359.88049999999998
1901-03-26,360.53300000000002
1901-03-27,363.18680000000001
1901-03-28,364.03949999999998
1901-03-29,366.25299999999999
1901-04-01,370.90800000000002
1901-04-02,372.92140000000001
1901-04-03,377.17610000000002
1901-04-04,378.38889999999998
1901-04-08,372.35700000000003
1901-04-09,377.69240000000002
1901-04-10,381.78699999999998
1901-04-11,379.3175
1901-04-12,381.65089999999998
1901-04-15,386.86610000000002
1901-04-16,388.19889999999998
1901-04-17,387.1302
1901-04-18,389.98390000000001
1901-04-19,394.91879999999998
1901-04-22,392.68939999999998
1901-04-23,389.93970000000002
1901-04-24,391.23239999999998
1901-04-25,394.40620000000001
1901-04-26,397.54000000000002
1901-04-29,403.83550000000002
1901-04-30,406.44889999999998
1901-05-01,410.50319999999999
1901-05-02,409.11419999999998
1901-05-03,404.24340000000001
1901-05-06,409.61829999999998
1901-05-07,407.30889999999999
1901-05-08,388.83049999999997
1901-05-09,361.70749999999998
1901-05-10,384.9323
1901-05-13,384.3039
1901-05-14,368.10719999999998
1901-05-15,374.40260000000001
1901-05-16,378.37670000000003
1901-05-17,387.83370000000002
1901-05-20,383.7235
1901-05-21,386.65699999999998
1901-05-22,386.38889999999998
1901-05-23,383.63940000000002
1901-05-24,385.89260000000002
1901-05-27,384.70389999999998
1901-05-28,387.19709999999998
1901-05-29,390.13049999999998
1901-05-31,397.0659
1901-06-03,408.9237
1901-06-04,407.9751
1901-06-05,406.30619999999999
1901-06-06,405.99790000000002
1901-06-07,405.84969999999998
1901-06-10,403.86070000000001
1901-06-11,403.55239999999998
1901-06-12,405.52530000000002
1901-06-13,410.77960000000002
1901-06-14,410.99149999999997
1901-06-17,415.12529999999998
1901-06-18,412.21589999999998
1901-06-19,411.18729999999999
1901-06-20,410.35879999999997
1901-06-21,413.69959999999998
1901-06-24,413.15269999999998
1901-06-25,409.77960000000002
1901-06-26,408.7079
1901-06-27,407.8784
1901-06-28,409.75380000000001
1901-07-01,408.11689999999999
1901-07-02,407.69110000000001
1901-07-03,406.0138
1901-07-08,391.7405
1901-07-09,397.77420000000001
1901-07-10,387.49790000000002
1901-07-11,383.15620000000001
1901-07-12,376.47300000000001
1901-07-15,374.35169999999999
1901-07-16,376.6309
1901-07-17,387.14569999999998
1901-07-18,391.2011
1901-07-19,386.77870000000001
1901-07-22,374.72649999999999
1901-07-23,380.8811
1901-07-24,377.791
1901-07-25,380.19119999999998
1901-07-26,382.26850000000002
1901-07-29,385.19349999999997
1901-07-30,383.35489999999999
1901-07-31,380.9511
1901-08-01,382.01909999999998
1901-08-02,379.77690000000001
1901-08-05,371.07569999999998
1901-08-06,372.14359999999999
1901-08-07,374.05939999999998
1901-08-08,377.67059999999998
1901-08-09,375.83210000000003
1901-08-12,376.37529999999998
1901-08-13,380.39010000000002
1901-08-14,382.02319999999997
1901-08-15,386.15899999999999
1901-08-16,384.64350000000002
1901-08-19,383.3297
1901-08-20,385.3261
1901-08-21,386.03070000000002
1901-08-22,388.83440000000002
1901-08-23,391.96100000000001
1901-08-26,396.17739999999998
1901-08-27,392.11880000000002
1901-08-28,392.0564
1901-08-29,393.08390000000003
1901-08-30,395.48379999999997
1901-09-03,390.73910000000001
1901-09-04,393.74439999999998
1901-09-05,392.59219999999999
1901-09-06,391.39960000000002
1901-09-09,383.54680000000002
1901-09-10,387.84379999999999
1901-09-11,384.5523
1901-09-12,383.68259999999998
1901-09-13,370.86520000000002
1901-09-16,384.48630000000003
1901-09-17,384.101
1901-09-18,387.71179999999998
1901-09-20,388.55959999999999
1901-09-23,383.19760000000002
1901-09-24,382.92899999999997
1901-09-25,376.3039
1901-09-26,378.68380000000002
1901-09-27,382.04160000000002
1901-09-30,377.7799
1901-10-01,376.85939999999999
1901-10-02,375.44990000000001
1901-10-03,372.00319999999999
1901-10-04,372.22359999999998
1901-10-07,368.45100000000002
1901-10-08,370.13819999999998
1901-10-09,371.1327
1901-10-10,376.69069999999999
1901-10-11,380.37430000000001
1901-10-14,378.84269999999998
1901-10-15,377.39249999999998
1901-10-16,376.75720000000001
1901-10-17,378.0369
1901-10-18,378.9092
1901-10-21,378.72210000000001
1901-10-22,381.71300000000002
1901-10-23,383.88889999999998
1901-10-24,383.2944
1901-10-25,383.0258
1901-10-28,378.39780000000002
1901-10-29,381.71449999999999
1901-10-30,383.48309999999998
1901-10-31,382.2774
1901-11-01,384.86079999999998
1901-11-04,383.94029999999998
1901-11-06,388.39780000000002
1901-11-07,389.51440000000002
1901-11-08,391.07920000000001
1901-11-11,395.41430000000003
1901-11-12,393.51609999999999
1901-11-13,393.166
1901-11-14,388.17140000000001
1901-11-15,392.22129999999999
1901-11-18,390.73050000000001
1901-11-19,390.05450000000002
1901-11-20,389.74509999999998
1901-11-21,393.7543
1901-11-22,396.58190000000002
1901-11-25,394.2355
1901-11-26,394.65949999999998
1901-11-27,396.02050000000003
1901-11-29,394.89640000000003
1901-12-02,388.59840000000003
1901-12-03,390.44819999999999
1901-12-04,393.6832
1901-12-05,393.822
1901-12-06,388.09440000000001
1901-12-09,386.19630000000001
1901-12-10,384.82780000000002
1901-12-11,381.78899999999999
1901-12-12,377.73180000000002
1901-12-13,379.4187
1901-12-16,380.61680000000001
1901-12-17,383.36279999999999
1901-12-18,385.1311
1901-12-19,384.74029999999999
1901-12-20,387.44760000000002
1901-12-23,384.9171
1901-12-24,383.62060000000002
1901-12-26,387.95890000000003
1901-12-27,390.85759999999999
1901-12-30,391.57639999999998
1901-12-31,395.17430000000002
1902-01-02,397.45600000000002
1902-01-03,395.41919999999999
1902-01-06,397.28949999999998
1902-01-07,393.60750000000002
1902-01-08,395.2722
1902-01-09,392.78300000000002
1902-01-10,391.36309999999997
1902-01-13,388.79160000000002
1902-01-14,384.65730000000002
1902-01-15,387.3503
1902-01-16,388.06909999999999
1902-01-17,391.62560000000002
1902-01-20,388.6841
1902-01-21,388.7448
1902-01-22,389.01119999999997
1902-01-23,391.00490000000002
1902-01-24,390.61320000000001
1902-01-27,389.89260000000002
1902-01-28,394.64179999999999
1902-01-29,392.9341
1902-01-30,394.72210000000001
1902-01-31,395.4409
1902-02-03,393.93880000000001
1902-02-04,394.6164
1902-02-05,397.1447
1902-02-06,399.59070000000003
1902-02-07,400.22710000000001
1902-02-10,399.91770000000002
1902-02-11,400.30739999999997
1902-02-13,397.73610000000002
1902-02-14,398.41370000000001
1902-02-17,400.07819999999998
1902-02-18,398.65839999999997
1902-02-19,400.40519999999998
1902-02-20,394.33839999999998
1902-02-21,395.71510000000001
1902-02-24,396.35160000000002
1902-02-25,397.97500000000002
1902-02-26,396.26740000000001
1902-02-27,396.65710000000001
1902-02-28,394.99059999999997
1902-03-03,397.31310000000002
1902-03-04,395.15320000000003
1902-03-05,396.8999
1902-03-06,400.70269999999999
1902-03-07,398.7484
1902-03-10,395.9717
1902-03-11,396.3202
1902-03-12,396.6277
1902-03-13,397.59309999999999
1902-03-14,399.01080000000002
1902-03-17,401.45650000000001
1902-03-18,402.50409999999999
1902-03-19,403.55169999999998
1902-03-20,404.88720000000001
1902-03-21,407.16359999999997
1902-03-24,407.05779999999999
1902-03-25,405.37450000000001
1902-03-26,405.51769999999999
1902-03-27,404.95530000000002
1902-03-31,406.0949
1902-04-01,405.3664
1902-04-02,405.55119999999999
1902-04-03,408.72480000000002
1902-04-04,409.57380000000001
1902-04-07,406.7697
1902-04-08,408.36590000000001
1902-04-09,409.92059999999998
1902-04-10,406.90890000000002
1902-04-11,407.50880000000001
1902-04-14,410.18419999999998
1902-04-15,412.65210000000002
1902-04-16,413.6671
1902-04-17,416.75760000000002
1902-04-18,418.43669999999997
1902-04-21,416.17230000000001
1902-04-22,412.99470000000002
1902-04-23,413.76069999999999
1902-04-24,418.76060000000001
1902-04-25,418.48869999999999
1902-04-28,419.71120000000002
1902-04-29,422.01280000000003
1902-04-30,420.57870000000003
1902-05-01,422.3408
1902-05-02,415.01229999999998
1902-05-05,414.74040000000002
1902-05-06,420.86090000000002
1902-05-07,418.30610000000001
1902-05-08,419.36250000000001
1902-05-09,417.7208
1902-05-12,411.05669999999998
1902-05-13,414.10550000000001
1902-05-14,415.03739999999999
1902-05-15,416.34289999999999
1902-05-16,410.96559999999999
1902-05-19,407.95429999999999
1902-05-20,411.54259999999999
1902-05-21,413.80270000000002
1902-05-22,414.5686
1902-05-23,416.3306
1902-05-26,414.60599999999999
1902-05-27,414.41719999999998
1902-05-28,414.4359
1902-05-29,415.86579999999998
1902-06-02,415.3449
1902-06-03,414.7826
1902-06-04,414.4692
1902-06-05,411.87310000000002
1902-06-06,412.2654
1902-06-09,413.03120000000001
1902-06-10,415.78919999999999
1902-06-11,416.63799999999998
1902-06-12,416.03410000000002
1902-06-13,418.04500000000002
1902-06-16,419.0598
1902-06-17,419.49349999999998
1902-06-18,420.63279999999997
1902-06-19,417.62169999999998
1902-06-20,417.78160000000003
1902-06-23,415.91539999999998
1902-06-24,413.37889999999999
1902-06-25,413.90050000000002
1902-06-26,415.30180000000001
1902-06-27,415.19499999999999
1902-06-30,416.55439999999999
1902-07-01,417.28539999999998
1902-07-02,418.77050000000003
1902-07-03,421.0095
1902-07-07,422.82960000000003
1902-07-08,422.8066
1902-07-09,422.15519999999998
1902-07-10,423.13760000000002
1902-07-11,424.16180000000003
1902-07-14,427.07100000000003
1902-07-15,427.55059999999997
1902-07-16,430.71109999999999
1902-07-17,431.94470000000001
1902-07-18,433.72280000000001
1902-07-21,432.35930000000002
1902-07-22,434.30500000000001
1902-07-23,436.125
1902-07-24,436.43700000000001
1902-07-25,438.80160000000001
1902-07-28,438.2758
1902-07-29,434.81790000000001
1902-07-30,436.1771
1902-07-31,434.60419999999999
1902-08-01,434.62299999999999
1902-08-04,433.846
1902-08-05,434.95389999999998
1902-08-06,436.35489999999999
1902-08-07,437.96539999999999
1902-08-08,437.81670000000003
1902-08-11,434.35899999999998
1902-08-12,434.33589999999998
1902-08-13,435.86259999999999
1902-08-14,437.85000000000002
1902-08-15,436.2353
1902-08-18,434.78820000000002
1902-08-19,436.608
1902-08-20,437.8415
1902-08-21,433.92309999999998
1902-08-22,436.49689999999998
1902-08-25,438.98689999999999
1902-08-26,438.58679999999998
1902-08-27,439.10820000000001
1902-08-28,438.75009999999997
1902-08-29,440.19299999999998
1902-09-02,442.59910000000002
1902-09-03,444.33510000000001
1902-09-04,442.55290000000002
1902-09-05,444.0376
1902-09-08,445.64800000000002
1902-09-09,447.34210000000002
1902-09-10,446.39749999999998
1902-09-11,445.45299999999997
1902-09-12,441.11599999999999
1902-09-15,441.21850000000001
1902-09-16,442.49380000000002
1902-09-17,444.31349999999998
1902-09-18,446.63580000000002
1902-09-19,447.17509999999999
1902-09-22,443.2226
1902-09-23,434.49579999999997
1902-09-24,433.12049999999999
1902-09-25,434.6182
1902-09-26,437.55239999999998
1902-09-29,419.82670000000002
1902-09-30,434.71749999999997
1902-10-01,434.82100000000003
1902-10-02,433.74149999999997
1902-10-03,433.33800000000002
1902-10-06,421.9076
1902-10-07,418.71570000000003
1902-10-08,421.05840000000001
1902-10-09,425.767
1902-10-10,422.99770000000001
1902-10-13,416.80630000000002
1902-10-14,422.40199999999999
1902-10-15,424.06869999999998
1902-10-16,429.91789999999997
1902-10-17,433.95030000000003
1902-10-20,432.5752
1902-10-21,428.3272
1902-10-22,428.85320000000002
1902-10-23,427.6893
1902-10-24,429.5249
1902-10-27,426.03750000000002
1902-10-28,425.97210000000001
1902-10-29,422.06220000000002
1902-10-30,424.10910000000001
1902-10-31,427.80340000000001
1902-11-03,424.61180000000002
1902-11-05,418.80099999999999
1902-11-06,419.28469999999999
1902-11-07,419.09249999999997
1902-11-10,409.35309999999998
1902-11-11,403.12
1902-11-12,405.84280000000001
1902-11-13,405.94630000000001
1902-11-14,398.6995
1902-11-17,406.44920000000002
1902-11-18,403.30000000000001
1902-11-19,406.61410000000001
1902-11-20,408.99880000000002
1902-11-21,415.05869999999999
1902-11-24,415.16230000000002
1902-11-25,411.04149999999998
1902-11-26,407.68119999999999
1902-11-28,412.4314
1902-12-01,415.02730000000003
1902-12-02,412.08940000000001
1902-12-03,411.6438
1902-12-04,409.59300000000002
1902-12-05,408.97840000000002
1902-12-08,410.56049999999999
1902-12-09,409.77699999999999
1902-12-10,402.23480000000001
1902-12-11,397.10050000000001
1902-12-12,399.99200000000002
1902-12-15,396.96980000000002
1902-12-16,398.2561
1902-12-17,400.09160000000003
1902-12-18,407.37610000000001
1902-12-19,407.11399999999998
1902-12-22,413.06799999999998
1902-12-23,409.76650000000001
1902-12-24,412.73489999999998
1902-12-26,415.70319999999998
1902-12-29,413.80919999999998
1902-12-30,418.39830000000001
1902-12-31,420.4708
1903-01-02,421.56240000000003
1903-01-05,423.89089999999999
1903-01-06,428.65039999999999
1903-01-07,426.28730000000002
1903-01-08,429.46870000000001
1903-01-09,430.09109999999998
1903-01-12,427.00290000000001
1903-01-13,426.00459999999998
1903-01-14,425.64609999999999
1903-01-15,423.9228
1903-01-16,425.56869999999998
1903-01-19,423.37630000000001
1903-01-20,421.5677
1903-01-21,425.55939999999998
1903-01-22,424.47579999999999
1903-01-23,421.1746
1903-01-26,424.73970000000003
1903-01-27,424.59440000000001
1903-01-28,424.32119999999998
1903-01-29,425.32740000000001
1903-01-30,422.66590000000002
1903-02-02,424.90890000000002
1903-02-03,425.61660000000001
1903-02-04,427.81689999999998
1903-02-05,428.52449999999999
1903-02-06,427.09989999999999
1903-02-09,430.02519999999998
1903-02-10,429.7946
1903-02-11,429.52140000000003
1903-02-13,429.24810000000002
1903-02-16,430.21159999999998
1903-02-17,429.08550000000002
1903-02-18,424.4624
1903-02-19,421.45979999999997
1903-02-20,424.47030000000001
1903-02-24,423.3442
1903-02-25,421.70639999999997
1903-02-26,418.32010000000002
1903-02-27,416
1903-03-02,414.23419999999999
1903-03-03,411.95679999999999
1903-03-04,413.38940000000002
1903-03-05,406.03730000000002
1903-03-06,408.91980000000001
1903-03-09,404.68079999999998
1903-03-10,400.39920000000001
1903-03-11,404.56099999999998
1903-03-12,403.30709999999999
1903-03-13,403.8442
1903-03-16,402.24919999999997
1903-03-17,403.7244
1903-03-18,406.47890000000001
1903-03-19,409.53190000000001
1903-03-20,412.20209999999997
1903-03-23,408.86470000000003
1903-03-24,403.76089999999999
1903-03-25,401.06990000000002
1903-03-26,401.7396
1903-03-27,396.6789
1903-03-30,394.84969999999998
1903-03-31,399.44009999999997
1903-04-01,399.33429999999998
1903-04-02,395.73860000000002
1903-04-03,396.88220000000001
1903-04-06,396.21629999999999
1903-04-07,395.03339999999997
1903-04-08,395.91849999999999
1903-04-09,394.90789999999998
1903-04-13,383.98809999999997
1903-04-14,390.56029999999998
1903-04-15,390.19600000000003
1903-04-16,394.57080000000002
1903-04-17,397.56700000000001
1903-04-20,401.20940000000002
1903-04-21,403.04219999999998
1903-04-23,401.3854
1903-04-24,401.40890000000002
1903-04-27,397.08100000000002
1903-04-28,397.27670000000001
1903-04-29,400.22969999999998
1903-04-30,398.0129
1903-05-01,400.06119999999999
1903-05-04,403.87569999999999
1903-05-05,403.29599999999999
1903-05-06,403.49169999999998
1903-05-07,401.1026
1903-05-08,401.12599999999998
1903-05-11,400.46010000000001
1903-05-12,399.7081
1903-05-13,399.38690000000003
1903-05-14,396.7824
1903-05-15,395.12569999999999
1903-05-18,390.23809999999997
1903-05-19,391.5539
1903-05-20,386.27859999999998
1903-05-21,389.92070000000001
1903-05-22,391.8827
1903-05-25,380.40410000000003
1903-05-26,385.42469999999997
1903-05-27,384.54349999999999
1903-05-28,381.50839999999999
1903-05-29,380.02420000000001
1903-06-01,377.85070000000002
1903-06-02,380.67419999999998
1903-06-03,380.87
1903-06-04,375.07799999999997
1903-06-05,373.98149999999998
1903-06-08,370.34350000000001
1903-06-09,366.8777
1903-06-10,363.15359999999998
1903-06-11,373.12779999999998
1903-06-12,379.52670000000001
1903-06-15,371.71030000000002
1903-06-16,373.41379999999998
1903-06-17,372.40350000000001
1903-06-18,370.23009999999999
1903-06-19,372.9796
1903-06-22,369.64690000000002
1903-06-23,372.58929999999998
1903-06-24,371.6533
1903-06-25,370.71730000000002
1903-06-26,370.17349999999999
1903-06-29,378.69369999999998
1903-06-30,379.37
1903-07-01,379.91559999999998
1903-07-02,375.79849999999999
1903-07-03,376.47489999999999
1903-07-06,376.32330000000002
1903-07-07,376.04090000000002
1903-07-08,376.63010000000003
1903-07-09,371.3802
1903-07-10,367.30680000000001
1903-07-13,363.97430000000003
1903-07-14,357.50439999999998
1903-07-15,354.52050000000003
1903-07-16,355.93759999999997
1903-07-17,360.92790000000002
1903-07-20,352.58440000000002
1903-07-21,349.68770000000001
1903-07-22,352.935
1903-07-23,348.64400000000001
1903-07-24,345.66019999999997
1903-07-27,347.81810000000002
1903-07-28,350.4117
1903-07-29,349.4323
1903-07-30,348.23509999999999
1903-07-31,347.73500000000001
1903-08-03,345.88420000000002
1903-08-04,338.15109999999999
1903-08-05,330.98450000000003
1903-08-06,337.10750000000002
1903-08-07,334.82100000000003
1903-08-10,330.92239999999998
1903-08-11,334.03890000000001
1903-08-12,342.55810000000002
1903-08-13,348.33240000000001
1903-08-14,356.54649999999998
1903-08-17,359.31420000000003
1903-08-18,359.59840000000003
1903-08-19,350.77629999999999
1903-08-20,351.3655
1903-08-21,350.8655
1903-08-24,349.8861
1903-08-25,353.83019999999999
1903-08-26,353.6352
1903-08-27,352.83010000000002
1903-08-28,355.24919999999997
1903-08-31,357.36329999999998
1903-09-01,355.07690000000002
1903-09-02,355.49180000000001
1903-09-03,352.46480000000003
1903-09-04,355.14519999999999
1903-09-08,352.64100000000002
1903-09-09,353.05590000000001
1903-09-10,351.5102
1903-09-11,352.36079999999998
1903-09-14,345.23849999999999
1903-09-15,346.35050000000001
1903-09-16,344.49990000000003
1903-09-17,343.21570000000003
1903-09-18,340.75369999999998
1903-09-21,339.4984
1903-09-22,338.94909999999999
1903-09-23,335.13479999999998
1903-09-24,329.07029999999997
1903-09-25,331.07999999999998
1903-09-28,319.89749999999998
1903-09-29,329.40780000000001
1903-09-30,323.82870000000003
1903-10-01,330.64760000000001
1903-10-02,335.30450000000002
1903-10-05,330.07850000000002
1903-10-06,329.92630000000003
1903-10-07,330.39179999999999
1903-10-08,324.81279999999998
1903-10-09,324.79300000000001
1903-10-12,320.53769999999997
1903-10-13,319.85610000000003
1903-10-14,317.85090000000002
1903-10-15,318.71350000000001
1903-10-16,328.13510000000002
1903-10-19,320.57100000000003
1903-10-20,327.74250000000001
1903-10-21,329.7962
1903-10-22,329.4676
1903-10-23,327.85950000000003
1903-10-26,332.78089999999997
1903-10-27,334.12869999999998
1903-10-28,333.88819999999998
1903-10-29,332.23599999999999
1903-10-30,331.73090000000002
1903-11-02,334.44630000000001
1903-11-04,332.04410000000001
1903-11-05,326.46559999999999
1903-11-06,328.03390000000002
1903-11-09,326.24950000000001
1903-11-10,327.2002
1903-11-11,324.26870000000002
1903-11-12,322.0872
1903-11-13,325.59660000000002
1903-11-16,326.15030000000002
1903-11-17,326.96870000000001
1903-11-18,331.18389999999999
1903-11-19,334.25209999999998
1903-11-20,332.60000000000002
1903-11-23,333.59480000000002
1903-11-24,330.7516
1903-11-25,332.09930000000003
1903-11-27,333.13810000000001
1903-11-30,335.36810000000003
1903-12-01,337.15690000000001
1903-12-02,338.9898
1903-12-03,343.69009999999997
1903-12-04,344.72890000000001
1903-12-07,347.62040000000002
1903-12-08,347.11529999999999
1903-12-09,348.41879999999998
1903-12-10,344.2081
1903-12-11,343.57069999999999
1903-12-14,346.68279999999999
1903-12-15,347.45690000000002
1903-12-16,347.52519999999998
1903-12-17,345.96140000000003
1903-12-18,348.60660000000001
1903-12-21,348.40170000000001
1903-12-22,347.9735
1903-12-23,352.32560000000001
1903-12-24,353.28230000000002
1903-12-28,357.9024
1903-12-29,359.30579999999998
1903-12-30,357.26929999999999
1903-12-31,357.33249999999998
1904-01-04,350.20310000000001
1904-01-05,352.27659999999997
1904-01-06,346.53219999999999
1904-01-07,347.4889
1904-01-08,350.99200000000002
1904-01-11,352.75279999999998
1904-01-12,349.91219999999998
1904-01-13,350.95830000000001
1904-01-14,351.69159999999999
1904-01-15,351.84410000000003
1904-01-18,355.88319999999999
1904-01-19,357.01859999999999
1904-01-20,357.61790000000002
1904-01-21,361.74619999999999
1904-01-22,363.68560000000002
1904-01-25,360.30900000000003
1904-01-26,362.82920000000001
1904-01-27,364.0985
1904-01-28,358.71170000000001
1904-01-29,357.83679999999998
1904-02-01,356.78320000000002
1904-02-02,355.86360000000002
1904-02-03,353.7826
1904-02-04,352.77370000000002
1904-02-05,348.95060000000001
1904-02-08,344.94880000000001
1904-02-09,345.5034
1904-02-10,344.89659999999998
1904-02-11,345.67450000000002
1904-02-15,348.23930000000001
1904-02-16,347.72179999999997
1904-02-17,346.3109
1904-02-18,344.63200000000001
1904-02-19,343.35520000000002
1904-02-23,338.5942
1904-02-24,337.45139999999998
1904-02-25,341.0881
1904-02-26,339.27530000000002
1904-02-29,340.27659999999997
1904-03-01,341.81389999999999
1904-03-02,342.41309999999999
1904-03-03,342.96769999999998
1904-03-04,343.38830000000002
1904-03-07,341.35210000000001
1904-03-08,341.19200000000001
1904-03-09,340.04930000000002
1904-03-10,339.84449999999998
1904-03-11,337.31709999999998
1904-03-14,336.48700000000002
1904-03-15,343.60759999999999
1904-03-16,344.38549999999998
1904-03-17,348.15600000000001
1904-03-18,346.03030000000001
1904-03-21,348.6671
1904-03-22,352.93009999999998
1904-03-23,353.2629
1904-03-24,349.7561
1904-03-25,349.0951
1904-03-28,353.67419999999998
1904-03-29,355.22669999999999
1904-03-30,355.15300000000002
1904-03-31,356.20859999999999
1904-04-04,354.23770000000002
1904-04-05,355.24810000000002
1904-04-06,357.92989999999998
1904-04-07,359.7534
1904-04-08,358.18900000000002
1904-04-11,361.09660000000002
1904-04-12,358.13189999999997
1904-04-13,359.50369999999998
1904-04-14,357.4425
1904-04-15,357.41390000000001
1904-04-18,356.48200000000003
1904-04-19,355.09829999999999
1904-04-20,354.66329999999999
1904-04-21,357.48039999999997
1904-04-22,358.08429999999998
1904-04-25,356.06830000000002
1904-04-26,356.62700000000001
1904-04-27,357.54700000000003
1904-04-28,357.15710000000001
1904-04-29,356.08960000000002
1904-05-02,352.71859999999998
1904-05-03,353.05149999999998
1904-05-04,354.24250000000001
1904-05-05,352.99439999999998
1904-05-06,353.86930000000001
1904-05-09,353.56979999999999
1904-05-10,352.09589999999997
1904-05-11,352.11259999999999
1904-05-12,350.23219999999998
1904-05-13,348.93900000000002
1904-05-16,347.149
1904-05-17,348.38510000000002
1904-05-18,347.99529999999999
1904-05-19,347.74099999999999
1904-05-20,348.93200000000002
1904-05-23,353.78140000000002
1904-05-24,352.12689999999998
1904-05-25,350.96929999999998
1904-05-26,351.3021
1904-05-27,351.31869999999998
1904-05-31,351.10950000000003
1904-06-01,351.2165
1904-06-02,350.51049999999998
1904-06-03,351.43049999999999
1904-06-06,351.71809999999999
1904-06-07,352.81880000000001
1904-06-08,354.37099999999998
1904-06-09,355.38119999999998
1904-06-10,357.06889999999999
1904-06-13,356.54360000000003
1904-06-14,359.17970000000003
1904-06-15,357.70589999999999
1904-06-16,358.30970000000002
1904-06-17,357.07339999999999
1904-06-20,359.23660000000001
1904-06-21,360.53210000000001
1904-06-22,362.23860000000002
1904-06-23,362.4837
1904-06-24,362.36349999999999
1904-06-27,361.78660000000002
1904-06-28,361.43810000000002
1904-06-29,362.27690000000001
1904-06-30,362.65910000000002
1904-07-01,363.4522
1904-07-05,367.16789999999997
1904-07-06,370.65530000000001
1904-07-07,368.16050000000001
1904-07-08,371.14550000000003
1904-07-11,371.02530000000002
1904-07-12,375.5172
1904-07-13,377.31490000000002
1904-07-14,376.78370000000001
1904-07-15,378.3073
1904-07-18,381.20089999999999
1904-07-19,383.82049999999998
1904-07-20,383.51760000000002
1904-07-21,381.98180000000002
1904-07-22,382.82040000000001
1904-07-25,382.28919999999999
1904-07-26,378.8356
1904-07-27,376.2038
1904-07-28,380.33019999999999
1904-07-29,378.7944
1904-08-01,381.00299999999999
1904-08-02,380.01510000000002
1904-08-03,381.44740000000002
1904-08-04,381.46409999999997
1904-08-05,382.34840000000003
1904-08-08,382.1825
1904-08-09,384.11700000000002
1904-08-10,385.13830000000002
1904-08-11,387.57499999999999
1904-08-12,388.23099999999999
1904-08-15,391.85489999999999
1904-08-16,390.59309999999999
1904-08-17,392.48180000000002
1904-08-18,393.77699999999999
1904-08-19,391.60199999999998
1904-08-22,392.07530000000003
1904-08-23,393.18790000000001
1904-08-24,394.483
1904-08-25,396.73700000000002
1904-08-26,396.89069999999998
1904-08-29,399.46429999999998
1904-08-30,398.47649999999999
1904-08-31,397.03210000000001
1904-09-01,397.96190000000001
1904-09-02,401.26600000000002
1904-09-06,404.02210000000002
1904-09-07,403.7192
1904-09-08,405.56209999999999
1904-09-09,408.2269
1904-09-12,405.50409999999999
1904-09-13,405.06420000000003
1904-09-14,409.464
1904-09-15,408.2022
1904-09-16,409.8075
1904-09-19,405.9051
1904-09-20,402.69439999999997
1904-09-21,405.52379999999999
1904-09-22,403.28140000000002
1904-09-23,405.92630000000003
1904-09-26,408.6635
1904-09-27,410.38619999999997
1904-09-28,411.97070000000002
1904-09-29,410.5582
1904-09-30,413.66410000000002
1904-10-03,416.76999999999998
1904-10-04,417.24779999999998
1904-10-05,418.41730000000001
1904-10-06,415.25279999999998
1904-10-07,417.25209999999998
1904-10-10,420.49619999999999
1904-10-11,422.58769999999998
1904-10-12,423.2038
1904-10-13,424.92649999999998
1904-10-14,431.12130000000002
1904-10-17,434.91860000000003
1904-10-18,436.18009999999998
1904-10-19,434.952
1904-10-20,436.53629999999998
1904-10-21,439.64190000000002
1904-10-24,441.45670000000001
1904-10-25,440.41300000000001
1904-10-26,438.67770000000002
1904-10-27,434.63740000000001
1904-10-28,441.20069999999998
1904-10-31,437.62139999999999
1904-11-01,438.69850000000002
1904-11-02,442.72609999999997
1904-11-03,442.69670000000002
1904-11-04,442.99000000000001
1904-11-07,446.32600000000002
1904-11-09,450.49180000000001
1904-11-10,451.56880000000001
1904-11-11,456.42610000000002
1904-11-14,456.62709999999998
1904-11-15,459.96300000000002
1904-11-16,458.78100000000001
1904-11-17,462.34739999999999
1904-11-18,459.96679999999998
1904-11-21,462.8877
1904-11-22,459.03190000000001
1904-11-23,459.64789999999999
1904-11-25,462.661
1904-11-28,468.85500000000002
1904-11-29,469.05599999999998
1904-11-30,470.45549999999997
1904-12-01,469.82670000000002
1904-12-02,472.47089999999997
1904-12-05,473.96260000000001
1904-12-06,470.89060000000001
1904-12-07,459.42869999999999
1904-12-08,456.17230000000001
1904-12-09,460.33769999999998
1904-12-12,444.58879999999999
1904-12-13,447.14089999999999
1904-12-14,446.14339999999999
1904-12-15,449.3408
1904-12-16,457.32929999999999
1904-12-19,457.2131
1904-12-20,460.53890000000001
1904-12-21,456.56189999999998
1904-12-22,453.84089999999998
1904-12-23,456.7946
1904-12-27,460.72500000000002
1904-12-28,465.07400000000001
1904-12-29,469.14389999999997
1904-12-30,465.58569999999997
1905-01-03,467.98110000000003
1905-01-04,466.74849999999998
1905-01-05,466.7253
1905-01-06,463.3066
1905-01-09,463.37639999999999
1905-01-10,465.07409999999999
1905-01-11,465.5625
1905-01-12,463.35320000000002
1905-01-13,466.81830000000002
1905-01-16,469.02760000000001
1905-01-17,468.1671
1905-01-18,470.1438
1905-01-19,469.60890000000001
1905-01-20,471.91120000000001
1905-01-23,466.39960000000002
1905-01-24,464.65550000000002
1905-01-25,462.63229999999999
1905-01-26,469.95760000000001
1905-01-27,471.14359999999999
1905-01-30,476.00380000000001
1905-01-31,478.44549999999998
1905-02-01,476.74790000000002
1905-02-02,479.05009999999999
1905-02-03,481.72430000000003
1905-02-06,480.25920000000002
1905-02-07,483.67750000000001
1905-02-08,484.7704
1905-02-09,483.86340000000001
1905-02-10,486.30500000000001
1905-02-14,486.79329999999999
1905-02-15,487.97910000000002
1905-02-16,487.02569999999997
1905-02-17,487.18830000000003
1905-02-20,490.88560000000001
1905-02-21,493.79219999999998
1905-02-23,491.95499999999998
1905-02-24,498.30309999999997
1905-02-27,499.02379999999999
1905-02-28,494.2568
1905-03-01,499.34910000000002
1905-03-02,501.41849999999999
1905-03-03,497.95370000000003
1905-03-06,500.9067
1905-03-07,498.65109999999999
1905-03-08,500.76690000000002
1905-03-09,504.78949999999998
1905-03-10,507.37029999999999
1905-03-13,510.09070000000003
1905-03-14,508.95119999999997
1905-03-15,508.46269999999998
1905-03-16,507.50920000000002
1905-03-17,502.80689999999998
1905-03-20,506.67399999999998
1905-03-21,503.31799999999998
1905-03-22,497.89819999999997
1905-03-23,501.85910000000001
1905-03-24,506.94560000000001
1905-03-27,503.54270000000002
1905-03-28,499.8116
1905-03-29,504.47590000000002
1905-03-30,504.7783
1905-03-31,507.51960000000003
1905-04-03,511.15199999999999
1905-04-04,510.37569999999999
1905-04-05,513.11699999999996
1905-04-06,516.51480000000004
1905-04-07,516.25440000000003
1905-04-10,513.93029999999999
1905-04-11,512.91949999999997
1905-04-12,515.66070000000002
1905-04-13,517.74530000000004
1905-04-14,521.00229999999999
1905-04-17,518.63139999999999
1905-04-18,512.32079999999996
1905-04-19,516.70339999999999
1905-04-20,505.74990000000003
1905-04-24,501.69060000000002
1905-04-25,506.87049999999999
1905-04-26,508.3922
1905-04-27,494.3904
1905-04-28,492.11340000000001
1905-05-01,488.52330000000001
1905-05-02,492.5308
1905-05-03,486.87709999999998
1905-05-04,477.61239999999998
1905-05-05,486.16890000000001
1905-05-08,478.2174
1905-05-09,483.02199999999999
1905-05-10,483.37139999999999
1905-05-11,488.17590000000001
1905-05-12,491.76119999999997
1905-05-15,490.28149999999999
1905-05-16,487.86399999999998
1905-05-17,487.2285
1905-05-18,478.47989999999999
1905-05-19,475.6404
1905-05-22,464.31270000000001
1905-05-23,465.41239999999999
1905-05-24,476.9699
1905-05-25,472.95800000000003
1905-05-26,473.87009999999998
1905-05-29,481.34750000000003
1905-05-31,483.90089999999998
1905-06-01,475.19959999999998
1905-06-02,476.11169999999998
1905-06-05,477.63339999999999
1905-06-06,473.10570000000001
1905-06-07,475.94049999999999
1905-06-08,476.57119999999998
1905-06-09,477.43630000000002
1905-06-12,484.4914
1905-06-13,481.08929999999998
1905-06-14,483.1268
1905-06-15,481.50659999999999
1905-06-16,482.53820000000002
1905-06-19,482.37020000000001
1905-06-20,486.22449999999998
1905-06-21,490.55200000000002
1905-06-22,493.2706
1905-06-23,494.1909
1905-06-26,498.89690000000002
1905-06-27,498.77620000000002
1905-06-28,503.4348
1905-06-29,499.76510000000002
1905-06-30,499.59699999999998
1905-07-03,509.0822
1905-07-05,507.30529999999999
1905-07-06,510.11829999999998
1905-07-07,511.60640000000001
1905-07-10,510.49189999999999
1905-07-11,503.84109999999998
1905-07-12,511.71719999999999
1905-07-13,510.46080000000001
1905-07-14,510.19810000000001
1905-07-17,512.15930000000003
1905-07-18,511.51799999999997
1905-07-19,513.00599999999997
1905-07-20,512.64869999999996
1905-07-21,509.5942
1905-07-24,507.29689999999999
1905-07-25,506.93950000000001
1905-07-26,508.04899999999998
1905-07-27,512.04480000000001
1905-07-28,517.50739999999996
1905-07-31,520.50940000000003
1905-08-01,518.02279999999996
1905-08-02,517.90200000000004
1905-08-03,520.80939999999998
1905-08-04,522.81790000000001
1905-08-07,526.19839999999999
1905-08-08,526.03030000000001
1905-08-09,525.81479999999999
1905-08-10,525.17349999999999
1905-08-11,533.33280000000002
1905-08-14,535.38840000000005
1905-08-15,534.51049999999998
1905-08-16,536.94460000000004
1905-08-17,538.00660000000005
1905-08-18,533.81669999999997
1905-08-21,538.09609999999998
1905-08-22,538.02260000000001
1905-08-23,541.07169999999996
1905-08-24,540.47770000000003
1905-08-25,539.17399999999998
1905-08-28,537.68100000000004
1905-08-29,541.39250000000004
1905-08-30,537.48659999999995
1905-08-31,529.93769999999995
1905-09-01,523.38239999999996
1905-09-05,532.4402
1905-09-06,522.99890000000005
1905-09-07,520.08669999999995
1905-09-08,526.8261
1905-09-11,525.14400000000001
1905-09-12,530.27480000000003
1905-09-13,527.97760000000005
1905-09-14,532.35130000000004
1905-09-15,531.67020000000002
1905-09-18,537.51139999999998
1905-09-19,533.85940000000005
1905-09-20,538.26949999999999
1905-09-21,539.86500000000001
1905-09-22,541.41279999999995
1905-09-25,535.90039999999999
1905-09-26,537.30510000000004
1905-09-27,537.42169999999999
1905-09-28,535.77340000000004
1905-09-29,537.98900000000003
1905-10-02,541.30179999999996
1905-10-03,543.42190000000005
1905-10-04,540.24710000000005
1905-10-05,540.84079999999994
1905-10-06,540.86199999999997
1905-10-09,535.82680000000005
1905-10-10,539.23500000000001
1905-10-11,533.5797
1905-10-12,534.03030000000001
1905-10-13,537.86770000000001
1905-10-16,537.22119999999995
1905-10-17,536.24069999999995
1905-10-18,534.40160000000003
1905-10-19,536.42629999999997
1905-10-20,541.93309999999997
1905-10-23,545.53189999999995
1905-10-24,545.45780000000002
1905-10-25,544.81119999999999
1905-10-26,542.25670000000002
1905-10-27,540.36990000000003
1905-10-30,540.77279999999996
1905-10-31,546.61339999999996
1905-11-01,547.44550000000004
1905-11-02,546.70349999999996
1905-11-03,547.24940000000004
1905-11-06,545.07650000000001
1905-11-08,538.65840000000003
1905-11-09,533.14670000000001
1905-11-10,537.50850000000003
1905-11-13,528.75329999999997
1905-11-14,534.54610000000002
1905-11-15,538.81240000000003
1905-11-16,536.21029999999996
1905-11-17,543.29070000000002
1905-11-20,549.03560000000004
1905-11-21,550.67849999999999
1905-11-22,550.79510000000005
1905-11-23,550.57780000000002
1905-11-24,548.26199999999994
1905-11-27,557.77470000000005
1905-11-28,556.55579999999998
1905-11-29,556.00459999999998
1905-12-01,551.59019999999998
1905-12-04,550.51430000000005
1905-12-05,556.25900000000001
1905-12-06,555.99400000000003
1905-12-07,559.68769999999995
1905-12-08,561.42589999999996
1905-12-11,564.92870000000005
1905-12-12,567.95460000000003
1905-12-13,571.36210000000005
1905-12-14,569.33240000000001
1905-12-15,569.94159999999999
1905-12-18,567.00080000000003
1905-12-19,568.24189999999999
1905-12-20,567.17570000000001
1905-12-21,567.50350000000003
1905-12-22,570.37890000000004
1905-12-26,573.35029999999995
1905-12-27,563.92049999999995
1905-12-28,570.06439999999998
1905-12-29,576.01599999999996
1906-01-02,572.06579999999997
1906-01-03,573.59529999999995
1906-01-04,568.92420000000004
1906-01-05,576.12540000000001
1906-01-08,582.79780000000005
1906-01-09,582.45259999999996
1906-01-10,582.73220000000003
1906-01-11,587.38580000000002
1906-01-12,592.80840000000001
1906-01-15,594.52999999999997
1906-01-16,595.38639999999998
1906-01-17,596.86760000000004
1906-01-18,598.06039999999996
1906-01-19,603.14639999999997
1906-01-22,602.27250000000004
1906-01-23,601.87909999999999
1906-01-24,599.2749
1906-01-25,600.32349999999997
1906-01-26,601.9008
1906-01-29,584.0607
1906-01-30,581.07209999999998
1906-01-31,590.82010000000002
1906-02-01,594.22379999999998
1906-02-02,593.87850000000003
1906-02-05,585.07439999999997
1906-02-06,588.09360000000004
1906-02-07,584.43219999999997
1906-02-08,584.66369999999995
1906-02-09,590.03790000000004
1906-02-13,590.07709999999997
1906-02-14,586.99249999999995
1906-02-15,581.21640000000002
1906-02-16,576.49779999999998
1906-02-19,577.54639999999995
1906-02-20,576.62459999999999
1906-02-21,572.38660000000004
1906-02-23,575.1653
1906-02-26,577.94410000000005
1906-02-27,572.31240000000003
1906-02-28,562.83600000000001
1906-03-01,563.98080000000004
1906-03-02,564.59699999999998
1906-03-05,558.19650000000001
1906-03-06,563.08989999999994
1906-03-07,562.55250000000001
1906-03-08,567.44579999999996
1906-03-09,573.49249999999995
1906-03-12,570.88869999999997
1906-03-13,574.77269999999999
1906-03-14,572.12080000000003
1906-03-15,569.66120000000001
1906-03-16,569.46820000000002
1906-03-19,560.43060000000003
1906-03-20,566.53099999999995
1906-03-21,565.06240000000003
1906-03-22,568.8338
1906-03-23,570.22770000000003
1906-03-26,575.98839999999996
1906-03-27,573.16120000000001
1906-03-28,578.38810000000001
1906-03-29,577.01649999999995
1906-03-30,578.99270000000001
1906-04-02,582.66690000000006
1906-04-03,581.78049999999996
1906-04-04,580.7971
1906-04-05,578.11559999999997
1906-04-06,579.2183
1906-04-09,571.49120000000005
1906-04-10,568.80970000000002
1906-04-11,576.80179999999996
1906-04-12,574.89660000000003
1906-04-13,577.94000000000005
1906-04-16,580.54669999999999
1906-04-17,580.33960000000002
1906-04-18,573.67989999999998
1906-04-19,562.70249999999999
1906-04-20,566.71619999999996
1906-04-23,556.0299
1906-04-24,556.98720000000003
1906-04-25,554.25750000000005
1906-04-26,551.91579999999999
1906-04-27,538.94960000000003
1906-04-30,543.54549999999995
1906-05-01,528.88149999999996
1906-05-02,527.12220000000002
1906-05-03,524.97469999999998
1906-05-04,538.88499999999999
1906-05-07,544.98469999999998
1906-05-08,553.02480000000003
1906-05-09,554.66120000000001
1906-05-10,557.70450000000005
1906-05-11,561.9606
1906-05-14,558.11509999999998
1906-05-15,558.10209999999995
1906-05-16,561.87300000000005
1906-05-17,559.53150000000005
1906-05-18,557.33540000000005
1906-05-21,556.54629999999997
1906-05-22,555.99959999999999
1906-05-23,554.67679999999996
1906-05-24,560.38810000000001
1906-05-25,563.28570000000002
1906-05-28,561.86590000000001
1906-05-29,564.22990000000004
1906-05-31,565.04150000000004
1906-06-01,566.24120000000005
1906-06-04,571.95230000000004
1906-06-05,570.14440000000002
1906-06-06,572.02319999999997
1906-06-07,573.80499999999995
1906-06-08,572.82180000000005
1906-06-11,574.16690000000006
1906-06-12,573.03819999999996
1906-06-13,569.67809999999997
1906-06-14,566.26940000000002
1906-06-15,562.49980000000005
1906-06-18,554.69349999999997
1906-06-19,561.43460000000005
1906-06-20,565.77560000000005
1906-06-21,559.19380000000001
1906-06-22,561.62450000000001
1906-06-25,551.90809999999999
1906-06-26,553.84900000000005
1906-06-27,544.08370000000002
1906-06-28,549.15940000000001
1906-06-29,540.47170000000006
1906-07-02,531.83309999999994
1906-07-03,534.85170000000005
1906-07-05,536.25390000000004
1906-07-06,544.2192
1906-07-09,544.69069999999999
1906-07-10,541.88070000000005
1906-07-11,538.18910000000005
1906-07-12,533.66489999999999
1906-07-13,532.81410000000005
1906-07-16,540.09360000000004
1906-07-17,541.93650000000002
1906-07-18,538.93060000000003
1906-07-19,543.07550000000003
1906-07-20,547.85699999999997
1906-07-23,550.48350000000005
1906-07-24,547.42859999999996
1906-07-25,555.00170000000003
1906-07-26,558.55870000000004
1906-07-27,562.3116
1906-07-30,563.66459999999995
1906-07-31,567.46630000000005
1906-08-01,574.05970000000002
1906-08-02,575.51059999999995
1906-08-03,571.72109999999998
1906-08-06,574.34739999999999
1906-08-07,575.30849999999998
1906-08-08,573.38009999999997
1906-08-09,569.98260000000005
1906-08-10,571.82529999999997
1906-08-13,576.36149999999998
1906-08-14,577.42049999999995
1906-08-15,578.43060000000003
1906-08-16,575.71870000000001
1906-08-17,584.12369999999999
1906-08-20,599.18910000000005
1906-08-21,594.37130000000002
1906-08-22,591.16959999999995
1906-08-23,592.7183
1906-08-24,599.60500000000002
1906-08-27,595.27700000000004
1906-08-28,590.11649999999997
1906-08-29,594.65239999999994
1906-08-30,591.74469999999997
1906-08-31,590.84479999999996
1906-09-04,592.39340000000004
1906-09-05,594.28480000000002
1906-09-06,598.23310000000004
1906-09-07,595.91300000000001
1906-09-10,598.04920000000004
1906-09-11,592.20330000000001
1906-09-12,601.63620000000003
1906-09-13,598.14080000000001
1906-09-14,602.62760000000003
1906-09-17,602.70709999999997
1906-09-18,602.8845
1906-09-19,600.12379999999996
1906-09-20,603.72910000000002
1906-09-21,603.2337
1906-09-24,601.83799999999997
1906-09-25,594.80830000000003
1906-09-26,595.09280000000001
1906-09-27,593.74659999999994
1906-09-28,596.20569999999998
1906-10-01,600.74040000000002
1906-10-02,599.2953
1906-10-03,597.99839999999995
1906-10-04,596.2568
1906-10-05,600.59370000000001
1906-10-08,602.01499999999999
1906-10-09,602.84310000000005
1906-10-10,605.15380000000005
1906-10-11,605.58659999999998
1906-10-12,605.32759999999996
1906-10-15,601.5598
1906-10-16,602.0915
1906-10-17,599.11440000000005
1906-10-18,598.55889999999999
1906-10-19,591.62850000000003
1906-10-22,590.62819999999999
1906-10-23,589.13379999999995
1906-10-24,587.59000000000003
1906-10-25,582.5376
1906-10-26,583.0693
1906-10-29,586.07180000000005
1906-10-30,585.56579999999997
1906-10-31,580.41459999999995
1906-11-01,586.97500000000002
1906-11-02,589.68100000000004
1906-11-05,591.64570000000003
1906-11-07,589.36059999999998
1906-11-08,586.72969999999998
1906-11-09,585.77890000000002
1906-11-12,580.28200000000004
1906-11-13,584.1739
1906-11-14,591.57410000000004
1906-11-15,592.94590000000005
1906-11-16,597.28240000000005
1906-11-19,600.82820000000004
1906-11-20,599.97630000000004
1906-11-21,602.92909999999995
1906-11-22,602.423
1906-11-23,601.52160000000003
1906-11-26,596.22249999999997
1906-11-27,600.11419999999998
1906-11-28,600.39869999999996
1906-11-30,600.58439999999996
1906-12-03,603.68539999999996
1906-12-04,602.78409999999997
1906-12-05,601.43799999999999
1906-12-06,598.36249999999995
1906-12-07,603.29169999999999
1906-12-10,603.77390000000003
1906-12-11,607.36900000000003
1906-12-12,603.60180000000003
1906-12-13,596.12879999999996
1906-12-14,603.08370000000002
1906-12-17,598.37779999999998
1906-12-18,589.81780000000003
1906-12-19,581.99919999999997
1906-12-20,584.60599999999999
1906-12-21,586.35320000000002
1906-12-24,574.19069999999999
1906-12-26,575.09829999999999
1906-12-27,583.1893
1906-12-28,582.20129999999995
1906-12-31,581.76829999999995
1907-01-02,582.00250000000005
1907-01-03,581.70650000000001
1907-01-04,590.75810000000001
1907-01-07,591.69050000000004
1907-01-08,586.55560000000003
1907-01-09,585.45529999999997
1907-01-10,584.94730000000004
1907-01-11,581.67070000000001
1907-01-14,581.0942
1907-01-15,580.79200000000003
1907-01-16,574.91520000000003
1907-01-17,573.70899999999995
1907-01-18,563.58590000000004
1907-01-21,567.01880000000006
1907-01-22,567.93259999999998
1907-01-23,570.04989999999998
1907-01-24,570.18430000000001
1907-01-25,563.37860000000001
1907-01-28,555.98680000000002
1907-01-29,555.35429999999997
1907-01-30,551.55420000000004
1907-01-31,555.67930000000001
1907-02-01,547.57060000000001
1907-02-04,545.32939999999996
1907-02-05,551.17529999999999
1907-02-06,550.72360000000003
1907-02-07,556.66300000000001
1907-02-08,555.70010000000002
1907-02-11,557.05029999999999
1907-02-13,561.46199999999999
1907-02-14,557.49990000000003
1907-02-15,558.9624
1907-02-18,558.61670000000004
1907-02-19,554.96010000000001
1907-02-20,553.28639999999996
1907-02-21,551.45060000000001
1907-02-25,540.60519999999997
1907-02-26,542.95309999999995
1907-02-27,537.99360000000001
1907-02-28,544.35050000000001
1907-03-01,541.49220000000003
1907-03-04,527.62940000000003
1907-03-05,517.9316
1907-03-06,525.06780000000003
1907-03-07,518.14459999999997
1907-03-08,510.66019999999997
1907-03-11,514.71029999999996
1907-03-12,518.55449999999996
1907-03-13,496.66800000000001
1907-03-14,459.54419999999999
1907-03-15,489.01549999999997
1907-03-18,493.02359999999999
1907-03-19,488.22140000000002
1907-03-20,487.84969999999998
1907-03-21,491.40899999999999
1907-03-22,478.85219999999998
1907-03-25,454.02199999999999
1907-03-26,470.24040000000002
1907-03-27,471.54989999999998
1907-03-28,475.31150000000002
1907-03-29,487.35849999999999
1907-04-01,497.37040000000002
1907-04-02,494.88150000000002
1907-04-03,494.27589999999998
1907-04-04,503.4787
1907-04-05,509.66059999999999
1907-04-08,508.26499999999999
1907-04-09,507.51400000000001
1907-04-10,507.81849999999997
1907-04-11,504.7987
1907-04-12,503.20089999999999
1907-04-15,489.79790000000003
1907-04-16,498.08420000000001
1907-04-17,495.99349999999998
1907-04-18,498.28859999999997
1907-04-19,498.5804
1907-04-22,509.6155
1907-04-23,509.54070000000002
1907-04-24,505.00439999999998
1907-04-25,505.54899999999998
1907-04-26,503.7364
1907-04-29,509.50080000000003
1907-04-30,510.21600000000001
1907-05-01,507.31009999999998
1907-05-02,512.29719999999998
1907-05-03,513.08190000000002
1907-05-06,507.11739999999998
1907-05-07,503.44069999999999
1907-05-08,503.70089999999999
1907-05-09,501.35750000000002
1907-05-10,498.43920000000003
1907-05-13,503.52089999999998
1907-05-14,500.84899999999999
1907-05-15,499.42829999999998
1907-05-16,497.26830000000001
1907-05-17,495.67700000000002
1907-05-20,484.59440000000001
1907-05-21,477.31599999999997
1907-05-22,481.40559999999999
1907-05-23,478.79700000000003
1907-05-24,481.87549999999999
1907-05-27,467.084
1907-05-28,467.11680000000001
1907-05-29,473.36750000000001
1907-05-31,471.83949999999999
1907-06-03,466.11579999999998
1907-06-04,473.49119999999999
1907-06-05,471.60939999999999
1907-06-06,473.92959999999999
1907-06-07,478.25909999999999
1907-06-10,481.85570000000001
1907-06-11,477.11149999999998
1907-06-12,477.64980000000003
1907-06-13,475.93860000000001
1907-06-14,471.96539999999999
1907-06-17,472.3836
1907-06-18,472.39749999999998
1907-06-19,473.11270000000002
1907-06-20,472.35559999999998
1907-06-21,470.363
1907-06-24,473.79289999999997
1907-06-25,483.1465
1907-06-26,482.27289999999999
1907-06-27,486.721
1907-06-28,486.4622
1907-07-01,495.24560000000002
1907-07-02,491.62479999999999
1907-07-03,495.5924
1907-07-05,498.64440000000002
1907-07-08,501.63220000000001
1907-07-09,495.55239999999998
1907-07-10,488.80669999999998
1907-07-11,489.137
1907-07-12,490.99779999999998
1907-07-15,495.8811
1907-07-16,498.81760000000003
1907-07-17,494.2876
1907-07-18,496.37889999999999
1907-07-19,500.23750000000001
1907-07-22,500.14510000000001
1907-07-23,499.25880000000001
1907-07-24,503.21339999999998
1907-07-25,501.91719999999998
1907-07-26,502.25389999999999
1907-07-29,496.52659999999997
1907-07-30,496.74160000000001
1907-07-31,491.2577
1907-08-01,489.41730000000001
1907-08-02,491.80950000000001
1907-08-05,483.79000000000002
1907-08-06,477.85149999999999
1907-08-07,470.19069999999999
1907-08-08,472.46120000000002
1907-08-09,468.29649999999998
1907-08-12,447.22129999999999
1907-08-13,455.33789999999999
1907-08-14,442.4588
1907-08-15,446.79759999999999
1907-08-16,442.1977
1907-08-19,443.3734
1907-08-20,447.55840000000001
1907-08-21,444.24560000000002
1907-08-22,448.8981
1907-08-23,442.11489999999998
1907-08-26,448.44479999999999
1907-08-27,448.30149999999998
1907-08-28,452.94740000000002
1907-08-29,452.49029999999999
1907-08-30,457.00819999999999
1907-09-03,464.62490000000003
1907-09-04,460.81270000000001
1907-09-05,467.1232
1907-09-06,468.88780000000003
1907-09-09,467.89920000000001
1907-09-10,459.9126
1907-09-11,458.98160000000001
1907-09-12,454.66379999999998
1907-09-13,456.9982
1907-09-16,453.41660000000002
1907-09-17,458.79219999999998
1907-09-18,458.24540000000002
1907-09-19,461.64260000000002
1907-09-20,462.31360000000001
1907-09-23,460.75290000000001
1907-09-24,462.03579999999999
1907-09-25,460.1764
1907-09-26,457.09010000000001
1907-09-27,451.40039999999999
1907-09-30,451.76150000000001
1907-10-01,453.54430000000002
1907-10-02,450.8929
1907-10-03,450.74110000000002
1907-10-04,450.49180000000001
1907-10-07,451.17750000000001
1907-10-08,447.68869999999998
1907-10-09,439.1103
1907-10-10,439.87389999999999
1907-10-11,431.97730000000001
1907-10-14,423.9898
1907-10-15,425.12990000000002
1907-10-16,418.32400000000001
1907-10-17,420.02249999999998
1907-10-18,412.20400000000001
1907-10-21,419.95920000000001
1907-10-22,405.38940000000002
1907-10-23,397.11660000000001
1907-10-24,391.0899
1907-10-25,394.9307
1907-10-28,395.44779999999997
1907-10-29,385.2276
1907-10-30,392.06099999999998
1907-10-31,388.06630000000001
1907-11-01,388.99880000000002
1907-11-04,393.13170000000002
1907-11-06,393.98630000000003
1907-11-07,386.733
1907-11-08,390.06079999999997
1907-11-11,393.2133
1907-11-12,389.72519999999997
1907-11-13,386.8732
1907-11-14,382.89819999999997
1907-11-15,374.99590000000001
1907-11-18,385.90559999999999
1907-11-19,377.47120000000001
1907-11-20,375.26190000000003
1907-11-21,372.39049999999997
1907-11-22,372.3818
1907-11-25,374.30099999999999
1907-11-26,382.97739999999999
1907-11-27,385.93509999999998
1907-11-29,395.40339999999998
1907-12-02,408.67529999999999
1907-12-03,404.35640000000001
1907-12-04,411.51369999999997
1907-12-05,417.52199999999999
1907-12-06,419.6551
1907-12-09,411.31830000000002
1907-12-10,404.81209999999999
1907-12-11,404.25150000000002
1907-12-12,404.25569999999999
1907-12-13,399.6902
1907-12-16,398.60390000000001
1907-12-17,397.96550000000002
1907-12-18,401.75380000000001
1907-12-19,403.09500000000003
1907-12-20,409.5641
1907-12-23,405.9255
1907-12-24,403.95589999999999
1907-12-26,401.28039999999999
1907-12-27,408.07150000000001
1907-12-30,413.38479999999998
1907-12-31,409.64729999999997
1908-01-02,414.87479999999999
1908-01-03,418.84890000000001
1908-01-06,423.62110000000001
1908-01-07,423.16210000000001
1908-01-08,422.82190000000003
1908-01-09,433.10899999999998
1908-01-10,429.49680000000001
1908-01-13,440.87869999999998
1908-01-14,445.28140000000002
1908-01-15,444.71679999999998
1908-01-16,440.9529
1908-01-17,443.66669999999999
1908-01-20,439.1311
1908-01-21,434.05450000000002
1908-01-22,430.8646
1908-01-23,428.66419999999999
1908-01-24,425.86349999999999
1908-01-27,430.97190000000001
1908-01-28,434.20690000000002
1908-01-29,430.11340000000001
1908-01-30,430.81529999999998
1908-01-31,430.83789999999999
1908-02-03,424.93700000000001
1908-02-04,427.61130000000003
1908-02-05,422.291
1908-02-06,422.41250000000002
1908-02-07,418.95229999999998
1908-02-10,403.96879999999999
1908-02-11,405.50189999999998
1908-02-13,403.70409999999998
1908-02-14,410.44810000000001
1908-02-17,403.94729999999998
1908-02-18,405.81020000000001
1908-02-19,407.53460000000001
1908-02-20,410.40010000000001
1908-02-21,412.11790000000002
1908-02-24,410.762
1908-02-25,409.05000000000001
1908-02-26,408.83519999999999
1908-02-27,409.64929999999998
1908-02-28,413.49090000000001
1908-03-02,412.00970000000001
1908-03-03,411.63659999999999
1908-03-04,413.32130000000001
1908-03-05,413.97710000000001
1908-03-06,416.59190000000001
1908-03-09,430.23450000000003
1908-03-10,427.77050000000003
1908-03-11,432.12639999999999
1908-03-12,432.99979999999999
1908-03-13,437.42160000000001
1908-03-16,437.8399
1908-03-17,441.23270000000002
1908-03-18,435.0093
1908-03-19,437.77550000000002
1908-03-20,440.74430000000001
1908-03-23,448.41370000000001
1908-03-24,452.47219999999999
1908-03-25,455.01949999999999
1908-03-26,451.12079999999997
1908-03-27,456.06189999999998
1908-03-30,449.8897
1908-03-31,443.67090000000002
1908-04-01,445.69659999999999
1908-04-02,445.98379999999997
1908-04-03,442.63350000000003
1908-04-06,443.87020000000001
1908-04-07,444.74579999999997
1908-04-08,449.88069999999999
1908-04-09,454.27999999999997
1908-04-10,454.21280000000002
1908-04-13,450.9495
1908-04-14,453.1155
1908-04-15,451.35000000000002
1908-04-16,453.54270000000002
1908-04-20,450.79430000000002
1908-04-21,453.0539
1908-04-22,453.10039999999998
1908-04-23,458.2484
1908-04-24,465.01440000000002
1908-04-27,466.49160000000001
1908-04-28,469.88780000000003
1908-04-29,470.70310000000001
1908-04-30,466.26979999999998
1908-05-01,471.78539999999998
1908-05-04,470.79539999999997
1908-05-05,474.37869999999998
1908-05-06,477.98860000000002
1908-05-07,476.38350000000003
1908-05-08,480.12049999999999
1908-05-11,487.5548
1908-05-12,484.56569999999999
1908-05-13,489.55290000000002
1908-05-14,493.71100000000001
1908-05-15,495.73630000000003
1908-05-18,503.63159999999999
1908-05-19,496.72469999999998
1908-05-20,495.41379999999998
1908-05-21,498.64249999999998
1908-05-22,494.69740000000002
1908-05-25,489.46199999999999
1908-05-26,482.68900000000002
1908-05-27,481.59210000000002
1908-05-28,478.62990000000002
1908-05-29,481.98559999999998
1908-06-01,495.05529999999999
1908-06-02,495.44929999999999
1908-06-03,493.75729999999999
1908-06-04,486.0351
1908-06-05,488.30099999999999
1908-06-08,490.7072
1908-06-09,488.15289999999999
1908-06-10,490.33190000000002
1908-06-11,490.1977
1908-06-12,484.74200000000002
1908-06-15,485.89139999999998
1908-06-16,489.9622
1908-06-17,488.26369999999997
1908-06-18,489.9212
1908-06-19,482.85300000000001
1908-06-22,477.24799999999999
1908-06-23,477.35590000000002
1908-06-24,478.60090000000002
1908-06-25,481.93740000000003
1908-06-26,484.01499999999999
1908-06-29,487.26350000000002
1908-06-30,486.09879999999998
1908-07-01,486.6737
1908-07-02,486.38220000000001
1908-07-03,487.7287
1908-07-06,494.95699999999999
1908-07-07,496.89229999999998
1908-07-08,502.88869999999997
1908-07-09,504.82389999999998
1908-07-10,499.89600000000002
1908-07-13,502.38619999999997
1908-07-14,506.7987
1908-07-15,506.85910000000001
1908-07-16,506.7638
1908-07-17,507.44009999999997
1908-07-20,518.09960000000001
1908-07-21,514.47799999999995
1908-07-22,520.51469999999995
1908-07-23,525.06910000000005
1908-07-24,517.52869999999996
1908-07-27,519.28110000000004
1908-07-28,521.76440000000002
1908-07-29,521.48630000000003
1908-07-30,522.35879999999997
1908-07-31,527.28530000000001
1908-08-03,527.67729999999995
1908-08-04,531.88639999999998
1908-08-05,531.14800000000002
1908-08-06,537.02200000000005
1908-08-07,538.89599999999996
1908-08-10,546.11000000000001
1908-08-11,540.34299999999996
1908-08-12,543.46910000000003
1908-08-13,538.25720000000001
1908-08-14,529.35680000000002
1908-08-17,532.92960000000005
1908-08-18,533.84929999999997
1908-08-19,530.64750000000004
1908-08-20,531.94629999999995
1908-08-21,530.47699999999998
1908-08-24,530.11779999999999
1908-08-25,530.01559999999995
1908-08-26,535.53060000000005
1908-08-27,543.18409999999994
1908-08-28,543.26469999999995
1908-08-31,545.95069999999998
1908-09-01,545.923
1908-09-02,544.61620000000005
1908-09-03,538.3691
1908-09-04,544.17489999999998
1908-09-08,545.76459999999997
1908-09-09,548.5453
1908-09-10,546.65650000000005
1908-09-11,541.43820000000005
1908-09-14,545.8904
1908-09-15,539.53520000000003
1908-09-16,532.70640000000003
1908-09-17,525.09939999999995
1908-09-18,531.74199999999996
1908-09-21,514.95399999999995
1908-09-22,512.59969999999998
1908-09-23,518.9615
1908-09-24,526.66539999999998
1908-09-25,529.39829999999995
1908-09-28,525.05830000000003
1908-09-29,524.36779999999999
1908-09-30,527.68259999999998
1908-10-01,526.75930000000005
1908-10-02,533.59339999999997
1908-10-05,534.40229999999997
1908-10-06,536.08069999999998
1908-10-07,537.71799999999996
1908-10-08,531.75540000000001
1908-10-09,531.18809999999996
1908-10-12,537.96040000000005
1908-10-13,538.20090000000005
1908-10-14,538.83860000000004
1908-10-15,540.87289999999996
1908-10-16,540.3741
1908-10-19,538.41690000000006
1908-10-20,544.26480000000004
1908-10-21,548.01070000000004
1908-10-22,548.29920000000004
1908-10-23,545.81479999999999
1908-10-26,547.58209999999997
1908-10-27,551.3347
1908-10-28,547.53589999999997
1908-10-29,550.02200000000005
1908-10-30,550.36519999999996
1908-11-02,551.44780000000003
1908-11-04,562.50530000000003
1908-11-05,562.6499
1908-11-06,571.58510000000001
1908-11-09,574.87890000000004
1908-11-10,578.61090000000002
1908-11-11,576.44830000000002
1908-11-12,578.93420000000003
1908-11-13,584.93899999999996
1908-11-16,584.31679999999994
1908-11-17,586.38499999999999
1908-11-18,582.36720000000003
1908-11-19,578.6232
1908-11-20,579.28120000000001
1908-11-23,574.85260000000005
1908-11-24,583.52030000000002
1908-11-25,580.72109999999998
1908-11-27,585.9384
1908-11-30,584.95339999999999
1908-12-01,585.83040000000005
1908-12-02,582.86000000000001
1908-12-03,581.19730000000004
1908-12-04,585.59979999999996
1908-12-07,581.63
1908-12-08,585.95039999999995
1908-12-09,588.27179999999998
1908-12-10,589.08029999999997
1908-12-11,586.83569999999997
1908-12-14,584.91279999999995
1908-12-15,582.49030000000005
1908-12-16,586.20809999999994
1908-12-17,577.11800000000005
1908-12-18,577.53520000000003
1908-12-21,571.93780000000004
1908-12-22,581.23839999999996
1908-12-23,586.52560000000005
1908-12-24,587.08659999999998
1908-12-28,595.58439999999996
1908-12-29,592.33969999999999
1908-12-30,592.32640000000004
1908-12-31,595.08100000000002
1909-01-04,592.34140000000002
1909-01-05,588.14189999999996
1909-01-06,588.54380000000003
1909-01-07,596.84069999999997
1909-01-08,594.19110000000001
1909-01-11,587.40380000000005
1909-01-12,585.20399999999995
1909-01-13,584.51959999999997
1909-01-14,587.0249
1909-01-15,586.60339999999997
1909-01-18,590.02210000000002
1909-01-19,593.11559999999997
1909-01-20,591.22019999999998
1909-01-21,595.46910000000003
1909-01-22,593.33169999999996
1909-01-25,593.49130000000002
1909-01-26,592.90380000000005
1909-01-27,593.70000000000005
1909-01-28,589.06489999999997
1909-01-29,586.38080000000002
1909-02-01,583.31640000000004
1909-02-02,587.66200000000003
1909-02-03,587.1644
1909-02-04,587.42100000000005
1909-02-05,587.88509999999997
1909-02-08,589.86440000000005
1909-02-09,589.43600000000004
1909-02-10,590.6404
1909-02-11,593.47069999999997
1909-02-15,599.08240000000001
1909-02-16,598.1558
1909-02-17,595.69330000000002
1909-02-18,589.05190000000005
1909-02-19,587.9248
1909-02-23,564.7482
1909-02-24,573.77750000000003
1909-02-25,569.8691
1909-02-26,576.04110000000003
1909-03-01,581.40350000000001
1909-03-02,583.64570000000003
1909-03-03,579.9864
1909-03-04,576.55550000000005
1909-03-05,578.34789999999998
1909-03-08,579.2894
1909-03-09,576.68179999999995
1909-03-10,577.77549999999997
1909-03-11,576.99440000000004
1909-03-12,579.07039999999995
1909-03-15,577.48680000000002
1909-03-16,581.72130000000004
1909-03-17,585.20860000000005
1909-03-18,584.52430000000004
1909-03-19,582.55219999999997
1909-03-22,588.56960000000004
1909-03-23,586.24929999999995
1909-03-24,589.74639999999999
1909-03-25,590.17039999999997
1909-03-26,591.1123
1909-03-29,602.37289999999996
1909-03-30,601.84469999999999
1909-03-31,607.51189999999997
1909-04-01,608.07569999999998
1909-04-02,604.29939999999999
1909-04-05,613.57870000000003
1909-04-06,610.44640000000004
1909-04-07,611.9692
1909-04-08,615.2912
1909-04-12,617.07299999999998
1909-04-13,613.26170000000002
1909-04-14,614.81259999999997
1909-04-15,613.65430000000003
1909-04-16,608.12810000000002
1909-04-19,617.12699999999995
1909-04-20,618.21579999999994
1909-04-21,616.1336
1909-04-22,619.74239999999998
1909-04-23,616.72220000000004
1909-04-26,615.15800000000002
1909-04-27,614.65769999999998
1909-04-28,619.43539999999996
1909-04-29,618.91420000000005
1909-04-30,620.68889999999999
1909-05-03,624.33960000000002
1909-05-04,626.32429999999999
1909-05-05,624.75310000000002
1909-05-06,626.49279999999999
1909-05-07,631.99829999999997
1909-05-10,630.05610000000001
1909-05-11,634.49059999999997
1909-05-12,635.22230000000002
1909-05-13,636.29700000000003
1909-05-14,635.47479999999996
1909-05-17,633.29459999999995
1909-05-18,636.00019999999995
1909-05-19,636.7038
1909-05-20,633.38980000000004
1909-05-21,634.55539999999996
1909-05-24,637.90480000000002
1909-05-25,636.37570000000005
1909-05-26,633.89459999999997
1909-05-27,636.53009999999995
1909-05-28,638.24170000000004
1909-06-01,640.87009999999998
1909-06-02,640.99990000000003
1909-06-03,648.21979999999996
1909-06-04,652.35299999999995
1909-06-07,650.52279999999996
1909-06-08,652.1223
1909-06-09,650.90110000000004
1909-06-10,651.85670000000005
1909-06-11,652.69330000000002
1909-06-14,652.64790000000005
1909-06-15,645.47050000000002
1909-06-16,646.03420000000006
1909-06-17,639.8578
1909-06-18,641.44539999999995
1909-06-21,632.39909999999998
1909-06-22,633.68359999999996
1909-06-23,640.96140000000003
1909-06-24,644.93470000000002
1909-06-25,643.87710000000004
1909-06-28,644.93510000000003
1909-06-29,649.24789999999996
1909-06-30,646.61950000000002
1909-07-01,649.60209999999995
1909-07-02,651.42430000000002
1909-07-06,652.04359999999997
1909-07-07,652.64170000000001
1909-07-08,650.62180000000001
1909-07-09,649.93920000000003
1909-07-12,653.30380000000002
1909-07-13,650.87360000000001
1909-07-14,652.27120000000002
1909-07-15,653.49189999999999
1909-07-16,655.42010000000005
1909-07-19,658.5865
1909-07-20,660.96040000000005
1909-07-21,656.96659999999997
1909-07-22,657.62829999999997
1909-07-23,656.74749999999995
1909-07-26,657.94690000000003
1909-07-27,661.11329999999998
1909-07-28,662.93529999999998
1909-07-29,666.56849999999997
1909-07-30,670.62630000000001
1909-08-02,675.72410000000002
1909-08-03,677.2559
1909-08-04,676.92700000000002
1909-08-05,673.43560000000002
1909-08-06,680.64869999999996
1909-08-09,681.82680000000005
1909-08-10,681.90120000000002
1909-08-11,686.96339999999998
1909-08-12,688.92669999999998
1909-08-13,687.35260000000005
1909-08-16,686.79020000000003
1909-08-17,689.64490000000001
1909-08-18,683.59249999999997
1909-08-19,677.05899999999997
1909-08-20,676.5462
1909-08-23,684.41690000000006
1909-08-24,684.81669999999997
1909-08-25,678.73609999999996
1909-08-26,665.06439999999998
1909-08-27,670.40239999999994
1909-08-30,676.92880000000002
1909-08-31,675.8288
1909-09-01,673.17939999999999
1909-09-02,677.36410000000001
1909-09-03,678.78269999999998
1909-09-07,670.45249999999999
1909-09-08,668.52480000000003
1909-09-09,660.76779999999997
1909-09-10,673.73889999999994
1909-09-13,667.37570000000005
1909-09-14,672.63549999999998
1909-09-15,679.69929999999999
1909-09-16,683.95460000000003
1909-09-17,686.99069999999995
1909-09-20,688.86189999999999
1909-09-21,688.30989999999997
1909-09-22,681.65380000000005
1909-09-23,680.98030000000006
1909-09-24,680.57129999999995
1909-09-27,682.14930000000004
1909-09-28,688.94500000000005
1909-09-29,689.42229999999995
1909-09-30,687.34069999999997
1909-10-01,690.048
1909-10-04,690.11779999999999
1909-10-05,683.93359999999996
1909-10-06,682.95989999999995
1909-10-07,684.25199999999995
1909-10-08,678.73260000000005
1909-10-11,671.44069999999999
1909-10-13,672.78279999999995
1909-10-14,678.62059999999997
1909-10-15,681.86389999999994
1909-10-18,681.64070000000004
1909-10-19,678.86599999999999
1909-10-20,677.0204
1909-10-21,678.29100000000005
1909-10-22,670.31320000000005
1909-10-25,668.73220000000003
1909-10-26,664.76400000000001
1909-10-27,669.87260000000003
1909-10-28,673.07280000000003
1909-10-29,679.52499999999998
1909-11-01,680.89559999999994
1909-11-03,682.8809
1909-11-04,682.83630000000005
1909-11-05,680.755
1909-11-08,676.92259999999999
1909-11-09,673.26900000000001
1909-11-10,674.61810000000003
1909-11-11,672.92280000000005
1909-11-12,674.25049999999999
1909-11-15,674.91359999999997
1909-11-16,673.84709999999995
1909-11-17,675.86090000000002
1909-11-18,679.74710000000005
1909-11-19,681.19629999999995
1909-11-22,673.26909999999998
1909-11-23,671.49519999999995
1909-11-24,670.52880000000005
1909-11-26,675.82280000000003
1909-11-29,662.41449999999998
1909-11-30,661.91269999999997
1909-12-01,665.51300000000003
1909-12-02,663.04589999999996
1909-12-03,668.91150000000005
1909-12-06,670.51070000000004
1909-12-07,674.64689999999996
1909-12-08,674.36659999999995
1909-12-09,678.53840000000002
1909-12-10,676.26430000000005
1909-12-13,680.32180000000005
1909-12-14,678.2835
1909-12-15,679.66120000000001
1909-12-16,680.35979999999995
1909-12-17,682.5258
1909-12-20,682.13099999999997
1909-12-21,681.44730000000004
1909-12-22,681.37750000000005
1909-12-23,680.43389999999999
1909-12-24,681.49059999999997
1909-12-27,679.62990000000002
1909-12-28,680.93939999999998
1909-12-29,685.39009999999996
1909-12-30,685.47190000000001
1909-12-31,686.64409999999998
1910-01-03,681.86599999999999
1910-01-04,683.41369999999995
1910-01-05,675.89880000000005
1910-01-06,678.38530000000003
1910-01-07,679.33370000000002
1910-01-10,672.51220000000001
1910-01-11,669.39509999999996
1910-01-12,664.66049999999996
1910-01-13,667.58019999999999
1910-01-14,652.70749999999998
1910-01-17,651.61959999999999
1910-01-18,651.45600000000002
1910-01-19,645.14020000000005
1910-01-20,651.62710000000004
1910-01-21,656.87919999999997
1910-01-24,648.05060000000003
1910-01-25,636.17489999999998
1910-01-26,647.15300000000002
1910-01-27,641.88440000000003
1910-01-28,644.54420000000005
1910-01-31,645.92589999999996
1910-02-01,642.54909999999995
1910-02-02,637.94489999999996
1910-02-03,626.149
1910-02-04,628.7654
1910-02-07,619.05640000000005
1910-02-08,618.08420000000001
1910-02-09,630.92489999999998
1910-02-10,632.22720000000004
1910-02-11,637.65949999999998
1910-02-14,641.59709999999995
1910-02-15,639.00040000000001
1910-02-16,644.30269999999996
1910-02-17,646.71680000000003
1910-02-18,650.23559999999998
1910-02-21,647.24170000000004
1910-02-23,646.96990000000005
1910-02-24,652.50300000000004
1910-02-25,650.61379999999997
1910-02-28,649.89440000000002
1910-03-01,651.19650000000001
1910-03-02,655.97140000000002
1910-03-03,655.41800000000001
1910-03-04,655.54319999999996
1910-03-07,663.71879999999999
1910-03-08,665.12189999999998
1910-03-09,664.49630000000002
1910-03-10,663.21349999999995
1910-03-11,657.10789999999997
1910-03-14,659.36310000000003
1910-03-15,652.41279999999995
1910-03-16,649.20249999999999
1910-03-17,652.98099999999999
1910-03-18,656.72900000000004
1910-03-21,654.19110000000001
1910-03-22,655.18190000000004
1910-03-23,650.971
1910-03-24,651.1508
1910-03-28,642.81970000000001
1910-03-29,645.7319
1910-03-30,641.23630000000003
1910-03-31,642.61429999999996
1910-04-01,642.37040000000002
1910-04-04,642.43340000000001
1910-04-05,649.51689999999996
1910-04-06,651.17240000000004
1910-04-07,649.02189999999996
1910-04-08,641.4873
1910-04-11,651.62429999999995
1910-04-12,649.5249
1910-04-13,656.87130000000002
1910-04-14,658.87739999999997
1910-04-15,657.49390000000005
1910-04-18,654.86860000000001
1910-04-19,655.96159999999998
1910-04-20,648.53679999999997
1910-04-21,649.27919999999995
1910-04-22,645.96720000000005
1910-04-25,637.63679999999999
1910-04-26,638.30610000000001
1910-04-27,633.64279999999997
1910-04-28,624.14369999999997
1910-04-29,631.48979999999995
1910-05-02,620.15719999999999
1910-05-03,617.74390000000005
1910-05-04,628.6182
1910-05-05,634.75149999999996
1910-05-06,629.15340000000003
1910-05-09,638.19399999999996
1910-05-10,642.7713
1910-05-11,642.96579999999994
1910-05-12,642.48099999999999
1910-05-13,643.8442
1910-05-16,644.42579999999998
1910-05-17,643.02790000000005
1910-05-18,641.73950000000002
1910-05-19,645.3306
1910-05-20,650.81349999999998
1910-05-23,647.23889999999994
1910-05-24,649.31060000000002
1910-05-25,643.86599999999999
1910-05-26,645.74779999999998
1910-05-27,644.01390000000004
1910-05-31,632.21469999999999
1910-06-01,626.2079
1910-06-02,624.23299999999995
1910-06-03,610.11120000000005
1910-06-06,604.97379999999998
1910-06-07,620.65329999999994
1910-06-08,619.86180000000002
1910-06-09,623.02909999999997
1910-06-10,616.80330000000004
1910-06-13,618.68510000000003
1910-06-14,620.99789999999996
1910-06-15,619.64400000000001
1910-06-16,620.96339999999998
1910-06-17,622.14570000000003
1910-06-20,628.1934
1910-06-21,627.30309999999997
1910-06-22,633.39509999999996
1910-06-23,630.81100000000004
1910-06-24,624.46960000000001
1910-06-27,612.33680000000004
1910-06-28,611.27650000000006
1910-06-29,599.80949999999996
1910-06-30,594.08219999999994
1910-07-01,596.92719999999997
1910-07-05,588.52239999999995
1910-07-06,590.91629999999998
1910-07-07,593.86479999999995
1910-07-08,593.58860000000004
1910-07-11,598.38610000000006
1910-07-12,592.85860000000002
1910-07-13,598.15909999999997
1910-07-14,603.17100000000005
1910-07-15,600.69809999999995
1910-07-18,597.93679999999995
1910-07-19,599.38390000000004
1910-07-20,599.04849999999999
1910-07-21,591.80529999999999
1910-07-22,584.2441
1910-07-25,571.73509999999999
1910-07-26,557.06669999999997
1910-07-27,571.03499999999997
1910-07-28,586.12729999999999
1910-07-29,583.1739
1910-08-01,573.46820000000002
1910-08-02,584.61099999999999
1910-08-03,582.07180000000005
1910-08-04,581.67729999999995
1910-08-05,584.36680000000001
1910-08-08,587.96590000000003
1910-08-09,596.45349999999996
1910-08-10,594.54290000000003
1910-08-11,594.17790000000002
1910-08-12,600.85350000000005
1910-08-15,600.83609999999999
1910-08-16,609.5453
1910-08-17,612.85590000000002
1910-08-18,606.15300000000002
1910-08-19,604.2645
1910-08-22,596.8297
1910-08-23,598.38009999999997
1910-08-24,593.31920000000002
1910-08-25,590.36590000000001
1910-08-26,595.53269999999998
1910-08-29,598.18489999999997
1910-08-30,598.0566
1910-08-31,597.78779999999995
1910-09-01,591.69910000000004
1910-09-02,591.78530000000001
1910-09-06,589.54939999999999
1910-09-07,591.84670000000006
1910-09-08,591.17859999999996
1910-09-09,592.70680000000004
1910-09-12,595.98760000000004
1910-09-13,601.72349999999994
1910-09-14,600.2346
1910-09-15,593.58399999999995
1910-09-16,594.96780000000001
1910-09-19,596.09900000000005
1910-09-20,596.42819999999995
1910-09-21,603.4873
1910-09-22,601.68809999999996
1910-09-23,599.38699999999994
1910-09-26,604.4375
1910-09-27,604.2346
1910-09-28,604.13670000000002
1910-09-29,605.89729999999997
1910-09-30,609.35889999999995
1910-10-03,614.49180000000001
1910-10-04,615.99000000000001
1910-10-05,611.62800000000004
1910-10-06,615.87639999999999
1910-10-07,616.2355
1910-10-10,619.35239999999999
1910-10-11,621.32270000000005
1910-10-13,628.48609999999996
1910-10-14,632.44219999999996
1910-10-17,637.21510000000001
1910-10-18,639.86720000000003
1910-10-19,635.06309999999996
1910-10-20,640.03819999999996
1910-10-21,636.4556
1910-10-24,632.97050000000002
1910-10-25,631.18640000000005
1910-10-26,630.14409999999998
1910-10-27,635.41139999999996
1910-10-28,634.69140000000004
1910-10-31,631.90319999999997
1910-11-01,633.89580000000001
1910-11-02,635.37139999999999
1910-11-03,638.19569999999999
1910-11-04,635.75220000000002
1910-11-07,637.13789999999995
1910-11-09,627.83810000000005
1910-11-10,624.05340000000001
1910-11-11,623.87300000000005
1910-11-14,628.69050000000004
1910-11-15,631.9194
1910-11-16,633.53729999999996
1910-11-17,629.11580000000004
1910-11-18,633.17639999999994
1910-11-21,631.53480000000002
1910-11-22,631.52660000000003
1910-11-23,632.76239999999996
1910-11-25,634.24530000000004
1910-11-28,621.43169999999998
1910-11-29,623.93380000000002
1910-11-30,616.00570000000005
1910-12-01,611.43449999999996
1910-12-02,607.52269999999999
1910-12-05,610.83389999999997
1910-12-06,603.16079999999999
1910-12-07,607.36369999999999
1910-12-08,608.89170000000001
1910-12-09,612.65250000000003
1910-12-12,611.49059999999997
1910-12-13,611.11540000000002
1910-12-14,614.46400000000006
1910-12-15,614.57590000000005
1910-12-16,615.17819999999995
1910-12-19,621.67020000000002
1910-12-20,619.61469999999997
1910-12-21,619.34299999999996
1910-12-22,616.58150000000001
1910-12-23,616.05179999999996
1910-12-27,612.81209999999999
1910-12-28,613.77779999999996
1910-12-29,620.07979999999998
1910-12-30,619.67909999999995
1911-01-03,625.27520000000004
1911-01-04,624.83659999999998
1911-01-05,625.79459999999995
1911-01-06,627.36749999999995
1911-01-09,628.45450000000005
1911-01-10,626.6191
1911-01-11,624.48019999999997
1911-01-12,626.4325
1911-01-13,633.64520000000005
1911-01-16,631.84019999999998
1911-01-17,639.60680000000002
1911-01-18,638.50009999999997
1911-01-19,639.73130000000003
1911-01-20,639.55070000000001
1911-01-23,636.61469999999997
1911-01-24,638.6277
1911-01-25,636.27620000000002
1911-01-26,638.52449999999999
1911-01-27,642.29840000000002
1911-01-30,646.4366
1911-01-31,648.31290000000001
1911-02-01,651.55539999999996
1911-02-02,654.09190000000001
1911-02-03,651.44449999999995
1911-02-06,653.52570000000003
1911-02-07,655.47029999999995
1911-02-08,653.53629999999998
1911-02-09,654.25120000000004
1911-02-10,653.28120000000001
1911-02-14,653.75329999999997
1911-02-15,653.67129999999997
1911-02-16,646.24990000000003
1911-02-17,649.7124
1911-02-20,653.90340000000003
1911-02-21,653.17619999999999
1911-02-23,654.07330000000002
1911-02-24,642.88750000000005
1911-02-27,642.2894
1911-02-28,645.2509
1911-03-01,643.5068
1911-03-02,634.10479999999995
1911-03-03,633.57510000000002
1911-03-06,635.9067
1911-03-07,638.17750000000001
1911-03-08,635.38620000000003
1911-03-09,635.65340000000003
1911-03-10,636.85410000000002
1911-03-13,639.0566
1911-03-14,645.66849999999999
1911-03-15,646.20129999999995
1911-03-16,644.03229999999996
1911-03-17,640.68029999999999
1911-03-20,647.02599999999995
1911-03-21,646.57740000000001
1911-03-22,645.45249999999999
1911-03-23,645.55740000000003
1911-03-24,644.47090000000003
1911-03-27,647.4194
1911-03-28,650.83669999999995
1911-03-29,648.45910000000003
1911-03-30,650.00109999999995
1911-03-31,645.61760000000004
1911-04-03,646.38340000000005
1911-04-04,647.87159999999994
1911-04-05,647.03880000000004
1911-04-06,646.88229999999999
1911-04-07,645.41930000000002
1911-04-10,645.40890000000002
1911-04-11,644.16880000000003
1911-04-12,644.99599999999998
1911-04-13,645.13160000000005
1911-04-17,643.60709999999995
1911-04-18,636.70309999999995
1911-04-19,639.86659999999995
1911-04-20,639.68709999999999
1911-04-21,639.00040000000001
1911-04-24,640.15809999999999
1911-04-25,641.43100000000004
1911-04-26,643.29570000000001
1911-04-27,643.87699999999995
1911-04-28,647.94719999999995
1911-05-01,656.0213
1911-05-02,654.22789999999998
1911-05-03,656.53819999999996
1911-05-04,650.572
1911-05-05,650.60000000000002
1911-05-08,649.95159999999998
1911-05-09,649.97190000000001
1911-05-10,648.87019999999995
1911-05-11,651.89520000000005
1911-05-12,650.51679999999999
1911-05-15,650.16060000000004
1911-05-16,661.36189999999999
1911-05-17,666.13109999999995
1911-05-18,668.81780000000003
1911-05-19,667.27809999999999
1911-05-22,670.11080000000004
1911-05-23,670.00040000000001
1911-05-24,666.58569999999997
1911-05-25,665.46090000000004
1911-05-26,666.51850000000002
1911-05-29,669.47410000000002
1911-05-31,667.02760000000001
1911-06-01,671.93499999999995
1911-06-02,675.35929999999996
1911-06-05,676.47829999999999
1911-06-06,675.99130000000002
1911-06-07,679.30790000000002
1911-06-08,678.80560000000003
1911-06-09,678.80259999999998
1911-06-12,680.92060000000004
1911-06-13,681.1789
1911-06-14,681.41420000000005
1911-06-15,678.76030000000003
1911-06-16,677.91510000000005
1911-06-19,680.22220000000004
1911-06-20,677.96370000000002
1911-06-21,677.33079999999995
1911-06-22,674.41920000000005
1911-06-23,677.48059999999998
1911-06-26,680.99300000000005
1911-06-27,681.93119999999999
1911-06-28,679.02729999999997
1911-06-29,681.12429999999995
1911-06-30,679.33270000000005
1911-07-03,675.67449999999997
1911-07-05,671.42520000000002
1911-07-06,676.22860000000003
1911-07-07,677.649
1911-07-10,678.6182
1911-07-11,681.19730000000004
1911-07-12,680.40890000000002
1911-07-13,681.43259999999998
1911-07-14,680.65189999999996
1911-07-17,678.15260000000001
1911-07-18,684.54240000000004
1911-07-19,685.76819999999998
1911-07-20,683.92999999999995
1911-07-21,686.52449999999999
1911-07-24,684.3596
1911-07-25,683.36900000000003
1911-07-26,683.66160000000002
1911-07-27,680.08130000000006
1911-07-28,679.33960000000002
1911-07-31,682.90620000000001
1911-08-01,677.553
1911-08-02,671.41430000000003
1911-08-03,669.01620000000003
1911-08-04,659.96910000000003
1911-08-07,661.5761
1911-08-08,657.77049999999997
1911-08-09,650.44219999999996
1911-08-10,647.60879999999997
1911-08-11,641.31489999999997
1911-08-14,646.34349999999995
1911-08-15,645.04200000000003
1911-08-16,636.26750000000004
1911-08-17,637.53229999999996
1911-08-18,643.28399999999999
1911-08-21,639.9529
1911-08-22,640.15239999999994
1911-08-23,639.72190000000001
1911-08-24,634.16700000000003
1911-08-25,630.60270000000003
1911-08-28,631.30759999999998
1911-08-29,629.34529999999995
1911-08-30,628.93820000000005
1911-08-31,630.85619999999994
1911-09-01,631.53779999999995
1911-09-05,635.71069999999997
1911-09-06,638.31290000000001
1911-09-07,631.94939999999997
1911-09-08,627.16449999999998
1911-09-11,623.8338
1911-09-12,625.00519999999995
1911-09-13,619.16290000000004
1911-09-14,620.38879999999995
1911-09-15,620.10299999999995
1911-09-18,626.53340000000003
1911-09-19,620.49599999999998
1911-09-20,618.60410000000002
1911-09-21,614.37159999999994
1911-09-22,613.01559999999995
1911-09-25,607.96360000000004
1911-09-26,610.51639999999998
1911-09-27,607.52919999999995
1911-09-28,615.63800000000003
1911-09-29,614.47119999999995
1911-10-02,621.26379999999995
1911-10-03,621.28700000000003
1911-10-04,620.78210000000001
1911-10-05,623.55560000000003
1911-10-06,622.42809999999997
1911-10-09,623.55449999999996
1911-10-10,625.61080000000004
1911-10-11,628.06899999999996
1911-10-13,632.98580000000004
1911-10-16,636.11369999999999
1911-10-17,635.90039999999999
1911-10-18,633.6934
1911-10-19,635.01679999999999
1911-10-20,637.60090000000002
1911-10-23,635.59090000000003
1911-10-24,636.26020000000005
1911-10-25,636.68510000000003
1911-10-26,634.81700000000001
1911-10-27,625.91980000000001
1911-10-30,630.08789999999999
1911-10-31,634.35040000000004
1911-11-01,644.2944
1911-11-02,644.97149999999999
1911-11-03,646.33420000000001
1911-11-06,652.91330000000005
1911-11-08,648.53150000000005
1911-11-09,659.21600000000001
1911-11-10,663.65949999999998
1911-11-13,657.06349999999998
1911-11-14,655.83370000000002
1911-11-15,653.97339999999997
1911-11-16,656.66759999999999
1911-11-17,662.08820000000003
1911-11-20,657.75379999999996
1911-11-21,662.78030000000001
1911-11-22,663.84339999999997
1911-11-23,669.54750000000001
1911-11-24,665.68589999999995
1911-11-27,663.95960000000002
1911-11-28,664.56569999999999
1911-11-29,660.21559999999999
1911-12-01,656.03089999999997
1911-12-04,659.50509999999997
1911-12-05,657.28250000000003
1911-12-06,653.61800000000005
1911-12-07,650.88319999999999
1911-12-08,649.8347
1911-12-11,657.86300000000006
1911-12-12,658.50840000000005
1911-12-13,663.3614
1911-12-14,663.06129999999996
1911-12-15,664.46559999999999
1911-12-18,663.65629999999999
1911-12-19,666.1028
1911-12-20,664.9982
1911-12-21,664.149
1911-12-22,664.58450000000005
1911-12-26,664.61300000000006
1911-12-27,662.90200000000004
1911-12-28,659.19600000000003
1911-12-29,661.68240000000003
1912-01-02,665.60500000000002
1912-01-03,663.93389999999999
1912-01-04,663.76300000000003
1912-01-05,662.96969999999999
1912-01-08,663.43709999999999
1912-01-09,656.41970000000003
1912-01-10,660.50990000000002
1912-01-11,658.99839999999995
1912-01-12,660.91819999999996
1912-01-15,658.69659999999999
1912-01-16,661.4701
1912-01-17,661.33119999999997
1912-01-18,660.13890000000004
1912-01-19,665.19449999999995
1912-01-22,665.78160000000003
1912-01-23,665.24360000000001
1912-01-24,663.70820000000003
1912-01-25,664.94960000000003
1912-01-26,664.75480000000005
1912-01-29,659.47720000000004
1912-01-30,661.89160000000004
1912-01-31,655.41719999999998
1912-02-01,656.33950000000004
1912-02-02,656.46379999999999
1912-02-05,655.61469999999997
1912-02-06,657.22310000000004
1912-02-07,659.0231
1912-02-08,659.91330000000005
1912-02-09,660.0616
1912-02-13,659.81100000000004
1912-02-14,660.08690000000001
1912-02-15,661.85490000000004
1912-02-16,659.69719999999995
1912-02-19,661.67259999999999
1912-02-20,662.29160000000002
1912-02-21,659.5915
1912-02-23,662.34079999999994
1912-02-26,659.95190000000002
1912-02-27,660.23580000000004
1912-02-28,664.3175
1912-02-29,663.65189999999996
1912-03-01,666.39319999999998
1912-03-04,668.87909999999999
1912-03-05,669.84900000000005
1912-03-06,668.80050000000006
1912-03-07,673.36080000000004
1912-03-08,674.02750000000003
1912-03-11,671.3673
1912-03-12,672.76009999999997
1912-03-13,674.35239999999999
1912-03-14,679.6626
1912-03-15,680.32839999999999
1912-03-18,679.6472
1912-03-19,680.8732
1912-03-20,687.8288
1912-03-21,687.67280000000005
1912-03-22,689.89279999999997
1912-03-25,694.48050000000001
1912-03-26,695.60940000000005
1912-03-27,694.30589999999995
1912-03-28,694.49749999999995
1912-03-29,696.62040000000002
1912-04-01,699.86659999999995
1912-04-02,698.74890000000005
1912-04-03,699.42529999999999
1912-04-04,704.13409999999999
1912-04-08,707.5498
1912-04-09,711.69280000000003
1912-04-10,708.23170000000005
1912-04-11,708.18880000000001
1912-04-12,703.21659999999997
1912-04-15,708.66869999999994
1912-04-16,704.57740000000001
1912-04-17,706.3365
1912-04-18,705.59870000000001
1912-04-19,705.0548
1912-04-22,702.62009999999998
1912-04-23,709.3972
1912-04-24,707.80290000000002
1912-04-25,714.94359999999995
1912-04-26,717.57539999999995
1912-04-29,716.44159999999999
1912-04-30,714.12009999999998
1912-05-01,713.59230000000002
1912-05-02,715.26250000000005
1912-05-03,704.54539999999997
1912-05-06,699.00800000000004
1912-05-07,701.73670000000004
1912-05-08,701.77470000000005
1912-05-09,703.15390000000002
1912-05-10,707.18340000000001
1912-05-13,711.29380000000003
1912-05-14,714.16780000000006
1912-05-15,714.17340000000002
1912-05-16,710.17930000000001
1912-05-17,711.72820000000002
1912-05-20,713.97199999999998
1912-05-21,714.23620000000005
1912-05-22,710.70270000000005
1912-05-23,710.34469999999999
1912-05-24,712.36220000000003
1912-05-27,711.38199999999995
1912-05-28,711.16139999999996
1912-05-29,708.93690000000004
1912-05-31,698.39030000000002
1912-06-03,701.45820000000003
1912-06-04,705.90769999999998
1912-06-05,713.13660000000004
1912-06-06,714.59649999999999
1912-06-07,712.09739999999999
1912-06-10,711.00419999999997
1912-06-11,706.00049999999999
1912-06-12,707.07259999999997
1912-06-13,707.99120000000005
1912-06-14,704.15909999999997
1912-06-17,706.40269999999998
1912-06-18,705.98810000000003
1912-06-19,707.77930000000003
1912-06-20,712.7133
1912-06-21,712.42619999999999
1912-06-24,708.84320000000002
1912-06-25,708.81859999999995
1912-06-26,715.88610000000006
1912-06-27,714.47900000000004
1912-06-28,714.66700000000003
1912-07-01,715.5258
1912-07-02,717.35799999999995
1912-07-03,717.70960000000002
1912-07-05,710.91210000000001
1912-07-08,707.59109999999998
1912-07-09,706.20860000000005
1912-07-10,701.42340000000002
1912-07-11,705.43960000000004
1912-07-12,699.14120000000003
1912-07-15,702.80560000000003
1912-07-16,705.57029999999997
1912-07-17,710.01170000000002
1912-07-18,710.77229999999997
1912-07-19,713.16880000000003
1912-07-22,712.80880000000002
1912-07-23,710.07680000000005
1912-07-24,709.77409999999998
1912-07-25,714.00279999999998
1912-07-26,713.85540000000003
1912-07-29,710.81259999999997
1912-07-30,712.20299999999997
1912-07-31,717.44579999999996
1912-08-01,723.70280000000002
1912-08-02,722.50850000000003
1912-08-05,723.678
1912-08-06,722.32830000000001
1912-08-07,725.64890000000003
1912-08-08,724.67550000000006
1912-08-09,727.52980000000002
1912-08-12,732.89509999999996
1912-08-13,734.85789999999997
1912-08-14,738.1866
1912-08-15,735.14380000000006
1912-08-16,735.56899999999996
1912-08-19,733.45039999999995
1912-08-20,735.11059999999998
1912-08-21,734.11260000000004
1912-08-22,729.11519999999996
1912-08-23,729.69569999999999
1912-08-26,729.79369999999994
1912-08-27,734.88890000000004
1912-08-28,732.61500000000001
1912-08-29,732.39400000000001
1912-08-30,731.48599999999999
1912-09-03,724.34590000000003
1912-09-04,724.78750000000002
1912-09-05,729.75990000000002
1912-09-06,727.52700000000004
1912-09-09,726.55359999999996
1912-09-10,725.63750000000005
1912-09-11,722.17790000000002
1912-09-12,722.93020000000001
1912-09-13,724.14859999999999
1912-09-16,725.39160000000004
1912-09-17,732.51469999999995
1912-09-18,731.91750000000002
1912-09-19,731.87639999999999
1912-09-20,738.67079999999999
1912-09-23,741.81640000000004
1912-09-24,744.3578
1912-09-25,743.79470000000003
1912-09-26,743.24810000000002
1912-09-27,747.00639999999999
1912-09-30,747.74300000000005
1912-10-01,747.59389999999996
1912-10-02,744.67139999999995
1912-10-03,748.71100000000001
1912-10-04,746.85649999999998
1912-10-07,748.02350000000001
1912-10-08,748.51170000000002
1912-10-09,745.57270000000005
1912-10-10,746.89700000000005
1912-10-11,736.76430000000005
1912-10-14,735.40660000000003
1912-10-15,738.68460000000005
1912-10-16,744.04870000000005
1912-10-17,742.25220000000002
1912-10-18,743.03009999999995
1912-10-21,734.56150000000002
1912-10-22,735.24009999999998
1912-10-23,729.68539999999996
1912-10-24,729.65219999999999
1912-10-25,727.17700000000002
1912-10-28,731.44820000000004
1912-10-29,723.12879999999996
1912-10-30,725.23950000000002
1912-10-31,727.65650000000005
1912-11-01,727.59019999999998
1912-11-04,728.46759999999995
1912-11-06,741.10749999999996
1912-11-07,738.46669999999995
1912-11-08,735.23000000000002
1912-11-11,723.41780000000006
1912-11-12,729.07129999999995
1912-11-13,728.11929999999995
1912-11-14,731.17349999999999
1912-11-15,729.13720000000001
1912-11-18,729.06259999999997
1912-11-19,727.91189999999995
1912-11-20,729.70799999999997
1912-11-21,735.46889999999996
1912-11-22,733.20069999999998
1912-11-25,725.87519999999995
1912-11-26,729.0453
1912-11-27,728.80510000000004
1912-11-29,731.94209999999998
1912-12-02,729.61609999999996
1912-12-03,727.13279999999997
1912-12-04,721.66150000000005
1912-12-05,716.70349999999996
1912-12-06,716.23159999999996
1912-12-09,704.11389999999994
1912-12-10,704.85050000000001
1912-12-11,698.23720000000003
1912-12-12,702.51639999999998
1912-12-13,703.02120000000002
1912-12-16,705.16489999999999
1912-12-17,703.33569999999997
1912-12-18,700.91060000000004
1912-12-19,706.81190000000004
1912-12-20,713.68089999999995
1912-12-23,708.63890000000004
1912-12-24,709.72519999999997
1912-12-26,709.8809
1912-12-27,708.27610000000004
1912-12-30,706.73009999999999
1912-12-31,711.63909999999998
1913-01-02,716.3972
1913-01-03,711.88350000000003
1913-01-06,710.06079999999997
1913-01-07,714.95299999999997
1913-01-08,716.16499999999996
1913-01-09,719.56489999999997
1913-01-10,718.06910000000005
1913-01-13,705.54129999999998
1913-01-14,697.97630000000004
1913-01-15,697.56200000000001
1913-01-16,699.75480000000005
1913-01-17,698.33460000000002
1913-01-20,686.5951
1913-01-21,693.54100000000005
1913-01-22,698.64260000000002
1913-01-23,695.68830000000003
1913-01-24,690.58810000000005
1913-01-27,691.93420000000003
1913-01-28,695.93769999999995
1913-01-29,695.85029999999995
1913-01-30,699.13279999999997
1913-01-31,698.78560000000004
1913-02-03,696.26729999999998
1913-02-04,695.87819999999999
1913-02-05,693.43539999999996
1913-02-06,693.09649999999999
1913-02-07,695.26409999999998
1913-02-10,690.3904
1913-02-11,685.81849999999997
1913-02-13,679.6875
1913-02-14,681.8886
1913-02-17,673.31010000000003
1913-02-18,668.84730000000002
1913-02-19,674.11630000000002
1913-02-20,672.69629999999995
1913-02-21,670.65599999999995
1913-02-24,667.23270000000002
1913-02-25,663.25620000000004
1913-02-26,671.77729999999997
1913-02-27,676.14089999999999
1913-02-28,673.9665
1913-03-03,680.3836
1913-03-04,676.24789999999996
1913-03-05,680.5779
1913-03-06,678.22749999999996
1913-03-07,673.94100000000003
1913-03-10,664.2482
1913-03-11,668.87149999999997
1913-03-12,668.20590000000004
1913-03-13,671.42110000000002
1913-03-14,670.34479999999996
1913-03-17,666.2595
1913-03-18,663.23040000000003
1913-03-19,663.14319999999998
1913-03-20,662.70529999999997
1913-03-24,667.24980000000005
1913-03-25,674.93020000000001
1913-03-26,675.94780000000003
1913-03-27,672.48680000000002
1913-03-28,678.01700000000005
1913-03-31,681.75400000000002
1913-04-01,689.37469999999996
1913-04-02,687.91920000000005
1913-04-03,691.58820000000003
1913-04-04,696.43830000000003
1913-04-07,689.25509999999997
1913-04-08,693.61239999999998
1913-04-09,690.78880000000004
1913-04-10,689.57129999999995
1913-04-11,685.46460000000002
1913-04-14,685.95529999999997
1913-04-15,682.05250000000001
1913-04-16,683.40139999999997
1913-04-17,684.90329999999994
1913-04-18,682.67470000000003
1913-04-21,686.88729999999998
1913-04-22,685.279
1913-04-23,684.03610000000003
1913-04-24,678.46789999999999
1913-04-25,673.40970000000004
1913-04-28,669.68550000000005
1913-04-29,663.20820000000003
1913-04-30,662.07590000000005
1913-05-01,669.56010000000003
1913-05-02,667.67150000000004
1913-05-05,673.10770000000002
1913-05-06,667.19989999999996
1913-05-07,669.66189999999995
1913-05-08,668.94600000000003
1913-05-09,668.35749999999996
1913-05-12,664.42110000000002
1913-05-13,667.52049999999997
1913-05-14,664.72270000000003
1913-05-15,663.35249999999996
1913-05-16,666.13739999999996
1913-05-19,665.64239999999995
1913-05-20,668.1979
1913-05-21,668.00030000000004
1913-05-22,671.68579999999997
1913-05-23,671.7432
1913-05-26,673.08349999999996
1913-05-27,670.59169999999995
1913-05-28,665.10900000000004
1913-05-29,663.21209999999996
1913-06-02,652.62289999999996
1913-06-03,648.75469999999996
1913-06-04,642.07420000000002
1913-06-05,638.98779999999999
1913-06-06,643.18309999999997
1913-06-09,633.82619999999997
1913-06-10,622.34519999999998
1913-06-11,619.01250000000005
1913-06-12,636.07169999999996
1913-06-13,637.48860000000002
1913-06-16,639.96749999999997
1913-06-17,642.65030000000002
1913-06-18,648.58730000000003
1913-06-19,645.90880000000004
1913-06-20,642.59100000000001
1913-06-23,638.00559999999996
1913-06-24,645.08270000000005
1913-06-25,645.10889999999995
1913-06-26,643.14390000000003
1913-06-27,640.62720000000002
1913-06-30,641.09289999999999
1913-07-01,646.04089999999997
1913-07-02,645.91200000000003
1913-07-03,646.07600000000002
1913-07-07,643.56799999999998
1913-07-08,642.63739999999996
1913-07-09,640.69830000000002
1913-07-10,642.43110000000001
1913-07-11,641.64700000000005
1913-07-14,642.43169999999998
1913-07-15,645.41430000000003
1913-07-16,652.28409999999997
1913-07-17,650.50019999999995
1913-07-18,655.78409999999997
1913-07-21,661.17129999999997
1913-07-22,661.7835
1913-07-23,659.90480000000002
1913-07-24,664.5163
1913-07-25,664.94740000000002
1913-07-28,669.23130000000003
1913-07-29,668.48159999999996
1913-07-30,664.51710000000003
1913-07-31,662.91430000000003
1913-08-01,660.29430000000002
1913-08-04,664.98329999999999
1913-08-05,669.23260000000005
1913-08-06,667.06949999999995
1913-08-07,670.40520000000004
1913-08-08,669.97450000000003
1913-08-11,672.90499999999997
1913-08-12,678.13679999999999
1913-08-13,679.14530000000002
1913-08-14,676.00829999999996
1913-08-15,669.36350000000004
1913-08-18,673.6472
1913-08-19,672.78549999999996
1913-08-20,675.28510000000006
1913-08-21,672.94100000000003
1913-08-22,673.55309999999997
1913-08-25,674.98389999999995
1913-08-26,674.88930000000005
1913-08-27,673.16579999999999
1913-08-28,680.24159999999995
1913-08-29,680.50900000000001
1913-09-02,675.34680000000003
1913-09-03,670.82240000000002
1913-09-04,670.33140000000003
1913-09-05,675.07159999999999
1913-09-08,674.68389999999999
1913-09-09,676.23540000000003
1913-09-10,682.42330000000004
1913-09-11,682.05290000000002
1913-09-12,689.64549999999997
1913-09-15,690.72289999999998
1913-09-16,693.31700000000001
1913-09-17,688.91330000000005
1913-09-18,691.99000000000001
1913-09-19,690.89149999999995
1913-09-22,692.86839999999995
1913-09-23,691.60429999999997
1913-09-24,687.89400000000001
1913-09-25,686.54259999999999
1913-09-26,687.53250000000003
1913-09-29,683.19330000000002
1913-09-30,679.125
1913-10-01,682.16780000000006
1913-10-02,685.78710000000001
1913-10-03,682.077
1913-10-06,676.75959999999998
1913-10-07,677.61839999999995
1913-10-08,672.30100000000004
1913-10-09,672.93269999999995
1913-10-10,670.33209999999997
1913-10-14,661.01390000000004
1913-10-15,660.84190000000001
1913-10-16,654.24059999999997
1913-10-17,655.34400000000005
1913-10-20,659.53110000000004
1913-10-21,672.27890000000002
1913-10-22,667.24130000000002
1913-10-23,663.58389999999997
1913-10-24,667.03710000000001
1913-10-27,671.60839999999996
1913-10-28,667.85490000000004
1913-10-29,669.68330000000003
1913-10-30,666.61130000000003
1913-10-31,664.09820000000002
1913-11-03,660.82529999999997
1913-11-05,662.94190000000003
1913-11-06,657.94820000000004
1913-11-07,658.34400000000005
1913-11-10,649.14869999999996
1913-11-11,652.23490000000004
1913-11-12,657.53989999999999
1913-11-13,656.9923
1913-11-14,659.78160000000003
1913-11-17,658.23829999999998
1913-11-18,659.6037
1913-11-19,658.11279999999999
1913-11-20,655.83579999999995
1913-11-21,655.50660000000005
1913-11-24,655.73659999999995
1913-11-25,661.52170000000001
1913-11-26,659.23599999999999
1913-11-28,657.54420000000005
1913-12-01,655.05759999999998
1913-12-02,657.33140000000003
1913-12-03,663.64049999999997
1913-12-04,664.65650000000005
1913-12-05,664.14390000000003
1913-12-08,666.2079
1913-12-09,659.93939999999998
1913-12-10,660.92039999999997
1913-12-11,660.82709999999997
1913-12-12,655.37959999999998
1913-12-15,652.07209999999998
1913-12-16,653.71690000000001
1913-12-17,654.32230000000004
1913-12-18,654.03679999999997
1913-12-19,662.89400000000001
1913-12-22,670.56389999999999
1913-12-23,667.95259999999996
1913-12-24,671.40359999999998
1913-12-26,672.09820000000002
1913-12-29,667.9271
1913-12-30,667.16809999999998
1913-12-31,670.06079999999997
1914-01-02,669.69179999999994
1914-01-05,672.51350000000002
1914-01-06,674.00580000000002
1914-01-07,673.99130000000002
1914-01-08,672.72730000000001
1914-01-09,673.35090000000002
1914-01-12,675.73829999999998
1914-01-13,677.28369999999995
1914-01-14,685.98109999999997
1914-01-15,690.17629999999997
1914-01-16,689.36419999999998
1914-01-19,693.79859999999996
1914-01-20,693.40309999999999
1914-01-21,699.85810000000004
1914-01-22,704.70899999999995
1914-01-23,707.43290000000002
1914-01-26,706.09780000000001
1914-01-27,705.39200000000005
1914-01-28,701.95659999999998
1914-01-29,698.45920000000001
1914-01-30,708.29049999999995
1914-02-02,704.66020000000003
1914-02-03,708.62469999999996
1914-02-04,706.35029999999995
1914-02-05,704.97990000000004
1914-02-06,700.70270000000005
1914-02-09,697.29409999999996
1914-02-10,697.39469999999994
1914-02-11,698.12459999999999
1914-02-13,700.6268
1914-02-16,696.13710000000003
1914-02-17,694.49199999999996
1914-02-18,697.93359999999996
1914-02-19,698.14059999999995
1914-02-20,698.9325
1914-02-24,694.97450000000003
1914-02-25,687.67579999999998
1914-02-26,688.81330000000003
1914-02-27,692.57380000000001
1914-03-02,687.64120000000003
1914-03-03,688.24699999999996
1914-03-04,692.77840000000003
1914-03-05,690.06110000000001
1914-03-06,682.18650000000002
1914-03-09,681.63149999999996
1914-03-10,685.74639999999999
1914-03-11,683.25959999999998
1914-03-12,680.59559999999999
1914-03-13,684.02819999999997
1914-03-16,685.02390000000003
1914-03-17,688.76649999999995
1914-03-18,687.52909999999997
1914-03-19,689.09190000000001
1914-03-20,695.31039999999996
1914-03-23,698.38400000000001
1914-03-24,697.55520000000001
1914-03-25,693.16510000000005
1914-03-26,691.87900000000002
1914-03-27,687.35440000000006
1914-03-30,687.06389999999999
1914-03-31,692.48770000000002
1914-04-01,693.79399999999998
1914-04-02,693.99689999999998
1914-04-03,690.69240000000002
1914-04-06,691.37080000000003
1914-04-07,692.12990000000002
1914-04-08,689.36360000000002
1914-04-09,686.82159999999999
1914-04-13,682.66499999999996
1914-04-14,680.06029999999998
1914-04-15,677.18650000000002
1914-04-16,676.7346
1914-04-17,673.15219999999999
1914-04-20,666.26880000000006
1914-04-21,671.34249999999997
1914-04-22,671.07899999999995
1914-04-23,665.81029999999998
1914-04-24,657.97630000000004
1914-04-27,659.67729999999995
1914-04-28,668.29399999999998
1914-04-29,665.33969999999999
1914-04-30,670.65539999999999
1914-05-01,678.92219999999998
1914-05-04,679.40319999999997
1914-05-05,678.50289999999995
1914-05-06,677.79989999999998
1914-05-07,676.86369999999999
1914-05-08,672.13340000000005
1914-05-11,677.52070000000003
1914-05-12,678.60270000000003
1914-05-13,677.61270000000002
1914-05-14,684.65039999999999
1914-05-15,685.66060000000004
1914-05-18,688.03420000000006
1914-05-19,689.33140000000003
1914-05-20,688.38620000000003
1914-05-21,683.88919999999996
1914-05-22,683.91269999999997
1914-05-25,686.86019999999996
1914-05-26,686.73130000000003
1914-05-27,690.52179999999998
1914-05-28,689.9085
1914-05-29,688.43420000000003
1914-06-01,684.3768
1914-06-02,679.94269999999995
1914-06-03,682.37
1914-06-04,684.56399999999996
1914-06-05,684.65930000000003
1914-06-08,688.96100000000001
1914-06-09,691.2088
1914-06-10,691.06190000000004
1914-06-11,689.31859999999995
1914-06-12,691.01930000000004
1914-06-15,689.71540000000005
1914-06-16,688.10659999999996
1914-06-17,686.39909999999998
1914-06-18,687.92930000000001
1914-06-19,688.97699999999998
1914-06-22,692.63829999999996
1914-06-23,688.97119999999995
1914-06-24,681.25390000000004
1914-06-25,673.98159999999996
1914-06-26,679.39559999999994
1914-06-29,679.35180000000003
1914-06-30,686.53650000000005
1914-07-01,684.25890000000004
1914-07-02,686.22199999999998
1914-07-03,690.19190000000003
1914-07-06,690.89279999999997
1914-07-07,693.2826
1914-07-08,692.73940000000005
1914-07-09,692.45950000000005
1914-07-10,687.78459999999995
1914-07-13,683.255
1914-07-14,685.4633
1914-07-15,680.71579999999994
1914-07-16,680.899
1914-07-17,678.28549999999996
1914-07-20,670.77769999999998
1914-07-21,674.12099999999998
1914-07-22,673.29629999999997
1914-07-23,670.25609999999995
1914-07-24,664.21939999999995
1914-07-27,660.59810000000004
1914-07-28,637.63580000000002
1914-07-29,643.53980000000001
1914-07-30,607.97460000000001
1914-12-14,639.37170000000003
1914-12-15,626.78779999999995
1914-12-16,627.97609999999997
1914-12-17,628.23220000000003
1914-12-18,626.75909999999999
1914-12-21,621.40449999999998
1914-12-22,619.65920000000006
1914-12-23,607.85969999999998
1914-12-24,604.56769999999995
1914-12-28,616.65750000000003
1914-12-29,615.64269999999999
1914-12-30,614.32709999999997
1914-12-31,616.06209999999999
1915-01-04,624.62860000000001
1915-01-05,626.40650000000005
1915-01-06,623.88779999999997
1915-01-07,629.14589999999998
1915-01-08,630.92380000000003
1915-01-11,638.80269999999996
1915-01-12,639.03380000000004
1915-01-13,637.93299999999999
1915-01-14,640.18340000000001
1915-01-15,643.33609999999999
1915-01-18,647.77760000000001
1915-01-19,651.78949999999998
1915-01-20,654.42660000000001
1915-01-21,658.69619999999998
1915-01-22,655.23239999999998
1915-01-25,653.52999999999997
1915-01-26,656.46780000000001
1915-01-27,645.18470000000002
1915-01-28,647.43499999999995
1915-01-29,637.14020000000005
1915-02-01,637.97280000000001
1915-02-02,643.61710000000005
1915-02-03,640.88379999999995
1915-02-04,639.35339999999997
1915-02-05,633.18320000000006
1915-02-08,635.21860000000004
1915-02-09,635.23490000000004
1915-02-10,638.00080000000003
1915-02-11,644.50419999999997
1915-02-15,636.83040000000005
1915-02-16,634.22609999999997
1915-02-17,628.14200000000005
1915-02-18,628.07240000000002
1915-02-19,626.28440000000001
1915-02-23,617.66570000000002
1915-02-24,616.8229
1915-02-25,618.90129999999999
1915-02-26,621.53819999999996
1915-03-01,622.24189999999999
1915-03-02,625.0077
1915-03-03,629.53470000000004
1915-03-04,629.4221
1915-03-05,636.82740000000001
1915-03-08,641.09659999999997
1915-03-09,638.87900000000002
1915-03-10,637.86419999999998
1915-03-11,639.77070000000003
1915-03-12,636.60799999999995
1915-03-15,638.38559999999995
1915-03-16,636.51170000000002
1915-03-17,636.87159999999994
1915-03-18,636.1146
1915-03-19,639.68110000000001
1915-03-22,645.8365
1915-03-23,655.60829999999999
1915-03-24,659.54139999999995
1915-03-25,662.03660000000002
1915-03-26,664.70609999999999
1915-03-29,669.6848
1915-03-30,673.22569999999996
1915-03-31,670.62300000000005
1915-04-01,671.81100000000004
1915-04-05,682.0181
1915-04-06,684.90530000000001
1915-04-07,683.52260000000001
1915-04-08,685.01549999999997
1915-04-09,702.62929999999994
1915-04-12,700.72370000000001
1915-04-13,705.6585
1915-04-14,709.59109999999998
1915-04-15,715.74590000000001
1915-04-16,725.25540000000001
1915-04-19,724.30820000000006
1915-04-20,732.33619999999996
1915-04-21,730.25630000000001
1915-04-22,727.04359999999997
1915-04-23,727.70849999999996
1915-04-26,729.72389999999996
1915-04-27,727.99260000000004
1915-04-28,735.62829999999997
1915-04-29,739.9529
1915-04-30,741.05340000000001
1915-05-03,725.42399999999998
1915-05-04,726.56809999999996
1915-05-05,711.85379999999998
1915-05-06,717.35469999999998
1915-05-07,696.14919999999995
1915-05-10,675.16160000000002
1915-05-11,694.60379999999998
1915-05-12,692.48059999999998
1915-05-13,683.21249999999998
1915-05-14,664.05499999999995
1915-05-17,686.28520000000003
1915-05-18,680.58960000000002
1915-05-19,682.38729999999998
1915-05-20,686.49400000000003
1915-05-21,693.08389999999997
1915-05-24,696.75480000000005
1915-05-25,692.14840000000004
1915-05-26,689.58960000000002
1915-05-27,692.86839999999995
1915-05-28,691.70370000000003
1915-06-01,689.18849999999998
1915-06-02,696.47519999999997
1915-06-03,711.51610000000005
1915-06-04,711.5711
1915-06-07,714.71910000000003
1915-06-08,712.77020000000005
1915-06-09,704.28679999999997
1915-06-10,715.71169999999995
1915-06-11,725.65549999999996
1915-06-14,726.79939999999999
1915-06-15,724.45839999999998
1915-06-16,727.56269999999995
1915-06-17,725.65729999999996
1915-06-18,723.69510000000002
1915-06-21,729.04449999999997
1915-06-22,732.18809999999996
1915-06-23,728.67060000000004
1915-06-24,719.02120000000002
1915-06-25,721.9443
1915-06-28,725.26440000000002
1915-06-29,718.4384
1915-06-30,720.30280000000005
1915-07-01,717.71169999999995
1915-07-02,716.13520000000005
1915-07-06,714.82339999999999
1915-07-07,704.73329999999999
1915-07-08,699.45140000000004
1915-07-09,692.58159999999998
1915-07-12,711.03210000000001
1915-07-13,711.48479999999995
1915-07-14,713.702
1915-07-15,718.83050000000003
1915-07-16,718.53330000000005
1915-07-19,715.41300000000001
1915-07-20,717.3655
1915-07-21,721.87639999999999
1915-07-22,727.26949999999999
1915-07-23,728.07500000000005
1915-07-26,729.71870000000001
1915-07-27,741.90459999999996
1915-07-28,744.03340000000003
1915-07-29,744.97119999999995
1915-07-30,743.43880000000001
1915-08-02,750.15499999999997
1915-08-03,752.5924
1915-08-04,755.60329999999999
1915-08-05,756.18820000000005
1915-08-06,758.66970000000003
1915-08-09,760.40129999999999
1915-08-10,770.82230000000004
1915-08-11,769.11350000000004
1915-08-12,768.94849999999997
1915-08-13,766.04870000000005
1915-08-16,779.86590000000001
1915-08-17,782.39139999999998
1915-08-18,782.2704
1915-08-19,772.84280000000001
1915-08-20,766.45870000000002
1915-08-23,752.70870000000002
1915-08-24,764.62900000000002
1915-08-25,775.53480000000002
1915-08-26,777.79549999999995
1915-08-27,781.9529
1915-08-30,782.40520000000004
1915-08-31,780.56410000000005
1915-09-01,782.56029999999998
1915-09-02,777.49940000000004
1915-09-03,778.87810000000002
1915-09-07,784.44669999999996
1915-09-08,784.67859999999996
1915-09-09,789.9384
1915-09-10,784.56889999999999
1915-09-13,786.69719999999995
1915-09-14,786.70849999999996
1915-09-15,788.39580000000001
1915-09-16,786.68709999999999
1915-09-17,791.47730000000001
1915-09-20,804.3433
1915-09-21,805.82979999999998
1915-09-22,811.82339999999999
1915-09-23,811.97109999999998
1915-09-24,823.5874
1915-09-27,840.55849999999998
1915-09-28,840.17060000000004
1915-09-29,840.36279999999999
1915-09-30,842.56320000000005
1915-10-01,842.93389999999999
1915-10-04,844.28639999999996
1915-10-05,835.6431
1915-10-06,836.86159999999995
1915-10-07,848.78980000000001
1915-10-08,860.36080000000004
1915-10-11,876.57259999999997
1915-10-13,877.96950000000004
1915-10-14,869.10320000000002
1915-10-15,866.84109999999998
1915-10-18,882.47249999999997
1915-10-19,875.65890000000002
1915-10-20,879.6884
1915-10-21,882.02229999999997
1915-10-22,890.46929999999998
1915-10-25,891.46450000000004
1915-10-26,893.03980000000001
1915-10-27,887.87720000000002
1915-10-28,889.22940000000006
1915-10-29,903.92319999999995
1915-11-01,910.54060000000004
1915-11-03,908.94780000000003
1915-11-04,916.59119999999996
1915-11-05,905.67280000000005
1915-11-08,891.76480000000004
1915-11-09,881.33730000000003
1915-11-10,893.21969999999999
1915-11-11,898.72140000000002
1915-11-12,904.93700000000001
1915-11-15,905.39660000000003
1915-11-16,914.15539999999999
1915-11-17,912.33950000000004
1915-11-18,912.30830000000003
1915-11-19,909.24310000000003
1915-11-22,907.91800000000001
1915-11-23,910.87630000000001
1915-11-24,918.6087
1915-11-26,917.64049999999997
1915-11-29,917.25239999999997
1915-11-30,913.42880000000002
1915-12-01,907.7758
1915-12-02,900.02589999999998
1915-12-03,907.75810000000001
1915-12-06,922.89670000000001
1915-12-07,919.51930000000004
1915-12-08,922.25429999999994
1915-12-09,914.54909999999995
1915-12-10,906.88850000000002
1915-12-13,905.20659999999998
1915-12-14,919.94320000000005
1915-12-15,918.70740000000001
1915-12-16,907.96860000000004
1915-12-17,912.92840000000001
1915-12-20,916.14030000000002
1915-12-21,915.92629999999997
1915-12-22,917.24490000000003
1915-12-23,923.88239999999996
1915-12-24,924.07399999999996
1915-12-27,932.24400000000003
1915-12-28,928.96489999999994
1915-12-29,923.29679999999996
1915-12-30,926.14779999999996
1916-01-03,923.52880000000005
1916-01-04,917.69770000000005
1916-01-05,915.70330000000001
1916-01-06,909.02449999999999
1916-01-07,914.92660000000001
1916-01-10,905.12509999999997
1916-01-11,896.48350000000005
1916-01-12,904.48249999999996
1916-01-13,901.06060000000002
1916-01-14,910.48699999999997
1916-01-17,910.3664
1916-01-18,906.94460000000004
1916-01-19,901.64909999999998
1916-01-20,890.55409999999995
1916-01-21,898.37429999999995
1916-01-24,887.904
1916-01-25,889.34490000000005
1916-01-26,880.65909999999997
1916-01-27,877.19280000000003
1916-01-28,878.32150000000001
1916-01-31,859.37549999999999
1916-02-01,871.38900000000001
1916-02-02,881.70719999999994
1916-02-03,886.49379999999996
1916-02-04,875.93470000000002
1916-02-07,886.60969999999998
1916-02-08,886.13229999999999
1916-02-09,892.61389999999994
1916-02-10,895.57140000000004
1916-02-11,897.41369999999995
1916-02-14,889.66510000000005
1916-02-15,889.45529999999997
1916-02-16,882.28679999999997
1916-02-17,880.96190000000001
1916-02-18,883.83010000000002
1916-02-21,882.86199999999997
1916-02-23,882.42930000000001
1916-02-24,876.33140000000003
1916-02-25,881.60839999999996
1916-02-28,865.51859999999999
1916-02-29,866.91480000000001
1916-03-01,863.44889999999998
1916-03-02,863.06079999999997
1916-03-03,870.56809999999996
1916-03-06,877.13869999999997
1916-03-07,875.59079999999994
1916-03-08,876.2287
1916-03-09,881.99620000000004
1916-03-10,880.35910000000001
1916-03-13,890.00720000000001
1916-03-14,898.31700000000001
1916-03-15,901.72029999999995
1916-03-16,902.04579999999999
1916-03-17,902.70640000000003
1916-03-20,888.92809999999997
1916-03-21,889.21299999999997
1916-03-22,891.39710000000002
1916-03-23,891.41060000000004
1916-03-24,890.56500000000005
1916-03-27,889.17669999999998
1916-03-28,890.00419999999997
1916-03-29,885.85770000000002
1916-03-30,881.03290000000004
1916-03-31,883.17179999999996
1916-04-03,888.83749999999998
1916-04-04,888.94150000000002
1916-04-05,892.66290000000004
1916-04-06,895.0729
1916-04-07,887.35440000000006
1916-04-10,890.98530000000005
1916-04-11,887.87879999999996
1916-04-12,885.58630000000005
1916-04-13,872.98469999999998
1916-04-14,874.9425
1916-04-17,873.01189999999997
1916-04-18,872.16639999999995
1916-04-19,856.9425
1916-04-20,856.05179999999996
1916-04-24,849.46420000000001
1916-04-25,855.80790000000002
1916-04-26,851.79750000000001
1916-04-27,867.90750000000003
1916-04-28,871.26700000000005
1916-05-01,877.47490000000005
1916-05-02,868.26490000000001
1916-05-03,864.70669999999996
1916-05-04,858.29999999999995
1916-05-05,865.36689999999999
1916-05-08,879.75840000000005
1916-05-09,878.77729999999997
1916-05-10,877.02760000000001
1916-05-11,879.34699999999998
1916-05-12,887.72490000000005
1916-05-15,899.08680000000004
1916-05-16,896.25189999999998
1916-05-17,893.50750000000005
1916-05-18,904.59789999999998
1916-05-19,907.18849999999998
1916-05-22,916.83199999999999
1916-05-23,915.48900000000003
1916-05-24,911.4787
1916-05-25,910.90440000000001
1916-05-26,908.79300000000001
1916-05-29,908.85159999999996
1916-05-31,907.41840000000002
1916-06-01,909.64710000000002
1916-06-02,904.9588
1916-06-05,910.80430000000001
1916-06-06,910.63699999999994
1916-06-07,915.57830000000001
1916-06-08,917.44539999999995
1916-06-09,922.79349999999999
1916-06-12,928.00599999999997
1916-06-13,924.26700000000005
1916-06-14,924.55169999999998
1916-06-15,923.61569999999995
1916-06-16,916.30989999999997
1916-06-19,896.52739999999994
1916-06-20,902.59000000000003
1916-06-21,898.20460000000003
1916-06-22,895.51469999999995
1916-06-23,890.80849999999998
1916-06-26,879.7328
1916-06-27,885.61210000000005
1916-06-28,885.25930000000005
1916-06-29,895.49170000000004
1916-06-30,897.97990000000004
1916-07-03,900.28480000000002
1916-07-05,907.12609999999995
1916-07-06,907.64380000000006
1916-07-07,902.34209999999996
1916-07-10,895.07010000000002
1916-07-11,887.75229999999999
1916-07-12,888.13260000000002
1916-07-13,880.67740000000003
1916-07-14,883.80709999999999
1916-07-17,885.42460000000005
1916-07-18,885.62159999999994
1916-07-19,890.95060000000001
1916-07-20,893.34709999999995
1916-07-21,892.62779999999998
1916-07-24,891.77089999999998
1916-07-25,889.4479
1916-07-26,884.87959999999998
1916-07-27,882.60239999999999
1916-07-28,885.04459999999995
1916-07-31,889.86940000000004
1916-08-01,890.24980000000005
1916-08-02,885.08590000000004
1916-08-03,886.84090000000003
1916-08-04,885.38850000000002
1916-08-07,887.14340000000004
1916-08-08,885.73680000000002
1916-08-09,904.39859999999999
1916-08-10,900.15120000000002
1916-08-11,903.46389999999997
1916-08-14,906.18089999999995
1916-08-15,911.92179999999996
1916-08-16,916.33399999999995
1916-08-17,915.24800000000005
1916-08-18,913.79549999999995
1916-08-21,920.22360000000003
1916-08-22,929.99630000000002
1916-08-23,928.49789999999996
1916-08-24,927.50360000000001
1916-08-25,921.10289999999998
1916-08-28,918.91740000000004
1916-08-29,911.69219999999996
1916-08-30,907.3075
1916-08-31,914.56010000000003
1916-09-01,905.13580000000002
1916-09-05,918.66499999999996
1916-09-06,924.49720000000002
1916-09-07,927.71789999999999
1916-09-08,929.42669999999998
1916-09-11,934.66319999999996
1916-09-12,938.6626
1916-09-13,946.46469999999999
1916-09-14,953.99170000000004
1916-09-15,956.28980000000001
1916-09-18,962.48159999999996
1916-09-19,961.24519999999995
1916-09-20,957.26949999999999
1916-09-21,964.99329999999998
1916-09-22,972.25279999999998
1916-09-25,973.4769
1916-09-26,979.71489999999994
1916-09-27,986.37059999999997
1916-09-28,990.10149999999999
1916-09-29,994.43600000000004
1916-10-02,990.97109999999998
1916-10-03,997.25530000000003
1916-10-04,1004.0038
1916-10-05,991.85760000000005
1916-10-06,995.86689999999999
1916-10-09,976.4787
1916-10-10,986.84820000000002
1916-10-11,975.07349999999997
1916-10-13,968.73050000000001
1916-10-16,986.7133
1916-10-17,990.58330000000001
1916-10-18,992.08579999999995
1916-10-19,992.52049999999997
1916-10-20,999.3152
1916-10-23,1008.8022
1916-10-24,1005.9873
1916-10-25,1001.7334
1916-10-26,1001.2861
1916-10-27,1006.1772
1916-10-30,1000.7628
1916-10-31,1002.4045
1916-11-01,1009.1523999999999
1916-11-02,1010.0512
1916-11-03,1012.0642
1916-11-06,1019.9726000000001
1916-11-08,1015.5331
1916-11-09,1018.103
1916-11-10,1016.3559
1916-11-13,1000.4972
1916-11-14,1005.3416999999999
1916-11-15,1006.2406
1916-11-16,1014.2415999999999
1916-11-17,1020.2
1916-11-20,1027.0867000000001
1916-11-21,1023.8542
1916-11-22,1015.2836
1916-11-23,1008.0128
1916-11-24,1017.5918
1916-11-27,1012.9204999999999
1916-11-28,1006.9958
1916-11-29,1003.0208
1916-12-01,1008.0508
1916-12-04,1008.2068
1916-12-05,1010.7302
1916-12-06,1011.7682
1916-12-07,1009.4642
1916-12-08,1008.9705
1916-12-11,994.04129999999998
1916-12-12,965.74429999999995
1916-12-13,984.04920000000004
1916-12-14,959.14080000000001
1916-12-15,960.34169999999995
1916-12-18,966.85649999999998
1916-12-19,965.18619999999999
1916-12-20,950.01520000000005
1916-12-21,912.17079999999999
1916-12-22,946.81569999999999
1916-12-26,953.04830000000004
1916-12-27,951.56619999999998
1916-12-28,940.20569999999998
1916-12-29,943.85090000000002
1917-01-02,950.74189999999999
1917-01-03,966.89949999999999
1917-01-04,954.12789999999995
1917-01-05,948.45929999999998
1917-01-08,950.45820000000003
1917-01-09,955.04399999999998
1917-01-10,940.39120000000003
1917-01-11,941.12
1917-01-12,941.51949999999999
1917-01-15,942.15419999999995
1917-01-16,958.02909999999997
1917-01-17,950.76139999999998
1917-01-18,958.73379999999997
1917-01-19,957.06359999999995
1917-01-22,952.43010000000004
1917-01-23,948.59630000000004
1917-01-24,954.73429999999996
1917-01-25,956.63879999999995
1917-01-26,956.33270000000005
1917-01-29,945.77269999999999
1917-01-30,946.17219999999998
1917-01-31,940.0806
1917-02-01,891.84540000000004
1917-02-02,876.48820000000001
1917-02-05,905.48519999999996
1917-02-06,906.30809999999997
1917-02-07,899.13509999999997
1917-02-08,892.4796
1917-02-09,889.53980000000001
1917-02-13,905.97799999999995
1917-02-14,899.46370000000002
1917-02-15,897.55859999999996
1917-02-16,899.65150000000006
1917-02-19,912.8442
1917-02-20,922.03899999999999
1917-02-21,919.61649999999997
1917-02-23,911.1268
1917-02-26,915.57119999999998
1917-02-27,909.76239999999996
1917-02-28,901.41390000000001
1917-03-01,895.55820000000006
1917-03-02,906.11670000000004
1917-03-05,920.39080000000001
1917-03-06,919.99080000000004
1917-03-07,918.8383
1917-03-08,917.92100000000005
1917-03-09,926.40989999999999
1917-03-12,921.58889999999997
1917-03-13,919.73090000000002
1917-03-14,918.95460000000003
1917-03-15,922.92840000000001
1917-03-16,925.21190000000001
1917-03-19,940.78549999999996
1917-03-20,949.94590000000005
1917-03-21,944.03060000000005
1917-03-22,940.31690000000003
1917-03-23,954.88509999999997
1917-03-26,943.7056
1917-03-27,943.77269999999999
1917-03-28,951.01850000000002
1917-03-29,947.44839999999999
1917-03-30,948.66420000000005
1917-04-02,949.40129999999999
1917-04-03,939.17920000000004
1917-04-04,936.99699999999996
1917-04-05,926.20069999999998
1917-04-09,906.31169999999997
1917-04-10,900.30119999999999
1917-04-11,912.28470000000004
1917-04-12,914.26620000000003
1917-04-13,919.0711
1917-04-16,909.3279
1917-04-17,909.20370000000003
1917-04-18,908.601
1917-04-19,909.24249999999995
1917-04-20,905.67280000000005
1917-04-23,904.01729999999998
1917-04-24,901.3569
1917-04-25,918.12530000000004
1917-04-26,921.15949999999998
1917-04-27,920.22170000000006
1917-04-30,917.22630000000004
1917-05-01,915.37940000000003
1917-05-02,907.21579999999994
1917-05-03,890.91729999999995
1917-05-04,882.61030000000005
1917-05-07,887.798
1917-05-08,880.40030000000002
1917-05-09,869.65300000000002
1917-05-10,882.2577
1917-05-11,875.33870000000002
1917-05-14,882.00959999999998
1917-05-15,876.47829999999999
1917-05-16,893.00660000000005
1917-05-17,899.58180000000004
1917-05-18,895.43820000000005
1917-05-21,905.07579999999996
1917-05-22,912.94280000000003
1917-05-23,913.67999999999995
1917-05-24,919.34569999999997
1917-05-25,925.05920000000003
1917-05-28,933.50019999999995
1917-05-29,935.00289999999995
1917-05-31,935.11789999999996
1917-06-01,936.0942
1917-06-04,925.96939999999995
1917-06-06,936.13279999999997
1917-06-07,936.86980000000005
1917-06-08,941.48260000000005
1917-06-11,937.00409999999999
1917-06-12,937.9325
1917-06-13,944.12429999999995
1917-06-14,941.65539999999999
1917-06-15,937.20989999999995
1917-06-18,923.13469999999995
1917-06-19,925.75980000000004
1917-06-20,922.25
1917-06-21,929.3057
1917-06-22,935.48490000000004
1917-06-25,945.26700000000005
1917-06-26,943.0231
1917-06-27,936.68949999999995
1917-06-28,932.15750000000003
1917-06-29,929.76760000000002
1917-07-02,916.42319999999995
1917-07-03,919.38900000000001
1917-07-05,907.40809999999999
1917-07-06,910.71460000000002
1917-07-09,911.34360000000004
1917-07-10,912.60530000000006
1917-07-11,919.80669999999998
1917-07-12,918.48810000000003
1917-07-13,911.86279999999999
1917-07-16,912.05340000000001
1917-07-17,915.50599999999997
1917-07-18,906.49519999999995
1917-07-19,902.35299999999995
1917-07-20,908.14239999999995
1917-07-23,908.04089999999997
1917-07-24,905.31050000000005
1917-07-25,905.59860000000003
1917-07-26,906.37350000000004
1917-07-27,908.85230000000001
1917-07-30,910.89290000000005
1917-07-31,909.72050000000002
1917-08-01,912.73479999999995
1917-08-02,916.96609999999998
1917-08-03,918.17909999999995
1917-08-06,922.55629999999996
1917-08-07,921.33510000000001
1917-08-08,908.38160000000005
1917-08-09,915.33910000000003
1917-08-10,910.56410000000005
1917-08-13,915.86630000000002
1917-08-14,911.28610000000003
1917-08-15,913.47270000000003
1917-08-16,908.11369999999999
1917-08-17,904.79930000000002
1917-08-20,900.2192
1917-08-21,895.73659999999995
1917-08-22,884.53610000000003
1917-08-23,880.39430000000004
1917-08-24,889.39610000000005
1917-08-27,886.08199999999999
1917-08-28,870.9873
1917-08-29,871.71360000000004
1917-08-30,861.73040000000003
1917-08-31,854.52200000000005
1917-09-04,832.41790000000003
1917-09-05,848.86760000000004
1917-09-06,847.69539999999995
1917-09-07,848.42179999999996
1917-09-10,850.41380000000004
1917-09-11,847.48919999999998
1917-09-12,833.75819999999999
1917-09-13,839.20640000000003
1917-09-14,844.36239999999998
1917-09-17,830.875
1917-09-18,829.70299999999997
1917-09-19,848.48850000000004
1917-09-20,851.21050000000002
1917-09-21,855.20389999999998
1917-09-24,862.72050000000002
1917-09-25,869.7903
1917-09-26,858.83960000000002
1917-09-27,858.51260000000002
1917-09-28,844.08699999999999
1917-10-01,841.77430000000004
1917-10-02,839.31280000000004
1917-10-03,833.57479999999998
1917-10-04,821.92949999999996
1917-10-05,834.50940000000003
1917-10-08,824.80029999999999
1917-10-09,817.17619999999999
1917-10-10,801.90740000000005
1917-10-11,804.06259999999997
1917-10-15,781.59609999999998
1917-10-16,799.33839999999998
1917-10-17,792.01229999999998
1917-10-18,806.62720000000002
1917-10-19,809.47730000000001
1917-10-22,812.72450000000003
1917-10-23,808.22789999999998
1917-10-24,804.92280000000005
1917-10-25,797.54719999999998
1917-10-26,797.31970000000001
1917-10-29,787.90899999999999
1917-10-30,781.57590000000005
1917-10-31,772.3143
1917-11-01,745.33190000000002
1917-11-02,755.03219999999999
1917-11-05,729.29100000000005
1917-11-07,744.20320000000004
1917-11-08,719.10749999999996
1917-11-09,729.89970000000005
1917-11-12,740.74159999999995
1917-11-13,738.33029999999997
1917-11-14,728.27499999999998
1917-11-15,728.79229999999995
1917-11-16,728.86289999999997
1917-11-19,747.99369999999999
1917-11-20,757.29650000000004
1917-11-21,765.06039999999996
1917-11-22,761.95420000000001
1917-11-23,769.56920000000002
1917-11-26,767.20749999999998
1917-11-27,761.37139999999999
1917-11-28,755.38639999999998
1917-11-30,749.59990000000005
1917-12-03,748.1318
1917-12-04,736.0915
1917-12-05,752.69029999999998
1917-12-06,745.51419999999996
1917-12-07,739.52940000000001
1917-12-10,741.03930000000003
1917-12-11,720.51189999999997
1917-12-12,707.1816
1917-12-13,707.05370000000005
1917-12-14,723.40390000000002
1917-12-17,710.66920000000005
1917-12-18,712.22879999999998
1917-12-19,694.77930000000003
1917-12-20,704.62750000000005
1917-12-21,713.42579999999998
1917-12-24,722.89819999999997
1917-12-26,712.23109999999997
1917-12-27,756.08270000000005
1917-12-28,774.04790000000003
1917-12-31,785.09640000000002
1918-01-02,795.68719999999996
1918-01-03,796.25930000000005
1918-01-04,794.69550000000004
1918-01-07,785.50329999999997
1918-01-08,785.66849999999999
1918-01-09,793.10609999999997
1918-01-10,795.86490000000003
1918-01-11,786.46939999999995
1918-01-14,771.58169999999996
1918-01-15,769.86540000000002
1918-01-16,778.82849999999996
1918-01-17,779.50229999999999
1918-01-18,780.17610000000002
1918-01-21,789.54589999999996
1918-01-22,786.76160000000004
1918-01-23,784.02819999999997
1918-01-24,787.19380000000001
1918-01-25,795.34299999999996
1918-01-29,803.64459999999997
1918-01-30,801.77560000000005
1918-01-31,824.87530000000004
1918-02-01,821.9384
1918-02-05,820.52710000000002
1918-02-06,815.91210000000001
1918-02-07,807.02560000000005
1918-02-08,810.69939999999997
1918-02-13,811.01710000000003
1918-02-14,815.30129999999997
1918-02-15,826.95870000000002
1918-02-18,838.0059
1918-02-19,840.56100000000004
1918-02-20,835.08159999999998
1918-02-21,829.09379999999999
1918-02-25,821.07190000000003
1918-02-26,832.52570000000003
1918-02-27,832.94500000000005
1918-02-28,832.65239999999994
1918-03-01,829.91899999999998
1918-03-04,821.0838
1918-03-05,824.19820000000004
1918-03-06,824.97349999999994
1918-03-07,826.96910000000003
1918-03-08,836.18520000000001
1918-03-11,838.68920000000003
1918-03-12,830.00670000000002
1918-03-13,829.56169999999997
1918-03-14,836.8963
1918-03-15,833.46379999999999
1918-03-18,823.5865
1918-03-19,824.67589999999996
1918-03-20,825.14449999999999
1918-03-21,829.85490000000004
1918-03-22,820.49509999999998
1918-03-25,806.22109999999998
1918-03-26,807.98299999999995
1918-03-27,811.45190000000002
1918-03-28,809.5412
1918-04-01,816.11369999999999
1918-04-02,810.42679999999996
1918-04-03,813.0163
1918-04-04,816.07129999999995
1918-04-05,812.71220000000005
1918-04-08,816.43960000000004
1918-04-09,813.49429999999995
1918-04-10,809.2559
1918-04-11,798.24130000000002
1918-04-12,804.24469999999997
1918-04-15,814.59289999999999
1918-04-16,812.37189999999998
1918-04-17,808.96109999999999
1918-04-18,818.99890000000005
1918-04-19,822.26070000000004
1918-04-22,827.5915
1918-04-23,821.49099999999999
1918-04-24,819.21820000000002
1918-04-25,817.35919999999999
1918-04-26,819.68989999999997
1918-04-29,816.53779999999995
1918-04-30,814.47199999999998
1918-05-01,820.94050000000004
1918-05-02,827.61590000000001
1918-05-03,825.08460000000002
1918-05-06,832.27710000000002
1918-05-07,841.12469999999996
1918-05-08,846.45510000000002
1918-05-09,855.04399999999998
1918-05-10,854.73659999999995
1918-05-13,861.46339999999998
1918-05-14,868.81079999999997
1918-05-15,880.08900000000006
1918-05-16,879.88490000000002
1918-05-17,876.7328
1918-05-20,868.46040000000005
1918-05-21,872.8596
1918-05-22,865.00099999999998
1918-05-23,862.15920000000006
1918-05-24,858.54169999999999
1918-05-27,842.92529999999999
1918-05-28,845.56600000000003
1918-05-29,848.62040000000002
1918-05-31,843.76179999999999
1918-06-03,843.19590000000005
1918-06-04,854.88739999999996
1918-06-05,852.97670000000005
1918-06-06,849.35940000000005
1918-06-07,844.96630000000005
1918-06-10,847.6069
1918-06-11,848.43730000000005
1918-06-12,854.49130000000002
1918-06-13,860.13139999999999
1918-06-14,860.96190000000001
1918-06-17,861.06820000000005
1918-06-18,863.5018
1918-06-19,863.19439999999997
1918-06-20,869.29989999999998
1918-06-21,867.22479999999996
1918-06-24,872.87670000000003
1918-06-25,872.26990000000001
1918-06-26,877.50099999999998
1918-06-27,874.79039999999998
1918-06-28,873.07920000000001
1918-07-01,866.47670000000005
1918-07-02,867.07950000000005
1918-07-03,870.94320000000005
1918-07-05,875.80600000000004
1918-07-08,872.41179999999997
1918-07-09,876.01239999999996
1918-07-10,872.72339999999997
1918-07-11,864.80640000000005
1918-07-12,865.72479999999996
1918-07-15,859.59580000000005
1918-07-16,867.19330000000002
1918-07-17,865.2192
1918-07-18,876.81349999999998
1918-07-19,872.89350000000002
1918-07-22,867.34320000000002
1918-07-23,861.53009999999995
1918-07-24,865.13049999999998
1918-07-25,868.36279999999999
1918-07-26,869.91219999999998
1918-07-29,869.62099999999998
1918-07-30,867.01580000000001
1918-07-31,869.35400000000004
1918-08-01,864.75049999999999
1918-08-02,865.51110000000006
1918-08-05,870.95209999999997
1918-08-06,868.18920000000003
1918-08-07,868.63430000000005
1918-08-08,870.13099999999997
1918-08-09,874.3623
1918-08-12,879.6979
1918-08-13,885.08609999999999
1918-08-14,883.16459999999995
1918-08-15,882.03200000000004
1918-08-16,884.42259999999999
1918-08-19,883.02710000000002
1918-08-20,886.62720000000002
1918-08-21,886.70410000000004
1918-08-22,883.99390000000005
1918-08-23,891.80079999999998
1918-08-26,899.2921
1918-08-27,900.1576
1918-08-28,900.44470000000001
1918-08-29,898.15509999999995
1918-08-30,896.86479999999995
1918-09-03,909.87739999999997
1918-09-04,906.48360000000002
1918-09-05,907.19140000000004
1918-09-06,896.59360000000004
1918-09-09,890.5181
1918-09-10,885.07360000000006
1918-09-11,876.42160000000001
1918-09-13,873.86919999999998
1918-09-16,881.78099999999995
1918-09-17,884.85500000000002
1918-09-18,887.40319999999997
1918-09-19,884.21990000000005
1918-09-20,888.52679999999998
1918-09-23,892.18780000000004
1918-09-24,894.67240000000004
1918-09-25,892.93240000000003
1918-09-26,893.81259999999997
1918-09-27,902.66039999999998
1918-09-30,911.4547
1918-10-01,906.02499999999998
1918-10-02,909.36500000000001
1918-10-03,911.52850000000001
1918-10-04,912.40869999999995
1918-10-07,910.2944
1918-10-08,908.39400000000001
1918-10-09,904.24789999999996
1918-10-10,909.61969999999997
1918-10-11,917.98590000000002
1918-10-14,935.44209999999998
1918-10-15,931.34929999999997
1918-10-16,934.26130000000001
1918-10-17,948.08119999999997
1918-10-18,959.38800000000003
1918-10-21,959.46600000000001
1918-10-22,965.58600000000001
1918-10-23,953.90049999999997
1918-10-24,950.50289999999995
1918-10-25,943.36249999999995
1918-10-28,949.96370000000002
1918-10-29,943.51840000000004
1918-10-30,923.97329999999999
1918-10-31,935.33330000000001
1918-11-01,938.45889999999997
1918-11-04,945.59479999999996
1918-11-06,955.13660000000004
1918-11-07,972.21730000000002
1918-11-08,971.22569999999996
1918-11-12,963.92510000000004
1918-11-13,957.05229999999995
1918-11-14,951.56970000000001
1918-11-15,955.71109999999999
1918-11-18,944.66790000000003
1918-11-19,941.27059999999994
1918-11-20,939.04949999999997
1918-11-21,935.75919999999996
1918-11-22,924.93020000000001
1918-11-25,892.66150000000005
1918-11-26,906.37329999999997
1918-11-27,897.14840000000004
1918-11-29,910.05809999999997
1918-12-02,914.52030000000002
1918-12-03,922.45770000000005
1918-12-04,921.41300000000001
1918-12-05,924.75239999999997
1918-12-06,921.72940000000006
1918-12-09,927.74199999999996
1918-12-10,936.64149999999995
1918-12-11,933.779
1918-12-12,925.62360000000001
1918-12-13,918.10990000000004
1918-12-16,921.66300000000001
1918-12-17,923.07759999999996
1918-12-18,917.43520000000001
1918-12-19,908.58510000000001
1918-12-20,902.19740000000002
1918-12-23,898.56320000000005
1918-12-24,893.13520000000005
1918-12-26,889.39229999999998
1918-12-27,893.85760000000005
1918-12-30,891.96289999999999
1918-12-31,906.53869999999995
1919-01-02,908.88400000000001
1919-01-03,916.06700000000001
1919-01-06,906.45360000000005
1919-01-07,907.43989999999997
1919-01-08,910.43730000000005
1919-01-09,910.98869999999999
1919-01-10,906.9742
1919-01-13,903.82939999999996
1919-01-14,905.57659999999998
1919-01-15,907.32389999999998
1919-01-16,903.52689999999996
1919-01-17,897.39250000000004
1919-01-20,883.97460000000001
1919-01-21,878.27509999999995
1919-01-22,882.08789999999999
1919-01-23,887.09649999999999
1919-01-24,899.00810000000001
1919-01-27,896.78750000000002
1919-01-28,898.53470000000004
1919-01-29,890.11760000000004
1919-01-30,892.51710000000003
1919-01-31,890.07920000000001
1919-02-03,890.35889999999995
1919-02-04,896.18259999999998
1919-02-05,895.21209999999996
1919-02-06,887.06709999999998
1919-02-07,883.70510000000002
1919-02-10,884.47400000000005
1919-02-11,889.26490000000001
1919-02-13,893.4579
1919-02-14,895.91160000000002
1919-02-17,907.38760000000002
1919-02-18,905.2758
1919-02-19,909.95780000000002
1919-02-20,912.24829999999997
1919-02-21,921.87630000000001
1919-02-24,927.26469999999995
1919-02-25,924.77239999999995
1919-02-26,934.01959999999997
1919-02-27,935.98400000000004
1919-02-28,929.4153
1919-03-03,937.41240000000005
1919-03-04,928.34379999999999
1919-03-05,919.16650000000004
1919-03-06,929.98969999999997
1919-03-07,937.76930000000004
1919-03-10,949.02719999999999
1919-03-11,957.51319999999998
1919-03-12,956.97730000000001
1919-03-13,955.40890000000002
1919-03-14,952.53610000000003
1919-03-17,954.22850000000005
1919-03-18,950.86670000000004
1919-03-19,953.21130000000005
1919-03-20,947.83860000000004
1919-03-21,956.15660000000003
1919-03-24,948.60990000000004
1919-03-26,937.4221
1919-03-27,942.73019999999997
1919-03-28,952.0104
1919-03-31,952.51859999999999
1919-04-01,953.46820000000002
1919-04-02,956.62450000000001
1919-04-03,954.2088
1919-04-04,964.1508
1919-04-07,967.58299999999997
1919-04-08,968.53240000000005
1919-04-09,971.35760000000005
1919-04-10,964.96979999999996
1919-04-11,962.49890000000005
1919-04-14,965.43439999999998
1919-04-15,970.63170000000002
1919-04-16,967.71950000000004
1919-04-17,965.46929999999998
1919-04-21,973.97670000000005
1919-04-22,979.78070000000002
1919-04-23,980.39909999999998
1919-04-24,975.50099999999998
1919-04-25,980.03620000000001
1919-04-28,991.68769999999995
1919-04-29,992.74739999999997
1919-04-30,987.57339999999999
1919-05-01,993.21180000000004
1919-05-02,1001.1119
1919-05-05,1011.9357
1919-05-07,1020.1115
1919-05-08,1028.5630000000001
1919-05-09,1031.4981
1919-05-12,1029.8545999999999
1919-05-13,1036.8164999999999
1919-05-14,1050.2877000000001
1919-05-15,1044.8931
1919-05-16,1054.8338000000001
1919-05-19,1052.9694999999999
1919-05-20,1058.5523000000001
1919-05-21,1052.9921999999999
1919-05-22,1053.8309999999999
1919-05-23,1059.8549
1919-05-26,1085.4060999999999
1919-05-27,1084.4244000000001
1919-05-28,1085.2629999999999
1919-05-29,1095.2031999999999
1919-06-02,1101.6130000000001
1919-06-03,1077.2431999999999
1919-06-04,1088.7829999999999
1919-06-05,1104.4043999999999
1919-06-06,1101.4920999999999
1919-06-09,1100.3449000000001
1919-06-10,1083.2013999999999
1919-06-11,1080.1238000000001
1919-06-12,1079.0869
1919-06-13,1059.9580000000001
1919-06-16,1036.1406999999999
1919-06-17,1063.6762000000001
1919-06-18,1075.2156
1919-06-19,1070.8142
1919-06-20,1084.1405
1919-06-23,1083.3652
1919-06-24,1076.8317
1919-06-25,1075.2179000000001
1919-06-26,1076.9027000000001
1919-06-27,1082.6125999999999
1919-06-30,1083.4028000000001
1919-07-01,1088.4976999999999
1919-07-02,1092.6981000000001
1919-07-03,1102.2653
1919-07-07,1104.0616
1919-07-08,1107.9824000000001
1919-07-09,1115.5927999999999
1919-07-10,1109.2271000000001
1919-07-11,1110.2967000000001
1919-07-14,1123.6092000000001
1919-07-15,1123.896
1919-07-16,1131.6179999999999
1919-07-17,1123.0163
1919-07-18,1123.0236
1919-07-21,1097.9866
1919-07-22,1112.1931999999999
1919-07-23,1119.3561
1919-07-24,1112.8230000000001
1919-07-25,1114.0600999999999
1919-07-28,1119.0987
1919-07-29,1110.5531000000001
1919-07-30,1102.9580000000001
1919-07-31,1089.1578999999999
1919-08-01,1094.7554
1919-08-04,1047.0237999999999
1919-08-05,1037.6960999999999
1919-08-06,1059.5047999999999
1919-08-07,1022.1154
1919-08-08,1024.4709
1919-08-11,1043.5962
1919-08-12,1051.3179
1919-08-13,1044.4499000000001
1919-08-14,1031.9920999999999
1919-08-15,1029.7638999999999
1919-08-18,1007.6917
1919-08-19,1014.0719
1919-08-20,999.60209999999995
1919-08-21,1005.4792
1919-08-22,1019.126
1919-08-25,1033.0521000000001
1919-08-26,1041.8356000000001
1919-08-27,1026.6393
1919-08-28,1036.0935999999999
1919-08-29,1050.9697000000001
1919-09-02,1060.1443999999999
1919-09-03,1074.1818000000001
1919-09-04,1072.1212
1919-09-05,1060.8378
1919-09-08,1056.7092
1919-09-09,1067.8398999999999
1919-09-11,1063.0405000000001
1919-09-12,1058.5764999999999
1919-09-15,1072.6695999999999
1919-09-16,1072.7330999999999
1919-09-17,1064.1887999999999
1919-09-18,1055.7004999999999
1919-09-19,1050.0027
1919-09-22,1052.6741
1919-09-23,1056.9891
1919-09-24,1057.2801999999999
1919-09-25,1058.1947
1919-09-26,1068.6304
1919-09-29,1081.2762
1919-09-30,1090.0115000000001
1919-10-01,1096.1965
1919-10-02,1094.2204999999999
1919-10-03,1078.3033
1919-10-06,1105.0036
1919-10-07,1106.7112999999999
1919-10-08,1111.5359000000001
1919-10-09,1108.9933000000001
1919-10-10,1118.4648999999999
1919-10-14,1103.3413
1919-10-15,1105.6157000000001
1919-10-16,1102.5064
1919-10-17,1105.8575000000001
1919-10-20,1118.7293
1919-10-21,1118.3968
1919-10-22,1130.135
1919-10-23,1116.0318
1919-10-24,1126.1831
1919-10-27,1116.3869
1919-10-28,1122.0047
1919-10-29,1128.8124
1919-10-30,1126.3264999999999
1919-10-31,1135.7409
1919-11-03,1137.7883999999999
1919-11-05,1133.4324999999999
1919-11-06,1132.1366
1919-11-07,1131.9174
1919-11-10,1101.2679000000001
1919-11-11,1088.1287
1919-11-12,1060.9929
1919-11-13,1085.5373
1919-11-14,1097.8415
1919-11-17,1091.3325
1919-11-18,1073.6604
1919-11-19,1060.9749999999999
1919-11-20,1074.4123999999999
1919-11-21,1070.6235999999999
1919-11-24,1077.261
1919-11-25,1075.3987
1919-11-26,1061.9202
1919-11-28,1025.7760000000001
1919-12-01,1025.5006000000001
1919-12-02,1029.8149000000001
1919-12-03,1039.7955999999999
1919-12-04,1054.4226000000001
1919-12-05,1055.1669999999999
1919-12-08,1059.0845999999999
1919-12-09,1051.4994999999999
1919-12-10,1050.204
1919-12-11,1029.3033
1919-12-12,1018.5453
1919-12-15,1028.1857
1919-12-16,1041.6792
1919-12-17,1046.3332
1919-12-18,1024.8662999999999
1919-12-19,1035.8824999999999
1919-12-22,1028.6993
1919-12-23,1027.4947999999999
1919-12-24,1029.0497
1919-12-26,1042.1023
1919-12-29,1032.5621000000001
1919-12-30,1032.2199000000001
1919-12-31,1050.9634000000001
1920-01-02,1061.8311000000001
1920-01-05,1067.1224999999999
1920-01-06,1055.8003000000001
1920-01-07,1057.1827000000001
1920-01-08,1053.8511000000001
1920-01-09,1050.1747
1920-01-12,1033.0467000000001
1920-01-13,1035.9238
1920-01-14,1018.1636
1920-01-15,1028.9736
1920-01-16,1019.1464999999999
1920-01-19,1024.4378999999999
1920-01-20,1028.867
1920-01-21,1022.8914
1920-01-22,1020.5948
1920-01-23,1017.8385
1920-01-26,1029.0506
1920-01-27,1031.9849999999999
1920-01-28,1030.5506
1920-01-29,1026.702
1920-01-30,1032.0507
1920-02-02,1028.2596000000001
1920-02-03,1004.5223999999999
1920-02-04,979.923
1920-02-05,967.56730000000005
1920-02-06,965.32860000000005
1920-02-09,966.94110000000001
1920-02-10,934.40989999999999
1920-02-11,919.52549999999997
1920-02-13,940.16420000000005
1920-02-16,940.91449999999998
1920-02-17,964.77189999999996
1920-02-18,972.01739999999995
1920-02-19,984.60839999999996
1920-02-20,990.24429999999995
1920-02-24,977.14200000000005
1920-02-25,948.00310000000002
1920-02-26,963.12310000000002
1920-02-27,964.16070000000002
1920-03-01,973.53269999999998
1920-03-02,968.42010000000005
1920-03-03,966.87120000000004
1920-03-04,982.45069999999998
1920-03-05,983.94809999999995
1920-03-08,1009.9883
1920-03-09,1012.5776
1920-03-10,1035.9160999999999
1920-03-11,1037.5856000000001
1920-03-12,1024.8860999999999
1920-03-15,1041.6143999999999
1920-03-16,1037.9962
1920-03-17,1046.6777999999999
1920-03-18,1063.0609999999999
1920-03-19,1060.7464
1920-03-22,1060.1587
1920-03-23,1054.6769999999999
1920-03-24,1032.4156
1920-03-25,1037.4213
1920-03-26,1055.3030000000001
1920-03-29,1043.3543
1920-03-30,1043.9902
1920-03-31,1044.2765999999999
1920-04-01,1042.8734999999999
1920-04-05,1043.8007
1920-04-06,1054.7489
1920-04-07,1063.0170000000001
1920-04-08,1063.3616
1920-04-09,1059.3949
1920-04-12,1044.5916999999999
1920-04-13,1049.3059000000001
1920-04-14,1056.0009
1920-04-15,1048.5969
1920-04-16,1052.4371000000001
1920-04-19,1032.5074
1920-04-20,1011.2379
1920-04-21,981.34630000000004
1920-04-22,993.05160000000001
1920-04-23,979.12310000000002
1920-04-26,1008.8884
1920-04-27,997.1155
1920-04-28,985.75049999999999
1920-04-29,972.81259999999997
1920-04-30,972.34190000000001
1920-05-03,973.03629999999998
1920-05-04,979.78949999999998
1920-05-05,984.62019999999995
1920-05-06,984.67380000000003
1920-05-07,978.20259999999996
1920-05-10,980.17859999999996
1920-05-11,971.43560000000002
1920-05-12,961.93529999999998
1920-05-13,955.63900000000001
1920-05-14,962.3338
1920-05-17,962.03790000000004
1920-05-18,958.53800000000001
1920-05-19,926.3768
1920-05-20,932.66380000000004
1920-05-21,935.80510000000004
1920-05-24,928.05280000000005
1920-05-25,951.58280000000002
1920-05-26,950.99570000000006
1920-05-27,959.0883
1920-05-28,970.79250000000002
1920-06-01,958.08870000000002
1920-06-02,960.12300000000005
1920-06-03,960.87570000000005
1920-06-04,967.10410000000002
1920-06-07,960.92470000000003
1920-06-08,963.19190000000003
1920-06-09,964.46879999999999
1920-06-10,961.55160000000001
1920-06-11,969.99339999999995
1920-06-14,956.99879999999996
1920-06-15,956.7029
1920-06-16,960.89239999999995
1920-06-17,957.62580000000003
1920-06-18,964.35170000000005
1920-06-21,959.61490000000003
1920-06-22,949.67280000000005
1920-06-23,954.16369999999995
1920-06-24,955.46050000000002
1920-06-25,958.29510000000005
1920-06-28,954.74149999999997
1920-06-29,955.21010000000001
1920-06-30,958.16300000000001
1920-07-01,961.70740000000001
1920-07-02,969.62879999999996
1920-07-06,977.19529999999997
1920-07-07,987.42340000000002
1920-07-08,994.22090000000003
1920-07-09,999.89440000000002
1920-07-12,987.64589999999998
1920-07-13,982.02210000000002
1920-07-14,980.18380000000002
1920-07-15,971.07029999999997
1920-07-16,966.21559999999999
1920-07-19,967.74869999999999
1920-07-20,972.35760000000005
1920-07-21,972.41210000000001
1920-07-22,976.54769999999996
1920-07-23,967.73019999999997
1920-07-26,950.80970000000002
1920-07-27,950.4502
1920-07-28,945.35910000000001
1920-07-29,957.47940000000006
1920-07-30,949.72670000000005
1920-08-02,941.67840000000001
1920-08-03,953.02970000000005
1920-08-04,956.75120000000004
1920-08-05,942.7885
1920-08-06,945.2088
1920-08-09,932.01509999999996
1920-08-10,932.89779999999996
1920-08-11,946.31889999999999
1920-08-12,944.30340000000001
1920-08-13,955.12210000000005
1920-08-16,949.55809999999997
1920-08-17,940.85950000000003
1920-08-18,941.62379999999996
1920-08-19,951.73270000000002
1920-08-20,961.84140000000002
1920-08-23,965.20780000000002
1920-08-24,975.43470000000002
1920-08-25,972.65039999999999
1920-08-26,979.86090000000002
1920-08-27,977.07659999999998
1920-08-30,979.02350000000001
1920-08-31,979.90599999999995
1920-09-01,985.46050000000002
1920-09-02,993.97190000000001
1920-09-03,999.94039999999995
1920-09-07,1000.5861
1920-09-08,990.05449999999996
1920-09-09,997.50130000000001
1920-09-10,994.65790000000004
1920-09-13,985.90060000000005
1920-09-14,995.77210000000002
1920-09-15,996.83180000000004
1920-09-16,1005.9935
1920-09-17,1017.7323
1920-09-20,1015.0303
1920-09-21,1009.2673
1920-09-22,1006.6854
1920-09-23,1000.9826
1920-09-24,996.78020000000004
1920-09-27,982.91459999999995
1920-09-28,990.59640000000002
1920-09-29,988.9751
1920-09-30,988.19399999999996
1920-10-01,1003.3182
1920-10-04,1020.303
1920-10-05,1019.4618
1920-10-06,1022.6419
1920-10-07,1022.761
1920-10-08,1013.3972
1920-10-11,1008.0546000000001
1920-10-13,1015.4358999999999
1920-10-14,1021.0767
1920-10-15,1025.2170000000001
1920-10-18,1011.6521
1920-10-19,1016.0925
1920-10-20,1020.5928
1920-10-21,1013.3899
1920-10-22,1017.05
1920-10-25,1020.0499
1920-10-26,1020.4091
1920-10-27,1013.3262999999999
1920-10-28,1007.3238
1920-10-29,1013.2044
1920-11-01,1020.2852
1920-11-03,1029.9467
1920-11-04,1025.2646
1920-11-05,1019.0221
1920-11-08,996.81579999999997
1920-11-09,976.89009999999996
1920-11-10,985.29139999999995
1920-11-11,980.84950000000003
1920-11-12,947.30110000000002
1920-11-15,943.15940000000001
1920-11-16,947.65980000000002
1920-11-17,927.73479999999995
1920-11-18,919.75260000000003
1920-11-19,905.16899999999998
1920-11-22,952.15809999999999
1920-11-23,945.79610000000002
1920-11-24,941.8347
1920-11-26,937.75319999999999
1920-11-29,940.03309999999999
1920-11-30,933.61120000000005
1920-12-01,936.01099999999997
1920-12-02,941.17129999999997
1920-12-03,940.57050000000004
1920-12-06,931.08820000000003
1920-12-07,933.72799999999995
1920-12-08,926.94629999999995
1920-12-09,913.74360000000001
1920-12-10,902.10130000000004
1920-12-13,867.29549999999995
1920-12-14,889.97850000000005
1920-12-15,880.97680000000003
1920-12-16,875.87559999999996
1920-12-17,871.85770000000002
1920-12-20,854.3021
1920-12-21,834.18230000000005
1920-12-22,841.78309999999999
1920-12-23,869.47190000000001
1920-12-24,863.45659999999998
1920-12-27,860.18889999999999
1920-12-28,862.47749999999996
1920-12-29,885.22019999999998
1920-12-30,890.86680000000001
1920-12-31,905.24450000000002
1921-01-03,909.9751
1921-01-04,912.14139999999998
1921-01-05,912.78120000000001
1921-01-06,923.73940000000005
1921-01-07,932.74379999999996
1921-01-10,939.61109999999996
1921-01-11,938.60230000000001
1921-01-12,939.11990000000003
1921-01-13,926.51070000000004
1921-01-14,930.08109999999999
1921-01-17,932.06410000000005
1921-01-18,931.54369999999994
1921-01-19,940.3646
1921-01-20,935.02099999999996
1921-01-21,921.92370000000005
1921-01-24,924.15089999999998
1921-01-25,925.76739999999995
1921-01-26,929.09349999999995
1921-01-27,933.64059999999995
1921-01-28,939.95809999999994
1921-01-31,936.50739999999996
1921-02-01,927.92830000000004
1921-02-02,924.05020000000002
1921-02-03,915.47119999999995
1921-02-04,919.04139999999995
1921-02-07,919.74220000000003
1921-02-08,926.548
1921-02-09,924.80679999999995
1921-02-10,924.22550000000001
1921-02-11,919.43169999999998
1921-02-14,928.25210000000004
1921-02-15,928.22019999999998
1921-02-16,932.46180000000004
1921-02-17,927.36289999999997
1921-02-18,928.06359999999995
1921-02-21,919.36289999999997
1921-02-23,924.45910000000003
1921-02-24,916.36890000000005
1921-02-25,922.07560000000001
1921-02-28,916.12220000000002
1921-03-01,909.13109999999995
1921-03-02,914.83770000000004
1921-03-03,916.08789999999999
1921-03-04,917.21600000000001
1921-03-07,916.14639999999997
1921-03-08,912.20759999999996
1921-03-09,904.85029999999995
1921-03-10,890.35080000000005
1921-03-11,875.60709999999995
1921-03-14,880.82529999999997
1921-03-15,892.39210000000003
1921-03-16,909.63610000000006
1921-03-17,906.06370000000004
1921-03-18,911.53970000000004
1921-03-21,905.87
1921-03-22,911.11030000000005
1921-03-23,923.16930000000002
1921-03-24,920.10320000000002
1921-03-28,908.42079999999999
1921-03-29,923.95090000000005
1921-03-30,914.99599999999998
1921-03-31,910.13229999999999
1921-04-01,907.81010000000003
1921-04-04,902.32659999999998
1921-04-05,911.28599999999994
1921-04-06,914.72850000000005
1921-04-07,908.74919999999997
1921-04-08,903.14179999999999
1921-04-11,905.28269999999998
1921-04-12,908.97310000000004
1921-04-13,901.38229999999999
1921-04-14,889.88649999999996
1921-04-15,912.04819999999995
1921-04-18,909.60220000000004
1921-04-19,906.10249999999996
1921-04-20,905.82579999999996
1921-04-21,910.56989999999996
1921-04-22,921.01639999999998
1921-04-25,934.56190000000004
1921-04-26,937.44640000000004
1921-04-27,927.37649999999996
1921-04-28,936.14919999999995
1921-04-29,935.19069999999999
1921-05-02,944.33519999999999
1921-05-03,942.26099999999997
1921-05-04,949.97990000000004
1921-05-05,961.97529999999995
1921-05-06,960.76880000000006
1921-05-09,963.46699999999998
1921-05-10,958.1078
1921-05-11,949.58759999999995
1921-05-12,941.25350000000003
1921-05-13,942.52629999999999
1921-05-16,942.24959999999999
1921-05-17,944.45209999999997
1921-05-18,949.38160000000005
1921-05-19,942.28719999999998
1921-05-20,927.63149999999996
1921-05-23,925.37149999999997
1921-05-24,913.19510000000002
1921-05-25,913.53830000000005
1921-05-26,922.93020000000001
1921-05-27,917.57140000000004
1921-05-31,911.46889999999996
1921-06-01,912.49390000000005
1921-06-02,909.05640000000005
1921-06-03,905.74300000000005
1921-06-06,895.1164
1921-06-07,890.3777
1921-06-08,890.03920000000005
1921-06-09,878.91700000000003
1921-06-10,875.10799999999995
1921-06-13,874.21169999999995
1921-06-14,879.38909999999998
1921-06-15,872.7912
1921-06-16,865.75959999999998
1921-06-17,859.55820000000006
1921-06-20,821.79570000000001
1921-06-21,838.52329999999995
1921-06-22,839.94330000000002
1921-06-23,831.22130000000004
1921-06-24,841.01949999999999
1921-06-27,851.95150000000001
1921-06-28,860.36369999999999
1921-06-29,871.10659999999996
1921-06-30,880.71540000000005
1921-07-01,877.41089999999997
1921-07-05,872.02760000000001
1921-07-06,897.95129999999995
1921-07-07,898.74120000000005
1921-07-08,883.15319999999997
1921-07-11,887.40769999999998
1921-07-12,888.0086
1921-07-13,884.13710000000003
1921-07-14,878.43899999999996
1921-07-15,870.85119999999995
1921-07-18,877.3732
1921-07-19,884.65110000000004
1921-07-20,885.56700000000001
1921-07-21,887.11260000000004
1921-07-22,891.99670000000003
1921-07-25,905.69920000000002
1921-07-26,901.13499999999999
1921-07-27,902.17679999999996
1921-07-28,899.25019999999995
1921-07-29,899.09519999999998
1921-08-01,911.97850000000005
1921-08-02,921.33460000000002
1921-08-03,915.06970000000001
1921-08-04,911.1354
1921-08-05,898.69799999999998
1921-08-08,897.72410000000002
1921-08-09,893.78999999999996
1921-08-10,882.17150000000004
1921-08-11,876.03300000000002
1921-08-12,883.12139999999999
1921-08-15,878.17949999999996
1921-08-16,871.41110000000003
1921-08-17,877.68060000000003
1921-08-18,880.42290000000003
1921-08-19,876.86680000000001
1921-08-22,864.68190000000004
1921-08-23,861.37779999999998
1921-08-24,853.16110000000003
1921-08-25,855.58849999999995
1921-08-26,872.37609999999995
1921-08-29,878.01559999999995
1921-08-30,894.92899999999997
1921-08-31,888.85360000000003
1921-09-01,882.02260000000001
1921-09-02,892.95249999999999
1921-09-06,902.43370000000004
1921-09-07,909.58450000000005
1921-09-08,905.77650000000006
1921-09-09,917.39890000000003
1921-09-12,920.01499999999999
1921-09-13,933.21169999999995
1921-09-14,930.78930000000003
1921-09-15,920.68340000000001
1921-09-16,923.33119999999997
1921-09-19,913.96979999999996
1921-09-20,908.6386
1921-09-21,909.83219999999994
1921-09-22,922.09230000000002
1921-09-23,932.4973
1921-09-26,928.63739999999996
1921-09-27,922.21870000000001
1921-09-28,920.40570000000002
1921-09-29,931.51419999999996
1921-09-30,931.4923
1921-10-03,936.45979999999997
1921-10-04,930.42499999999995
1921-10-05,925.60559999999998
1921-10-06,924.24040000000002
1921-10-07,926.77710000000002
1921-10-10,927.58669999999995
1921-10-11,926.1576
1921-10-13,921.27430000000004
1921-10-14,912.74509999999998
1921-10-17,896.79610000000002
1921-10-18,903.10680000000002
1921-10-19,909.35350000000005
1921-10-20,916.94330000000002
1921-10-21,917.36919999999998
1921-10-24,928.34900000000005
1921-10-25,927.87940000000003
1921-10-26,925.74670000000003
1921-10-27,933.976
1921-10-28,945.46730000000002
1921-10-31,939.49689999999998
1921-11-01,941.00999999999999
1921-11-02,942.07550000000003
1921-11-03,946.01909999999998
1921-11-04,944.654
1921-11-07,947.89400000000001
1921-11-09,963.67039999999997
1921-11-10,962.56100000000004
1921-11-14,958.31759999999997
1921-11-15,962.58090000000004
1921-11-16,976.63009999999997
1921-11-17,977.24760000000003
1921-11-18,978.44069999999999
1921-11-21,976.30799999999999
1921-11-22,972.44839999999999
1921-11-23,972.8741
1921-11-25,986.15530000000001
1921-11-28,996.55840000000001
1921-11-29,999.03060000000005
1921-11-30,994.21159999999998
1921-12-01,998.98630000000003
1921-12-02,998.51639999999998
1921-12-05,996.89530000000002
1921-12-06,1001.3502
1921-12-07,996.40340000000003
1921-12-08,991.7124
1921-12-09,997.89400000000001
1921-12-12,1004.907
1921-12-13,1004.4372
1921-12-14,1006.0779
1921-12-15,1010.0209
1921-12-16,1007.8231
1921-12-19,1007.6322
1921-12-20,1005.365
1921-12-21,993.30060000000003
1921-12-22,988.76260000000002
1921-12-23,991.4914
1921-12-27,1003.3685
1921-12-28,1005.4485
1921-12-29,1001.6242999999999
1921-12-30,1005.8453
1922-01-03,991.38070000000005
1922-01-04,998.97540000000004
1922-01-05,990.93399999999997
1922-01-06,993.59789999999998
1922-01-09,991.85000000000002
1922-01-10,990.94550000000004
1922-01-11,1003.6655
1922-01-12,1007.6268
1922-01-13,1015.6106
1922-01-16,1024.4376999999999
1922-01-17,1033.3945000000001
1922-01-18,1036.5771
1922-01-19,1031.5201999999999
1922-01-20,1036.3896999999999
1922-01-23,1030.1002000000001
1922-01-24,1031.7906
1922-01-25,1031.1455000000001
1922-01-26,1021.6772
1922-01-27,1020.7077
1922-01-30,1021.8142
1922-01-31,1020.2609
1922-02-01,1022.665
1922-02-02,1033.8920000000001
1922-02-03,1039.0856000000001
1922-02-06,1049.6638
1922-02-07,1045.7748999999999
1922-02-08,1043.3133
1922-02-09,1050.5179000000001
1922-02-10,1046.9532999999999
1922-02-14,1056.623
1922-02-15,1058.8970999999999
1922-02-16,1058.5112999999999
1922-02-17,1056.6984
1922-02-20,1065.3949
1922-02-21,1074.9347
1922-02-23,1074.2246
1922-02-24,1075.5903000000001
1922-02-27,1070.5987
1922-02-28,1077.4784999999999
1922-03-01,1072.5517
1922-03-02,1079.4314999999999
1922-03-03,1081.1215999999999
1922-03-06,1074.5730000000001
1922-03-07,1083.0096000000001
1922-03-08,1082.9482
1922-03-09,1088.1412
1922-03-10,1090.8690999999999
1922-03-13,1093.7916
1922-03-14,1101.9036000000001
1922-03-15,1096.1985
1922-03-16,1101.3914
1922-03-17,1104.3924999999999
1922-03-20,1107.6792
1922-03-21,1107.8055999999999
1922-03-22,1099.4386999999999
1922-03-23,1094.1663000000001
1922-03-24,1097.3871999999999
1922-03-27,1090.4689000000001
1922-03-28,1097.0476000000001
1922-03-29,1108.5639000000001
1922-03-30,1119.8168000000001
1922-03-31,1119.9431999999999
1922-04-03,1130.7351000000001
1922-04-04,1123.4218000000001
1922-04-05,1137.2421999999999
1922-04-06,1146.4539
1922-04-07,1149.4768999999999
1922-04-10,1157.1083000000001
1922-04-11,1159.9994999999999
1922-04-12,1155.8463999999999
1922-04-13,1163.2802999999999
1922-04-17,1173.9401
1922-04-18,1157.6076
1922-04-19,1169.979
1922-04-20,1172.4093
1922-04-21,1178.1971000000001
1922-04-24,1177.3358000000001
1922-04-25,1177.396
1922-04-26,1167.8447000000001
1922-04-27,1157.4376
1922-04-28,1167.1096
1922-05-01,1178.3614
1922-05-02,1179.8042
1922-05-03,1181.8394000000001
1922-05-04,1177.6864
1922-05-05,1179.7874999999999
1922-05-08,1175.3053
1922-05-09,1171.6791000000001
1922-05-10,1159.8240000000001
1922-05-11,1159.4893999999999
1922-05-12,1168.4368999999999
1922-05-15,1166.8514
1922-05-16,1169.1500000000001
1922-05-17,1180.8620000000001
1922-05-18,1185.1353999999999
1922-05-19,1196.9791
1922-05-22,1203.4905000000001
1922-05-23,1202.1025
1922-05-24,1201.4386
1922-05-25,1197.6149
1922-05-26,1206.8252
1922-05-29,1219.3267000000001
1922-05-31,1205.8923
1922-06-01,1206.8081999999999
1922-06-02,1208.6458
1922-06-05,1205.0856000000001
1922-06-06,1201.7228
1922-06-07,1197.1093000000001
1922-06-08,1196.7746
1922-06-09,1180.115
1922-06-12,1151.2121
1922-06-13,1166.3463999999999
1922-06-14,1175.6221
1922-06-15,1158.5021999999999
1922-06-16,1155.327
1922-06-19,1160.9973
1922-06-20,1178.1528000000001
1922-06-21,1173.6065000000001
1922-06-22,1181.2799
1922-06-23,1181.8752999999999
1922-06-26,1191.5518
1922-06-27,1177.7242000000001
1922-06-28,1175.5151000000001
1922-06-29,1176.1772000000001
1922-06-30,1187.0554999999999
1922-07-03,1187.7176999999999
1922-07-05,1189.2478000000001
1922-07-06,1215.6835000000001
1922-07-07,1217.5474999999999
1922-07-10,1206.124
1922-07-11,1210.2581
1922-07-12,1218.5987
1922-07-13,1214.1194
1922-07-14,1214.9149
1922-07-17,1219.2492
1922-07-18,1227.6564000000001
1922-07-19,1231.1225999999999
1922-07-20,1230.3824
1922-07-21,1225.7028
1922-07-24,1210.2737
1922-07-25,1220.9509
1922-07-26,1211.8648000000001
1922-07-27,1235.8952999999999
1922-07-28,1238.8271999999999
1922-07-31,1250.0382
1922-08-01,1240.7519
1922-08-02,1243.4834000000001
1922-08-03,1247.0163
1922-08-04,1248.6128000000001
1922-08-07,1258.8888999999999
1922-08-08,1254.7436
1922-08-09,1254.0700999999999
1922-08-10,1252.6621
1922-08-11,1254.8595
1922-08-14,1240.8997999999999
1922-08-15,1252.1104
1922-08-16,1261.318
1922-08-17,1268.1886999999999
1922-08-18,1274.5254
1922-08-21,1298.8879999999999
1922-08-22,1302.6874
1922-08-23,1296.6727000000001
1922-08-24,1294.7973
1922-08-25,1292.0541000000001
1922-08-28,1280.4314999999999
1922-08-29,1299.5192999999999
1922-08-30,1305.1880000000001
1922-08-31,1304.3140000000001
1922-09-01,1307.4458
1922-09-05,1308.6414
1922-09-06,1295.3499999999999
1922-09-07,1305.2245
1922-09-08,1315.4327000000001
1922-09-11,1324.4391000000001
1922-09-12,1319.7599
1922-09-13,1309.0056
1922-09-14,1314.6741
1922-09-15,1316.4364
1922-09-18,1290.7402
1922-09-19,1303.0449000000001
1922-09-20,1304.7337
1922-09-21,1283.9738
1922-09-22,1285.4598000000001
1922-09-25,1291.2055
1922-09-26,1285.6595
1922-09-27,1265.0352
1922-09-28,1263.5461
1922-09-29,1268.4804999999999
1922-10-02,1277.0661
1922-10-03,1293.7652
1922-10-04,1302.2829999999999
1922-10-05,1304.9858999999999
1922-10-06,1307.2829999999999
1922-10-09,1318.1670999999999
1922-10-10,1312.0126
1922-10-11,1318.0962
1922-10-13,1326.2755999999999
1922-10-16,1333.7788
1922-10-17,1331.9516000000001
1922-10-18,1323.4306999999999
1922-10-19,1316.6002000000001
1922-10-20,1326.943
1922-10-23,1309.4976999999999
1922-10-24,1310.7806
1922-10-25,1309.6296
1922-10-26,1288.3984
1922-10-27,1296.9833000000001
1922-10-30,1270.7491
1922-10-31,1261.6878999999999
1922-11-01,1262.9709
1922-11-02,1289.2692999999999
1922-11-03,1296.5695000000001
1922-11-06,1284.7364
1922-11-08,1294.4703999999999
1922-11-09,1290.6828
1922-11-10,1274.6582000000001
1922-11-13,1247.2080000000001
1922-11-14,1224.2201
1922-11-15,1236.1176
1922-11-16,1230.5047999999999
1922-11-17,1237.0612000000001
1922-11-20,1241.9951000000001
1922-11-21,1238.8162
1922-11-22,1220.1557
1922-11-23,1214.7458999999999
1922-11-24,1213.5277000000001
1922-11-27,1191.0815
1922-11-28,1212.6461999999999
1922-11-29,1225.4897000000001
1922-12-01,1239.8204000000001
1922-12-04,1233.1262999999999
1922-12-05,1227.1758
1922-12-06,1240.4247
1922-12-07,1240.9640999999999
1922-12-08,1248.9398000000001
1922-12-11,1247.5862999999999
1922-12-12,1248.4637
1922-12-13,1254.2760000000001
1922-12-14,1254.2746
1922-12-15,1251.346
1922-12-18,1243.2743
1922-12-19,1249.1817000000001
1922-12-20,1246.8661
1922-12-21,1255.9942000000001
1922-12-22,1265.6704
1922-12-26,1269.5905
1922-12-27,1268.1657
1922-12-28,1256.3253
1922-12-29,1263.1919
1923-01-02,1269.7157999999999
1923-01-03,1274.2525000000001
1923-01-04,1266.0440000000001
1923-01-05,1270.3751999999999
1923-01-08,1261.2759000000001
1923-01-09,1252.7935
1923-01-10,1252.7393
1923-01-11,1256.9333999999999
1923-01-12,1264.1424
1923-01-15,1262.1695999999999
1923-01-16,1249.9186
1923-01-17,1250.3441
1923-01-18,1260.2937999999999
1923-01-19,1261.884
1923-01-22,1256.4853000000001
1923-01-23,1262.5978
1923-01-24,1263.3658
1923-01-25,1270.3688999999999
1923-01-26,1272.9183
1923-01-29,1279.2362000000001
1923-01-30,1271.7819
1923-01-31,1267.6849999999999
1923-02-01,1268.6585
1923-02-02,1279.4983999999999
1923-02-05,1298.8343
1923-02-06,1311.6611
1923-02-07,1311.3326
1923-02-08,1312.3743999999999
1923-02-09,1312.8680999999999
1923-02-13,1324.5298
1923-02-14,1319.6792
1923-02-15,1325.5171
1923-02-16,1331.0123000000001
1923-02-19,1333.2872
1923-02-20,1340.2212
1923-02-21,1342.4961000000001
1923-02-23,1338.4676999999999
1923-02-26,1330.3285000000001
1923-02-27,1331.7127
1923-02-28,1339.8112000000001
1923-03-01,1341.0585000000001
1923-03-02,1346.2109
1923-03-05,1353.1445000000001
1923-03-06,1351.7882
1923-03-07,1351.6650999999999
1923-03-08,1345.6500000000001
1923-03-09,1343.2660000000001
1923-03-12,1340.8820000000001
1923-03-13,1349.1858
1923-03-14,1353.3103000000001
1923-03-15,1347.1582000000001
1923-03-16,1337.1828
1923-03-19,1352.1839
1923-03-20,1354.2713000000001
1923-03-21,1353.9982
1923-03-22,1351.434
1923-03-23,1339.8443
1923-03-26,1321.1732
1923-03-27,1326.2460000000001
1923-03-28,1330.9717000000001
1923-03-29,1321.8815999999999
1923-04-02,1303.5579
1923-04-03,1306.7563
1923-04-04,1306.5527
1923-04-05,1311.9727
1923-04-06,1317.8785
1923-04-09,1314.2732000000001
1923-04-10,1312.1258
1923-04-11,1305.6045999999999
1923-04-12,1310.3302000000001
1923-04-13,1311.654
1923-04-16,1316.7959000000001
1923-04-17,1321.9378999999999
1923-04-18,1330.8981000000001
1923-04-19,1329.6532
1923-04-20,1317.0925
1923-04-23,1306.7534000000001
1923-04-24,1310.854
1923-04-25,1313.7049999999999
1923-04-26,1314.2651000000001
1923-04-27,1311.2153000000001
1923-04-30,1280.675
1923-05-01,1274.5015000000001
1923-05-02,1281.9341999999999
1923-05-03,1262.6404
1923-05-04,1262.5758000000001
1923-05-07,1230.3009
1923-05-08,1246.6193000000001
1923-05-09,1263.6319000000001
1923-05-10,1258.7774999999999
1923-05-11,1251.3547000000001
1923-05-14,1258.3708999999999
1923-05-15,1246.1583000000001
1923-05-16,1242.3453
1923-05-17,1240.9619
1923-05-18,1237.1489999999999
1923-05-21,1213.1357
1923-05-22,1222.7202
1923-05-23,1226.9597000000001
1923-05-24,1254.4532999999999
1923-05-25,1256.6102000000001
1923-05-28,1266.6804
1923-05-29,1269.3230000000001
1923-05-31,1268.356
1923-06-01,1242.3305
1923-06-04,1253.0947000000001
1923-06-05,1256.2231999999999
1923-06-06,1265.1824999999999
1923-06-07,1267.0616
1923-06-08,1265.8864000000001
1923-06-11,1278.3857
1923-06-12,1264.4386
1923-06-13,1263.7492999999999
1923-06-14,1259.5895
1923-06-15,1257.0975000000001
1923-06-18,1231.1034
1923-06-19,1229.405
1923-06-20,1207.9183
1923-06-21,1222.9097999999999
1923-06-22,1240.4362000000001
1923-06-25,1219.5130999999999
1923-06-26,1201.4773
1923-06-27,1179.2164
1923-06-28,1187.7996000000001
1923-06-29,1174.3413
1923-07-02,1181.5160000000001
1923-07-03,1165.3820000000001
1923-07-05,1169.3173999999999
1923-07-06,1177.337
1923-07-09,1187.0465999999999
1923-07-10,1179.1515999999999
1923-07-11,1170.3414
1923-07-12,1172.1641999999999
1923-07-13,1189.3378
1923-07-16,1191.2309
1923-07-17,1194.6731
1923-07-18,1197.9745
1923-07-19,1213.317
1923-07-20,1219.4349999999999
1923-07-23,1214.9905000000001
1923-07-24,1201.5329999999999
1923-07-25,1208.1438000000001
1923-07-26,1212.29
1923-07-27,1180.3841
1923-07-30,1178.8973000000001
1923-07-31,1163.7502999999999
1923-08-01,1176.8391999999999
1923-08-02,1174.3667
1923-08-06,1182.0337
1923-08-07,1192.0242000000001
1923-08-08,1182.2991999999999
1923-08-09,1183.136
1923-08-13,1186.7893999999999
1923-08-14,1193.1184000000001
1923-08-15,1200.8554999999999
1923-08-16,1206.7619
1923-08-17,1214.3579999999999
1923-08-20,1217.6591000000001
1923-08-21,1219.6927000000001
1923-08-22,1215.7416000000001
1923-08-23,1216.0150000000001
1923-08-24,1215.9363000000001
1923-08-27,1220.7863
1923-08-28,1230.0721000000001
1923-08-29,1236.6822
1923-08-30,1235.1249
1923-08-31,1237.8625
1923-09-04,1220.1819
1923-09-05,1230.5235
1923-09-06,1230.1632
1923-09-07,1231.9855
1923-09-10,1238.2435
1923-09-11,1242.1778999999999
1923-09-12,1222.8078
1923-09-13,1202.7337
1923-09-14,1200.1206
1923-09-17,1198.6339
1923-09-18,1190.1769999999999
1923-09-19,1198.1247000000001
1923-09-20,1190.4423999999999
1923-09-21,1190.1487
1923-09-24,1202.1005
1923-09-25,1189.7402999999999
1923-09-26,1197.8307
1923-09-27,1199.4857
1923-09-28,1191.702
1923-10-01,1195.1445000000001
1923-10-02,1196.5849000000001
1923-10-03,1222.1222
1923-10-04,1217.7707
1923-10-05,1214.0626999999999
1923-10-08,1213.7154
1923-10-09,1207.6478
1923-10-10,1200.1503
1923-10-11,1193.9398000000001
1923-10-15,1203.7460000000001
1923-10-16,1185.9521999999999
1923-10-17,1191.8255999999999
1923-10-18,1191.4784
1923-10-19,1193.9196999999999
1923-10-22,1191.9280000000001
1923-10-23,1191.0803000000001
1923-10-24,1190.2326
1923-10-25,1181.0193999999999
1923-10-26,1177.3832
1923-10-29,1180.5395000000001
1923-10-30,1177.4038
1923-10-31,1204.6552999999999
1923-11-01,1212.6020000000001
1923-11-02,1216.0442
1923-11-05,1220.1297
1923-11-07,1219.1389999999999
1923-11-08,1229.8739
1923-11-09,1235.5323000000001
1923-11-12,1236.9724000000001
1923-11-13,1239.9139
1923-11-14,1236.5636999999999
1923-11-15,1237.7892999999999
1923-11-16,1231.2218
1923-11-19,1240.8125
1923-11-20,1241.9665
1923-11-21,1253.6304
1923-11-22,1252.4965999999999
1923-11-23,1252.5066999999999
1923-11-26,1260.0951
1923-11-27,1258.1748
1923-11-28,1257.9703999999999
1923-11-30,1254.0482999999999
1923-12-03,1255.5597
1923-12-04,1258.4295
1923-12-05,1263.3725999999999
1923-12-06,1268.8875
1923-12-07,1275.5463999999999
1923-12-10,1270.6234999999999
1923-12-11,1263.4844000000001
1923-12-12,1269.6427000000001
1923-12-13,1274.0136
1923-12-14,1270.5920000000001
1923-12-17,1271.6744000000001
1923-12-18,1255.0985000000001
1923-12-19,1254.6081999999999
1923-12-20,1260.8379
1923-12-21,1257.1171999999999
1923-12-24,1264.7632000000001
1923-12-26,1275.7469000000001
1923-12-27,1269.2435
1923-12-28,1272.6809000000001
1923-12-31,1281.4150999999999
1924-01-02,1282.1677
1924-01-03,1276.6802
1924-01-04,1282.5845999999999
1924-01-07,1296.7605000000001
1924-01-08,1299.8349000000001
1924-01-09,1310.3103000000001
1924-01-10,1310.1195
1924-01-11,1310.5817
1924-01-14,1291.8887999999999
1924-01-15,1282.3381999999999
1924-01-16,1292.7408
1924-01-17,1291.0264
1924-01-18,1290.6180999999999
1924-01-21,1298.5536
1924-01-22,1297.855
1924-01-23,1301.1469999999999
1924-01-24,1308.6469999999999
1924-01-25,1323.3299999999999
1924-01-28,1324.6628000000001
1924-01-29,1321.9326000000001
1924-01-30,1323.1204
1924-01-31,1334.6107
1924-02-01,1335.6532999999999
1924-02-04,1342.0646999999999
1924-02-05,1341.5835999999999
1924-02-06,1343.4241999999999
1924-02-07,1336.1957
1924-02-08,1328.1692
1924-02-11,1339.5139999999999
1924-02-13,1327.5698
1924-02-14,1329.8457000000001
1924-02-15,1296.2089000000001
1924-02-18,1293.1886999999999
1924-02-19,1301.4138
1924-02-20,1298.5387000000001
1924-02-21,1308.0696
1924-02-25,1305.7747999999999
1924-02-26,1299.6351
1924-02-27,1301.4032
1924-02-28,1315.0693000000001
1924-02-29,1307.7688000000001
1924-03-03,1303.6604
1924-03-04,1308.6206
1924-03-05,1303.8593000000001
1924-03-06,1319.4839999999999
1924-03-07,1320.1637000000001
1924-03-10,1306.7693999999999
1924-03-11,1313.7608
1924-03-12,1313.1348
1924-03-13,1320.3438000000001
1924-03-14,1326.2469000000001
1924-03-17,1307.1215999999999
1924-03-18,1307.729
1924-03-19,1313.1241
1924-03-20,1305.7515000000001
1924-03-21,1306.0410999999999
1924-03-24,1308.2674
1924-03-25,1293.1858999999999
1924-03-26,1290.3305
1924-03-27,1284.1608000000001
1924-03-28,1280.0534
1924-03-31,1285.373
1924-04-01,1290.9136000000001
1924-04-02,1302.7141999999999
1924-04-03,1307.5918999999999
1924-04-04,1314.9735000000001
1924-04-07,1298.4195
1924-04-08,1292.7655999999999
1924-04-09,1285.5651
1924-04-10,1270.1161
1924-04-11,1280.4436000000001
1924-04-14,1260.4287999999999
1924-04-15,1266.6320000000001
1924-04-16,1271.5096000000001
1924-04-17,1279.9221
1924-04-21,1260.5704000000001
1924-04-22,1261.6921
1924-04-23,1272.4612999999999
1924-04-24,1270.7845
1924-04-25,1280.2279000000001
1924-04-28,1274.1324
1924-04-29,1271.5718999999999
1924-04-30,1272.9143999999999
1924-05-01,1288.3964000000001
1924-05-02,1284.3630000000001
1924-05-05,1289.4612
1924-05-06,1290.8036999999999
1924-05-07,1294.0608
1924-05-08,1291.6475
1924-05-09,1286.4358999999999
1924-05-12,1270.7673
1924-05-13,1272.9934000000001
1924-05-14,1266.2355
1924-05-15,1270.8919000000001
1924-05-16,1277.8309999999999
1924-05-19,1276.9643000000001
1924-05-20,1262.6215999999999
1924-05-21,1277.8818000000001
1924-05-22,1285.1890000000001
1924-05-23,1287.2678000000001
1924-05-26,1295.0903000000001
1924-05-27,1289.7317
1924-05-28,1285.6249
1924-05-29,1283.1380999999999
1924-06-02,1284.2596000000001
1924-06-03,1295.6902
1924-06-04,1293.7188000000001
1924-06-05,1294.9875
1924-06-06,1281.5291
1924-06-09,1293.2541000000001
1924-06-10,1298.4254000000001
1924-06-11,1315.8938000000001
1924-06-12,1319.8133
1924-06-13,1327.6353999999999
1924-06-16,1335.3101999999999
1924-06-17,1331.4979000000001
1924-06-18,1331.9565
1924-06-19,1337.0540000000001
1924-06-20,1336.4483
1924-06-23,1325.6273000000001
1924-06-24,1331.624
1924-06-25,1344.2728999999999
1924-06-26,1355.0532000000001
1924-06-27,1358.5831000000001
1924-06-30,1363.5331000000001
1924-07-01,1364.6712
1924-07-02,1364.0902000000001
1924-07-03,1366.7979
1924-07-07,1375.2608
1924-07-08,1384.9943000000001
1924-07-09,1384.4880000000001
1924-07-10,1375.5358000000001
1924-07-11,1383.2511
1924-07-14,1387.6030000000001
1924-07-15,1388.4421
1924-07-16,1387.6367
1924-07-17,1387.3545999999999
1924-07-18,1396.2655999999999
1924-07-21,1412.7999
1924-07-22,1417.3009999999999
1924-07-23,1419.6347000000001
1924-07-24,1423.3884
1924-07-25,1427.74
1924-07-28,1438.8927000000001
1924-07-29,1435.1723999999999
1924-07-30,1435.8617999999999
1924-07-31,1445.5943
1924-08-01,1444.191
1924-08-04,1452.5781999999999
1924-08-05,1447.1389999999999
1924-08-06,1447.4546
1924-08-07,1449.1152999999999
1924-08-08,1445.7689
1924-08-11,1464.0958000000001
1924-08-12,1454.0229999999999
1924-08-13,1452.9933000000001
1924-08-14,1463.8465000000001
1924-08-15,1476.7174
1924-08-18,1489.8871999999999
1924-08-19,1489.0068000000001
1924-08-20,1485.8097
1924-08-21,1476.7833000000001
1924-08-22,1463.8710000000001
1924-08-25,1459.8520000000001
1924-08-26,1460.0181
1924-08-27,1458.0168000000001
1924-08-28,1451.3822
1924-08-29,1465.299
1924-09-02,1477.2726
1924-09-03,1467.2752
1924-09-04,1453.1675
1924-09-05,1436.6686
1924-09-08,1439.6746000000001
1924-09-09,1451.4985999999999
1924-09-10,1438.2131999999999
1924-09-11,1444.5072
1924-09-12,1448.634
1924-09-15,1444.1668999999999
1924-09-16,1447.6958
1924-09-17,1465.2737
1924-09-18,1462.9736
1924-09-19,1464.1557
1924-09-22,1460.8438000000001
1924-09-23,1472.0803000000001
1924-09-24,1481.4982
1924-09-25,1476.1405
1924-09-26,1474.1168
1924-09-29,1463.9857
1924-09-30,1467.4176
1924-10-01,1475.3199
1924-10-02,1470.9473
1924-10-03,1455.1335999999999
1924-10-06,1450.9128000000001
1924-10-07,1448.8135
1924-10-08,1446.3353999999999
1924-10-09,1452.4192
1924-10-10,1437.2877000000001
1924-10-14,1409.2755999999999
1924-10-15,1420.739
1924-10-16,1419.4733000000001
1924-10-17,1431.1639
1924-10-20,1437.3991000000001
1924-10-21,1446.2861
1924-10-22,1451.9909
1924-10-23,1455.4226000000001
1924-10-24,1461.5818999999999
1924-10-27,1451.1484
1924-10-28,1459.3533
1924-10-29,1458.0875000000001
1924-10-30,1463.1859999999999
1924-10-31,1474.4213999999999
1924-11-03,1475.3526999999999
1924-11-05,1494.5431000000001
1924-11-06,1490.1709000000001
1924-11-07,1512.9979000000001
1924-11-10,1522.4145000000001
1924-11-11,1541.2257
1924-11-12,1540.5657000000001
1924-11-13,1539.7543000000001
1924-11-14,1549.7011
1924-11-17,1560.4811
1924-11-18,1576.4129
1924-11-19,1570.4494999999999
1924-11-20,1579.79
1924-11-21,1570.3416999999999
1924-11-24,1572.2574999999999
1924-11-25,1580.1584
1924-11-26,1580.6347000000001
1924-11-28,1586.4141999999999
1924-12-01,1581.9662000000001
1924-12-02,1586.7608
1924-12-03,1592.6159
1924-12-04,1604.6832999999999
1924-12-05,1597.9625000000001
1924-12-08,1595.4840999999999
1924-12-09,1600.1270999999999
1924-12-10,1585.2245
1924-12-11,1583.6554000000001
1924-12-12,1601.3285000000001
1924-12-15,1620.1377
1924-12-16,1623.9472000000001
1924-12-17,1638.4381000000001
1924-12-18,1646.414
1924-12-19,1652.4909
1924-12-22,1653.7765999999999
1924-12-23,1639.6442
1924-12-24,1650.2112999999999
1924-12-26,1669.6762000000001
1924-12-29,1667.0499
1924-12-30,1656.6763000000001
1924-12-31,1681.2036000000001
1925-01-02,1694.0716
1925-01-05,1680.0929000000001
1925-01-06,1701.9350999999999
1925-01-07,1703.2973
1925-01-08,1705.7333000000001
1925-01-09,1716.0696
1925-01-12,1720.8834999999999
1925-01-13,1724.3933
1925-01-14,1713.0227
1925-01-15,1691.7578000000001
1925-01-16,1695.0374999999999
1925-01-19,1705.2203
1925-01-20,1696.3810000000001
1925-01-21,1699.8140000000001
1925-01-22,1713.7550000000001
1925-01-23,1711.4354000000001
1925-01-26,1698.2245
1925-01-27,1696.5186000000001
1925-01-28,1705.9340999999999
1925-01-29,1705.2253000000001
1925-01-30,1716.5581999999999
1925-02-02,1698.8224
1925-02-03,1694.5853999999999
1925-02-04,1706.6851999999999
1925-02-05,1709.3510000000001
1925-02-06,1714.4712999999999
1925-02-09,1718.9011
1925-02-10,1714.741
1925-02-11,1707.7429999999999
1925-02-13,1710.0253
1925-02-16,1669.1277
1925-02-17,1677.3158000000001
1925-02-18,1699.2322999999999
1925-02-19,1693.9985999999999
1925-02-20,1715.2245
1925-02-24,1715.7427
1925-02-25,1722.3966
1925-02-26,1732.5016000000001
1925-02-27,1719.3683000000001
1925-03-02,1740.6704
1925-03-03,1752.6926000000001
1925-03-04,1731.3533
1925-03-05,1746.9799
1925-03-06,1755.2440999999999
1925-03-09,1735.8991000000001
1925-03-10,1716.0940000000001
1925-03-11,1723.5911000000001
1925-03-12,1740.2145
1925-03-13,1724.9344000000001
1925-03-16,1696.0035
1925-03-17,1674.1283000000001
1925-03-18,1668.5115000000001
1925-03-19,1679.2297000000001
1925-03-20,1700.2045000000001
1925-03-23,1652.0504000000001
1925-03-24,1641.6754000000001
1925-03-25,1664.7260000000001
1925-03-26,1643.857
1925-03-27,1651.1275000000001
1925-03-30,1618.8320000000001
1925-03-31,1640.2498000000001
1925-04-01,1653.5834
1925-04-02,1648.3388
1925-04-03,1645.5817999999999
1925-04-06,1677.0265999999999
1925-04-07,1671.2380000000001
1925-04-08,1666.3822
1925-04-09,1667.2783999999999
1925-04-13,1677.6578
1925-04-14,1692.4675999999999
1925-04-15,1692.9752000000001
1925-04-16,1691.6172999999999
1925-04-17,1701.2969000000001
1925-04-20,1698.0734
1925-04-21,1675.7288000000001
1925-04-22,1687.8179
1925-04-23,1689.8022000000001
1925-04-24,1679.7387000000001
1925-04-27,1681.1791000000001
1925-04-28,1689.6149
1925-04-29,1691.5216
1925-04-30,1690.1637000000001
1925-05-01,1702.1747
1925-05-04,1725.4558999999999
1925-05-05,1731.0932
1925-05-06,1736.7304999999999
1925-05-07,1743.8443
1925-05-08,1738.4445000000001
1925-05-11,1726.9046000000001
1925-05-12,1734.9512
1925-05-13,1733.5931
1925-05-14,1731.3802000000001
1925-05-15,1748.7536
1925-05-18,1759.9090000000001
1925-05-19,1773.6291000000001
1925-05-20,1777.0897
1925-05-21,1779.4621999999999
1925-05-22,1787.8191999999999
1925-05-25,1779.8545999999999
1925-05-26,1782.7711999999999
1925-05-27,1794.0037
1925-05-28,1795.9099000000001
1925-05-29,1804.5775000000001
1925-06-01,1796.0690999999999
1925-06-02,1799.8405
1925-06-03,1800.0367000000001
1925-06-04,1785.5440000000001
1925-06-05,1786.5952
1925-06-08,1763.2428
1925-06-09,1763.7501
1925-06-10,1759.2056
1925-06-11,1771.2149999999999
1925-06-12,1777.9395999999999
1925-06-15,1779.6901
1925-06-16,1791.8547000000001
1925-06-17,1793.6829
1925-06-18,1782.5326
1925-06-19,1791.2429
1925-06-22,1779.7117000000001
1925-06-23,1769.4402
1925-06-24,1779.1649
1925-06-25,1783.1427000000001
1925-06-26,1793.4182000000001
1925-06-29,1789.4446
1925-06-30,1808.6158
1925-07-01,1818.3400999999999
1925-07-02,1818.6963000000001
1925-07-03,1817.9503
1925-07-06,1825.0767000000001
1925-07-07,1831.337
1925-07-08,1830.7483999999999
1925-07-09,1819.0599999999999
1925-07-10,1814.5355
1925-07-13,1819.6938
1925-07-14,1833.2750000000001
1925-07-15,1837.2523000000001
1925-07-16,1840.4422999999999
1925-07-17,1843.2387000000001
1925-07-20,1851.8604
1925-07-21,1848.7528
1925-07-22,1838.4031
1925-07-23,1854.8177000000001
1925-07-24,1854.8588
1925-07-27,1864.9760000000001
1925-07-28,1862.5769
1925-07-29,1850.4956
1925-07-30,1846.5223000000001
1925-07-31,1841.4468999999999
1925-08-03,1862.1119000000001
1925-08-04,1868.8439000000001
1925-08-05,1867.7043000000001
1925-08-06,1866.0136
1925-08-07,1886.3633
1925-08-10,1886.4042999999999
1925-08-11,1889.8300999999999
1925-08-12,1889.635
1925-08-13,1901.9554000000001
1925-08-14,1914.5906
1925-08-17,1942.1025999999999
1925-08-18,1950.8018999999999
1925-08-19,1942.3416999999999
1925-08-20,1941.2019
1925-08-21,1949.7436
1925-08-24,1955.2944
1925-08-25,1957.7753
1925-08-26,1945.537
1925-08-27,1941.6423
1925-08-28,1938.1412
1925-08-31,1932.2
1925-09-01,1913.2717
1925-09-02,1885.8426999999999
1925-09-03,1913.1959999999999
1925-09-04,1926.6176
1925-09-08,1928.5476000000001
1925-09-09,1950.2334000000001
1925-09-10,1959.0896
1925-09-11,1970.2283
1925-09-14,1984.8300999999999
1925-09-15,1960.3925999999999
1925-09-16,1980.8186000000001
1925-09-17,1984.5585000000001
1925-09-18,1997.4031
1925-09-21,1985.5907999999999
1925-09-22,1984.8478
1925-09-23,1990.3959
1925-09-24,1972.7704000000001
1925-09-25,1986.4411
1925-09-28,1969.4528
1925-09-29,1978.3454999999999
1925-09-30,1961.3572999999999
1925-10-01,1973.2759000000001
1925-10-02,1984.3981000000001
1925-10-05,1988.1143999999999
1925-10-06,1968.0208
1925-10-07,1971.4983
1925-10-08,1983.2573
1925-10-09,1987.9292
1925-10-13,1989.8937000000001
1925-10-14,2005.9526000000001
1925-10-15,2006.4038
1925-10-16,2012.4292
1925-10-19,2017.3398
1925-10-20,2038.0168000000001
1925-10-21,2049.6956
1925-10-22,2054.4467
1925-10-23,2061.9050000000002
1925-10-26,2069.4429
1925-10-27,2060.0998
1925-10-28,2078.6264000000001
1925-10-29,2073.1053999999999
1925-10-30,2084.7838000000002
1925-11-02,2106.0967999999998
1925-11-04,2107.3440000000001
1925-11-05,2098.6379999999999
1925-11-06,2108.9625999999998
1925-11-09,2094.9216999999999
1925-11-10,2042.3425
1925-11-11,2078.1469000000002
1925-11-12,2091.6563000000001
1925-11-13,2128.9731000000002
1925-11-16,2082.8440999999998
1925-11-17,2086.2413000000001
1925-11-18,2054.2856999999999
1925-11-19,2083.4009000000001
1925-11-20,2083.1352999999999
1925-11-23,2042.1031
1925-11-24,2039.9267
1925-11-25,2069.8379
1925-11-27,2087.2483000000002
1925-11-30,2077.1893
1925-12-01,2084.5673000000002
1925-12-02,2090.5120999999999
1925-12-03,2098.2084
1925-12-04,2109.0895
1925-12-07,2117.9002999999998
1925-12-08,2112.8575000000001
1925-12-09,2097.5439000000001
1925-12-10,2111.2910999999999
1925-12-11,2123.6052
1925-12-14,2131.779
1925-12-15,2136.9272000000001
1925-12-16,2134.6709999999998
1925-12-17,2127.4785999999999
1925-12-18,2121.8510000000001
1925-12-21,2113.1947
1925-12-22,2128.1251000000002
1925-12-23,2151.4274999999998
1925-12-24,2163.9427000000001
1925-12-28,2168.6493999999998
1925-12-29,2161.2811000000002
1925-12-30,2163.9751999999999
1925-12-31,2173.7532000000001
1926-01-04,2186.7509
1926-01-05,2177.6116000000002
1926-01-06,2181.9960999999998
1926-01-07,2195.3159000000001
1926-01-08,2188.9940000000001
1926-01-11,2180.1768000000002
1926-01-12,2174.5794999999998
1926-01-13,2186.4499999999998
1926-01-14,2166.2022999999999
1926-01-15,2140.4007000000001
1926-01-18,2152.2714999999998
1926-01-19,2123.8942000000002
1926-01-20,2136.5697
1926-01-21,2114.4713999999999
1926-01-22,2131.8155000000002
1926-01-25,2144.7321999999999
1926-01-26,2137.5255000000002
1926-01-27,2154.7082999999998
1926-01-28,2164.5661
1926-01-29,2175.1484
1926-02-01,2164.1583999999998
1926-02-02,2180.2944000000002
1926-02-03,2190.6350000000002
1926-02-04,2199.3654999999999
1926-02-05,2197.1493
1926-02-08,2185.7572
1926-02-09,2198.5122000000001
1926-02-10,2211.0257999999999
1926-02-11,2219.1122
1926-02-15,2173.1898999999999
1926-02-16,2183.5300999999999
1926-02-17,2197.6532000000002
1926-02-18,2205.1761999999999
1926-02-19,2209.0771
1926-02-23,2182.2312999999999
1926-02-24,2180.4982
1926-02-25,2159.2869000000001
1926-02-26,2132.2808
1926-03-01,2098.0309999999999
1926-03-02,2053.6399000000001
1926-03-03,2015.1249
1926-03-04,2091.7055999999998
1926-03-05,2104.6212999999998
1926-03-08,2092.5862000000002
1926-03-09,2108.9625999999998
1926-03-10,2131.4558000000002
1926-03-11,2144.6931
1926-03-12,2151.8135000000002
1926-03-15,2115.5527000000002
1926-03-16,2108.3470000000002
1926-03-17,2096.3926999999999
1926-03-18,2063.9153000000001
1926-03-19,2051.2177000000001
1926-03-22,2073.2629000000002
1926-03-23,2052.326
1926-03-24,2012.7940000000001
1926-03-25,2021.8710000000001
1926-03-26,2032.9871000000001
1926-03-29,1965.2365
1926-03-30,1940.9567
1926-03-31,2009.7338999999999
1926-04-01,2008.3716999999999
1926-04-05,2019.8137999999999
1926-04-06,2039.1668
1926-04-07,2032.1769999999999
1926-04-08,2023.8824
1926-04-09,2026.3532
1926-04-12,1977.2809999999999
1926-04-13,2003.3212000000001
1926-04-14,1978.3081999999999
1926-04-15,1982.2472
1926-04-16,1977.4598000000001
1926-04-19,1983.5191
1926-04-20,1992.3510000000001
1926-04-21,2031.2759000000001
1926-04-22,2043.2882
1926-04-23,2062.6401000000001
1926-04-26,2066.5785999999998
1926-04-27,2067.8256999999999
1926-04-28,2078.2067000000002
1926-04-29,2078.5567000000001
1926-04-30,2067.8159000000001
1926-05-03,2026.9829
1926-05-04,2039.5658000000001
1926-05-05,2041.7918
1926-05-06,2047.932
1926-05-07,2025.7746
1926-05-10,2012.2615000000001
1926-05-11,2016.5262
1926-05-12,2026.6623
1926-05-13,2021.9565
1926-05-14,2017.4139
1926-05-17,2009.1203
1926-05-18,2007.5951
1926-05-19,2004.7650000000001
1926-05-20,2026.3175000000001
1926-05-21,2044.6895
1926-05-24,2058.4131000000002
1926-05-25,2062.3512000000001
1926-05-26,2069.1433999999999
1926-05-27,2078.6264999999999
1926-05-28,2089.9850000000001
1926-06-01,2074.9232000000002
1926-06-02,2085.7109999999998
1926-06-03,2100.3312000000001
1926-06-04,2109.2433000000001
1926-06-07,2115.0567000000001
1926-06-08,2111.9002999999998
1926-06-09,2118.2842999999998
1926-06-10,2124.913
1926-06-11,2144.1806999999999
1926-06-14,2166.71
1926-06-15,2158.0086999999999
1926-06-16,2174.0958000000001
1926-06-17,2197.3584000000001
1926-06-18,2182.4196999999999
1926-06-21,2211.0976000000001
1926-06-22,2207.0752000000002
1926-06-23,2189.6754999999998
1926-06-24,2198.9479000000001
1926-06-25,2189.8885
1926-06-28,2195.1145999999999
1926-06-29,2209.1763000000001
1926-06-30,2214.4023000000002
1926-07-01,2215.4168
1926-07-02,2227.0010000000002
1926-07-06,2226.777
1926-07-07,2234.0672
1926-07-08,2246.4769999999999
1926-07-09,2227.0133999999998
1926-07-12,2249.4144000000001
1926-07-13,2262.3191999999999
1926-07-14,2263.0859999999998
1926-07-15,2248.2467000000001
1926-07-16,2263.8762999999999
1926-07-19,2271.4962999999998
1926-07-20,2256.4095000000002
1926-07-21,2241.7354999999998
1926-07-22,2226.0709999999999
1926-07-23,2225.0214000000001
1926-07-26,2236.5221000000001
1926-07-27,2246.1237999999998
1926-07-28,2272.5693999999999
1926-07-29,2281.2627000000002
1926-07-30,2284.9191000000001
1926-08-02,2312.8506000000002
1926-08-03,2323.2775000000001
1926-08-04,2316.4479000000001
1926-08-05,2316.3886000000002
1926-08-06,2333.7509
1926-08-09,2356.7276000000002
1926-08-10,2319.5136000000002
1926-08-11,2304.8402999999998
1926-08-12,2335.5779000000002
1926-08-13,2356.0772000000002
1926-08-16,2370.4668999999999
1926-08-17,2346.7941000000001
1926-08-18,2354.9913000000001
1926-08-19,2334.0432999999998
1926-08-20,2333.5713000000001
1926-08-23,2348.1260000000002
1926-08-24,2325.9398000000001
1926-08-25,2317.8719999999998
1926-08-26,2331.8483000000001
1926-08-27,2334.7613000000001
1926-08-30,2347.3339999999998
1926-08-31,2367.9976999999999
1926-09-01,2384.2028
1926-09-02,2379.4373000000001
1926-09-03,2394.1561000000002
1926-09-07,2411.4342000000001
1926-09-08,2393.0464000000002
1926-09-09,2392.3263999999999
1926-09-10,2369.1502999999998
1926-09-13,2329.2150999999999
1926-09-14,2350.9513000000002
1926-09-15,2338.1781000000001
1926-09-16,2333.1655000000001
1926-09-17,2305.7498000000001
1926-09-20,2312.7999
1926-09-21,2326.0331000000001
1926-09-22,2315.2853
1926-09-23,2324.0898000000002
1926-09-24,2342.7538
1926-09-27,2343.7039
1926-09-28,2338.8053
1926-09-29,2331.4834999999998
1926-09-30,2338.7838999999999
1926-10-01,2356.7791000000002
1926-10-04,2316.1194
1926-10-05,2282.5621000000001
1926-10-06,2267.9715000000001
1926-10-07,2249.4542000000001
1926-10-08,2263.3553999999999
1926-10-11,2215.5949999999998
1926-10-13,2236.3474000000001
1926-10-14,2262.2797999999998
1926-10-15,2210.8436000000002
1926-10-18,2214.5513000000001
1926-10-19,2189.7683999999999
1926-10-20,2194.3117000000002
1926-10-21,2235.7006000000001
1926-10-22,2223.9515999999999
1926-10-25,2229.9983999999999
1926-10-26,2239.1365999999998
1926-10-27,2273.5066999999999
1926-10-28,2265.2667999999999
1926-10-29,2257.2775000000001
1926-11-01,2256.0556999999999
1926-11-03,2263.6062999999999
1926-11-04,2287.1977999999999
1926-11-05,2286.1430999999998
1926-11-08,2307.3114999999998
1926-11-09,2304.4186
1926-11-10,2287.5736000000002
1926-11-11,2300.6379000000002
1926-11-12,2305.3474999999999
1926-11-15,2305.2950999999998
1926-11-16,2318.6098000000002
1926-11-17,2307.5295000000001
1926-11-18,2300.2923000000001
1926-11-19,2277.9339
1926-11-22,2298.4331999999999
1926-11-23,2308.8238000000001
1926-11-24,2312.2800999999999
1926-11-26,2324.9261000000001
1926-11-29,2308.7501000000002
1926-11-30,2313.2091
1926-12-01,2318.7541000000001
1926-12-02,2327.8912
1926-12-03,2335.5245
1926-12-06,2336.6417000000001
1926-12-07,2335.3361
1926-12-08,2331.3571999999999
1926-12-09,2345.9243000000001
1926-12-10,2361.1594
1926-12-13,2362.3600000000001
1926-12-14,2369.4917
1926-12-15,2375.7878999999998
1926-12-16,2360.4479000000001
1926-12-17,2389.1010999999999
1926-12-20,2394.9189000000001
1926-12-21,2392.3665000000001
1926-12-22,2384.1493999999998
1926-12-23,2387.6846999999998
1926-12-24,2387.0770000000002
1926-12-27,2376.1543000000001
1926-12-28,2347.2233999999999
1926-12-29,2352.9569000000001
1926-12-30,2344.7401
1926-12-31,2355.8843999999999
1927-01-03,2332.6185999999998
1927-01-04,2334.3784000000001
1927-01-05,2334.1091000000001
1927-01-06,2330.7116999999998
1927-01-07,2340.3339999999998
1927-01-10,2352.3236999999999
1927-01-11,2346.8126000000002
1927-01-12,2346.7123000000001
1927-01-13,2343.0610999999999
1927-01-14,2339.4946
1927-01-17,2345.8195000000001
1927-01-18,2346.8182999999999
1927-01-19,2362.2737000000002
1927-01-20,2359.4679000000001
1927-01-21,2363.3411000000001
1927-01-24,2349.5450999999998
1927-01-25,2318.1648
1927-01-26,2328.4632000000001
1927-01-27,2320.2471
1927-01-28,2324.2049000000002
1927-01-31,2359.2728999999999
1927-02-01,2357.9045000000001
1927-02-02,2362.0311000000002
1927-02-03,2366.9185000000002
1927-02-04,2366.0572999999999
1927-02-07,2364.7734
1927-02-08,2379.9742999999999
1927-02-09,2381.4801000000002
1927-02-10,2385.0147999999999
1927-02-11,2394.2132999999999
1927-02-14,2407.8923
1927-02-15,2416.0763999999999
1927-02-16,2423.3305
1927-02-17,2443.4340000000002
1927-02-18,2454.7456999999999
1927-02-21,2439.0907999999999
1927-02-23,2461.1381000000001
1927-02-24,2455.3737000000001
1927-02-25,2456.3719000000001
1927-02-28,2474.1079
1927-03-01,2466.3991000000001
1927-03-02,2431.3861000000002
1927-03-03,2456.4762999999998
1927-03-04,2440.0608999999999
1927-03-07,2422.0394999999999
1927-03-08,2423.3759
1927-03-09,2440.7732999999998
1927-03-10,2455.9726999999998
1927-03-11,2461.4511000000002
1927-03-14,2469.2962000000002
1927-03-15,2448.4009999999998
1927-03-16,2472.8139000000001
1927-03-17,2481.5886999999998
1927-03-18,2460.2397000000001
1927-03-21,2474.5403000000001
1927-03-22,2444.3987999999999
1927-03-23,2455.1030000000001
1927-03-24,2473.1712000000002
1927-03-25,2469.1468
1927-03-28,2495.0925999999999
1927-03-29,2488.1568000000002
1927-03-30,2481.9917999999998
1927-03-31,2491.2397999999998
1927-04-01,2494.0657999999999
1927-04-04,2513.4177
1927-04-05,2526.0048999999999
1927-04-06,2523.9499000000001
1927-04-07,2527.9744999999998
1927-04-08,2534.3964000000001
1927-04-11,2545.2709
1927-04-12,2538.1641
1927-04-13,2543.9011
1927-04-14,2549.3811999999998
1927-04-18,2557.9434999999999
1927-04-19,2560.3407999999999
1927-04-20,2566.5056
1927-04-21,2576.0954000000002
1927-04-22,2590.4798000000001
1927-04-25,2548.011
1927-04-26,2561.625
1927-04-27,2560.5118000000002
1927-04-28,2530.2874000000002
1927-04-29,2545.0998
1927-05-02,2546.2984999999999
1927-05-03,2567.3611999999998
1927-05-04,2588.3380999999999
1927-05-05,2587.1392000000001
1927-05-06,2594.3310999999999
1927-05-09,2605.9753000000001
1927-05-10,2604.6052
1927-05-11,2596.1288
1927-05-12,2588.1660999999999
1927-05-13,2605.2894999999999
1927-05-16,2587.8231000000001
1927-05-17,2605.9738000000002
1927-05-18,2619.0729000000001
1927-05-19,2635.1686
1927-05-20,2654.8600000000001
1927-05-23,2656.9144999999999
1927-05-24,2649.8078999999998
1927-05-25,2653.9171000000001
1927-05-26,2663.6770000000001
1927-05-27,2673.779
1927-05-31,2682.0832
1927-06-01,2679.2574
1927-06-02,2677.6302000000001
1927-06-03,2644.6686
1927-06-06,2676.3453
1927-06-07,2660.1639
1927-06-08,2662.9886000000001
1927-06-09,2666.6694000000002
1927-06-10,2655.7962000000002
1927-06-14,2610.5929000000001
1927-06-15,2635.1631000000002
1927-06-16,2657.1648
1927-06-17,2662.2276000000002
1927-06-20,2653.7257
1927-06-21,2652.8503000000001
1927-06-22,2650.2417
1927-06-23,2625.1873000000001
1927-06-24,2628.9050000000002
1927-06-27,2595.0981999999999
1927-06-28,2601.4158000000002
1927-06-29,2604.0936999999999
1927-06-30,2604.0850999999998
1927-07-01,2623.4016999999999
1927-07-05,2666.4634000000001
1927-07-06,2681.8802000000001
1927-07-07,2676.2383
1927-07-08,2671.8966
1927-07-11,2687.4865
1927-07-12,2697.3568
1927-07-13,2710.2597999999998
1927-07-14,2720.3899000000001
1927-07-15,2724.7139000000002
1927-07-18,2734.3236000000002
1927-07-19,2747.3998000000001
1927-07-20,2756.1428999999998
1927-07-21,2754.4872999999998
1927-07-22,2752.7451000000001
1927-07-25,2769.9803999999999
1927-07-26,2777.1635000000001
1927-07-27,2780.5337
1927-07-28,2785.0304999999998
1927-07-29,2799.8391000000001
1927-08-01,2846.4499000000001
1927-08-02,2862.9045999999998
1927-08-03,2827.8869
1927-08-04,2845.0349999999999
1927-08-05,2816.5165000000002
1927-08-08,2777.5135
1927-08-09,2802.7202000000002
1927-08-10,2804.0106000000001
1927-08-11,2775.7525999999998
1927-08-12,2734.4971
1927-08-15,2801.9893999999999
1927-08-16,2824.6826999999998
1927-08-17,2829.1792
1927-08-18,2830.6426999999999
1927-08-19,2836.8721
1927-08-22,2862.4243999999999
1927-08-23,2869.3467999999998
1927-08-24,2877.6554000000001
1927-08-25,2872.8800999999999
1927-08-26,2883.7017000000001
1927-08-29,2885.6848
1927-08-30,2885.3285999999998
1927-08-31,2872.1484999999998
1927-09-01,2895.1001999999999
1927-09-02,2915.5391
1927-09-06,2950.2745
1927-09-07,2959.6224000000002
1927-09-08,2948.7818000000002
1927-09-09,2922.2584000000002
1927-09-12,2912.9776999999999
1927-09-13,2952.3914
1927-09-14,2962.5189
1927-09-15,2969.9602
1927-09-16,2965.8402999999998
1927-09-19,2935.0014000000001
1927-09-20,2954.7991000000002
1927-09-21,2946.8256000000001
1927-09-22,2920.8053
1927-09-23,2930.5282000000002
1927-09-26,2921.5038
1927-09-27,2930.7012
1927-09-28,2928.4222
1927-09-29,2938.2325000000001
1927-09-30,2980.7190999999998
1927-10-03,3024.6945000000001
1927-10-04,3002.2665999999999
1927-10-05,2998.2352000000001
1927-10-06,3010.0601000000001
1927-10-07,2983.5151999999998
1927-10-10,2891.0940000000001
1927-10-11,2888.4648000000002
1927-10-13,2911.6781000000001
1927-10-14,2910.1876999999999
1927-10-17,2865.3350999999998
1927-10-18,2872.9555
1927-10-19,2842.8202999999999
1927-10-20,2819.9558000000002
1927-10-21,2791.8357000000001
1927-10-24,2788.5938000000001
1927-10-25,2837.3854999999999
1927-10-26,2840.0126
1927-10-27,2828.5363000000002
1927-10-28,2785.6125999999999
1927-10-31,2784.1226999999999
1927-11-01,2783.5088000000001
1927-11-02,2818.8971000000001
1927-11-03,2846.2264
1927-11-04,2852.8829000000001
1927-11-07,2907.4540999999999
1927-11-09,2883.9774000000002
1927-11-10,2899.3056000000001
1927-11-11,2929.4371000000001
1927-11-14,2962.0209
1927-11-15,2954.9243999999999
1927-11-16,2947.4776999999999
1927-11-17,2958.4256999999998
1927-11-18,2972.0888
1927-11-21,2950.0138999999999
1927-11-22,2967.8816000000002
1927-11-23,2980.8438999999998
1927-11-25,2983.3827000000001
1927-11-28,2955.7901000000002
1927-11-29,2976.1098000000002
1927-11-30,2993.1010999999999
1927-12-01,2976.2822000000001
1927-12-02,3003.2584000000002
1927-12-05,3002.819
1927-12-06,2993.4456
1927-12-07,2976.9776000000002
1927-12-08,2952.1886
1927-12-09,2987.3977
1927-12-12,2990.2865999999999
1927-12-13,3004.5619000000002
1927-12-14,2986.4299000000001
1927-12-15,2992.9976999999999
1927-12-16,3014.6059
1927-12-19,3023.5270999999998
1927-12-20,3029.7026999999998
1927-12-21,3027.7303000000002
1927-12-22,3029.5664000000002
1927-12-23,3032.0223999999998
1927-12-27,3027.3930999999998
1927-12-28,3000.3582000000001
1927-12-29,3009.2791000000002
1927-12-30,3022.0965999999999
1928-01-03,3052.1833999999999
1928-01-04,3045.9187000000002
1928-01-05,3017.3571999999999
1928-01-06,3036.8198000000002
1928-01-09,3009.9737
1928-01-10,2988.2732000000001
1928-01-11,2985.4391999999998
1928-01-12,3006.6167
1928-01-13,3026.0790000000002
1928-01-16,2976.9371999999998
1928-01-17,2979.2487000000001
1928-01-18,2972.9847
1928-01-19,2994.1619999999998
1928-01-20,3011.9088000000002
1928-01-23,3039.9461000000001
1928-01-24,3052.5477000000001
1928-01-25,3020.5576000000001
1928-01-26,3040.0191
1928-01-27,3050.9054000000001
1928-01-30,3017.2004999999999
1928-01-31,3031.5167000000001
1928-02-01,3025.2527
1928-02-02,3042.9989
1928-02-03,3004.1498000000001
1928-02-06,3013.3207000000002
1928-02-07,3012.2017000000001
1928-02-08,3021.3728000000001
1928-02-09,3032.2586999999999
1928-02-10,3031.1397000000002
1928-02-14,3014.5859999999998
1928-02-15,3008.3220999999999
1928-02-16,3000.3433
1928-02-17,2947.7761
1928-02-20,2932.9378999999999
1928-02-21,2960.9731999999999
1928-02-23,2964.9992999999999
1928-02-24,2974.1703000000002
1928-02-27,2962.7620999999999
1928-02-28,2971.933
1928-02-29,2989.6781999999998
1928-03-01,2997.134
1928-03-02,2997.7301000000002
1928-03-05,3044.6282000000001
1928-03-06,3062.3728999999998
1928-03-07,3047.5347999999999
1928-03-08,3058.4200000000001
1928-03-09,3108.7467999999999
1928-03-12,3121.3467999999998
1928-03-13,3108.2238000000002
1928-03-14,3110.5342000000001
1928-03-15,3135.1374000000001
1928-03-16,3168.5288999999998
1928-03-19,3186.4641000000001
1928-03-20,3204.3989999999999
1928-03-21,3237.9508000000001
1928-03-22,3229.8571999999999
1928-03-23,3261.6734000000001
1928-03-26,3309.1061
1928-03-27,3290.6012999999998
1928-03-28,3282.5077999999999
1928-03-29,3293.5012999999999
1928-03-30,3351.3442
1928-04-02,3287.7251000000001
1928-04-03,3307.3941
1928-04-04,3302.7709
1928-04-05,3344.9965999999999
1928-04-09,3352.5194000000001
1928-04-10,3323.6043
1928-04-11,3383.1806000000001
1928-04-12,3378.5572999999999
1928-04-13,3434.6626999999999
1928-04-16,3426.5691000000002
1928-04-17,3399.3892000000001
1928-04-18,3399.9712
1928-04-19,3419.6388999999999
1928-04-20,3369.9034999999999
1928-04-23,3337.5191
1928-04-24,3355.4519
1928-04-25,3369.9142999999999
1928-04-26,3394.7869999999998
1928-04-27,3431.8047999999999
1928-04-30,3444.5319
1928-05-01,3450.3188
1928-05-02,3459.5756000000001
1928-05-03,3477.5075999999999
1928-05-04,3531.8746000000001
1928-05-07,3561.9511000000002
1928-05-08,3538.2422999999999
1928-05-09,3533.6188000000002
1928-05-10,3528.9953
1928-05-11,3555.6015000000002
1928-05-14,3570.0626999999999
1928-05-15,3561.9690999999998
1928-05-16,3503.5617999999999
1928-05-17,3516.2881000000002
1928-05-18,3482.1704
1928-05-21,3432.4387000000002
1928-05-22,3386.1770999999999
1928-05-23,3454.4212000000002
1928-05-24,3475.8218000000002
1928-05-25,3481.6080999999999
1928-05-28,3424.9376000000002
1928-05-29,3468.8921999999998
1928-05-31,3500.7017999999998
1928-06-01,3513.4274999999998
1928-06-04,3467.1669999999999
1928-06-05,3476.4232000000002
1928-06-06,3444.0421999999999
1928-06-07,3435.9497000000001
1928-06-08,3394.8946000000001
1928-06-11,3275.7714000000001
1928-06-12,3217.3690000000001
1928-06-13,3313.3676
1928-06-14,3341.7071000000001
1928-06-15,3287.7240999999999
1928-06-18,3228.6188000000002
1928-06-19,3218.6368000000002
1928-06-20,3259.5318000000002
1928-06-21,3258.3216000000002
1928-06-22,3255.357
1928-06-25,3243.6206999999999
1928-06-26,3281.0063
1928-06-27,3313.1287000000002
1928-06-28,3350.5138000000002
1928-06-29,3363.3380000000002
1928-07-02,3335.8125
1928-07-03,3390.7402999999999
1928-07-05,3424.616
1928-07-06,3409.3708999999999
1928-07-09,3422.1943999999999
1928-07-10,3417.4751999999999
1928-07-11,3333.8130000000001
1928-07-12,3309.7968999999998
1928-07-13,3336.6550000000002
1928-07-16,3291.5880000000002
1928-07-17,3309.6747
1928-07-18,3350.5663
1928-07-19,3344.0933
1928-07-20,3351.6541000000002
1928-07-23,3367.9859999999999
1928-07-24,3363.2671999999998
1928-07-25,3383.1073999999999
1928-07-26,3390.6678000000002
1928-07-27,3422.7871
1928-07-30,3432.1017999999999
1928-07-31,3425.6286
1928-08-01,3424.4178999999999
1928-08-02,3409.1738
1928-08-03,3414.9798999999998
1928-08-06,3454.1149999999998
1928-08-07,3438.8710999999998
1928-08-08,3397.3148999999999
1928-08-09,3406.6293000000001
1928-08-10,3398.402
1928-08-13,3405.9623000000001
1928-08-14,3378.4396999999999
1928-08-15,3438.6233000000002
1928-08-16,3463.7242000000001
1928-08-17,3469.5297
1928-08-20,3492.8764000000001
1928-08-21,3537.2718
1928-08-22,3534.3067000000001
1928-08-23,3538.3580000000002
1928-08-24,3595.0313000000001
1928-08-27,3602.5904999999998
1928-08-28,3631.1981000000001
1928-08-29,3638.7570000000001
1928-08-30,3644.5617000000002
1928-08-31,3690.7093
1928-09-04,3708.7921999999999
1928-09-05,3726.8748000000001
1928-09-06,3704.6149
1928-09-07,3731.4675000000002
1928-09-10,3702.1916000000001
1928-09-11,3730.7981
1928-09-12,3745.3724999999999
1928-09-13,3742.4067
1928-09-14,3742.9488999999999
1928-09-17,3776.8164999999999
1928-09-18,3751.0493000000001
1928-09-19,3751.5915
1928-09-20,3759.1496999999999
1928-09-21,3784.3161
1928-09-24,3797.3208
1928-09-25,3794.3802999999998
1928-09-26,3793.2114999999999
1928-09-27,3745.9796000000001
1928-09-28,3748.3544999999999
1928-10-01,3787.9339
1928-10-02,3770.8207000000002
1928-10-03,3759.0221000000001
1928-10-04,3772.0264000000002
1928-10-05,3765.5428000000002
1928-10-08,3746.6579999999999
1928-10-09,3759.6624999999999
1928-10-10,3801.0124000000001
1928-10-11,3819.3312000000001
1928-10-15,3844.7361999999998
1928-10-16,3857.7401
1928-10-17,3870.7437
1928-10-18,3880.2040999999999
1928-10-19,3902.0654
1928-10-22,3876.0945999999999
1928-10-23,3901.4989999999998
1928-10-24,3909.1876000000002
1928-10-25,3895.6179000000002
1928-10-26,3850.1606999999999
1928-10-29,3912.7667999999999
1928-10-30,3870.8528000000001
1928-10-31,3857.2831999999999
1928-11-01,3912.8024999999998
1928-11-02,3906.319
1928-11-05,3958.2948999999999
1928-11-07,4004.9555999999998
1928-11-08,3986.0713999999998
1928-11-09,4015.0169000000001
1928-11-12,4066.9915000000001
1928-11-13,4079.9935999999998
1928-11-14,4080.5954000000002
1928-11-15,4102.4546
1928-11-16,4163.2853999999998
1928-11-19,4163.8869000000004
1928-11-20,4199.9169000000002
1928-11-21,4138.5185000000001
1928-11-22,4192.2624999999998
1928-11-23,4224.7493000000004
1928-11-26,4243.0645000000004
1928-11-27,4263.1508000000003
1928-11-28,4313.3507
1928-11-30,4329.8937999999998
1928-12-03,4254.326
1928-12-04,4265.5551999999998
1928-12-05,4248.4425000000001
1928-12-06,4089.6221999999998
1928-12-07,3992.7997999999998
1928-12-10,3984.5453000000002
1928-12-11,4061.3148000000001
1928-12-12,4022.9475000000002
1928-12-13,4016.4641000000001
1928-12-14,4025.9227000000001
1928-12-17,4010.5826999999999
1928-12-18,4057.2386999999999
1928-12-19,4107.4367000000002
1928-12-20,4123.9796999999999
1928-12-21,4170.7952999999998
1928-12-24,4209.1104999999998
1928-12-26,4192.0056000000004
1928-12-27,4228.5325000000003
1928-12-28,4290.0873000000001
1928-12-31,4357.0047000000004
1929-01-02,4440.0111999999999
1929-01-03,4449.7212
1929-01-04,4448.7048000000004
1929-01-07,4342.2152999999998
1929-01-08,4328.6855999999998
1929-01-09,4395.6013000000003
1929-01-10,4403.5236999999997
1929-01-11,4397.1450000000004
1929-01-14,4406.8549999999996
1929-01-15,4343.2713999999996
1929-01-16,4403.0355
1929-01-17,4427.0465999999997
1929-01-18,4442.1192000000001
1929-01-21,4458.9793
1929-01-22,4497.2906000000003
1929-01-23,4524.8757999999998
1929-01-24,4497.0452999999998
1929-01-25,4572.8955999999998
1929-01-28,4550.4279999999999
1929-01-29,4552.9867999999997
1929-01-30,4569.8460999999998
1929-01-31,4622.4565000000002
1929-02-01,4641.1028999999999
1929-02-04,4606.1223
1929-02-05,4617.6184999999996
1929-02-06,4580.8509999999997
1929-02-07,4442.1947
1929-02-08,4394.7028
1929-02-11,4492.0002999999997
1929-02-13,4487.4089000000004
1929-02-14,4470.3051999999998
1929-02-15,4381.7016999999996
1929-02-18,4389.6234999999997
1929-02-19,4388.6076999999996
1929-02-20,4426.9162999999999
1929-02-21,4475.9495999999999
1929-02-25,4485.6584000000003
1929-02-26,4493.5796
1929-02-27,4547.9741999999997
1929-02-28,4609.5182000000004
1929-03-01,4653.1877000000004
1929-03-04,4593.1858000000002
1929-03-05,4563.5703000000003
1929-03-06,4492.8445000000002
1929-03-07,4534.7260999999999
1929-03-08,4564.0955000000004
1929-03-11,4500.5203000000001
1929-03-12,4504.8662000000004
1929-03-13,4553.8968999999997
1929-03-14,4642.2493000000004
1929-03-15,4705.7974999999997
1929-03-18,4699.2156000000004
1929-03-19,4698.0468000000001
1929-03-20,4696.8777
1929-03-21,4675.8612000000003
1929-03-22,4613.3447999999999
1929-03-25,4426.3294999999998
1929-03-26,4398.0968999999996
1929-03-27,4532.2532000000001
1929-03-28,4612.2793000000001
1929-04-01,4495.6351000000004
1929-04-02,4548.5959000000003
1929-04-03,4493.2988999999998
1929-04-04,4573.3238000000001
1929-04-05,4528.8527000000004
1929-04-08,4489.7947000000004
1929-04-09,4454.3454000000002
1929-04-10,4482.0455000000002
1929-04-11,4533.2007000000003
1929-04-12,4550.0749999999998
1929-04-15,4523.6471000000001
1929-04-16,4535.1085999999996
1929-04-17,4582.6544999999996
1929-04-18,4603.1368000000002
1929-04-19,4600.1639999999998
1929-04-22,4653.1220000000003
1929-04-23,4680.8207000000002
1929-04-24,4663.4141
1929-04-25,4642.3993
1929-04-26,4634.0141999999996
1929-04-29,4625.6287000000002
1929-04-30,4700.2349999999997
1929-05-01,4709.8910999999998
1929-05-02,4732.1764999999996
1929-05-03,4779.7196999999996
1929-05-06,4771.3339999999998
1929-05-07,4726.8656000000001
1929-05-08,4747.3463000000002
1929-05-09,4719.1157000000003
1929-05-10,4777.4823999999999
1929-05-13,4651.8298999999997
1929-05-14,4708.3926000000001
1929-05-15,4689.183
1929-05-16,4713.2716
1929-05-17,4735.5558000000001
1929-05-20,4609.9057000000003
1929-05-21,4666.4673000000003
1929-05-22,4497.5210999999999
1929-05-23,4597.3797999999997
1929-05-24,4563.7386999999999
1929-05-27,4398.4031000000004
1929-05-28,4469.3968000000004
1929-05-29,4475.4449999999997
1929-05-31,4513.9657999999999
1929-06-03,4593.9778999999999
1929-06-04,4661.3618999999999
1929-06-05,4652.9772000000003
1929-06-06,4662.6327000000001
1929-06-07,4643.4242000000004
1929-06-10,4597.1563999999998
1929-06-11,4626.6556
1929-06-12,4630.8991999999998
1929-06-13,4701.8891999999996
1929-06-14,4718.7601999999997
1929-06-17,4805.9845999999998
1929-06-18,4808.4232000000002
1929-06-19,4791.0189
1929-06-20,4818.7127
1929-06-21,4846.4080999999996
1929-06-24,4847.1022000000003
1929-06-25,4898.7723999999998
1929-06-26,4928.5955000000004
1929-06-27,4938.3917000000001
1929-06-28,4993.7020000000002
1929-07-01,5059.9349000000002
1929-07-02,5113.4237999999996
1929-07-03,5135.9633999999996
1929-07-05,5162.1439
1929-07-08,5171.9390999999996
1929-07-09,5156.2469000000001
1929-07-10,5142.3752000000004
1929-07-11,5153.9912999999997
1929-07-12,5211.1197000000002
1929-07-15,5189.9660000000003
1929-07-16,5227.0685000000003
1929-07-17,5240.5043999999998
1929-07-18,5230.2740999999996
1929-07-19,5249.1713
1929-07-22,5189.7880999999998
1929-07-23,5263.2986000000001
1929-07-24,5229.4022000000004
1929-07-25,5253.7602999999999
1929-07-26,5234.4279999999999
1929-07-29,5147.7401
1929-07-30,5206.6863000000003
1929-07-31,5276.5542999999998
1929-08-01,5313.6545999999998
1929-08-02,5401.7258000000002
1929-08-05,5398.7767000000003
1929-08-06,5379.4440999999997
1929-08-07,5325.5245000000004
1929-08-08,5388.1090000000004
1929-08-09,5190.3809000000001
1929-08-12,5353.0851000000002
1929-08-13,5401.1061
1929-08-14,5418.1806999999999
1929-08-15,5427.9737999999998
1929-08-16,5528.7833000000001
1929-08-19,5580.4435999999996
1929-08-20,5613.9000999999998
1929-08-21,5590.9269999999997
1929-08-22,5635.3054000000002
1929-08-23,5690.6049000000003
1929-08-26,5687.6552000000001
1929-08-27,5684.7052999999996
1929-08-28,5674.4741000000004
1929-08-29,5729.7726000000002
1929-08-30,5806.9139999999998
1929-09-03,5827.6268
1929-09-04,5810.1142
1929-09-05,5683.3874999999998
1929-09-06,5831.5172000000002
1929-09-09,5803.0834000000004
1929-09-10,5700.0209999999997
1929-09-11,5778.9809999999998
1929-09-12,5714.1437999999998
1929-09-13,5753.0582000000004
1929-09-16,5841.1183000000001
1929-09-17,5794.4835000000003
1929-09-18,5809.7348000000002
1929-09-19,5819.5258999999996
1929-09-20,5757.4817999999996
1929-09-23,5756.3671999999997
1929-09-24,5650.7052000000003
1929-09-25,5660.5962
1929-09-26,5712.6728000000003
1929-09-27,5555.6557000000003
1929-09-30,5536.2007000000003
1929-10-01,5503.9066000000003
1929-10-02,5544.9778999999999
1929-10-03,5316.4333999999999
1929-10-04,5262.1311999999998
1929-10-07,5591.1580999999996
1929-10-08,5573.5370999999996
1929-10-09,5561.4187000000002
1929-10-10,5661.1796000000004
1929-10-11,5652.7295000000004
1929-10-14,5614.9342999999999
1929-10-15,5569.8028999999997
1929-10-16,5376.1130000000003
1929-10-17,5459.3666000000003
1929-10-18,5304.1932999999999
1929-10-21,5101.3362999999999
1929-10-22,5201.0962
1929-10-23,4895.5358999999999
1929-10-24,4740.3671999999997
1929-10-25,4808.9489000000003
1929-10-28,4189.7786999999998
1929-10-29,3766.8512999999998
1929-10-30,4237.0793000000003
1929-10-31,4450.5465000000004
1929-11-04,4218.3561
1929-11-06,3802.7707
1929-11-07,3942.8786
1929-11-08,3908.7597999999998
1929-11-11,3667.4056
1929-11-12,3460.8978000000002
1929-11-13,3265.3953000000001
1929-11-14,3555.8843999999999
1929-11-15,3751.0077999999999
1929-11-18,3713.2229000000002
1929-11-19,3825.8184999999999
1929-11-20,3931.0774999999999
1929-11-21,3994.1563999999998
1929-11-22,3980.2114999999999
1929-11-25,3935.0907999999999
1929-11-26,3822.1174000000001
1929-11-27,3870.5246999999999
1929-12-02,3876.7528000000002
1929-12-03,4005.8490999999999
1929-12-04,4079.9292
1929-12-05,4047.6457999999998
1929-12-06,4154.7338
1929-12-09,4146.2902999999997
1929-12-10,4178.1908000000003
1929-12-11,4144.0736999999999
1929-12-12,3922.9092999999998
1929-12-13,4020.8269
1929-12-16,3953.703
1929-12-17,3996.6061
1929-12-18,3971.6595000000002
1929-12-19,3867.8611000000001
1929-12-20,3740.3515000000002
1929-12-23,3759.6359000000002
1929-12-24,3784.4863
1929-12-26,3868.7064999999998
1929-12-27,3865.7265000000002
1929-12-30,3879.4443000000001
1929-12-31,3984.0717
1930-01-02,3934.7091
1930-01-03,3944.7157999999999
1930-01-06,3995.5387000000001
1930-01-07,3961.0187999999998
1930-01-08,3958.0387000000001
1930-01-09,4019.9922999999999
1930-01-10,4007.7357999999999
1930-01-13,4002.9000999999998
1930-01-14,4011.0509999999999
1930-01-15,4028.4780999999998
1930-01-16,4001.3798999999999
1930-01-17,3966.8609000000001
1930-01-20,4002.8402000000001
1930-01-21,4023.9776999999999
1930-01-22,4028.4180999999999
1930-01-23,4068.1069000000002
1930-01-24,4105.9403000000002
1930-01-27,4138.2079999999996
1930-01-28,4118.5308000000005
1930-01-29,4165.6394
1930-01-30,4188.6306000000004
1930-01-31,4248.7245999999996
1930-02-03,4240.1778999999997
1930-02-04,4290.9957999999997
1930-02-05,4347.3784999999998
1930-02-06,4301.7294000000002
1930-02-07,4285.7622000000001
1930-02-10,4314.3180000000002
1930-02-11,4352.1487999999999
1930-02-13,4360.2981
1930-02-14,4359.1715999999997
1930-02-17,4343.2048000000004
1930-02-18,4347.6435000000001
1930-02-19,4309.4161000000004
1930-02-20,4230.3777
1930-02-21,4283.0483000000004
1930-02-24,4239.2563
1930-02-25,4241.8404
1930-02-26,4320.4808999999996
1930-02-27,4315.6449000000002
1930-02-28,4353.4740000000002
1930-03-03,4369.0424999999996
1930-03-04,4403.1612999999998
1930-03-05,4370.4997000000003
1930-03-06,4413.8931000000002
1930-03-07,4414.6216000000004
1930-03-10,4430.1898000000001
1930-03-11,4440.1931000000004
1930-03-12,4392.6926000000003
1930-03-13,4419.3905000000004
1930-03-14,4392.2948999999999
1930-03-17,4433.8321999999998
1930-03-18,4477.2237999999998
1930-03-19,4502.0658999999996
1930-03-20,4523.1980999999996
1930-03-21,4551.7561999999998
1930-03-24,4550.6058999999996
1930-03-25,4545.7075999999997
1930-03-26,4615.7654000000002
1930-03-27,4607.1189999999997
1930-03-28,4660.3112000000001
1930-03-31,4715.3769000000002
1930-04-01,4759.1990999999998
1930-04-02,4711.2011000000002
1930-04-03,4721.2930999999999
1930-04-04,4793.2223000000004
1930-04-07,4805.1877000000004
1930-04-08,4779.6760999999997
1930-04-09,4857.2259999999997
1930-04-10,4867.3172000000004
1930-04-11,4853.049
1930-04-14,4833.1593000000003
1930-04-15,4835.7556999999997
1930-04-16,4802.7496000000001
1930-04-17,4839.0742
1930-04-21,4753.6021000000001
1930-04-22,4793.6742000000004
1930-04-23,4803.7655999999997
1930-04-24,4767.0127000000002
1930-04-25,4762.1140999999998
1930-04-28,4657.9066000000003
1930-04-29,4653.0084999999999
1930-04-30,4685.5847999999996
1930-05-01,4573.8837000000003
1930-05-02,4437.8248000000003
1930-05-05,4327.9991
1930-05-06,4474.8729000000003
1930-05-07,4391.2799000000005
1930-05-08,4408.8671000000004
1930-05-09,4463.9281000000001
1930-05-12,4539.5987999999998
1930-05-13,4602.1534000000001
1930-05-14,4630.9814999999999
1930-05-15,4556.7582000000002
1930-05-16,4578.0916999999999
1930-05-19,4479.5114999999996
1930-05-20,4500.8451999999997
1930-05-21,4479.0852999999997
1930-05-22,4489.1768000000002
1930-05-23,4534.8672999999999
1930-05-26,4573.0627999999997
1930-05-27,4575.6596
1930-05-28,4602.6133
1930-05-29,4623.9458999999997
1930-06-02,4607.8065999999999
1930-06-03,4567.3109000000004
1930-06-04,4588.6433999999999
1930-06-05,4518.1710999999996
1930-06-06,4445.8257000000003
1930-06-09,4232.9647999999997
1930-06-10,4351.7222000000002
1930-06-11,4200.6899000000003
1930-06-12,4188.2996000000003
1930-06-13,4213.3801000000003
1930-06-16,3895.6073999999999
1930-06-17,3900.0803000000001
1930-06-18,3765.9142000000002
1930-06-19,3940.8751000000002
1930-06-20,3839.0331999999999
1930-06-23,3809.4346999999998
1930-06-24,3677.4627999999998
1930-06-25,3706.6350000000002
1930-06-26,3794.5771
1930-06-27,3759.2919999999999
1930-06-30,3883.2530999999999
1930-07-01,3842.2804999999998
1930-07-02,3884.7222999999999
1930-07-03,3845.6460000000002
1930-07-07,3766.7592
1930-07-08,3794.0346
1930-07-09,3849.7460000000001
1930-07-10,3947.1633000000002
1930-07-11,3906.1916000000001
1930-07-14,4060.4796000000001
1930-07-15,4053.6304
1930-07-16,4084.6957000000002
1930-07-17,4104.3864999999996
1930-07-18,4141.1381000000001
1930-07-21,3984.5297999999998
1930-07-22,4057.2997999999998
1930-07-23,4122.4866000000002
1930-07-24,4070.1415000000002
1930-07-25,4093.6230999999998
1930-07-28,4155.0173999999997
1930-07-29,4123.5250999999998
1930-07-30,4016.2076999999999
1930-07-31,4041.585
1930-08-01,4023.3625000000002
1930-08-04,4101.8166000000001
1930-08-05,4102.5501999999997
1930-08-06,4038.8334
1930-08-07,4016.8202999999999
1930-08-08,3867.8029999999999
1930-08-11,3893.1799000000001
1930-08-12,3795.3447000000001
1930-08-13,3847.2597999999998
1930-08-14,3849.8901000000001
1930-08-15,3952.9841999999999
1930-08-18,3923.3895000000002
1930-08-19,3962.0346
1930-08-20,3983.6197000000002
1930-08-21,3944.5479999999998
1930-08-22,3973.7148000000002
1930-08-25,3953.5983999999999
1930-08-26,4011.1977000000002
1930-08-27,4042.2595000000001
1930-08-28,4041.0981000000002
1930-08-29,4087.3236000000002
1930-09-02,4089.9524999999999
1930-09-03,4050.8813
1930-09-04,4023.1833000000001
1930-09-05,4084.5716000000002
1930-09-08,4140.2730000000001
1930-09-09,4165.6472999999996
1930-09-10,4185.335
1930-09-11,4159.5324000000001
1930-09-12,4118.5667000000003
1930-09-15,4060.5427
1930-09-16,4066.9627999999998
1930-09-17,4080.9643999999998
1930-09-18,4038.1041
1930-09-19,3965.7633999999998
1930-09-22,3868.7170000000001
1930-09-23,3921.2498000000001
1930-09-24,3858.7224000000001
1930-09-25,3786.607
1930-09-26,3729.8332999999998
1930-09-29,3621.2838000000002
1930-09-30,3570.2642999999998
1930-10-01,3730.1844999999998
1930-10-02,3684.9177
1930-10-03,3731.6967
1930-10-06,3577.1266999999998
1930-10-07,3579.8009999999999
1930-10-08,3538.3705
1930-10-09,3399.1437000000001
1930-10-10,3484.2746999999999
1930-10-14,3446.6803
1930-10-15,3503.047
1930-10-16,3442.4422
1930-10-17,3305.1356999999998
1930-10-20,3384.5129000000002
1930-10-21,3285.5585000000001
1930-10-22,3257.5533
1930-10-23,3304.3317999999999
1930-10-24,3420.1403
1930-10-27,3428.5675000000001
1930-10-28,3444.6646999999998
1930-10-29,3385.9796999999999
1930-10-30,3346.4699999999998
1930-10-31,3270.5282999999999
1930-11-03,3307.7183
1930-11-05,3210.6855
1930-11-06,3217.1961000000001
1930-11-07,3110.5772000000002
1930-11-10,3005.8764000000001
1930-11-11,3054.5709999999999
1930-11-12,3122.4396000000002
1930-11-13,3203.7296000000001
1930-11-14,3267.7622000000001
1930-11-17,3189.9065000000001
1930-11-18,3225.1777000000002
1930-11-19,3293.0444000000002
1930-11-20,3280.3805000000002
1930-11-21,3330.9902000000002
1930-11-24,3302.9872999999998
1930-11-25,3265.3978000000002
1930-11-26,3220.1392000000001
1930-11-28,3176.7981
1930-12-01,3258.0844999999999
1930-12-02,3289.5196999999998
1930-12-03,3234.6747999999998
1930-12-04,3187.4998000000001
1930-12-05,3190.1752000000001
1930-12-08,3102.7370999999998
1930-12-09,3105.4128999999998
1930-12-10,3058.239
1930-12-11,3024.4865
1930-12-12,3002.2379999999998
1930-12-15,2909.0506
1930-12-16,2813.9467
1930-12-17,2943.1622000000002
1930-12-18,2965.0108
1930-12-19,2998.8944999999999
1930-12-22,2900.1704
1930-12-23,2916.4139
1930-12-24,2956.0405000000001
1930-12-26,2896.2894000000001
1930-12-29,2871.6129999999998
1930-12-30,2938.5189999999998
1930-12-31,2993.7332999999999
1931-01-02,3093.7638000000002
1931-01-05,3110.0059999999999
1931-01-06,3149.6307000000002
1931-01-07,3142.4904000000001
1931-01-08,3170.4236999999998
1931-01-09,3139.9014000000002
1931-01-12,3095.7397000000001
1931-01-13,3059.3724999999999
1931-01-14,3095.0996
1931-01-15,3023.6599999999999
1931-01-16,3061.3355000000001
1931-01-19,3024.9688999999998
1931-01-20,3087.9740999999999
1931-01-21,3088.6282999999999
1931-01-22,3145.7874000000002
1931-01-23,3214.6365999999998
1931-01-26,3211.3935000000001
1931-01-27,3196.4598999999998
1931-01-28,3138.6610000000001
1931-01-29,3168.5410999999999
1931-01-30,3173.0918000000001
1931-02-02,3167.9002
1931-02-03,3184.1412
1931-02-04,3202.3303999999998
1931-02-05,3181.5518999999999
1931-02-06,3191.9475000000002
1931-02-09,3327.038
1931-02-10,3380.2966999999999
1931-02-11,3390.6913
1931-02-13,3371.8611000000001
1931-02-16,3403.6875
1931-02-17,3347.8391999999999
1931-02-18,3377.7172
1931-02-19,3423.1813000000002
1931-02-20,3478.3867
1931-02-24,3568.6610000000001
1931-02-25,3530.3474000000001
1931-02-26,3569.9656
1931-02-27,3543.3420000000001
1931-03-02,3444.6329999999998
1931-03-03,3441.3890000000001
1931-03-04,3410.8696
1931-03-05,3479.7107999999998
1931-03-06,3408.2786000000001
1931-03-09,3494.6536000000001
1931-03-10,3487.5131000000001
1931-03-11,3449.2013000000002
1931-03-12,3426.4756000000002
1931-03-13,3411.5428000000002
1931-03-16,3499.8638999999998
1931-03-17,3463.5009
1931-03-18,3508.9614000000001
1931-03-19,3548.5771
1931-03-20,3558.8764999999999
1931-03-23,3500.3868000000002
1931-03-24,3524.6619000000001
1931-03-25,3505.5844000000002
1931-03-26,3458.9189999999999
1931-03-27,3394.5189999999998
1931-03-30,3286.7676000000001
1931-03-31,3293.308
1931-04-01,3260.4380000000001
1931-04-02,3247.2732000000001
1931-04-06,3257.7548000000002
1931-04-07,3215.0327000000002
1931-04-08,3259.0129000000002
1931-04-09,3241.9074999999998
1931-04-10,3252.3888999999999
1931-04-13,3304.2505000000001
1931-04-14,3263.4994000000002
1931-04-15,3199.1028999999999
1931-04-16,3160.3229999999999
1931-04-17,3111.6909000000001
1931-04-20,3157.6405
1931-04-21,3075.5115000000001
1931-04-22,3013.0875000000001
1931-04-23,3027.5102999999999
1931-04-24,3028.1401000000001
1931-04-27,2924.3382999999999
1931-04-28,2907.2348000000002
1931-04-29,2848.7532999999999
1931-04-30,2991.2514000000001
1931-05-01,2905.1846999999998
1931-05-04,2986.6001000000001
1931-05-05,2963.5857999999998
1931-05-06,2978.0082000000002
1931-05-07,2966.8162000000002
1931-05-08,3063.9929000000002
1931-05-11,3015.3642
1931-05-12,2986.4391999999998
1931-05-13,2977.2174
1931-05-14,2912.8271
1931-05-15,2870.1107000000002
1931-05-18,2752.5234
1931-05-19,2751.1840000000002
1931-05-20,2736.0527000000002
1931-05-21,2764.2673
1931-05-22,2774.7494000000002
1931-05-25,2668.9861000000001
1931-05-26,2671.5875999999998
1931-05-27,2642.665
1931-05-28,2653.1473000000001
1931-05-29,2596.6419000000001
1931-06-01,2475.1196
1931-06-02,2436.3472999999999
1931-06-03,2618.2381
1931-06-04,2703.5880000000002
1931-06-05,2674.6660999999999
1931-06-08,2706.8200999999999
1931-06-09,2664.1071000000002
1931-06-10,2735.6642999999999
1931-06-11,2742.2055999999998
1931-06-12,2746.7768000000001
1931-06-15,2723.7660000000001
1931-06-16,2730.3072000000002
1931-06-17,2701.386
1931-06-18,2654.7339999999999
1931-06-19,2645.3526000000002
1931-06-22,2924.136
1931-06-23,2884.7557000000002
1931-06-24,3021.4647
1931-06-25,3002.0945000000002
1931-06-26,3074.7701000000002
1931-06-29,3023.3841000000002
1931-06-30,2971.9983000000002
1931-07-01,3020.6615000000002
1931-07-02,2995.2887999999998
1931-07-03,3059.9591999999998
1931-07-06,3028.5837999999999
1931-07-07,2911.1680999999999
1931-07-08,2883.7953000000002
1931-07-09,2908.4466000000002
1931-07-10,2937.0994999999998
1931-07-13,2857.7031999999999
1931-07-14,2830.3308999999999
1931-07-15,2772.9452999999999
1931-07-16,2841.6161999999999
1931-07-17,2868.2680999999998
1931-07-20,2906.9249
1931-07-21,2939.5789
1931-07-22,2872.1898000000001
1931-07-23,2872.8301000000001
1931-07-24,2811.4441999999999
1931-07-27,2824.0898000000002
1931-07-28,2854.7426999999998
1931-07-29,2767.3470000000002
1931-07-30,2779.9926
1931-07-31,2766.6275000000001
1931-08-03,2807.2842999999998
1931-08-04,2789.9176000000002
1931-08-05,2750.5423999999998
1931-08-06,2733.1763000000001
1931-08-07,2745.8216000000002
1931-08-10,2734.4578999999999
1931-08-11,2823.1316999999999
1931-08-12,2785.7581
1931-08-13,2830.4148
1931-08-14,2885.0749999999998
1931-08-17,2837.6979999999999
1931-08-18,2848.3418999999999
1931-08-19,2856.9852000000001
1931-08-20,2863.6275000000001
1931-08-21,2802.2462999999998
1931-08-24,2780.8791999999999
1931-08-25,2771.5162999999998
1931-08-26,2818.1723000000002
1931-08-27,2802.8074000000001
1931-08-28,2831.4571000000001
1931-08-31,2806.0891000000001
1931-09-01,2818.7334000000001
1931-09-02,2767.3571999999999
1931-09-03,2705.9785000000002
1931-09-04,2694.6156000000001
1931-09-08,2611.2307999999998
1931-09-09,2589.8654000000001
1931-09-10,2562.4983999999999
1931-09-11,2577.1439999999998
1931-09-14,2459.7511
1931-09-15,2438.3865999999998
1931-09-16,2405.0187999999998
1931-09-17,2449.6729
1931-09-18,2332.3323
1931-09-21,2225.1421999999998
1931-09-22,2199.3604
1931-09-23,2346.569
1931-09-24,2176.2896999999998
1931-09-25,2225.8092999999999
1931-09-28,2141.0084000000002
1931-09-29,2052.1378
1931-09-30,1981.5840000000001
1931-10-01,1945.6282000000001
1931-10-02,1980.9019000000001
1931-10-05,1802.4882
1931-10-06,2024.9920999999999
1931-10-07,1999.2121
1931-10-08,2170.8364000000001
1931-10-09,2157.2665999999999
1931-10-13,2066.3638999999998
1931-10-14,2020.2334000000001
1931-10-15,2057.5409
1931-10-16,2121.3038999999999
1931-10-19,2148.4353999999998
1931-10-20,2244.7582000000002
1931-10-21,2225.0832999999998
1931-10-22,2152.4978999999998
1931-10-23,2222.3645000000001
1931-10-26,2182.3398000000002
1931-10-27,2136.2105999999999
1931-10-28,2067.6967
1931-10-29,2076.5127000000002
1931-10-30,2142.3081000000002
1931-11-02,2157.2287000000001
1931-11-04,2223.0234
1931-11-05,2215.5590000000002
1931-11-06,2283.3878
1931-11-09,2367.4956000000002
1931-11-10,2319.3321999999998
1931-11-11,2285.4137000000001
1931-11-12,2277.9492
1931-11-13,2207.4027000000001
1931-11-16,2149.0662000000002
1931-11-17,2184.3350999999998
1931-11-18,2105.6500999999998
1931-11-19,2096.1516000000001
1931-11-20,2033.7465
1931-11-23,2003.8997999999999
1931-11-24,2039.1687999999999
1931-11-25,1970.6602
1931-11-27,1926.5700999999999
1931-11-30,1965.9085
1931-12-01,1942.1669999999999
1931-12-02,1875.6946
1931-12-03,1910.9631999999999
1931-12-04,1870.9437
1931-12-07,1926.5600999999999
1931-12-08,1872.2974999999999
1931-12-09,1824.1396
1931-12-10,1784.1213
1931-12-11,1729.8598
1931-12-14,1669.4944
1931-12-15,1692.5542
1931-12-16,1654.5716
1931-12-17,1612.5198
1931-12-18,1747.4264000000001
1931-12-21,1703.9607000000001
1931-12-22,1733.6527000000001
1931-12-23,1663.0146
1931-12-24,1665.5341000000001
1931-12-28,1624.1595
1931-12-29,1666.3924999999999
1931-12-30,1696.0841
1931-12-31,1700.6935000000001
1932-01-04,1584.0735999999999
1932-01-05,1582.4129
1932-01-06,1693.6199999999999
1932-01-07,1723.3109999999999
1932-01-08,1796.8945000000001
1932-01-11,1778.5121999999999
1932-01-12,1760.1300000000001
1932-01-13,1846.2530999999999
1932-01-14,1867.5825
1932-01-15,1872.1912
1932-01-18,1786.9262000000001
1932-01-19,1781.0845999999999
1932-01-20,1812.8643999999999
1932-01-21,1802.8427999999999
1932-01-22,1725.9396999999999
1932-01-25,1724.2787000000001
1932-01-26,1747.6980000000001
1932-01-27,1714.6865
1932-01-28,1690.0353
1932-01-29,1671.6541999999999
1932-02-01,1732.6935000000001
1932-02-02,1695.5025000000001
1932-02-03,1704.2914000000001
1932-02-04,1694.2705000000001
1932-02-05,1640.3603000000001
1932-02-08,1607.3499999999999
1932-02-09,1588.9699000000001
1932-02-10,1583.1294
1932-02-11,1713.1351999999999
1932-02-15,1792.9816000000001
1932-02-16,1864.4676999999999
1932-02-17,1789.6590000000001
1932-02-18,1838.1556
1932-02-19,1840.674
1932-02-23,1736.6077
1932-02-24,1780.9241
1932-02-25,1764.6338000000001
1932-02-26,1762.9727
1932-02-29,1752.9521
1932-03-01,1765.9200000000001
1932-03-02,1841.5833
1932-03-03,1842.0118
1932-03-04,1844.5300999999999
1932-03-07,1865.8567
1932-03-08,1899.7221
1932-03-09,1864.6235999999999
1932-03-10,1848.3335
1932-03-11,1804.8762999999999
1932-03-14,1761.4195999999999
1932-03-15,1761.8484000000001
1932-03-16,1720.4817
1932-03-17,1756.4366
1932-03-18,1701.664
1932-03-21,1710.5725
1932-03-22,1708.8720000000001
1932-03-23,1685.954
1932-03-24,1669.4014
1932-03-28,1612.5358000000001
1932-03-29,1610.8358000000001
1932-03-30,1645.2052000000001
1932-03-31,1554.3928000000001
1932-04-01,1527.2324000000001
1932-04-04,1502.194
1932-04-05,1432.6002000000001
1932-04-06,1390.5888
1932-04-07,1376.1596
1932-04-08,1340.5137999999999
1932-04-11,1294.26
1932-04-12,1292.5613000000001
1932-04-13,1276.011
1932-04-14,1333.7182
1932-04-15,1370.2086999999999
1932-04-18,1306.9825000000001
1932-04-19,1288.3108
1932-04-20,1288.7337
1932-04-21,1333.7102
1932-04-22,1274.7284999999999
1932-04-25,1290.0026
1932-04-26,1309.5197000000001
1932-04-27,1341.7660000000001
1932-04-28,1291.2713000000001
1932-04-29,1249.2632000000001
1932-05-02,1230.5923
1932-05-03,1214.0431000000001
1932-05-04,1231.4386
1932-05-05,1219.1324999999999
1932-05-06,1306.5376000000001
1932-05-09,1279.3807999999999
1932-05-10,1290.4113
1932-05-11,1288.7127
1932-05-12,1246.7059999999999
1932-05-13,1204.6995999999999
1932-05-16,1207.2443000000001
1932-05-17,1203.4246000000001
1932-05-18,1174.1475
1932-05-19,1180.9351999999999
1932-05-20,1181.3585
1932-05-23,1171.1747
1932-05-24,1124.9268
1932-05-25,1087.165
1932-05-26,1104.5599
1932-05-27,1045.5844999999999
1932-05-31,969.6386
1932-06-01,955.21299999999997
1932-06-02,1006.5499
1932-06-03,1060.0078000000001
1932-06-06,1098.6159
1932-06-07,1052.3698999999999
1932-06-08,993.39620000000002
1932-06-09,993.8202
1932-06-10,1068.4902999999999
1932-06-13,1047.7009
1932-06-14,1073.5803000000001
1932-06-15,1112.1872000000001
1932-06-16,1112.6107
1932-06-17,1050.2136
1932-06-20,1063.6940999999999
1932-06-21,1038.0363
1932-06-22,1038.4708000000001
1932-06-23,1045.4283
1932-06-24,1002.3762
1932-06-27,968.02189999999996
1932-06-28,968.45659999999998
1932-06-29,984.11149999999998
1932-06-30,967.15179999999998
1932-07-01,1004.5493
1932-07-05,983.24120000000005
1932-07-06,1005.4185
1932-07-07,973.23919999999998
1932-07-08,964.9769
1932-07-11,1006.7222
1932-07-12,1007.1568
1932-07-13,1055.4242999999999
1932-07-14,1049.336
1932-07-15,1080.2094
1932-07-18,1052.3789999999999
1932-07-19,1048.4649999999999
1932-07-20,1081.5121999999999
1932-07-21,1108.0367000000001
1932-07-22,1141.0834
1932-07-25,1202.394
1932-07-26,1185.4346
1932-07-27,1244.5704000000001
1932-07-28,1284.1385
1932-07-29,1323.7063000000001
1932-08-01,1341.5325
1932-08-02,1289.7871
1932-08-03,1403.2738999999999
1932-08-04,1431.9703
1932-08-05,1493.2777000000001
1932-08-08,1630.6775
1932-08-09,1622.4133999999999
1932-08-10,1679.3714
1932-08-11,1671.1070999999999
1932-08-12,1538.9222
1932-08-15,1635.0125
1932-08-16,1687.6215
1932-08-17,1651.0951
1932-08-18,1671.0933
1932-08-19,1656.3073999999999
1932-08-22,1758.9176
1932-08-23,1791.9592
1932-08-24,1831.5225
1932-08-25,1816.7360000000001
1932-08-26,1845.4291000000001
1932-08-29,1887.1658
1932-08-30,1863.6835000000001
1932-08-31,1846.7233000000001
1932-09-01,1864.5462
1932-09-02,1945.4129
1932-09-06,1961.0613000000001
1932-09-07,2048.4488000000001
1932-09-08,1974.9666
1932-09-09,1927.5717
1932-09-12,1797.5696
1932-09-13,1721.9154000000001
1932-09-14,1624.5231000000001
1932-09-15,1692.345
1932-09-16,1672.9003
1932-09-19,1622.5191
1932-09-20,1684.8429000000001
1932-09-21,1884.1795999999999
1932-09-22,1827.1685
1932-09-23,1858.5527999999999
1932-09-26,1779.4435000000001
1932-09-27,1799.7783999999999
1932-09-28,1851.0509999999999
1932-09-29,1794.0409999999999
1932-09-30,1790.0675000000001
1932-10-03,1786.0941
1932-10-04,1784.3304000000001
1932-10-05,1638.9291000000001
1932-10-06,1648.2148999999999
1932-10-07,1558.0600999999999
1932-10-10,1425.9201
1932-10-11,1528.0172
1932-10-13,1482.0590999999999
1932-10-14,1584.1551999999999
1932-10-17,1555.8753999999999
1932-10-18,1585.049
1932-10-19,1645.1587
1932-10-20,1608.0399
1932-10-21,1517.8883000000001
1932-10-24,1520.5451
1932-10-25,1505.5243
1932-10-26,1534.6975
1932-10-27,1548.4027000000001
1932-10-28,1579.7852
1932-10-31,1551.5064
1932-11-01,1507.7602999999999
1932-11-02,1455.1758
1932-11-03,1446.7845
1932-11-04,1535.6171999999999
1932-11-07,1615.6107999999999
1932-11-09,1545.3497
1932-11-10,1660.6964
1932-11-11,1714.1733999999999
1932-11-14,1659.3798999999999
1932-11-15,1659.8264999999999
1932-11-16,1609.4528
1932-11-17,1598.8517999999999
1932-11-18,1594.8794
1932-11-21,1610.7931000000001
1932-11-22,1604.6111000000001
1932-11-23,1534.3527999999999
1932-11-25,1519.3331000000001
1932-11-28,1524.1993
1932-11-29,1520.2273
1932-11-30,1469.8558
1932-12-01,1510.0739000000001
1932-12-02,1453.0744
1932-12-05,1468.9880000000001
1932-12-06,1542.3477
1932-12-07,1547.2136
1932-12-08,1547.6605
1932-12-09,1590.0869
1932-12-12,1588.3243
1932-12-13,1571.0957000000001
1932-12-14,1600.2650000000001
1932-12-15,1585.2457999999999
1932-12-16,1574.492
1932-12-19,1568.2050999999999
1932-12-20,1534.9271000000001
1932-12-21,1530.8895
1932-12-22,1479.6179999999999
1932-12-23,1480.0791999999999
1932-12-27,1489.5374999999999
1932-12-28,1487.7494999999999
1932-12-29,1521.9490000000001
1932-12-30,1560.6466
1933-01-03,1540.8647000000001
1933-01-04,1613.2998
1933-01-05,1607.0129999999999
1933-01-06,1632.2146
1933-01-09,1610.1836000000001
1933-01-10,1657.8766000000001
1933-01-11,1653.8389
1933-01-12,1634.0572
1933-01-13,1639.0163
1933-01-16,1596.7437
1933-01-17,1601.7028
1933-01-18,1572.9251999999999
1933-01-19,1580.1333
1933-01-20,1598.5868
1933-01-23,1592.3003000000001
1933-01-24,1581.5156999999999
1933-01-25,1608.9653000000001
1933-01-26,1598.1806999999999
1933-01-27,1596.3925999999999
1933-01-30,1583.3592000000001
1933-01-31,1574.8239000000001
1933-02-01,1514.5612000000001
1933-02-02,1488.0342000000001
1933-02-03,1483.9974
1933-02-06,1473.2138
1933-02-07,1487.1690000000001
1933-02-08,1505.6220000000001
1933-02-09,1537.5686000000001
1933-02-10,1515.54
1933-02-14,1439.5365999999999
1933-02-15,1431.0021999999999
1933-02-16,1397.7294999999999
1933-02-17,1420.6803
1933-02-20,1369.4166
1933-02-21,1360.8824999999999
1933-02-23,1298.3749
1933-02-24,1348.3124
1933-02-27,1265.5653
1933-02-28,1295.2626
1933-03-01,1320.462
1933-03-02,1293.9375
1933-03-03,1337.1276
1933-03-15,1555.7270000000001
1933-03-16,1583.1738
1933-03-17,1515.0139999999999
1933-03-20,1485.7075
1933-03-21,1417.5550000000001
1933-03-22,1399.6746000000001
1933-03-23,1429.7805000000001
1933-03-24,1430.1805999999999
1933-03-27,1394.0199
1933-03-28,1421.8405
1933-03-29,1390.2501999999999
1933-03-30,1386.0803000000001
1933-03-31,1340.7801999999999
1933-04-03,1345.7506000000001
1933-04-04,1353.0059000000001
1933-04-05,1364.8312000000001
1933-04-06,1388.0812000000001
1933-04-07,1404.4761000000001
1933-04-10,1500.8444999999999
1933-04-11,1494.3894
1933-04-12,1471.9396999999999
1933-04-13,1531.7478000000001
1933-04-17,1500.1585
1933-04-18,1530.2620999999999
1933-04-19,1640.3373999999999
1933-04-20,1796.1098999999999
1933-04-21,1709.6824999999999
1933-04-24,1817.4712
1933-04-25,1774.4571000000001
1933-04-26,1786.2801999999999
1933-04-27,1770.6849
1933-04-28,1800.7867000000001
1933-05-01,1938.2757999999999
1933-05-02,1945.5283999999999
1933-05-03,1934.5023000000001
1933-05-04,1989.7361000000001
1933-05-05,2010.6972000000001
1933-05-08,1919.7030999999999
1933-05-09,1933.8099
1933-05-10,2030.1688999999999
1933-05-11,2087.6860000000001
1933-05-12,2078.9445999999998
1933-05-15,1999.3756000000001
1933-05-16,2038.6143
1933-05-17,2059.5747000000001
1933-05-18,2048.5488
1933-05-19,2032.9534000000001
1933-05-22,1992.2262000000001
1933-05-23,2065.7345999999998
1933-05-24,2109.5414999999998
1933-05-25,2093.9461000000001
1933-05-26,2153.7453
1933-05-29,2254.6680999999999
1933-05-31,2223.0796999999998
1933-06-01,2246.3231999999998
1933-06-02,2335.8213999999998
1933-06-05,2322.5100000000002
1933-06-06,2316.0529000000001
1933-06-07,2357.5727000000002
1933-06-08,2378.5308
1933-06-09,2401.7732000000001
1933-06-12,2511.8301999999999
1933-06-13,2439.1192000000001
1933-06-14,2416.6696999999999
1933-06-15,2250.2923999999998
1933-06-16,2266.7456999999999
1933-06-19,2468.1736000000001
1933-06-20,2431.6039999999998
1933-06-21,2445.8685
1933-06-22,2363.0868
1933-06-23,2442.0488
1933-06-26,2514.0781999999999
1933-06-27,2539.8953000000001
1933-06-28,2507.9472999999998
1933-06-29,2485.2420999999999
1933-06-30,2524.9223999999999
1933-07-03,2689.3728000000001
1933-07-05,2673.5988000000002
1933-07-06,2743.3150000000001
1933-07-07,2769.1305000000002
1933-07-10,2746.4249
1933-07-11,2712.1666
1933-07-12,2749.5344
1933-07-13,2779.9706000000001
1933-07-14,2745.7127
1933-07-17,2783.0801000000001
1933-07-18,2827.3784999999998
1933-07-19,2689.1498000000001
1933-07-20,2451.5725000000002
1933-07-21,2239.4119000000001
1933-07-24,2436.2006999999999
1933-07-25,2395.0136000000002
1933-07-26,2457.7959000000001
1933-07-27,2478.9904000000001
1933-07-28,2421.6309999999999
1933-07-31,2311.1327999999999
1933-08-01,2380.8456999999999
1933-08-02,2436.6957000000002
1933-08-03,2407.0616
1933-08-04,2354.3240999999998
1933-08-07,2336.2424000000001
1933-08-08,2415.1950999999999
1933-08-09,2512.6300999999999
1933-08-10,2471.4448000000002
1933-08-11,2462.6042000000002
1933-08-14,2432.971
1933-08-15,2437.9922000000001
1933-08-16,2373.7046999999998
1933-08-17,2503.4816000000001
1933-08-18,2462.2972
1933-08-21,2501.9724999999999
1933-08-22,2541.6475
1933-08-23,2509.7044000000001
1933-08-24,2533.2071999999998
1933-08-25,2626.0169000000001
1933-08-28,2621.7966000000001
1933-08-29,2608.3353000000002
1933-08-30,2585.6333
1933-08-31,2583.7233000000001
1933-09-01,2616.4661000000001
1933-09-05,2526.7692000000002
1933-09-06,2529.4796999999999
1933-09-07,2495.2276000000002
1933-09-08,2486.3874999999998
1933-09-11,2595.3649999999998
1933-09-12,2579.5942
1933-09-13,2591.5450999999998
1933-09-14,2596.5655000000002
1933-09-15,2524.4810000000002
1933-09-18,2566.8892000000001
1933-09-19,2576.6329999999998
1933-09-20,2495.384
1933-09-21,2341.8085999999998
1933-09-22,2395.8824
1933-09-25,2372.9629
1933-09-26,2352.3766999999998
1933-09-27,2254.7984999999999
1933-09-28,2287.8741
1933-09-29,2271.9546
1933-10-02,2249.0360000000001
1933-10-03,2261.1136000000001
1933-10-04,2406.1752999999999
1933-10-05,2376.2574
1933-10-06,2351.0057000000002
1933-10-09,2414.4095000000002
1933-10-10,2393.8240000000001
1933-10-11,2396.5686999999998
1933-10-13,2305.9933999999998
1933-10-16,2157.0936999999999
1933-10-17,2227.4958999999999
1933-10-18,2125.2572
1933-10-19,2018.3535999999999
1933-10-20,2077.0906
1933-10-23,2114.8308000000002
1933-10-24,2199.2294999999999
1933-10-25,2257.9652999999998
1933-10-26,2214.0520000000001
1933-10-27,2237.7935000000002
1933-10-30,2121.5605
1933-10-31,2103.3099000000002
1933-11-01,2141.0488999999998
1933-11-02,2164.7903000000001
1933-11-03,2239.8548000000001
1933-11-06,2219.2714000000001
1933-11-08,2301.3335000000002
1933-11-09,2318.0756000000001
1933-11-10,2283.4949999999999
1933-11-13,2304.9025000000001
1933-11-14,2277.3208
1933-11-15,2252.0720000000001
1933-11-16,2357.4603999999999
1933-11-17,2332.2114999999999
1933-11-20,2404.9398000000001
1933-11-21,2375.0254
1933-11-22,2363.7732999999998
1933-11-23,2322.1956
1933-11-24,2355.2660000000001
1933-11-27,2281.0300000000002
1933-11-28,2283.7748999999999
1933-11-29,2326.1759999999999
1933-12-01,2333.5859999999998
1933-12-04,2331.6653000000001
1933-12-05,2402.058
1933-12-06,2386.1410000000001
1933-12-07,2402.8815
1933-12-08,2379.9665
1933-12-11,2429.3642
1933-12-12,2425.1102999999998
1933-12-13,2402.1952999999999
1933-12-14,2411.9375
1933-12-15,2374.4796000000001
1933-12-18,2304.1734000000001
1933-12-19,2299.8908999999999
1933-12-20,2257.8813
1933-12-21,2253.5990000000002
1933-12-22,2327.1287000000002
1933-12-26,2261.54
1933-12-27,2292.6264999999999
1933-12-28,2359.0816
1933-12-29,2354.7991000000002
1934-01-02,2388.2428
1934-01-03,2355.6655000000001
1934-01-04,2349.0252
1934-01-05,2318.8062
1934-01-08,2307.4503
1934-01-09,2333.8200999999999
1934-01-10,2397.9151000000002
1934-01-11,2410.1374999999998
1934-01-12,2382.2764999999999
1934-01-15,2517.1053000000002
1934-01-16,2529.3267999999998
1934-01-17,2522.6858999999999
1934-01-18,2516.0450999999998
1934-01-19,2587.2111
1934-01-22,2582.9279999999999
1934-01-23,2616.3690999999999
1934-01-24,2633.3054999999999
1934-01-25,2633.7377000000001
1934-01-26,2610.5925999999999
1934-01-29,2651.1064000000001
1934-01-30,2684.5466999999999
1934-01-31,2647.2552999999998
1934-02-01,2716.0608000000002
1934-02-02,2714.1350000000002
1934-02-05,2799.4432999999999
1934-02-06,2802.2325000000001
1934-02-07,2715.4303
1934-02-08,2727.6505000000002
1934-02-09,2652.6374999999998
1934-02-13,2662.5
1934-02-14,2679.4355999999998
1934-02-15,2731.7354
1934-02-16,2739.2399
1934-02-19,2697.2348999999999
1934-02-20,2707.0972000000002
1934-02-21,2714.6019000000001
1934-02-23,2644.3065000000001
1934-02-26,2541.0057000000002
1934-02-27,2569.7287999999999
1934-02-28,2558.3735999999999
1934-03-01,2549.3757999999998
1934-03-02,2632.3220000000001
1934-03-05,2618.6089000000002
1934-03-06,2588.3935000000001
1934-03-07,2522.8157000000001
1934-03-08,2570.3980999999999
1934-03-09,2554.3281000000002
1934-03-12,2608.9825999999998
1934-03-13,2609.4149000000002
1934-03-14,2612.2044999999998
1934-03-15,2570.2026000000001
1934-03-16,2577.6194
1934-03-19,2489.8978000000002
1934-03-20,2540.3483000000001
1934-03-21,2490.7437
1934-03-22,2536.4292
1934-03-23,2510.6475
1934-03-26,2553.9504000000002
1934-03-27,2485.2887000000001
1934-03-28,2492.8582999999999
1934-03-29,2533.7784999999999
1934-04-02,2567.5520000000001
1934-04-03,2587.0320000000002
1934-04-04,2594.6010000000001
1934-04-05,2602.1700000000001
1934-04-06,2614.5034000000001
1934-04-09,2595.8685999999998
1934-04-10,2634.4052999999999
1934-04-11,2632.4456
1934-04-12,2625.7217000000001
1934-04-13,2616.6154999999999
1934-04-16,2576.5423000000001
1934-04-17,2603.1678999999999
1934-04-18,2636.9395
1934-04-19,2642.1259
1934-04-20,2668.7511
1934-04-23,2652.4989999999998
1934-04-24,2631.4829
1934-04-25,2617.6131
1934-04-26,2582.3049000000001
1934-04-27,2585.1095
1934-04-30,2504.5436
1934-05-01,2504.9663999999998
1934-05-02,2455.3672999999999
1934-05-03,2465.3181
1934-05-04,2472.8872000000001
1934-05-07,2351.8296999999998
1934-05-08,2409.4200000000001
1934-05-09,2369.3501000000001
1934-05-10,2314.9886000000001
1934-05-11,2291.5927999999999
1934-05-14,2268.1970999999999
1934-05-15,2311.4951999999998
1934-05-16,2295.2453
1934-05-17,2302.8146000000002
1934-05-18,2365.1673000000001
1934-05-21,2370.3543
1934-05-22,2318.3764000000001
1934-05-23,2297.3631999999998
1934-05-24,2304.9324000000001
1934-05-25,2331.5562
1934-05-28,2362.9432999999999
1934-05-29,2353.8393000000001
1934-05-31,2311.3899999999999
1934-06-01,2257.0320000000002
1934-06-04,2283.6554999999998
1934-06-05,2338.8602000000001
1934-06-06,2344.0470999999998
1934-06-07,2337.3252000000002
1934-06-08,2447.3096
1934-06-11,2428.6783999999998
1934-06-12,2455.3006999999998
1934-06-13,2455.7235999999998
1934-06-14,2420.4205999999999
1934-06-15,2464.0709999999999
1934-06-18,2498.1875
1934-06-19,2455.2266
1934-06-20,2429.1266000000001
1934-06-21,2405.4355999999998
1934-06-22,2352.8409999999999
1934-06-25,2346.0108
1934-06-26,2401.8045000000002
1934-06-27,2394.9742000000001
1934-06-28,2407.4126000000001
1934-06-29,2366.8618999999999
1934-07-02,2338.3544999999999
1934-07-03,2331.5243999999998
1934-07-05,2370.4569000000001
1934-07-06,2392.5295000000001
1934-07-09,2385.6993000000002
1934-07-10,2400.5459999999998
1934-07-11,2412.9841000000001
1934-07-12,2394.1113999999998
1934-07-13,2399.3238999999999
1934-07-16,2349.1406999999999
1934-07-17,2339.9023999999999
1934-07-18,2378.8337000000001
1934-07-19,2355.1444999999999
1934-07-20,2290.5115999999998
1934-07-23,2199.3861000000002
1934-07-24,2175.6977999999999
1934-07-25,2195.3616000000002
1934-07-26,2024.7596000000001
1934-07-27,2082.9582999999998
1934-07-30,2100.2136999999998
1934-07-31,2103.0185999999999
1934-08-01,2168.4416999999999
1934-08-02,2183.2882
1934-08-03,2157.1922
1934-08-06,2111.8296999999998
1934-08-07,2107.4095000000002
1934-08-08,2141.5228000000002
1934-08-09,2214.1693
1934-08-10,2166.3987999999999
1934-08-13,2224.5945999999999
1934-08-14,2208.1325000000002
1934-08-15,2194.0787999999998
1934-08-16,2211.3330000000001
1934-08-17,2199.6876999999999
1934-08-20,2178.4092999999998
1934-08-21,2231.7873
1934-08-22,2282.7566000000002
1934-08-23,2271.1113
1934-08-24,2312.4470999999999
1934-08-27,2281.5356999999999
1934-08-28,2269.8904000000002
1934-08-29,2251.0205999999998
1934-08-30,2227.3346000000001
1934-08-31,2225.3225000000002
1934-09-04,2204.0448999999999
1934-09-05,2240.5636
1934-09-06,2195.2042999999999
1934-09-07,2171.5187999999998
1934-09-10,2118.9358999999999
1934-09-11,2124.1487000000002
1934-09-12,2131.7696000000001
1934-09-13,2124.9414999999999
1934-09-14,2065.1352000000002
1934-09-17,2060.7154999999998
1934-09-18,2077.9686999999999
1934-09-19,2131.3431
1934-09-20,2138.9636999999998
1934-09-21,2183.2161000000001
1934-09-24,2171.4686000000002
1934-09-25,2232.9013
1934-09-26,2218.7143000000001
1934-09-27,2241.1172000000001
1934-09-28,2217.1732000000002
1934-10-01,2156.6397000000002
1934-10-02,2164.4068000000002
1934-10-03,2157.5382
1934-10-04,2155.5482000000002
1934-10-05,2199.9043999999999
1934-10-08,2180.8395
1934-10-09,2159.3353999999999
1934-10-10,2218.3265000000001
1934-10-11,2248.0462000000002
1934-10-15,2202.1498999999999
1934-10-16,2224.5518999999999
1934-10-17,2229.8791999999999
1934-10-18,2220.5713999999998
1934-10-19,2211.2638000000002
1934-10-22,2209.2736
1934-10-23,2202.4052999999999
1934-10-24,2239.4416999999999
1934-10-25,2188.6686
1934-10-26,2157.4088999999999
1934-10-29,2148.1016
1934-10-30,2155.8683999999998
1934-10-31,2161.1958
1934-11-01,2151.8886000000002
1934-11-02,2176.7287999999999
1934-11-05,2213.7642000000001
1934-11-07,2255.6774999999998
1934-11-08,2239.0527999999999
1934-11-09,2283.4045999999998
1934-11-13,2266.7799
1934-11-14,2259.9115000000002
1934-11-15,2270.1163999999999
1934-11-16,2255.9310999999998
1934-11-19,2236.8678
1934-11-20,2247.0727999999999
1934-11-21,2237.7656000000002
1934-11-22,2247.9704000000002
1934-11-23,2280.1260000000002
1934-11-26,2341.5488
1934-11-27,2320.0466999999999
1934-11-28,2347.3236999999999
1934-11-30,2347.7721999999999
1934-12-03,2316.5147000000002
1934-12-04,2334.0358000000001
1934-12-05,2353.9955
1934-12-06,2349.5661
1934-12-07,2330.5036
1934-12-10,2306.5632999999998
1934-12-11,2260.6734999999999
1934-12-12,2263.5610999999999
1934-12-13,2251.8157000000001
1934-12-14,2247.3868000000002
1934-12-17,2262.4688000000001
1934-12-18,2260.4787999999999
1934-12-19,2229.223
1934-12-20,2227.2332000000001
1934-12-21,2232.5106000000001
1934-12-24,2250.2946000000002
1934-12-26,2238.4432999999999
1934-12-27,2241.4097000000002
1934-12-28,2325.8715999999999
1934-12-31,2348.5938999999998
1935-01-02,2351.5596999999998
1935-01-03,2356.9949999999999
1935-01-04,2352.5522999999998
1935-01-07,2370.3350999999998
1935-01-08,2343.6666
1935-01-09,2341.6934000000001
1935-01-10,2337.2505999999998
1935-01-11,2290.8269
1935-01-14,2271.5677000000001
1935-01-15,2220.2055
1935-01-16,2255.2746999999999
1935-01-17,2265.6491000000001
1935-01-18,2276.0234999999998
1935-01-21,2301.2143000000001
1935-01-22,2281.9553999999998
1935-01-23,2282.4520000000002
1935-01-24,2278.0097999999998
1935-01-25,2290.8532
1935-01-28,2251.8397
1935-01-29,2230.1120999999998
1935-01-30,2242.9555
1935-01-31,2260.7375999999999
1935-02-01,2248.8874999999998
1935-02-04,2234.5682000000002
1935-02-05,2210.3715999999999
1935-02-06,2191.1138999999998
1935-02-07,2208.8957999999998
1935-02-08,2246.4319999999998
1935-02-11,2244.4594999999999
1935-02-13,2242.4870000000001
1935-02-14,2242.9837000000002
1935-02-15,2255.8267000000001
1935-02-18,2325.4621000000002
1935-02-19,2288.9198000000001
1935-02-20,2252.3778000000002
1935-02-21,2250.4052000000001
1935-02-25,2206.4560999999999
1935-02-26,2184.73
1935-02-27,2192.6345000000001
1935-02-28,2180.7854000000002
1935-03-01,2193.6280999999999
1935-03-04,2176.8407999999999
1935-03-05,2115.6089000000002
1935-03-06,2111.1676000000002
1935-03-07,2138.8254000000002
1935-03-08,2134.3843000000002
1935-03-11,2080.5607
1935-03-12,2041.5521000000001
1935-03-13,2049.4569000000001
1935-03-14,2017.8561
1935-03-15,2060.8101999999999
1935-03-18,2038.6492000000001
1935-03-19,2069.0727999999999
1935-03-20,2066.944
1935-03-21,2109.8872999999999
1935-03-22,2142.8141999999998
1935-03-25,2110.6377000000002
1935-03-26,2093.4850999999999
1935-03-27,2116.3959
1935-03-28,2119.2748999999999
1935-03-29,2119.6500000000001
1935-04-01,2142.5605999999998
1935-04-02,2132.9200999999998
1935-04-03,2128.2874000000002
1935-04-04,2151.1976
1935-04-05,2204.1543000000001
1935-04-08,2204.5291999999999
1935-04-09,2244.9659000000001
1935-04-10,2235.3249999999998
1935-04-11,2223.1803
1935-04-12,2248.5934000000002
1935-04-15,2294.0369999999998
1935-04-16,2299.4191000000001
1935-04-17,2264.7402000000002
1935-04-18,2297.6642000000002
1935-04-22,2365.6410000000001
1935-04-23,2373.5264999999999
1935-04-24,2343.8553000000002
1935-04-25,2374.2746999999999
1935-04-26,2364.6336999999999
1935-04-29,2362.5039999999999
1935-04-30,2335.337
1935-05-01,2323.1927000000001
1935-05-02,2333.5819999999999
1935-05-03,2371.5119
1935-05-06,2371.886
1935-05-07,2362.2453
1935-05-08,2430.2188000000001
1935-05-09,2440.6075000000001
1935-05-10,2456.0034999999998
1935-05-13,2468.8955999999998
1935-05-14,2471.7730000000001
1935-05-15,2474.6504
1935-05-16,2530.1041
1935-05-17,2522.9668999999999
1935-05-20,2493.2970999999998
1935-05-21,2516.2031000000002
1935-05-22,2536.6053999999999
1935-05-23,2539.4823999999999
1935-05-24,2527.3380999999999
1935-05-27,2530.2152000000001
1935-05-28,2485.5246999999999
1935-05-29,2445.8415
1935-05-31,2418.6765
1935-06-03,2441.5821000000001
1935-06-04,2504.5439999999999
1935-06-05,2502.4140000000002
1935-06-06,2485.2631000000001
1935-06-07,2500.6578
1935-06-10,2533.5765000000001
1935-06-11,2558.9848000000002
1935-06-12,2541.8337999999999
1935-06-13,2557.2280000000001
1935-06-14,2582.6356999999998
1935-06-17,2583.0091000000002
1935-06-18,2598.4029
1935-06-19,2586.2591000000002
1935-06-20,2566.6052
1935-06-21,2625.0228000000002
1935-06-24,2648.2321000000002
1935-06-25,2610.7474999999999
1935-06-26,2580.8497000000002
1935-06-27,2568.6543000000001
1935-06-28,2591.8636000000001
1935-07-01,2602.4281999999998
1935-07-02,2605.4061999999999
1935-07-03,2621.0284999999999
1935-07-05,2651.8236999999999
1935-07-08,2685.1473999999998
1935-07-09,2672.9520000000002
1935-07-10,2693.6313
1935-07-11,2666.2631000000001
1935-07-12,2691.9998999999998
1935-07-15,2687.3912
1935-07-16,2692.8975999999998
1935-07-17,2705.9902000000002
1935-07-18,2703.9101000000001
1935-07-19,2684.1288
1935-07-22,2732.6235999999999
1935-07-23,2730.5434
1935-07-24,2751.2217000000001
1935-07-25,2723.8544000000002
1935-07-26,2739.4751999999999
1935-07-29,2803.1412
1935-07-30,2778.3026
1935-07-31,2814.1525000000001
1935-08-01,2804.4861999999998
1935-08-02,2782.1765
1935-08-05,2845.8409000000001
1935-08-06,2843.7602999999999
1935-08-07,2841.6797000000001
1935-08-08,2852.2422999999999
1935-08-09,2920.9630000000002
1935-08-12,2949.2253999999998
1935-08-13,2967.3733000000002
1935-08-14,2967.8209999999999
1935-08-15,2935.3971999999999
1935-08-16,2961.1306
1935-08-19,2905.9501
1935-08-20,2913.9837000000002
1935-08-21,2939.7168999999999
1935-08-22,2950.2786999999998
1935-08-23,2943.1410000000001
1935-08-26,2918.3038999999999
1935-08-27,2832.7829000000002
1935-08-28,2828.174
1935-08-29,2846.3215
1935-08-30,2864.4688999999998
1935-09-03,2857.3316
1935-09-04,2895.7062999999998
1935-09-05,2923.9670999999998
1935-09-06,2969.9267
1935-09-09,2998.1871000000001
1935-09-10,3023.9187000000002
1935-09-11,3039.5365000000002
1935-09-12,3004.5862999999999
1935-09-13,3010.0906
1935-09-16,2990.3110000000001
1935-09-17,2990.7586000000001
1935-09-18,3016.4895999999999
1935-09-19,2956.2566999999999
1935-09-20,2874.8240000000001
1935-09-23,2911.1536000000001
1935-09-24,2947.4828000000002
1935-09-25,2960.8339000000001
1935-09-26,2961.4191999999998
1935-09-27,2954.3453
1935-09-30,2962.5900000000001
1935-10-01,2935.0916999999999
1935-10-02,2838.6608000000001
1935-10-03,2880.0954000000002
1935-10-04,2906.2114000000001
1935-10-07,2950.1986000000002
1935-10-08,2930.3598000000002
1935-10-09,2946.2633999999998
1935-10-10,3005.5677999999998
1935-10-11,3008.7060000000001
1935-10-14,3042.4798000000001
1935-10-15,3063.4886000000001
1935-10-16,3051.3087
1935-10-17,3036.5758000000001
1935-10-18,3026.9490999999998
1935-10-21,3124.5457999999999
1935-10-22,3140.4481999999998
1935-10-23,3161.4560999999999
1935-10-24,3156.9346999999998
1935-10-25,3188.1541000000002
1935-10-28,3196.3973999999998
1935-10-29,3194.4288000000001
1935-10-30,3172.0374000000002
1935-10-31,3198.1504
1935-11-01,3237.0275999999999
1935-11-04,3240.1646999999998
1935-11-06,3302.0167999999999
1935-11-07,3289.8366999999998
1935-11-08,3318.5016000000001
1935-11-12,3291.0046000000002
1935-11-13,3329.8805000000002
1935-11-14,3391.7312000000002
1935-11-15,3405.0787999999998
1935-11-18,3413.3207000000002
1935-11-19,3459.8537999999999
1935-11-20,3417.0405000000001
1935-11-21,3450.8096999999998
1935-11-22,3379.9166
1935-11-25,3390.7109
1935-11-26,3342.7930000000001
1935-11-27,3368.9036999999998
1935-11-29,3331.1970999999999
1935-12-02,3283.2800999999999
1935-12-03,3373.2076000000002
1935-12-04,3401.8705
1935-12-05,3394.7961
1935-12-06,3387.7217000000001
1935-12-09,3431.6999999999998
1935-12-10,3373.5729999999999
1935-12-11,3386.9196999999999
1935-12-12,3341.5565000000001
1935-12-13,3311.509
1935-12-16,3284.0142000000001
1935-12-17,3327.9920999999999
1935-12-18,3318.3654999999999
1935-12-19,3303.6341000000002
1935-12-20,3324.6815000000001
1935-12-23,3345.9223000000002
1935-12-24,3380.0693999999999
1935-12-26,3388.4034000000001
1935-12-27,3386.4124000000002
1935-12-30,3436.0462000000002
1935-12-31,3470.1921000000002
1936-01-02,3463.0383999999999
1936-01-03,3502.3463999999999
1936-01-06,3466.7995000000001
1936-01-07,3521.5945999999999
1936-01-08,3542.8337999999999
1936-01-09,3535.6799000000001
1936-01-10,3564.6623
1936-01-13,3549.7651000000001
1936-01-14,3571.0039000000002
1936-01-15,3548.3634000000002
1936-01-16,3564.4398999999999
1936-01-17,3559.8674000000001
1936-01-20,3501.0916000000002
1936-01-21,3488.7759999999998
1936-01-22,3564.2172
1936-01-23,3603.5230000000001
1936-01-24,3588.6262000000002
1936-01-27,3625.3503999999998
1936-01-28,3631.1019000000001
1936-01-29,3667.8258999999998
1936-01-30,3650.3479000000002
1936-01-31,3710.3004000000001
1936-02-03,3744.4425000000001
1936-02-04,3739.8694999999998
1936-02-05,3727.5535
1936-02-06,3733.3045000000002
1936-02-07,3715.8265999999999
1936-02-10,3744.8062
1936-02-11,3797.0140000000001
1936-02-13,3820.8308999999999
1936-02-14,3805.9339
1936-02-17,3785.8751999999999
1936-02-18,3827.7583
1936-02-19,3802.5376999999999
1936-02-20,3862.4868999999999
1936-02-21,3852.7516999999998
1936-02-24,3817.2080999999998
1936-02-25,3748.1133
1936-02-26,3730.6361000000002
1936-02-27,3818.9735999999998
1936-02-28,3796.3348000000001
1936-03-02,3840.7973000000002
1936-03-03,3895.5828000000001
1936-03-04,3906.4942000000001
1936-03-05,3912.2442000000001
1936-03-06,3928.3173000000002
1936-03-09,3776.6399000000001
1936-03-10,3834.0055000000002
1936-03-11,3873.3053
1936-03-12,3765.5025000000001
1936-03-13,3709.3150000000001
1936-03-16,3795.0677999999998
1936-03-17,3885.9816000000001
1936-03-18,3871.0859
1936-03-19,3923.2883000000002
1936-03-20,3918.4142999999999
1936-03-23,3921.6359000000002
1936-03-24,3901.4094
1936-03-25,3935.8942999999999
1936-03-26,3923.4834999999998
1936-03-27,3864.1777000000002
1936-03-30,3862.1884
1936-03-31,3891.4623999999999
1936-04-01,3962.4205000000002
1936-04-02,4002.1149
1936-04-03,3984.4940000000001
1936-04-06,4047.6352000000002
1936-04-07,4027.4087
1936-04-08,4030.6295
1936-04-09,4018.2190999999998
1936-04-13,4026.6502999999998
1936-04-14,3946.5050000000001
1936-04-15,3986.1984000000002
1936-04-16,3968.5776999999998
1936-04-17,3945.7469000000001
1936-04-20,3821.3157000000001
1936-04-21,3816.7217000000001
1936-04-22,3882.4661000000001
1936-04-23,3765.8521999999998
1936-04-24,3776.8892000000001
1936-04-27,3652.4612000000002
1936-04-28,3647.8678
1936-04-29,3541.6765999999998
1936-04-30,3604.8155999999999
1936-05-01,3631.4832999999999
1936-05-04,3619.0749999999998
1936-05-05,3671.7928000000002
1936-05-06,3714.0900999999999
1936-05-07,3646.9762999999998
1936-05-08,3642.3831
1936-05-11,3632.5803000000001
1936-05-12,3633.1972999999998
1936-05-13,3662.4688999999998
1936-05-14,3746.4445999999998
1936-05-15,3747.0610999999999
1936-05-18,3721.6282000000001
1936-05-19,3633.6770000000001
1936-05-20,3670.7629000000002
1936-05-21,3658.3551000000002
1936-05-22,3698.0455000000002
1936-05-25,3740.3404999999998
1936-05-26,3793.0549000000001
1936-05-27,3785.8566999999998
1936-05-28,3755.2145
1936-05-29,3781.8795
1936-06-01,3779.8912
1936-06-02,3780.5075999999999
1936-06-03,3768.0999000000002
1936-06-04,3714.0149000000001
1936-06-05,3712.0266999999999
1936-06-08,3769.9490000000001
1936-06-09,3807.0324999999998
1936-06-10,3825.8824
1936-06-11,3881.1988000000001
1936-06-12,3837.5338999999999
1936-06-15,3877.2211000000002
1936-06-16,3924.7226000000001
1936-06-17,3907.1052
1936-06-18,3925.9540999999999
1936-06-19,3902.665
1936-06-22,3966.5295999999998
1936-06-23,3948.8141000000001
1936-06-24,3991.6253000000002
1936-06-25,3950.2257
1936-06-26,3937.7737999999999
1936-06-29,3922.6903000000002
1936-06-30,3910.2383
1936-07-01,3926.7332999999999
1936-07-02,3922.1759999999999
1936-07-03,3959.723
1936-07-06,3939.3766999999998
1936-07-07,3905.873
1936-07-08,3927.6309000000001
1936-07-09,3975.7033999999999
1936-07-10,4050.0902000000001
1936-07-13,4077.1102000000001
1936-07-14,4125.1814999999997
1936-07-15,4128.518
1936-07-16,4126.5915999999997
1936-07-17,4135.1908999999996
1936-07-20,4180.6297999999997
1936-07-21,4207.6485000000002
1936-07-22,4182.0392000000002
1936-07-23,4198.5324000000001
1936-07-24,4183.4488000000001
1936-07-27,4268.3572000000004
1936-07-28,4261.1675999999998
1936-07-29,4219.7705999999998
1936-07-30,4236.2632000000003
1936-07-31,4192.2354999999998
1936-08-03,4208.7281000000003
1936-08-04,4198.9078
1936-08-05,4173.2996000000003
1936-08-06,4200.3173999999999
1936-08-07,4256.2786999999998
1936-08-10,4288.5578999999998
1936-08-11,4257.6872999999996
1936-08-12,4279.4416000000001
1936-08-13,4259.0962
1936-08-14,4204.5451000000003
1936-08-17,4186.8314
1936-08-18,4190.1673000000001
1936-08-19,4214.5527000000002
1936-08-20,4191.5766000000003
1936-08-21,4063.3543
1936-08-24,4150.8873999999996
1936-08-25,4156.8548000000001
1936-08-26,4125.9862000000003
1936-08-27,4216.1496999999999
1936-08-28,4224.7478000000001
1936-08-31,4243.8702999999996
1936-09-01,4234.0501999999997
1936-09-02,4250.5415000000003
1936-09-03,4235.4593000000004
1936-09-04,4254.5812999999998
1936-09-08,4326.3243000000002
1936-09-09,4295.4557999999997
1936-09-10,4293.5291999999999
1936-09-11,4281.0781999999999
1936-09-14,4242.3172000000004
1936-09-15,4235.1286
1936-09-16,4188.4751999999999
1936-09-17,4220.7515999999996
1936-09-18,4263.7928000000002
1936-09-21,4299.4746999999998
1936-09-22,4316.5373
1936-09-23,4296.3615
1936-09-24,4305.4440999999997
1936-09-25,4229.4120999999996
1936-09-28,4297.0111999999999
1936-09-29,4279.4957999999997
1936-09-30,4267.3001999999997
1936-10-01,4276.3828000000003
1936-10-02,4359.9396999999999
1936-10-05,4408.9187000000002
1936-10-06,4449.9180999999999
1936-10-07,4461.6598999999997
1936-10-08,4486.7003000000004
1936-10-09,4503.7613000000001
1936-10-13,4528.8013000000001
1936-10-14,4508.6257999999998
1936-10-15,4501.7488000000003
1936-10-16,4553.3858
1936-10-19,4578.4250000000002
1936-10-20,4574.2079000000003
1936-10-21,4593.9278999999997
1936-10-22,4557.7947000000004
1936-10-23,4572.1953000000003
1936-10-26,4456.2730000000001
1936-10-27,4531.8451999999997
1936-10-28,4535.6072999999997
1936-10-29,4605.8594999999996
1936-10-30,4614.9404000000004
1936-11-02,4600.0847999999996
1936-11-04,4670.3360000000002
1936-11-05,4706.0122000000001
1936-11-06,4672.5393999999997
1936-11-09,4742.7894999999999
1936-11-10,4727.9339
1936-11-12,4675.8446999999996
1936-11-13,4626.4156000000003
1936-11-16,4670.0697
1936-11-17,4734.9994999999999
1936-11-18,4701.5276000000003
1936-11-19,4646.7802000000001
1936-11-20,4602.6707999999999
1936-11-23,4539.9458000000004
1936-11-24,4618.1720999999998
1936-11-25,4595.3392000000003
1936-11-27,4662.9268000000002
1936-11-30,4648.0721999999996
1936-12-01,4611.9418999999998
1936-12-02,4562.5149000000001
1936-12-03,4587.5514000000003
1936-12-04,4580.6750000000002
1936-12-07,4555.1832999999997
1936-12-08,4572.2416000000003
1936-12-09,4594.6184000000003
1936-12-10,4640.9292999999998
1936-12-11,4620.7561999999998
1936-12-14,4669.7259999999997
1936-12-15,4670.8275999999996
1936-12-16,4663.9512999999997
1936-12-17,4630.4821000000002
1936-12-18,4588.2835999999998
1936-12-21,4494.5776999999998
1936-12-22,4552.0153
1936-12-23,4598.6565000000001
1936-12-24,4607.5120999999999
1936-12-28,4575.8833999999997
1936-12-29,4595.5346
1936-12-30,4666.4654
1936-12-31,4642.9337999999998
1937-01-04,4576.2192999999997
1937-01-05,4617.4615000000003
1937-01-06,4620.9191000000001
1937-01-07,4726.9341999999997
1937-01-08,4727.6923999999999
1937-01-11,4752.7404999999999
1937-01-12,4756.1976999999997
1937-01-13,4765.0523000000003
1937-01-14,4779.3045000000002
1937-01-15,4801.6530000000002
1937-01-18,4802.4111999999996
1937-01-19,4770.7834000000003
1937-01-20,4830.9147000000003
1937-01-21,4864.058
1937-01-22,4840.5268999999998
1937-01-25,4814.2973000000002
1937-01-26,4744.8877000000002
1937-01-27,4783.4279999999999
1937-01-28,4778.7887000000001
1937-01-29,4817.3287
1937-02-01,4847.7725
1937-02-02,4880.9146000000001
1937-02-03,4916.7550000000001
1937-02-04,4922.9096
1937-02-05,4845.4053999999996
1937-02-08,4902.8351000000002
1937-02-09,4882.0034999999998
1937-02-10,4931.3368
1937-02-11,4972.5736999999999
1937-02-15,4913.9615000000003
1937-02-16,4928.2118
1937-02-17,4920.8733000000002
1937-02-18,4948.6167999999998
1937-02-19,4989.8526000000002
1937-02-23,4882.6670999999997
1937-02-24,4910.4099999999999
1937-02-25,4892.2776999999996
1937-02-26,4909.2263000000003
1937-03-01,4918.0790999999999
1937-03-02,4986.2995000000001
1937-03-03,5043.7253000000001
1937-03-04,4998.6079
1937-03-05,5064.1287000000002
1937-03-08,5048.6944000000003
1937-03-09,5044.0542999999998
1937-03-10,5079.8913000000002
1937-03-11,5002.3932999999997
1937-03-12,4997.7537000000002
1937-03-15,4939.1455999999998
1937-03-16,4964.1886000000004
1937-03-17,4932.5646999999999
1937-03-18,4830.7829000000002
1937-03-19,4828.4971999999998
1937-03-22,4693.3006999999998
1937-03-23,4767.9202999999998
1937-03-24,4826.1905999999999
1937-03-25,4821.7887000000001
1937-03-29,4809.2120999999997
1937-03-30,4897.4547000000002
1937-03-31,4890.3276999999998
1937-04-01,4834.1536999999998
1937-04-02,4775.2555000000002
1937-04-05,4811.7257
1937-04-06,4769.1768000000002
1937-04-07,4620.3620000000001
1937-04-08,4643.2084000000004
1937-04-09,4655.1556
1937-04-12,4675.277
1937-04-13,4725.3702999999996
1937-04-14,4731.8676999999998
1937-04-15,4713.8428999999996
1937-04-16,4695.8179
1937-04-19,4688.6916000000001
1937-04-20,4703.3633
1937-04-21,4767.0789999999997
1937-04-22,4708.1842999999999
1937-04-23,4616.5944
1937-04-26,4429.6423999999997
1937-04-27,4504.2564000000002
1937-04-28,4385.4218000000001
1937-04-29,4386.4710999999998
1937-04-30,4507.4026000000003
1937-05-03,4519.3499000000002
1937-05-04,4591.2376999999997
1937-05-05,4554.1422000000002
1937-05-06,4587.8855999999996
1937-05-07,4572.5865999999996
1937-05-10,4472.8272999999999
1937-05-11,4476.6009000000004
1937-05-12,4450.4047
1937-05-13,4304.3303999999998
1937-05-14,4348.9717000000001
1937-05-17,4298.2554
1937-05-18,4370.1412
1937-05-19,4360.2924999999996
1937-05-20,4475.7691000000004
1937-05-21,4479.5424000000003
1937-05-24,4532.3553000000002
1937-05-25,4476.1909999999998
1937-05-26,4471.7907999999998
1937-05-27,4481.0127000000002
1937-05-28,4482.0614999999998
1937-06-01,4401.3787000000002
1937-06-02,4432.3958000000002
1937-06-03,4441.6176999999998
1937-06-04,4491.7048000000004
1937-06-07,4451.8882999999996
1937-06-08,4466.5587999999998
1937-06-09,4429.4669000000004
1937-06-10,4403.2727999999997
1937-06-11,4347.1115
1937-06-14,4203.7735000000002
1937-06-15,4242.9630999999999
1937-06-16,4200.4246000000003
1937-06-17,4258.6837999999998
1937-06-18,4292.9399999999996
1937-06-21,4249.0959999999995
1937-06-22,4257.8411999999998
1937-06-23,4294.2644
1937-06-24,4325.152
1937-06-25,4297.9153999999999
1937-06-28,4187.6446999999998
1937-06-29,4193.6224000000002
1937-06-30,4266.0267000000003
1937-07-01,4285.8428999999996
1937-07-02,4349.9430000000002
1937-07-06,4502.6103000000003
1937-07-07,4536.2637000000004
1937-07-08,4545.0074000000004
1937-07-09,4523.3064000000004
1937-07-12,4584.6364000000003
1937-07-13,4546.3292000000001
1937-07-14,4541.2343000000001
1937-07-15,4563.8163000000004
1937-07-16,4553.1862000000001
1937-07-19,4642.1917000000003
1937-07-20,4697.9845999999998
1937-07-21,4665.2129999999997
1937-07-22,4679.4915000000001
1937-07-23,4699.3049000000001
1937-07-26,4732.9560000000001
1937-07-27,4727.8607000000002
1937-07-28,4656.3433999999997
1937-07-29,4640.1779999999999
1937-07-30,4654.4557999999997
1937-08-02,4737.9228999999996
1937-08-03,4699.6171999999997
1937-08-04,4724.9648999999999
1937-08-05,4694.9618
1937-08-06,4678.7966999999999
1937-08-09,4740.1212999999998
1937-08-10,4732.2583999999997
1937-08-11,4724.3955999999998
1937-08-12,4749.7425999999996
1937-08-13,4797.2290999999996
1937-08-16,4769.9942000000001
1937-08-17,4742.7595000000001
1937-08-18,4698.9201999999996
1937-08-19,4630.1743999999999
1937-08-20,4583.5685000000003
1937-08-23,4575.7070000000003
1937-08-24,4612.1232
1937-08-25,4579.3548000000001
1937-08-26,4491.2392
1937-08-27,4416.9611999999997
1937-08-30,4483.8182999999999
1937-08-31,4462.1202000000003
1937-09-01,4343.5659999999998
1937-09-02,4274.8243000000002
1937-09-03,4302.9386999999997
1937-09-07,4090.2986999999998
1937-09-08,4068.6026000000002
1937-09-09,4171.4337999999998
1937-09-10,3953.2619
1937-09-13,3964.7736
1937-09-14,4089.7419
1937-09-15,4070.8134
1937-09-16,4148.7379000000001
1937-09-17,4059.7546000000002
1937-09-20,3885.5092
1937-09-21,3925.8155000000002
1937-09-22,3943.8310000000001
1937-09-23,3847.6059
1937-09-24,3684.5095999999999
1937-09-27,3805.6199000000001
1937-09-28,3831.9944999999998
1937-09-29,3852.7959999999998
1937-09-30,3845.7345
1937-10-01,3835.8867
1937-10-04,3800.9625999999998
1937-10-05,3596.0767999999998
1937-10-06,3683.7489
1937-10-07,3657.1844999999998
1937-10-08,3572.1093999999998
1937-10-11,3425.7379000000001
1937-10-13,3424.2507999999998
1937-10-14,3358.6810999999998
1937-10-15,3323.7597999999998
1937-10-18,3024.1520999999998
1937-10-19,3120.1822000000002
1937-10-20,3352.7334000000001
1937-10-21,3420.9004
1937-10-22,3330.2566999999999
1937-10-25,3376.134
1937-10-26,3304.9940999999999
1937-10-27,3311.8656999999998
1937-10-28,3393.962
1937-10-29,3478.8436999999999
1937-11-01,3404.9184
1937-11-03,3250.1979000000001
1937-11-04,3234.7813000000001
1937-11-05,3236.0808999999999
1937-11-08,3142.6554000000001
1937-11-09,3208.0340000000001
1937-11-10,3379.2804000000001
1937-11-12,3366.6495
1937-11-15,3262.0810999999999
1937-11-16,3249.4508000000001
1937-11-17,3225.6767
1937-11-18,3162.8991000000001
1937-11-19,2983.1124
1937-11-22,2911.9787000000001
1937-11-23,2963.4261999999999
1937-11-24,2892.2930000000001
1937-11-26,3032.8890999999999
1937-11-29,3114.9805000000001
1937-11-30,3158.0686999999998
1937-12-01,3120.3661999999999
1937-12-02,3182.9551999999999
1937-12-03,3226.0427
1937-12-06,3168.8393000000001
1937-12-07,3223.0699
1937-12-08,3252.2276999999999
1937-12-09,3195.0250999999998
1937-12-10,3165.6808000000001
1937-12-13,3066.6922
1937-12-14,3093.0644000000002
1937-12-15,3116.6505999999999
1937-12-16,3165.3083999999999
1937-12-17,3144.4865
1937-12-20,3233.7842000000001
1937-12-21,3254.4742999999999
1937-12-22,3197.982
1937-12-23,3181.5104999999999
1937-12-24,3165.0390000000002
1937-12-27,3059.9519
1937-12-28,2952.0072
1937-12-29,2984.1323000000002
1937-12-30,3024.8326000000002
1937-12-31,3022.6545999999998
1938-01-03,3014.7595999999999
1938-01-04,3149.79
1938-01-05,3130.4607999999998
1938-01-06,3274.0650999999998
1938-01-07,3246.1599000000001
1938-01-10,3404.0551
1938-01-11,3427.6019999999999
1938-01-12,3396.8382999999999
1938-01-13,3348.9241000000002
1938-01-14,3358.1788000000001
1938-01-17,3350.2829000000002
1938-01-18,3316.6614
1938-01-19,3288.7570000000001
1938-01-20,3349.4625000000001
1938-01-21,3287.2577999999999
1938-01-24,3276.5039999999999
1938-01-25,3225.7332999999999
1938-01-26,3103.5048000000002
1938-01-27,3061.3099999999999
1938-01-28,3036.2658000000001
1938-01-31,3076.9623000000001
1938-02-01,3134.8085000000001
1938-02-02,3092.6145000000001
1938-02-03,2978.9641000000001
1938-02-04,3036.8101000000001
1938-02-07,3043.2071000000001
1938-02-08,3163.9335000000001
1938-02-09,3141.7476000000001
1938-02-10,3162.4351000000001
1938-02-11,3151.6822999999999
1938-02-14,3178.0861
1938-02-15,3141.6097
1938-02-16,3136.5736000000002
1938-02-17,3217.2824000000001
1938-02-18,3180.8062
1938-02-21,3284.3791000000001
1938-02-23,3370.8024
1938-02-24,3322.8935999999999
1938-02-25,3340.7217000000001
1938-02-28,3275.6649000000002
1938-03-01,3310.6415000000002
1938-03-02,3279.8820000000001
1938-03-03,3249.1228999999998
1938-03-04,3218.3638999999998
1938-03-07,3147.5925000000002
1938-03-08,3148.2725
1938-03-09,3151.8105
1938-03-10,3118.1943000000001
1938-03-11,3064.5724
1938-03-14,3122.4124000000002
1938-03-15,3217.4056999999998
1938-03-16,3078.0448999999999
1938-03-17,3053.0034999999998
1938-03-18,2955.0342999999998
1938-03-21,3011.0693000000001
1938-03-22,2919.2076000000002
1938-03-23,2862.1455999999998
1938-03-24,2871.7818000000002
1938-03-25,2716.1239999999998
1938-03-28,2693.8618999999999
1938-03-29,2538.2060000000001
1938-03-30,2507.2453
1938-03-31,2473.3849
1938-04-01,2593.2159999999999
1938-04-04,2689.8476999999998
1938-04-05,2760.3802000000001
1938-04-06,2700.4211
1938-04-07,2681.0596
1938-04-08,2803.7876000000001
1938-04-11,2900.4168
1938-04-12,2930.3508000000002
1938-04-13,2945.7856000000002
1938-04-14,2975.7190999999998
1938-04-18,3037.5495000000001
1938-04-19,2951.4937
1938-04-20,2937.9312
1938-04-21,2967.8643999999999
1938-04-22,3052.8912
1938-04-25,2984.2347
1938-04-26,2912.6788999999999
1938-04-27,2948.4108999999999
1938-04-28,2859.4578999999999
1938-04-29,2863.2937999999999
1938-05-02,2809.1372000000001
1938-05-03,2885.4636
1938-05-04,2932.7936
1938-05-05,2922.1313
1938-05-06,3056.4479000000001
1938-05-09,3115.3748999999998
1938-05-10,3058.3191000000002
1938-05-11,3076.6518000000001
1938-05-12,3060.1902
1938-05-13,3011.8339000000001
1938-05-16,2960.5781999999999
1938-05-17,2978.9112
1938-05-18,3000.1435999999999
1938-05-19,2972.0846000000001
1938-05-20,2929.5284000000001
1938-05-23,2910.1682999999998
1938-05-24,2858.9142999999999
1938-05-25,2810.5603000000001
1938-05-26,2739.0109000000002
1938-05-27,2737.0482999999999
1938-05-31,2735.0855000000001
1938-06-01,2823.0041000000001
1938-06-02,2815.2422999999999
1938-06-03,2781.3863999999999
1938-06-06,2875.1021999999998
1938-06-07,2864.4409999999998
1938-06-08,2874.0752000000002
1938-06-09,2935.8971999999999
1938-06-10,2896.2426999999998
1938-06-13,2815.9983999999999
1938-06-14,2848.8270000000002
1938-06-15,2861.3604
1938-06-16,2888.3899999999999
1938-06-17,2862.9769000000001
1938-06-20,3017.0291000000002
1938-06-21,3097.0634
1938-06-22,3177.0969
1938-06-23,3266.0119
1938-06-24,3301.6347000000001
1938-06-27,3334.2968000000001
1938-06-28,3331.4310999999998
1938-06-29,3470.6745000000001
1938-06-30,3423.3993999999998
1938-07-01,3527.1143000000002
1938-07-05,3547.9324000000001
1938-07-06,3595.3955000000001
1938-07-07,3580.6867000000002
1938-07-08,3521.5700000000002
1938-07-11,3474.2957000000001
1938-07-12,3566.1662000000001
1938-07-13,3539.6156999999998
1938-07-14,3507.1444999999999
1938-07-15,3554.6064000000001
1938-07-18,3658.317
1938-07-19,3753.1453999999999
1938-07-20,3711.7925
1938-07-21,3714.8465000000001
1938-07-22,3717.9002999999998
1938-07-25,3792.0043000000001
1938-07-26,3738.8101999999999
1938-07-27,3629.3692000000001
1938-07-28,3697.5518000000002
1938-07-29,3653.2399
1938-08-01,3629.6505999999999
1938-08-02,3677.1098999999999
1938-08-03,3644.6399000000001
1938-08-04,3668.4164999999998
1938-08-05,3751.3989000000001
1938-08-08,3772.2143000000001
1938-08-09,3748.6251000000002
1938-08-10,3701.3539999999998
1938-08-11,3606.7188999999998
1938-08-12,3532.8063999999999
1938-08-15,3532.9005000000002
1938-08-16,3580.3584999999998
1938-08-17,3586.3728000000001
1938-08-18,3583.5066999999999
1938-08-19,3648.7253999999998
1938-08-22,3636.9783000000002
1938-08-23,3719.9573
1938-08-24,3711.1704
1938-08-25,3740.8654000000001
1938-08-26,3705.4371000000001
1938-08-29,3513.1215000000002
1938-08-30,3569.4584
1938-08-31,3575.4724999999999
1938-09-01,3534.1251999999999
1938-09-02,3634.8625999999999
1938-09-06,3623.1158999999998
1938-09-07,3679.4512
1938-09-08,3644.0241000000001
1938-09-09,3564.1965
1938-09-12,3576.1305000000002
1938-09-13,3371.9827
1938-09-14,3351.3571999999999
1938-09-15,3460.9724000000001
1938-09-16,3389.7950000000001
1938-09-19,3411.1968999999999
1938-09-20,3527.5007000000001
1938-09-21,3548.9022
1938-09-22,3487.2649000000001
1938-09-23,3372.2460999999998
1938-09-26,3272.0563999999999
1938-09-27,3263.8022000000001
1938-09-28,3409.7604000000001
1938-09-29,3534.9582999999998
1938-09-30,3636.4301999999998
1938-10-03,3720.1080999999999
1938-10-04,3708.8867
1938-10-05,3822.2192
1938-10-06,3810.9976000000001
1938-10-07,3820.5347999999999
1938-10-10,3838.9686999999999
1938-10-11,3818.8503999999998
1938-10-13,3938.1111999999998
1938-10-14,3912.0617999999999
1938-10-17,3888.9780999999998
1938-10-18,3942.9969999999998
1938-10-19,3872.4659000000001
1938-10-20,3932.4153999999999
1938-10-21,3944.9173000000001
1938-10-24,3990.0391
1938-10-25,3999.5752000000002
1938-10-26,3949.8031999999998
1938-10-27,3971.2008999999998
1938-10-28,3915.4983000000002
1938-10-31,3925.0347999999999
1938-11-01,3904.9173999999998
1938-11-02,3920.3843999999999
1938-11-03,3932.8858
1938-11-04,3927.5953
1938-11-07,4005.3335999999999
1938-11-09,4112.7248
1938-11-10,4086.6763999999998
1938-11-14,4007.2530999999999
1938-11-15,3984.1707000000001
1938-11-16,3872.1305000000002
1938-11-17,3917.2498999999998
1938-11-18,3834.8629999999998
1938-11-21,3847.3645000000001
1938-11-22,3815.3872999999999
1938-11-23,3824.9236999999998
1938-11-25,3831.4944999999998
1938-11-28,3698.7012
1938-11-29,3717.1329999999998
1938-11-30,3806.7289999999998
1938-12-01,3771.7874999999999
1938-12-02,3733.8811999999998
1938-12-05,3710.8008
1938-12-06,3741.0927999999999
1938-12-07,3753.5940000000001
1938-12-08,3709.7583
1938-12-09,3689.6435999999999
1938-12-12,3731.7957000000001
1938-12-13,3770.9823999999999
1938-12-14,3851.6795999999999
1938-12-15,3861.2150000000001
1938-12-16,3864.6044000000002
1938-12-19,3799.4933000000001
1938-12-20,3794.2988
1938-12-21,3771.1296000000002
1938-12-22,3798.8888999999999
1938-12-23,3841.6266999999998
1938-12-27,3818.4573999999998
1938-12-28,3855.2035999999998
1938-12-29,3939.8813
1938-12-30,3943.6734999999999
1939-01-03,3926.4956999999999
1939-01-04,3972.2278999999999
1939-01-05,3922.0974999999999
1939-01-06,3925.8897999999999
1939-01-09,3842.8076000000001
1939-01-10,3849.5956999999999
1939-01-11,3778.4969000000001
1939-01-12,3749.3379
1939-01-13,3708.1965
1939-01-16,3798.8624
1939-01-17,3829.6156000000001
1939-01-18,3824.4214000000002
1939-01-19,3852.1783999999998
1939-01-20,3837.9971999999998
1939-01-23,3593.1583999999998
1939-01-24,3608.9339
1939-01-25,3588.7628
1939-01-26,3475.7305999999999
1939-01-27,3575.3807999999999
1939-01-30,3666.0435000000002
1939-01-31,3708.7781
1939-02-01,3655.6570000000002
1939-02-02,3734.3364999999999
1939-02-03,3711.1703000000002
1939-02-06,3762.8904000000002
1939-02-07,3718.7559000000001
1939-02-08,3767.48
1939-02-09,3714.3595999999998
1939-02-10,3724.143
1939-02-14,3733.9263000000001
1939-02-15,3740.7141999999999
1939-02-16,3771.4648999999999
1939-02-17,3748.299
1939-02-20,3677.2080999999998
1939-02-21,3698.973
1939-02-23,3702.7658000000001
1939-02-24,3793.4225000000001
1939-02-27,3821.1774
1939-02-28,3842.9414000000002
1939-03-01,3843.7383
1939-03-02,3838.5445
1939-03-03,3893.2559999999999
1939-03-06,3873.0859999999998
1939-03-07,3891.8542000000002
1939-03-08,3958.5455999999999
1939-03-09,3941.3706000000002
1939-03-10,3969.1239
1939-03-13,3916.0066999999999
1939-03-14,3931.7791999999999
1939-03-15,3824.7496000000001
1939-03-16,3816.5608000000002
1939-03-17,3704.9128000000001
1939-03-20,3627.0464999999999
1939-03-21,3691.7935000000002
1939-03-22,3568.4132
1939-03-23,3621.0228000000002
1939-03-24,3667.5634
1939-03-27,3644.3155999999999
1939-03-28,3596.7936
1939-03-29,3625.1284000000001
1939-03-30,3501.7510000000002
1939-03-31,3341.9639999999999
1939-04-03,3427.9494
1939-04-04,3356.1556
1939-04-05,3369.3199
1939-04-06,3248.98
1939-04-10,3183.2563
1939-04-11,3178.2159999999999
1939-04-12,3264.1999999999998
1939-04-13,3292.5347999999999
1939-04-14,3245.0165999999999
1939-04-17,3306.7266
1939-04-18,3256.1745000000001
1939-04-19,3296.6453000000001
1939-04-20,3337.1158999999998
1939-04-21,3350.2795000000001
1939-04-24,3296.694
1939-04-25,3303.7896999999998
1939-04-26,3338.1916000000001
1939-04-27,3375.6271999999999
1939-04-28,3346.3143
1939-05-01,3326.1037000000001
1939-05-02,3369.6068
1939-05-03,3458.6190999999999
1939-05-04,3447.5100000000002
1939-05-05,3436.4009999999998
1939-05-08,3443.4958000000001
1939-05-09,3505.2012
1939-05-10,3463.7530000000002
1939-05-11,3464.7797999999998
1939-05-12,3441.5356000000002
1939-05-15,3454.6981999999998
1939-05-16,3361.6749
1939-05-17,3341.4652999999998
1939-05-18,3348.5601999999999
1939-05-19,3379.9256999999998
1939-05-22,3435.5616
1939-05-23,3418.3858
1939-05-24,3516.4944999999998
1939-05-25,3523.5888
1939-05-26,3536.7503000000002
1939-05-29,3586.3175000000001
1939-05-31,3572.1752000000001
1939-06-01,3518.5943000000002
1939-06-02,3537.8231999999998
1939-06-05,3547.9506000000001
1939-06-06,3594.4825999999998
1939-06-07,3598.5425
1939-06-08,3590.4677000000001
1939-06-09,3640.0328
1939-06-12,3598.5877
1939-06-13,3575.3445999999999
1939-06-14,3561.2026999999998
1939-06-15,3477.2873
1939-06-16,3487.7916
1939-06-19,3531.3285999999998
1939-06-20,3562.4973
1939-06-21,3562.7458000000001
1939-06-22,3541.3503999999998
1939-06-23,3557.0587
1939-06-26,3476.9164000000001
1939-06-27,3492.6248999999998
1939-06-28,3421.7592
1939-06-29,3338.5263
1939-06-30,3360.4189999999999
1939-07-03,3403.9546
1939-07-05,3466.0412999999999
1939-07-06,3463.1981000000001
1939-07-07,3444.8957999999998
1939-07-10,3457.5120000000002
1939-07-11,3501.0466999999999
1939-07-12,3575.4994000000002
1939-07-13,3603.5742
1939-07-14,3575.9960999999998
1939-07-17,3737.0176000000001
1939-07-18,3765.0913999999998
1939-07-19,3715.8706999999999
1939-07-20,3669.7422000000001
1939-07-21,3744.1923000000002
1939-07-24,3756.8069999999998
1939-07-25,3732.3209999999999
1939-07-26,3769.6693
1939-07-27,3773.0086999999999
1939-07-28,3760.8895000000002
1939-07-31,3730.2204999999999
1939-08-01,3730.4683
1939-08-02,3767.8159999999998
1939-08-03,3755.6970000000001
1939-08-04,3687.9288999999999
1939-08-07,3669.6271999999999
1939-08-08,3679.1500999999998
1939-08-09,3651.5738999999999
1939-08-10,3577.6239999999998
1939-08-11,3584.0554999999999
1939-08-14,3652.3180000000002
1939-08-15,3686.5733
1939-08-16,3590.9836
1939-08-17,3588.1403
1939-08-18,3514.1922
1939-08-21,3421.6956
1939-08-22,3486.866
1939-08-23,3378.9128000000001
1939-08-24,3369.8876
1939-08-25,3441.2401
1939-08-28,3466.2206999999999
1939-08-29,3562.3038999999999
1939-08-30,3525.4551000000001
1939-08-31,3470.0581999999999
1939-09-01,3507.4038999999998
1939-09-05,3921.8984999999998
1939-09-06,3888.1406000000002
1939-09-07,3879.1134999999999
1939-09-08,3938.0963999999999
1939-09-11,4040.3575999999998
1939-09-12,4086.9740999999999
1939-09-13,4043.9421000000002
1939-09-14,4059.6451999999999
1939-09-15,4056.5918000000001
1939-09-18,3871.3314
1939-09-19,4021.2755000000002
1939-09-20,4019.1361000000002
1939-09-21,4044.9303
1939-09-22,4014.8575000000001
1939-09-25,4025.1329999999998
1939-09-26,4075.7561000000001
1939-09-27,4076.7202000000002
1939-09-28,4000.0931999999998
1939-09-29,3979.3323
1939-10-02,4008.2294000000002
1939-10-03,3975.0538999999999
1939-10-04,3982.2257
1939-10-05,3992.5010000000002
1939-10-06,3987.2582000000002
1939-10-09,3966.4974999999999
1939-10-10,3976.7725
1939-10-11,4002.5654
1939-10-13,3972.4942999999998
1939-10-16,3973.4589000000001
1939-10-17,4083.0461
1939-10-18,4056.0785999999998
1939-10-19,4050.8355999999999
1939-10-20,4039.3858
1939-10-23,4055.8676
1939-10-24,4066.1421999999998
1939-10-25,4126.0715
1939-10-26,4086.6909999999998
1939-10-27,4069.0342999999998
1939-10-30,4051.3780999999999
1939-10-31,4011.998
1939-11-01,4009.8589999999999
1939-11-02,4017.0302000000001
1939-11-03,4052.1315
1939-11-06,4012.7523000000001
1939-11-08,3991.9933999999998
1939-11-09,3940.2013999999999
1939-11-10,3959.7858999999999
1939-11-13,3963.8535000000002
1939-11-14,3992.7474000000002
1939-11-15,3959.5758000000001
1939-11-16,4010.1927000000001
1939-11-17,3998.7442000000001
1939-11-20,4012.1214
1939-11-21,3985.1568000000002
1939-11-22,3979.9146999999998
1939-11-24,3921.9182999999998
1939-11-27,3932.1925999999999
1939-11-28,3917.6412999999998
1939-11-29,3875.1615999999999
1939-11-30,3835.7853
1939-12-01,3864.6783
1939-12-04,3862.5401000000002
1939-12-05,3857.2984999999999
1939-12-06,3917.2226999999998
1939-12-07,3921.2903000000001
1939-12-08,3891.2239
1939-12-11,3851.8485000000001
1939-12-12,3840.4011999999998
1939-12-13,3900.3238999999999
1939-12-14,3895.0825
1939-12-15,3908.6212
1939-12-18,3900.0563000000002
1939-12-19,3891.4917
1939-12-20,3908.1439
1939-12-21,3905.8834000000002
1939-12-22,3925.6873000000001
1939-12-26,3907.6666
1939-12-27,3886.4938000000002
1939-12-28,3922.0576999999998
1939-12-29,3935.5572000000002
1940-01-02,3990.0329000000002
1940-01-03,4035.0520000000001
1940-01-04,4023.3353000000002
1940-01-05,4002.1626999999999
1940-01-08,4006.2058000000002
1940-01-09,3969.2736
1940-01-10,3976.4686999999999
1940-01-11,3914.3213999999998
1940-01-12,3839.5668999999998
1940-01-15,3821.5472
1940-01-16,3844.5021999999999
1940-01-17,3848.5457999999999
1940-01-18,3843.1336999999999
1940-01-19,3850.3292000000001
1940-01-22,3822.8544000000002
1940-01-23,3839.5052000000001
1940-01-24,3890.826
1940-01-25,3857.0475000000001
1940-01-26,3854.7873
1940-01-29,3858.8305999999998
1940-01-30,3837.6597999999999
1940-01-31,3825.9445000000001
1940-02-01,3826.8362999999999
1940-02-02,3830.8798999999999
1940-02-05,3825.4681999999998
1940-02-06,3857.8769000000002
1940-02-07,3883.9821999999999
1940-02-08,3932.1491999999998
1940-02-09,3933.0405999999998
1940-02-13,3921.3252000000002
1940-02-14,3906.4582
1940-02-15,3907.3496
1940-02-16,3911.3926000000001
1940-02-19,3912.2838000000002
1940-02-20,3932.0848000000001
1940-02-21,3923.5216
1940-02-23,3896.0486999999998
1940-02-26,3874.8793000000001
1940-02-27,3869.4677999999999
1940-02-28,3873.5109000000002
1940-02-29,3868.0992999999999
1940-03-01,3846.9303
1940-03-04,3857.2764999999999
1940-03-05,3877.0771
1940-03-06,3906.3319999999999
1940-03-07,3910.3748999999998
1940-03-08,3895.5091000000002
1940-03-11,3909.0064000000002
1940-03-12,3919.3521999999998
1940-03-13,3913.9405999999999
1940-03-14,3905.3775999999998
1940-03-15,3858.1932999999999
1940-03-18,3836.9126000000001
1940-03-19,3866.7759999999998
1940-03-20,3883.8530000000001
1940-03-21,3884.9477000000002
1940-03-25,3863.6671999999999
1940-03-26,3845.5832
1940-03-27,3897.8209999999999
1940-03-28,3889.3262
1940-03-29,3903.2064999999998
1940-04-01,3913.8901999999998
1940-04-02,3927.7703000000001
1940-04-03,3989.596
1940-04-04,4016.2613999999999
1940-04-05,4004.5700000000002
1940-04-08,4040.8238999999999
1940-04-09,4000.3654000000001
1940-04-10,3966.2997999999998
1940-04-11,3980.1795000000002
1940-04-12,3958.8996999999999
1940-04-15,3959.9942000000001
1940-04-16,3906.7518
1940-04-17,3911.0423999999998
1940-04-18,3873.7819
1940-04-19,3874.8766000000001
1940-04-22,3907.9331000000002
1940-04-23,3937.7935000000002
1940-04-24,3922.9069
1940-04-25,3927.1974
1940-04-26,3893.1338000000001
1940-04-29,3907.0129999999999
1940-04-30,3930.4805999999999
1940-05-01,3880.4367999999999
1940-05-02,3903.9043000000001
1940-05-03,3911.3910000000001
1940-05-06,3893.3090000000002
1940-05-07,3903.9919
1940-05-08,3911.4787000000001
1940-05-09,3915.7692999999999
1940-05-10,3801.8054000000002
1940-05-13,3595.1572000000001
1940-05-14,3330.9819000000002
1940-05-15,3364.0385999999999
1940-05-16,3397.0951
1940-05-17,3228.8036000000002
1940-05-20,3178.7649000000001
1940-05-21,2972.1237000000001
1940-05-22,2986.0056
1940-05-23,2993.4951999999998
1940-05-24,2981.8092999999999
1940-05-27,3053.2175999999999
1940-05-28,2993.5927000000001
1940-05-29,3013.8658
1940-05-31,3021.3553999999999
1940-06-03,2971.319
1940-06-04,3010.7671
1940-06-05,2967.123
1940-06-06,3009.7667000000001
1940-06-07,3049.2143999999998
1940-06-10,2938.4582999999998
1940-06-11,3076.9757
1940-06-12,3228.2752999999998
1940-06-13,3168.6523999999999
1940-06-14,3246.4481000000001
1940-06-17,3260.3279000000002
1940-06-18,3271.0118000000002
1940-06-19,3278.5
1940-06-20,3241.248
1940-06-21,3243.0209
1940-06-24,3305.5682999999999
1940-06-25,3211.0371
1940-06-26,3191.7730999999999
1940-06-27,3224.8681000000001
1940-06-28,3267.7802999999999
1940-07-01,3232.1543000000001
1940-07-02,3225.9802
1940-07-03,3236.1680000000001
1940-07-05,3256.1727999999998
1940-07-08,3256.5432999999998
1940-07-09,3256.9137999999998
1940-07-10,3267.1012000000001
1940-07-11,3267.4715999999999
1940-07-12,3261.2973999999999
1940-07-15,3271.4848000000002
1940-07-16,3307.8503000000001
1940-07-17,3298.4038
1940-07-18,3302.0462000000002
1940-07-19,3269.6939000000002
1940-07-22,3270.0643
1940-07-23,3273.7067999999999
1940-07-24,3244.6273999999999
1940-07-25,3254.8146000000002
1940-07-26,3271.5459000000001
1940-07-29,3307.9101000000001
1940-07-30,3390.0844999999999
1940-07-31,3377.3658999999998
1940-08-01,3367.9193
1940-08-02,3365.0169999999998
1940-08-05,3375.2033000000001
1940-08-06,3339.5799999999999
1940-08-07,3339.9501
1940-08-08,3340.3202000000001
1940-08-09,3373.4108999999999
1940-08-12,3409.7734999999998
1940-08-13,3285.8054999999999
1940-08-14,3256.7275
1940-08-15,3286.5459999999998
1940-08-16,3234.5641999999998
1940-08-19,3257.8384999999998
1940-08-20,3297.4726999999998
1940-08-21,3356.7384999999999
1940-08-22,3393.1003000000001
1940-08-23,3350.9349000000002
1940-08-26,3364.3926999999999
1940-08-27,3364.7627000000002
1940-08-28,3410.9393
1940-08-29,3394.9495999999999
1940-08-30,3454.2134999999998
1940-09-03,3474.2145
1940-09-04,3546.5648999999999
1940-09-05,3596.0120000000002
1940-09-06,3570.2064999999998
1940-09-09,3462.6055999999999
1940-09-10,3466.2471999999998
1940-09-11,3440.4425000000001
1940-09-12,3391.7352999999998
1940-09-13,3395.377
1940-09-16,3444.8234000000002
1940-09-17,3471.3670999999999
1940-09-18,3497.9105
1940-09-19,3488.4645999999998
1940-09-20,3488.6149999999998
1940-09-23,3591.7635
1940-09-24,3579.6127999999999
1940-09-25,3574.0504999999998
1940-09-26,3552.0171
1940-09-27,3490.4533999999999
1940-09-30,3517.8337000000001
1940-10-01,3568.2728000000002
1940-10-02,3585.7696000000001
1940-10-03,3590.0898000000002
1940-10-04,3561.4684999999999
1940-10-07,3542.7298000000001
1940-10-08,3484.4621000000002
1940-10-09,3465.7239
1940-10-10,3463.4562999999998
1940-10-11,3500.7177000000001
1940-10-14,3485.2737999999999
1940-10-15,3522.5347000000002
1940-10-16,3536.7372
1940-10-17,3554.2334000000001
1940-10-18,3551.9654999999998
1940-10-21,3529.9335000000001
1940-10-22,3547.4295999999999
1940-10-23,3581.3957
1940-10-24,3559.3638999999998
1940-10-25,3560.3899999999999
1940-10-28,3587.7678000000001
1940-10-29,3595.3816000000002
1940-10-30,3626.0527000000002
1940-10-31,3679.7809999999999
1940-11-01,3680.8067000000001
1940-11-04,3708.1833000000001
1940-11-06,3587.3357000000001
1940-11-07,3785.9931000000001
1940-11-08,3734.3168000000001
1940-11-12,3778.1619000000001
1940-11-13,3746.2491
1940-11-14,3757.1559000000002
1940-11-15,3718.6556
1940-11-18,3676.8620000000001
1940-11-19,3681.1813999999999
1940-11-20,3596.5693000000001
1940-11-22,3597.5952000000002
1940-11-25,3598.6210000000001
1940-11-26,3589.7655
1940-11-27,3524.9171999999999
1940-11-28,3525.9432999999999
1940-11-29,3530.2633000000001
1940-12-02,3547.7577999999999
1940-12-03,3535.6091999999999
1940-12-04,3536.6352999999999
1940-12-05,3514.6059
1940-12-06,3522.2190999999998
1940-12-09,3549.5943000000002
1940-12-10,3550.6203999999998
1940-12-11,3558.2334999999998
1940-12-12,3572.4337
1940-12-13,3580.0468000000001
1940-12-16,3544.8434999999999
1940-12-17,3532.6954999999998
1940-12-18,3500.7862
1940-12-19,3488.6385
1940-12-20,3493.1765
1940-12-23,3484.1003000000001
1940-12-24,3491.8024
1940-12-26,3489.4378000000002
1940-12-27,3507.2064
1940-12-30,3551.8193000000001
1940-12-31,3556.1655000000001
1941-01-02,3523.6008000000002
1941-01-03,3605.1239
1941-01-06,3612.8254000000002
1941-01-07,3617.1712000000002
1941-01-08,3624.8726000000001
1941-01-09,3645.9955
1941-01-10,3657.0520999999999
1941-01-13,3644.6205
1941-01-14,3625.4782
1941-01-15,3596.2698
1941-01-16,3553.6399999999999
1941-01-17,3547.9198999999999
1941-01-20,3532.1338999999998
1941-01-21,3499.5709000000002
1941-01-22,3520.6936999999998
1941-01-23,3518.3289
1941-01-24,3529.3856000000001
1941-01-27,3543.7975999999999
1941-01-28,3524.6565000000001
1941-01-29,3455.1862000000001
1941-01-30,3395.7822999999999
1941-01-31,3406.8389999999999
1941-02-03,3370.9225000000001
1941-02-04,3375.2689
1941-02-05,3436.6541000000002
1941-02-06,3451.0659000000001
1941-02-07,3441.9911000000002
1941-02-10,3439.6266999999998
1941-02-11,3383.5796
1941-02-13,3337.5983000000001
1941-02-14,3234.5799999999999
1941-02-17,3275.8330999999998
1941-02-18,3270.1145000000001
1941-02-19,3244.2651000000001
1941-02-20,3302.2930999999999
1941-02-21,3316.7046999999998
1941-02-24,3344.5365000000002
1941-02-25,3375.7231000000002
1941-02-26,3383.4243000000001
1941-02-27,3360.9301
1941-02-28,3375.3413999999998
1941-03-03,3326.0075999999999
1941-03-04,3343.7737999999999
1941-03-05,3324.6350000000002
1941-03-06,3389.3706000000002
1941-03-07,3373.587
1941-03-10,3441.6770999999999
1941-03-11,3415.8283999999999
1941-03-12,3416.8193000000001
1941-03-13,3401.0358000000001
1941-03-14,3405.3816000000002
1941-03-17,3423.1469999999999
1941-03-18,3437.5572999999999
1941-03-19,3418.4189000000001
1941-03-20,3422.7647000000002
1941-03-21,3393.1342
1941-03-24,3391.0410999999999
1941-03-25,3406.0331999999999
1941-03-26,3397.1060000000002
1941-03-27,3425.7658999999999
1941-03-28,3403.1705000000002
1941-03-31,3411.3283000000001
1941-04-01,3416.0689000000002
1941-04-02,3431.0603000000001
1941-04-03,3483.6381000000001
1941-04-04,3478.1277
1941-04-07,3448.6986999999999
1941-04-08,3378.2671999999998
1941-04-09,3331.7545
1941-04-10,3329.6615999999999
1941-04-14,3307.0675000000001
1941-04-15,3298.1408999999999
1941-04-16,3299.4650000000001
1941-04-17,3283.7046999999998
1941-04-18,3237.1932000000002
1941-04-21,3228.2669000000001
1941-04-22,3212.5070999999998
1941-04-23,3251.4162000000001
1941-04-24,3266.4076
1941-04-25,3243.8143
1941-04-28,3251.9721
1941-04-29,3260.1296000000002
1941-04-30,3217.0364
1941-05-01,3214.944
1941-05-02,3226.5183999999999
1941-05-05,3231.2593999999999
1941-05-06,3287.2501999999999
1941-05-07,3278.3243000000002
1941-05-08,3272.8152
1941-05-09,3274.1392000000001
1941-05-12,3313.0459000000001
1941-05-13,3314.3697999999999
1941-05-14,3291.7775000000001
1941-05-15,3238.4360999999999
1941-05-16,3246.5933
1941-05-19,3265.0003999999999
1941-05-20,3320.9892
1941-05-21,3318.8966
1941-05-22,3282.6388000000002
1941-05-23,3283.9627999999998
1941-05-26,3247.7053999999998
1941-05-27,3269.5284000000001
1941-05-28,3270.8525
1941-05-29,3268.7599
1941-06-02,3263.2510000000002
1941-06-03,3302.1556
1941-06-04,3300.0628999999999
1941-06-05,3315.0522999999998
1941-06-06,3312.9598000000001
1941-06-09,3372.3620000000001
1941-06-10,3428.3472000000002
1941-06-11,3429.6705999999999
1941-06-12,3448.0754000000002
1941-06-13,3442.5662000000002
1941-06-16,3430.2240999999999
1941-06-17,3458.8777
1941-06-18,3463.6172000000001
1941-06-19,3458.1078000000002
1941-06-20,3418.1529999999998
1941-06-23,3485.1482000000001
1941-06-24,3461.0857000000001
1941-06-25,3468.5430999999999
1941-06-26,3483.0048000000002
1941-06-27,3465.9468999999999
1941-06-30,3452.3915000000002
1941-07-01,3442.3382000000001
1941-07-02,3467.306
1941-07-03,3474.7631000000001
1941-07-07,3538.2537000000002
1941-07-08,3605.2458000000001
1941-07-09,3605.6983
1941-07-10,3616.6569
1941-07-11,3606.6033000000002
1941-07-14,3614.0598
1941-07-15,3625.0182
1941-07-16,3607.9605000000001
1941-07-17,3583.8993
1941-07-18,3598.3595999999998
1941-07-21,3672.3534
1941-07-22,3669.3038000000001
1941-07-23,3659.2501999999999
1941-07-24,3638.6907999999999
1941-07-25,3632.1394
1941-07-28,3678.1163000000001
1941-07-29,3671.5648000000001
1941-07-30,3654.5075999999999
1941-07-31,3651.4582
1941-08-01,3634.4014000000002
1941-08-04,3641.8575999999998
1941-08-05,3642.3099000000002
1941-08-06,3642.7622000000001
1941-08-07,3636.2109999999998
1941-08-08,3598.1437999999998
1941-08-11,3567.0805999999998
1941-08-12,3567.5331999999999
1941-08-13,3550.4769999999999
1941-08-14,3564.9364
1941-08-15,3530.3717999999999
1941-08-18,3565.8413999999998
1941-08-19,3569.7957000000001
1941-08-20,3584.2550999999999
1941-08-21,3581.2060000000001
1941-08-22,3574.6550999999999
1941-08-25,3582.1109999999999
1941-08-26,3610.5765000000001
1941-08-27,3614.5304999999998
1941-08-28,3625.4877000000001
1941-08-29,3622.4386
1941-09-02,3643.9002
1941-09-03,3619.8416999999999
1941-09-04,3609.7896000000001
1941-09-05,3599.7374
1941-09-08,3607.1927999999998
1941-09-09,3597.1405
1941-09-10,3569.5812000000001
1941-09-11,3608.5500999999999
1941-09-12,3609.0025000000001
1941-09-15,3612.9562000000001
1941-09-16,3630.9157
1941-09-17,3694.3935000000001
1941-09-18,3666.8341999999998
1941-09-19,3631.7575999999999
1941-09-22,3629.4056
1941-09-23,3644.7008999999998
1941-09-24,3621.1729
1941-09-25,3576.4688000000001
1941-09-26,3567.0585999999998
1941-09-29,3582.3537000000001
1941-09-30,3608.2368000000001
1941-10-01,3598.8263999999999
1941-10-02,3589.4160000000002
1941-10-03,3587.0643
1941-10-06,3584.7125999999998
1941-10-07,3543.5392000000002
1941-10-08,3537.6586000000002
1941-10-09,3489.4270000000001
1941-10-10,3490.605
1941-10-14,3470.6077
1941-10-15,3450.6104999999998
1941-10-16,3402.3802000000001
1941-10-17,3417.6752999999999
1941-10-20,3450.6158999999998
1941-10-21,3483.5563000000002
1941-10-22,3470.6179000000002
1941-10-23,3475.3251
1941-10-24,3494.1487000000002
1941-10-27,3438.8613999999998
1941-10-28,3436.5104999999999
1941-10-29,3427.1016
1941-10-30,3428.2797999999998
1941-10-31,3387.1095999999998
1941-11-03,3420.0491000000002
1941-11-05,3445.9304000000002
1941-11-06,3418.8764999999999
1941-11-07,3409.4679000000001
1941-11-10,3385.9434999999999
1941-11-12,3309.4845999999998
1941-11-13,3293.0185000000001
1941-11-14,3325.9575
1941-11-17,3320.0785000000001
1941-11-18,3314.1990999999998
1941-11-19,3343.6088
1941-11-21,3358.9029
1941-11-24,3367.1390999999999
1941-11-25,3350.6734000000001
1941-11-26,3323.6212999999998
1941-11-27,3303.6269000000002
1941-11-28,3273.0461
1941-12-01,3256.5808000000002
1941-12-02,3324.8065000000001
1941-12-03,3361.2725999999998
1941-12-04,3369.5086000000001
1941-12-05,3349.5144
1941-12-08,3227.1873999999998
1941-12-09,3126.0335
1941-12-10,3127.2127
1941-12-11,3177.7934
1941-12-12,3147.2143000000001
1941-12-15,3148.3933999999999
1941-12-16,3142.5151000000001
1941-12-17,3094.2932000000001
1941-12-18,3067.2435
1941-12-19,3068.9780000000001
1941-12-22,3037.4119000000001
1941-12-23,3031.1498000000001
1941-12-24,3035.7321000000002
1941-12-26,3047.5441000000001
1941-12-29,3030.4376000000002
1941-12-30,3165.1509000000001
1941-12-31,3148.0444000000002
1942-01-02,3221.3060999999998
1942-01-05,3294.5672
1942-01-06,3281.0751
1942-01-07,3263.9683
1942-01-08,3221.5590999999999
1942-01-09,3211.6819999999998
1942-01-12,3209.0342000000001
1942-01-13,3275.0644000000002
1942-01-14,3276.0311000000002
1942-01-15,3284.2269999999999
1942-01-16,3256.2768000000001
1942-01-19,3257.2435
1942-01-20,3250.9812000000002
1942-01-21,3204.9589000000001
1942-01-22,3205.9258
1942-01-23,3217.7361999999998
1942-01-26,3265.6914999999999
1942-01-27,3273.8872999999999
1942-01-28,3253.1671000000001
1942-01-29,3246.9050000000002
1942-01-30,3226.1851000000001
1942-02-02,3223.5373
1942-02-03,3246.1905000000002
1942-02-04,3272.4582
1942-02-05,3266.1959000000002
1942-02-06,3231.0187000000001
1942-02-09,3192.2274000000002
1942-02-10,3149.8220000000001
1942-02-11,3143.5603000000001
1942-02-13,3151.7561000000001
1942-02-16,3163.5663
1942-02-17,3106.7046
1942-02-18,3104.0574000000001
1942-02-19,3112.2532000000001
1942-02-20,3102.3775999999998
1942-02-24,3121.4159
1942-02-25,3100.6975000000002
1942-02-26,3123.3501000000001
1942-02-27,3149.6167999999998
1942-03-02,3107.2136
1942-03-03,3155.1651000000002
1942-03-04,3123.6046999999999
1942-03-05,3077.5880000000002
1942-03-06,2999.0443
1942-03-09,3014.4681999999998
1942-03-10,2993.7510000000002
1942-03-11,2936.8932
1942-03-12,2937.8609999999999
1942-03-13,2956.8991999999998
1942-03-16,2990.3933999999999
1942-03-17,3052.7997999999998
1942-03-18,3024.8548999999998
1942-03-19,3022.2084
1942-03-20,2990.2008999999998
1942-03-23,3006.1813999999999
1942-03-24,3033.2231999999999
1942-03-25,3012.3332
1942-03-26,3002.5043999999998
1942-03-27,2974.2408
1942-03-30,2979.1601999999998
1942-03-31,2961.9576999999999
1942-04-01,2977.9382000000001
1942-04-02,3001.2921999999999
1942-04-06,3035.7069000000001
1942-04-07,3022.1916000000001
1942-04-08,3008.6761999999999
1942-04-09,2961.9787999999999
1942-04-10,2959.5243
1942-04-13,2953.3829999999998
1942-04-14,2906.6864
1942-04-15,2900.5453000000002
1942-04-16,2905.4648000000002
1942-04-17,2862.4557
1942-04-20,2896.8697000000002
1942-04-21,2905.4760000000001
1942-04-22,2899.3352
1942-04-23,2826.8330000000001
1942-04-24,2813.319
1942-04-27,2810.8652999999999
1942-04-28,2786.2914000000001
1942-04-29,2839.1381000000001
1942-04-30,2858.8042999999998
1942-05-01,2878.4704000000002
1942-05-04,2901.8229999999999
1942-05-05,2914.1154999999999
1942-05-06,2911.6614
1942-05-07,2949.7601
1942-05-08,2950.9926
1942-05-11,2992.7773999999999
1942-05-12,2971.8901999999998
1942-05-13,2925.1972999999998
1942-05-14,2919.0567999999998
1942-05-15,2953.4681999999998
1942-05-18,2976.8193999999999
1942-05-19,2966.9922999999999
1942-05-20,2960.8517999999999
1942-05-21,3010.0084000000002
1942-05-22,3007.5540999999998
1942-05-25,2997.7269999999999
1942-05-26,3006.3321999999998
1942-05-27,3066.547
1942-05-28,3075.1518000000001
1942-05-29,3065.3245000000002
1942-06-01,3081.3020000000001
1942-06-02,3078.8474999999999
1942-06-03,3102.1976
1942-06-04,3143.9789999999998
1942-06-05,3152.5832999999998
1942-06-08,3190.6777000000002
1942-06-09,3162.4187999999999
1942-06-10,3145.2188999999998
1942-06-11,3157.5092
1942-06-12,3140.3094999999998
1942-06-15,3163.6583999999998
1942-06-16,3168.5761000000002
1942-06-17,3221.4144000000001
1942-06-18,3207.9009999999998
1942-06-19,3175.8726000000001
1942-06-22,3119.4038999999998
1942-06-23,3119.6473000000001
1942-06-24,3104.7674999999999
1942-06-25,3108.7916
1942-06-26,3112.8155999999999
1942-06-29,3131.9625999999998
1942-06-30,3139.7674999999999
1942-07-01,3113.5459000000001
1942-07-02,3162.9382999999998
1942-07-03,3193.4270000000001
1942-07-06,3227.6959999999999
1942-07-07,3220.3775000000001
1942-07-08,3300.0138999999999
1942-07-09,3334.2820999999999
1942-07-10,3330.7438999999999
1942-07-13,3304.5223000000001
1942-07-14,3338.7901999999999
1942-07-15,3342.8134
1942-07-16,3339.2752999999998
1942-07-17,3301.7123999999999
1942-07-20,3313.2966000000001
1942-07-21,3321.1001000000001
1942-07-22,3310.0011
1942-07-23,3264.8779
1942-07-24,3268.9011999999998
1942-07-27,3269.1439999999998
1942-07-28,3265.6064999999999
1942-07-29,3212.9234000000001
1942-07-30,3220.7271999999998
1942-07-31,3243.6523999999999
1942-08-03,3247.6756
1942-08-04,3240.3578000000002
1942-08-05,3210.3579
1942-08-06,3206.8207000000002
1942-08-07,3218.4047
1942-08-10,3214.8672000000001
1942-08-11,3226.4508999999998
1942-08-12,3226.6938
1942-08-13,3238.2775999999999
1942-08-14,3253.6414
1942-08-17,3280.3458999999998
1942-08-18,3310.8305999999998
1942-08-19,3307.2928999999999
1942-08-20,3296.1948000000002
1942-08-21,3303.9978000000001
1942-08-24,3311.8006999999998
1942-08-25,3281.8020999999999
1942-08-26,3240.4632000000001
1942-08-27,3259.6066999999998
1942-08-28,3267.4097000000002
1942-08-31,3271.4324000000001
1942-09-01,3271.6752000000001
1942-09-02,3275.6979999999999
1942-09-03,3272.1608000000001
1942-09-04,3268.6235000000001
1942-09-08,3295.3263999999999
1942-09-09,3280.4490000000001
1942-09-10,3258.0119
1942-09-11,3243.1347999999998
1942-09-14,3247.1577000000002
1942-09-15,3262.5205000000001
1942-09-16,3266.5430000000001
1942-09-17,3263.0057999999999
1942-09-18,3289.6642999999999
1942-09-21,3286.9454999999998
1942-09-22,3299.4213
1942-09-23,3327.0916000000002
1942-09-24,3369.9562999999998
1942-09-25,3386.2303999999999
1942-09-28,3383.5111000000002
1942-09-29,3369.3962000000001
1942-09-30,3370.4757
1942-10-01,3398.1451000000002
1942-10-02,3448.6057999999998
1942-10-05,3480.0731999999998
1942-10-06,3481.1523000000002
1942-10-07,3497.4254999999998
1942-10-08,3547.8851
1942-10-09,3564.1579000000002
1942-10-13,3607.0196999999998
1942-10-14,3600.5012999999999
1942-10-15,3555.9987000000001
1942-10-16,3572.2712999999999
1942-10-19,3573.3501000000001
1942-10-20,3620.0095999999999
1942-10-21,3617.2894999999999
1942-10-22,3618.3679999999999
1942-10-23,3608.0515
1942-10-26,3628.1217000000001
1942-10-27,3595.0149999999999
1942-10-28,3565.7069999999999
1942-10-29,3562.9872999999998
1942-10-30,3586.8557000000001
1942-11-02,3633.5136000000002
1942-11-04,3619.3989999999999
1942-11-05,3628.0738000000001
1942-11-06,3674.7310000000002
1942-11-09,3717.5898000000002
1942-11-10,3688.2822999999999
1942-11-12,3696.9569000000001
1942-11-13,3675.2460999999998
1942-11-16,3642.1408999999999
1942-11-17,3597.6415999999999
1942-11-18,3613.9126000000001
1942-11-19,3611.1930000000002
1942-11-20,3646.4544999999998
1942-11-23,3605.7538
1942-11-24,3599.2359999999999
1942-11-25,3585.1221
1942-11-27,3597.5945999999999
1942-11-30,3579.683
1942-12-01,3576.9634999999998
1942-12-02,3589.4362000000001
1942-12-03,3601.9085
1942-12-04,3602.9868999999999
1942-12-07,3588.8735999999999
1942-12-08,3612.7397000000001
1942-12-09,3613.8181
1942-12-10,3618.6943999999999
1942-12-11,3619.7728000000002
1942-12-14,3639.8407000000002
1942-12-15,3648.5145000000002
1942-12-16,3679.9757
1942-12-17,3745.6170999999999
1942-12-18,3742.9238
1942-12-21,3743.9567000000002
1942-12-22,3741.1230999999998
1942-12-23,3753.7563
1942-12-24,3770.2557999999999
1942-12-28,3736.4895000000001
1942-12-29,3737.5227
1942-12-30,3781.0882999999999
1942-12-31,3785.9879000000001
1943-01-04,3845.0191
1943-01-05,3838.3189000000002
1943-01-06,3835.4852000000001
1943-01-07,3844.2507999999998
1943-01-08,3849.1500999999998
1943-01-11,3865.6487000000002
1943-01-12,3855.0821999999998
1943-01-13,3863.8478
1943-01-14,3888.0792000000001
1943-01-15,3920.0430999999999
1943-01-18,3932.6747999999998
1943-01-19,3895.0435000000002
1943-01-20,3899.9423999999999
1943-01-21,3958.9699999999998
1943-01-22,3956.1361000000002
1943-01-25,4007.4304999999999
1943-01-26,4027.7943
1943-01-27,4024.9598999999998
1943-01-28,4029.8582000000001
1943-01-29,4065.6867999999999
1943-02-01,4097.6486000000004
1943-02-02,4098.6803
1943-02-03,4068.7820999999999
1943-02-04,4065.9476
1943-02-05,4097.9089999999997
1943-02-08,4095.0745000000002
1943-02-09,4127.0353999999998
1943-02-10,4155.1301999999996
1943-02-11,4163.8937999999998
1943-02-15,4219.0508
1943-02-16,4212.3500000000004
1943-02-17,4221.1135000000004
1943-02-18,4164.1538
1943-02-19,4157.4530000000004
1943-02-23,4235.8050999999996
1943-02-24,4260.0326999999997
1943-02-25,4288.1257999999998
1943-02-26,4289.1567999999997
1943-03-01,4270.8577999999998
1943-03-02,4240.9610000000002
1943-03-03,4296.1154999999999
1943-03-04,4304.8783000000003
1943-03-05,4325.2390999999998
1943-03-08,4310.8062
1943-03-09,4288.6415999999999
1943-03-10,4270.3431
1943-03-11,4313.8985000000002
1943-03-12,4330.393
1943-03-15,4327.5581000000002
1943-03-16,4316.9912999999997
1943-03-17,4287.0956999999999
1943-03-18,4280.3950999999997
1943-03-19,4269.5559999999996
1943-03-22,4286.5819000000001
1943-03-23,4299.6836999999996
1943-03-24,4312.7849999999999
1943-03-25,4404.3701000000001
1943-03-26,4441.0158000000001
1943-03-29,4516.9031000000004
1943-03-30,4557.4724999999999
1943-03-31,4554.8762999999999
1943-04-01,4560.1283999999996
1943-04-02,4549.6841999999997
1943-04-05,4562.7844999999998
1943-04-06,4630.8212999999996
1943-04-07,4608.6048000000001
1943-04-08,4570.6921000000002
1943-04-09,4391.5149000000001
1943-04-12,4396.7673000000004
1943-04-13,4394.1715999999997
1943-04-14,4450.4355999999998
1943-04-15,4483.1554999999998
1943-04-16,4472.7119000000002
1943-04-19,4493.6597000000002
1943-04-20,4479.2921999999999
1943-04-21,4523.7833000000001
1943-04-22,4536.8829999999998
1943-04-26,4538.2107999999998
1943-04-27,4539.5387000000001
1943-04-28,4540.8665000000001
1943-04-29,4585.3566000000001
1943-04-30,4586.6841999999997
1943-05-03,4678.2595000000001
1943-05-04,4695.2820000000002
1943-05-05,4724.0756000000001
1943-05-06,4741.0977999999996
1943-05-07,4679.6448
1943-05-10,4743.7518
1943-05-11,4729.3838999999998
1943-05-12,4711.0925999999999
1943-05-13,4728.1144000000004
1943-05-14,4643.1207000000004
1943-05-17,4652.2955000000002
1943-05-18,4688.9357
1943-05-19,4737.3464000000004
1943-05-20,4726.9025000000001
1943-05-21,4728.2295000000004
1943-05-24,4717.7860000000001
1943-05-25,4730.8837999999996
1943-05-26,4767.5227000000004
1943-05-27,4780.6202999999996
1943-05-28,4793.7174999999997
1943-06-01,4846.0497999999998
1943-06-02,4851.2997999999998
1943-06-03,4872.2435999999998
1943-06-04,4850.0290999999997
1943-06-07,4839.5855000000001
1943-06-08,4813.4480999999996
1943-06-09,4830.4687000000004
1943-06-10,4839.6423000000004
1943-06-11,4817.4287000000004
1943-06-14,4740.2878000000001
1943-06-15,4761.2317000000003
1943-06-16,4770.4049999999997
1943-06-17,4779.5783000000001
1943-06-18,4777.0730999999996
1943-06-21,4753.4278000000004
1943-06-22,4761.7367000000004
1943-06-23,4750.0744999999997
1943-06-24,4774.3599999999997
1943-06-25,4878.5281000000004
1943-06-28,4922.7834999999995
1943-06-29,4907.1265999999996
1943-06-30,4935.4049999999997
1943-07-01,4939.7187000000004
1943-07-02,4936.0441000000001
1943-07-06,4944.3518000000004
1943-07-07,4936.6833999999999
1943-07-08,4940.9970999999996
1943-07-09,4961.2867999999999
1943-07-12,4993.5585000000001
1943-07-13,5025.8297000000002
1943-07-14,5054.1067999999996
1943-07-15,5026.4682000000003
1943-07-16,5014.8059000000003
1943-07-19,5019.1192000000001
1943-07-20,4987.4872999999998
1943-07-21,4999.7885999999999
1943-07-22,5000.1080000000002
1943-07-23,5004.4213
1943-07-26,4924.8639999999996
1943-07-27,4769.424
1943-07-28,4753.7691000000004
1943-07-29,4833.9654
1943-07-30,4742.4285
1943-08-02,4590.9853000000003
1943-08-03,4691.1502
1943-08-04,4719.4269999999997
1943-08-05,4703.7726000000002
1943-08-06,4656.1683999999996
1943-08-09,4644.5081
1943-08-10,4688.7596000000003
1943-08-11,4725.0230000000001
1943-08-12,4697.3878999999997
1943-08-13,4741.6387000000004
1943-08-16,4729.9781000000003
1943-08-17,4758.2538999999997
1943-08-18,4774.5486000000001
1943-08-19,4770.8753999999999
1943-08-20,4731.2601000000004
1943-08-23,4647.7157999999999
1943-08-24,4683.9781999999996
1943-08-25,4692.2860000000001
1943-08-26,4708.5807000000004
1943-08-27,4676.9533000000001
1943-08-30,4677.2737999999999
1943-08-31,4729.5095000000001
1943-09-01,4745.8036000000002
1943-09-02,4746.1238999999996
1943-09-03,4738.4574000000002
1943-09-07,4750.7578000000003
1943-09-08,4723.1243000000004
1943-09-09,4775.3586999999998
1943-09-10,4783.6659
1943-09-13,4775.9996000000001
1943-09-14,4768.3329999999996
1943-09-15,4776.6400000000003
1943-09-16,4804.9132
1943-09-17,4853.1178
1943-09-20,4906.4603999999999
1943-09-21,4911.6729999999998
1943-09-22,4900.8419999999996
1943-09-23,4857.9249
1943-09-24,4859.1265999999996
1943-09-27,4820.2206999999999
1943-09-28,4813.4008999999996
1943-09-29,4826.6351000000004
1943-09-30,4855.9120999999996
1943-10-01,4861.1244999999999
1943-10-04,4834.2514000000001
1943-10-05,4815.3999999999996
1943-10-06,4760.4525999999996
1943-10-07,4697.4844999999996
1943-10-08,4718.7399999999998
1943-10-11,4711.9209000000001
1943-10-13,4713.1232
1943-10-14,4734.3783000000003
1943-10-15,4767.6648999999998
1943-10-18,4776.8879999999999
1943-10-19,4802.1531999999997
1943-10-20,4819.3971000000001
1943-10-21,4776.4834000000001
1943-10-22,4797.7379000000001
1943-10-25,4794.9295000000002
1943-10-26,4812.1732000000002
1943-10-27,4841.4483
1943-10-28,4830.6185999999998
1943-10-29,4811.7682000000004
1943-11-01,4816.9803000000002
1943-11-03,4762.0364
1943-11-04,4723.1345000000001
1943-11-05,4688.2431999999999
1943-11-08,4557.1041999999998
1943-11-09,4574.3482999999997
1943-11-10,4619.6643000000004
1943-11-12,4572.7431999999999
1943-11-15,4557.9044999999996
1943-11-16,4539.0560999999998
1943-11-17,4512.1871000000001
1943-11-18,4525.4206000000004
1943-11-19,4582.7664999999997
1943-11-22,4600.0097999999998
1943-11-23,4585.1716999999999
1943-11-24,4562.3134
1943-11-26,4527.4246000000003
1943-11-29,4464.4651999999996
1943-11-30,4477.6988000000001
1943-12-01,4523.0132999999996
1943-12-02,4560.3072000000002
1943-12-03,4565.5200999999997
1943-12-06,4586.7731000000003
1943-12-07,4628.076
1943-12-08,4677.3987999999999
1943-12-09,4650.5306
1943-12-10,4675.7928000000002
1943-12-13,4672.9852000000001
1943-12-14,4662.1575999999995
1943-12-15,4659.3496999999998
1943-12-16,4684.6118999999999
1943-12-17,4710.2219999999998
1943-12-20,4743.9170000000004
1943-12-21,4732.7912999999999
1943-12-22,4729.8146999999999
1943-12-23,4726.8379999999997
1943-12-24,4736.0847999999996
1943-12-27,4729.0334000000003
1943-12-28,4685.3121000000001
1943-12-29,4686.4102000000003
1943-12-30,4773.0720000000001
1943-12-31,4766.0207
1944-01-03,4763.0439999999999
1944-01-04,4825.2581
1944-01-05,4879.3226999999997
1944-01-06,4860.0481
1944-01-07,4852.9966999999997
1944-01-10,4845.9450999999999
1944-01-11,4875.5631000000003
1944-01-12,4844.0658000000003
1944-01-13,4832.9402
1944-01-14,4854.4092000000001
1944-01-17,4871.8032999999996
1944-01-18,4860.6778999999997
1944-01-19,4865.8496999999998
1944-01-20,4866.9470000000001
1944-01-21,4876.1926999999996
1944-01-24,4873.2157999999999
1944-01-25,4870.2390999999998
1944-01-26,4822.4463999999998
1944-01-27,4815.3954000000003
1944-01-28,4845.0118000000002
1944-01-31,4862.4058999999997
1944-02-01,4855.3548000000001
1944-02-02,4844.2299000000003
1944-02-03,4804.5864000000001
1944-02-04,4764.9431999999997
1944-02-07,4749.7447000000002
1944-02-08,4795.6570000000002
1944-02-09,4796.7545
1944-02-10,4830.4440999999997
1944-02-11,4827.4674000000005
1944-02-14,4828.5646999999999
1944-02-15,4862.2538000000004
1944-02-16,4851.1289999999999
1944-02-17,4884.8176999999996
1944-02-18,4849.2497999999996
1944-02-21,4842.1993000000002
1944-02-23,4884.0353999999998
1944-02-24,4893.2800999999999
1944-02-25,4894.3771999999999
1944-02-28,4899.5483999999997
1944-02-29,4872.1287000000002
1944-03-01,4893.5949000000001
1944-03-02,4898.7659999999996
1944-03-03,4908.0105999999996
1944-03-06,4921.3289000000004
1944-03-07,4955.0159000000003
1944-03-08,4996.8500999999997
1944-03-09,4985.7255999999998
1944-03-10,4994.9696000000004
1944-03-13,5053.0977999999996
1944-03-14,5046.0468000000001
1944-03-15,5071.5852999999997
1944-03-16,5076.7551999999996
1944-03-17,5085.9994999999999
1944-03-20,5042.0156999999999
1944-03-21,5064.1376
1944-03-22,5057.3379000000004
1944-03-23,5005.0914000000002
1944-03-24,5018.9498000000003
1944-03-27,5008.0189
1944-03-28,4959.9044999999996
1944-03-29,4948.9740000000002
1944-03-30,4983.4901
1944-03-31,4980.8224
1944-04-03,4957.4978000000001
1944-04-04,4963.0932000000003
1944-04-05,4968.6886000000004
1944-04-06,4994.9407000000001
1944-04-10,5004.6674000000003
1944-04-11,5006.1313
1944-04-12,4974.5442999999996
1944-04-13,4963.6142
1944-04-14,4965.0781999999999
1944-04-17,4962.4110000000001
1944-04-18,4877.1181999999999
1944-04-19,4862.0572000000002
1944-04-20,4900.7029000000002
1944-04-21,4910.4296000000004
1944-04-24,4858.1877000000004
1944-04-25,4867.9144999999999
1944-04-26,4898.2970999999998
1944-04-27,4920.4171999999999
1944-04-28,4946.6680999999999
1944-05-01,4985.3122999999996
1944-05-02,4982.6450999999997
1944-05-03,5017.1580999999996
1944-05-04,5010.3595999999998
1944-05-05,5040.7411000000002
1944-05-08,5046.3359
1944-05-09,5043.6686
1944-05-10,5045.1322
1944-05-11,5050.7267000000002
1944-05-12,5015.0110000000004
1944-05-15,5012.3434999999999
1944-05-16,5017.9380000000001
1944-05-17,5052.4494999999997
1944-05-18,5062.1747999999998
1944-05-19,5071.9002
1944-05-22,5077.4947000000002
1944-05-23,5095.4816000000001
1944-05-24,5117.5995999999996
1944-05-25,5110.8009000000002
1944-05-26,5120.5257000000001
1944-05-29,5142.6433999999999
1944-05-31,5177.1532999999999
1944-06-01,5162.0928999999996
1944-06-02,5159.4255000000003
1944-06-05,5131.973
1944-06-06,5166.4822999999997
1944-06-07,5163.8148000000001
1944-06-08,5144.6243999999997
1944-06-09,5154.3491999999997
1944-06-12,5271.4722000000002
1944-06-13,5310.1108999999997
1944-06-14,5319.8347999999996
1944-06-15,5350.2116999999998
1944-06-16,5389.6635999999999
1944-06-19,5444.7201999999997
1944-06-20,5453.5317999999997
1944-06-21,5441.3230999999996
1944-06-22,5433.3182999999999
1944-06-23,5425.3136000000004
1944-06-26,5459.3495000000003
1944-06-27,5476.5690999999997
1944-06-28,5447.5446000000002
1944-06-29,5443.7439999999997
1944-06-30,5460.9633000000003
1944-07-03,5516.018
1944-07-05,5545.8483999999999
1944-07-06,5525.232
1944-07-07,5538.2465000000002
1944-07-10,5584.8918000000003
1944-07-11,5576.8865999999998
1944-07-12,5585.6970000000001
1944-07-13,5565.0807000000004
1944-07-14,5569.6872000000003
1944-07-17,5515.4409999999998
1944-07-18,5465.3986000000004
1944-07-19,5503.6355999999996
1944-07-20,5457.7974999999997
1944-07-21,5382.5333000000001
1944-07-24,5349.3072000000002
1944-07-25,5391.7479000000003
1944-07-26,5379.5401000000002
1944-07-27,5379.9436999999998
1944-07-28,5350.9215999999997
1944-07-31,5355.5289000000002
1944-08-01,5385.3581999999997
1944-08-02,5398.3725000000004
1944-08-03,5365.1472999999996
1944-08-04,5315.1076000000003
1944-08-07,5340.7330000000002
1944-08-08,5320.1190999999999
1944-08-09,5345.7443000000003
1944-08-10,5388.1831000000002
1944-08-11,5409.6043
1944-08-14,5418.4144999999999
1944-08-15,5414.6144999999997
1944-08-16,5440.2386999999999
1944-08-17,5474.2699000000002
1944-08-18,5499.8936000000003
1944-08-21,5475.0763999999999
1944-08-22,5437.6493
1944-08-23,5446.4594999999999
1944-08-24,5413.2361000000001
1944-08-25,5401.0293000000001
1944-08-28,5401.4327999999996
1944-08-29,5418.6495000000004
1944-08-30,5431.6625999999997
1944-08-31,5411.0495000000001
1944-09-01,5428.2659000000003
1944-09-05,5395.0433999999996
1944-09-06,5265.1462000000001
1944-09-07,5248.7372999999998
1944-09-08,5240.7349999999997
1944-09-11,5270.5613000000003
1944-09-12,5296.1842999999999
1944-09-13,5246.1502
1944-09-14,5217.1319999999996
1944-09-15,5259.4912999999997
1944-09-18,5294.5313999999998
1944-09-19,5342.2444999999998
1944-09-20,5351.9373999999998
1944-09-21,5336.2831999999999
1944-09-22,5350.2004999999999
1944-09-25,5397.9133000000002
1944-09-26,5386.4836999999998
1944-09-27,5387.7272999999996
1944-09-28,5372.0734000000002
1944-09-29,5394.4387999999999
1944-10-02,5421.0281000000004
1944-10-03,5422.2716
1944-10-04,5453.0848999999998
1944-10-05,5488.1225999999997
1944-10-06,5497.8143
1944-10-09,5465.2636000000002
1944-10-10,5483.4039000000002
1944-10-11,5518.4412000000002
1944-10-13,5523.9083000000001
1944-10-16,5495.5825000000004
1944-10-17,5517.9465
1944-10-18,5548.7586000000001
1944-10-19,5537.3293999999996
1944-10-20,5530.1243999999997
1944-10-23,5438.4364999999998
1944-10-24,5452.3518999999997
1944-10-25,5453.5951999999997
1944-10-26,5412.5981000000002
1944-10-27,5422.2897000000003
1944-10-30,5427.7573000000002
1944-10-31,5437.4486999999999
1944-11-01,5459.8122999999996
1944-11-02,5490.6235999999999
1944-11-03,5487.6427999999996
1944-11-06,5518.4538000000002
1944-11-08,5511.2489999999998
1944-11-09,5525.1638999999996
1944-11-10,5530.6306999999997
1944-11-13,5485.4107000000004
1944-11-14,5419.0720000000001
1944-11-15,5407.6440000000002
1944-11-16,5413.1109999999999
1944-11-17,5405.9070000000002
1944-11-20,5428.2695000000003
1944-11-21,5467.5271000000002
1944-11-22,5472.9938000000002
1944-11-24,5444.6706999999997
1944-11-27,5462.8089
1944-11-28,5459.8280999999997
1944-11-29,5490.6373000000003
1944-11-30,5483.4331000000002
1944-12-01,5472.0048999999999
1944-12-04,5519.7082
1944-12-05,5542.0695999999998
1944-12-06,5543.3123999999998
1944-12-07,5557.2260999999999
1944-12-08,5600.7047000000002
1944-12-11,5635.7362999999996
1944-12-12,5624.308
1944-12-13,5608.6566000000003
1944-12-14,5626.7930999999999
1944-12-15,5683.5370000000003
1944-12-18,5650.5545000000002
1944-12-19,5668.9679999999998
1944-12-20,5631.7029000000002
1944-12-21,5620.1356999999998
1944-12-22,5625.7003999999997
1944-12-26,5588.4357
1944-12-27,5564.0198
1944-12-28,5620.9790000000003
1944-12-29,5699.3525
1945-01-02,5722.0483000000004
1945-01-03,5783.2891
1945-01-04,5793.1359000000002
1945-01-05,5781.5682999999999
1945-01-08,5834.2428
1945-01-09,5839.8064999999997
1945-01-10,5883.9152000000004
1945-01-11,5880.9128000000001
1945-01-12,5865.0623999999998
1945-01-15,5827.7984999999999
1945-01-16,5824.7965999999997
1945-01-17,5864.6216999999997
1945-01-18,5840.2061000000003
1945-01-19,5785.8122000000003
1945-01-22,5727.1365999999998
1945-01-23,5689.8743999999997
1945-01-24,5708.2860000000001
1945-01-25,5743.8275999999996
1945-01-26,5800.7817999999997
1945-01-29,5836.3234000000002
1945-01-30,5803.3440000000001
1945-01-31,5808.9071000000004
1945-02-01,5823.0356000000002
1945-02-02,5867.1410999999998
1945-02-05,5911.2465000000002
1945-02-06,5925.3743999999997
1945-02-07,5939.5020999999997
1945-02-08,5940.7824000000001
1945-02-09,5907.8032000000003
1945-02-13,6003.2959000000001
1945-02-14,6034.5528000000004
1945-02-15,6078.6562999999996
1945-02-16,6071.3711000000003
1945-02-19,6119.7565999999997
1945-02-20,6142.4479000000001
1945-02-21,6135.1625999999997
1945-02-23,6123.5950000000003
1945-02-26,6094.8987999999999
1945-02-27,6143.2834000000003
1945-02-28,6187.3854000000001
1945-03-01,6197.2291999999998
1945-03-02,6159.9687999999996
1945-03-05,6191.2235000000001
1945-03-06,6222.4778999999999
1945-03-07,6228.0392000000002
1945-03-08,6117.9827999999998
1945-03-09,5990.7986000000001
1945-03-12,6064.8741
1945-03-13,6066.1539000000002
1945-03-14,6075.9976999999999
1945-03-15,6102.9700000000003
1945-03-16,6112.6508999999996
1945-03-19,6079.4785000000002
1945-03-20,5998.5856000000003
1945-03-21,5943.7223999999997
1945-03-22,5940.9184999999998
1945-03-23,5968.4826000000003
1945-03-26,5818.1800999999996
1945-03-27,5854.4206999999997
1945-03-28,5903.6755000000003
1945-03-29,5918.2245000000003
1945-04-02,5989.1697000000004
1945-04-03,5999.3801999999996
1945-04-04,5992.2384000000002
1945-04-05,5950.3915999999999
1945-04-06,5995.3069999999998
1945-04-09,6014.1935999999996
1945-04-10,6037.4183000000003
1945-04-11,6125.7129999999997
1945-04-12,6122.9089999999997
1945-04-13,6189.5131000000001
1945-04-16,6316.8478999999998
1945-04-17,6327.0572000000002
1945-04-18,6389.3213999999998
1945-04-19,6330.1232
1945-04-20,6322.9800999999998
1945-04-23,6385.2439999999997
1945-04-24,6417.1419999999998
1945-04-25,6405.6611999999996
1945-04-26,6394.1803
1945-04-27,6421.7403000000004
1945-04-30,6484.0024000000003
1945-05-01,6463.8455999999996
1945-05-02,6456.7021999999997
1945-05-03,6501.6126000000004
1945-05-04,6524.8338000000003
1945-05-07,6530.7035999999998
1945-05-08,6545.2491
1945-05-09,6481.7159000000001
1945-05-10,6400.8319000000001
1945-05-11,6402.3645999999999
1945-05-14,6408.2344000000003
1945-05-15,6431.4549999999999
1945-05-16,6437.3252000000002
1945-05-17,6473.5586999999996
1945-05-18,6518.4670999999998
1945-05-21,6498.3117000000002
1945-05-22,6495.5061999999998
1945-05-23,6449.3256000000001
1945-05-24,6450.8580000000002
1945-05-25,6491.4277000000002
1945-05-28,6597.0600000000004
1945-05-29,6633.2916999999998
1945-05-31,6591.4490999999998
1945-06-01,6601.6554999999998
1945-06-04,6611.8621999999996
1945-06-05,6604.7191999999995
1945-06-06,6575.8888999999999
1945-06-07,6581.7578999999996
1945-06-08,6565.9404000000004
1945-06-11,6550.1230999999998
1945-06-12,6564.6671999999999
1945-06-13,6596.5604000000003
1945-06-14,6624.1162000000004
1945-06-15,6647.5515999999998
1945-06-18,6643.6153999999997
1945-06-19,6652.8863000000001
1945-06-20,6684.1687000000002
1945-06-21,6719.8531000000003
1945-06-22,6729.1234000000004
1945-06-25,6760.4052000000001
1945-06-26,6769.6751999999997
1945-06-27,6761.3365999999996
1945-06-28,6625.3337000000001
1945-06-29,6550.9624000000003
1945-07-02,6621.8638000000001
1945-07-03,6622.3299999999999
1945-07-05,6547.9596000000001
1945-07-06,6570.4364999999998
1945-07-09,6628.1306000000004
1945-07-10,6655.0096000000003
1945-07-11,6633.4648999999999
1945-07-12,6651.5393000000004
1945-07-13,6634.3968999999997
1945-07-16,6586.4404000000004
1945-07-17,6441.6396999999997
1945-07-18,6420.0965999999999
1945-07-19,6464.5832
1945-07-20,6465.0499
1945-07-23,6399.4875000000002
1945-07-24,6413.1599999999999
1945-07-25,6475.2538000000004
1945-07-26,6343.6630999999998
1945-07-27,6374.9436999999998
1945-07-30,6441.4386999999997
1945-07-31,6468.3167000000003
1945-08-01,6477.5874000000003
1945-08-02,6451.6431000000002
1945-08-03,6478.5209999999997
1945-08-06,6496.5947999999999
1945-08-07,6409.0257000000001
1945-08-08,6422.6977999999999
1945-08-09,6528.8060999999998
1945-08-10,6524.8711000000003
1945-08-13,6450.5087999999996
1945-08-14,6490.5910000000003
1945-08-17,6455.8440000000001
1945-08-20,6359.4741999999997
1945-08-21,6386.3513000000003
1945-08-22,6430.8343999999997
1945-08-23,6558.9480000000003
1945-08-24,6647.4461000000001
1945-08-27,6744.7465000000002
1945-08-28,6767.2200000000003
1945-08-29,6758.8824000000004
1945-08-30,6781.3558000000003
1945-08-31,6693.7911999999997
1945-09-04,6852.7109
1945-09-05,6861.9791999999998
1945-09-06,6954.875
1945-09-07,6950.9386000000004
1945-09-10,6973.4103999999998
1945-09-11,7017.8891000000003
1945-09-12,7049.1637000000001
1945-09-13,7049.6282000000001
1945-09-14,7010.4807000000001
1945-09-17,6856.8980000000001
1945-09-18,6993.8044
1945-09-19,7060.2889999999998
1945-09-20,7087.1608999999999
1945-09-21,7051.9093999999996
1945-09-24,7035.5429000000004
1945-09-25,7045.7039999999997
1945-09-26,7042.6013999999996
1945-09-27,7017.3928999999998
1945-09-28,7102.7138000000004
1945-10-01,7227.8251
1945-10-02,7229.1427000000003
1945-10-03,7217.1970000000001
1945-10-04,7218.5146999999997
1945-10-05,7255.2015000000001
1945-10-08,7309.5718999999999
1945-10-09,7328.5731999999998
1945-10-10,7356.4170999999997
1945-10-11,7348.8923000000004
1945-10-15,7354.6301999999996
1945-10-16,7355.9474
1945-10-17,7388.2114000000001
1945-10-18,7416.0540000000001
1945-10-19,7359.8985000000002
1945-10-22,7414.2667000000001
1945-10-23,7358.1112999999996
1945-10-24,7248.9057000000003
1945-10-25,7285.5906000000004
1945-10-26,7322.2752
1945-10-29,7266.1210000000001
1945-10-30,7276.2800999999999
1945-10-31,7396.9597999999996
1945-11-01,7495.5344999999998
1945-11-02,7492.4300000000003
1945-11-05,7529.1126000000004
1945-11-07,7618.8445000000002
1945-11-08,7593.6360000000004
1945-11-09,7603.7938999999997
1945-11-13,7578.5855000000001
1945-11-14,7540.1153999999997
1945-11-15,7598.9004999999997
1945-11-16,7657.6849000000002
1945-11-19,7650.1596
1945-11-20,7686.8407999999999
1945-11-21,7577.6409999999996
1945-11-23,7503.8073999999997
1945-11-26,7544.9088000000002
1945-11-27,7639.0569999999998
1945-11-28,7600.5880999999999
1945-11-29,7588.6426000000001
1945-11-30,7660.6871000000001
1945-12-03,7772.5147999999999
1945-12-04,7764.9892
1945-12-05,7761.8837999999996
1945-12-06,7802.9830000000002
1945-12-07,7821.9799000000003
1945-12-10,7885.1809000000003
1945-12-11,7868.8145999999997
1945-12-12,7750.7794999999996
1945-12-13,7716.7323999999999
1945-12-14,7726.8883999999998
1945-12-17,7564.6512000000002
1945-12-18,7636.6923999999999
1945-12-19,7638.0083000000004
1945-12-20,7590.7013999999999
1945-12-21,7587.0805
1945-12-26,7780.8621999999996
1945-12-27,7724.4214000000002
1945-12-28,7739.4726000000001
1945-12-31,7763.4601000000002
1946-01-02,7715.9566000000004
1946-01-03,7726.5393999999997
1946-01-04,7710.3130000000001
1946-01-07,7747.7046
1946-01-08,7919.1391000000003
1946-01-09,8036.9556000000002
1946-01-10,8092.2177000000001
1946-01-11,8120.6710000000003
1946-01-14,8211.6772999999994
1946-01-15,8226.7263999999996
1946-01-16,8237.3068999999996
1946-01-17,8221.0794000000005
1946-01-18,8204.8523000000005
1946-01-21,7956.2909
1946-01-22,8011.5520999999999
1946-01-23,8107.0239000000001
1946-01-24,8131.0083000000004
1946-01-25,8119.2498999999998
1946-01-28,8357.6926000000003
1946-01-29,8381.6761000000006
1946-01-30,8334.1738999999998
1946-01-31,8340.2860000000001
1946-02-01,8373.2045999999991
1946-02-04,8365.9130999999998
1946-02-05,8403.2996999999996
1946-02-06,8346.8624999999993
1946-02-07,8348.5066000000006
1946-02-08,8341.2152999999998
1946-02-11,8204.3603000000003
1946-02-13,8089.8447999999999
1946-02-14,8140.6342000000004
1946-02-15,8298.6471000000001
1946-02-18,8273.4856
1946-02-19,7971.3316000000004
1946-02-20,7825.5456999999997
1946-02-21,7983.5576000000001
1946-02-25,7623.3290999999999
1946-02-26,7580.2999
1946-02-27,7733.8436000000002
1946-02-28,7793.5679
1946-03-01,7763.9416000000001
1946-03-04,7711.9781999999996
1946-03-05,7794.0393000000004
1946-03-06,7759.9458000000004
1946-03-07,7828.6035000000002
1946-03-08,7897.2606999999998
1946-03-11,7849.7649000000001
1946-03-12,7869.2803000000004
1946-03-13,7750.3072000000002
1946-03-14,7725.1495999999997
1946-03-15,7812.1025
1946-03-18,7944.6805999999997
1946-03-19,7891.9017999999996
1946-03-20,7952.1450999999997
1946-03-21,8007.8663999999999
1946-03-22,8009.3377
1946-03-25,8178.0787
1946-03-26,8175.0285000000003
1946-03-27,8126.7707
1946-03-28,8119.2001
1946-03-29,8170.3993
1946-04-01,8180.9114
1946-04-02,8186.9026999999996
1946-04-03,8328.5146000000004
1946-04-04,8420.3981999999996
1946-04-05,8403.7847999999994
1946-04-08,8441.4197000000004
1946-04-09,8560.4256999999998
1946-04-10,8530.2507999999998
1946-04-11,8513.6380000000008
1946-04-12,8515.1072999999997
1946-04-15,8448.7682999999997
1946-04-16,8563.2510999999995
1946-04-17,8551.1589000000004
1946-04-18,8579.7508999999991
1946-04-22,8572.1790000000001
1946-04-23,8555.5666000000001
1946-04-24,8471.1473000000005
1946-04-25,8422.8920999999991
1946-04-26,8442.4434000000001
1946-04-29,8507.1988000000001
1946-04-30,8526.75
1946-05-01,8505.6177000000007
1946-05-02,8466.4035000000003
1946-05-03,8395.5475999999999
1946-05-06,8306.6110000000008
1946-05-07,8421.0882999999994
1946-05-08,8404.4766
1946-05-09,8392.3850999999995
1946-05-10,8529.4624000000003
1946-05-13,8553.5329999999994
1946-05-14,8500.7592000000004
1946-05-15,8438.9452999999994
1946-05-16,8490.1365999999998
1946-05-17,8473.5254000000004
1946-05-20,8493.0753000000004
1946-05-21,8512.6249000000007
1946-05-22,8568.3354999999992
1946-05-23,8560.7644999999993
1946-05-24,8562.2335000000003
1946-05-27,8626.9830999999995
1946-05-28,8755.0134999999991
1946-05-29,8779.0822000000007
1946-05-31,8748.9099000000006
1946-06-03,8691.6180999999997
1946-06-04,8638.8469000000005
1946-06-05,8590.5957999999991
1946-06-06,8587.5450999999994
1946-06-07,8593.5336000000007
1946-06-10,8608.5617000000002
1946-06-11,8519.6322999999993
1946-06-12,8539.1810999999998
1946-06-13,8590.3685999999998
1946-06-14,8587.3176000000003
1946-06-17,8597.8261000000002
1946-06-18,8481.7800999999999
1946-06-19,8433.5316999999995
1946-06-20,8249.6900000000005
1946-06-21,8342.4400000000005
1946-06-24,8361.3227000000006
1946-06-25,8302.4096000000009
1946-06-26,8289.2589000000007
1946-06-27,8417.9694999999992
1946-06-28,8436.8515000000007
1946-07-01,8487.7659999999996
1946-07-02,8483.7667000000001
1946-07-03,8466.0391
1946-07-05,8439.1597999999994
1946-07-08,8407.7042999999994
1946-07-09,8454.0419000000002
1946-07-10,8468.3469000000005
1946-07-11,8423.1641999999993
1946-07-12,8368.8294999999998
1946-07-15,8222.9753999999994
1946-07-16,8232.7052999999996
1946-07-17,8279.0424999999996
1946-07-18,8265.8927000000003
1946-07-19,8239.0154999999995
1946-07-22,8216.7137999999995
1946-07-23,7970.1949999999997
1946-07-24,7979.9258
1946-07-25,8021.6869999999999
1946-07-26,8068.0240999999996
1946-07-29,8096.0576000000001
1946-07-30,8142.3937999999998
1946-07-31,8234.4878000000008
1946-08-01,8257.9449000000004
1946-08-02,8263.0980999999992
1946-08-05,8213.3433999999997
1946-08-06,8191.0432000000001
1946-08-07,8269.4081999999999
1946-08-08,8306.5908999999992
1946-08-09,8279.7145999999993
1946-08-12,8294.0188999999991
1946-08-13,8363.2312000000002
1946-08-14,8350.0822000000007
1946-08-15,8254.5722999999998
1946-08-16,8186.5164000000004
1946-08-19,8173.3680999999997
1946-08-20,8219.7013999999999
1946-08-21,8142.4957000000004
1946-08-22,8060.7147999999997
1946-08-23,8070.4448000000002
1946-08-26,8020.6934000000001
1946-08-27,7769.6232
1946-08-28,7683.2700000000004
1946-08-29,7697.5762999999997
1946-08-30,7647.8272999999999
1946-09-03,7135.9655000000002
1946-09-04,7104.5200999999997
1946-09-05,7347.5950000000003
1946-09-06,7279.5461999999998
1946-09-09,6900.3774999999996
1946-09-10,6708.7987999999996
1946-09-11,6919.8445000000002
1946-09-12,6906.7012999999997
1946-09-13,7039.9660000000003
1946-09-16,7081.7253000000001
1946-09-17,7027.4052000000001
1946-09-18,6808.3789999999999
1946-09-19,6593.9291999999996
1946-09-20,6759.7819
1946-09-23,6632.4386999999997
1946-09-24,6776.5907999999999
1946-09-25,6952.9531999999999
1946-09-26,7032.6814999999997
1946-09-27,6960.5576000000001
1946-09-30,6893.0360000000001
1946-10-01,6876.1316999999999
1946-10-02,6932.8514999999998
1946-10-03,6906.7438000000002
1946-10-04,6830.0203000000001
1946-10-07,6780.9063999999998
1946-10-08,6704.1842999999999
1946-10-09,6517.0285999999996
1946-10-10,6615.1608999999999
1946-10-11,6754.7049999999999
1946-10-14,6793.0178999999998
1946-10-15,7065.9994999999999
1946-10-16,7039.8923000000004
1946-10-17,6935.5630000000001
1946-10-18,6918.6592000000001
1946-10-21,6933.9642999999996
1946-10-22,6880.2506999999996
1946-10-23,6831.1385
1946-10-24,6837.2412999999997
1946-10-25,6801.9336000000003
1946-10-28,6660.7982000000002
1946-10-29,6602.4850999999999
1946-10-30,6631.5949000000001
1946-10-31,6872.3562000000002
1946-11-01,6979.6839
1946-11-04,7100.8137999999999
1946-11-06,6798.6432999999997
1946-11-07,6855.3582999999999
1946-11-08,6884.4663
1946-11-12,6927.3773000000001
1946-11-13,6869.0653000000002
1946-11-14,6907.3752000000004
1946-11-15,6835.2606999999998
1946-11-18,6767.7476999999999
1946-11-19,6764.6485000000002
1946-11-20,6715.54
1946-11-21,6602.0191999999997
1946-11-22,6566.7148999999999
1946-11-25,6651.0334000000003
1946-11-26,6716.9480000000003
1946-11-27,6764.4584999999997
1946-11-29,6825.7710999999999
1946-12-02,6716.8531999999996
1946-12-03,6741.3591999999999
1946-12-04,6848.6788999999999
1946-12-05,6813.3743999999997
1946-12-06,6842.4808000000003
1946-12-09,7129.2272999999996
1946-12-10,7130.7278999999999
1946-12-11,7150.6314000000002
1946-12-12,7055.5176000000001
1946-12-13,7066.2195000000002
1946-12-16,7099.9251999999997
1946-12-17,7073.8221999999996
1946-12-18,7089.1247999999996
1946-12-19,7201.0396000000001
1946-12-20,7225.5578999999998
1946-12-23,7185.1995999999999
1946-12-24,7168.1502
1946-12-26,7095.1612999999998
1946-12-27,7087.4355999999998
1946-12-30,7079.7096000000001
1946-12-31,7141.9069
1947-01-02,7096.8888999999999
1947-01-03,7126.4556000000002
1947-01-06,7211.9594999999999
1947-01-07,7157.6185999999998
1947-01-08,7201.1691000000001
1947-01-09,7216.7503999999999
1947-01-10,7125.1181999999999
1947-01-13,6921.6130000000003
1947-01-14,6955.8405000000002
1947-01-15,6910.8247000000001
1947-01-16,6917.0837000000001
1947-01-17,7053.8607000000002
1947-01-20,7032.1517999999996
1947-01-21,7010.4426999999996
1947-01-22,7044.6692000000003
1947-01-23,7116.1858000000002
1947-01-24,7127.1057000000001
1947-01-27,7189.299
1947-01-28,7251.4920000000002
1947-01-29,7336.9903000000004
1947-01-30,7315.2804999999998
1947-01-31,7344.8442999999997
1947-02-03,7411.6967000000004
1947-02-04,7427.2758999999996
1947-02-05,7470.8218999999999
1947-02-06,7444.4512999999997
1947-02-07,7567.2352000000001
1947-02-10,7536.2029000000002
1947-02-11,7579.7479999999996
1947-02-13,7483.4611999999997
1947-02-14,7452.4297999999999
1947-02-17,7463.3473999999997
1947-02-18,7464.9431000000004
1947-02-19,7377.9807000000001
1947-02-20,7393.5591999999997
1947-02-21,7432.4430000000002
1947-02-24,7373.4471999999996
1947-02-25,7281.8256000000001
1947-02-26,7204.1869999999999
1947-02-27,7289.6791999999996
1947-02-28,7267.9710999999998
1947-03-03,7260.2460000000001
1947-03-04,7261.8424000000005
1947-03-05,7347.3329000000003
1947-03-06,7376.8935000000001
1947-03-07,7150.1122999999998
1947-03-10,7081.7975999999999
1947-03-11,7022.8051999999998
1947-03-12,7066.3489
1947-03-13,7049.3033999999998
1947-03-14,6980.9903999999997
1947-03-17,7001.2299999999996
1947-03-18,7091.3793999999998
1947-03-19,7125.6009999999997
1947-03-20,7122.5374000000002
1947-03-21,7209.0178999999998
1947-03-24,7144.8109999999997
1947-03-25,7104.2408999999998
1947-03-26,7205.4870000000001
1947-03-27,7287.8235000000004
1947-03-28,7256.7071999999998
1947-03-31,7183.0469999999996
1947-04-01,7213.3843999999999
1947-04-02,7210.6315999999997
1947-04-03,7193.6977999999999
1947-04-07,7134.2205000000004
1947-04-08,7032.2003000000004
1947-04-09,7029.4483
1947-04-10,7036.1505999999999
1947-04-11,6986.1286
1947-04-14,6713.9386000000004
1947-04-15,6720.6415999999999
1947-04-16,6788.7948999999999
1947-04-17,6781.3167999999996
1947-04-18,6698.2082
1947-04-21,6870.3527999999997
1947-04-22,6924.3242
1947-04-23,6935.7530999999999
1947-04-24,6895.1871000000001
1947-04-25,6849.8944000000001
1947-04-28,6842.4165000000003
1947-04-29,6858.5725000000002
1947-04-30,6945.6297999999997
1947-05-01,6999.5994000000001
1947-05-02,7048.8419999999996
1947-05-05,7079.1776
1947-05-06,7005.5253000000002
1947-05-07,7002.7737999999999
1947-05-08,6966.9354000000003
1947-05-09,6983.0904
1947-05-12,6904.7127
1947-05-13,6760.1629000000003
1947-05-14,6743.2321000000002
1947-05-15,6806.6532999999999
1947-05-16,6676.2856000000002
1947-05-19,6588.4579000000003
1947-05-20,6618.7933999999996
1947-05-21,6743.6585999999998
1947-05-22,6792.8990000000003
1947-05-23,6799.6009999999997
1947-05-26,6773.2178999999996
1947-05-27,6765.7408999999998
1947-05-28,6871.6974
1947-05-29,6925.6634000000004
1947-06-02,6856.7430000000004
1947-06-03,6953.2453999999998
1947-06-04,6907.9566999999997
1947-06-05,6905.2058999999999
1947-06-06,6959.1704
1947-06-09,6923.3352999999997
1947-06-10,6991.4778999999999
1947-06-11,7154.1449000000002
1947-06-12,7118.3095000000003
1947-06-13,7195.9031000000004
1947-06-16,7216.7816999999995
1947-06-17,7190.3984
1947-06-18,7192.3724000000002
1947-06-19,7279.4170999999997
1947-06-20,7291.1977999999999
1947-06-23,7330.5187999999998
1947-06-24,7187.0798999999997
1947-06-25,7245.6390000000001
1947-06-26,7275.3414000000002
1947-06-27,7276.1868000000004
1947-06-30,7320.317
1947-07-01,7441.3972999999996
1947-07-02,7432.6229999999996
1947-07-03,7510.4174999999996
1947-07-07,7516.0712000000003
1947-07-08,7545.7716
1947-07-09,7474.4767000000002
1947-07-10,7552.2700000000004
1947-07-11,7644.4899999999998
1947-07-14,7688.6174000000001
1947-07-15,7675.0334999999995
1947-07-16,7671.0685000000003
1947-07-17,7590.1559999999999
1947-07-18,7639.0919000000004
1947-07-21,7615.8899000000001
1947-07-22,7650.3981000000003
1947-07-23,7689.7152999999998
1947-07-24,7772.3137999999999
1947-07-25,7753.9207999999999
1947-07-28,7687.4372000000003
1947-07-29,7519.9646000000002
1947-07-30,7487.1454999999996
1947-07-31,7603.4062000000004
1947-08-01,7623.4863999999998
1947-08-04,7537.7689
1947-08-05,7562.6579000000002
1947-08-06,7539.4575000000004
1947-08-07,7549.9196000000002
1947-08-08,7449.7768999999998
1947-08-11,7402.5325999999995
1947-08-12,7451.4664000000002
1947-08-13,7495.5906999999997
1947-08-14,7472.3914000000004
1947-08-15,7526.1325999999999
1947-08-18,7488.5065000000004
1947-08-19,7470.1162000000004
1947-08-20,7437.2996000000003
1947-08-21,7457.3792999999996
1947-08-22,7467.8415000000005
1947-08-25,7362.8944000000001
1947-08-26,7363.7393000000002
1947-08-27,7374.2016000000003
1947-08-28,7360.6206000000002
1947-08-29,7409.5519000000004
1947-09-02,7434.4395999999997
1947-09-03,7416.0496999999996
1947-09-04,7325.5313999999998
1947-09-05,7307.1423000000004
1947-09-08,7192.5826999999999
1947-09-09,7207.8535000000002
1947-09-10,7276.0182000000004
1947-09-11,7281.6715999999997
1947-09-12,7258.4741999999997
1947-09-15,7230.4686000000002
1947-09-16,7298.6320999999998
1947-09-17,7395.6454999999996
1947-09-18,7367.6396999999997
1947-09-19,7363.1706999999997
1947-09-22,7355.4931999999999
1947-09-23,7236.4002
1947-09-24,7267.4768999999997
1947-09-25,7225.8909999999996
1947-09-26,7203.6818999999996
1947-09-29,7249.2902999999997
1947-09-30,7333.6507000000001
1947-10-01,7359.8824000000004
1947-10-02,7366.7371000000003
1947-10-03,7402.6563999999998
1947-10-06,7424.0429000000004
1947-10-07,7426.0535
1947-10-08,7369.9364999999998
1947-10-09,7420.3869000000004
1947-10-10,7436.9291999999996
1947-10-14,7564.8811999999998
1947-10-15,7586.2664999999997
1947-10-16,7578.5886
1947-10-17,7585.4427999999998
1947-10-20,7689.1733999999997
1947-10-21,7676.6517999999996
1947-10-22,7644.7550000000001
1947-10-23,7651.6081999999997
1947-10-24,7556.7421000000004
1947-10-27,7573.2830000000004
1947-10-28,7580.1367
1947-10-29,7557.9281000000001
1947-10-30,7482.4393
1947-10-31,7532.8867
1947-11-03,7549.4274999999998
1947-11-05,7493.3135000000002
1947-11-06,7495.3238000000001
1947-11-07,7482.8029999999999
1947-11-10,7513.8748999999998
1947-11-12,7486.8236999999999
1947-11-13,7416.1806999999999
1947-11-14,7432.7218999999996
1947-11-17,7434.7323999999999
1947-11-18,7490.0213000000003
1947-11-19,7511.4056
1947-11-20,7547.3197
1947-11-21,7510.5824000000002
1947-11-24,7469.0020000000004
1947-11-25,7451.6383999999998
1947-11-26,7419.7447000000002
1947-11-28,7349.1044000000002
1947-12-01,7394.7057000000004
1947-12-02,7406.4025000000001
1947-12-03,7340.6063000000004
1947-12-04,7299.0271000000002
1947-12-05,7189.6423999999997
1947-12-08,7259.4589999999998
1947-12-09,7285.6859000000004
1947-12-10,7297.3829999999998
1947-12-11,7294.5502999999999
1947-12-12,7349.8361999999997
1947-12-15,7434.1808000000001
1947-12-16,7426.5050000000001
1947-12-17,7443.0448999999999
1947-12-18,7420.8393999999998
1947-12-19,7447.5240000000003
1947-12-22,7488.7281999999996
1947-12-23,7520.0805
1947-12-24,7516.9533000000001
1947-12-26,7454.7194
1947-12-29,7417.1134000000002
1947-12-30,7507.5716000000002
1947-12-31,7548.7736999999997
1948-01-02,7570.2740000000003
1948-01-05,7503.1153999999997
1948-01-06,7480.2864
1948-01-07,7521.4880000000003
1948-01-08,7562.6896999999999
1948-01-09,7525.085
1948-01-12,7497.3308999999999
1948-01-13,7390.7716
1948-01-14,7392.5703000000003
1948-01-15,7359.8917000000001
1948-01-16,7356.7655999999997
1948-01-19,7274.8343999999997
1948-01-20,7281.5590000000002
1948-01-21,7199.6288000000004
1948-01-22,7142.3254999999999
1948-01-23,7109.6485000000002
1948-01-26,7096.6731
1948-01-27,7108.3229000000001
1948-01-28,7184.0002999999997
1948-01-29,7264.6018000000004
1948-01-30,7281.1764000000003
1948-02-02,7297.7510000000002
1948-02-03,7255.2242999999999
1948-02-04,7124.0465999999997
1948-02-05,7051.9704000000002
1948-02-06,7048.8455000000004
1948-02-09,7109.7453999999998
1948-02-10,6904.6958999999997
1948-02-11,6901.5717000000004
1948-02-13,6888.5972000000002
1948-02-16,6983.9717000000001
1948-02-17,6985.7718000000004
1948-02-18,6992.4971999999998
1948-02-19,6979.5228999999999
1948-02-20,6951.7739000000001
1948-02-24,6973.2735000000002
1948-02-25,7009.5474000000004
1948-02-26,6967.0240999999996
1948-02-27,6944.2006000000001
1948-03-01,7014.9472999999998
1948-03-02,7061.0699999999997
1948-03-03,7067.7943999999998
1948-03-04,7025.2722000000003
1948-03-05,7041.8463000000002
1948-03-08,7009.1733000000004
1948-03-09,6966.6511
1948-03-10,6997.9992000000002
1948-03-11,6989.9495999999999
1948-03-12,6991.7496000000001
1948-03-15,7028.0219999999999
1948-03-16,6921.4817999999996
1948-03-17,6977.4521000000004
1948-03-18,7018.6485000000002
1948-03-19,7165.4997999999996
1948-03-22,7357.7376999999997
1948-03-23,7359.8287
1948-03-24,7356.9156000000003
1948-03-25,7389.0291999999999
1948-03-29,7366.1012000000001
1948-03-30,7453.2556000000004
1948-03-31,7560.4245000000001
1948-04-01,7582.5294000000004
1948-04-02,7599.6302999999998
1948-04-05,7616.7313000000004
1948-04-06,7668.8576999999996
1948-04-07,7645.9287999999997
1948-04-08,7668.0330999999996
1948-04-09,7680.1304
1948-04-12,7677.2161999999998
1948-04-13,7689.3130000000001
1948-04-14,7681.3954000000003
1948-04-15,7733.5203000000001
1948-04-16,7760.6274000000003
1948-04-19,7782.7302
1948-04-20,7779.8161
1948-04-21,7821.9324999999999
1948-04-22,7894.0694999999996
1948-04-23,7946.1927999999998
1948-04-26,7828.2001
1948-04-27,7835.2924999999996
1948-04-28,7847.3883999999998
1948-04-29,7824.4606999999996
1948-04-30,7806.5366000000004
1948-05-03,7868.6651000000002
1948-05-04,7865.7507999999998
1948-05-05,7822.8104999999996
1948-05-06,7889.9417000000003
1948-05-07,7937.0596999999998
1948-05-10,7984.1769999999997
1948-05-11,8011.2816000000003
1948-05-12,8023.3759
1948-05-13,8085.5020999999997
1948-05-14,8282.7121000000006
1948-05-17,8394.8683000000001
1948-05-18,8286.8873000000003
1948-05-19,8278.9680000000008
1948-05-20,8326.0830000000005
1948-05-21,8348.1818999999996
1948-05-24,8370.2813000000006
1948-05-25,8367.3651000000009
1948-05-26,8444.4966000000004
1948-05-27,8446.5830999999998
1948-05-28,8453.6723999999995
1948-06-01,8480.7734
1948-06-02,8492.8652000000002
1948-06-03,8474.9403000000002
1948-06-04,8411.9894999999997
1948-06-07,8389.0616000000009
1948-06-08,8531.2278999999999
1948-06-09,8568.3335999999999
1948-06-10,8575.4226999999992
1948-06-11,8602.5226999999995
1948-06-14,8614.6136999999999
1948-06-15,8661.7242999999999
1948-06-16,8638.7965999999997
1948-06-17,8630.8767000000007
1948-06-18,8617.6620000000003
1948-06-21,8532.3356000000003
1948-06-22,8518.1458000000002
1948-06-23,8605.5789999999997
1948-06-24,8586.3078999999998
1948-06-25,8556.875
1948-06-28,8446.1452000000008
1948-06-29,8487.848
1948-06-30,8514.3071999999993
1948-07-01,8495.0368999999992
1948-07-02,8572.3055999999997
1948-07-06,8573.3593000000001
1948-07-07,8543.9274999999998
1948-07-08,8555.1432999999997
1948-07-09,8612.0869999999995
1948-07-12,8592.8166000000001
1948-07-13,8543.0612000000001
1948-07-14,8554.2767000000003
1948-07-15,8392.7435999999998
1948-07-16,8276.9390999999996
1948-07-19,8008.7111000000004
1948-07-20,8131.7058999999999
1948-07-21,8198.8114999999998
1948-07-22,8260.8351999999995
1948-07-23,8292.3742000000002
1948-07-26,8217.2183999999997
1948-07-27,8304.6450999999997
1948-07-28,8249.8124000000007
1948-07-29,8184.8189000000002
1948-07-30,8084.2610000000004
1948-08-02,8085.3163999999997
1948-08-03,8111.7750999999998
1948-08-04,8239.8451000000005
1948-08-05,8210.4164000000001
1948-08-06,8226.7129000000004
1948-08-09,8146.4790999999996
1948-08-10,8035.7629999999999
1948-08-11,8001.2550000000001
1948-08-12,8022.6322
1948-08-13,8018.6076999999996
1948-08-16,8039.9853000000003
1948-08-17,8137.5689000000002
1948-08-18,8138.6241
1948-08-19,8165.0808999999999
1948-08-20,8252.5018999999993
1948-08-23,8146.8698000000004
1948-08-24,8188.5672999999997
1948-08-25,8174.3810999999996
1948-08-26,8200.8377999999993
1948-08-27,8237.4545999999991
1948-08-30,8172.4665999999997
1948-08-31,8168.4413000000004
1948-09-01,8266.0200000000004
1948-09-02,8307.7160999999996
1948-09-03,8324.0112000000008
1948-09-07,8365.7065000000002
1948-09-08,8224.5174000000006
1948-09-09,8093.4897000000001
1948-09-10,8104.7049999999999
1948-09-13,8039.7191000000003
1948-09-14,8101.7350999999999
1948-09-15,8092.6305000000002
1948-09-16,8093.6858000000002
1948-09-17,8058.3639000000003
1948-09-20,7912.4369999999999
1948-09-21,7971.4278999999997
1948-09-22,7994.5573999999997
1948-09-23,7981.8270000000002
1948-09-24,8004.9566999999997
1948-09-27,7797.5583999999999
1948-09-28,7887.2852999999996
1948-09-29,7987.2569999999996
1948-09-30,7959.1585999999998
1948-10-01,8054.0065000000004
1948-10-04,8148.8536000000004
1948-10-05,8136.1233000000002
1948-10-06,8149.0060999999996
1948-10-07,8197.7476000000006
1948-10-08,8185.0172000000002
1948-10-11,8187.6545999999998
1948-10-13,8287.6218000000008
1948-10-14,8315.8716000000004
1948-10-15,8308.2628999999997
1948-10-18,8346.7577999999994
1948-10-19,8395.4974999999995
1948-10-20,8428.8690999999999
1948-10-21,8441.7505999999994
1948-10-22,8572.4493000000002
1948-10-25,8559.7180000000008
1948-10-26,8567.4760000000006
1948-10-27,8559.8672999999999
1948-10-28,8506.1566999999995
1948-10-29,8529.2819999999992
1948-11-01,8634.3647999999994
1948-11-03,8242.5791000000008
1948-11-04,8352.7852000000003
1948-11-05,7991.7375000000002
1948-11-08,8030.2317000000003
1948-11-09,7781.8780999999999
1948-11-10,7779.3946999999998
1948-11-12,7802.5225
1948-11-15,7922.9723000000004
1948-11-16,7920.4880999999996
1948-11-17,7902.6377000000002
1948-11-18,7925.7642999999998
1948-11-19,7954.0128000000004
1948-11-22,7905.4291999999996
1948-11-23,7897.8233
1948-11-24,7757.0429999999997
1948-11-26,7759.6815999999999
1948-11-29,7700.8557000000001
1948-11-30,7683.0066999999999
1948-12-01,7818.8175000000001
1948-12-02,7816.3341
1948-12-03,7885.5582999999997
1948-12-06,7939.4160000000002
1948-12-07,7947.1759000000002
1948-12-08,7929.3258999999998
1948-12-09,7916.598
1948-12-10,7944.8455000000004
1948-12-13,8003.8234000000002
1948-12-14,7965.4866000000002
1948-12-15,7927.1498000000001
1948-12-16,7924.6659
1948-12-17,7948.9231
1948-12-20,7945.9255999999996
1948-12-21,7922.0105000000003
1948-12-22,7929.4722000000002
1948-12-23,7931.7044999999998
1948-12-24,7986.2317999999996
1948-12-27,7957.0871999999999
1948-12-28,7901.7956000000004
1948-12-29,8008.6162999999997
1948-12-30,8010.8482000000004
1948-12-31,7971.2449999999999
1949-01-03,7842.7428
1949-01-04,7886.8101999999999
1949-01-05,7957.0240000000003
1949-01-06,8137.0519000000004
1949-01-07,8196.8055999999997
1949-01-10,8146.7435999999998
1949-01-11,8143.7460000000001
1949-01-12,8130.2894999999999
1949-01-13,8090.6872999999996
1949-01-14,8014.4808999999996
1949-01-17,8089.9206999999997
1949-01-18,8092.1521000000002
1949-01-19,8125.7586000000001
1949-01-20,8159.3644999999997
1949-01-21,8145.9083000000001
1949-01-24,8132.4520000000002
1949-01-25,8077.1634000000004
1949-01-26,8058.4785000000002
1949-01-27,8039.7939999999999
1949-01-28,8015.8805000000002
1949-01-31,8028.5703000000003
1949-02-01,8093.5495000000001
1949-02-02,8101.0099
1949-02-03,8087.5545000000002
1949-02-04,7969.5210999999999
1949-02-07,7799.2001
1949-02-08,7770.0598
1949-02-09,7814.1230999999998
1949-02-10,7711.7793000000001
1949-02-11,7703.5547999999999
1949-02-14,7731.9317000000001
1949-02-15,7755.0797000000002
1949-02-16,7799.1424999999999
1949-02-17,7853.6623
1949-02-18,7834.9799000000003
1949-02-21,7811.0689000000002
1949-02-23,7740.0998
1949-02-24,7648.2166999999999
1949-02-25,7629.5352999999996
1949-02-28,7757.2547000000004
1949-03-01,7806.5447999999997
1949-03-02,7787.8630999999996
1949-03-03,7779.6386000000002
1949-03-04,7792.3280999999997
1949-03-07,7893.902
1949-03-08,7911.8190000000004
1949-03-09,7898.3653000000004
1949-03-10,7905.8253000000004
1949-03-11,7986.4831999999997
1949-03-14,8014.8566000000001
1949-03-15,7970.0328
1949-03-16,7940.8945999999996
1949-03-17,7969.2678999999998
1949-03-18,7955.9038
1949-03-21,7921.1954999999998
1949-03-22,7870.5123000000003
1949-03-23,7968.9346999999998
1949-03-24,7982.1535000000003
1949-03-25,7942.1206000000002
1949-03-28,7965.9898000000003
1949-03-29,8122.9866000000002
1949-03-30,8120.2295000000004
1949-03-31,8042.9211999999998
1949-04-01,7981.5887000000002
1949-04-04,8005.4575999999997
1949-04-05,7997.3756999999996
1949-04-06,7978.6437999999998
1949-04-07,7986.5366000000004
1949-04-08,8010.4048000000003
1949-04-11,8023.6229999999996
1949-04-12,8047.4903000000004
1949-04-13,8044.7335000000003
1949-04-14,8031.3271000000004
1949-04-18,8076.4940999999999
1949-04-19,8047.1129000000001
1949-04-20,8028.3814000000002
1949-04-21,7897.8289999999997
1949-04-22,7889.7478000000001
1949-04-25,7881.6664000000001
1949-04-26,7926.8328000000001
1949-04-27,7929.4009999999998
1949-04-28,7894.6967000000004
1949-04-29,7907.9146000000001
1949-05-02,7947.7551999999996
1949-05-03,7987.5955999999996
1949-05-04,8080.6819999999998
1949-05-05,8077.9247999999998
1949-05-06,8032.5712000000003
1949-05-09,8013.8407999999999
1949-05-10,7984.4611000000004
1949-05-11,8003.0025999999998
1949-05-12,8016.2194
1949-05-13,8024.1117000000004
1949-05-16,8069.2753000000002
1949-05-17,8055.8698999999997
1949-05-18,8037.1396000000004
1949-05-19,7991.7878000000001
1949-05-20,7957.0852000000004
1949-05-23,7879.7874000000002
1949-05-24,7839.7605999999996
1949-05-25,7879.5994000000001
1949-05-26,7876.8436000000002
1949-05-27,7852.7901000000002
1949-05-31,7684.9817000000003
1949-06-01,7660.9295000000002
1949-06-02,7663.4984999999997
1949-06-03,7618.1498000000001
1949-06-06,7498.2628000000004
1949-06-07,7511.4808999999996
1949-06-08,7561.9677000000001
1949-06-09,7564.5370000000003
1949-06-10,7503.2170999999998
1949-06-13,7367.3608000000004
1949-06-14,7417.8476000000001
1949-06-15,7558.8425999999999
1949-06-16,7534.7919000000002
1949-06-17,7549.2452000000003
1949-06-20,7659.4126999999999
1949-06-21,7666.1653999999999
1949-06-22,7645.7042000000001
1949-06-23,7685.1142
1949-06-24,7697.3094000000001
1949-06-27,7693.1765999999998
1949-06-28,7629.1736000000001
1949-06-29,7679.4683000000005
1949-06-30,7718.8774000000003
1949-07-01,7774.6135999999997
1949-07-05,7819.4643999999998
1949-07-06,7918.7412000000004
1949-07-07,7920.0502999999999
1949-07-08,7915.9166999999998
1949-07-11,7917.2257
1949-07-12,7972.9602999999997
1949-07-13,8066.7924000000003
1949-07-14,8073.5433999999996
1949-07-15,8058.5243
1949-07-18,8081.6025
1949-07-19,8159.1054999999997
1949-07-20,8176.7406000000001
1949-07-21,8139.9519
1949-07-22,8135.8179
1949-07-25,8164.3383000000003
1949-07-26,8230.9542999999994
1949-07-27,8232.2620999999999
1949-07-28,8222.6854000000003
1949-07-29,8223.9932000000008
1949-08-01,8268.8387000000002
1949-08-02,8291.9153000000006
1949-08-03,8287.7808000000005
1949-08-04,8278.2042000000001
1949-08-05,8399.2394999999997
1949-08-08,8487.6216999999997
1949-08-09,8412.7386999999999
1949-08-10,8452.1404000000002
1949-08-11,8426.2371000000003
1949-08-12,8389.4495000000006
1949-08-15,8352.6620999999996
1949-08-16,8375.7379999999994
1949-08-17,8469.5596999999998
1949-08-18,8492.6344000000008
1949-08-19,8444.9627999999993
1949-08-22,8424.5020000000004
1949-08-23,8316.9696999999996
1949-08-24,8323.7189999999991
1949-08-25,8346.7936000000009
1949-08-26,8380.7523000000001
1949-08-29,8294.9896000000008
1949-08-30,8345.2736999999997
1949-08-31,8352.0231000000003
1949-09-01,8402.3066999999992
1949-09-02,8392.7304999999997
1949-09-06,8388.5959000000003
1949-09-07,8444.3202999999994
1949-09-08,8461.9524000000001
1949-09-09,8457.8176999999996
1949-09-12,8524.4246000000003
1949-09-13,8645.4478999999992
1949-09-14,8641.3125999999993
1949-09-15,8577.3194999999996
1949-09-16,8605.5827000000008
1949-09-19,8548.8801999999996
1949-09-20,8354.7975999999999
1949-09-21,8479.4390000000003
1949-09-22,8532.6422999999995
1949-09-23,8574.8543000000009
1949-09-26,8556.6198000000004
1949-09-27,8494.4236999999994
1949-09-28,8564.1116000000002
1949-09-29,8617.3130000000001
1949-09-30,8599.0784000000003
1949-10-03,8613.8137000000006
1949-10-04,8699.9848999999995
1949-10-05,8720.2155000000002
1949-10-06,8756.9308000000001
1949-10-07,8766.1705999999995
1949-10-10,8758.9251000000004
1949-10-11,8839.5992999999999
1949-10-13,8843.3439999999991
1949-10-14,8814.1196
1949-10-17,8718.9565000000002
1949-10-18,8783.1448
1949-10-19,8836.3428999999996
1949-10-20,8823.6034
1949-10-21,8799.8736000000008
1949-10-24,8814.6075999999994
1949-10-25,8862.3104999999996
1949-10-26,8926.4973000000009
1949-10-27,8979.6939999999995
1949-10-28,8944.9748
1949-10-31,8926.7402999999995
1949-11-01,9018.3991000000005
1949-11-02,9093.5730000000003
1949-11-03,9075.3379000000004
1949-11-04,9035.1245999999992
1949-11-07,9011.3956999999991
1949-11-09,9026.1283000000003
1949-11-10,9007.8937000000005
1949-11-14,8951.1978999999992
1949-11-15,8801.0967999999993
1949-11-16,8854.2914999999994
1949-11-17,8923.9694
1949-11-18,9026.6129000000001
1949-11-21,8991.8956999999991
1949-11-22,9039.5941999999995
1949-11-23,9065.3153000000002
1949-11-25,9019.6095000000005
1949-11-28,8995.8817999999992
1949-11-29,8983.1420999999991
1949-11-30,9008.8631000000005
1949-12-01,9062.0550000000003
1949-12-02,9137.2230999999992
1949-12-05,9212.3912999999993
1949-12-06,9205.1453000000001
1949-12-07,9230.8646000000008
1949-12-08,9234.6072000000004
1949-12-09,9232.8561000000009
1949-12-12,9319.0097000000005
1949-12-13,9361.2106000000003
1949-12-14,9381.4349999999995
1949-12-15,9390.6712000000007
1949-12-16,9385.1164000000008
1949-12-19,9348.4879999999994
1949-12-20,9317.4935999999998
1949-12-21,9297.7659999999996
1949-12-22,9385.0699000000004
1949-12-23,9387.8747999999996
1949-12-27,9356.8801000000003
1949-12-28,9404.7507999999998
1949-12-29,9418.8220999999994
1949-12-30,9483.5913
1950-01-03,9413.1646999999994
1950-01-04,9522.9989000000005
1950-01-05,9570.8682000000008
1950-01-06,9601.8372999999992
1950-01-09,9660.9721000000009
1950-01-10,9635.6106999999993
1950-01-11,9672.2127
1950-01-12,9489.1281999999992
1950-01-13,9441.2361000000001
1950-01-16,9472.2049999999999
1950-01-17,9553.8701999999994
1950-01-18,9551.0416000000005
1950-01-19,9565.1111000000001
1950-01-20,9584.8135999999995
1950-01-23,9598.884
1950-01-24,9567.8909000000003
1950-01-25,9503.1016999999993
1950-01-26,9500.2728999999999
1950-01-27,9553.7723000000005
1950-01-30,9669.2307000000001
1950-01-31,9688.9321
1950-02-01,9691.7356
1950-02-02,9795.9272000000001
1950-02-03,9832.5262000000002
1950-02-06,9852.2268999999997
1950-02-07,9804.3363000000008
1950-02-08,9795.8737999999994
1950-02-09,9838.1047999999992
1950-02-10,9818.3775999999998
1950-02-14,9719.7952999999998
1950-02-15,9722.5985000000001
1950-02-16,9685.9740999999995
1950-02-17,9778.8968000000004
1950-02-20,9809.8621999999996
1950-02-21,9795.7677000000003
1950-02-23,9821.0998
1950-02-24,9863.3292000000001
1950-02-27,9866.1314999999995
1950-02-28,9835.1404000000002
1950-03-01,9849.2073
1950-03-02,9846.3781999999992
1950-03-03,9882.9745000000003
1950-03-06,9902.6743000000006
1950-03-07,9837.8901000000005
1950-03-08,9835.0606000000007
1950-03-09,9770.2770999999993
1950-03-10,9784.3438000000006
1950-03-13,9804.0429000000004
1950-03-14,9880.0635999999995
1950-03-15,9995.5079999999998
1950-03-16,10020.8387
1950-03-17,10000.875099999999
1950-03-20,9998.1802000000007
1950-03-21,10006.947399999999
1950-03-22,10067.295
1950-03-23,10076.061900000001
1950-03-24,10079.0977
1950-03-27,10024.822899999999
1950-03-28,10067.9764
1950-03-29,10019.4326
1950-03-30,9942.2348999999995
1950-03-31,9939.5403999999999
1950-04-03,10080.1186
1950-04-04,10094.616099999999
1950-04-05,10143.498900000001
1950-04-06,10232.4972
1950-04-10,10275.6481
1950-04-11,10221.375
1950-04-12,10333.2953
1950-04-13,10359.2536
1950-04-14,10350.826999999999
1950-04-17,10308.015600000001
1950-04-18,10397.011699999999
1950-04-19,10411.507799999999
1950-04-20,10345.773800000001
1950-04-21,10366.000599999999
1950-04-24,10294.536700000001
1950-04-25,10297.571400000001
1950-04-26,10260.4915
1950-04-27,10320.8318
1950-04-28,10381.171899999999
1950-05-01,10533.200500000001
1950-05-02,10473.198700000001
1950-05-03,10567.920599999999
1950-05-04,10484.9969
1950-05-05,10545.3356
1950-05-08,10577.0214
1950-05-09,10580.054899999999
1950-05-10,10594.549300000001
1950-05-11,10597.582700000001
1950-05-12,10537.5825
1950-05-15,10586.458500000001
1950-05-16,10692.6373
1950-05-17,10741.5126
1950-05-18,10767.4661
1950-05-19,10839.261500000001
1950-05-22,10796.4514
1950-05-23,10862.5164
1950-05-24,10854.0888
1950-05-25,10857.1212
1950-05-26,10848.6931
1950-05-29,10880.376899999999
1950-05-31,10917.7893
1950-06-01,10915.0911
1950-06-02,10929.582899999999
1950-06-05,10823.744000000001
1950-06-06,10987.2168
1950-06-07,11018.8984
1950-06-08,11142.2592
1950-06-09,11214.0496
1950-06-12,11297.2999
1950-06-13,11214.3815
1950-06-14,11062.705400000001
1950-06-15,11037.087
1950-06-16,11063.7804
1950-06-19,11037.235500000001
1950-06-20,10987.361199999999
1950-06-21,11089.124400000001
1950-06-22,11185.055700000001
1950-06-23,11176.007299999999
1950-06-26,10577.912200000001
1950-06-27,10463.887699999999
1950-06-28,10583.147300000001
1950-06-29,10195.016299999999
1950-06-30,10343.4372
1950-07-03,10316.8951
1950-07-05,10418.657999999999
1950-07-06,10479.5959
1950-07-07,10342.247100000001
1950-07-10,10298.210499999999
1950-07-11,10143.3676
1950-07-12,9883.5516000000007
1950-07-13,9781.1983
1950-07-14,9888.7922999999992
1950-07-17,9780.6075000000001
1950-07-18,10004.8372
1950-07-19,10182.4107
1950-07-20,10330.8238
1950-07-21,10321.778899999999
1950-07-24,10260.248
1950-07-25,10117.073700000001
1950-07-26,10143.0193
1950-07-27,10279.7667
1950-07-28,10393.186
1950-07-31,10483.278700000001
1950-08-01,10590.865400000001
1950-08-02,10552.6615
1950-08-03,10578.6052
1950-08-04,10668.695900000001
1950-08-07,10828.763300000001
1950-08-08,10860.5371
1950-08-09,10950.625599999999
1950-08-10,10877.4328
1950-08-11,10763.4208
1950-08-14,10771.868399999999
1950-08-15,10791.9787
1950-08-16,10806.258
1950-08-17,10925.5008
1950-08-18,11009.754800000001
1950-08-21,11024.0335
1950-08-22,11014.986800000001
1950-08-23,11099.2394
1950-08-24,11084.3616
1950-08-25,10941.1975
1950-08-28,10937.982
1950-08-29,10946.429400000001
1950-08-30,10884.903
1950-08-31,10881.687900000001
1950-09-01,10960.1077
1950-09-05,11038.527599999999
1950-09-06,10959.508900000001
1950-09-07,10991.2801
1950-09-08,11087.1921
1950-09-11,11008.1733
1950-09-12,11162.394
1950-09-13,11293.289500000001
1950-09-14,11348.382100000001
1950-09-15,11415.9002
1950-09-18,11468.561600000001
1950-09-19,11438.3704
1950-09-20,11384.507299999999
1950-09-21,11484.5124
1950-09-22,11531.2547
1950-09-25,11524.735699999999
1950-09-26,11364.351500000001
1950-09-27,11529.451999999999
1950-09-28,11540.6867
1950-09-29,11563.757
1950-10-02,11711.100899999999
1950-10-03,11698.663699999999
1950-10-04,11905.1842
1950-10-05,11845.404200000001
1950-10-06,11986.827499999999
1950-10-09,11921.1304
1950-10-10,11796.2565
1950-10-11,11848.913500000001
1950-10-13,11848.311600000001
1950-10-16,11770.780500000001
1950-10-17,11882.6127
1950-10-18,11958.939
1950-10-19,11970.172
1950-10-20,11939.9817
1950-10-23,11945.296
1950-10-24,12021.6204
1950-10-25,12009.1829
1950-10-26,11754.130499999999
1950-10-27,11854.1247
1950-10-30,11764.761200000001
1950-10-31,11722.7371
1950-11-01,11745.8048
1950-11-02,11851.7148
1950-11-03,11928.0375
1950-11-06,11643.405500000001
1950-11-08,11767.066800000001
1950-11-09,11908.4789
1950-11-10,12002.552100000001
1950-11-13,12049.286599999999
1950-11-14,11965.8426
1950-11-15,11947.488499999999
1950-11-16,11893.631799999999
1950-11-17,11981.7862
1950-11-20,12028.5198
1950-11-21,12004.2484
1950-11-22,12175.239799999999
1950-11-24,12275.2256
1950-11-27,12197.700500000001
1950-11-28,11836.161400000001
1950-11-29,11729.054099999999
1950-11-30,11817.206700000001
1950-12-01,11911.275600000001
1950-12-04,11526.0753
1950-12-05,11714.814200000001
1950-12-06,11802.9648
1950-12-07,11778.6955
1950-12-08,11784.010399999999
1950-12-11,11978.6621
1950-12-12,11960.3092
1950-12-13,11959.707
1950-12-14,11823.020399999999
1950-12-15,11771.6448
1950-12-18,12091.8495
1950-12-19,12162.3703
1950-12-20,12171.992200000001
1950-12-21,12181.6147
1950-12-22,12239.954299999999
1950-12-26,12152.1409
1950-12-27,12387.081399999999
1950-12-28,12439.3302
1950-12-29,12473.3097
1951-01-02,12683.8871
1951-01-03,12638.700500000001
1951-01-04,12751.843800000001
1951-01-05,12755.373600000001
1951-01-08,12838.0676
1951-01-09,12914.671399999999
1951-01-10,12753.784100000001
1951-01-11,12964.356400000001
1951-01-12,12919.1693
1951-01-15,13038.3979
1951-01-16,13139.3565
1951-01-17,13197.6885
1951-01-18,13109.875599999999
1951-01-19,13089.0461
1951-01-22,12982.967199999999
1951-01-23,13035.2096
1951-01-24,12977.8451
1951-01-25,12902.213400000001
1951-01-26,13045.794900000001
1951-01-29,13298.9809
1951-01-30,13345.133
1951-01-31,13299.9465
1951-02-01,13370.454599999999
1951-02-02,13489.6747
1951-02-05,13639.339900000001
1951-02-06,13594.1536
1951-02-07,13518.522999999999
1951-02-08,13582.939399999999
1951-02-09,13635.177
1951-02-13,13644.7922
1951-02-14,13611.7852
1951-02-15,13542.243700000001
1951-02-16,13624.9259
1951-02-19,13445.7858
1951-02-20,13424.957700000001
1951-02-21,13471.106599999999
1951-02-23,13511.1656
1951-02-26,13520.7809
1951-02-27,13420.7989
1951-02-28,13448.680200000001
1951-03-01,13482.650799999999
1951-03-02,13534.886500000001
1951-03-05,13453.171899999999
1951-03-06,13456.6985
1951-03-07,13502.8457
1951-03-08,13561.169400000001
1951-03-09,13564.695599999999
1951-03-12,13416.0077
1951-03-13,13242.966399999999
1951-03-14,13149.078100000001
1951-03-15,13176.960300000001
1951-03-16,13397.2076
1951-03-19,13351.3496
1951-03-20,13330.2552
1951-03-21,13408.2155
1951-03-22,13467.6031
1951-03-26,13347.455400000001
1951-03-27,13338.743700000001
1951-03-28,13187.642900000001
1951-03-29,13234.6489
1951-03-30,13331.1795
1951-04-02,13235.7973
1951-04-03,13202.322200000001
1951-04-04,13292.6613
1951-04-05,13475.860199999999
1951-04-06,13498.1006
1951-04-09,13477.0072
1951-04-10,13462.1037
1951-04-11,13459.581899999999
1951-04-12,13580.870800000001
1951-04-13,13745.492700000001
1951-04-16,13718.2076
1951-04-17,13752.827799999999
1951-04-18,13781.2577
1951-04-19,13729.2111
1951-04-20,13732.8788
1951-04-23,13742.736699999999
1951-04-24,13690.691500000001
1951-04-25,13700.5501
1951-04-26,13821.834500000001
1951-04-27,13967.879199999999
1951-04-30,13996.3069
1951-05-01,14061.875899999999
1951-05-02,14121.2547
1951-05-03,14242.534100000001
1951-05-04,14221.4393
1951-05-07,14138.443300000001
1951-05-08,14129.7289
1951-05-09,14151.964599999999
1951-05-10,14075.1602
1951-05-11,13967.4059
1951-05-14,13878.2217
1951-05-15,13621.9076
1951-05-16,13582.245699999999
1951-05-17,13722.0928
1951-05-18,13478.1625
1951-05-21,13450.8817
1951-05-22,13392.651599999999
1951-05-23,13272.5227
1951-05-24,13208.1032
1951-05-25,13199.3932
1951-05-28,13314.4799
1951-05-29,13404.806399999999
1951-05-31,13513.7006
1951-06-01,13492.610199999999
1951-06-04,13347.7251
1951-06-05,13407.101199999999
1951-06-06,13503.614100000001
1951-06-07,13556.799499999999
1951-06-08,13517.139499999999
1951-06-11,13595.082899999999
1951-06-12,13543.044900000001
1951-06-13,13565.2822
1951-06-14,13748.4467
1951-06-15,13878.3339
1951-06-18,13886.8575
1951-06-19,13870.194600000001
1951-06-20,13803.1558
1951-06-21,13723.524100000001
1951-06-22,13580.9262
1951-06-25,13419.437900000001
1951-06-26,13427.963299999999
1951-06-27,13474.269200000001
1951-06-28,13306.4874
1951-06-29,13220.5628
1951-07-02,13310.945400000001
1951-07-03,13395.0301
1951-07-05,13655.4195
1951-07-06,13657.647300000001
1951-07-09,13716.5445
1951-07-10,13655.807199999999
1951-07-11,13689.5175
1951-07-12,13767.3035
1951-07-13,13882.8673
1951-07-16,13727.683000000001
1951-07-17,13849.542600000001
1951-07-18,13826.5843
1951-07-19,13803.6253
1951-07-20,13831.037700000001
1951-07-23,13971.7832
1951-07-24,14188.0834
1951-07-25,14114.7538
1951-07-26,14211.423000000001
1951-07-27,14251.425499999999
1951-07-30,14316.6126
1951-07-31,14174.0257
1951-08-01,14245.5088
1951-08-02,14442.9148
1951-08-03,14464.0273
1951-08-06,14566.989299999999
1951-08-07,14581.8058
1951-08-08,14521.069
1951-08-09,14466.6291
1951-08-10,14437.374299999999
1951-08-13,14445.895
1951-08-14,14385.1597
1951-08-15,14444.0484
1951-08-16,14496.6399
1951-08-17,14542.9357
1951-08-20,14538.864299999999
1951-08-21,14478.130300000001
1951-08-22,14429.9877
1951-08-23,14526.648800000001
1951-08-24,14516.281000000001
1951-08-27,14499.617899999999
1951-08-28,14533.321
1951-08-29,14648.867899999999
1951-08-30,14751.822
1951-08-31,14779.228300000001
1951-09-04,14781.451499999999
1951-09-05,14871.8123
1951-09-06,14905.5126
1951-09-07,14945.5092
1951-09-10,15004.391299999999
1951-09-11,14931.068300000001
1951-09-12,14996.2453
1951-09-13,15067.7173
1951-09-14,15057.348900000001
1951-09-17,15015.503699999999
1951-09-18,14998.84
1951-09-19,15001.0623
1951-09-20,14990.6942
1951-09-21,14884.0916
1951-09-24,14825.119699999999
1951-09-25,14880.641100000001
1951-09-26,14897.997100000001
1951-09-27,14819.9431
1951-09-28,14818.2184
1951-10-01,14956.4269
1951-10-02,15069.191699999999
1951-10-03,15169.2348
1951-10-04,15129.345300000001
1951-10-05,15172.1423
1951-10-08,15157.695100000001
1951-10-09,15098.724899999999
1951-10-10,15077.917799999999
1951-10-11,15139.7952
1951-10-15,15239.8343
1951-10-16,15193.5849
1951-10-17,15147.335800000001
1951-10-18,15139.2497
1951-10-19,14921.274100000001
1951-10-22,14563.373299999999
1951-10-23,14625.250899999999
1951-10-24,14750.7304
1951-10-25,14710.8446
1951-10-26,14620.0774
1951-10-29,14548.3904
1951-10-30,14533.945599999999
1951-10-31,14716.6649
1951-11-01,14823.0612
1951-11-02,14719.5754
1951-11-05,14654.2498
1951-11-07,14449.0051
1951-11-08,14440.921200000001
1951-11-09,14623.637000000001
1951-11-13,14653.7119
1951-11-14,14696.5064
1951-11-15,14694.7824
1951-11-16,14686.6973
1951-11-19,14634.0939
1951-11-20,14606.9308
1951-11-21,14586.1268
1951-11-23,14438.1281
1951-11-26,14461.8433
1951-11-27,14612.7526
1951-11-28,14585.590099999999
1951-11-29,14628.3838
1951-11-30,14766.571099999999
1951-12-03,14853.8809
1951-12-04,14941.189899999999
1951-12-05,14901.3066
1951-12-06,15077.6486
1951-12-07,15107.7204
1951-12-10,15137.7917
1951-12-11,15066.1116
1951-12-12,15115.2616
1951-12-13,15132.6139
1951-12-14,15124.527899999999
1951-12-17,15154.598599999999
1951-12-18,15210.106
1951-12-19,15265.6137
1951-12-20,15270.2464
1951-12-21,15236.6875
1951-12-24,15259.9889
1951-12-26,15199.037899999999
1951-12-27,15338.994500000001
1951-12-28,15368.7755
1951-12-31,15424.480799999999
1952-01-02,15447.781000000001
1952-01-03,15503.484200000001
1952-01-04,15533.263999999999
1952-01-07,15530.640600000001
1952-01-08,15476.1716
1952-01-09,15428.183800000001
1952-01-10,15509.809999999999
1952-01-11,15591.4344
1952-01-14,15711.9427
1952-01-15,15650.992700000001
1952-01-16,15674.2914
1952-01-17,15749.433800000001
1952-01-18,15785.692499999999
1952-01-21,15925.6397
1952-01-22,16059.104600000001
1952-01-23,15985.1939
1952-01-24,16002.0101
1952-01-25,15999.384400000001
1952-01-28,16042.1209
1952-01-29,16020.0538
1952-01-30,15803.5779
1952-01-31,15749.1111
1952-02-01,15856.6517
1952-02-04,15743.8616
1952-02-05,15741.2374
1952-02-06,15790.455599999999
1952-02-07,15748.949500000001
1952-02-08,15837.0483
1952-02-11,15756.661599999999
1952-02-13,15637.396199999999
1952-02-14,15608.852199999999
1952-02-15,15606.2292
1952-02-18,15532.325999999999
1952-02-19,15289.942800000001
1952-02-20,15118.841
1952-02-21,15168.0589
1952-02-25,15217.276400000001
1952-02-26,15169.2953
1952-02-27,15192.5931
1952-02-28,15267.73
1952-02-29,15252.148300000001
1952-03-03,15275.4465
1952-03-04,15532.0164
1952-03-05,15555.3125
1952-03-06,15546.2099
1952-03-07,15569.506299999999
1952-03-10,15495.6055
1952-03-11,15512.422200000001
1952-03-12,15587.555399999999
1952-03-13,15604.370800000001
1952-03-14,15608.2271
1952-03-17,15722.236500000001
1952-03-18,15693.694600000001
1952-03-19,15665.152400000001
1952-03-20,15714.364799999999
1952-03-21,15744.2415
1952-03-24,15748.454100000001
1952-03-25,15660.556500000001
1952-03-26,15658.190399999999
1952-03-27,15800.5672
1952-03-28,15929.784299999999
1952-03-31,16058.9987
1952-04-01,15938.205400000001
1952-04-02,15902.9419
1952-04-03,15907.153399999999
1952-04-04,15845.574699999999
1952-04-07,15705.0486
1952-04-08,15781.629199999999
1952-04-09,15805.5779
1952-04-10,15921.6324
1952-04-14,15820.5808
1952-04-15,15627.4247
1952-04-16,15585.585300000001
1952-04-17,15477.957
1952-04-18,15541.3794
1952-04-21,15670.588900000001
1952-04-22,15602.4344
1952-04-23,15540.8588
1952-04-24,15512.177299999999
1952-04-25,15588.755300000001
1952-04-28,15599.5453
1952-04-29,15564.2852
1952-04-30,15456.661
1952-05-01,15362.1952
1952-05-02,15622.973599999999
1952-05-05,15692.9714
1952-05-06,15703.7626
1952-05-07,15800.0744
1952-05-08,15837.179099999999
1952-05-09,15828.2338
1952-05-12,15773.239
1952-05-13,15797.186400000001
1952-05-14,15735.614
1952-05-15,15687.1983
1952-05-16,15665.0969
1952-05-19,15702.1998
1952-05-20,15791.9288
1952-05-21,15822.453
1952-05-22,15912.1819
1952-05-23,15903.2358
1952-05-26,15940.337299999999
1952-05-27,15905.0785
1952-05-28,15882.9774
1952-05-29,15900.3441
1952-06-02,15865.085800000001
1952-06-03,15856.1412
1952-06-04,15972.179700000001
1952-06-05,16075.059999999999
1952-06-06,16184.518099999999
1952-06-09,16261.085499999999
1952-06-10,16173.2029
1952-06-11,16230.0362
1952-06-12,16234.245699999999
1952-06-13,16277.9221
1952-06-16,16236.0861
1952-06-17,16260.0296
1952-06-18,16330.0177
1952-06-19,16386.849600000001
1952-06-20,16444.709699999999
1952-06-23,16427.2012
1952-06-24,16456.506000000001
1952-06-25,16499.184600000001
1952-06-26,16561.925200000001
1952-06-27,16617.977999999999
1952-06-30,16707.468000000001
1952-07-01,16817.0203
1952-07-02,16779.449100000002
1952-07-03,16775.315200000001
1952-07-07,16724.3694
1952-07-08,16720.2346
1952-07-09,16655.9149
1952-07-10,16625.0311
1952-07-11,16741.2677
1952-07-14,16777.2565
1952-07-15,16866.7431
1952-07-16,16869.295399999999
1952-07-17,16798.289499999999
1952-07-18,16667.100399999999
1952-07-21,16736.523499999999
1952-07-22,16772.511399999999
1952-07-23,16848.6214
1952-07-24,16938.104500000001
1952-07-25,16887.160100000001
1952-07-28,16916.459599999998
1952-07-29,16959.133999999998
1952-07-30,17035.241699999999
1952-07-31,17057.853899999998
1952-08-01,17093.839599999999
1952-08-04,17083.016500000002
1952-08-05,17105.628100000002
1952-08-06,17094.8066
1952-08-07,17150.852699999999
1952-08-08,17173.463199999998
1952-08-11,17155.9535
1952-08-12,17018.084800000001
1952-08-13,17000.576400000002
1952-08-14,17003.128000000001
1952-08-15,16952.186000000002
1952-08-18,16780.885900000001
1952-08-19,16750.005700000002
1952-08-20,16792.677199999998
1952-08-21,16815.289000000001
1952-08-22,16824.527399999999
1952-08-25,16746.842400000001
1952-08-26,16722.6486
1952-08-27,16798.751100000001
1952-08-28,16821.362799999999
1952-08-29,16864.033299999999
1952-09-02,16946.820500000002
1952-09-03,17016.234499999999
1952-09-04,17012.100299999998
1952-09-05,16994.592700000001
1952-09-08,16930.281500000001
1952-09-09,16765.677899999999
1952-09-10,16654.5651
1952-09-11,16677.176800000001
1952-09-12,16673.043799999999
1952-09-15,16501.7569
1952-09-16,16557.7991
1952-09-17,16593.781999999999
1952-09-18,16549.5334
1952-09-19,16591.608800000002
1952-09-22,16609.5821
1952-09-23,16688.330900000001
1952-09-24,16753.572499999998
1952-09-25,16771.5455
1952-09-26,16721.991099999999
1952-09-29,16692.695599999999
1952-09-30,16602.626
1952-10-01,16566.577799999999
1952-10-02,16598.056100000002
1952-10-03,16589.017899999999
1952-10-06,16552.970000000001
1952-10-07,16530.427
1952-10-08,16656.4388
1952-10-09,16654.154200000001
1952-10-10,16645.116699999999
1952-10-14,16602.317500000001
1952-10-15,16323.1842
1952-10-16,16226.3675
1952-10-17,16426.6538
1952-10-20,16383.855100000001
1952-10-21,16347.810100000001
1952-10-22,16169.967199999999
1952-10-23,16221.7022
1952-10-24,16334.206700000001
1952-10-27,16379.1885
1952-10-28,16410.6646
1952-10-29,16428.636200000001
1952-10-30,16433.1041
1952-10-31,16687.3989
1952-11-03,16745.881600000001
1952-11-05,16797.612000000001
1952-11-06,16869.5985
1952-11-07,16880.8164
1952-11-10,16878.5298
1952-11-12,16801.9722
1952-11-13,16846.950400000002
1952-11-14,16878.424500000001
1952-11-17,16916.6499
1952-11-18,17164.181100000002
1952-11-19,17283.427500000002
1952-11-20,17254.133900000001
1952-11-21,17251.8462
1952-11-24,17357.586800000001
1952-11-25,17321.5416
1952-11-26,17434.031900000002
1952-11-28,17533.019
1952-12-01,17550.9853
1952-12-02,17595.9575
1952-12-03,17580.166000000001
1952-12-04,17517.114399999999
1952-12-05,17528.3298
1952-12-08,17627.314600000002
1952-12-09,17746.553
1952-12-10,17784.773399999998
1952-12-11,17775.7333
1952-12-12,17834.207600000002
1952-12-15,17838.6698
1952-12-16,17863.386399999999
1952-12-17,17847.595300000001
1952-12-18,17845.306499999999
1952-12-19,17931.7958
1952-12-22,18038.730100000001
1952-12-23,17967.375700000001
1952-12-24,17985.1666
1952-12-26,18016.670300000002
1952-12-29,18123.603500000001
1952-12-30,18257.964899999999
1952-12-31,18248.324400000001
1953-01-02,18231.827300000001
1953-01-05,18318.1872
1953-01-06,18198.8341
1953-01-07,18127.481
1953-01-08,18104.1273
1953-01-09,17936.777300000002
1953-01-12,17789.999599999999
1953-01-13,17903.787100000001
1953-01-14,17949.003700000001
1953-01-15,17987.3639
1953-01-16,17916.014200000001
1953-01-19,17913.233199999999
1953-01-20,18006.447400000001
1953-01-21,17976.2382
1953-01-22,18000.884300000002
1953-01-23,17970.676500000001
1953-01-26,17940.468499999999
1953-01-27,17965.1145
1953-01-28,18024.042600000001
1953-01-29,18076.113600000001
1953-01-30,18203.606400000001
1953-02-02,18296.8164
1953-02-03,18321.4591
1953-02-04,18243.254300000001
1953-02-05,18062.203699999998
1953-02-06,17833.159
1953-02-09,17754.956600000001
1953-02-10,17711.037499999999
1953-02-11,17728.8256
1953-02-13,17801.465800000002
1953-02-16,17743.834500000001
1953-02-17,17645.064900000001
1953-02-18,17635.428800000002
1953-02-19,17701.211599999999
1953-02-20,17746.424900000002
1953-02-24,17832.774799999999
1953-02-25,17946.549200000001
1953-02-26,17978.048699999999
1953-02-27,17947.8426
1953-03-02,17972.485799999999
1953-03-03,18024.553500000002
1953-03-04,17877.7958
1953-03-05,17888.726999999999
1953-03-06,17927.081399999999
1953-03-09,17924.300299999999
1953-03-10,17983.223300000001
1953-03-11,18131.272700000001
1953-03-12,18142.201799999999
1953-03-13,18180.555
1953-03-16,18212.052599999999
1953-03-17,18291.5409
1953-03-18,18233.911400000001
1953-03-19,18224.273399999998
1953-03-20,18199.8809
1953-03-23,18093.1358
1953-03-24,18201.8969
1953-03-25,18157.7183
1953-03-26,18057.926200000002
1953-03-27,18090.2166
1953-03-30,17830.536199999999
1953-03-31,17612.567899999998
1953-04-01,17589.2461
1953-04-02,17579.8282
1953-04-06,17153.315699999999
1953-04-07,17227.318800000001
1953-04-08,17384.740000000002
1953-04-09,17354.4692
1953-04-10,17317.246299999999
1953-04-13,17286.975699999999
1953-04-14,17354.024799999999
1953-04-15,17428.0249
1953-04-16,17397.754199999999
1953-04-17,17200.651399999999
1953-04-20,17281.602699999999
1953-04-21,17244.381600000001
1953-04-22,17102.890899999999
1953-04-23,16919.695
1953-04-24,16931.1342
1953-04-27,17032.9385
1953-04-28,17162.5465
1953-04-29,17278.252100000002
1953-04-30,17241.032299999999
1953-05-01,17321.980800000001
1953-05-04,17514.145700000001
1953-05-05,17539.484499999999
1953-05-06,17523.1162
1953-05-07,17458.091899999999
1953-05-08,17504.2827
1953-05-11,17474.0137
1953-05-12,17360.333299999998
1953-05-13,17357.868600000002
1953-05-14,17445.764899999998
1953-05-15,17443.299999999999
1953-05-18,17385.228299999999
1953-05-19,17354.960299999999
1953-05-20,17519.312999999998
1953-05-21,17614.157800000001
1953-05-22,17597.7912
1953-05-25,17574.4732
1953-05-26,17495.550899999998
1953-05-27,17340.1718
1953-05-28,17219.546900000001
1953-05-29,17279.6371
1953-06-01,17013.052299999999
1953-06-02,17066.193899999998
1953-06-03,17042.879300000001
1953-06-04,16943.108899999999
1953-06-05,16989.299200000001
1953-06-08,16938.182700000001
1953-06-09,16657.704399999999
1953-06-10,16620.490099999999
1953-06-11,16770.9359
1953-06-12,16824.076499999999
1953-06-15,16689.5586
1953-06-16,16645.394799999998
1953-06-17,16858.390899999999
1953-06-18,16855.928
1953-06-19,16860.912799999998
1953-06-22,16948.442999999999
1953-06-23,17064.261999999999
1953-06-24,17045.702600000001
1953-06-25,17119.085500000001
1953-06-26,17135.8887
1953-06-29,17089.039400000001
1953-06-30,17091.6976
1953-07-01,17165.0792
1953-07-02,17217.243600000002
1953-07-03,17255.263299999999
1953-07-06,17272.0651
1953-07-07,17366.661
1953-07-08,17362.245900000002
1953-07-09,17315.398399999998
1953-07-10,17303.910800000001
1953-07-13,17136.837500000001
1953-07-14,17075.8469
1953-07-15,17128.0101
1953-07-16,17151.883600000001
1953-07-17,17274.765800000001
1953-07-20,17185.487300000001
1953-07-21,17145.713
1953-07-22,17169.5864
1953-07-23,17200.532200000001
1953-07-24,17203.1898
1953-07-27,17092.6973
1953-07-28,17123.6423
1953-07-29,17232.377700000001
1953-07-30,17397.685799999999
1953-07-31,17584.2088
1953-08-03,17650.511200000001
1953-08-04,17610.736099999998
1953-08-05,17542.675500000001
1953-08-06,17630.190999999999
1953-08-07,17618.702799999999
1953-08-10,17600.143100000001
1953-08-11,17581.584699999999
1953-08-12,17626.670300000002
1953-08-13,17593.967799999999
1953-08-14,17518.838
1953-08-17,17479.066200000001
1953-08-18,17411.0075
1953-08-19,17307.592199999999
1953-08-20,17296.106599999999
1953-08-21,17341.1927
1953-08-24,17159.9951
1953-08-25,17049.510999999999
1953-08-26,17002.669900000001
1953-08-27,16955.8289
1953-08-28,16923.131399999998
1953-08-31,16628.798599999998
1953-09-01,16702.170399999999
1953-09-02,16803.825799999999
1953-09-03,16771.1296
1953-09-04,16816.215100000001
1953-09-08,16847.158500000001
1953-09-09,16878.1014
1953-09-10,16711.0553
1953-09-11,16522.798200000001
1953-09-14,16221.4071
1953-09-15,16358.416499999999
1953-09-16,16438.857100000001
1953-09-17,16483.9431
1953-09-18,16399.950499999999
1953-09-21,16355.0185
1953-09-22,16588.7775
1953-09-23,16615.303899999999
1953-09-24,16627.538799999998
1953-09-25,16675.503199999999
1953-09-28,16787.779399999999
1953-09-29,16821.4512
1953-09-30,16726.498100000001
1953-10-01,16831.6263
1953-10-02,16908.170600000001
1953-10-05,16834.6554
1953-10-06,16775.433099999998
1953-10-07,16916.287400000001
1953-10-08,16949.957900000001
1953-10-09,16983.627799999998
1953-10-13,16924.404699999999
1953-10-14,17008.091899999999
1953-10-15,17206.1067
1953-10-16,17346.956900000001
1953-10-19,17366.3334
1953-10-20,17378.564200000001
1953-10-21,17397.940900000001
1953-10-22,17481.6247
1953-10-23,17522.4362
1953-10-26,17498.939999999999
1953-10-27,17468.297900000001
1953-10-28,17494.8187
1953-10-29,17707.115699999998
1953-10-30,17683.619699999999
1953-11-02,17774.446400000001
1953-11-04,17672.3534
1953-11-05,17770.3249
1953-11-06,17753.973999999998
1953-11-09,17794.783200000002
1953-11-10,17592.6613
1953-11-12,17662.051500000001
1953-11-13,17724.294699999999
1953-11-16,17615.0586
1953-11-17,17527.259399999999
1953-11-18,17560.923900000002
1953-11-19,17644.601699999999
1953-11-20,17678.264500000001
1953-11-23,17626.190200000001
1953-11-24,17731.300999999999
1953-11-25,17750.6738
1953-11-27,17855.7834
1953-11-30,17932.314699999999
1953-12-01,17951.6878
1953-12-02,18078.2304
1953-12-03,18097.601900000001
1953-12-04,18109.829099999999
1953-12-07,18093.4768
1953-12-08,18041.4028
1953-12-09,18025.050999999999
1953-12-10,17987.2657
1953-12-11,17978.059300000001
1953-12-14,17933.131399999998
1953-12-15,17952.502199999999
1953-12-16,18136.195400000001
1953-12-17,18126.9882
1953-12-18,18168.725200000001
1953-12-21,18144.1351
1953-12-22,18010.489399999999
1953-12-23,17964.089100000001
1953-12-24,18048.553199999998
1953-12-28,17987.612400000002
1953-12-29,17875.779699999999
1953-12-30,18032.946899999999
1953-12-31,18073.789400000001
1954-01-04,18180.063200000001
1954-01-05,18293.605599999999
1954-01-06,18327.175800000001
1954-01-07,18273.5046
1954-01-08,18183.484799999998
1954-01-11,18093.4647
1954-01-12,18192.465100000001
1954-01-13,18298.734899999999
1954-01-14,18390.464499999998
1954-01-15,18569.432799999999
1954-01-18,18573.9218
1954-01-19,18760.157599999999
1954-01-20,18815.535599999999
1954-01-21,18849.102900000002
1954-01-22,18897.209900000002
1954-01-25,18959.856100000001
1954-01-26,19080.660199999998
1954-01-27,19026.989600000001
1954-01-28,19038.746999999999
1954-01-29,19086.851699999999
1954-02-01,19025.912199999999
1954-02-02,18979.5128
1954-02-03,19049.425800000001
1954-02-04,19192.0347
1954-02-05,19269.216499999999
1954-02-08,19222.815999999999
1954-02-09,19183.684499999999
1954-02-10,19166.3616
1954-02-11,19112.693500000001
1954-02-12,19160.7968
1954-02-15,19107.128100000002
1954-02-16,18944.4192
1954-02-17,18985.2523
1954-02-18,19062.4326
1954-02-19,19037.8429
1954-02-23,18976.906999999999
1954-02-24,18981.394
1954-02-25,19044.034899999999
1954-02-26,19222.980500000001
1954-03-01,19300.157899999998
1954-03-02,19355.5278
1954-03-03,19360.013299999999
1954-03-04,19429.920999999998
1954-03-05,19514.3655
1954-03-08,19467.967799999999
1954-03-09,19516.065999999999
1954-03-10,19564.164400000001
1954-03-11,19655.876400000001
1954-03-12,19660.3606
1954-03-15,19577.617999999999
1954-03-16,19574.832999999999
1954-03-17,19622.929499999998
1954-03-18,19707.369600000002
1954-03-19,19770.326300000001
1954-03-22,19760.171900000001
1954-03-23,19624.6561
1954-03-24,19533.386900000001
1954-03-25,19501.111799999999
1954-03-26,19608.9444
1954-03-29,19687.280900000002
1954-03-30,19713.997899999998
1954-03-31,19902.943200000002
1954-04-01,20077.1394
1954-04-02,20111.227999999999
1954-04-05,20152.6914
1954-04-06,19972.936600000001
1954-04-07,20051.2683
1954-04-08,20254.955399999999
1954-04-09,20407.024600000001
1954-04-12,20404.241900000001
1954-04-13,20460.4503
1954-04-14,20619.891
1954-04-15,20690.845499999999
1954-04-19,20562.708600000002
1954-04-20,20559.926500000001
1954-04-21,20483.4064
1954-04-22,20517.4925
1954-04-23,20595.819200000002
1954-04-26,20674.145400000001
1954-04-27,20590.252499999999
1954-04-28,20594.843199999999
1954-04-29,20909.120800000001
1954-04-30,20972.698100000001
1954-05-03,20940.419900000001
1954-05-04,20996.623299999999
1954-05-05,21008.585599999999
1954-05-06,21175.3884
1954-05-07,21283.2042
1954-05-10,21265.672699999999
1954-05-11,21174.407800000001
1954-05-12,21348.5805
1954-05-13,21235.197400000001
1954-05-14,21416.7428
1954-05-17,21450.823
1954-05-18,21462.782500000001
1954-05-19,21371.518599999999
1954-05-20,21449.837
1954-05-21,21579.7664
1954-05-24,21591.7251
1954-05-25,21544.7006
1954-05-26,21726.2389
1954-05-27,21642.349999999999
1954-05-28,21750.1577
1954-06-01,21754.743600000002
1954-06-02,21737.212
1954-06-03,21734.425899999998
1954-06-04,21702.147099999998
1954-06-07,21625.632000000001
1954-06-08,21150.990399999999
1954-06-09,21015.496899999998
1954-06-10,21160.1675
1954-06-11,21341.6996
1954-06-14,21375.7778
1954-06-15,21535.189200000001
1954-06-16,21694.600399999999
1954-06-17,21640.206399999999
1954-06-18,21703.890899999999
1954-06-21,21721.921300000002
1954-06-22,21739.951000000001
1954-06-23,21780.402600000001
1954-06-24,21880.644400000001
1954-06-25,21838.884099999999
1954-06-28,21901.755099999998
1954-06-29,22016.942599999998
1954-06-30,21855.6044
1954-07-01,21858.686699999998
1954-07-02,22145.762500000001
1954-07-06,22395.469099999998
1954-07-07,22413.495200000001
1954-07-08,22416.5753
1954-07-09,22569.123299999999
1954-07-12,22557.255399999998
1954-07-13,22485.6001
1954-07-14,22540.9938
1954-07-15,22618.807400000002
1954-07-16,22524.733
1954-07-19,22468.027600000001
1954-07-20,22366.4817
1954-07-21,22511.552899999999
1954-07-22,22693.988600000001
1954-07-23,22726.959200000001
1954-07-26,22752.457999999999
1954-07-27,22890.053100000001
1954-07-28,22937.969099999998
1954-07-29,23023.25
1954-07-30,23168.3138
1954-08-02,23253.5942
1954-08-03,23211.8334
1954-08-04,23192.492300000002
1954-08-05,23098.4221
1954-08-06,22810.057199999999
1954-08-09,22618.840899999999
1954-08-10,22808.7395
1954-08-11,23073.3645
1954-08-12,22979.295399999999
1954-08-13,23079.519499999999
1954-08-16,23329.196100000001
1954-08-17,23384.5805
1954-08-18,23365.239000000001
1954-08-19,23420.622800000001
1954-08-20,23461.0612
1954-08-23,23307.213599999999
1954-08-24,23213.1482
1954-08-25,23051.829000000002
1954-08-26,22995.126799999998
1954-08-27,23065.457200000001
1954-08-30,22836.889299999999
1954-08-31,22451.4041
1954-09-01,22611.403300000002
1954-09-02,22786.3469
1954-09-03,22961.288499999999
1954-09-07,23083.922500000001
1954-09-08,23101.943800000001
1954-09-09,23142.381300000001
1954-09-10,23227.6531
1954-09-13,23439.9499
1954-09-14,23562.580099999999
1954-09-15,23573.1276
1954-09-16,23703.2271
1954-09-17,23893.161800000002
1954-09-20,23793.6908
1954-09-21,23965.474600000001
1954-09-22,24129.7245
1954-09-23,24271.3675
1954-09-24,24443.147499999999
1954-09-27,24547.113399999998
1954-09-28,24673.6829
1954-09-29,24536.537199999999
1954-09-30,24399.392
1954-10-01,24390.338
1954-10-04,24531.9768
1954-10-05,24658.5442
1954-10-06,24762.5085
1954-10-07,24715.779399999999
1954-10-08,24706.7245
1954-10-11,24516.841400000001
1954-10-12,24424.9084
1954-10-13,24423.3887
1954-10-14,24135.563099999999
1954-10-15,24013.494900000002
1954-10-18,24109.9234
1954-10-19,24176.215
1954-10-20,24378.121599999999
1954-10-21,24353.999400000001
1954-10-22,24360.0144
1954-10-25,24237.9483
1954-10-26,24228.895
1954-10-27,24295.1836
1954-10-28,24195.720499999999
1954-10-29,24051.055100000001
1954-11-01,24139.945100000001
1954-11-03,24635.672600000002
1954-11-04,24927.9774
1954-11-05,24851.1168
1954-11-08,25090.681199999999
1954-11-09,25194.6338
1954-11-10,25223.2477
1954-11-11,25447.7408
1954-11-12,25506.487499999999
1954-11-15,25459.760300000002
1954-11-16,25541.109799999998
1954-11-17,25592.322199999999
1954-11-18,25455.1921
1954-11-19,25468.735100000002
1954-11-22,25572.683099999998
1954-11-23,25917.705399999999
1954-11-24,26066.852299999999
1954-11-26,26321.4686
1954-11-29,26319.9431
1954-11-30,26099.944299999999
1954-12-01,25917.615099999999
1954-12-02,26066.759900000001
1954-12-03,26306.303400000001
1954-12-06,26515.713400000001
1954-12-07,26642.253799999999
1954-12-08,26603.0599
1954-12-09,26481.000599999999
1954-12-10,26389.0736
1954-12-13,26417.681199999999
1954-12-14,26242.8907
1954-12-15,26407.094099999998
1954-12-16,26691.827700000002
1954-12-17,26766.041099999999
1954-12-20,27007.838199999998
1954-12-21,27050.9133
1954-12-22,27025.201099999998
1954-12-23,27052.990600000001
1954-12-27,26828.5612
1954-12-28,27108.568200000002
1954-12-29,27350.356899999999
1954-12-30,27355.216
1954-12-31,27543.504400000002
1955-01-03,28136.860100000002
1955-01-04,27889.504000000001
1955-01-05,27206.512699999999
1955-01-06,26844.521700000001
1955-01-07,27071.022099999998
1955-01-10,27427.445199999998
1955-01-11,27348.234400000001
1955-01-12,27276.667000000001
1955-01-13,27166.8861
1955-01-14,27057.107400000001
1955-01-17,26526.989600000001
1955-01-18,26699.987700000001
1955-01-19,26827.128499999999
1955-01-20,26961.910800000001
1955-01-21,27203.686799999999
1955-01-24,27269.684300000001
1955-01-25,27266.901900000001
1955-01-26,27608.024099999999
1955-01-27,27643.452300000001
1955-01-28,27801.1554
1955-01-31,28142.272400000002
1955-02-01,28215.907999999999
1955-02-02,28136.7006
1955-02-03,28011.640800000001
1955-02-04,28413.8868
1955-02-07,28418.741399999999
1955-02-08,28041.4935
1955-02-09,28267.968199999999
1955-02-10,28525.0101
1955-02-11,28583.357800000002
1955-02-14,28389.5196
1955-02-15,28394.374199999998
1955-02-16,28307.526399999999
1955-02-17,28365.8737
1955-02-18,28408.937000000002
1955-02-21,28383.224300000002
1955-02-23,28365.153900000001
1955-02-24,28217.174200000001
1955-02-25,28183.82
1955-02-28,28333.867099999999
1955-03-01,28392.212200000002
1955-03-02,28641.6001
1955-03-03,28753.436000000002
1955-03-04,28934.046200000001
1955-03-07,28755.500899999999
1955-03-08,28225.4476
1955-03-09,27955.209900000002
1955-03-10,28135.820100000001
1955-03-11,27659.263200000001
1955-03-14,27006.959699999999
1955-03-15,27584.923200000001
1955-03-16,27796.096799999999
1955-03-17,27907.933199999999
1955-03-18,27957.658100000001
1955-03-21,27784.840199999999
1955-03-22,27959.754000000001
1955-03-23,28327.849900000001
1955-03-24,28556.850399999999
1955-03-25,28584.940200000001
1955-03-28,28489.3959
1955-03-29,28509.758900000001
1955-03-30,28259.672299999998
1955-03-31,28310.944599999999
1955-04-01,28601.757799999999
1955-04-04,28513.9427
1955-04-05,28712.027399999999
1955-04-06,28786.479800000001
1955-04-07,28922.747800000001
1955-04-11,29004.925500000001
1955-04-12,29179.826700000001
1955-04-13,29223.3691
1955-04-14,29290.092199999999
1955-04-15,29426.353899999998
1955-04-18,29670.791799999999
1955-04-19,29637.062900000001
1955-04-20,29688.3298
1955-04-21,29724.140599999999
1955-04-22,29489.516199999998
1955-04-25,29571.688999999998
1955-04-26,29731.1283
1955-04-27,29581.499500000002
1955-04-28,29254.161700000001
1955-04-29,29475.412
1955-05-02,29542.130399999998
1955-05-03,29284.332999999999
1955-05-04,29242.880700000002
1955-05-05,29386.861799999999
1955-05-06,29445.853299999999
1955-05-09,29481.664700000001
1955-05-10,29424.760600000001
1955-05-11,29097.434600000001
1955-05-12,28932.362799999999
1955-05-13,29122.700499999999
1955-05-16,28803.106
1955-05-17,28769.383300000001
1955-05-18,29013.803899999999
1955-05-19,29180.958900000001
1955-05-20,29379.017400000001
1955-05-23,29183.045399999999
1955-05-24,29172.5
1955-05-25,29285.570500000002
1955-05-26,29483.625800000002
1955-05-27,29550.338599999999
1955-05-31,29539.791099999999
1955-06-01,29583.3253
1955-06-02,29688.6679
1955-06-03,29909.896400000001
1955-06-06,30162.025399999999
1955-06-07,30375.523499999999
1955-06-08,30581.2952
1955-06-09,30423.9555
1955-06-10,30614.275399999999
1955-06-13,30905.028399999999
1955-06-14,30871.299299999999
1955-06-15,31123.4185
1955-06-16,31182.395700000001
1955-06-17,31294.701400000002
1955-06-20,31329.734100000001
1955-06-21,31622.302
1955-06-22,31696.3547
1955-06-23,31817.231100000001
1955-06-24,31984.931100000002
1955-06-27,32012.155999999999
1955-06-28,31844.2804
1955-06-29,31863.703799999999
1955-06-30,32054.8122
1955-07-01,32183.488300000001
1955-07-05,32577.495699999999
1955-07-06,33744.080300000001
1955-07-07,33279.658900000002
1955-07-08,33330.289799999999
1955-07-11,33419.938199999997
1955-07-12,33423.746200000001
1955-07-13,33029.566400000003
1955-07-14,33041.178099999997
1955-07-15,33162.042200000004
1955-07-18,33134.636500000001
1955-07-19,32935.551299999999
1955-07-20,33040.807699999998
1955-07-21,33364.5602
1955-07-22,33649.294800000003
1955-07-25,34027.6685
1955-07-26,34109.508099999999
1955-07-27,34253.773500000003
1955-07-28,34054.690399999999
1955-07-29,34074.103499999997
1955-08-01,33617.512600000002
1955-08-02,33699.3534
1955-08-03,33749.980499999998
1955-08-04,33184.150699999998
1955-08-05,33344.022199999999
1955-08-08,33152.749600000003
1955-08-09,32719.583699999999
1955-08-10,32715.5916
1955-08-11,33023.723599999998
1955-08-12,33089.957699999999
1955-08-15,33062.555899999999
1955-08-16,32824.471899999997
1955-08-17,32859.4948
1955-08-18,32816.486199999999
1955-08-19,32960.748299999999
1955-08-22,32933.347000000002
1955-08-23,33381.919099999999
1955-08-24,33432.5435
1955-08-25,33584.602500000001
1955-08-26,33736.663500000002
1955-08-29,33717.0628
1955-08-30,33689.6584
1955-08-31,33896.334999999999
1955-09-01,34048.391499999998
1955-09-02,34231.656600000002
1955-09-06,34438.328200000004
1955-09-07,34434.3292
1955-09-08,34461.542099999999
1955-09-09,34473.148300000001
1955-09-12,34711.026899999997
1955-09-13,35190.777499999997
1955-09-14,35342.825100000002
1955-09-15,35159.368600000002
1955-09-16,35428.098299999998
1955-09-19,35489.589200000002
1955-09-20,35472.506300000001
1955-09-21,35683.279199999997
1955-09-22,35689.766900000002
1955-09-23,35884.824099999998
1955-09-26,33518.483099999998
1955-09-27,34287.109299999996
1955-09-28,34867.162199999999
1955-09-29,34653.658499999998
1955-09-30,34377.301899999999
1955-10-03,33456.681299999997
1955-10-04,33722.452799999999
1955-10-05,33862.513700000003
1955-10-06,33641.158900000002
1955-10-07,33396.238499999999
1955-10-10,32436.354599999999
1955-10-11,32167.8678
1955-10-12,32740.051599999999
1955-10-13,32644.414000000001
1955-10-14,32517.348999999998
1955-10-17,32625.983700000001
1955-10-18,32868.178399999997
1955-10-19,33204.650099999999
1955-10-20,33619.687100000003
1955-10-21,33626.182000000001
1955-10-24,33884.083500000001
1955-10-25,33670.596899999997
1955-10-26,33409.974099999999
1955-10-27,33298.625399999997
1955-10-28,33485.817300000002
1955-10-31,33468.745199999998
1955-11-01,33428.102899999998
1955-11-02,33489.591099999998
1955-11-03,34195.288500000002
1955-11-04,34767.4254
1955-11-07,34923.182500000003
1955-11-09,35291.053500000002
1955-11-10,35383.958500000001
1955-11-11,35798.962200000002
1955-11-14,36724.607199999999
1955-11-15,36573.970300000001
1955-11-16,36344.774100000002
1955-11-17,36099.866099999999
1955-11-18,36067.072800000002
1955-11-21,35822.168799999999
1955-11-22,36174.313000000002
1955-11-23,36227.934300000001
1955-11-25,36202.995300000002
1955-11-28,35973.8073
1955-11-29,36121.696199999998
1955-11-30,36088.900800000003
1955-12-01,35969.695099999997
1955-12-02,36046.882700000002
1955-12-05,36257.613299999997
1955-12-06,36264.097600000001
1955-12-07,36152.747300000003
1955-12-08,36371.333400000003
1955-12-09,36432.805200000003
1955-12-12,36070.080099999999
1955-12-13,36100.131300000001
1955-12-14,35808.110999999997
1955-12-15,35806.740599999997
1955-12-16,35867.054799999998
1955-12-19,35785.914499999999
1955-12-20,35736.563399999999
1955-12-21,36052.7958
1955-12-22,36114.709300000002
1955-12-23,36192.515299999999
1955-12-27,35976.271999999997
1955-12-28,35847.449099999998
1955-12-29,35933.205600000001
1955-12-30,36201.747900000002
1956-01-03,35953.715799999998
1956-01-04,35832.840600000003
1956-01-05,35799.387199999997
1956-01-06,35956.664299999997
1956-01-09,35462.277099999999
1956-01-10,35190.412700000001
1956-01-11,35371.532599999999
1956-01-12,35671.856399999997
1956-01-13,35614.563199999997
1956-01-16,35199.656499999997
1956-01-17,35468.188900000001
1956-01-18,35236.065799999997
1956-01-19,34884.741000000002
1956-01-20,34493.684699999998
1956-01-23,34412.557099999998
1956-01-24,34847.970399999998
1956-01-25,34909.8842
1956-01-26,34709.555800000002
1956-01-27,34628.426700000004
1956-01-30,34753.912499999999
1956-01-31,35014.489500000003
1956-02-01,35187.651700000002
1956-02-02,35344.919099999999
1956-02-03,35796.210500000001
1956-02-06,35826.330099999999
1956-02-07,35665.733800000002
1956-02-08,35322.370799999997
1956-02-09,34931.331700000002
1956-02-10,34921.7232
1956-02-13,34880.3292
1956-02-14,34759.473100000003
1956-02-15,35258.428
1956-02-16,35089.892
1956-02-17,35652.411599999999
1956-02-20,35603.071000000004
1956-02-21,35696.761400000003
1956-02-23,36012.941500000001
1956-02-24,36313.229700000004
1956-02-27,36279.777300000002
1956-02-28,36413.192000000003
1956-02-29,36347.955499999996
1956-03-01,36513.1541
1956-03-02,36733.975599999998
1956-03-05,36938.900999999998
1956-03-06,36929.286599999999
1956-03-07,36911.726000000002
1956-03-08,37005.407899999998
1956-03-09,37472.542800000003
1956-03-12,37820.486499999999
1956-03-13,37771.137799999997
1956-03-14,38150.862800000003
1956-03-15,38522.637600000002
1956-03-16,38646.973700000002
1956-03-19,39014.207199999997
1956-03-20,39244.963199999998
1956-03-21,38737.1423
1956-03-22,39136.486400000002
1956-03-23,39230.764799999997
1956-03-26,39068.151400000002
1956-03-27,38777.0936
1956-03-28,38991.789700000001
1956-03-29,38973.679199999999
1956-04-02,39156.263599999998
1956-04-03,39025.761599999998
1956-04-04,39248.482499999998
1956-04-05,39069.8171
1956-04-06,39300.563600000001
1956-04-09,39113.871099999997
1956-04-10,38573.966
1956-04-11,38884.985200000003
1956-04-12,38658.1587
1956-04-13,38607.940000000002
1956-04-16,38621.942300000002
1956-04-17,38603.833700000003
1956-04-18,38457.286399999997
1956-04-19,38326.792699999998
1956-04-20,38485.285600000003
1956-04-23,38402.957799999996
1956-04-24,38095.866399999999
1956-04-25,37965.378599999996
1956-04-26,38292.443800000001
1956-04-27,38699.776299999998
1956-04-30,39018.808400000002
1956-05-01,38848.183799999999
1956-05-02,38862.181100000002
1956-05-03,39004.614300000001
1956-05-04,39147.046900000001
1956-05-07,38920.2359
1956-05-08,38765.6659
1956-05-09,38707.4211
1956-05-10,38087.294500000004
1956-05-11,38061.160499999998
1956-05-14,37858.4375
1956-05-15,37471.097099999999
1956-05-16,37220.2166
1956-05-17,37675.693700000003
1956-05-18,37505.081899999997
1956-05-21,37189.991600000001
1956-05-22,36610.021800000002
1956-05-23,36423.361799999999
1956-05-24,36092.223599999998
1956-05-25,36114.257400000002
1956-05-28,35702.856500000002
1956-05-29,36519.5196
1956-05-31,36597.737300000001
1956-06-01,36908.723700000002
1956-06-04,37131.417999999998
1956-06-05,37145.421999999999
1956-06-06,36966.791400000002
1956-06-07,37261.7166
1956-06-08,36585.455600000001
1956-06-11,37048.934500000003
1956-06-12,37576.620000000003
1956-06-13,37630.752500000002
1956-06-14,37548.438699999999
1956-06-15,37600.860000000001
1956-06-18,37442.809000000001
1956-06-19,37487.4807
1956-06-20,37645.674800000001
1956-06-21,37909.282299999999
1956-06-22,37799.885000000002
1956-06-25,37658.051899999999
1956-06-26,37913.546600000001
1956-06-27,38201.472399999999
1956-06-28,38254.247199999998
1956-06-29,38128.630799999999
1956-07-02,38100.319900000002
1956-07-03,38420.674400000004
1956-07-05,38814.0049
1956-07-06,39012.7281
1956-07-09,39187.127
1956-07-10,39426.391799999998
1956-07-11,39552.134400000003
1956-07-12,39467.059699999998
1956-07-13,39584.692600000002
1956-07-16,39929.359100000001
1956-07-17,40071.315699999999
1956-07-18,40067.323100000001
1956-07-19,40087.655899999998
1956-07-20,40116.097099999999
1956-07-23,40103.995000000003
1956-07-24,40108.110399999998
1956-07-25,40201.4156
1956-07-26,40237.964399999997
1956-07-27,39917.7572
1956-07-30,39857.008999999998
1956-07-31,40177.336600000002
1956-08-01,40205.775099999999
1956-08-02,40469.342600000004
1956-08-03,40392.375899999999
1956-08-06,39764.079700000002
1956-08-07,40011.430999999997
1956-08-08,40177.700400000002
1956-08-09,40149.383199999997
1956-08-10,39967.0216
1956-08-13,39557.6443
1956-08-14,39821.207799999996
1956-08-15,39898.293100000003
1956-08-16,39813.223700000002
1956-08-17,39768.694300000003
1956-08-20,39310.6826
1956-08-21,39022.932000000001
1956-08-22,38645.997900000002
1956-08-23,39120.349499999997
1956-08-24,39083.929900000003
1956-08-27,38852.933199999999
1956-08-28,38784.085899999998
1956-08-29,38617.953800000003
1956-08-30,38281.569600000003
1956-08-31,38747.807099999998
1956-09-04,39060.001499999998
1956-09-05,39169.515800000001
1956-09-06,39238.492700000003
1956-09-07,39007.503900000003
1956-09-10,38808.946300000003
1956-09-11,38667.138299999999
1956-09-12,38403.724399999999
1956-09-13,38359.205000000002
1956-09-14,38541.678500000002
1956-09-17,38529.5867
1956-09-18,38209.429100000001
1956-09-19,37767.673300000002
1956-09-20,37747.4758
1956-09-21,38051.788800000002
1956-09-24,37910.169399999999
1956-09-25,37384.6037
1956-09-26,37447.215499999998
1956-09-27,37272.923000000003
1956-09-28,37074.123200000002
1956-10-01,36548.566500000001
1956-10-02,37223.848700000002
1956-10-03,37850.114600000001
1956-10-04,37863.7091
1956-10-05,37999.836600000002
1956-10-08,37988.921900000001
1956-10-09,37806.4637
1956-10-10,38334.688600000001
1956-10-11,38315.604399999997
1956-10-12,38476.233999999997
1956-10-15,38367.2958
1956-10-16,38176.672700000003
1956-10-17,37888.0265
1956-10-18,37958.801200000002
1956-10-19,37882.538500000002
1956-10-22,37879.792999999998
1956-10-23,37795.364300000001
1956-10-24,37645.587899999999
1956-10-25,37585.665000000001
1956-10-26,37934.162700000001
1956-10-29,38045.775600000001
1956-10-30,38026.6924
1956-10-31,37386.8197
1956-11-01,38160.063600000001
1956-11-02,38541.224999999999
1956-11-05,39053.075299999997
1956-11-07,38658.255100000002
1956-11-08,38353.287900000003
1956-11-09,38040.154300000002
1956-11-12,38168.097399999999
1956-11-13,37993.823299999996
1956-11-14,37786.877999999997
1956-11-15,37555.429799999998
1956-11-16,37577.189200000001
1956-11-19,37215.058100000002
1956-11-20,36893.767599999999
1956-11-21,36719.500999999997
1956-11-23,37108.817499999997
1956-11-26,36893.713199999998
1956-11-27,36931.813199999997
1956-11-28,36545.190399999999
1956-11-29,36509.779499999997
1956-11-30,37086.947399999997
1956-12-03,37827.462800000001
1956-12-04,37718.540099999998
1956-12-05,38173.183900000004
1956-12-06,38521.645100000002
1956-12-07,38714.9205
1956-12-10,38524.322500000002
1956-12-11,38268.384899999997
1956-12-12,37987.947500000002
1956-12-13,38295.5645
1956-12-14,38333.655500000001
1956-12-17,38339.077400000002
1956-12-18,38344.499300000003
1956-12-19,38260.079400000002
1956-12-20,37971.480499999998
1956-12-21,38221.815399999999
1956-12-26,38245.388299999999
1956-12-27,38219.503299999997
1956-12-28,38399.686699999998
1956-12-31,38497.441800000001
1957-01-02,38117.123599999999
1957-01-03,38453.916700000002
1957-01-04,38510.460899999998
1957-01-07,38319.725400000003
1957-01-08,38186.690000000002
1957-01-09,38119.596899999997
1957-01-10,38217.351600000002
1957-01-11,38150.257299999997
1957-01-14,37893.587899999999
1957-01-15,37340.195699999997
1957-01-16,37388.498899999999
1957-01-17,37387.346799999999
1957-01-18,36916.383699999998
1957-01-21,36725.663200000003
1957-01-22,36839.904199999997
1957-01-23,37127.231500000002
1957-01-24,37266.199200000003
1957-01-25,37100.203600000001
1957-01-28,36835.304799999998
1957-01-29,37023.721799999999
1957-01-30,37195.655500000001
1957-01-31,37046.147599999997
1957-02-01,36970.820599999999
1957-02-04,36903.735999999997
1957-02-05,36383.3462
1957-02-06,36332.746700000003
1957-02-07,36175.0046
1957-02-08,35934.8436
1957-02-11,35323.804900000003
1957-02-12,35182.551899999999
1957-02-13,35725.362999999998
1957-02-14,35691.251100000001
1957-02-15,36126.9133
1957-02-18,36092.7984
1957-02-19,36124.618399999999
1957-02-20,36247.094100000002
1957-02-21,36130.565000000002
1957-02-25,36055.244599999998
1957-02-26,36120.028200000001
1957-02-27,36094.156900000002
1957-02-28,35977.631000000001
1957-03-01,36380.313099999999
1957-03-04,36651.131800000003
1957-03-05,36790.085200000001
1957-03-06,36887.832900000001
1957-03-07,36796.027999999998
1957-03-08,36687.742599999998
1957-03-11,36455.841099999998
1957-03-12,36438.212200000002
1957-03-13,36684.299700000003
1957-03-14,36716.115299999998
1957-03-15,36703.715499999998
1957-03-18,36542.808100000002
1957-03-19,36706.861700000001
1957-03-20,36762.5936
1957-03-21,36776.665500000003
1957-03-22,36740.743900000001
1957-03-25,36596.5052
1957-03-26,36627.240899999997
1957-03-27,36782.957000000002
1957-03-28,36863.684099999999
1957-03-29,36811.0988
1957-04-01,36841.831899999997
1957-04-02,37080.8658
1957-04-03,37186.586000000003
1957-04-04,37109.0026
1957-04-05,37156.398099999999
1957-04-08,37078.816200000001
1957-04-09,37417.822999999997
1957-04-10,37581.861100000002
1957-04-11,37554.268400000001
1957-04-12,37643.320599999999
1957-04-15,37574.071100000001
1957-04-16,37638.127800000002
1957-04-17,37693.850400000003
1957-04-18,37974.525699999998
1957-04-22,38038.5792
1957-04-23,38185.947500000002
1957-04-24,38249.999900000003
1957-04-25,38122.427499999998
1957-04-26,38078.173300000002
1957-04-29,38275.525999999998
1957-04-30,38289.590300000003
1957-05-01,38528.600700000003
1957-05-02,38842.589999999997
1957-05-03,38806.664199999999
1957-05-06,38754.074399999998
1957-05-07,38643.168400000002
1957-05-08,38798.859199999999
1957-05-09,38846.2454
1957-05-10,39043.591399999998
1957-05-13,39290.9208
1957-05-14,39121.697800000002
1957-05-15,39260.721400000002
1957-05-16,39424.736799999999
1957-05-17,39538.767200000002
1957-05-20,39644.4663
1957-05-21,39700.177900000002
1957-05-22,39547.616600000001
1957-05-23,39561.672899999998
1957-05-24,39617.383000000002
1957-05-27,39264.888500000001
1957-05-28,39195.6397
1957-05-29,39551.256800000003
1957-05-31,39823.564200000001
1957-06-03,39779.306900000003
1957-06-04,39710.058700000001
1957-06-05,39707.454400000002
1957-06-06,39988.0893
1957-06-07,40035.466
1957-06-10,39832.9283
1957-06-11,40288.4977
1957-06-12,40385.854599999999
1957-06-13,40466.549400000004
1957-06-14,40480.601699999999
1957-06-17,40561.299099999997
1957-06-18,40400.417399999998
1957-06-19,40139.572999999997
1957-06-20,39903.7212
1957-06-21,39671.941099999996
1957-06-24,39365.6656
1957-06-25,39682.026599999997
1957-06-26,39636.5864
1957-06-27,39784.664499999999
1957-06-28,39882.256600000001
1957-07-01,39937.779799999997
1957-07-02,40338.267599999999
1957-07-03,40814.476999999999
1957-07-05,41013.031199999998
1957-07-08,41194.755899999996
1957-07-09,41048.345200000003
1957-07-10,41331.032099999997
1957-07-11,41176.209199999998
1957-07-12,41366.345699999998
1957-07-15,41413.447
1957-07-16,41208.146200000003
1957-07-17,40960.776899999997
1957-07-18,40923.747900000002
1957-07-19,40970.852400000003
1957-07-22,40883.342299999997
1957-07-23,40964.098899999997
1957-07-24,41011.204299999998
1957-07-25,41016.240899999997
1957-07-26,40886.6656
1957-07-29,40445.802000000003
1957-07-30,40450.840700000001
1957-07-31,40447.465499999998
1957-08-01,40351.546399999999
1957-08-02,40264.042800000003
1957-08-05,39915.734100000001
1957-08-06,39424.406600000002
1957-08-07,39732.315999999999
1957-08-08,39627.988299999997
1957-08-09,39649.854299999999
1957-08-12,39158.533799999997
1957-08-13,39138.339599999999
1957-08-14,38663.851199999997
1957-08-15,38685.720099999999
1957-08-16,38758.066099999996
1957-08-19,37989.1371
1957-08-20,38313.869400000003
1957-08-21,38487.170100000003
1957-08-22,38214.599699999999
1957-08-23,37672.824399999998
1957-08-26,37156.290500000003
1957-08-27,37767.044000000002
1957-08-28,37797.330099999999
1957-08-29,37650.951800000003
1957-08-30,38295.347500000003
1957-09-03,38485.467299999997
1957-09-04,38162.430800000002
1957-09-05,37973.994500000001
1957-09-06,37861.2693
1957-09-09,37529.822899999999
1957-09-10,37189.967100000002
1957-09-11,37523.095000000001
1957-09-12,37999.227899999998
1957-09-13,37987.4519
1957-09-16,37807.4323
1957-09-17,37862.953200000004
1957-09-18,37910.0625
1957-09-19,37671.162100000001
1957-09-20,37071.372600000002
1957-09-23,36228.9182
1957-09-24,36481.043299999998
1957-09-25,36045.875800000002
1957-09-26,36145.269200000002
1957-09-27,36134.356899999999
1957-09-30,36030.110999999997
1957-10-01,36324.655599999998
1957-10-02,36619.199200000003
1957-10-03,36659.1947
1957-10-04,36368.282200000001
1957-10-07,35890.705000000002
1957-10-08,35667.673900000002
1957-10-09,35707.670899999997
1957-10-10,34839.809200000003
1957-10-11,34828.900999999998
1957-10-14,35089.501400000001
1957-10-15,35460.400300000001
1957-10-16,35177.986599999997
1957-10-17,34607.101000000002
1957-10-18,34341.659099999997
1957-10-21,33346.5573
1957-10-22,33208.388400000003
1957-10-23,34699.224099999999
1957-10-24,34688.318800000001
1957-10-25,34592.568200000002
1957-10-28,34454.398399999998
1957-10-29,34689.537900000003
1957-10-30,34975.579599999997
1957-10-31,35015.576200000003
1957-11-01,34495.616800000003
1957-11-04,34442.289100000002
1957-11-06,34499.258199999997
1957-11-07,34708.939100000003
1957-11-08,34307.7673
1957-11-11,34305.347199999997
1957-11-12,33819.341099999998
1957-11-13,33782.987300000001
1957-11-14,33695.729099999997
1957-11-15,34490.795100000003
1957-11-18,34216.889999999999
1957-11-19,34027.824200000003
1957-11-20,34127.209199999998
1957-11-21,34608.364800000003
1957-11-22,34945.292500000003
1957-11-25,35214.346799999999
1957-11-26,34295.685899999997
1957-11-27,35285.849999999999
1957-11-29,35690.6371
1957-12-02,35391.284899999999
1957-12-03,35405.828000000001
1957-12-04,35556.107900000003
1957-12-05,35545.197899999999
1957-12-06,35373.103999999999
1957-12-09,35048.3105
1957-12-10,34748.967499999999
1957-12-11,34712.613400000002
1957-12-12,34752.607499999998
1957-12-13,34911.368900000001
1957-12-16,34399.950400000002
1957-12-17,33812.186300000001
1957-12-18,33784.318500000001
1957-12-19,34146.6751
1957-12-20,33876.3799
1957-12-23,33882.653700000003
1957-12-24,33923.250999999997
1957-12-26,34272.749199999998
1957-12-27,34158.8943
1957-12-30,33993.555
1957-12-31,34351.629200000003
1958-01-02,34649.635600000001
1958-01-03,35119.247799999997
1958-01-06,34962.489000000001
1958-01-07,35243.330800000003
1958-01-08,35241.019
1958-01-09,35041.360099999998
1958-01-10,34721.577799999999
1958-01-13,34830.810700000002
1958-01-14,34991.522700000001
1958-01-15,35272.356899999999
1958-01-16,35338.684800000003
1958-01-17,35379.273699999998
1958-01-20,35600.042200000004
1958-01-21,35563.408600000002
1958-01-22,35483.875899999999
1958-01-23,35627.422899999998
1958-01-24,35933.987999999998
1958-01-27,35837.294999999998
1958-01-28,35877.881500000003
1958-01-29,36098.643799999998
1958-01-30,35933.314299999998
1958-01-31,35956.737699999998
1958-02-03,36254.715199999999
1958-02-04,36621.327899999997
1958-02-05,36395.940300000002
1958-02-06,36324.987300000001
1958-02-07,36013.805399999997
1958-02-10,35805.580600000001
1958-02-11,35494.401599999997
1958-02-12,35346.237099999998
1958-02-13,35361.083400000003
1958-02-14,35701.948199999999
1958-02-17,35519.467400000001
1958-02-18,35577.210500000001
1958-02-19,35566.317999999999
1958-02-20,35366.681400000001
1958-02-21,35347.2114
1958-02-24,35156.156499999997
1958-02-25,35128.108
1958-02-26,35400.3315
1958-02-27,35200.698700000001
1958-02-28,35344.231299999999
1958-03-03,35599.292999999998
1958-03-04,35794.298999999999
1958-03-05,35903.5144
1958-03-06,36364.465900000003
1958-03-07,36430.783100000001
1958-03-10,36557.1518
1958-03-11,36820.7808
1958-03-12,36741.253100000002
1958-03-13,36790.410199999998
1958-03-14,36685.147400000002
1958-03-17,36442.625899999999
1958-03-18,36320.208599999998
1958-03-19,36498.0458
1958-03-20,36521.466800000002
1958-03-21,36794.628400000001
1958-03-24,36939.323100000001
1958-03-25,36823.8024
1958-03-26,36708.280599999998
1958-03-27,36601.433799999999
1958-03-28,36633.368300000002
1958-03-31,36552.543100000003
1958-04-01,36411.004099999998
1958-04-02,36130.685899999997
1958-04-03,36032.517999999996
1958-04-07,35908.3295
1958-04-08,36174.450400000002
1958-04-09,36197.711499999998
1958-04-10,36246.994400000003
1958-04-11,36287.601600000002
1958-04-14,36519.023699999998
1958-04-15,36897.893400000001
1958-04-16,36617.584999999999
1958-04-17,36753.596299999997
1958-04-18,37158.481599999999
1958-04-21,37355.203699999998
1958-04-22,37248.361299999997
1958-04-23,37254.2719
1958-04-24,37555.069300000003
1958-04-25,37751.7886
1958-04-28,37636.273099999999
1958-04-29,37451.375899999999
1958-04-30,37838.900900000001
1958-05-01,37931.538200000003
1958-05-02,38067.540399999998
1958-05-05,38160.178899999999
1958-05-06,38356.890800000001
1958-05-07,38293.412700000001
1958-05-08,38351.355900000002
1958-05-09,38365.933900000004
1958-05-12,38155.021200000003
1958-05-13,38048.183400000002
1958-05-14,37620.456100000003
1958-05-15,37817.162400000001
1958-05-16,37840.417000000001
1958-05-19,37742.254500000003
1958-05-20,38069.048799999997
1958-05-21,38022.921699999999
1958-05-22,38228.297400000003
1958-05-23,38312.254999999997
1958-05-26,38300.815799999997
1958-05-27,38254.687400000003
1958-05-28,38312.628900000003
1958-05-29,38526.671399999999
1958-06-02,38723.368000000002
1958-06-03,38859.355300000003
1958-06-04,38899.948799999998
1958-06-05,38949.213799999998
1958-06-06,39033.167000000001
1958-06-09,38978.364999999998
1958-06-10,38906.218999999997
1958-06-11,38920.793899999997
1958-06-12,39152.170700000002
1958-06-13,39392.217499999999
1958-06-16,39536.872199999998
1958-06-17,39334.645499999999
1958-06-18,39687.426500000001
1958-06-19,39060.276899999997
1958-06-20,39273.9663
1958-06-23,39139.115400000002
1958-06-24,38995.506399999998
1958-06-25,39097.085800000001
1958-06-26,39286.2327
1958-06-27,39344.027600000001
1958-06-30,39647.006500000003
1958-07-01,39687.287199999999
1958-07-02,39727.566899999998
1958-07-03,39864.167399999998
1958-07-07,40000.767599999999
1958-07-08,39813.380499999999
1958-07-09,39687.2863
1958-07-10,39841.397199999999
1958-07-11,40109.338400000001
1958-07-14,39606.7264
1958-07-15,39585.711199999998
1958-07-16,39713.5507
1958-07-17,39981.4879
1958-07-18,40179.376900000003
1958-07-21,40674.971100000002
1958-07-22,40750.267399999997
1958-07-23,40746.759299999998
1958-07-24,40970.907500000001
1958-07-25,41256.347500000003
1958-07-28,41419.200400000002
1958-07-29,41258.084199999998
1958-07-30,41377.157200000001
1958-07-31,41469.962699999996
1958-08-01,41737.884400000003
1958-08-04,42137.140899999999
1958-08-05,41976.024799999999
1958-08-06,41727.3531
1958-08-07,42004.023999999998
1958-08-08,42254.4257
1958-08-11,42373.491300000002
1958-08-12,41984.731500000002
1958-08-13,42060.020299999996
1958-08-14,42152.818899999998
1958-08-15,41799.087800000001
1958-08-18,41559.181299999997
1958-08-19,41634.470500000003
1958-08-20,41657.225299999998
1958-08-21,41933.885000000002
1958-08-22,42026.681799999998
1958-08-25,42040.680399999997
1958-08-26,42186.008900000001
1958-08-27,42200.008699999998
1958-08-28,41986.372600000002
1958-08-29,42070.413999999997
1958-09-02,42294.535799999998
1958-09-03,42457.370300000002
1958-09-04,42392.573499999999
1958-09-05,42284.000500000002
1958-09-08,42429.322500000002
1958-09-09,42723.477200000001
1958-09-10,42597.395799999998
1958-09-11,42891.549700000003
1958-09-12,42800.487000000001
1958-09-15,43182.185700000002
1958-09-16,43528.862800000003
1958-09-17,43516.589800000002
1958-09-18,43302.959699999999
1958-09-19,43587.780100000004
1958-09-22,43417.871400000004
1958-09-23,43742.0766
1958-09-24,43942.7526
1958-09-25,43764.020199999999
1958-09-26,43849.989399999999
1958-09-29,44041.839899999999
1958-09-30,44216.040200000003
1958-10-01,44152.012000000002
1958-10-02,44326.209999999999
1958-10-03,44509.228600000002
1958-10-06,44789.303899999999
1958-10-07,45051.730100000001
1958-10-08,45137.690600000002
1958-10-09,45135.424400000004
1958-10-10,45441.958599999998
1958-10-13,45651.440799999997
1958-10-14,45340.370600000002
1958-10-15,44746.969100000002
1958-10-16,45071.145799999998
1958-10-17,45536.487300000001
1958-10-20,45375.406999999999
1958-10-21,45381.960599999999
1958-10-22,45212.060799999999
1958-10-23,45130.387999999999
1958-10-24,44995.780200000001
1958-10-27,44658.251300000004
1958-10-28,44832.434399999998
1958-10-29,45350.698100000001
1958-10-30,45427.8315
1958-10-31,45487.320800000001
1958-11-03,45696.789499999999
1958-11-05,46117.9954
1958-11-06,46495.087500000001
1958-11-07,46334.011899999998
1958-11-10,46614.054300000003
1958-11-11,46982.315300000002
1958-11-12,47050.6204
1958-11-13,46863.080099999999
1958-11-14,47099.0023
1958-11-17,47237.881699999998
1958-11-18,47147.385300000002
1958-11-19,47215.685299999997
1958-11-20,47231.054900000003
1958-11-21,46787.676500000001
1958-11-24,45585.612699999998
1958-11-25,45318.6823
1958-11-26,46101.5625
1958-11-28,46619.780200000001
1958-12-01,46811.586300000003
1958-12-02,46615.229899999998
1958-12-03,46683.528299999998
1958-12-04,46707.718200000003
1958-12-05,46634.868399999999
1958-12-08,46694.345300000001
1958-12-09,46965.542200000004
1958-12-10,47536.671499999997
1958-12-11,47446.179300000003
1958-12-12,47338.045899999997
1958-12-15,47476.914499999999
1958-12-16,47659.887900000002
1958-12-17,47975.182399999998
1958-12-18,48184.618999999999
1958-12-19,48116.9139
1958-12-22,47803.527300000002
1958-12-23,47552.4326
1958-12-24,48173.436600000001
1958-12-29,48741.040699999998
1958-12-30,48917.094899999996
1958-12-31,49173.2353
1959-01-02,49384.878900000003
1959-01-05,49587.625
1959-01-06,49532.305699999997
1959-01-07,48916.366300000002
1959-01-08,49377.170599999998
1959-01-09,49713.391100000001
1959-01-12,49729.258800000003
1959-01-13,49460.374900000003
1959-01-14,49600.825199999999
1959-01-15,49794.662700000001
1959-01-16,49783.836300000003
1959-01-19,49675.1273
1959-01-20,49717.690900000001
1959-01-21,50009.408199999998
1959-01-22,49954.088400000001
1959-01-23,49987.751600000003
1959-01-26,49790.061699999998
1959-01-27,49805.928500000002
1959-01-28,49261.208400000003
1959-01-29,49303.773800000003
1959-01-30,49506.503199999999
1959-02-02,49326.615100000003
1959-02-03,49395.872799999997
1959-02-04,49207.088199999998
1959-02-05,48991.608999999997
1959-02-06,48607.071499999998
1959-02-09,47911.106099999997
1959-02-10,48576.525699999998
1959-02-11,48610.193299999999
1959-02-12,48305.744100000004
1959-02-13,48686.427199999998
1959-02-16,48764.5798
1959-02-17,48584.700199999999
1959-02-18,48778.524299999997
1959-02-19,49248.176299999999
1959-02-20,49700.028599999998
1959-02-24,49671.404999999999
1959-02-25,49464.831299999998
1959-02-26,49560.777099999999
1959-02-27,49630.0285
1959-03-02,49921.715100000001
1959-03-03,50391.349600000001
1959-03-04,50487.290800000002
1959-03-05,50565.435599999997
1959-03-06,50376.661200000002
1959-03-09,50330.244599999998
1959-03-10,50479.566599999998
1959-03-11,50522.123500000002
1959-03-12,50751.521200000003
1959-03-13,50820.763400000003
1959-03-16,50285.000699999997
1959-03-17,50701.234100000001
1959-03-18,50592.535199999998
1959-03-19,50555.0141
1959-03-20,50603.403599999998
1959-03-23,50143.019999999997
1959-03-24,50230.042399999998
1959-03-25,50164.509100000003
1959-03-26,50063.079599999997
1959-03-30,49791.154900000001
1959-03-31,49788.442000000003
1959-04-01,50019.042200000004
1959-04-02,50303.479800000001
1959-04-03,50704.570800000001
1959-04-06,50854.403899999998
1959-04-07,50752.9787
1959-04-08,50516.947899999999
1959-04-09,50487.310799999999
1959-04-10,50538.435799999999
1959-04-13,50733.130700000002
1959-04-14,50990.638500000001
1959-04-15,51221.224999999999
1959-04-16,51649.220699999998
1959-04-17,52095.158600000002
1959-04-20,52325.737999999998
1959-04-21,52278.145700000001
1959-04-22,51943.417300000001
1959-04-23,51833.015299999999
1959-04-24,52162.2958
1959-04-27,52330.0599
1959-04-28,52138.901299999998
1959-04-29,51938.772499999999
1959-04-30,51855.2935
1959-05-01,51915.378700000001
1959-05-04,51921.628799999999
1959-05-05,52017.606699999997
1959-05-06,51898.239600000001
1959-05-07,51249.479599999999
1959-05-08,51650.532399999996
1959-05-11,51872.126700000001
1959-05-12,51959.131399999998
1959-05-13,52252.502899999999
1959-05-14,52617.653700000003
1959-05-15,52435.479500000001
1959-05-18,52432.756999999998
1959-05-19,52591.538399999998
1959-05-20,52391.417200000004
1959-05-21,52442.525600000001
1959-05-22,52619.249900000003
1959-05-25,52490.910499999998
1959-05-26,52416.408499999998
1959-05-27,52512.380799999999
1959-05-28,52698.0723
1959-05-29,52964.512999999999
1959-06-01,52925.8966
1959-06-02,52573.259100000003
1959-06-03,52597.4522
1959-06-04,52047.429199999999
1959-06-05,51946.016199999998
1959-06-08,51279.365299999998
1959-06-09,50926.739000000001
1959-06-10,51677.6656
1959-06-11,51737.745600000002
1959-06-12,51779.883600000001
1959-06-15,51516.979099999997
1959-06-16,51137.441299999999
1959-06-17,51619.198600000003
1959-06-18,51589.5645
1959-06-19,51664.965400000001
1959-06-22,51670.642599999999
1959-06-23,51667.278400000003
1959-06-24,51935.210700000003
1959-06-25,52230.270299999996
1959-06-26,52462.026700000002
1959-06-29,52820.389199999998
1959-06-30,52916.493399999999
1959-07-01,53374.324399999998
1959-07-02,53660.331599999998
1959-07-06,54000.597600000001
1959-07-07,54331.815900000001
1959-07-08,54355.570099999997
1959-07-09,54306.978999999999
1959-07-10,54258.388200000001
1959-07-13,53811.906199999998
1959-07-14,53944.175199999998
1959-07-15,53986.0147
1959-07-16,53828.914100000002
1959-07-17,53635.640200000002
1959-07-20,53388.113799999999
1959-07-21,53845.919199999997
1959-07-22,54032.439599999998
1959-07-23,54092.361100000002
1959-07-24,54079.9421
1959-07-27,54420.1829
1959-07-28,54697.124000000003
1959-07-29,54974.066299999999
1959-07-30,54871.223100000003
1959-07-31,54885.9306
1959-08-03,55072.441400000003
1959-08-04,54987.679900000003
1959-08-05,54713.029199999997
1959-08-06,54664.441700000003
1959-08-07,54335.542200000004
1959-08-10,53210.9257
1959-08-11,53912.844299999997
1959-08-12,53791.921699999999
1959-08-13,53707.166599999997
1959-08-14,53839.426800000001
1959-08-17,53736.587399999997
1959-08-18,53244.940699999999
1959-08-19,52934.138500000001
1959-08-20,53726.462200000002
1959-08-21,53677.881200000003
1959-08-24,53493.669900000001
1959-08-25,53607.842299999997
1959-08-26,53685.847900000001
1959-08-27,54206.901299999998
1959-08-28,54076.940699999999
1959-08-31,54182.069600000003
1959-09-01,53527.692799999997
1959-09-02,53578.568700000003
1959-09-03,52987.490899999997
1959-09-04,53246.3246
1959-09-08,52492.500699999997
1959-09-09,52127.471599999997
1959-09-10,51861.9015
1959-09-11,52247.3177
1959-09-14,51873.251100000001
1959-09-15,51598.640200000002
1959-09-16,51640.480900000002
1959-09-17,51365.877800000002
1959-09-18,51076.897299999997
1959-09-21,50337.225700000003
1959-09-22,50225.889300000003
1959-09-23,50852.1518
1959-09-24,51733.381800000003
1959-09-25,51694.890399999997
1959-09-28,52084.385300000002
1959-09-29,52419.239999999998
1959-09-30,51852.599699999999
1959-10-01,51914.276899999997
1959-10-02,52158.069199999998
1959-10-05,52110.468999999997
1959-10-06,52071.979800000001
1959-10-07,51942.432000000001
1959-10-08,51831.095300000001
1959-10-09,52011.1446
1959-10-12,52309.564200000001
1959-10-13,52170.912499999999
1959-10-14,51768.1973
1959-10-15,51920.9277
1959-10-16,52346.822099999998
1959-10-19,52062.482100000001
1959-10-20,51750.825199999999
1959-10-21,51657.703999999998
1959-10-22,51163.943500000001
1959-10-23,51680.888099999996
1959-10-26,52033.930399999997
1959-10-27,52478.023699999998
1959-10-28,52521.479899999998
1959-10-29,52482.987800000003
1959-10-30,52590.179300000003
1959-11-02,52497.056400000001
1959-11-04,52367.513800000001
1959-11-05,52429.183499999999
1959-11-06,52691.165000000001
1959-11-09,52607.149899999997
1959-11-10,52595.976499999997
1959-11-11,52612.118300000002
1959-11-12,52327.7935
1959-11-13,52043.4738
1959-11-16,51476.901700000002
1959-11-17,51629.620999999999
1959-11-18,52192.053099999997
1959-11-19,52153.568299999999
1959-11-20,52187.921000000002
1959-11-23,52295.107600000003
1959-11-24,52547.970699999998
1959-11-25,52636.947500000002
1959-11-27,52880.704899999997
1959-11-30,53415.806199999999
1959-12-01,53805.230600000003
1959-12-02,53721.214500000002
1959-12-03,53846.602099999996
1959-12-04,53962.883399999999
1959-12-07,54070.064100000003
1959-12-08,54423.057999999997
1959-12-09,54093.222099999999
1959-12-10,54145.7736
1959-12-11,54025.3413
1959-12-14,54178.039299999997
1959-12-15,54057.607499999998
1959-12-16,54128.368499999997
1959-12-17,54035.249300000003
1959-12-18,54295.8992
1959-12-21,54396.421999999999
1959-12-22,54313.329400000002
1959-12-23,54156.789400000001
1959-12-24,54202.225599999998
1959-12-28,54192.5772
1959-12-29,54495.076699999998
1959-12-30,54935.282700000003
1959-12-31,55054.162199999999
1960-01-04,55081.231800000001
1960-01-05,55530.6103
1960-01-06,55300.627200000003
1960-01-07,54905.392399999997
1960-01-08,54739.674899999998
1960-01-11,54078.213300000003
1960-01-12,53756.430800000002
1960-01-13,53462.194199999998
1960-01-14,53764.679900000003
1960-01-15,53755.032800000001
1960-01-18,53313.913200000003
1960-01-19,52753.452599999997
1960-01-20,52578.568800000001
1960-01-21,52715.809600000001
1960-01-22,52880.590799999998
1960-01-25,52338.5026
1960-01-26,52420.661200000002
1960-01-27,52300.860099999998
1960-01-28,51767.958599999998
1960-01-29,51299.322699999997
1960-02-01,51629.343200000003
1960-02-02,52427.537199999999
1960-02-03,51977.2644
1960-02-04,51940.085899999998
1960-02-05,51682.594499999999
1960-02-08,51085.453500000003
1960-02-09,51571.526899999997
1960-02-10,51258.960700000003
1960-02-11,50983.114699999998
1960-02-12,51248.869400000003
1960-02-15,50991.3848
1960-02-16,50596.211499999998
1960-02-17,50880.326099999998
1960-02-18,51595.874199999998
1960-02-19,52008.492899999997
1960-02-23,51741.830199999997
1960-02-24,51566.962299999999
1960-02-25,51750.0936
1960-02-26,51969.940799999997
1960-02-29,51941.942199999998
1960-03-01,51849.690699999999
1960-03-02,51500.424800000001
1960-03-03,50738.094899999996
1960-03-04,50554.059099999999
1960-03-07,50057.933799999999
1960-03-08,49561.813000000002
1960-03-09,50093.749400000001
1960-03-10,49909.718399999998
1960-03-11,50294.786500000002
1960-03-14,50376.943800000001
1960-03-15,50771.186699999998
1960-03-16,51055.280500000001
1960-03-17,50990.573199999999
1960-03-18,51042.705499999996
1960-03-21,51105.108
1960-03-22,51315.970200000003
1960-03-23,51740.242299999998
1960-03-24,51969.6584
1960-03-25,51976.3851
1960-03-28,51871.769399999997
1960-03-29,51804.265099999997
1960-03-30,51699.650099999999
1960-03-31,51409.464399999997
1960-04-01,51499.699000000001
1960-04-04,51608.491099999999
1960-04-05,51921.4087
1960-04-06,52521.954100000003
1960-04-07,52537.959000000003
1960-04-08,52424.063600000001
1960-04-11,52226.666100000002
1960-04-12,52354.008600000001
1960-04-13,52360.733500000002
1960-04-14,52488.0769
1960-04-18,52643.253100000002
1960-04-19,52223.186099999999
1960-04-20,51589.723700000002
1960-04-21,51735.620499999997
1960-04-22,51584.621700000003
1960-04-25,51071.780700000003
1960-04-26,51245.5141
1960-04-27,51252.242899999997
1960-04-28,50813.635699999999
1960-04-29,50644.087500000001
1960-05-02,50428.151400000002
1960-05-03,51084.3249
1960-05-04,51285.885499999997
1960-05-05,51125.6181
1960-05-06,51030.293100000003
1960-05-09,51083.408600000002
1960-05-10,50737.589800000002
1960-05-11,50883.481599999999
1960-05-12,51149.9807
1960-05-13,51574.1967
1960-05-16,51534.534599999999
1960-05-17,51736.087500000001
1960-05-18,51724.260399999999
1960-05-19,51953.642999999996
1960-05-20,52099.530200000001
1960-05-23,52041.3148
1960-05-24,51992.378799999999
1960-05-25,51971.272599999997
1960-05-26,52015.105900000002
1960-05-27,52049.662499999999
1960-05-31,52139.8796
1960-06-01,52202.2673
1960-06-02,52431.638200000001
1960-06-03,52531.133000000002
1960-06-06,53150.135399999999
1960-06-07,53657.810400000002
1960-06-08,54091.269099999998
1960-06-09,54200.034299999999
1960-06-10,54178.923000000003
1960-06-13,54204.193299999999
1960-06-14,54136.698700000001
1960-06-15,53828.006200000003
1960-06-16,53769.7883
1960-06-17,53716.953200000004
1960-06-20,53460.9689
1960-06-21,53420.082600000002
1960-06-22,53584.932800000002
1960-06-23,53880.705999999998
1960-06-24,53970.741800000003
1960-06-27,53649.300199999998
1960-06-28,53290.457699999999
1960-06-29,53296.3289
1960-06-30,53283.499400000001
1960-07-01,53420.292200000004
1960-07-05,53388.757700000002
1960-07-06,53319.8177
1960-07-07,53606.230900000002
1960-07-08,53743.017800000001
1960-07-11,53271.9692
1960-07-12,52698.056700000001
1960-07-13,52563.659
1960-07-14,52588.234799999998
1960-07-15,52528.651299999998
1960-07-18,52207.235399999998
1960-07-19,52213.1103
1960-07-20,52134.825199999999
1960-07-21,51663.796699999999
1960-07-22,51314.332000000002
1960-07-25,50815.257599999997
1960-07-26,51129.718800000002
1960-07-27,50817.6656
1960-07-28,51197.583100000003
1960-07-29,52082.442799999997
1960-08-01,52107.019800000002
1960-08-02,51654.704299999998
1960-08-03,51361.354700000004
1960-08-04,51526.193299999999
1960-08-05,52046.3557
1960-08-08,52127.036
1960-08-09,52432.130899999996
1960-08-10,52653.067199999998
1960-08-11,52855.3004
1960-08-12,53216.493999999999
1960-08-15,53175.610000000001
1960-08-16,53284.334600000002
1960-08-17,53402.412100000001
1960-08-18,53380.230799999998
1960-08-19,53573.107000000004
1960-08-22,53747.279399999999
1960-08-23,54276.761200000001
1960-08-24,54581.833500000001
1960-08-25,54325.891900000002
1960-08-26,54154.103499999997
1960-08-29,54010.367400000003
1960-08-30,53455.228999999999
1960-08-31,53573.299700000003
1960-09-01,53700.718699999998
1960-09-02,53622.4352
1960-09-06,53151.455399999999
1960-09-07,52502.831299999998
1960-09-08,52461.955900000001
1960-09-09,52813.774899999997
1960-09-12,52501.754800000002
1960-09-13,52563.723899999997
1960-09-14,52204.956700000002
1960-09-15,52005.135000000002
1960-09-16,51904.1034
1960-09-19,50734.106599999999
1960-09-20,50882.671399999999
1960-09-21,51417.383800000003
1960-09-22,51226.889199999998
1960-09-23,50800.944600000003
1960-09-26,50017.116099999999
1960-09-27,49911.392699999997
1960-09-28,49485.456700000002
1960-09-29,49624.605000000003
1960-09-30,50479.517899999999
1960-10-03,50336.124900000003
1960-10-04,49994.957199999997
1960-10-05,50378.965100000001
1960-10-06,50697.0435
1960-10-07,50996.287400000001
1960-10-10,51107.172100000003
1960-10-11,51189.805699999997
1960-10-12,51131.1728
1960-10-13,51534.001199999999
1960-10-14,51814.400600000001
1960-10-17,51605.082600000002
1960-10-18,51348.678500000002
1960-10-19,51261.793100000003
1960-10-20,50901.8027
1960-10-21,50400.551200000002
1960-10-24,49823.964999999997
1960-10-25,49454.566299999999
1960-10-26,50168.1584
1960-10-27,50712.237200000003
1960-10-28,50521.767800000001
1960-10-31,50510.222600000001
1960-11-01,51035.461000000003
1960-11-02,51306.4326
1960-11-03,51511.479599999999
1960-11-04,51961.367200000001
1960-11-07,52166.408799999997
1960-11-09,52399.700299999997
1960-11-10,53141.505700000002
1960-11-11,52903.946799999998
1960-11-14,52647.557399999998
1960-11-15,52862.008800000003
1960-11-16,52765.704400000002
1960-11-17,52631.734799999998
1960-11-18,52893.270799999998
1960-11-21,53004.135600000001
1960-11-22,52813.666299999997
1960-11-23,52896.284200000002
1960-11-25,53214.315399999999
1960-11-28,53127.428999999996
1960-11-29,52946.379800000002
1960-11-30,52680.584600000002
1960-12-01,52461.872199999998
1960-12-02,52553.9041
1960-12-05,52485.856
1960-12-06,52643.801700000004
1960-12-07,53168.984199999999
1960-12-08,53298.676599999999
1960-12-09,53776.768799999998
1960-12-12,53972.374199999998
1960-12-13,54007.899899999997
1960-12-14,53977.5144
1960-12-15,53834.1348
1960-12-16,54331.925499999998
1960-12-19,54274.3007
1960-12-20,54245.171000000002
1960-12-21,54690.972199999997
1960-12-22,54547.861199999999
1960-12-23,54604.217400000001
1960-12-27,54689.072399999997
1960-12-28,54944.896999999997
1960-12-29,55210.216399999998
1960-12-30,55276.069799999997
1961-01-03,54772.027199999997
1961-01-04,55531.250899999999
1961-01-05,55739.5772
1961-01-06,55662.955999999998
1961-01-09,55985.257899999997
1961-01-10,56146.085899999998
1961-01-11,56316.410900000003
1961-01-12,56496.232499999998
1961-01-13,56771.036200000002
1961-01-16,56760.895499999999
1961-01-17,56541.802300000003
1961-01-18,56873.588100000001
1961-01-19,56967.922700000003
1961-01-20,57157.239699999998
1961-01-23,57479.523200000003
1961-01-24,57640.3387
1961-01-25,57725.173199999997
1961-01-26,57819.5072
1961-01-27,58417.210099999997
1961-01-30,59119.384100000003
1961-01-31,58947.778100000003
1961-02-01,59070.598100000003
1961-02-02,59459.3433
1961-02-03,59392.210500000001
1961-02-06,58964.177199999998
1961-02-07,58868.553399999997
1961-02-08,59409.250999999997
1961-02-09,59237.646800000002
1961-02-10,58752.6351
1961-02-13,58419.580900000001
1961-02-14,58684.855600000003
1961-02-15,59178.0579
1961-02-16,59547.798799999997
1961-02-17,59366.700900000003
1961-02-20,59584.484100000001
1961-02-21,59631.3148
1961-02-23,59858.593000000001
1961-02-24,60104.8583
1961-02-27,60550.561099999999
1961-02-28,60692.359700000001
1961-03-01,60691.705699999999
1961-03-02,61099.414499999999
1961-03-03,61203.223599999998
1961-03-06,61307.0288
1961-03-07,60765.060100000002
1961-03-08,60745.408600000002
1961-03-09,60811.230600000003
1961-03-10,60801.075499999999
1961-03-13,60980.851699999999
1961-03-14,60723.786599999999
1961-03-15,60913.061099999999
1961-03-16,61529.671600000001
1961-03-17,61908.254699999998
1961-03-20,62164.456899999997
1961-03-21,62056.4928
1961-03-22,62025.190300000002
1961-03-23,61869.309800000003
1961-03-24,61770.930800000002
1961-03-27,61710.884299999998
1961-03-28,61746.667999999998
1961-03-29,62280.7696
1961-03-30,62412.383999999998
1961-04-03,62936.895799999998
1961-04-04,63001.421199999997
1961-04-05,62816.791799999999
1961-04-06,62967.566800000001
1961-04-07,63309.999300000003
1961-04-10,63863.248200000002
1961-04-11,63956.521099999998
1961-04-12,63666.478999999999
1961-04-13,63625.594400000002
1961-04-14,63738.0291
1961-04-17,64042.118399999999
1961-04-18,63589.176200000002
1961-04-19,63222.485500000003
1961-04-20,63239.099399999999
1961-04-21,63198.218200000003
1961-04-24,61892.447200000002
1961-04-25,62761.901400000002
1961-04-26,63008.492100000003
1961-04-27,62929.279799999997
1961-04-28,62792.572800000002
1961-05-01,62665.452100000002
1961-05-02,63122.847399999999
1961-05-03,63647.315799999997
1961-05-04,63903.480100000001
1961-05-05,63987.163099999998
1961-05-08,63888.787600000003
1961-05-09,63953.306900000003
1961-05-10,63902.837500000001
1961-05-11,63890.696400000001
1961-05-12,63955.216699999997
1961-05-15,64326.355900000002
1961-05-16,64572.924500000001
1961-05-17,64876.981699999997
1961-05-18,64500.730600000003
1961-05-19,64776.041599999997
1961-05-22,64380.629999999997
1961-05-23,64224.764799999997
1961-05-24,63829.361199999999
1961-05-25,63596.846599999997
1961-05-26,64006.301800000001
1961-05-31,64137.883800000003
1961-06-01,64144.908000000003
1961-06-02,64314.818299999999
1961-06-05,64657.191599999998
1961-06-06,64482.169300000001
1961-06-07,64249.6561
1961-06-08,64285.425000000003
1961-06-09,64282.866699999999
1961-06-12,63801.2428
1961-06-13,63472.924899999998
1961-06-14,63652.415399999998
1961-06-15,63381.585400000004
1961-06-16,62892.3897
1961-06-19,62319.785900000003
1961-06-20,62876.122600000002
1961-06-21,62872.812700000002
1961-06-22,62647.576200000003
1961-06-23,62904.789900000003
1961-06-26,62245.359700000001
1961-06-27,62251.701500000003
1961-06-28,62373.8266
1961-06-29,62312.624100000001
1961-06-30,62434.750699999997
1961-07-03,62991.067799999997
1961-07-05,63402.647400000002
1961-07-06,63582.6564
1961-07-07,63550.399400000002
1961-07-10,63498.843000000001
1961-07-11,63485.880799999999
1961-07-12,63135.226000000002
1961-07-13,62697.734100000001
1961-07-14,63109.306700000001
1961-07-17,62642.877899999999
1961-07-18,62282.582300000002
1961-07-19,62568.722999999998
1961-07-20,62584.714
1961-07-21,62735.774899999997
1961-07-24,62751.763899999998
1961-07-25,63105.438300000002
1961-07-26,63700.308299999997
1961-07-27,64449.5432
1961-07-28,64552.357900000003
1961-07-31,64606.929499999998
1961-08-01,65201.786099999998
1961-08-02,64793.253599999996
1961-08-03,65137.263200000001
1961-08-04,65519.858500000002
1961-08-07,65516.536500000002
1961-08-08,65667.579199999993
1961-08-09,65596.725099999996
1961-08-10,65805.655899999998
1961-08-11,65918.105299999996
1961-08-14,65596.412899999996
1961-08-15,65438.734700000001
1961-08-16,65618.720000000001
1961-08-17,65991.652900000001
1961-08-18,66171.635299999994
1961-08-21,66313.026899999997
1961-08-22,66328.997600000002
1961-08-23,65891.545199999993
1961-08-24,65521.625099999997
1961-08-25,65605.131500000003
1961-08-28,65640.3995
1961-08-29,65502.0164
1961-08-30,65759.171600000001
1961-08-31,66016.322199999995
1961-09-01,66138.414600000004
1961-09-05,65922.859700000001
1961-09-06,66411.540599999993
1961-09-07,66311.746899999998
1961-09-08,65864.662800000006
1961-09-11,65292.175600000002
1961-09-12,65954.492599999998
1961-09-13,66009.051699999996
1961-09-14,65552.329500000007
1961-09-15,65671.140799999994
1961-09-18,65252.413500000002
1961-09-19,64746.3266
1961-09-20,65026.544500000004
1961-09-21,65064.071400000001
1961-09-22,64810.376700000001
1961-09-25,63896.590900000003
1961-09-26,63914.706100000003
1961-09-27,64592.915000000001
1961-09-28,64708.1034
1961-09-29,64862.116499999996
1961-10-02,64909.350100000003
1961-10-03,64878.926800000001
1961-10-04,65324.1512
1961-10-05,65905.271699999998
1961-10-06,66107.816999999995
1961-10-09,66087.0965
1961-10-10,66260.515599999999
1961-10-11,66327.156499999997
1961-10-12,66325.8505
1961-10-13,66217.767800000001
1961-10-16,66041.739499999996
1961-10-17,66069.5573
1961-10-18,66407.988200000007
1961-10-19,66649.345499999996
1961-10-20,66686.866899999994
1961-10-23,66287.589000000007
1961-10-24,66218.340100000001
1961-10-25,66576.177200000006
1961-10-26,66701.053100000005
1961-10-27,66592.978700000007
1961-10-30,66679.028600000005
1961-10-31,66881.553899999999
1961-11-01,66996.720100000006
1961-11-02,67373.958400000003
1961-11-03,67731.781099999993
1961-11-06,68264.309299999994
1961-11-08,69107.436499999996
1961-11-09,69018.767800000001
1961-11-10,69318.342499999999
1961-11-13,69520.8514
1961-11-14,69907.771900000007
1961-11-15,69925.861699999994
1961-11-16,69885.721799999999
1961-11-17,69894.108999999997
1961-11-20,69999.5579
1961-11-21,70066.180500000002
1961-11-22,69996.921600000001
1961-11-24,70141.190400000007
1961-11-27,70159.282300000006
1961-11-28,70070.610400000005
1961-11-29,70030.465800000005
1961-11-30,69670.035499999998
1961-12-01,70124.8802
1961-12-04,70356.491500000004
1961-12-05,70287.229300000006
1961-12-06,70353.844400000002
1961-12-07,70080.774000000005
1961-12-08,70419.145300000004
1961-12-11,70767.217300000004
1961-12-12,71018.232900000003
1961-12-13,70919.858200000002
1961-12-14,70394.449099999998
1961-12-15,70427.674899999998
1961-12-18,70192.5671
1961-12-19,69712.950400000002
1961-12-20,69585.428799999994
1961-12-21,69340.543300000005
1961-12-22,69398.842600000004
1961-12-26,69515.825700000001
1961-12-27,70141.364700000006
1961-12-28,70189.883600000001
1961-12-29,70062.357199999999
1962-01-02,69494.736799999999
1962-01-03,69670.392999999996
1962-01-04,69200.577900000004
1962-01-05,68251.5527
1962-01-08,67732.8505
1962-01-09,67771.593299999993
1962-01-10,67595.180800000002
1962-01-11,68005.554999999993
1962-01-12,68249.670100000003
1962-01-15,68122.159499999994
1962-01-16,67740.379499999995
1962-01-17,67016.323499999999
1962-01-18,67094.188599999994
1962-01-19,67455.654699999999
1962-01-22,67523.7356
1962-01-23,67024.616500000004
1962-01-24,67141.598499999993
1962-01-25,67102.108900000007
1962-01-26,66896.374200000006
1962-01-29,66680.859800000006
1962-01-30,66954.304699999993
1962-01-31,67618.918300000005
1962-02-01,68039.046600000001
1962-02-02,68586.300700000007
1962-02-05,68664.154200000004
1962-02-06,68751.786200000002
1962-02-07,69211.021099999998
1962-02-08,69376.884600000005
1962-02-09,69288.496299999999
1962-02-12,69278.335200000001
1962-02-13,69277.9568
1962-02-14,69258.021599999993
1962-02-15,69580.343200000003
1962-02-16,69443.062699999995
1962-02-19,69276.446899999995
1962-02-20,69530.309599999993
1962-02-21,69207.232600000003
1962-02-23,69060.175099999993
1962-02-26,68678.429699999993
1962-02-27,68814.948799999998
1962-02-28,68892.800000000003
1962-03-01,69136.880000000005
1962-03-02,69107.165399999998
1962-03-05,68969.887000000002
1962-03-06,68754.388200000001
1962-03-07,68675.781700000007
1962-03-08,69174.092399999994
1962-03-09,69408.388399999996
1962-03-12,69398.2304
1962-03-13,69603.190100000007
1962-03-14,69915.705700000006
1962-03-15,70071.775200000004
1962-03-16,69958.211500000005
1962-03-19,69876.867700000003
1962-03-20,69696.911999999997
1962-03-21,69556.405100000004
1962-03-22,69455.339699999997
1962-03-23,69512.058999999994
1962-03-26,68967.233399999997
1962-03-27,68787.279999999999
1962-03-28,69129.978700000007
1962-03-29,69107.811700000006
1962-03-30,68661.607799999998
1962-04-02,68491.520099999994
1962-04-03,67946.707500000004
1962-04-04,67638.569000000003
1962-04-05,68060.157699999996
1962-04-06,67998.550300000003
1962-04-09,67483.334799999997
1962-04-10,67737.282000000007
1962-04-11,67596.785099999994
1962-04-12,66913.941699999996
1962-04-13,67108.722800000003
1962-04-16,66820.316800000001
1962-04-17,67123.566900000005
1962-04-18,67495.838900000002
1962-04-19,67818.805600000007
1962-04-23,67767.058399999994
1962-04-24,67705.449999999997
1962-04-25,66973.322199999995
1962-04-26,66329.941900000005
1962-04-27,65597.823499999999
1962-04-30,64560.037700000001
1962-05-01,65021.052499999998
1962-05-02,65314.4352
1962-05-03,65854.329100000003
1962-05-04,65575.807100000005
1962-05-07,65366.304400000001
1962-05-08,64535.606
1962-05-09,63645.752
1962-05-10,62972.832799999996
1962-05-11,62073.134599999998
1962-05-14,62524.284599999999
1962-05-15,63705.080499999996
1962-05-16,63692.794199999997
1962-05-17,63364.985999999997
1962-05-18,63263.9637
1962-05-21,63044.619500000001
1962-05-22,61819.563199999997
1962-05-23,60614.2379
1962-05-24,60138.5524
1962-05-25,59012.1227
1962-05-28,55105.242899999997
1962-05-29,57656.524400000002
1962-05-31,59192.234799999998
1962-06-01,58953.195200000002
1962-06-04,56880.2667
1962-06-05,57183.5118
1962-06-06,57999.452799999999
1962-06-07,58016.769899999999
1962-06-08,58073.524799999999
1962-06-11,57459.836900000002
1962-06-12,56008.099600000001
1962-06-13,55187.373500000002
1962-06-14,54041.295599999998
1962-06-15,55597.187299999998
1962-06-18,55454.336799999997
1962-06-19,55261.746500000001
1962-06-20,54512.094400000002
1962-06-21,53334.709000000003
1962-06-22,52435.860200000003
1962-06-25,52213.443099999997
1962-06-26,52090.5
1962-06-27,52375.3989
1962-06-28,54182.236299999997
1962-06-29,54526.8102
1962-07-02,55637.319100000001
1962-07-03,56270.354700000004
1962-07-05,56595.022100000002
1962-07-06,55964.760300000002
1962-07-09,56349.1103
1962-07-10,57002.028299999998
1962-07-11,57535.574500000002
1962-07-12,57840.3367
1962-07-13,57647.753499999999
1962-07-16,57654.106699999997
1962-07-17,56616.036099999998
1962-07-18,56045.479200000002
1962-07-19,56270.665099999998
1962-07-20,56664.9499
1962-07-23,56661.357900000003
1962-07-24,56230.0622
1962-07-25,56335.885499999997
1962-07-26,56650.589500000002
1962-07-27,57084.648800000003
1962-07-30,57717.636299999998
1962-07-31,58121.846400000002
1962-08-01,57650.768199999999
1962-08-02,57885.888200000001
1962-08-03,58031.488899999997
1962-08-06,57669.826699999998
1962-08-07,57288.2742
1962-08-08,57443.820099999997
1962-08-09,57509.852400000003
1962-08-10,57496.3128
1962-08-13,57582.237200000003
1962-08-14,58205.248399999997
1962-08-15,58619.388200000001
1962-08-16,58605.844700000001
1962-08-17,58980.194900000002
1962-08-20,59344.598100000003
1962-08-21,59102.296000000002
1962-08-22,59765.072099999998
1962-08-23,59691.851799999997
1962-08-24,59578.847800000003
1962-08-27,59555.3531
1962-08-28,58805.823400000001
1962-08-29,58682.876199999999
1962-08-30,58709.116499999996
1962-08-31,59153.071499999998
1962-09-04,58602.467199999999
1962-09-05,58171.208899999998
1962-09-06,58416.253400000001
1962-09-07,58442.494299999998
1962-09-10,58518.4614
1962-09-11,58664.0455
1962-09-12,58919.028299999998
1962-09-13,58786.141600000003
1962-09-14,58981.448799999998
1962-09-17,59176.758300000001
1962-09-18,59133.375599999999
1962-09-19,59060.162600000003
1962-09-20,58658.758399999999
1962-09-21,57810.1149
1962-09-24,56757.431499999999
1962-09-25,57097.640399999997
1962-09-26,56295.486299999997
1962-09-27,55924.225100000003
1962-09-28,56434.786699999997
1962-10-01,55662.7048
1962-10-02,56283.486799999999
1962-10-03,56353.138200000001
1962-10-04,56903.773500000003
1962-10-05,57284.054499999998
1962-10-08,57293.577299999997
1962-10-09,57433.366399999999
1962-10-10,57482.970999999998
1962-10-11,57302.104200000002
1962-10-12,57211.425300000003
1962-10-15,57541.596100000002
1962-10-16,57360.734900000003
1962-10-17,57179.871299999999
1962-10-18,56638.286999999997
1962-10-19,55896.303899999999
1962-10-22,55274.566200000001
1962-10-23,53811.154300000002
1962-10-24,55544.125599999999
1962-10-25,55032.616300000002
1962-10-26,54891.850599999998
1962-10-29,56083.727899999998
1962-10-30,56914.881399999998
1962-10-31,56904.3649
1962-11-01,57515.072999999997
1962-11-02,58155.838400000001
1962-11-05,58766.537300000004
1962-11-07,59136.762000000002
1962-11-08,58755.512499999997
1962-11-09,59225.928800000002
1962-11-12,60047.027900000001
1962-11-13,59926.284699999997
1962-11-14,60637.160300000003
1962-11-15,60456.301700000004
1962-11-16,60656.178699999997
1962-11-19,60325.029499999997
1962-11-20,60965.758000000002
1962-11-21,61335.960599999999
1962-11-23,62076.871500000001
1962-11-26,61906.0291
1962-11-27,62286.241499999996
1962-11-28,62686.489800000003
1962-11-29,62986.545700000002
1962-11-30,62845.758399999999
1962-12-03,62534.650600000001
1962-12-04,63245.481800000001
1962-12-05,63004.5072
1962-12-06,63555.029000000002
1962-12-07,63694.773099999999
1962-12-10,62912.781600000002
1962-12-11,62972.374900000003
1962-12-12,63292.457499999997
1962-12-13,63091.560100000002
1962-12-14,63251.341200000003
1962-12-17,63060.466200000003
1962-12-18,62769.408100000001
1962-12-19,63289.8577
1962-12-20,63539.798699999999
1962-12-21,63363.326200000003
1962-12-24,63364.2192
1962-12-26,63769.727400000003
1962-12-27,63689.693899999998
1962-12-28,63731.044199999997
1962-12-31,63883.6633
1963-01-02,63479.941500000001
1963-01-03,64532.820599999999
1963-01-04,64958.542300000001
1963-01-07,64959.433199999999
1963-01-08,65597.566900000005
1963-01-09,65456.837
1963-01-10,65589.218999999997
1963-01-11,65741.8266
1963-01-14,66106.846799999999
1963-01-15,66026.811900000001
1963-01-16,65592.749800000005
1963-01-17,66069.030599999998
1963-01-18,66130.603799999997
1963-01-21,66242.745800000004
1963-01-22,66415.580799999996
1963-01-23,66608.640599999999
1963-01-24,66751.122399999993
1963-01-25,66934.062600000005
1963-01-28,67268.722099999999
1963-01-29,67269.604200000002
1963-01-30,66896.238400000002
1963-01-31,67261.236399999994
1963-02-01,67383.487099999998
1963-02-04,67252.876499999998
1963-02-05,67203.183699999994
1963-02-06,67507.491599999994
1963-02-07,67285.849300000002
1963-02-08,67296.839999999997
1963-02-11,66893.151500000007
1963-02-12,66974.9427
1963-02-13,67309.586899999995
1963-02-14,67522.856499999994
1963-02-15,67594.535900000003
1963-02-18,67716.772500000006
1963-02-19,67404.113800000006
1963-02-20,67040.892200000002
1963-02-21,67142.905100000004
1963-02-25,66688.658299999996
1963-02-26,66709.766900000002
1963-02-27,66255.525099999999
1963-02-28,65538.3266
1963-03-01,65357.160000000003
1963-03-04,65995.209099999993
1963-03-05,66026.427899999995
1963-03-06,66148.6731
1963-03-07,66574.327799999999
1963-03-08,66656.1149
1963-03-11,66849.150500000003
1963-03-12,67021.953500000003
1963-03-13,67275.672099999996
1963-03-14,66973.141600000003
1963-03-15,67315.861600000004
1963-03-18,66996.997799999997
1963-03-19,66861.919699999999
1963-03-20,67359.865399999995
1963-03-21,67265.628200000006
1963-03-22,67620.636400000003
1963-03-25,67648.914000000004
1963-03-26,67850.767000000007
1963-03-27,68144.504100000006
1963-03-28,68050.265700000004
1963-03-29,68047.913
1963-04-01,68341.646099999998
1963-04-02,68339.292300000001
1963-04-03,68878.061499999996
1963-04-04,69386.191000000006
1963-04-05,69833.061199999996
1963-04-08,70085.942599999995
1963-04-09,70022.327300000004
1963-04-10,69866.830199999997
1963-04-11,70364.734800000006
1963-04-15,70699.288100000005
1963-04-16,70758.1875
1963-04-17,70541.4283
1963-04-18,70518.651100000003
1963-04-19,70873.621799999994
1963-04-22,70952.934800000003
1963-04-23,71195.591100000005
1963-04-24,71397.415699999998
1963-04-25,71446.099499999997
1963-04-26,71392.685500000007
1963-04-29,71349.490900000004
1963-04-30,71510.474700000006
1963-05-01,71691.871799999994
1963-05-02,71903.893299999996
1963-05-03,71768.812900000004
1963-05-06,71266.212400000004
1963-05-07,71182.1829
1963-05-08,71771.932499999995
1963-05-09,72126.872099999993
1963-05-10,72308.262199999997
1963-05-13,72275.276599999997
1963-05-14,72007.4807
1963-05-15,72239.915399999998
1963-05-16,72064.002999999997
1963-05-17,72112.681500000006
1963-05-20,71783.641499999998
1963-05-21,71975.238800000006
1963-05-22,71983.082299999995
1963-05-23,71950.091199999995
1963-05-24,71876.265899999999
1963-05-27,71730.991099999999
1963-05-28,71881.750799999994
1963-05-29,72216.258300000001
1963-05-31,72703.888000000006
1963-06-03,72599.437999999995
1963-06-04,72617.481499999994
1963-06-05,72451.786500000002
1963-06-06,72510.671400000007
1963-06-07,72344.978000000003
1963-06-10,71873.043300000005
1963-06-11,71972.7546
1963-06-12,72368.503100000002
1963-06-13,72192.602799999993
1963-06-14,72220.857199999999
1963-06-17,71922.462400000004
1963-06-18,72001.7595
1963-06-19,72081.056100000002
1963-06-20,72007.243100000007
1963-06-21,72257.997900000002
1963-06-24,72213.801600000006
1963-06-25,72056.469100000002
1963-06-26,71415.705799999996
1963-06-27,71073.2264
1963-06-28,71389.040299999993
1963-07-01,70871.709499999997
1963-07-02,71496.085200000001
1963-07-03,71997.034499999994
1963-07-05,72292.264800000004
1963-07-08,71805.7935
1963-07-09,72121.597599999994
1963-07-10,71974.551099999997
1963-07-11,71848.080900000001
1963-07-12,71731.891199999998
1963-07-15,71286.573300000004
1963-07-16,71232.103499999997
1963-07-17,71023.354300000006
1963-07-18,70578.044099999999
1963-07-19,70441.294599999994
1963-07-22,69985.710399999996
1963-07-23,70003.241699999999
1963-07-24,70391.026500000007
1963-07-25,70377.702399999995
1963-07-26,70672.922099999996
1963-07-29,70813.864400000006
1963-07-30,71407.342499999999
1963-07-31,71301.447199999995
1963-08-01,71246.979800000001
1963-08-02,71490.771599999993
1963-08-05,71919.679099999994
1963-08-06,72400.0098
1963-08-07,72191.267900000006
1963-08-08,72260.208400000003
1963-08-09,72740.540299999993
1963-08-12,72860.896099999998
1963-08-13,73073.823399999994
1963-08-14,73369.018599999996
1963-08-15,73695.063599999994
1963-08-16,73815.421900000001
1963-08-19,73771.233999999997
1963-08-20,73716.752200000003
1963-08-21,73631.426999999996
1963-08-22,73895.762199999997
1963-08-23,74129.244000000006
1963-08-26,74290.735499999995
1963-08-27,73896.875400000004
1963-08-28,74438.879700000005
1963-08-29,74569.517300000007
1963-08-30,74926.395099999994
1963-09-03,75098.166700000002
1963-09-04,75084.818499999994
1963-09-05,75462.262400000007
1963-09-06,75304.939899999998
1963-09-09,75044.789999999994
1963-09-10,75473.644
1963-09-11,75696.823499999999
1963-09-12,75652.631399999998
1963-09-13,75680.416899999997
1963-09-16,75584.804000000004
1963-09-17,75643.446899999995
1963-09-18,75321.596099999995
1963-09-19,75760.723400000003
1963-09-20,75846.113899999997
1963-09-23,75505.422900000005
1963-09-24,75868.360100000005
1963-09-25,75455.240900000004
1963-09-26,74824.833700000003
1963-09-27,74691.100300000006
1963-09-30,74257.299299999999
1963-10-01,74806.482900000003
1963-10-02,74900.388099999996
1963-10-03,75459.906499999997
1963-10-04,75491.7212
1963-10-07,75347.639200000005
1963-10-08,75255.296000000002
1963-10-09,74511.102299999999
1963-10-10,74863.669899999994
1963-10-11,74947.223499999993
1963-10-14,74989.396299999993
1963-10-15,75103.987699999998
1963-10-16,75704.874100000001
1963-10-17,76016.051000000007
1963-10-18,76089.249800000005
1963-10-21,76162.448099999994
1963-10-22,75739.016300000003
1963-10-23,75791.525899999993
1963-10-24,76092.347899999993
1963-10-25,76858.761400000003
1963-10-28,77356.161099999998
1963-10-29,77346.580300000001
1963-10-30,76674.844400000002
1963-10-31,76903.233900000007
1963-11-01,76728.119399999996
1963-11-04,76346.077600000004
1963-11-06,75695.044399999999
1963-11-07,75964.819499999998
1963-11-08,76286.326100000006
1963-11-11,76462.978600000002
1963-11-12,76174.070900000006
1963-11-13,76247.264500000005
1963-11-14,75906.619200000001
1963-11-15,75296.989199999996
1963-11-18,74770.132400000002
1963-11-19,74853.678100000005
1963-11-20,75547.619500000001
1963-11-21,74586.249200000006
1963-11-22,72517.890100000004
1963-11-26,75394.764200000005
1963-11-27,75271.397100000002
1963-11-29,76296.3897
1963-12-02,76752.367199999993
1963-12-03,76722.101999999999
1963-12-04,76919.438200000004
1963-12-05,77427.130699999994
1963-12-06,77148.576400000005
1963-12-09,77118.310100000002
1963-12-10,77160.460800000001
1963-12-11,77078.473100000003
1963-12-12,77099.936700000006
1963-12-13,77266.224100000007
1963-12-16,77525.628599999996
1963-12-17,77991.922200000001
1963-12-18,77889.238400000002
1963-12-19,77662.419999999998
1963-12-20,77543.199500000002
1963-12-23,77063.768800000005
1963-12-24,77242.020799999998
1963-12-26,77618.611499999999
1963-12-27,77755.102400000003
1963-12-30,77891.584300000002
1963-12-31,78382.999299999996
1964-01-02,78822.220000000001
1964-01-03,78906.505900000004
1964-01-06,79095.179699999993
1964-01-07,79127.274000000005
1964-01-08,79462.089699999997
1964-01-09,79765.587499999994
1964-01-10,79735.040500000003
1964-01-13,79725.375700000004
1964-01-14,79882.727100000004
1964-01-15,80186.218900000007
1964-01-16,80103.482000000004
1964-01-17,80125.122700000007
1964-01-20,79979.757700000002
1964-01-21,80210.174799999993
1964-01-22,80649.357600000003
1964-01-23,80723.191600000006
1964-01-24,80755.278200000001
1964-01-27,80735.169299999994
1964-01-28,80767.247700000007
1964-01-29,80287.849700000006
1964-01-30,80372.124200000006
1964-01-31,80738.2353
1964-02-03,80676.373099999997
1964-02-04,80593.630499999999
1964-02-05,80469.142900000006
1964-02-06,80668.234800000006
1964-02-07,80940.391399999993
1964-02-10,80815.903900000005
1964-02-11,81119.370500000005
1964-02-12,81381.0821
1964-02-13,81340.0916
1964-02-14,81309.549400000004
1964-02-17,81299.871700000003
1964-02-18,81321.5141
1964-02-19,81416.220199999996
1964-02-20,81500.485700000005
1964-02-24,81574.310599999997
1964-02-25,81585.511700000003
1964-02-26,81795.029599999994
1964-02-27,81545.290999999997
1964-02-28,81744.367700000003
1964-03-02,81933.003200000006
1964-03-03,82205.138600000006
1964-03-04,82059.774600000004
1964-03-05,82060.534100000004
1964-03-06,82332.665999999997
1964-03-09,82364.742899999997
1964-03-10,82647.303199999995
1964-03-11,83034.239600000001
1964-03-12,83181.123000000007
1964-03-13,83254.937699999995
1964-03-16,83266.131999999998
1964-03-17,83465.193299999999
1964-03-18,83539.006099999999
1964-03-19,83466.709499999997
1964-03-20,83072.3992
1964-03-23,83092.505600000004
1964-03-24,82954.718500000003
1964-03-25,83164.294800000003
1964-03-26,83394.918099999995
1964-03-30,83351.861499999999
1964-03-31,83193.027100000007
1964-04-01,83476.272500000006
1964-04-02,83970.038100000005
1964-04-03,84232.238299999997
1964-04-06,84326.011799999993
1964-04-07,84040.864799999996
1964-04-08,84060.966700000004
1964-04-09,84017.908899999995
1964-04-10,84185.369000000006
1964-04-13,84110.7356
1964-04-14,84351.872700000007
1964-04-15,84466.698900000003
1964-04-16,84592.051999999996
1964-04-17,84970.020499999999
1964-04-20,84926.960399999996
1964-04-21,84978.633100000006
1964-04-22,84935.573300000004
1964-04-23,84829.364700000006
1964-04-24,84175.847599999994
1964-04-27,83764.410699999993
1964-04-28,84352.872499999998
1964-04-29,84151.937399999995
1964-04-30,83908.910399999993
1964-05-01,84665.761700000003
1964-05-04,84991.0861
1964-05-05,85432.175399999993
1964-05-06,85631.1924
1964-05-07,85735.487800000003
1964-05-08,85587.180200000003
1964-05-11,85491.500899999999
1964-05-12,85774.714900000006
1964-05-13,85584.308900000004
1964-05-14,85478.103799999997
1964-05-15,85740.260800000004
1964-05-18,85349.894799999995
1964-05-19,84917.432499999995
1964-05-20,85305.885999999999
1964-05-21,85610.138600000006
1964-05-22,85398.692899999995
1964-05-25,85229.339300000007
1964-05-26,85059.994999999995
1964-05-27,84932.7503
1964-05-28,85058.087499999994
1964-06-01,84794.023199999996
1964-06-02,84372.096000000005
1964-06-03,84160.660399999993
1964-06-04,83307.253200000006
1964-06-05,83685.170299999998
1964-06-08,83294.832599999994
1964-06-09,83830.608800000002
1964-06-10,84155.904599999994
1964-06-11,84470.671700000006
1964-06-12,84343.426500000001
1964-06-15,84742.383400000006
1964-06-16,85204.477700000003
1964-06-17,85645.516499999998
1964-06-18,85634.0386
1964-06-19,85744.169099999999
1964-06-22,85985.813099999999
1964-06-23,85633.846799999999
1964-06-24,85949.689199999993
1964-06-25,86117.1302
1964-06-26,86390.5677
1964-06-29,86589.804199999999
1964-06-30,86651.244000000006
1964-07-01,87274.464300000007
1964-07-02,87632.693499999994
1964-07-06,88043.922000000006
1964-07-07,88200.748800000001
1964-07-08,88209.179900000003
1964-07-09,88323.6054
1964-07-10,88480.429399999994
1964-07-13,88435.858399999997
1964-07-14,88179.301000000007
1964-07-15,88484.515499999994
1964-07-16,88810.931200000006
1964-07-17,89211.539799999999
1964-07-20,88933.779999999999
1964-07-21,88730.225200000001
1964-07-22,88717.450899999996
1964-07-23,88683.4899
1964-07-24,88670.715899999996
1964-07-27,88276.380300000004
1964-07-28,88041.027700000006
1964-07-29,88123.651899999997
1964-07-30,88312.264200000005
1964-07-31,88416.089399999997
1964-08-03,88233.737699999998
1964-08-04,87139.881099999999
1964-08-05,87286.097800000003
1964-08-06,86499.6198
1964-08-07,87059.197799999994
1964-08-10,86982.840500000006
1964-08-11,86970.081399999995
1964-08-12,87413.057400000005
1964-08-13,87675.863299999997
1964-08-14,87620.698499999999
1964-08-17,87639.731599999999
1964-08-18,87690.558799999999
1964-08-19,87614.201100000006
1964-08-20,87219.896099999998
1964-08-21,87366.105899999995
1964-08-24,87204.969599999997
1964-08-25,86715.281600000002
1964-08-26,86596.534899999999
1964-08-27,87007.700599999996
1964-08-28,87323.483300000007
1964-08-31,87162.350200000001
1964-09-01,87541.716100000005
1964-09-02,87687.920299999998
1964-09-03,87961.3027
1964-09-04,88181.697899999999
1964-09-08,88306.705700000006
1964-09-09,88505.897599999997
1964-09-10,88567.310599999997
1964-09-11,88946.661200000002
1964-09-14,88711.343299999993
1964-09-15,88486.619000000006
1964-09-16,88749.390199999994
1964-09-17,89340.692800000004
1964-09-18,89013.154399999999
1964-09-21,89430.602100000004
1964-09-22,89474.851299999995
1964-09-23,89508.443299999999
1964-09-24,89616.665399999998
1964-09-25,89852.841499999995
1964-09-28,89939.7399
1964-09-29,89909.348599999998
1964-09-30,89857.636199999994
1964-10-01,89763.273100000006
1964-10-02,90074.081000000006
1964-10-05,90491.509099999996
1964-10-06,90557.081999999995
1964-10-07,90580.004000000001
1964-10-08,90848.1541
1964-10-09,91052.331200000001
1964-10-12,91085.907500000001
1964-10-13,90799.623200000002
1964-10-14,90630.625199999995
1964-10-15,90067.128100000002
1964-10-16,90697.788
1964-10-19,90816.663100000005
1964-10-20,91095.468399999998
1964-10-21,91022.426000000007
1964-10-22,90864.095100000006
1964-10-23,91089.584600000002
1964-10-26,90952.574699999997
1964-10-27,90964.830000000002
1964-10-28,90646.574099999998
1964-10-29,90701.478199999998
1964-10-30,90852.332899999994
1964-11-02,91205.759600000005
1964-11-04,91175.366500000004
1964-11-05,91208.948300000004
1964-11-06,91295.832399999999
1964-11-09,91265.439199999993
1964-11-10,90904.536999999997
1964-11-11,91172.670800000007
1964-11-12,91302.200100000002
1964-11-13,91335.772500000006
1964-11-16,91817.123500000002
1964-11-17,92234.498000000007
1964-11-18,92449.312699999995
1964-11-19,92418.916100000002
1964-11-20,92537.7745
1964-11-23,92251.514800000004
1964-11-24,91975.920499999993
1964-11-25,91679.001799999998
1964-11-27,91392.748500000002
1964-11-30,90616.089200000002
1964-12-01,89700.855599999995
1964-12-02,89968.971699999995
1964-12-03,90396.998999999996
1964-12-04,90590.485700000005
1964-12-07,90581.423200000005
1964-12-08,90241.875100000005
1964-12-09,89678.457599999994
1964-12-10,89680.053400000004
1964-12-11,89916.190400000007
1964-12-14,89704.570500000002
1964-12-15,89471.643100000001
1964-12-16,89835.697899999999
1964-12-17,90221.067200000005
1964-12-18,90647.020499999999
1964-12-21,90756.201799999995
1964-12-22,90714.833100000003
1964-12-23,90533.656199999998
1964-12-24,90546.054099999994
1964-12-28,90472.417700000005
1964-12-29,90205.209900000002
1964-12-30,90744.558000000005
1964-12-31,91240.877200000003
1965-01-04,90694.074999999997
1965-01-05,91136.618300000002
1965-01-06,91428.614199999996
1965-01-07,91838.899699999994
1965-01-08,91969.583700000003
1965-01-11,92014.235400000005
1965-01-12,92252.4522
1965-01-13,92512.170899999997
1965-01-14,92524.560700000002
1965-01-15,92934.832899999994
1965-01-18,93248.316600000006
1965-01-19,93411.250799999994
1965-01-20,93391.378299999997
1965-01-21,93317.7359
1965-01-22,93566.696299999996
1965-01-25,93708.123900000006
1965-01-26,93806.536600000007
1965-01-27,94130.764299999995
1965-01-28,94411.9761
1965-01-29,94510.376799999998
1965-02-01,94544.2693
1965-02-02,94524.393200000006
1965-02-03,94622.792400000006
1965-02-04,94570.6587
1965-02-05,94281.960300000006
1965-02-08,93928.741299999994
1965-02-09,94252.957599999994
1965-02-10,93426.624899999995
1965-02-11,92449.760899999994
1965-02-12,93139.566699999996
1965-02-15,93044.428199999995
1965-02-16,92626.708799999993
1965-02-17,92746.621199999994
1965-02-18,93060.086800000005
1965-02-19,93244.508900000001
1965-02-23,93719.250499999995
1965-02-24,94301.510999999999
1965-02-25,94346.148499999996
1965-02-26,94605.837299999999
1965-03-01,94424.676300000006
1965-03-02,94598.342799999999
1965-03-03,94460.192999999999
1965-03-04,94171.514500000005
1965-03-05,93990.357799999998
1965-03-08,94034.995299999995
1965-03-09,93896.849700000006
1965-03-10,93747.950700000001
1965-03-11,94147.405599999998
1965-03-12,94493.094500000007
1965-03-15,94537.729399999997
1965-03-16,94431.838600000003
1965-03-17,94325.948699999994
1965-03-18,94112.543600000005
1965-03-19,94151.234700000001
1965-03-22,94151.281000000003
1965-03-23,94270.580400000006
1965-03-24,94454.9274
1965-03-25,94194.763399999996
1965-03-26,93511.7736
1965-03-29,93338.350900000005
1965-03-30,93533.542499999996
1965-03-31,93501.067500000005
1965-04-01,93685.413199999995
1965-04-02,93923.968500000003
1965-04-05,93934.851200000005
1965-04-06,93913.210800000001
1965-04-07,93978.304000000004
1965-04-08,94520.412299999996
1965-04-09,95095.039300000004
1965-04-12,95517.892500000002
1965-04-13,95637.180099999998
1965-04-14,95864.877399999998
1965-04-15,95778.185800000007
1965-04-19,96179.343200000003
1965-04-20,96136.008199999997
1965-04-21,95973.429399999994
1965-04-22,96504.668600000005
1965-04-23,96623.949399999998
1965-04-26,96645.664699999994
1965-04-27,96819.151800000007
1965-04-28,96786.658599999995
1965-04-29,96721.644400000005
1965-04-30,96927.650299999994
1965-05-03,97068.612899999993
1965-05-04,97383.021299999993
1965-05-05,97610.700200000007
1965-05-06,97849.220199999996
1965-05-07,97784.203500000003
1965-05-10,97589.106100000005
1965-05-11,97480.727899999998
1965-05-12,97914.373500000002
1965-05-13,98282.967600000004
1965-05-14,98109.5484
1965-05-17,97513.357999999993
1965-05-18,97437.501699999993
1965-05-19,97676.014299999995
1965-05-20,97155.713399999993
1965-05-21,96700.454899999997
1965-05-24,95995.873000000007
1965-05-25,96559.593500000003
1965-05-26,96245.268299999996
1965-05-27,95757.493000000002
1965-05-28,96397.087499999994
1965-06-01,96733.160499999998
1965-06-02,94977.123800000001
1965-06-03,94782.049400000004
1965-06-04,95020.562099999996
1965-06-07,94782.120699999999
1965-06-08,93763.227700000003
1965-06-09,92809.377900000007
1965-06-10,92484.236600000004
1965-06-11,92917.866599999994
1965-06-14,91725.558999999994
1965-06-15,92256.740300000005
1965-06-16,93037.229300000006
1965-06-17,93633.444000000003
1965-06-18,93201.499800000005
1965-06-21,92894.351299999995
1965-06-22,93078.645399999994
1965-06-23,92498.463300000003
1965-06-24,91295.784700000004
1965-06-25,90759.298899999994
1965-06-28,89174.402900000001
1965-06-29,90068.579199999993
1965-06-30,91945.624200000006
1965-07-01,92348.339399999997
1965-07-02,93100.517800000001
1965-07-06,92924.416899999997
1965-07-07,92584.512799999997
1965-07-08,93380.365699999995
1965-07-09,93739.384300000005
1965-07-12,93727.103099999993
1965-07-13,93627.446899999995
1965-07-14,93942.785699999993
1965-07-15,93788.531900000002
1965-07-16,93765.327900000004
1965-07-19,93709.3557
1965-07-20,92539.517300000007
1965-07-21,92024.897899999996
1965-07-22,91794.212499999994
1965-07-23,92044.022700000001
1965-07-26,92031.748300000007
1965-07-27,91844.747099999993
1965-07-28,92029.027799999996
1965-07-29,92748.397700000001
1965-07-30,93380.399799999999
1965-08-02,93575.595100000006
1965-08-03,93628.832299999995
1965-08-04,93998.748000000007
1965-08-05,94008.302599999995
1965-08-06,94323.611600000004
1965-08-09,94103.850099999996
1965-08-10,94124.326300000001
1965-08-11,94417.787200000006
1965-08-12,94700.332200000004
1965-08-13,95135.749400000001
1965-08-16,95254.502200000003
1965-08-17,95449.682400000005
1965-08-18,95404.630300000004
1965-08-19,95195.793099999995
1965-08-20,95096.150099999999
1965-08-23,94963.742800000007
1965-08-24,95137.085300000006
1965-08-25,95255.826700000005
1965-08-26,95625.714099999997
1965-08-27,95700.774799999999
1965-08-30,95721.244000000006
1965-08-31,95687.113899999997
1965-09-01,95696.661500000002
1965-09-02,96230.328099999999
1965-09-03,96687.549499999994
1965-09-07,97024.666200000007
1965-09-08,97361.780400000003
1965-09-09,97622.451799999995
1965-09-10,97883.129499999995
1965-09-13,98176.552100000001
1965-09-14,97803.934299999994
1965-09-15,98348.489700000006
1965-09-16,98903.962100000004
1965-09-17,98940.422099999996
1965-09-20,98987.055699999997
1965-09-21,98704.068700000003
1965-09-22,99168.221600000004
1965-09-23,98786.355599999995
1965-09-24,98975.818599999999
1965-09-27,99681.682199999996
1965-09-28,99453.636299999998
1965-09-29,99016.8367
1965-09-30,98964.590200000006
1965-10-01,98912.343999999997
1965-10-04,99123.780700000003
1965-10-05,99741.722800000003
1965-10-06,99656.515400000004
1965-10-07,99593.278399999996
1965-10-08,100024.4399
1965-10-11,100609.4192
1965-10-12,100601.1073
1965-10-13,100603.78449999999
1965-10-14,100452.65919999999
1965-10-15,100675.0634
1965-10-18,101018.326
1965-10-19,101163.8302
1965-10-20,101155.5165
1965-10-21,101344.9654
1965-10-22,101402.5745
1965-10-25,101075.6578
1965-10-26,101671.5892
1965-10-27,102025.8275
1965-10-28,101709.90059999999
1965-10-29,101954.2686
1965-11-01,101759.1998
1965-11-03,101860.7424
1965-11-04,102039.19409999999
1965-11-05,101953.9847
1965-11-08,101813.8432
1965-11-09,101497.9253
1965-11-10,101401.7308
1965-11-11,101722.99249999999
1965-11-12,102220.0273
1965-11-15,102321.56510000001
1965-11-16,102093.54670000001
1965-11-17,102315.9264
1965-11-18,101912.137
1965-11-19,101947.7641
1965-11-22,101302.2975
1965-11-23,101469.7547
1965-11-24,101659.18610000001
1965-11-26,101771.7107
1965-11-29,101532.7135
1965-11-30,101337.65180000001
1965-12-01,101230.4754
1965-12-02,100925.5662
1965-12-03,101005.1373
1965-12-06,100271.81329999999
1965-12-07,101164.2861
1965-12-08,101057.11229999999
1965-12-09,101378.3524
1965-12-10,101655.6578
1965-12-13,101702.2711
1965-12-14,101770.85000000001
1965-12-15,101938.296
1965-12-16,102061.8091
1965-12-17,102024.6594
1965-12-20,101561.8204
1965-12-21,101974.3028
1965-12-22,102298.1406
1965-12-23,102200.94379999999
1965-12-27,101472.189
1965-12-28,101496.8744
1965-12-29,101820.7092
1965-12-30,102266.4191
1965-12-31,102534.8553
1966-01-03,102271.46369999999
1966-01-04,102373.70239999999
1966-01-05,103040.9911
1966-01-06,103287.25659999999
1966-01-07,103389.4904
1966-01-10,103613.5977
1966-01-11,103715.8294
1966-01-12,103485.67690000001
1966-01-13,103687.618
1966-01-14,103856.3211
1966-01-17,104169.04979999999
1966-01-18,104382.0675
1966-01-19,104107.60769999999
1966-01-20,103755.5883
1966-01-21,103891.05220000001
1966-01-24,104170.53909999999
1966-01-25,104339.23609999999
1966-01-26,104186.6419
1966-01-27,104166.99860000001
1966-01-28,103781.7516
1966-01-31,103318.95630000001
1966-02-01,102534.88800000001
1966-02-02,102958.39290000001
1966-02-03,103104.9363
1966-02-04,103794.3291
1966-02-07,104173.5092
1966-02-08,104142.79399999999
1966-02-09,104721.38340000001
1966-02-10,104480.1728
1966-02-11,104471.6014
1966-02-14,104174.99830000001
1966-02-15,103789.7686
1966-02-16,103792.28909999999
1966-02-17,103251.9688
1966-02-18,102988.60799999999
1966-02-21,102403.9811
1966-02-23,101985.53230000001
1966-02-24,101345.5197
1966-02-25,101636.07249999999
1966-02-28,101738.29889999999
1966-03-01,100466.8508
1966-03-02,99472.368799999997
1966-03-03,99840.468999999997
1966-03-04,99599.281799999997
1966-03-07,98283.557100000005
1966-03-08,98452.257700000002
1966-03-09,99329.930099999998
1966-03-10,99343.538700000005
1966-03-11,99235.292499999996
1966-03-14,98141.142300000007
1966-03-15,97600.877699999997
1966-03-16,98179.447899999999
1966-03-17,98536.459300000002
1966-03-18,98946.210300000006
1966-03-21,99707.151199999993
1966-03-22,100009.853
1966-03-23,99653.135200000004
1966-03-24,99844.072100000005
1966-03-25,100135.5912
1966-03-28,100237.1119
1966-03-29,99858.041100000002
1966-03-30,99322.514500000005
1966-03-31,99837.561000000002
1966-04-01,100643.1787
1966-04-04,101571.7288
1966-04-05,102198.51210000001
1966-04-06,102490.01360000001
1966-04-07,102725.6379
1966-04-11,102771.26210000001
1966-04-12,102403.3729
1966-04-13,102516.0592
1966-04-14,102896.96309999999
1966-04-15,103043.1643
1966-04-18,102597.0579
1966-04-19,102597.9777
1966-04-20,103180.0383
1966-04-21,103572.102
1966-04-22,103416.56020000001
1966-04-25,103216.3247
1966-04-26,103127.8358
1966-04-27,102882.89999999999
1966-04-28,102190.93799999999
1966-04-29,102124.8095
1966-05-02,101958.1073
1966-05-03,100796.7953
1966-05-04,100294.8377
1966-05-05,98675.360499999995
1966-05-06,98586.891300000003
1966-05-09,96900.384600000005
1966-05-10,97761.813599999994
1966-05-11,97941.556500000006
1966-05-12,96836.168699999995
1966-05-13,95998.986300000004
1966-05-16,94826.567299999995
1966-05-17,93967.044200000004
1966-05-18,95644.232799999998
1966-05-19,95544.600699999995
1966-05-20,96014.893599999996
1966-05-23,96887.465400000001
1966-05-24,97536.540299999993
1966-05-25,97883.898700000005
1966-05-26,97896.013000000006
1966-05-27,98198.668099999995
1966-05-31,96869.833499999993
1966-06-01,96848.429399999994
1966-06-02,96704.105899999995
1966-06-03,96827.9666
1966-06-06,96124.926600000006
1966-06-07,95477.767000000007
1966-06-08,95601.630799999999
1966-06-09,96250.683699999994
1966-06-10,97313.179699999993
1966-06-13,97761.086500000005
1966-06-14,98041.376600000003
1966-06-15,97673.575800000006
1966-06-16,97395.1633
1966-06-17,97446.102899999998
1966-06-20,97423.255999999994
1966-06-21,97693.269700000004
1966-06-22,97861.908899999995
1966-06-23,97478.612500000003
1966-06-24,97579.670199999993
1966-06-27,97027.417100000006
1966-06-28,96576.5389
1966-06-29,95675.117199999993
1966-06-30,95550.8989
1966-07-01,96541.800099999993
1966-07-05,96789.284299999999
1966-07-06,98196.924100000004
1966-07-07,98568.301000000007
1966-07-08,98838.306800000006
1966-07-11,98669.0242
1966-07-12,98037.943400000004
1966-07-13,97395.610000000001
1966-07-14,97992.247900000002
1966-07-15,98296.039600000004
1966-07-18,98205.605200000005
1966-07-19,97473.172500000001
1966-07-20,96560.528999999995
1966-07-21,96582.732499999998
1966-07-22,96469.791899999997
1966-07-25,94701.162299999996
1966-07-26,94565.690100000007
1966-07-27,95027.167400000006
1966-07-28,94666.438299999994
1966-07-29,94485.923500000004
1966-08-01,93043.960200000001
1966-08-02,93077.450100000002
1966-08-03,94011.961200000005
1966-08-04,94901.413100000005
1966-08-05,94991.204199999993
1966-08-08,94720.588499999998
1966-08-09,94438.709700000007
1966-08-10,94021.687099999996
1966-08-11,93931.274799999999
1966-08-12,94111.170299999998
1966-08-15,93637.837700000004
1966-08-16,92398.661600000007
1966-08-17,91902.817999999999
1966-08-18,90765.023499999996
1966-08-19,90167.824399999998
1966-08-22,88624.593599999993
1966-08-23,88489.162899999996
1966-08-24,89581.308499999999
1966-08-25,88454.800099999993
1966-08-26,86607.534400000004
1966-08-29,84501.242800000007
1966-08-30,86010.084799999997
1966-08-31,87417.553199999995
1966-09-01,88104.247499999998
1966-09-02,87799.892600000006
1966-09-06,87292.826199999996
1966-09-07,86639.363100000002
1966-09-08,86289.968999999997
1966-09-09,86571.231700000004
1966-09-12,88406.610700000005
1966-09-13,88879.309299999994
1966-09-14,89802.470199999996
1966-09-15,90883.294099999999
1966-09-16,90786.2932
1966-09-19,90346.104099999997
1966-09-20,89735.680399999997
1966-09-21,88239.983600000007
1966-09-22,88514.838000000003
1966-09-23,88222.204899999997
1966-09-26,88451.658299999996
1966-09-27,88737.851999999999
1966-09-28,87628.071400000001
1966-09-29,86733.931200000006
1966-09-30,87031.479800000001
1966-10-03,85161.318599999999
1966-10-04,85402.121299999999
1966-10-05,84950.629400000005
1966-10-06,84238.106599999999
1966-10-07,83287.2503
1966-10-10,84810.506099999999
1966-10-11,85255.596900000004
1966-10-12,87686.747199999998
1966-10-13,87530.323000000004
1966-10-14,87215.016099999993
1966-10-17,88216.1826
1966-10-18,89603.197100000005
1966-10-19,88902.032000000007
1966-10-20,88677.507899999997
1966-10-21,89088.526299999998
1966-10-24,89363.346099999995
1966-10-25,89921.887600000002
1966-10-26,90707.392399999997
1966-10-27,91458.847299999994
1966-10-28,91483.986399999994
1966-10-31,91452.388399999996
1966-11-01,92158.437399999995
1966-11-02,92251.669599999994
1966-11-03,91902.317899999995
1966-11-04,92199.819300000003
1966-11-07,92122.833899999998
1966-11-09,92874.252299999993
1966-11-10,93466.800600000002
1966-11-11,93537.333400000003
1966-11-14,92904.283599999995
1966-11-15,93281.210200000001
1966-11-16,94066.661399999997
1966-11-17,93433.616699999999
1966-11-18,92834.619000000006
1966-11-21,91520.706699999995
1966-11-22,91057.897400000002
1966-11-23,91684.474300000002
1966-11-25,92424.521800000002
1966-11-28,92279.447499999995
1966-11-29,91964.158100000001
1966-11-30,92011.993300000002
1966-12-01,91605.933699999994
1966-12-02,91676.460999999996
1966-12-05,91815.078399999999
1966-12-06,92509.715400000001
1966-12-07,93522.080700000006
1966-12-08,93910.3321
1966-12-09,94026.239700000006
1966-12-12,95015.888600000006
1966-12-13,94723.300000000003
1966-12-14,94634.954100000003
1966-12-15,93514.026199999993
1966-12-16,93453.319099999993
1966-12-19,93113.102899999998
1966-12-20,92772.898000000001
1966-12-21,93268.930200000003
1966-12-22,93638.958400000003
1966-12-23,93401.848400000003
1966-12-27,92878.360100000005
1966-12-28,92446.519100000005
1966-12-29,92186.5098
1966-12-30,92155.600600000005
1967-01-03,92227.782600000006
1967-01-04,92437.435899999997
1967-01-05,93655.111099999995
1967-01-06,94334.403999999995
1967-01-09,95070.960900000005
1967-01-10,95085.861900000004
1967-01-11,95856.782099999997
1967-01-12,96375.691099999996
1967-01-13,97100.772200000007
1967-01-16,96863.661600000007
1967-01-17,97943.834199999998
1967-01-18,98588.728499999997
1967-01-19,98637.978000000003
1967-01-20,98939.226999999999
1967-01-23,99320.654500000004
1967-01-24,99472.994699999996
1967-01-25,98731.887300000002
1967-01-26,98700.955499999996
1967-01-27,99116.748300000007
1967-01-30,99704.344299999997
1967-01-31,99661.952600000004
1967-02-01,99470.660600000003
1967-02-02,99829.170299999998
1967-02-03,100565.6542
1967-02-06,100374.361
1967-02-07,100125.7959
1967-02-08,101022.63340000001
1967-02-09,100625.17049999999
1967-02-10,100949.299
1967-02-13,100906.91280000001
1967-02-14,101597.5573
1967-02-15,101726.9676
1967-02-16,101272.2464
1967-02-17,101321.4819
1967-02-20,100775.13499999999
1967-02-21,100721.28569999999
1967-02-23,100862.15270000001
1967-02-24,100831.224
1967-02-27,99758.022800000006
1967-02-28,100139.4114
1967-03-01,101185.0917
1967-03-02,101749.72870000001
1967-03-03,101913.4914
1967-03-06,101710.75109999999
1967-03-07,101794.34970000001
1967-03-08,101935.1992
1967-03-09,102247.8541
1967-03-10,102675.03509999999
1967-03-13,102163.0692
1967-03-14,102086.3155
1967-03-15,103063.23480000001
1967-03-16,104108.8524
1967-03-17,104301.8475
1967-03-20,104256.5762
1967-03-21,104037.95819999999
1967-03-22,104339.399
1967-03-23,105149.3423
1967-03-27,105080.95879999999
1967-03-28,105139.70110000001
1967-03-29,104944.1934
1967-03-30,104922.03049999999
1967-03-31,104356.71279999999
1967-04-03,103259.7968
1967-04-04,103249.20819999999
1967-04-05,103920.44990000001
1967-04-06,104106.3168
1967-04-07,103448.55929999999
1967-04-10,102166.76089999999
1967-04-11,102918.89049999999
1967-04-12,102815.851
1967-04-13,103614.19869999999
1967-04-14,104747.6715
1967-04-17,105499.7803
1967-04-18,106425.227
1967-04-19,106530.18610000001
1967-04-20,106739.14449999999
1967-04-21,106971.21829999999
1967-04-24,107353.5145
1967-04-25,107932.2562
1967-04-26,107840.7513
1967-04-27,108766.16499999999
1967-04-28,109009.78509999999
1967-05-01,108825.8291
1967-05-02,108641.8833
1967-05-03,108931.7248
1967-05-04,109417.9984
1967-05-05,109569.1649
1967-05-08,109743.43730000001
1967-05-09,108623.49189999999
1967-05-10,108347.1054
1967-05-11,108821.82309999999
1967-05-12,108522.3311
1967-05-15,107645.0674
1967-05-16,108154.4467
1967-05-17,107750.95909999999
1967-05-18,107474.5821
1967-05-19,106955.5505
1967-05-22,106505.8505
1967-05-23,106009.9415
1967-05-24,104809.17170000001
1967-05-25,105988.7377
1967-05-26,105758.5943
1967-05-29,105204.9088
1967-05-31,103588.1946
1967-06-01,104929.51360000001
1967-06-02,104433.61470000001
1967-06-05,102874.68979999999
1967-06-06,104967.05039999999
1967-06-07,105765.2763
1967-06-08,106343.9566
1967-06-09,106541.3312
1967-06-12,107108.4562
1967-06-13,107791.1195
1967-06-14,107549.4227
1967-06-15,107665.90979999999
1967-06-16,107729.753
1967-06-19,107706.49000000001
1967-06-20,107683.2273
1967-06-21,107368.92230000001
1967-06-22,107112.83869999999
1967-06-23,107159.423
1967-06-26,106752.0007
1967-06-27,106367.86870000001
1967-06-28,106391.1681
1967-06-29,105867.3443
1967-06-30,105634.5502
1967-07-03,105960.5291
1967-07-05,106496.0341
1967-07-06,106461.1335
1967-07-07,106903.5125
1967-07-10,107334.2448
1967-07-11,107846.45909999999
1967-07-12,107764.9899
1967-07-13,107799.92630000001
1967-07-14,108184.08530000001
1967-07-17,108207.3857
1967-07-18,109092.08440000001
1967-07-19,109278.34759999999
1967-07-20,109522.80650000001
1967-07-21,109755.6295
1967-07-24,109406.43180000001
1967-07-25,108847.7015
1967-07-26,109813.8596
1967-07-27,110163.0787
1967-07-28,110337.69040000001
1967-07-31,110651.9859
1967-08-01,111385.3239
1967-08-02,111874.2071
1967-08-03,111746.17539999999
1967-08-04,111955.6964
1967-08-07,111676.3403
1967-08-08,111816.02340000001
1967-08-09,111932.42080000001
1967-08-10,111653.068
1967-08-11,111222.4035
1967-08-14,110640.4201
1967-08-15,110803.38
1967-08-16,110558.96189999999
1967-08-17,110663.7193
1967-08-18,110849.9613
1967-08-21,110244.7151
1967-08-22,109662.7485
1967-08-23,109523.08990000001
1967-08-24,108929.48850000001
1967-08-25,108487.20849999999
1967-08-28,108429.03049999999
1967-08-29,108720.0249
1967-08-30,108952.82640000001
1967-08-31,109627.9109
1967-09-01,109686.1188
1967-09-05,110314.6382
1967-09-06,110535.7887
1967-09-07,110477.60460000001
1967-09-08,110524.167
1967-09-11,110745.31419999999
1967-09-12,111280.7049
1967-09-13,112456.22960000001
1967-09-14,112712.28200000001
1967-09-15,112798.9057
1967-09-18,113117.72440000001
1967-09-19,112710.0904
1967-09-20,112677.39810000001
1967-09-21,113418.0192
1967-09-22,113725.1115
1967-09-25,114430.56540000001
1967-09-26,113472.25810000001
1967-09-27,113521.5796
1967-09-28,113535.7524
1967-09-29,113456.1906
1967-10-02,113013.421
1967-10-03,113414.2405
1967-10-04,113170.6511
1967-10-05,113466.0151
1967-10-06,114171.45510000001
1967-10-09,114478.5319
1967-10-10,113707.7065
1967-10-11,113171.2248
1967-10-12,112458.99430000001
1967-10-13,112766.0729
1967-10-16,111901.5439
1967-10-17,111622.82180000001
1967-10-18,111929.89999999999
1967-10-19,112154.96490000001
1967-10-20,112110.55899999999
1967-10-23,111632.6732
1967-10-24,111014.19839999999
1967-10-25,111145.5352
1967-10-26,111651.78200000001
1967-10-27,111689.3881
1967-10-30,111504.4032
1967-10-31,109772.96490000001
1967-11-01,109095.92969999999
1967-11-02,108676.64169999999
1967-11-03,108034.7696
1967-11-06,107697.50509999999
1967-11-08,107313.3716
1967-11-09,107854.7512
1967-11-10,108595.29300000001
1967-11-13,108328.3199
1967-11-14,107663.0281
1967-11-15,108110.6841
1967-11-16,109108.9382
1967-11-17,109380.8579
1967-11-20,108024.3916
1967-11-21,109737.24770000001
1967-11-22,110395.7562
1967-11-24,110702.81020000001
1967-11-27,111033.2877
1967-11-28,111422.3401
1967-11-29,111413.0929
1967-11-30,110876.6793
1967-12-01,111476.592
1967-12-04,112193.6444
1967-12-05,112360.1146
1967-12-06,112854.5797
1967-12-07,112739.8924
1967-12-08,112625.20600000001
1967-12-11,112287.95329999999
1967-12-12,112173.2694
1967-12-13,112574.0094
1967-12-14,112740.47380000001
1967-12-15,112227.8003
1967-12-18,111936.9069
1967-12-19,111787.7352
1967-12-20,112418.0047
1967-12-21,112705.7813
1967-12-22,112509.36900000001
1967-12-26,112596.3928
1967-12-27,113380.1695
1967-12-28,113372.7029
1967-12-29,114073.8057
1968-01-02,113664.82369999999
1968-01-03,113161.36840000001
1968-01-04,112811.4427
1968-01-05,113512.5371
1968-01-08,114331.7159
1968-01-09,114206.1566
1968-01-10,114245.9243
1968-01-11,114380.17509999999
1968-01-12,114514.41590000001
1968-01-15,114176.29670000001
1968-01-16,113483.91899999999
1968-01-17,113287.5156
1968-01-18,113209.1998
1968-01-19,112847.4771
1968-01-22,111434.783
1968-01-23,111014.0318
1968-01-24,110451.5681
1968-01-25,110621.25229999999
1968-01-26,110814.5393
1968-01-29,110712.62179999999
1968-01-30,110185.60060000001
1968-01-31,109434.2209
1968-02-01,109828.2582
1968-02-02,109501.9853
1968-02-05,109045.8322
1968-02-06,109097.42720000001
1968-02-07,109302.5248
1968-02-08,107948.95729999999
1968-02-09,106737.0913
1968-02-13,105820.4353
1968-02-14,107100.0739
1968-02-15,107305.1841
1968-02-16,106919.8885
1968-02-19,107349.34110000001
1968-02-20,108463.6461
1968-02-21,108479.81939999999
1968-02-23,108082.7239
1968-02-26,107260.554
1968-02-27,107689.9973
1968-02-28,107174.8351
1968-02-29,106340.86780000001
1968-03-01,106061.861
1968-03-04,104672.952
1968-03-05,104452.99430000001
1968-03-06,106287.5187
1968-03-07,106114.77800000001
1968-03-08,106048.3088
1968-03-11,107363.2852
1968-03-12,107497.541
1968-03-13,107277.5687
1968-03-14,105274.731
1968-03-15,106213.7359
1968-03-18,106811.0947
1968-03-19,106109.09819999999
1968-03-20,106110.42969999999
1968-03-21,105348.8345
1968-03-22,105469.36350000001
1968-03-25,105375.3312
1968-03-26,106103.8055
1968-03-27,106987.24559999999
1968-03-28,106893.1995
1968-03-29,107657.4195
1968-04-01,110388.4921
1968-04-02,110592.44040000001
1968-04-03,111595.0474
1968-04-04,112049.3118
1968-04-05,111406.93399999999
1968-04-08,113398.8852
1968-04-10,114270.3458
1968-04-11,115308.67879999999
1968-04-15,115393.40579999999
1968-04-16,115442.38310000001
1968-04-17,115682.06359999999
1968-04-18,116017.1121
1968-04-19,114564.18580000001
1968-04-22,113945.65549999999
1968-04-23,115508.43060000001
1968-04-24,115879.223
1968-04-25,115534.8489
1968-04-26,116251.30590000001
1968-04-29,117170.39569999999
1968-04-30,116575.7044
1968-05-01,117196.8011
1968-05-02,117948.99770000001
1968-05-03,118045.6413
1968-05-06,117689.3373
1968-05-07,118358.09849999999
1968-05-08,118383.21829999999
1968-05-09,117776.61629999999
1968-05-10,117920.9271
1968-05-13,117564.6393
1968-05-14,117494.4075
1968-05-15,117448.0101
1968-05-16,116901.0212
1968-05-17,116079.9077
1968-05-20,115556.7617
1968-05-21,116142.0748
1968-05-22,116453.2488
1968-05-23,116216.16220000001
1968-05-24,116443.9034
1968-05-27,116266.40609999999
1968-05-28,117030.4856
1968-05-29,117401.2375
1968-05-31,118320.2436
1968-06-03,119894.7503
1968-06-04,120372.7573
1968-06-05,119801.95140000001
1968-06-06,120720.93489999999
1968-06-07,121473.0478
1968-06-10,121653.0961
1968-06-11,121964.2343
1968-06-13,121488.77099999999
1968-06-14,121358.936
1968-06-17,120180.3201
1968-06-18,120026.6591
1968-06-20,121851.3789
1968-06-21,120836.88619999999
1968-06-24,120528.6936
1968-06-25,120172.4938
1968-06-27,120068.3872
1968-06-28,119604.14810000001
1968-07-01,119404.00810000001
1968-07-02,119828.08560000001
1968-07-03,121248.519
1968-07-08,122500.8753
1968-07-09,122864.9215
1968-07-11,123072.90640000001
1968-07-12,123028.8066
1968-07-15,122948.7059
1968-07-16,122292.4045
1968-07-18,121996.2371
1968-07-19,120835.7855
1968-07-22,119495.2933
1968-07-23,119367.1822
1968-07-25,117858.65459999999
1968-07-26,118354.7362
1968-07-29,117542.43489999999
1968-07-30,117666.4066
1968-08-01,117130.1897
1968-08-02,116365.908
1968-08-05,116645.933
1968-08-06,117142.0171
1968-08-08,116905.89350000001
1968-08-09,116885.8312
1968-08-12,118102.1015
1968-08-13,118742.2052
1968-08-15,118206.0003
1968-08-16,118954.13159999999
1968-08-19,119354.1673
1968-08-20,119322.0907
1968-08-22,119025.9474
1968-08-23,119029.8887
1968-08-26,119345.89840000001
1968-08-27,119205.7919
1968-08-29,119137.7096
1968-08-30,119297.6828
1968-09-03,119865.7424
1968-09-04,120721.85890000001
1968-09-05,121601.97930000001
1968-09-06,122170.0239
1968-09-09,122221.9645
1968-09-10,121637.7656
1968-09-12,121401.6336
1968-09-13,121825.6476
1968-09-16,122297.6597
1968-09-17,122625.6465
1968-09-19,122749.58560000001
1968-09-20,122839.2583
1968-09-23,123558.8749
1968-09-24,124000.57550000001
1968-09-26,123741.45110000001
1968-09-27,123699.81759999999
1968-09-30,124153.5984
1968-10-01,124401.965
1968-10-03,124855.7398
1968-10-04,125466.5871
1968-10-07,125473.2809
1968-10-08,125540.393
1968-10-10,125015.44560000001
1968-10-11,124901.3144
1968-10-14,125089.254
1968-10-15,125361.7711
1968-10-17,125960.5245
1968-10-18,126957.99430000001
1968-10-21,127182.1698
1968-10-22,126693.4762
1968-10-24,125830.2216
1968-10-25,126283.96890000001
1968-10-28,125940.2767
1968-10-29,125234.11169999999
1968-10-31,125385.7975
1968-11-01,124981.6881
1968-11-04,125048.79829999999
1968-11-06,125272.9733
1968-11-07,125569.6459
1968-11-08,126132.1152
1968-11-12,126960.39659999999
1968-11-13,127595.34570000001
1968-11-14,127698.689
1968-11-15,128418.213
1968-11-18,128606.1253
1968-11-19,128890.69319999999
1968-11-21,128704.06939999999
1968-11-22,129121.5349
1968-11-25,129357.7697
1968-11-26,130318.901
1968-11-27,130941.7412
1968-11-29,131697.47469999999
1968-12-02,131414.19010000001
1968-12-03,131312.1225
1968-12-05,130908.0288
1968-12-06,131240.90410000001
1968-12-09,130933.46679999999
1968-12-10,130626.0226
1968-12-12,130560.2114
1968-12-13,130893.083
1968-12-16,130331.93889999999
1968-12-17,129819.1338
1968-12-19,130212.40429999999
1968-12-20,129452.4924
1968-12-23,128094.1124
1968-12-24,127904.3885
1968-12-26,128055.5187
1968-12-27,127573.63009999999
1968-12-30,126446.5727
1968-12-31,126536.8367
1969-01-02,126639.27589999999
1969-01-03,126729.5386
1969-01-06,124896.46000000001
1969-01-07,123392.0632
1969-01-08,122898.0386
1969-01-09,123426.5408
1969-01-10,123090.7641
1969-01-13,122511.5364
1969-01-14,123368.696
1969-01-15,123982.4068
1969-01-16,124681.3124
1969-01-17,124515.95389999999
1969-01-20,124119.32309999999
1969-01-21,124063.5168
1969-01-22,124506.7987
1969-01-23,125071.7911
1969-01-24,125028.1569
1969-01-27,125069.7387
1969-01-28,125099.1453
1969-01-29,125238.098
1969-01-30,125304.019
1969-01-31,125881.17049999999
1969-02-03,125752.3294
1969-02-04,125806.07309999999
1969-02-05,126164.1183
1969-02-06,126595.1995
1969-02-07,126600.25019999999
1969-02-11,126763.5422
1969-02-12,126756.4178
1969-02-13,126871.0194
1969-02-14,126766.5273
1969-02-17,125359.6577
1969-02-18,124111.0276
1969-02-19,123215.38649999999
1969-02-20,122185.8636
1969-02-24,120754.6841
1969-02-25,120017.30160000001
1969-02-26,120606.603
1969-02-27,120246.5383
1969-02-28,120251.61259999999
1969-03-03,120573.1446
1969-03-04,121734.49709999999
1969-03-05,122226.41800000001
1969-03-06,121014.36350000001
1969-03-07,120970.7583
1969-03-10,121401.8172
1969-03-11,121820.7084
1969-03-12,121509.3366
1969-03-13,120723.2901
1969-03-14,120265.8701
1969-03-17,120587.38989999999
1969-03-18,120896.73390000001
1969-03-19,121790.2782
1969-03-20,122574.2741
1969-03-21,122325.3391
1969-03-24,122180.6177
1969-03-25,122391.958
1969-03-26,123303.1257
1969-03-27,124189.73510000001
1969-03-28,124708.00999999999
1969-04-01,124612.3851
1969-04-02,123841.4936
1969-04-03,123733.6017
1969-04-07,122778.5536
1969-04-08,123100.37880000001
1969-04-09,124195.681
1969-04-10,124861.2751
1969-04-11,124998.9259
1969-04-14,124915.5827
1969-04-15,124881.3505
1969-04-16,123791.2723
1969-04-17,123990.3149
1969-04-18,124569.94560000001
1969-04-21,123749.9794
1969-04-22,124034.95909999999
1969-04-23,124074.3996
1969-04-24,124666.2916
1969-04-25,125233.63860000001
1969-04-28,125629.0962
1969-04-29,126577.0151
1969-04-30,127696.8015
1969-05-01,127490.68640000001
1969-05-02,128107.1109
1969-05-05,128576.21679999999
1969-05-06,129192.6326
1969-05-07,128974.23579999999
1969-05-08,129516.9893
1969-05-09,129470.4724
1969-05-12,129288.9048
1969-05-13,129856.1997
1969-05-14,130877.7282
1969-05-15,130512.01089999999
1969-05-16,130637.35799999999
1969-05-19,129461.4189
1969-05-20,128334.59450000001
1969-05-21,128877.3321
1969-05-22,129051.7795
1969-05-23,129054.36199999999
1969-05-26,128786.8806
1969-05-27,127831.9422
1969-05-28,127466.258
1969-05-29,127726.63800000001
1969-06-02,127103.1663
1969-06-03,126737.47960000001
1969-06-04,126703.245
1969-06-05,126926.8078
1969-06-06,126156.0376
1969-06-09,125041.54949999999
1969-06-10,124098.9356
1969-06-11,122432.0802
1969-06-12,121477.2052
1969-06-13,121970.8331
1969-06-16,121580.6315
1969-06-17,121141.3305
1969-06-18,120984.3676
1969-06-19,120299.5719
1969-06-20,119601.3049
1969-06-23,119070.7377
1969-06-24,120433.09110000001
1969-06-25,120063.3576
1969-06-26,120374.08040000001
1969-06-27,120486.8548
1969-06-30,120970.7794
1969-07-01,121442.33530000001
1969-07-02,122520.10309999999
1969-07-03,123362.7966
1969-07-07,122659.0205
1969-07-08,120940.774
1969-07-09,120026.6972
1969-07-10,118184.7598
1969-07-11,118681.0526
1969-07-14,117185.5433
1969-07-15,116815.83070000001
1969-07-16,117992.5526
1969-07-17,118723.897
1969-07-18,117735.61840000001
1969-07-22,115980.3364
1969-07-23,115499.3085
1969-07-24,115117.2461
1969-07-25,114215.59329999999
1969-07-28,111940.769
1969-07-29,111051.518
1969-07-30,111622.0379
1969-07-31,113986.34149999999
1969-08-01,116028.9823
1969-08-04,115448.9903
1969-08-05,115982.3838
1969-08-06,116627.0959
1969-08-07,116727.49950000001
1969-08-08,116679.4607
1969-08-11,115975.7732
1969-08-12,115086.53079999999
1969-08-13,115186.9387
1969-08-14,115992.4611
1969-08-15,116822.7236
1969-08-18,117541.6418
1969-08-19,118173.9627
1969-08-20,118187.7657
1969-08-21,118547.93309999999
1969-08-22,119266.83409999999
1969-08-25,118055.99280000001
1969-08-26,117290.4843
1969-08-27,117539.31449999999
1969-08-28,118047.92080000001
1969-08-29,118828.6636
1969-09-02,118879.5719
1969-09-03,118200.6632
1969-09-04,117249.613
1969-09-05,116570.71550000001
1969-09-08,115421.7681
1969-09-09,116276.7181
1969-09-10,118232.5567
1969-09-11,117343.38529999999
1969-09-12,117245.85980000001
1969-09-15,118175.0134
1969-09-16,118287.7637
1969-09-17,118066.5533
1969-09-18,118253.5255
1969-09-19,118620.9482
1969-09-22,119185.0717
1969-09-23,119200.8939
1969-09-24,119054.7212
1969-09-25,118160.86079999999
1969-09-26,117416.5558
1969-09-29,116497.78999999999
1969-09-30,116152.24559999999
1969-10-01,115420.4013
1969-10-02,116333.43919999999
1969-10-03,116286.9719
1969-10-06,116539.55740000001
1969-10-07,116194.0193
1969-10-08,115686.4953
1969-10-09,116150.9224
1969-10-10,116827.178
1969-10-13,118076.6332
1969-10-14,119525.4366
1969-10-15,119566.1833
1969-10-16,120391.9472
1969-10-17,120270.6964
1969-10-20,120535.72070000001
1969-10-21,121473.61169999999
1969-10-22,122274.4394
1969-10-23,121829.2098
1969-10-24,122667.4097
1969-10-27,122496.3106
1969-10-28,122125.8532
1969-10-29,121082.53539999999
1969-10-30,121247.87450000001
1969-10-31,121500.4329
1969-11-03,121553.62330000001
1969-11-04,121644.192
1969-11-05,122195.7834
1969-11-06,122248.9706
1969-11-07,122999.9186
1969-11-10,123102.9431
1969-11-11,122794.79059999999
1969-11-12,122586.32090000001
1969-11-13,122016.51979999999
1969-11-14,121596.2424
1969-11-17,120789.72289999999
1969-11-18,120780.6122
1969-11-19,120185.9115
1969-11-20,118968.2411
1969-11-21,118248.9498
1969-11-24,116919.15640000001
1969-11-25,116561.2098
1969-11-26,116988.1885
1969-11-28,117676.81660000001
1969-12-01,116957.5531
1969-12-02,116263.2092
1969-12-03,115033.1284
1969-12-04,115422.7292
1969-12-05,115164.47199999999
1969-12-08,114071.4491
1969-12-09,113725.9868
1969-12-10,113654.61440000001
1969-12-11,113720.28079999999
1969-12-12,114097.42570000001
1969-12-15,113776.8818
1969-12-16,112771.1087
1969-12-17,112139.09669999999
1969-12-18,113911.60769999999
1969-12-19,114888.6591
1969-12-22,113900.61289999999
1969-12-23,113478.3365
1969-12-24,114690.4866
1969-12-26,115600.8907
1969-12-29,114814.0107
1969-12-30,115271.8006
1969-12-31,115867.88370000001
1970-01-02,117067.4368
1970-01-05,117663.50870000001
1970-01-06,116876.6357
1970-01-07,116655.51179999999
1970-01-08,116736.1271
1970-01-09,116401.86139999999
1970-01-12,115539.56630000001
1970-01-13,115833.906
1970-01-14,115512.22199999999
1970-01-15,115567.69100000001
1970-01-16,114629.9841
1970-01-19,113051.1305
1970-01-20,113295.1859
1970-01-21,113463.8028
1970-01-22,113594.7147
1970-01-23,112770.18210000001
1970-01-26,111279.356
1970-01-27,110605.6998
1970-01-28,109580.03999999999
1970-01-29,108214.9645
1970-01-30,107390.4581
1970-02-02,108325.952
1970-02-03,109625.99679999999
1970-02-04,108977.5001
1970-02-05,108567.86350000001
1970-02-06,109126.2016
1970-02-09,109998.81230000001
1970-02-10,108872.61900000001
1970-02-11,109946.3642
1970-02-12,109700.1502
1970-02-13,109479.0756
1970-02-16,109408.8561
1970-02-17,109300.92630000001
1970-02-18,110663.7714
1970-02-19,111083.8045
1970-02-20,111440.9773
1970-02-24,111408.462
1970-02-25,113135.826
1970-02-26,112587.9189
1970-02-27,113359.90820000001
1970-03-02,113641.6464
1970-03-03,114313.07030000001
1970-03-04,114091.9883
1970-03-05,114059.4639
1970-03-06,113373.29240000001
1970-03-09,112222.02619999999
1970-03-10,112541.4712
1970-03-11,112483.8172
1970-03-12,112049.0588
1970-03-13,111476.033
1970-03-16,110299.6599
1970-03-17,110795.08379999999
1970-03-18,111127.09940000001
1970-03-19,110994.0267
1970-03-20,110547.79640000001
1970-03-23,110474.067
1970-03-24,111746.31570000001
1970-03-25,114034.3628
1970-03-26,114239.9731
1970-03-30,113886.88009999999
1970-03-31,113902.02280000001
1970-04-01,114475.86289999999
1970-04-02,114135.4733
1970-04-03,113642.7126
1970-04-06,112857.9195
1970-04-07,112568.32090000001
1970-04-08,112545.37760000001
1970-04-09,112611.3153
1970-04-10,112258.2404
1970-04-13,111511.5573
1970-04-14,110574.4203
1970-04-15,110386.4258
1970-04-16,109322.3216
1970-04-17,109070.84420000001
1970-04-20,109289.16039999999
1970-04-21,108732.9516
1970-04-22,107338.7576
1970-04-23,105792.2182
1970-04-24,105464.57150000001
1970-04-27,103816.4746
1970-04-28,102320.74430000001
1970-04-29,104291.2135
1970-04-30,103938.1884
1970-05-01,103851.80190000001
1970-05-04,101238.8052
1970-05-05,100276.36139999999
1970-05-06,101396.1444
1970-05-07,101868.402
1970-05-08,101388.4327
1970-05-11,100337.12940000001
1970-05-12,99400.104999999996
1970-05-13,97739.406499999997
1970-05-14,96370.735499999995
1970-05-15,98239.566999999995
1970-05-18,98330.939400000003
1970-05-19,96441.741899999994
1970-05-20,93993.934800000003
1970-05-21,92282.5193
1970-05-22,92411.998600000006
1970-05-25,89888.062900000004
1970-05-26,88684.503899999996
1970-05-27,93117.831900000005
1970-05-28,95469.052800000005
1970-05-29,97947.210300000006
1970-06-01,99600.127299999993
1970-06-02,99615.320900000006
1970-06-03,100493.8055
1970-06-04,99036.333599999998
1970-06-05,97540.7785
1970-06-08,97708.326799999995
1970-06-09,97672.744999999995
1970-06-10,96710.418300000005
1970-06-11,95418.012100000007
1970-06-12,94709.599600000001
1970-06-15,95613.471699999995
1970-06-16,97621.7978
1970-06-17,97446.571599999996
1970-06-18,98109.2166
1970-06-19,98811.368199999997
1970-06-22,98299.933600000004
1970-06-23,95903.343500000003
1970-06-24,94904.606899999999
1970-06-25,94983.103400000007
1970-06-26,94292.163700000005
1970-06-29,93562.748800000001
1970-06-30,93359.129100000006
1970-07-01,93655.645399999994
1970-07-02,93644.377999999997
1970-07-06,92196.842199999999
1970-07-07,91505.928599999999
1970-07-08,93790.127999999997
1970-07-09,95163.826300000001
1970-07-10,95678.329500000007
1970-07-13,95820.951799999995
1970-07-14,95668.616299999994
1970-07-15,96721.708100000003
1970-07-16,98159.481499999994
1970-07-17,99905.023700000005
1970-07-20,100047.6177
1970-07-21,99023.290399999998
1970-07-22,99101.766199999998
1970-07-23,100359.9887
1970-07-24,100143.53049999999
1970-07-27,99939.899799999999
1970-07-28,100108.1324
1970-07-29,100468.7215
1970-07-30,100521.54829999999
1970-07-31,100510.26579999999
1970-08-03,99203.855599999995
1970-08-04,99436.215800000005
1970-08-05,99437.753299999997
1970-08-06,99323.890400000004
1970-08-07,99594.704500000007
1970-08-10,98224.214699999997
1970-08-11,97751.325500000006
1970-08-12,97252.789099999995
1970-08-13,96420.877699999997
1970-08-14,96973.793799999999
1970-08-17,97180.504199999996
1970-08-18,98310.417100000006
1970-08-19,99299.284700000004
1970-08-20,100442.00629999999
1970-08-21,102251.4819
1970-08-24,104509.71920000001
1970-08-25,104690.7567
1970-08-26,104820.4935
1970-08-27,104668.1522
1970-08-28,105682.61
1970-08-31,105260.9967
1970-09-01,104544.488
1970-09-02,104571.6554
1970-09-03,106034.86010000001
1970-09-04,106998.0153
1970-09-08,107281.6038
1970-09-09,106975.3941
1970-09-10,106361.4705
1970-09-11,106657.8726
1970-09-14,106095.2421
1970-09-15,105199.25440000001
1970-09-16,105764.9163
1970-09-17,106420.3233
1970-09-18,106854.7049
1970-09-21,105951.9017
1970-09-22,105902.69289999999
1970-09-23,105982.8241
1970-09-24,105674.95699999999
1970-09-25,107203.58689999999
1970-09-28,108615.81299999999
1970-09-29,108566.59510000001
1970-09-30,109151.09849999999
1970-10-01,109192.4088
1970-10-02,110294.2209
1970-10-05,112003.8576
1970-10-06,112510.7362
1970-10-07,112577.9042
1970-10-08,111377.6682
1970-10-09,110267.9788
1970-10-12,109106.55650000001
1970-10-13,108979.74679999999
1970-10-14,109163.32399999999
1970-10-15,109773.6614
1970-10-16,109310.6067
1970-10-19,107864.7075
1970-10-20,108513.83809999999
1970-10-21,108555.15850000001
1970-10-22,108208.5
1970-10-23,108728.3029
1970-10-26,108148.8787
1970-10-27,107918.6287
1970-10-28,108334.9688
1970-10-29,108259.8965
1970-10-30,108133.0961
1970-11-02,108484.7776
1970-11-03,109418.3821
1970-11-04,109653.6654
1970-11-05,109294.0912
1970-11-06,109464.72100000001
1970-11-09,110062.08409999999
1970-11-10,110232.7098
1970-11-11,110558.5056
1970-11-12,109435.985
1970-11-13,108442.7847
1970-11-16,108290.12059999999
1970-11-17,108602.9947
1970-11-18,107739.1191
1970-11-19,107909.74890000001
1970-11-20,108972.6195
1970-11-23,109660.4792
1970-11-24,110374.2015
1970-11-25,110790.50109999999
1970-11-27,111892.1461
1970-11-30,113549.8021
1970-12-01,113914.3705
1970-12-02,115235.8128
1970-12-03,115794.32550000001
1970-12-04,116533.86320000001
1970-12-07,117169.95759999999
1970-12-08,116577.63340000001
1970-12-09,116683.56510000001
1970-12-10,117190.33869999999
1970-12-11,117645.39539999999
1970-12-14,117066.0114
1970-12-15,116900.4031
1970-12-16,116993.3986
1970-12-17,117422.5831
1970-12-18,117665.54519999999
1970-12-21,117318.1544
1970-12-22,117466.3594
1970-12-23,117562.3943
1970-12-24,118245.3208
1970-12-28,118889.10830000001
1970-12-29,120198.0367
1970-12-30,120463.59940000001
1970-12-31,120324.8797
1971-01-04,119038.4869
1971-01-05,119903.9746
1971-01-06,120639.03200000001
1971-01-07,120695.9287
1971-01-08,120465.9207
1971-01-11,120209.826
1971-01-12,121192.6608
1971-01-13,121001.7659
1971-01-14,121332.53599999999
1971-01-15,121650.2496
1971-01-18,122163.59050000001
1971-01-19,122637.7959
1971-01-20,122681.6393
1971-01-21,123234.0922
1971-01-22,124151.6773
1971-01-25,124691.0768
1971-01-26,125113.09910000001
1971-01-27,124217.9996
1971-01-28,124653.064
1971-01-29,125544.54949999999
1971-02-01,126266.5027
1971-02-02,126297.2975
1971-02-03,126575.85679999999
1971-02-04,126580.57339999999
1971-02-05,127002.576
1971-02-08,127698.4237
1971-02-09,127794.4186
1971-02-10,127655.6759
1971-02-11,128351.52340000001
1971-02-12,129047.3557
1971-02-16,129365.02529999999
1971-02-17,128782.90790000001
1971-02-18,127966.0824
1971-02-19,126914.5414
1971-02-22,125602.212
1971-02-23,126102.43730000001
1971-02-24,126954.75229999999
1971-02-25,127272.4115
1971-02-26,127016.32279999999
1971-03-01,127360.0644
1971-03-02,127351.7353
1971-03-03,127330.3539
1971-03-04,128612.9452
1971-03-05,129986.8037
1971-03-08,130552.1974
1971-03-09,130674.2493
1971-03-10,130483.3566
1971-03-11,130618.44010000001
1971-03-12,130870.8817
1971-03-15,132375.09169999999
1971-03-16,133044.7801
1971-03-17,132945.15599999999
1971-03-18,133054.1538
1971-03-19,132826.40109999999
1971-03-22,132329.23269999999
1971-03-23,131897.81090000001
1971-03-24,131045.6115
1971-03-25,131048.13959999999
1971-03-26,131510.90270000001
1971-03-29,131631.78039999999
1971-03-30,131949.90220000001
1971-03-31,132031.3205
1971-04-01,132152.1949
1971-04-02,132391.4081
1971-04-05,132709.52230000001
1971-04-06,133671.94620000001
1971-04-07,134305.63200000001
1971-04-08,134479.08350000001
1971-04-12,135520.38159999999
1971-04-13,135667.5436
1971-04-14,136196.0177
1971-04-15,136408.90489999999
1971-04-16,136385.11929999999
1971-04-19,137084.52679999999
1971-04-20,136574.228
1971-04-21,136261.16690000001
1971-04-22,136539.79759999999
1971-04-23,137199.74960000001
1971-04-26,137070.76990000001
1971-04-27,137941.0772
1971-04-28,138193.40479999999
1971-04-29,138024.97889999999
1971-04-30,137146.53690000001
1971-05-03,136294.40400000001
1971-05-04,136967.48069999999
1971-05-05,136969.98620000001
1971-05-06,136262.4951
1971-05-07,135804.81820000001
1971-05-10,135149.92050000001
1971-05-11,135507.43719999999
1971-05-12,135891.24290000001
1971-05-13,135630.79639999999
1971-05-14,135015.35140000001
1971-05-17,133032.5379
1971-05-18,133232.27789999999
1971-05-19,133563.49249999999
1971-05-20,133894.7046
1971-05-21,133489.6458
1971-05-24,132374.61540000001
1971-05-25,131522.5515
1971-05-26,131695.992
1971-05-27,131461.87160000001
1971-05-28,131779.9338
1971-06-01,132545.01079999999
1971-06-02,133559.88519999999
1971-06-03,133641.29389999999
1971-06-04,134038.23360000001
1971-06-07,133777.7996
1971-06-08,132781.13959999999
1971-06-09,132757.3708
1971-06-10,133233.18700000001
1971-06-11,133814.17819999999
1971-06-14,132712.3548
1971-06-15,132859.49290000001
1971-06-16,133138.09659999999
1971-06-17,133127.47649999999
1971-06-18,131107.80919999999
1971-06-21,129665.1345
1971-06-22,129308.72870000001
1971-06-23,130409.5278
1971-06-24,130053.1219
1971-06-25,129882.1863
1971-06-28,129565.53449999999
1971-06-29,131010.72900000001
1971-06-30,130866.28109999999
1971-07-01,132311.45980000001
1971-07-02,132325.9731
1971-07-06,132313.99729999999
1971-07-07,132699.41589999999
1971-07-08,133111.3205
1971-07-09,133589.46900000001
1971-07-12,133776.17850000001
1971-07-13,132042.15059999999
1971-07-14,131685.766
1971-07-15,131779.75630000001
1971-07-16,131569.0858
1971-07-19,131345.1678
1971-07-20,131876.28640000001
1971-07-21,131837.81469999999
1971-07-22,131627.14720000001
1971-07-23,131416.48120000001
1971-07-26,130371.31020000001
1971-07-27,129908.9736
1971-07-28,128983.0347
1971-07-29,127606.7375
1971-07-30,127038.4575
1971-08-02,127556.3256
1971-08-03,125650.2279
1971-08-04,124843.5288
1971-08-05,125122.97749999999
1971-08-06,125349.4506
1971-08-09,124410.30839999999
1971-08-10,124438.09819999999
1971-08-11,125936.132
1971-08-12,127725.54459999999
1971-08-13,127329.4712
1971-08-16,131410.3046
1971-08-17,133053.9785
1971-08-18,131227.40640000001
1971-08-19,130659.14260000001
1971-08-20,130898.8242
1971-08-23,132131.8823
1971-08-24,133669.57029999999
1971-08-25,133697.3242
1971-08-26,133486.6593
1971-08-27,133819.04949999999
1971-08-30,132562.04569999999
1971-08-31,131927.5662
1971-09-01,131995.05850000001
1971-09-02,132300.95439999999
1971-09-03,134169.71049999999
1971-09-07,134793.46220000001
1971-09-08,135059.60219999999
1971-09-09,134358.91130000001
1971-09-10,133870.12059999999
1971-09-13,133421.07519999999
1971-09-14,132468.7433
1971-09-15,133052.7562
1971-09-16,132921.58689999999
1971-09-17,133327.83230000001
1971-09-20,132969.79829999999
1971-09-21,132531.7316
1971-09-22,131386.76509999999
1971-09-23,131282.1568
1971-09-24,130990.82950000001
1971-09-27,130299.3643
1971-09-28,130661.58289999999
1971-09-29,130703.70540000001
1971-09-30,131305.99900000001
1971-10-01,132108.36540000001
1971-10-04,132497.25270000001
1971-10-05,132379.3132
1971-10-06,133341.71030000001
1971-10-07,133623.88639999999
1971-10-08,132759.05179999999
1971-10-11,132574.4221
1971-10-12,133069.9999
1971-10-13,132365.21780000001
1971-10-14,131180.30040000001
1971-10-15,130742.2801
1971-10-18,130170.8839
1971-10-19,129719.53079999999
1971-10-20,127934.4795
1971-10-21,127883.2411
1971-10-22,127858.6826
1971-10-25,127247.29889999999
1971-10-26,126782.6257
1971-10-27,125531.0916
1971-10-28,125773.27250000001
1971-10-29,126148.82640000001
1971-11-01,124257.1468
1971-11-02,124779.3964
1971-11-03,127102.07980000001
1971-11-04,126957.49159999999
1971-11-05,126532.8409
1971-11-08,126454.9418
1971-11-09,126563.7509
1971-11-10,125178.9039
1971-11-11,123473.99099999999
1971-11-12,123489.4572
1971-11-15,123091.4969
1971-11-16,124307.2123
1971-11-17,124509.3787
1971-11-18,123564.6498
1971-11-19,122886.65240000001
1971-11-22,121808.58010000001
1971-11-23,120983.8996
1971-11-24,121226.0802
1971-11-26,123388.605
1971-11-29,125364.41529999999
1971-11-30,126153.3318
1971-12-01,128102.4503
1971-12-02,128651.311
1971-12-03,130293.68550000001
1971-12-06,129575.6835
1971-12-07,130071.19990000001
1971-12-08,130153.3109
1971-12-09,130222.0934
1971-12-10,131211.0085
1971-12-13,131599.82759999999
1971-12-14,131215.2046
1971-12-15,132390.79500000001
1971-12-16,134006.42449999999
1971-12-17,134712.2457
1971-12-20,136463.49799999999
1971-12-21,136817.3671
1971-12-22,136002.28140000001
1971-12-23,135429.0526
1971-12-27,135729.17600000001
1971-12-28,137090.74540000001
1971-12-29,137458.04440000001
1971-12-30,136898.25760000001
1971-12-31,137332.72779999999
1972-01-03,136786.38440000001
1972-01-04,137368.64619999999
1972-01-05,138689.87330000001
1972-01-06,139312.4394
1972-01-07,139276.64720000001
1972-01-10,139093.06299999999
1972-01-11,139554.3904
1972-01-12,139491.72089999999
1972-01-13,138703.54749999999
1972-01-14,139258.9185
1972-01-17,139693.36189999999
1972-01-18,140181.55470000001
1972-01-19,139971.09570000001
1972-01-20,139989.0442
1972-01-21,139697.9902
1972-01-24,138264.94820000001
1972-01-25,138457.5546
1972-01-26,138206.81299999999
1972-01-27,139568.26079999999
1972-01-28,140472.91750000001
1972-01-31,140195.29569999999
1972-02-01,140307.28580000001
1972-02-02,141225.35690000001
1972-02-03,141189.56
1972-02-04,141503.0667
1972-02-07,141091.1024
1972-02-08,141377.7323
1972-02-09,142483.8743
1972-02-10,142555.541
1972-02-11,141888.3328
1972-02-14,141247.9835
1972-02-15,141857.0374
1972-02-16,142667.60219999999
1972-02-17,142645.228
1972-02-18,142246.71040000001
1972-02-22,142278.0858
1972-02-23,142416.9253
1972-02-24,142528.90040000001
1972-02-25,143527.51860000001
1972-02-28,143558.88870000001
1972-02-29,144087.30350000001
1972-03-01,145153.0673
1972-03-02,145130.6949
1972-03-03,145981.5134
1972-03-06,147114.42019999999
1972-03-07,147266.68359999999
1972-03-08,147405.49919999999
1972-03-09,147396.55499999999
1972-03-10,146662.19459999999
1972-03-13,145269.6176
1972-03-14,145663.67499999999
1972-03-15,145869.66450000001
1972-03-16,145551.75760000001
1972-03-17,146129.06659999999
1972-03-20,145698.33230000001
1972-03-21,144495.8064
1972-03-22,144715.0147
1972-03-23,145963.30100000001
1972-03-24,145667.97459999999
1972-03-27,145386.204
1972-03-28,145226.2819
1972-03-29,144321.6593
1972-03-30,145299.11550000001
1972-04-03,145694.35260000001
1972-04-04,146577.01689999999
1972-04-05,147784.63020000001
1972-04-06,148518.34049999999
1972-04-07,148656.29930000001
1972-04-10,148442.20929999999
1972-04-11,148878.04329999999
1972-04-12,149462.80100000001
1972-04-13,149113.32639999999
1972-04-14,149034.6318
1972-04-17,148603.92749999999
1972-04-18,148972.04079999999
1972-04-19,148216.3861
1972-04-20,148015.85680000001
1972-04-21,147828.8609
1972-04-24,146897.2121
1972-04-25,145464.6151
1972-04-26,145169.3149
1972-04-27,145402.05249999999
1972-04-28,146257.57430000001
1972-05-01,144946.8578
1972-05-02,144137.08670000001
1972-05-03,144031.3412
1972-05-04,144399.46530000001
1972-05-05,144930.0459
1972-05-08,144282.75599999999
1972-05-09,142403.4423
1972-05-10,143340.18859999999
1972-05-11,143830.15100000001
1972-05-12,144672.11550000001
1972-05-15,145338.0766
1972-05-16,145083.41649999999
1972-05-17,145410.90030000001
1972-05-18,146848.53760000001
1972-05-19,148272.62299999999
1972-05-22,149249.9326
1972-05-23,149387.86170000001
1972-05-24,150121.47229999999
1972-05-25,150340.63279999999
1972-05-26,150627.48620000001
1972-05-30,150223.8855
1972-05-31,149129.85920000001
1972-06-01,149362.56090000001
1972-06-02,149432.80290000001
1972-06-05,148216.94620000001
1972-06-06,147407.23550000001
1972-06-07,146665.2236
1972-06-08,146180.4258
1972-06-09,145627.9497
1972-06-12,145847.11799999999
1972-06-13,146594.24650000001
1972-06-14,147747.48670000001
1972-06-15,147831.2727
1972-06-16,147728.9596
1972-06-19,147403.24369999999
1972-06-20,148031.84390000001
1972-06-21,148360.5208
1972-06-22,148225.66740000001
1972-06-23,147681.8222
1972-06-26,146619.94469999999
1972-06-27,146485.09940000001
1972-06-28,146023.06030000001
1972-06-29,145765.52849999999
1972-06-30,146216.89449999999
1972-07-03,146709.15349999999
1972-07-05,147555.85930000001
1972-07-06,148852.43539999999
1972-07-07,148390.40820000001
1972-07-10,147614.83360000001
1972-07-11,146552.98569999999
1972-07-12,145981.9111
1972-07-13,145165.45910000001
1972-07-14,145889.4632
1972-07-17,144650.41260000001
1972-07-18,144597.3817
1972-07-19,145035.0968
1972-07-20,144600.359
1972-07-21,145774.20970000001
1972-07-24,147506.94519999999
1972-07-25,147085.83790000001
1972-07-26,147005.5295
1972-07-27,146679.8492
1972-07-28,146831.27989999999
1972-07-31,146860.02929999999
1972-08-01,148251.94140000001
1972-08-02,149480.2605
1972-08-03,150654.04300000001
1972-08-04,151064.45740000001
1972-08-07,151324.9221
1972-08-08,151449.07320000001
1972-08-09,151695.90030000001
1972-08-10,151969.99400000001
1972-08-11,153211.89069999999
1972-08-14,154044.8596
1972-08-15,153392.01430000001
1972-08-16,152861.8694
1972-08-17,152440.75829999999
1972-08-18,153028.35980000001
1972-08-21,152988.92550000001
1972-08-22,153944.54930000001
1972-08-23,153755.1722
1972-08-24,152080.0379
1972-08-25,151618.05910000001
1972-08-28,151033.4129
1972-08-29,151293.8621
1972-08-30,151527.04240000001
1972-08-31,152250.92000000001
1972-09-01,152838.5001
1972-09-05,152471.94130000001
1972-09-06,151560.16899999999
1972-09-07,151220.8737
1972-09-08,151045.14780000001
1972-09-11,150187.91320000001
1972-09-12,148785.47700000001
1972-09-13,149386.67720000001
1972-09-14,149442.66899999999
1972-09-15,149283.86199999999
1972-09-18,149027.1134
1972-09-19,148962.44080000001
1972-09-20,149048.67430000001
1972-09-21,148833.0865
1972-09-22,148974.19899999999
1972-09-25,148347.03659999999
1972-09-26,148460.7157
1972-09-27,150591.1361
1972-09-28,151555.39420000001
1972-09-29,151847.4166
1972-10-02,151330.00049999999
1972-10-03,151539.6997
1972-10-04,151269.22169999999
1972-10-05,149640.57680000001
1972-10-06,150659.70420000001
1972-10-09,151061.46679999999
1972-10-10,151202.56460000001
1972-10-11,150547.9785
1972-10-12,149330.92319999999
1972-10-13,148415.69029999999
1972-10-16,146855.68580000001
1972-10-17,147874.79689999999
1972-10-18,148839.02489999999
1972-10-19,148664.60769999999
1972-10-20,150314.73740000001
1972-10-23,151855.11559999999
1972-10-24,152503.78779999999
1972-10-25,152397.95509999999
1972-10-26,152785.97039999999
1972-10-27,152296.02979999999
1972-10-30,152272.49410000001
1972-10-31,153648.22
1972-11-01,155161.10339999999
1972-11-02,155946.9344
1972-11-03,157322.6207
1972-11-06,157011.00270000001
1972-11-08,156164.38200000001
1972-11-09,156387.7634
1972-11-10,156720.88750000001
1972-11-13,156971.69579999999
1972-11-14,158429.64970000001
1972-11-15,157829.96679999999
1972-11-16,158711.77309999999
1972-11-17,159223.20559999999
1972-11-20,159295.6771
1972-11-21,160246.05900000001
1972-11-22,161210.15410000001
1972-11-24,161735.27929999999
1972-11-27,160998.4296
1972-11-28,160673.09409999999
1972-11-29,160759.26809999999
1972-11-30,160982.62049999999
1972-12-01,161974.12059999999
1972-12-04,162526.6709
1972-12-05,162283.64430000001
1972-12-06,162891.05790000001
1972-12-07,163717.93049999999
1972-12-08,164092.152
1972-12-11,164466.37059999999
1972-12-12,163852.98579999999
1972-12-13,163733.39360000001
1972-12-14,163312.04699999999
1972-12-15,163346.96849999999
1972-12-18,161488.27729999999
1972-12-19,160734.592
1972-12-20,160215.73149999999
1972-12-21,159075.3224
1972-12-22,160089.6404
1972-12-26,160758.64420000001
1972-12-27,161648.6329
1972-12-29,163215.41870000001
1973-01-02,164685.49789999999
1973-01-03,165354.47440000001
1973-01-04,165139.47810000001
1973-01-05,165808.4479
1973-01-08,165800.62160000001
1973-01-09,165654.68950000001
1973-01-10,165260.13510000001
1973-01-11,166398.68890000001
1973-01-12,165120.19709999999
1973-01-15,163952.20009999999
1973-01-16,163557.658
1973-01-17,164323.29399999999
1973-01-18,164577.8953
1973-01-19,164501.02299999999
1973-01-22,163733.58180000001
1973-01-23,163767.2065
1973-01-24,161729.13800000001
1973-01-26,161362.23240000001
1973-01-29,160774.36660000001
1973-01-30,160545.587
1973-01-31,160841.62640000001
1973-02-01,159107.4515
1973-02-02,158561.02369999999
1973-02-05,158415.1286
1973-02-06,158738.7885
1973-02-07,157667.57149999999
1973-02-08,156996.86550000001
1973-02-09,159115.9241
1973-02-12,161041.61850000001
1973-02-13,162055.80360000001
1973-02-14,159755.44459999999
1973-02-15,158877.58360000001
1973-02-16,159629.37390000001
1973-02-20,160229.23269999999
1973-02-21,159268.52110000001
1973-02-22,158943.08919999999
1973-02-23,157195.2058
1973-02-26,155875.44829999999
1973-02-27,154113.77660000001
1973-02-28,155210.80660000001
1973-03-01,154360.6183
1973-03-02,156079.0845
1973-03-05,156651.3211
1973-03-06,158632.15710000001
1973-03-07,159135.3265
1973-03-08,158851.34539999999
1973-03-09,158263.54029999999
1973-03-12,158380.03599999999
1973-03-13,159256.06460000001
1973-03-14,159966.36799999999
1973-03-15,158798.5699
1973-03-16,158000.13449999999
1973-03-19,156111.30840000001
1973-03-20,155822.81090000001
1973-03-21,153808.7709
1973-03-22,151530.34529999999
1973-03-23,151603.67689999999
1973-03-26,152957.2359
1973-03-27,155368.36559999999
1973-03-28,155469.5189
1973-03-29,157003.94459999999
1973-03-30,155365.66250000001
1973-04-02,153518.67199999999
1973-04-03,152228.29629999999
1973-04-04,151591.94570000001
1973-04-05,151261.73449999999
1973-04-06,152336.95180000001
1973-04-09,154553.19289999999
1973-04-10,156449.3683
1973-04-11,157121.02009999999
1973-04-12,156999.51949999999
1973-04-13,156321.42490000001
1973-04-16,155448.5294
1973-04-17,154770.44570000001
1973-04-18,155622.9779
1973-04-19,156517.24590000001
1973-04-23,155700.02230000001
1973-04-24,153519.17860000001
1973-04-25,151240.95050000001
1973-04-26,152023.9142
1973-04-27,149731.80220000001
1973-04-30,149387.70050000001
1973-05-01,149586.2561
1973-05-02,151454.51949999999
1973-05-03,153962.81820000001
1973-05-04,155065.77220000001
1973-05-07,154429.46340000001
1973-05-08,155448.927
1973-05-09,154339.5528
1973-05-10,153104.9566
1973-05-11,151216.41810000001
1973-05-14,148075.66260000001
1973-05-15,149025.55780000001
1973-05-16,148848.44209999999
1973-05-17,147655.62890000001
1973-05-18,145308.00690000001
1973-05-21,143753.4724
1973-05-22,144953.80859999999
1973-05-23,145653.25229999999
1973-05-24,149942.33910000001
1973-05-25,151073.07860000001
1973-05-29,150492.4749
1973-05-30,148284.0336
1973-05-31,146966.03890000001
1973-06-01,145564.58970000001
1973-06-04,144246.62580000001
1973-06-05,146559.96309999999
1973-06-06,146146.33780000001
1973-06-07,148292.6923
1973-06-08,149965.99950000001
1973-06-11,149524.54519999999
1973-06-12,151754.34659999999
1973-06-13,150812.03159999999
1973-06-14,149160.18729999999
1973-06-15,147345.76999999999
1973-06-18,145258.23569999999
1973-06-19,145820.40669999999
1973-06-20,146466.69760000001
1973-06-21,144757.70980000001
1973-06-22,145460.06789999999
1973-06-25,143442.6808
1973-06-26,144930.1244
1973-06-27,145394.14989999999
1973-06-28,146909.60870000001
1973-06-29,146322.1905
1973-07-02,144431.0043
1973-07-03,143002.46189999999
1973-07-05,142891.70389999999
1973-07-06,142206.1778
1973-07-09,143427.2199
1973-07-10,145377.22529999999
1973-07-11,148588.91519999999
1973-07-12,148183.74729999999
1973-07-13,146222.51329999999
1973-07-16,148452.85709999999
1973-07-17,148538.3512
1973-07-18,149436.9081
1973-07-19,149732.6764
1973-07-20,150575.14739999999
1973-07-23,151123.2286
1973-07-24,152007.7519
1973-07-25,154125.86739999999
1973-07-26,154435.6231
1973-07-27,154086.52350000001
1973-07-30,153625.29029999999
1973-07-31,152196.8149
1973-08-01,150263.70310000001
1973-08-02,150054.80129999999
1973-08-03,149817.8702
1973-08-06,150169.6961
1973-08-07,149932.76629999999
1973-08-08,148546.38829999999
1973-08-09,148645.88649999999
1973-08-10,147483.79949999999
1973-08-13,146013.34469999999
1973-08-14,144627.00229999999
1973-08-15,145062.93960000001
1973-08-16,144069.09580000001
1973-08-17,144112.53810000001
1973-08-20,143146.74590000001
1973-08-21,142152.92060000001
1973-08-22,141663.7213
1973-08-23,143613.5098
1973-08-24,143222.4277
1973-08-27,144359.19639999999
1973-08-28,145215.622
1973-08-29,146646.73910000001
1973-08-30,146451.88639999999
1973-08-31,146985.9143
1973-09-04,147365.75320000001
1973-09-05,147563.36550000001
1973-09-06,148293.6153
1973-09-07,147762.36499999999
1973-09-10,146502.25320000001
1973-09-11,145634.62119999999
1973-09-12,145425.75870000001
1973-09-13,145861.66020000001
1973-09-14,147390.8297
1973-09-17,146999.75529999999
1973-09-18,146482.5324
1973-09-19,149455.34520000001
1973-09-20,150704.16039999999
1973-09-21,151332.41880000001
1973-09-24,151578.62090000001
1973-09-25,152573.0086
1973-09-26,153694.43429999999
1973-09-27,154067.6697
1973-09-28,153170.40429999999
1973-10-01,152880.15849999999
1973-10-02,153719.2403
1973-10-03,153725.43890000001
1973-10-04,153223.45680000001
1973-10-05,155276.52439999999
1973-10-08,155833.2629
1973-10-09,155712.40169999999
1973-10-10,154448.14369999999
1973-10-11,157108.17050000001
1973-10-12,157622.5472
1973-10-15,155680.72159999999
1973-10-16,155898.65470000001
1973-10-17,155608.41159999999
1973-10-18,155685.18669999999
1973-10-19,156001.9276
1973-10-22,154525.9676
1973-10-23,155379.10389999999
1973-10-24,156133.4247
1973-10-25,156478.3964
1973-10-26,157740.86840000001
1973-10-29,157436.51939999999
1973-10-30,154887.8095
1973-10-31,153440.11859999999
1973-11-01,152613.51740000001
1973-11-02,151758.6857
1973-11-05,149591.14249999999
1973-11-06,148821.02710000001
1973-11-07,150027.0387
1973-11-08,151769.39980000001
1973-11-09,149361.94690000001
1973-11-12,148168.3903
1973-11-13,148075.80499999999
1973-11-14,145400.19649999999
1973-11-15,145392.31849999999
1973-11-16,147459.30179999999
1973-11-19,143005.27979999999
1973-11-20,140132.1373
1973-11-21,141705.1078
1973-11-23,141273.80300000001
1973-11-26,137257.41769999999
1973-11-27,136035.71669999999
1973-11-28,138808.4106
1973-11-29,138348.8884
1973-11-30,136463.83470000001
1973-12-03,133576.68609999999
1973-12-04,133159.52960000001
1973-12-05,131161.61199999999
1973-12-06,134371.78330000001
1973-12-07,137342.00589999999
1973-12-10,139394.78570000001
1973-12-11,136719.40169999999
1973-12-12,133253.6544
1973-12-13,131594.49900000001
1973-12-14,132899.25279999999
1973-12-17,132157.50380000001
1973-12-18,134986.51139999999
1973-12-19,135119.807
1973-12-20,134759.12959999999
1973-12-21,133332.0693
1973-12-24,132443.04860000001
1973-12-26,136514.4075
1973-12-27,139388.413
1973-12-28,139126.5527
1973-12-31,139164.02290000001
1974-01-02,139372.53090000001
1974-01-03,142417.53109999999
1974-01-04,141157.90160000001
1974-01-07,139998.0563
1974-01-08,137241.83050000001
1974-01-09,133416.6035
1974-01-10,131971.73629999999
1974-01-11,133805.16039999999
1974-01-14,133486.30540000001
1974-01-15,134664.0612
1974-01-16,136739.74590000001
1974-01-17,139086.2396
1974-01-18,136629.4031
1974-01-21,136424.5814
1974-01-22,138086.90100000001
1974-01-23,138851.2654
1974-01-24,138518.15590000001
1974-01-25,138270.5625
1974-01-28,137524.1256
1974-01-29,137433.3296
1974-01-30,138953.07250000001
1974-01-31,138277.9088
1974-02-01,136519.5515
1974-02-04,133649.51259999999
1974-02-05,133259.4215
1974-02-06,133653.22029999999
1974-02-07,133733.4626
1974-02-08,132374.21830000001
1974-02-11,130017.33100000001
1974-02-12,130439.6357
1974-02-13,130519.8888
1974-02-14,130500.3662
1974-02-15,132404.8775
1974-02-19,132214.342
1974-02-20,134118.8327
1974-02-21,135952.04550000001
1974-02-22,136944.3921
1974-02-25,136454.54560000001
1974-02-26,137860.18400000001
1974-02-27,138453.46739999999
1974-02-28,138220.1502
1974-03-01,137260.00219999999
1974-03-04,137283.2188
1974-03-05,139857.44639999999
1974-03-06,140821.2507
1974-03-07,139362.31229999999
1974-03-08,140582.62400000001
1974-03-11,142173.46189999999
1974-03-12,142581.44760000001
1974-03-13,143445.4553
1974-03-14,143340.3934
1974-03-15,142820.13620000001
1974-03-18,141068.91269999999
1974-03-19,139907.5036
1974-03-20,140414.81340000001
1974-03-21,140102.15040000001
1974-03-22,140019.66099999999
1974-03-25,140570.1299
1974-03-26,141034.27549999999
1974-03-27,139096.08989999999
1974-03-28,136568.13320000001
1974-03-29,135378.01060000001
1974-04-01,134346.12239999999
1974-04-02,134508.1991
1974-04-03,135936.1562
1974-04-04,135954.37899999999
1974-04-05,134073.80420000001
1974-04-08,132682.32089999999
1974-04-09,133534.87220000001
1974-04-10,133251.027
1974-04-11,132866.492
1974-04-15,132784.0344
1974-04-16,135118.17509999999
1974-04-17,136143.30780000001
1974-04-18,136765.67139999999
1974-04-19,135302.30439999999
1974-04-22,134788.30600000001
1974-04-23,132548.20730000001
1974-04-24,130394.4381
1974-04-25,129362.6345
1974-04-26,130258.3103
1974-04-29,130017.6404
1974-04-30,130481.7836
1974-05-01,133247.35829999999
1974-05-02,133078.5926
1974-05-03,131946.1268
1974-05-06,131719.8419
1974-05-07,132227.1195
1974-05-08,132504.26060000001
1974-05-09,134421.128
1974-05-10,132296.2108
1974-05-13,131149.38690000001
1974-05-14,131210.77420000001
1974-05-15,130883.8039
1974-05-16,129852.0674
1974-05-17,127698.4348
1974-05-20,127213.2761
1974-05-21,127303.44960000001
1974-05-22,126142.2775
1974-05-23,126448.20209999999
1974-05-24,128321.8656
1974-05-28,128038.07399999999
1974-05-29,125927.6517
1974-05-30,126722.5836
1974-05-31,126525.0943
1974-06-03,129161.005
1974-06-04,130675.04949999999
1974-06-05,130937.791
1974-06-06,133329.15489999999
1974-06-07,134195.95819999999
1974-06-10,135005.21299999999
1974-06-11,133844.07930000001
1974-06-12,133545.89319999999
1974-06-13,133966.8241
1974-06-14,132489.30729999999
1974-06-17,130695.3808
1974-06-18,129865.0681
1974-06-19,129006.0024
1974-06-20,128118.1838
1974-06-21,127040.81570000001
1974-06-24,127394.4054
1974-06-25,129287.6958
1974-06-26,127317.1884
1974-06-27,125448.3734
1974-06-28,125017.59239999999
1974-07-01,125066.1416
1974-07-02,122587.3089
1974-07-03,122534.1909
1974-07-05,121696.7248
1974-07-08,117983.27959999999
1974-07-09,118569.2959
1974-07-10,116424.592
1974-07-11,116298.88009999999
1974-07-12,121053.5289
1974-07-15,121988.1066
1974-07-16,120598.71610000001
1974-07-17,121910.9342
1974-07-18,122046.64840000001
1974-07-19,121717.57460000001
1974-07-22,122129.2475
1974-07-23,123368.8244
1974-07-24,123882.1587
1974-07-25,122434.7096
1974-07-26,120159.3737
1974-07-29,118058.3504
1974-07-30,117438.8091
1974-07-31,115729.9596
1974-08-01,114936.14939999999
1974-08-02,114723.2987
1974-08-05,115759.526
1974-08-06,117565.5022
1974-08-07,120678.629
1974-08-08,119129.5689
1974-08-09,118117.90459999999
1974-08-12,116525.2963
1974-08-13,114714.84269999999
1974-08-14,112178.2326
1974-08-15,111573.268
1974-08-16,110677.83100000001
1974-08-19,109099.80740000001
1974-08-20,109671.2533
1974-08-21,107599.4569
1974-08-22,106587.8704
1974-08-23,104792.0352
1974-08-26,105697.5267
1974-08-27,103945.2761
1974-08-28,103703.43979999999
1974-08-29,102604.74129999999
1974-08-30,105761.2913
1974-09-03,103413.622
1974-09-04,100775.5289
1974-09-05,103961.0907
1974-09-06,104779.41409999999
1974-09-09,102330.1364
1974-09-10,101652.6298
1974-09-11,100670.16650000001
1974-09-12,98017.606599999999
1974-09-13,95844.311100000006
1974-09-16,97403.303700000004
1974-09-17,99049.4041
1974-09-18,99562.765199999994
1974-09-19,103024.1272
1974-09-20,103112.49370000001
1974-09-23,102075.6296
1974-09-24,100039.1118
1974-09-25,99399.196100000001
1974-09-26,97789.028000000006
1974-09-27,95576.147800000006
1974-09-30,93539.685400000002
1974-10-01,93340.815700000006
1974-10-02,93347.7601
1974-10-03,91752.343200000003
1974-10-04,91862.196200000006
1974-10-07,95720.642900000006
1974-10-08,95580.571400000001
1974-10-09,99982.895999999993
1974-10-10,102900.4614
1974-10-11,104906.5898
1974-10-14,107280.2066
1974-10-15,105390.7931
1974-10-16,103780.68670000001
1974-10-17,105037.0805
1974-10-18,106690.3689
1974-10-21,108505.3441
1974-10-22,107983.03200000001
1974-10-23,104917.6744
1974-10-24,103748.601
1974-10-25,103623.209
1974-10-28,103600.70329999999
1974-10-29,107649.9826
1974-10-30,109847.0848
1974-10-31,109265.9935
1974-11-01,109258.1695
1974-11-04,108103.8129
1974-11-05,111109.3435
1974-11-06,110601.7454
1974-11-07,111299.4801
1974-11-08,110880.08719999999
1974-11-11,111254.43520000001
1974-11-12,109100.5551
1974-11-13,108651.7711
1974-11-14,108247.0852
1974-11-15,106578.31540000001
1974-11-18,102719.4249
1974-11-19,101168.2697
1974-11-20,100748.92750000001
1974-11-21,101182.0978
1974-11-22,102262.0036
1974-11-25,102180.7206
1974-11-26,103143.0246
1974-11-27,103855.4519
1974-11-29,103921.1447
1974-12-02,101208.868
1974-12-03,99848.843299999993
1974-12-04,100223.2213
1974-12-05,98363.469800000006
1974-12-06,96738.917499999996
1974-12-09,97627.718399999998
1974-12-10,100118.5917
1974-12-11,100713.4206
1974-12-12,100411.6777
1974-12-13,99874.7788
1974-12-16,98999.831900000005
1974-12-17,100667.58900000001
1974-12-18,101159.522
1974-12-19,100813.6923
1974-12-20,99729.909
1974-12-23,98338.040999999997
1974-12-24,99733.4274
1974-12-26,100592.2349
1974-12-27,100169.20110000001
1974-12-30,100223.13679999999
1974-12-31,102333.9194
1975-01-02,104847.1323
1975-01-03,105586.6531
1975-01-06,106147.3199
1975-01-07,106096.8893
1975-01-08,104660.3489
1975-01-09,106368.65210000001
1975-01-10,108538.9871
1975-01-13,108115.93919999999
1975-01-14,107201.06110000001
1975-01-15,107910.74739999999
1975-01-16,107800.7046
1975-01-17,106200.2377
1975-01-20,106403.1865
1975-01-21,105860.9212
1975-01-22,107435.03200000001
1975-01-23,107950.9547
1975-01-24,109331.2999
1975-01-27,112917.3912
1975-01-28,113925.1026
1975-01-29,115782.3278
1975-01-30,114241.50049999999
1975-01-31,115413.1473
1975-02-03,116689.0983
1975-02-04,116400.1822
1975-02-05,118421.29059999999
1975-02-06,117864.10920000001
1975-02-07,117992.4826
1975-02-10,117614.1501
1975-02-11,117966.0736
1975-02-12,119987.13830000001
1975-02-13,121635.62239999999
1975-02-14,122389.90360000001
1975-02-18,121564.46799999999
1975-02-19,122348.55590000001
1975-02-20,123520.1042
1975-02-21,124155.1532
1975-02-24,122420.65489999999
1975-02-25,119598.2683
1975-02-26,120874.1385
1975-02-27,121494.27069999999
1975-02-28,122740.3129
1975-03-03,124910.3028
1975-03-04,125724.1516
1975-03-05,126254.85739999999
1975-03-06,125965.928
1975-03-07,126898.98450000001
1975-03-10,127891.6327
1975-03-11,127036.4235
1975-03-12,125912.9715
1975-03-13,126160.52250000001
1975-03-14,127704.54670000001
1975-03-17,129591.29700000001
1975-03-18,128303.93090000001
1975-03-19,127150.6966
1975-03-20,126086.8891
1975-03-21,125772.7283
1975-03-24,122823.2059
1975-03-25,123810.21679999999
1975-03-26,126139.5491
1975-03-27,126553.4169
1975-03-31,125836.11320000001
1975-04-01,124771.9195
1975-04-02,124476.92570000001
1975-04-03,123111.1082
1975-04-04,122182.6694
1975-04-07,121405.06630000001
1975-04-08,122392.04919999999
1975-04-09,125203.9268
1975-04-10,126628.2614
1975-04-11,127268.34020000001
1975-04-14,129431.6556
1975-04-15,130509.0876
1975-04-16,130983.235
1975-04-17,131985.24100000001
1975-04-18,130574.20879999999
1975-04-21,131998.48610000001
1975-04-22,131809.03810000001
1975-04-23,130367.8649
1975-04-24,130268.91959999999
1975-04-25,131165.33799999999
1975-04-28,130598.8795
1975-04-29,129730.7972
1975-04-30,132255.95850000001
1975-05-01,133484.12710000001
1975-05-02,135194.88620000001
1975-05-05,136513.5275
1975-05-06,134363.57519999999
1975-05-07,135048.8222
1975-05-08,135794.37659999999
1975-05-09,137278.8836
1975-05-12,137421.21109999999
1975-05-13,138905.7009
1975-05-14,139967.91759999999
1975-05-15,138692.68520000001
1975-05-16,137236.48269999999
1975-05-19,137408.9632
1975-05-20,136736.95420000001
1975-05-21,135235.53690000001
1975-05-22,135754.87030000001
1975-05-23,137571.0845
1975-05-27,137230.83499999999
1975-05-28,136302.48310000001
1975-05-29,136278.9284
1975-05-30,138517.34640000001
1975-06-02,140695.42749999999
1975-06-03,141184.56099999999
1975-06-04,140768.9142
1975-06-05,140926.30239999999
1975-06-06,140631.29870000001
1975-06-09,138737.86439999999
1975-06-10,137598.42720000001
1975-06-11,137785.9786
1975-06-12,137098.9258
1975-06-13,137784.08420000001
1975-06-16,139223.2089
1975-06-17,137917.91959999999
1975-06-18,137653.08919999999
1975-06-19,140132.64309999999
1975-06-20,141044.47459999999
1975-06-23,142603.114
1975-06-24,143491.6232
1975-06-25,144166.90909999999
1975-06-26,144476.6672
1975-06-27,144497.0662
1975-06-30,145096.19949999999
1975-07-01,144598.7837
1975-07-02,143598.80559999999
1975-07-03,143893.3388
1975-07-07,142664.9271
1975-07-08,142456.88959999999
1975-07-09,144624.63430000001
1975-07-10,144660.2531
1975-07-11,144452.22210000001
1975-07-14,145279.76310000001
1975-07-15,145939.77710000001
1975-07-16,144437.26689999999
1975-07-17,142965.22089999999
1975-07-18,142330.78080000001
1975-07-21,141193.8021
1975-07-22,139706.55290000001
1975-07-23,137792.92360000001
1975-07-24,137645.82990000001
1975-07-25,136478.4222
1975-07-28,135585.13800000001
1975-07-29,134844.1433
1975-07-30,135839.1967
1975-07-31,135737.79639999999
1975-08-01,134600.8694
1975-08-04,133342.1335
1975-08-05,131961.5785
1975-08-06,132012.4736
1975-08-07,132109.0624
1975-08-08,131703.1103
1975-08-11,132530.64840000001
1975-08-12,133419.08180000001
1975-08-13,131688.3112
1975-08-14,131145.32199999999
1975-08-15,132323.08180000001
1975-08-18,132099.87479999999
1975-08-19,130216.861
1975-08-20,127602.9434
1975-08-21,127394.98729999999
1975-08-22,129257.9709
1975-08-25,130466.1609
1975-08-26,128811.6014
1975-08-27,129547.74129999999
1975-08-28,132567.9632
1975-08-29,133319.30230000001
1975-09-02,131207.94959999999
1975-09-03,132065.87729999999
1975-09-04,132345.1758
1975-09-05,131482.4614
1975-09-08,131914.02669999999
1975-09-09,129970.2037
1975-09-10,128757.2865
1975-09-11,128260.02529999999
1975-09-12,128052.0901
1975-09-15,127433.0196
1975-09-16,126250.5782
1975-09-17,126697.39320000001
1975-09-18,129291.11659999999
1975-09-19,132103.52650000001
1975-09-22,130879.34540000001
1975-09-23,130701.16899999999
1975-09-24,131953.5295
1975-09-25,131821.4951
1975-09-26,132689.30110000001
1975-09-29,130926.7595
1975-09-30,129164.2429
1975-10-01,127740.1324
1975-10-02,129130.91869999999
1975-10-03,132429.03690000001
1975-10-06,133881.32380000001
1975-10-07,133733.90109999999
1975-10-08,135555.34030000001
1975-10-09,136238.5197
1975-10-10,136014.17749999999
1975-10-13,137958.6306
1975-10-14,137703.52590000001
1975-10-15,137648.38829999999
1975-10-16,137885.48790000001
1975-10-17,137122.80239999999
1975-10-20,138621.15909999999
1975-10-21,139781.11790000001
1975-10-22,140033.59030000001
1975-10-23,140870.53520000001
1975-10-24,138723.5759
1975-10-27,138591.5269
1975-10-28,139812.98879999999
1975-10-29,138112.0901
1975-10-30,138010.80119999999
1975-10-31,137617.28829999999
1975-11-03,136177.88459999999
1975-11-04,136845.6434
1975-11-05,137851.75839999999
1975-11-06,138488.73850000001
1975-11-07,138172.12609999999
1975-11-10,138209.2568
1975-11-11,139046.1795
1975-11-12,141098.1219
1975-11-13,140889.16500000001
1975-11-14,140803.25320000001
1975-11-17,141578.62030000001
1975-11-18,140892.88829999999
1975-11-19,139345.8897
1975-11-20,138844.72219999999
1975-11-21,138697.299
1975-11-24,138980.508
1975-11-25,140555.61480000001
1975-11-26,140931.1005
1975-11-28,141414.22820000001
1975-12-01,140559.34179999999
1975-12-02,138520.24859999999
1975-12-03,135881.3634
1975-12-04,136272.2304
1975-12-05,134725.3131
1975-12-08,135131.56400000001
1975-12-09,135507.05869999999
1975-12-10,136728.3946
1975-12-11,136319.54550000001
1975-12-12,136387.44450000001
1975-12-15,136809.052
1975-12-16,138122.64610000001
1975-12-17,138482.739
1975-12-18,138935.098
1975-12-19,137970.20129999999
1975-12-22,136970.01319999999
1975-12-23,137911.9852
1975-12-24,139071.45629999999
1975-12-26,140324.1489
1975-12-29,140162.9638
1975-12-30,139628.89780000001
1975-12-31,140306.7188
1976-01-02,141435.09099999999
1976-01-05,144070.5184
1976-01-06,145571.74460000001
1976-01-07,146249.5215
1976-01-08,147253.57120000001
1976-01-09,147853.6495
1976-01-12,150022.91810000001
1976-01-13,148867.3756
1976-01-14,151316.26639999999
1976-01-15,150533.60639999999
1976-01-16,151164.7403
1976-01-19,153240.731
1976-01-20,154104.89360000001
1976-01-21,153166.8651
1976-01-22,152881.3633
1976-01-23,154724.27549999999
1976-01-26,155479.6691
1976-01-27,154557.18859999999
1976-01-28,153743.46479999999
1976-01-29,156223.31450000001
1976-01-30,157413.68659999999
1976-02-02,157454.42170000001
1976-02-03,157961.2144
1976-02-04,159120.50099999999
1976-02-05,156784.3051
1976-02-06,155364.71729999999
1976-02-09,155638.49069999999
1976-02-10,156984.18350000001
1976-02-11,157475.42809999999
1976-02-12,156692.80350000001
1976-02-13,155816.96660000001
1976-02-17,154879.0068
1976-02-18,156146.99780000001
1976-02-19,158595.644
1976-02-20,159692.7279
1976-02-23,158956.71489999999
1976-02-24,159634.3579
1976-02-25,159131.3725
1976-02-26,156702.0955
1976-02-27,156105.90979999999
1976-03-01,156612.67329999999
1976-03-02,157507.80480000001
1976-03-03,156600.94070000001
1976-03-04,154979.49619999999
1976-03-05,155299.85329999999
1976-03-08,157002.74739999999
1976-03-09,157633.77179999999
1976-03-10,158218.1912
1976-03-11,159719.1059
1976-03-12,158144.2978
1976-03-15,156522.9019
1976-03-16,158287.87789999999
1976-03-17,158219.86910000001
1976-03-18,157608.17189999999
1976-03-19,157827.59650000001
1976-03-22,158055.85939999999
1976-03-23,160480.95939999999
1976-03-24,162356.83660000001
1976-03-25,161486.6747
1976-03-26,161510.9351
1976-03-29,160844.7795
1976-03-30,160241.38389999999
1976-03-31,161458.18169999999
1976-04-01,160650.80600000001
1976-04-02,160690.76360000001
1976-04-05,162692.11600000001
1976-04-06,162481.00229999999
1976-04-07,160700.78589999999
1976-04-08,159265.78649999999
1976-04-09,157830.79790000001
1976-04-12,157619.70559999999
1976-04-13,158977.70749999999
1976-04-14,157840.85219999999
1976-04-15,158429.99069999999
1976-04-19,159662.44630000001
1976-04-20,161930.46419999999
1976-04-21,162660.78969999999
1976-04-22,162151.57430000001
1976-04-23,161093.1893
1976-04-26,161337.11309999999
1976-04-27,160467.02679999999
1976-04-28,160914.91959999999
1976-04-29,160939.17999999999
1976-04-30,160194.6286
1976-05-03,159089.20670000001
1976-05-04,159960.7341
1976-05-05,159074.97930000001
1976-05-06,159538.5724
1976-05-07,160692.49340000001
1976-05-10,162630.9051
1976-05-11,162419.8106
1976-05-12,162161.6507
1976-05-13,161228.85260000001
1976-05-14,159966.55929999999
1976-05-17,159598.58590000001
1976-05-18,159889.57879999999
1976-05-19,159788.3242
1976-05-20,161099.10759999999
1976-05-21,159962.367
1976-05-24,157131.20300000001
1976-05-25,157233.9142
1976-05-26,157022.8487
1976-05-27,157109.8792
1976-05-28,158389.27050000001
1976-06-01,157895.80290000001
1976-06-02,158500.5626
1976-06-03,158383.6249
1976-06-04,156870.40779999999
1976-06-07,156078.86550000001
1976-06-08,156369.85630000001
1976-06-09,156299.992
1976-06-10,157610.71950000001
1976-06-11,159768.61199999999
1976-06-14,161408.77040000001
1976-06-15,160664.30379999999
1976-06-16,161551.41880000001
1976-06-17,164085.77679999999
1976-06-18,164337.4944
1976-06-21,165184.53750000001
1976-06-22,163925.10649999999
1976-06-23,163600.12789999999
1976-06-24,164478.84710000001
1976-06-25,164391.4411
1976-06-28,163955.5993
1976-06-29,164660.08970000001
1976-06-30,165348.73360000001
1976-07-01,164279.38039999999
1976-07-02,165126.40729999999
1976-07-06,164247.1189
1976-07-07,164729.86989999999
1976-07-08,164990.89290000001
1976-07-09,166598.09570000001
1976-07-12,168078.58429999999
1976-07-13,167737.76519999999
1976-07-14,168204.65340000001
1976-07-15,167040.30600000001
1976-07-16,166240.2274
1976-07-19,165646.03289999999
1976-07-20,164766.77549999999
1976-07-21,164948.5999
1976-07-22,165146.26310000001
1976-07-23,165375.59330000001
1976-07-26,165414.8879
1976-07-27,164503.9797
1976-07-28,163846.45910000001
1976-07-29,163679.875
1976-07-30,164511.0037
1976-08-02,164138.54810000001
1976-08-03,165666.4644
1976-08-04,166149.17379999999
1976-08-05,165254.11439999999
1976-08-06,165182.5546
1976-08-09,164730.91759999999
1976-08-10,166211.30859999999
1976-08-11,165680.48579999999
1976-08-12,165957.32019999999
1976-08-13,166028.27710000001
1976-08-16,166336.7746
1976-08-17,166946.15489999999
1976-08-18,166589.53400000001
1976-08-19,164760.20370000001
1976-08-20,163168.42480000001
1976-08-23,162542.6195
1976-08-24,161473.42509999999
1976-08-25,162700.3934
1976-08-26,161599.54089999999
1976-08-27,161876.37909999999
1976-08-30,162834.1225
1976-08-31,164187.75229999999
1976-09-01,166032.24729999999
1976-09-02,165834.0056
1976-09-03,166459.19649999999
1976-09-07,167638.59419999999
1976-09-08,167519.52830000001
1976-09-09,166687.88529999999
1976-09-10,167107.2029
1976-09-13,166560.5944
1976-09-14,166029.82800000001
1976-09-15,166544.1476
1976-09-16,168293.56080000001
1976-09-17,169792.31169999999
1976-09-20,169900.23620000001
1976-09-21,172340.85690000001
1976-09-22,171777.71410000001
1976-09-23,170942.965
1976-09-24,170779.27410000001
1976-09-27,171558.21799999999
1976-09-28,169429.3389
1976-09-29,168578.6428
1976-09-30,168398.97070000001
1976-10-01,166717.47889999999
1976-10-04,166521.84700000001
1976-10-05,165271.755
1976-10-06,164884.40489999999
1976-10-07,165823.1238
1976-10-08,164285.45699999999
1976-10-11,162843.66930000001
1976-10-12,161545.67490000001
1976-10-13,163666.65640000001
1976-10-14,161665.7047
1976-10-15,161741.69260000001
1976-10-18,162712.3579
1976-10-19,162708.45540000001
1976-10-20,163199.82120000001
1976-10-21,161678.19570000001
1976-10-22,160412.2035
1976-10-25,160616.0048
1976-10-26,162225.67809999999
1976-10-27,163372.05110000001
1976-10-28,163160.46580000001
1976-10-29,165249.38750000001
1976-11-01,165596.94190000001
1976-11-03,163739.867
1976-11-04,164550.72829999999
1976-11-05,162038.67129999999
1976-11-08,160117.72779999999
1976-11-09,159698.48499999999
1976-11-10,158911.80850000001
1976-11-11,160265.82449999999
1976-11-12,159654.87950000001
1976-11-15,160737.30859999999
1976-11-16,160989.02040000001
1976-11-17,161927.65520000001
1976-11-18,164000.50140000001
1976-11-19,164076.4736
1976-11-22,165174.83199999999
1976-11-23,164196.47219999999
1976-11-24,164943.389
1976-11-26,166153.55369999999
1976-11-29,165047.40169999999
1976-11-30,164532.30710000001
1976-12-01,165183.35639999999
1976-12-02,164620.35620000001
1976-12-03,165670.7585
1976-12-06,166976.73499999999
1976-12-07,166892.95319999999
1976-12-08,167863.4718
1976-12-09,168578.39189999999
1976-12-10,168909.92110000001
1976-12-13,168826.13329999999
1976-12-14,169557.0191
1976-12-15,169696.86249999999
1976-12-16,169181.78570000001
1976-12-17,168328.38029999999
1976-12-20,167372.9111
1976-12-21,168322.55919999999
1976-12-22,169143.0379
1976-12-23,169382.29380000001
1976-12-27,171381.33929999999
1976-12-28,172556.98389999999
1976-12-29,171892.12530000001
1976-12-30,172793.3033
1976-12-31,173759.05429999999
1977-01-03,173045.7671
1977-01-04,170976.34460000001
1977-01-05,169488.14920000001
1977-01-06,169937.26759999999
1977-01-07,169950.50510000001
1977-01-10,170286.60939999999
1977-01-11,168572.42180000001
1977-01-12,167439.42300000001
1977-01-13,168760.31969999999
1977-01-14,168482.9693
1977-01-17,168060.31950000001
1977-01-18,167427.79500000001
1977-01-19,168312.79500000001
1977-01-20,166921.5295
1977-01-21,167515.93840000001
1977-01-24,167432.3143
1977-01-25,167267.9682
1977-01-26,166022.0129
1977-01-27,165163.51800000001
1977-01-28,165418.91320000001
1977-01-31,165609.7317
1977-02-01,166462.4276
1977-02-02,166201.23370000001
1977-02-03,165407.31589999999
1977-02-04,165485.13070000001
1977-02-07,165530.6643
1977-02-08,165091.9045
1977-02-09,163716.87049999999
1977-02-10,163891.5434
1977-02-11,162952.3732
1977-02-14,163821.18410000001
1977-02-15,164334.86079999999
1977-02-16,165106.80840000001
1977-02-17,164199.92739999999
1977-02-18,163535.1924
1977-02-22,163564.5857
1977-02-23,163109.7163
1977-02-24,162186.71059999999
1977-02-25,162022.41
1977-02-28,162600.63579999999
1977-03-01,163985.97409999999
1977-03-02,163579.52340000001
1977-03-03,164399.8688
1977-03-04,164945.79860000001
1977-03-07,165055.89989999999
1977-03-08,164471.90289999999
1977-03-09,163258.37160000001
1977-03-10,164207.83919999999
1977-03-11,164204.95079999999
1977-03-14,165477.23360000001
1977-03-15,166410.5496
1977-03-16,166746.6091
1977-03-17,166630.72210000001
1977-03-18,166292.17430000001
1977-03-21,165423.98689999999
1977-03-22,164947.62710000001
1977-03-23,163671.31529999999
1977-03-24,162884.7795
1977-03-25,161869.6961
1977-03-28,161801.48809999999
1977-03-29,162957.67000000001
1977-03-30,161110.01259999999
1977-03-31,160943.8493
1977-04-01,162263.269
1977-04-04,160693.1686
1977-04-05,160363.7623
1977-04-06,160230.261
1977-04-07,160978.28690000001
1977-04-11,161873.236
1977-04-12,163976.2108
1977-04-13,164022.26930000001
1977-04-14,165423.2531
1977-04-15,165518.27720000001
1977-04-18,164731.78150000001
1977-04-19,163994.2628
1977-04-20,164562.6966
1977-04-21,163531.34770000001
1977-04-22,161422.6189
1977-04-25,159346.54870000001
1977-04-26,159310.99780000001
1977-04-27,160728.27929999999
1977-04-28,161149.79089999999
1977-04-29,161571.3118
1977-05-02,162400.9117
1977-05-03,163246.83249999999
1977-05-04,164141.71609999999
1977-05-05,164416.30059999999
1977-05-06,163433.9633
1977-05-09,162957.6698
1977-05-10,163460.7825
1977-05-11,162364.19690000001
1977-05-12,162312.32190000001
1977-05-13,162831.74559999999
1977-05-16,163579.70120000001
1977-05-17,164099.11629999999
1977-05-18,164993.9755
1977-05-19,164338.12409999999
1977-05-20,163665.96359999999
1977-05-23,161573.7267
1977-05-24,160819.9626
1977-05-25,159380.652
1977-05-26,159802.14939999999
1977-05-27,158624.00880000001
1977-05-31,158408.9271
1977-06-01,159760.7929
1977-06-02,159480.40479999999
1977-06-03,161060.78109999999
1977-06-06,160339.69320000001
1977-06-07,161185.54560000001
1977-06-08,161982.41459999999
1977-06-09,161914.21909999999
1977-06-10,162466.25829999999
1977-06-13,162953.00390000001
1977-06-14,164810.7959
1977-06-15,164432.47099999999
1977-06-16,164853.9149
1977-06-17,165073.41510000001
1977-06-20,165845.14689999999
1977-06-21,166402.21840000001
1977-06-22,165968.55790000001
1977-06-23,166261.4375
1977-06-24,167231.30239999999
1977-06-27,166913.22709999999
1977-06-28,165554.89490000001
1977-06-29,165534.0423
1977-06-30,166173.6643
1977-07-01,165574.88860000001
1977-07-05,165587.054
1977-07-06,164773.65109999999
1977-07-07,165380.23629999999
1977-07-08,165177.7574
1977-07-11,164810.16819999999
1977-07-12,164673.7273
1977-07-13,164933.56789999999
1977-07-15,165936.41990000001
1977-07-18,167236.45360000001
1977-07-19,168652.0675
1977-07-20,168581.67310000001
1977-07-21,168379.17559999999
1977-07-22,168539.93489999999
1977-07-25,167214.71179999999
1977-07-26,166285.75469999999
1977-07-27,163623.18369999999
1977-07-28,163899.53260000001
1977-07-29,164027.27720000001
1977-08-01,164501.75380000001
1977-08-02,163506.78080000001
1977-08-03,163320.8358
1977-08-04,163960.3983
1977-08-05,164022.11009999999
1977-08-08,162779.4976
1977-08-09,162907.25570000001
1977-08-10,164372.31649999999
1977-08-11,163146.24280000001
1977-08-12,162712.63879999999
1977-08-15,163236.63029999999
1977-08-16,162522.3769
1977-08-17,162567.56630000001
1977-08-18,162497.20019999999
1977-08-19,162245.22700000001
1977-08-22,162736.18410000001
1977-08-23,162484.21189999999
1977-08-24,161869.03039999999
1977-08-25,160114.69769999999
1977-08-26,159994.80369999999
1977-08-29,161443.30360000001
1977-08-30,160580.4938
1977-08-31,161253.04639999999
1977-09-01,161380.8021
1977-09-02,162433.04819999999
1977-09-06,162890.9737
1977-09-07,163414.93299999999
1977-09-08,162238.46230000001
1977-09-09,160764.8536
1977-09-12,160232.24249999999
1977-09-13,160359.986
1977-09-14,161148.08929999999
1977-09-15,161589.49540000001
1977-09-16,161074.85329999999
1977-09-19,160056.43299999999
1977-09-20,160156.6011
1977-09-21,158871.07800000001
1977-09-22,158887.76990000001
1977-09-23,158837.69320000001
1977-09-26,159438.70199999999
1977-09-27,159238.364
1977-09-28,159388.61499999999
1977-09-29,160323.51560000001
1977-09-30,161492.13250000001
1977-10-03,161876.09580000001
1977-10-04,160724.16829999999
1977-10-05,160173.24909999999
1977-10-06,160824.3285
1977-10-07,160724.15289999999
1977-10-10,160390.26010000001
1977-10-11,159054.72320000001
1977-10-12,157602.3382
1977-10-13,156667.4749
1977-10-14,156867.80859999999
1977-10-17,156750.96539999999
1977-10-18,156767.66409999999
1977-10-19,154998.1292
1977-10-20,155515.6507
1977-10-21,154964.77590000001
1977-10-24,153846.31659999999
1977-10-25,152828.0355
1977-10-26,154697.7236
1977-10-27,155131.76449999999
1977-10-28,155615.8928
1977-10-31,155198.56649999999
1977-11-01,153579.34280000001
1977-11-02,152544.38889999999
1977-11-03,152661.2697
1977-11-04,154063.5068
1977-11-07,155282.10980000001
1977-11-08,155599.2856
1977-11-09,156500.71859999999
1977-11-10,159421.95610000001
1977-11-11,161575.32139999999
1977-11-14,160506.97589999999
1977-11-15,161558.6042
1977-11-16,160790.7328
1977-11-17,160340.04070000001
1977-11-18,160657.1881
1977-11-21,160557.02470000001
1977-11-22,161992.54829999999
1977-11-23,162693.61240000001
1977-11-25,163060.8334
1977-11-28,162009.21400000001
1977-11-29,159555.4786
1977-11-30,160056.23319999999
1977-12-01,159855.92739999999
1977-12-02,159855.91690000001
1977-12-05,159221.62359999999
1977-12-06,156851.40849999999
1977-12-07,156801.3364
1977-12-08,157135.17670000001
1977-12-09,158320.28570000001
1977-12-12,158320.28099999999
1977-12-13,158236.82689999999
1977-12-14,159054.7071
1977-12-15,158286.9154
1977-12-16,158062.22560000001
1977-12-19,156895.671
1977-12-20,156609.11989999999
1977-12-21,157574.88399999999
1977-12-22,158879.0949
1977-12-23,160420.2156
1977-12-27,160455.1936
1977-12-28,160591.70379999999
1977-12-29,160948.2164
1977-12-30,161253.94760000001
1978-01-03,159122.83369999999
1978-01-04,158650.13529999999
1978-01-05,157365.16990000001
1978-01-06,155504.85920000001
1978-01-09,153881.46109999999
1978-01-10,153121.11410000001
1978-01-11,152428.46309999999
1978-01-12,152598.8498
1978-01-13,152413.8732
1978-01-16,152008.9037
1978-01-17,152805.39360000001
1978-01-18,153991.0864
1978-01-19,153230.75899999999
1978-01-20,152927.33180000001
1978-01-23,151862.42310000001
1978-01-24,151914.3559
1978-01-25,152186.26389999999
1978-01-26,150850.63279999999
1978-01-27,150885.64369999999
1978-01-30,152206.66930000001
1978-01-31,152089.38930000001
1978-02-01,153275.04029999999
1978-02-02,153648.45999999999
1978-02-03,152820.4921
1978-02-06,152652.4375
1978-02-07,154091.8861
1978-02-08,154972.9302
1978-02-09,154111.1207
1978-02-10,153773.8584
1978-02-13,153436.5986
1978-02-14,152084.1036
1978-02-15,151763.7769
1978-02-16,150529.74160000001
1978-02-17,150361.70129999999
1978-02-21,149770.65179999999
1978-02-22,149754.90549999999
1978-02-23,149925.2836
1978-02-24,151398.5122
1978-02-27,150130.67139999999
1978-02-28,149015.11480000001
1978-03-01,149303.93290000001
1978-03-02,149558.90150000001
1978-03-03,149813.8683
1978-03-06,148918.2959
1978-03-07,149731.61910000001
1978-03-08,150578.76999999999
1978-03-09,150698.38159999999
1978-03-10,152408.42540000001
1978-03-13,152561.8627
1978-03-14,153273.64439999999
1978-03-15,152919.50289999999
1978-03-16,153614.35490000001
1978-03-17,154829.71249999999
1978-03-20,155928.3296
1978-03-21,154194.6954
1978-03-22,153679.7898
1978-03-23,153525.35070000001
1978-03-27,152718.6513
1978-03-28,153834.4111
1978-03-29,154109.09239999999
1978-03-30,153748.68590000001
1978-03-31,153439.76079999999
1978-04-03,152186.7942
1978-04-04,152907.7585
1978-04-05,154280.96179999999
1978-04-06,154572.8033
1978-04-07,155259.41469999999
1978-04-10,155843.03950000001
1978-04-11,155465.4694
1978-04-12,155259.54089999999
1978-04-13,156787.18780000001
1978-04-14,160151.3578
1978-04-17,162811.78810000001
1978-04-18,161095.41889999999
1978-04-19,161867.80960000001
1978-04-20,163069.288
1978-04-21,162760.34529999999
1978-04-24,165249.08259999999
1978-04-25,166776.64660000001
1978-04-26,167119.91440000001
1978-04-27,165506.5503
1978-04-28,167205.72709999999
1978-05-01,168681.76010000001
1978-05-02,167995.2243
1978-05-03,166330.39360000001
1978-05-04,165798.3334
1978-05-05,166862.44020000001
1978-05-08,166313.2285
1978-05-09,165849.82750000001
1978-05-10,165918.47409999999
1978-05-11,168149.63399999999
1978-05-12,169677.1128
1978-05-15,170895.6519
1978-05-16,171942.54550000001
1978-05-17,172405.9117
1978-05-18,170758.2991
1978-05-19,169934.4866
1978-05-22,171633.53200000001
1978-05-23,169882.97140000001
1978-05-24,168252.5459
1978-05-25,167806.32430000001
1978-05-26,167463.07430000001
1978-05-30,167977.92720000001
1978-05-31,168664.39319999999
1978-06-01,168887.489
1978-06-02,170277.5871
1978-06-05,173418.1678
1978-06-06,174087.4509
1978-06-07,173778.51680000001
1978-06-08,173967.25880000001
1978-06-09,173521.0325
1978-06-12,172903.19769999999
1978-06-13,172971.8118
1978-06-14,172851.66320000001
1978-06-15,170929.56700000001
1978-06-16,169357.74530000001
1978-06-19,169512.23639999999
1978-06-20,167841.39079999999
1978-06-21,167004.98989999999
1978-06-22,167437.62669999999
1978-06-23,166792.459
1978-06-26,164652.27429999999
1978-06-27,165345.6894
1978-06-28,166108.62289999999
1978-06-29,166436.9566
1978-06-30,166400.2316
1978-07-03,165668.1588
1978-07-05,164275.52059999999
1978-07-06,164395.26259999999
1978-07-07,165418.9368
1978-07-10,166112.3149
1978-07-11,167292.43169999999
1978-07-12,167864.11540000001
1978-07-13,167914.30739999999
1978-07-14,170259.06969999999
1978-07-17,170639.52129999999
1978-07-18,169090.47080000001
1978-07-19,171296.13579999999
1978-07-20,171172.4748
1978-07-21,170718.5508
1978-07-24,170699.19820000001
1978-07-25,171983.5453
1978-07-26,173128.81890000001
1978-07-27,173961.1979
1978-07-28,174793.57060000001
1978-07-31,176008.35200000001
1978-08-01,176006.36610000001
1978-08-02,179967.5226
1978-08-03,181025.8376
1978-08-04,181771.25229999999
1978-08-07,181160.87469999999
1978-08-08,181993.19870000001
1978-08-09,182877.66010000001
1978-08-10,181450.33470000001
1978-08-11,182004.53270000001
1978-08-14,182054.66750000001
1978-08-15,181878.8315
1978-08-16,183302.11610000001
1978-08-17,184082.26759999999
1978-08-18,183506.65909999999
1978-08-21,182079.3554
1978-08-22,182842.1177
1978-08-23,183917.75140000001
1978-08-24,184245.97020000001
1978-08-25,183965.84849999999
1978-08-28,182364.76149999999
1978-08-29,181406.78959999999
1978-08-30,181630.73139999999
1978-08-31,181298.48310000001
1978-09-01,182009.08499999999
1978-09-05,183449.6709
1978-09-06,185029.29490000001
1978-09-07,185131.55489999999
1978-09-08,187545.4344
1978-09-11,187908.3946
1978-09-12,187958.4902
1978-09-13,186861.48689999999
1978-09-14,184739.05929999999
1978-09-15,183039.34779999999
1978-09-18,181476.08900000001
1978-09-19,180317.17819999999
1978-09-20,178947.33059999999
1978-09-21,179282.68900000001
1978-09-22,179213.71299999999
1978-09-25,179285.38879999999
1978-09-26,180657.9252
1978-09-27,179006.8284
1978-09-28,179570.7041
1978-09-29,180626.80040000001
1978-10-02,181401.61840000001
1978-10-03,180805.27660000001
1978-10-04,181650.40520000001
1978-10-05,182056.0577
1978-10-06,182532.02359999999
1978-10-09,184449.43580000001
1978-10-10,184257.40729999999
1978-10-11,185928.7004
1978-10-12,185068.67749999999
1978-10-13,184718.44959999999
1978-10-16,181151.3725
1978-10-17,178814.80919999999
1978-10-18,177497.78890000001
1978-10-19,175495.24590000001
1978-10-20,173105.98480000001
1978-10-23,173546.81450000001
1978-10-24,172370.46059999999
1978-10-25,172090.5906
1978-10-26,169877.16709999999
1978-10-27,167382.51010000001
1978-10-30,168245.2132
1978-10-31,164924.44500000001
1978-11-01,171464.6875
1978-11-02,169321.61929999999
1978-11-03,170360.0736
1978-11-06,168656.45929999999
1978-11-07,166337.64240000001
1978-11-08,167428.82560000001
1978-11-09,167412.64550000001
1978-11-10,168064.38959999999
1978-11-13,165218.3076
1978-11-14,164129.94130000001
1978-11-15,164553.19579999999
1978-11-16,166347.43609999999
1978-11-17,167631.93590000001
1978-11-20,169127.351
1978-11-21,168742.0577
1978-11-22,169604.70069999999
1978-11-24,170186.10699999999
1978-11-27,170574.1673
1978-11-28,169134.2959
1978-11-29,166710.15429999999
1978-11-30,168416.43960000001
1978-12-01,171230.01850000001
1978-12-04,171038.0668
1978-12-05,173341.9087
1978-12-06,173466.30489999999
1978-12-07,172782.2242
1978-12-08,172027.83040000001
1978-12-11,172908.00169999999
1978-12-12,172030.58369999999
1978-12-13,171135.60639999999
1978-12-14,171136.99309999999
1978-12-15,169903.886
1978-12-18,166576.02780000001
1978-12-19,168042.47589999999
1978-12-20,168867.31280000001
1978-12-21,168961.4143
1978-12-22,171853.63769999999
1978-12-26,174050.76800000001
1978-12-27,172558.67809999999
1978-12-28,171922.04579999999
1978-12-29,171659.696
1979-01-02,172805.29629999999
1979-01-03,174752.8744
1979-01-04,176183.59909999999
1979-01-05,177204.4032
1979-01-08,176656.89600000001
1979-01-09,177642.05309999999
1979-01-10,176684.62940000001
1979-01-11,177313.3517
1979-01-12,178833.14790000001
1979-01-15,180228.18280000001
1979-01-16,178076.7304
1979-01-17,178152.9797
1979-01-18,178621.28570000001
1979-01-19,178715.34390000001
1979-01-22,179023.26029999999
1979-01-23,180311.3272
1979-01-24,179567.8003
1979-01-25,181443.951
1979-01-26,182678.5338
1979-01-29,182166.67249999999
1979-01-30,181316.21590000001
1979-01-31,179360.8769
1979-02-01,179454.92910000001
1979-02-02,178675.77619999999
1979-02-05,176203.67290000001
1979-02-06,176173.00690000001
1979-02-07,174627.5986
1979-02-08,175541.39910000001
1979-02-09,175974.05230000001
1979-02-12,176602.71170000001
1979-02-13,177944.1868
1979-02-14,177877.86730000001
1979-02-15,177668.9852
1979-02-16,177602.65349999999
1979-02-20,178979.73850000001
1979-02-21,178396.64110000001
1979-02-22,177118.58059999999
1979-02-23,176179.09359999999
1979-02-26,176023.67910000001
1979-02-27,173320.07620000001
1979-02-28,173627.98269999999
1979-03-01,174773.39939999999
1979-03-02,174938.74050000001
1979-03-05,176921.63639999999
1979-03-06,176623.6796
1979-03-07,177679.967
1979-03-08,179751.93100000001
1979-03-09,179721.24059999999
1979-03-12,179993.46849999999
1979-03-13,180336.9713
1979-03-14,180145.9166
1979-03-15,180453.78479999999
1979-03-16,181989.38939999999
1979-03-19,182698.33009999999
1979-03-20,181726.38200000001
1979-03-21,183122.1427
1979-03-22,183921.44680000001
1979-03-23,183835.125
1979-03-26,182863.18719999999
1979-03-27,185506.02069999999
1979-03-28,184895.5534
1979-03-29,184773.0741
1979-03-30,184018.02189999999
1979-04-02,182811.15049999999
1979-04-03,185562.37100000001
1979-04-04,186054.39430000001
1979-04-05,187197.05559999999
1979-04-06,187092.64749999999
1979-04-09,186572.56409999999
1979-04-10,187462.17389999999
1979-04-11,185640.82930000001
1979-04-12,185120.75719999999
1979-04-16,183570.53200000001
1979-04-17,183827.59179999999
1979-04-18,184699.13219999999
1979-04-19,183980.2703
1979-04-20,183930.10740000001
1979-04-23,184584.76139999999
1979-04-24,185763.51569999999
1979-04-25,186345.88020000001
1979-04-26,185500.51930000001
1979-04-27,185161.18770000001
1979-04-30,185129.0839
1979-05-01,185024.68979999999
1979-05-02,185137.16709999999
1979-05-03,185339.99540000001
1979-05-04,183356.1268
1979-05-07,180378.29819999999
1979-05-08,180689.58259999999
1979-05-09,181253.86859999999
1979-05-10,179595.3229
1979-05-11,179635.52929999999
1979-05-14,178844.4442
1979-05-15,179029.22839999999
1979-05-16,179575.43470000001
1979-05-17,182362.49780000001
1979-05-18,182384.61790000001
1979-05-21,182804.30729999999
1979-05-22,183513.139
1979-05-23,182432.91570000001
1979-05-24,182545.3959
1979-05-25,183109.6495
1979-05-29,182842.63889999999
1979-05-30,181184.16800000001
1979-05-31,181170.1563
1979-06-01,181372.98430000001
1979-06-04,181684.2439
1979-06-05,184073.61919999999
1979-06-06,185342.60060000001
1979-06-07,186268.23000000001
1979-06-08,185766.29190000001
1979-06-11,186565.435
1979-06-12,188304.20420000001
1979-06-13,187368.58410000001
1979-06-14,187209.98560000001
1979-06-15,187043.0091
1979-06-18,186108.53460000001
1979-06-19,186181.7451
1979-06-20,186309.9025
1979-06-21,187189.234
1979-06-22,188233.45610000001
1979-06-25,187262.34469999999
1979-06-26,186511.11129999999
1979-06-27,187665.23120000001
1979-06-28,188672.80040000001
1979-06-29,188910.8792
1979-07-02,187261.91250000001
1979-07-03,187481.6703
1979-07-05,188141.1299
1979-07-06,190357.8236
1979-07-09,191951.59909999999
1979-07-10,191493.47779999999
1979-07-11,190504.0839
1979-07-12,188800.2101
1979-07-13,188158.90710000001
1979-07-16,188964.89689999999
1979-07-17,187334.3297
1979-07-18,187114.40429999999
1979-07-19,187004.3952
1979-07-20,187425.663
1979-07-23,187040.8548
1979-07-24,187773.56419999999
1979-07-25,189843.59099999999
1979-07-26,189916.76629999999
1979-07-27,189953.3082
1979-07-30,190081.45250000001
1979-07-31,191327.06169999999
1979-08-01,192023.09220000001
1979-08-02,191931.39199999999
1979-08-03,191858.0154
1979-08-06,192370.84849999999
1979-08-07,194880.44
1979-08-08,195521.48980000001
1979-08-09,194660.37590000001
1979-08-10,196363.91409999999
1979-08-13,198268.93239999999
1979-08-14,198488.625
1979-08-15,199862.39490000001
1979-08-16,199605.7948
1979-08-17,200026.99780000001
1979-08-20,201034.3708
1979-08-21,201217.4184
1979-08-22,201400.45069999999
1979-08-23,200777.492
1979-08-24,200759.03839999999
1979-08-27,201784.71170000001
1979-08-28,201601.3855
1979-08-29,201637.8805
1979-08-30,201674.3751
1979-08-31,202260.4075
1979-09-04,198853.1807
1979-09-05,196984.65220000001
1979-09-06,197845.44750000001
1979-09-07,199365.68040000001
1979-09-10,200336.3603
1979-09-11,199163.92199999999
1979-09-12,199768.2556
1979-09-13,199859.7053
1979-09-14,201563.07079999999
1979-09-17,201746.09
1979-09-18,200243.96189999999
1979-09-19,200793.3316
1979-09-20,204914.49230000001
1979-09-21,204870.69409999999
1979-09-24,203318.36910000001
1979-09-25,203490.7691
1979-09-26,204052.61600000001
1979-09-27,204558.8254
1979-09-28,202950.89180000001
1979-10-01,201584.05050000001
1979-10-02,203536.76740000001
1979-10-03,203579.34909999999
1979-10-04,204697.533
1979-10-05,206780.02900000001
1979-10-08,204244.88949999999
1979-10-09,198260.47159999999
1979-10-10,195836.66029999999
1979-10-11,195415.65839999999
1979-10-12,194419.7738
1979-10-15,192366.88510000001
1979-10-16,192094.25829999999
1979-10-17,192507.75930000001
1979-10-18,192958.35329999999
1979-10-19,189273.61610000001
1979-10-22,187665.83670000001
1979-10-23,186911.08730000001
1979-10-24,187250.43700000001
1979-10-25,186477.1471
1979-10-26,187576.78
1979-10-29,187879.0282
1979-10-30,191556.20060000001
1979-10-31,190022.63039999999
1979-11-01,191456.01569999999
1979-11-02,191387.3835
1979-11-05,190150.51639999999
1979-11-06,189043.46040000001
1979-11-07,186619.8658
1979-11-08,187459.8591
1979-11-09,189746.1979
1979-11-12,193497.41269999999
1979-11-13,192483.08480000001
1979-11-14,193360.12299999999
1979-11-15,194774.8953
1979-11-16,194187.0613
1979-11-19,195045.5509
1979-11-20,194086.8615
1979-11-21,194500.3162
1979-11-23,195989.22889999999
1979-11-26,199981.35310000001
1979-11-27,199245.15729999999
1979-11-28,200010.8922
1979-11-29,200127.6507
1979-11-30,198965.01790000001
1979-12-03,198395.7219
1979-12-04,200218.33559999999
1979-12-05,201113.84469999999
1979-12-06,202547.05960000001
1979-12-07,201699.6305
1979-12-10,202020.33850000001
1979-12-11,201729.1698
1979-12-12,201827.3725
1979-12-13,202148.07639999999
1979-12-14,204508.32180000001
1979-12-17,205311.09020000001
1979-12-18,203443.91560000001
1979-12-19,203301.06630000001
1979-12-20,203454.8959
1979-12-21,202232.39290000001
1979-12-24,202411.3713
1979-12-26,202684.30799999999
1979-12-27,203070.03099999999
1979-12-28,202891.85440000001
1979-12-31,203127.21419999999
1980-01-02,199077.02040000001
1980-01-03,198109.42559999999
1980-01-04,200600.31080000001
1980-01-07,201192.79029999999
1980-01-08,205262.5122
1980-01-09,205497.8579
1980-01-10,207124.073
1980-01-11,207227.826
1980-01-14,208139.79240000001
1980-01-15,209615.6256
1980-01-16,209493.8309
1980-01-17,208883.3371
1980-01-18,209626.13200000001
1980-01-21,211609.40460000001
1980-01-22,210547.84220000001
1980-01-23,214222.6649
1980-01-24,214758.66709999999
1980-01-25,214636.85639999999
1980-01-28,217014.76569999999
1980-01-29,215596.09520000001
1980-01-30,217767.2389
1980-01-31,215859.92290000001
1980-02-01,217711.54319999999
1980-02-04,216349.27290000001
1980-02-05,216941.64670000001
1980-02-06,218981.18400000001
1980-02-07,220080.98610000001
1980-02-08,223266.9516
1980-02-11,221754.34270000001
1980-02-12,223267.59650000001
1980-02-13,224329.78409999999
1980-02-14,221144.50450000001
1980-02-15,218729.80900000001
1980-02-19,217254.81270000001
1980-02-20,220816.59039999999
1980-02-21,218627.4393
1980-02-22,218223.7144
1980-02-25,215057.32740000001
1980-02-26,216326.24400000001
1980-02-27,213366.603
1980-02-28,213357.5638
1980-02-29,215866.83979999999
1980-03-03,213734.14249999999
1980-03-04,214307.68659999999
1980-03-05,211254.15179999999
1980-03-06,206640.82699999999
1980-03-07,203399.4173
1980-03-10,202713.86960000001
1980-03-11,205147.93169999999
1980-03-12,203485.16459999999
1980-03-13,201183.45069999999
1980-03-14,200873.76850000001
1980-03-17,194963.91329999999
1980-03-18,198469.1298
1980-03-19,198911.16099999999
1980-03-20,196722.2714
1980-03-21,195221.106
1980-03-24,189486.20499999999
1980-03-25,189361.24239999999
1980-03-26,188434.85990000001
1980-03-27,187603.89569999999
1980-03-28,192344.59880000001
1980-03-31,195081.75880000001
1980-04-01,195300.23439999999
1980-04-02,196301.01490000001
1980-04-03,195336.4719
1980-04-07,191643.3971
1980-04-08,193617.28080000001
1980-04-09,197308.41630000001
1980-04-10,199205.95509999999
1980-04-11,198699.34479999999
1980-04-14,196933.4295
1980-04-15,196579.47709999999
1980-04-16,194546.4761
1980-04-17,193658.29449999999
1980-04-18,192751.03539999999
1980-04-21,191366.7838
1980-04-22,198339.53349999999
1980-04-23,198958.65919999999
1980-04-24,200283.72210000001
1980-04-25,201780.49979999999
1980-04-28,202743.02489999999
1980-04-29,203209.48499999999
1980-04-30,204076.60879999999
1980-05-01,202539.71729999999
1980-05-02,202815.38250000001
1980-05-05,204388.42139999999
1980-05-06,204187.09789999999
1980-05-07,206008.15760000001
1980-05-08,204051.54620000001
1980-05-09,201408.11989999999
1980-05-12,201569.29980000001
1980-05-13,204516.0006
1980-05-14,205612.02280000001
1980-05-15,205925.8181
1980-05-16,206659.3431
1980-05-19,207316.5465
1980-05-20,207267.85089999999
1980-05-21,207505.3199
1980-05-22,210013.1133
1980-05-23,213131.39180000001
1980-05-27,214666.1538
1980-05-28,215971.96160000001
1980-05-29,212603.64369999999
1980-05-30,214500.87650000001
1980-06-02,213631.80480000001
1980-06-03,213201.52170000001
1980-06-04,217254.51269999999
1980-06-05,217625.47870000001
1980-06-06,218473.3824
1980-06-09,219492.9852
1980-06-10,221351.99410000001
1980-06-11,223993.14060000001
1980-06-12,223085.8964
1980-06-13,223685.76459999999
1980-06-16,224266.54699999999
1980-06-17,224198.70999999999
1980-06-18,224684.1097
1980-06-19,221678.41519999999
1980-06-20,220557.47579999999
1980-06-23,221473.37030000001
1980-06-24,222737.30790000001
1980-06-25,225838.24340000001
1980-06-26,224859.09940000001
1980-06-27,224537.40289999999
1980-06-30,221179.86189999999
1980-07-01,222559.80609999999
1980-07-02,224055.75409999999
1980-07-03,227543.33679999999
1980-07-07,229193.9491
1980-07-08,228369.497
1980-07-09,228685.90779999999
1980-07-10,226739.9663
1980-07-11,228506.56820000001
1980-07-14,232748.17189999999
1980-07-15,231420.99950000001
1980-07-16,232104.74849999999
1980-07-17,235650.2034
1980-07-18,236856.00289999999
1980-07-21,237810.43590000001
1980-07-22,237237.3535
1980-07-23,236780.28339999999
1980-07-24,236555.24660000001
1980-07-25,234648.0344
1980-07-28,235950.49249999999
1980-07-29,237871.6655
1980-07-30,237588.6251
1980-07-31,236551.50750000001
1980-08-01,235707.75889999999
1980-08-04,235308.72529999999
1980-08-05,234890.34090000001
1980-08-06,236502.12659999999
1980-08-07,239931.34779999999
1980-08-08,240576.35879999999
1980-08-11,242884.13399999999
1980-08-12,241015.66080000001
1980-08-13,240075.24299999999
1980-08-14,243929.74350000001
1980-08-15,244884.0821
1980-08-18,240424.8456
1980-08-19,238943.09239999999
1980-08-20,241250.8131
1980-08-21,244563.88920000001
1980-08-22,245692.20509999999
1980-08-25,244075.133
1980-08-26,243502.06599999999
1980-08-27,240995.6538
1980-08-28,238257.2671
1980-08-29,238882.91029999999
1980-09-02,241557.90179999999
1980-09-03,246204.88329999999
1980-09-04,244897.1618
1980-09-05,243898.7885
1980-09-08,240909.1122
1980-09-09,242424.06520000001
1980-09-10,243900.3327
1980-09-11,245589.2671
1980-09-12,245402.88579999999
1980-09-15,245699.8253
1980-09-16,247814.041
1980-09-17,251977.49479999999
1980-09-18,251114.4558
1980-09-19,252810.04639999999
1980-09-22,255107.75390000001
1980-09-23,253258.7977
1980-09-24,255145.75090000001
1980-09-25,251966.77309999999
1980-09-26,247379.5197
1980-09-29,241931.6974
1980-09-30,245735.47020000001
1980-10-01,249050.23329999999
1980-10-02,250976.2715
1980-10-03,253449.96290000001
1980-10-06,258192.46160000001
1980-10-07,256812.989
1980-10-08,258132.6336
1980-10-09,256987.86780000001
1980-10-10,255569.2893
1980-10-13,259020.84160000001
1980-10-14,259049.6133
1980-10-15,262383.75060000003
1980-10-16,259537.4143
1980-10-17,258216.6507
1980-10-20,260396.82060000001
1980-10-21,258939.14170000001
1980-10-22,259143.92929999999
1980-10-23,254517.86559999999
1980-10-24,255192.07120000001
1980-10-27,251387.47219999999
1980-10-28,251768.31349999999
1980-10-29,251542.85029999999
1980-10-30,248422.84
1980-10-31,250778.9993
1980-11-03,253897.8702
1980-11-05,258424.88990000001
1980-11-06,253740.31520000001
1980-11-07,254316.6783
1980-11-10,254951.73639999999
1980-11-11,258481.24770000001
1980-11-12,265042.0943
1980-11-13,268806.24680000002
1980-11-14,270145.26409999997
1980-11-17,271366.96460000001
1980-11-18,275228.81170000002
1980-11-19,274025.43370000011
1980-11-20,276694.28230000002
1980-11-21,274219.73920000001
1980-11-24,272703.46659999999
1980-11-25,274746.49829999998
1980-11-26,276437.4841
1980-11-28,277170.21610000002
1980-12-01,270745.34509999998
1980-12-02,270324.25540000002
1980-12-03,269864.07819999999
1980-12-04,269462.54019999999
1980-12-05,264719.60920000001
1980-12-08,258079.7905
1980-12-09,257873.8714
1980-12-10,253580.81159999999
1980-12-11,251869.14619999999
1980-12-12,255574.3708
1980-12-15,256052.91930000001
1980-12-16,258350.136
1980-12-17,262876.61709999997
1980-12-18,263140.0233
1980-12-19,264560.49229999998
1980-12-22,268729.90720000002
1980-12-23,267833.68359999999
1980-12-24,269034.93400000001
1980-12-26,270453.83809999999
1980-12-29,267460.1361
1980-12-30,268107.33390000003
1980-12-31,269011.73950000003
1981-01-02,270212.96299999999
1981-01-05,273491.82169999997
1981-01-06,273842.16470000002
1981-01-07,267880.51510000002
1981-01-08,263937.14319999999
1981-01-09,264821.76819999999
1981-01-12,264954.51409999997
1981-01-13,264552.98269999999
1981-01-14,264962.73849999998
1981-01-15,266500.30239999999
1981-01-16,267642.1335
1981-01-19,266904.23479999998
1981-01-20,261575.95600000001
1981-01-21,261055.76449999999
1981-01-22,258932.8805
1981-01-23,258927.12760000001
1981-01-26,258209.08059999999
1981-01-27,260795.27050000001
1981-01-28,259305.57829999999
1981-01-29,259161.33989999999
1981-01-30,257849.72829999999
1981-02-02,252679.95199999999
1981-02-03,255800.32990000001
1981-02-04,256111.1323
1981-02-05,258222.43369999999
1981-02-06,260195.20819999999
1981-02-09,257617.37239999999
1981-02-10,257611.62460000001
1981-02-11,255686.7273
1981-02-12,254236.679
1981-02-13,253301.0526
1981-02-17,254996.79990000001
1981-02-18,256375.98670000001
1981-02-19,252729.87520000001
1981-02-20,252724.1459
1981-02-23,254301.16769999999
1981-02-24,254433.92300000001
1981-02-25,256723.1796
1981-02-26,259902.70569999999
1981-02-27,262271.04840000003
1981-03-02,263788.64000000001
1981-03-03,260973.53649999999
1981-03-04,261620.65150000001
1981-03-05,259834.31899999999
1981-03-06,259729.66819999999
1981-03-09,262295.77769999998
1981-03-10,261043.66089999999
1981-03-11,260088.26550000001
1981-03-12,266551.73460000003
1981-03-13,266447.03039999999
1981-03-16,269606.5747
1981-03-17,268156.60849999997
1981-03-18,268803.67239999998
1981-03-19,267353.72019999998
1981-03-20,268637.41749999998
1981-03-23,271915.54539999989
1981-03-24,269924.29399999988
1981-03-25,274865.33909999998
1981-03-26,273234.74420000002
1981-03-27,270041.37959999999
1981-03-30,269352.47350000002
1981-03-31,272850.9129
1981-04-01,274045.304
1981-04-02,273596.80089999997
1981-04-03,271986.27149999997
1981-04-06,268913.18760000012
1981-04-07,268925.53079999989
1981-04-08,269779.29719999997
1981-04-09,270552.93219999998
1981-04-10,270284.75599999999
1981-04-13,267612.45030000003
1981-04-14,266723.2254
1981-04-15,269760.74920000002
1981-04-16,270874.94839999999
1981-04-20,272429.89360000001
1981-04-21,270038.10609999998
1981-04-22,269910.19170000002
1981-04-23,269561.90350000001
1981-04-24,272018.34869999997
1981-04-27,272751.86719999998
1981-04-28,270500.37410000002
1981-04-29,267988.45059999998
1981-04-30,267560.02480000001
1981-05-01,267432.12300000002
1981-05-04,263377.6569
1981-05-05,262728.91560000001
1981-05-06,263702.83909999998
1981-05-07,265538.19880000001
1981-05-08,265570.57569999999
1981-05-11,261716.53539999999
1981-05-12,263792.26779999997
1981-05-13,263504.11709999997
1981-05-14,265018.9106
1981-05-15,266854.22409999999
1981-05-18,267647.8162
1981-05-19,266798.74489999999
1981-05-20,266670.85220000002
1981-05-21,266222.4338
1981-05-22,265433.47210000001
1981-05-26,268370.52539999998
1981-05-27,270426.13390000002
1981-05-28,269837.46850000002
1981-05-29,268167.08880000003
1981-06-01,267858.91360000003
1981-06-02,264325.56890000001
1981-06-03,264558.27889999998
1981-06-04,265111.47230000002
1981-06-05,267687.85210000002
1981-06-08,267780.31089999998
1981-06-09,267291.83679999999
1981-06-10,268045.33860000002
1981-06-11,270962.19910000003
1981-06-12,270493.76939999999
1981-06-15,270786.51000000001
1981-06-16,267914.31920000003
1981-06-17,270310.36930000002
1981-06-18,266997.51679999998
1981-06-19,268316.59879999998
1981-06-22,267719.52690000011
1981-06-23,270611.58960000001
1981-06-24,269263.96480000002
1981-06-25,269620.30739999999
1981-06-26,269165.25099999999
1981-06-29,267858.22580000001
1981-06-30,266530.93650000001
1981-07-01,263661.97820000001
1981-07-02,261421.8689
1981-07-06,258897.80549999999
1981-07-07,260714.698
1981-07-08,260929.0852
1981-07-09,262969.07299999997
1981-07-10,263163.1458
1981-07-13,263762.93099999998
1981-07-14,263835.29800000001
1981-07-15,265063.88459999999
1981-07-16,265339.10090000002
1981-07-17,266243.1188
1981-07-20,262157.2648
1981-07-21,261438.5618
1981-07-22,259036.31039999999
1981-07-23,259636.09299999999
1981-07-24,261838.29070000001
1981-07-27,264811.21590000001
1981-07-28,263321.75989999989
1981-07-29,263414.4289
1981-07-30,265190.59769999998
1981-07-31,267088.47950000002
1981-08-03,266248.08720000001
1981-08-04,267719.98920000001
1981-08-05,270794.26740000001
1981-08-06,270785.48469999997
1981-08-07,269032.36180000001
1981-08-10,270686.77029999997
1981-08-11,273395.91480000003
1981-08-12,272535.2182
1981-08-13,272810.38579999999
1981-08-14,270793.63489999989
1981-08-17,268269.80440000002
1981-08-18,266070.51990000001
1981-08-19,266893.34110000002
1981-08-20,267351.05810000002
1981-08-21,264441.91070000001
1981-08-24,256928.7542
1981-08-25,256230.4246
1981-08-26,255937.7499
1981-08-27,253048.99119999999
1981-08-28,254257.18429999999
1981-08-31,251692.95420000001
1981-09-01,252211.557
1981-09-02,253216.9264
1981-09-03,248705.701
1981-09-04,246384.91380000001
1981-09-08,242198.25829999999
1981-09-09,243102.2371
1981-09-10,246683.33410000001
1981-09-11,249716.81940000001
1981-09-14,247842.2586
1981-09-15,246089.37770000001
1981-09-16,244316.2556
1981-09-17,240880.10029999999
1981-09-18,239095.071
1981-09-21,241164.18599999999
1981-09-22,240066.21669999999
1981-09-23,238001.6795
1981-09-24,236739.204
1981-09-25,232186.28719999999
1981-09-28,237916.00080000001
1981-09-29,238812.88010000001
1981-09-30,239360.1355
1981-10-01,241264.67989999999
1981-10-02,246007.1544
1981-10-05,246369.30129999999
1981-10-06,246176.18969999999
1981-10-07,250178.26500000001
1981-10-08,252288.37580000001
1981-10-09,250573.47760000001
1981-10-12,250133.59039999999
1981-10-13,249302.97940000001
1981-10-14,245284.92689999999
1981-10-15,247209.93059999999
1981-10-16,246194.2708
1981-10-19,245816.09779999999
1981-10-20,248543.07000000001
1981-10-21,248226.57999999999
1981-10-22,247334.30919999999
1981-10-23,245249.3468
1981-10-26,244398.22990000001
1981-10-27,246775.5796
1981-10-28,247158.25270000001
1981-10-29,246409.94570000001
1981-10-30,252283.03409999999
1981-11-02,257086.7818
1981-11-03,258374.21030000001
1981-11-04,258304.4423
1981-11-05,255890.50870000001
1981-11-06,254155.1581
1981-11-09,255483.69709999999
1981-11-10,254324.11629999999
1981-11-11,254830.1336
1981-11-12,255438.9664
1981-11-13,252367.0814
1981-11-16,249480.29000000001
1981-11-17,251405.12770000001
1981-11-18,249628.72829999999
1981-11-19,250607.67439999999
1981-11-20,252717.53810000001
1981-11-23,252544.99369999999
1981-11-24,256525.98449999999
1981-11-25,257689.95559999999
1981-11-27,259881.99489999999
1981-11-30,262526.39520000003
1981-12-01,262065.9546
1981-12-02,259220.3775
1981-12-03,260158.1384
1981-12-04,262555.75469999999
1981-12-07,260409.28750000001
1981-12-08,259702.12210000001
1981-12-09,261112.7825
1981-12-10,261639.2862
1981-12-11,260089.12789999999
1981-12-14,255722.11790000001
1981-12-15,256207.5209
1981-12-16,255089.1765
1981-12-17,256582.0673
1981-12-18,258462.7145
1981-12-21,257146.61550000001
1981-12-22,256247.40969999999
1981-12-23,255118.92970000001
1981-12-24,255657.94709999999
1981-12-28,255154.77179999999
1981-12-29,253963.78099999999
1981-12-30,255336.53169999999
1981-12-31,255917.21960000001
1982-01-04,256372.8334
1982-01-05,250825.66329999999
1982-01-06,249071.9417
1982-01-07,248610.49909999999
1982-01-08,249962.3915
1982-01-11,244248.5675
1982-01-12,243307.7757
1982-01-13,240407.7665
1982-01-14,241843.04120000001
1982-01-15,243549.25109999999
1982-01-18,245463.86859999999
1982-01-19,242918.2255
1982-01-20,241518.91310000001
1982-01-21,242578.99789999999
1982-01-22,241867.4884
1982-01-25,241989.6819
1982-01-26,241590.81150000001
1982-01-27,242796.75630000001
1982-01-28,249484.0772
1982-01-29,252628.2738
1982-02-01,247227.38769999999
1982-02-02,247766.38200000001
1982-02-03,244637.27799999999
1982-02-04,244571.86120000001
1982-02-05,246382.1776
1982-02-08,240960.571
1982-02-09,239040.32769999999
1982-02-10,241142.4173
1982-02-11,240722.72260000001
1982-02-12,240678.1672
1982-02-16,240070.9179
1982-02-17,239359.4791
1982-02-18,239690.06140000001
1982-02-19,238499.28950000001
1982-02-22,235161.94399999999
1982-02-23,235054.90779999999
1982-02-24,239199.2838
1982-02-25,238717.09229999999
1982-02-26,238568.3547
1982-03-01,239044.8112
1982-03-02,237791.55559999999
1982-03-03,234183.38690000001
1982-03-04,232075.71739999999
1982-03-05,231010.05239999999
1982-03-08,226901.802
1982-03-09,230066.61960000001
1982-03-10,231335.008
1982-03-11,231290.4909
1982-03-12,229787.2237
1982-03-15,231597.4093
1982-03-16,231302.83119999999
1982-03-17,230945.7403
1982-03-18,233547.79610000001
1982-03-19,234263.80129999999
1982-03-22,238897.1586
1982-03-23,240607.7763
1982-03-24,239438.00570000001
1982-03-25,240004.92319999999
1982-03-26,237373.82740000001
1982-03-29,238194.90049999999
1982-03-30,238189.98000000001
1982-03-31,237592.07440000001
1982-04-01,241526.39809999999
1982-04-02,244401.76509999999
1982-04-05,243634.41140000001
1982-04-06,245027.25200000001
1982-04-07,245297.63430000001
1982-04-08,246965.78570000001
1982-04-12,246558.45850000001
1982-04-13,246595.8719
1982-04-14,246315.6281
1982-04-15,247475.46900000001
1982-04-16,248508.23939999999
1982-04-19,248333.8707
1982-04-20,245724.0833
1982-04-21,246375.65119999999
1982-04-22,249547.34400000001
1982-04-23,252676.64920000001
1982-04-26,254048.2225
1982-04-27,251438.44620000001
1982-04-28,249929.91320000001
1982-04-29,247616.65049999999
1982-04-30,248310.55729999999
1982-05-03,249173.86240000001
1982-05-04,250587.76449999999
1982-05-05,251091.0528
1982-05-06,253288.48180000001
1982-05-07,255020.0055
1982-05-10,252770.31140000001
1982-05-11,255031.23629999999
1982-05-12,254560.38560000001
1982-05-13,252607.20199999999
1982-05-14,252221.071
1982-05-17,249526.73199999999
1982-05-18,247742.98579999999
1982-05-19,245789.8572
1982-05-20,245213.16579999999
1982-05-21,245907.04250000001
1982-05-24,245753.88010000001
1982-05-25,244986.62179999999
1982-05-26,242313.56109999999
1982-05-27,241419.27350000001
1982-05-28,239826.1827
1982-06-01,239461.2954
1982-06-02,240282.22200000001
1982-06-03,239959.67910000001
1982-06-04,236270.28409999999
1982-06-07,236392.44899999999
1982-06-08,235413.48910000001
1982-06-09,234116.92610000001
1982-06-10,235488.4039
1982-06-11,238998.5079
1982-06-14,236346.76930000001
1982-06-15,235833.6874
1982-06-16,234156.0056
1982-06-17,231525.478
1982-06-18,230896.61240000001
1982-06-21,230781.2726
1982-06-22,233205.6317
1982-06-23,237222.62710000001
1982-06-24,236612.25510000001
1982-06-25,235184.02290000001
1982-06-28,237651.36689999999
1982-06-29,237600.5686
1982-06-30,236366.05739999999
1982-07-01,234485.8841
1982-07-02,232261.38039999999
1982-07-06,231543.4264
1982-07-07,231449.61540000001
1982-07-08,232173.62880000001
1982-07-09,235028.3021
1982-07-12,236677.72930000001
1982-07-13,236476.28580000001
1982-07-14,238663.7494
1982-07-15,238785.12479999999
1982-07-16,240133.2156
1982-07-19,239458.30799999999
1982-07-20,241258.32930000001
1982-07-21,241056.8731
1982-07-22,241242.81409999999
1982-07-23,240632.45619999999
1982-07-26,238946.076
1982-07-27,237001.45310000001
1982-07-28,233421.2666
1982-07-29,233435.0638
1982-07-30,232136.09
1982-08-02,236260.30790000001
1982-08-03,233842.28049999999
1982-08-04,230262.17319999999
1982-08-05,228210.0429
1982-08-06,225146.4626
1982-08-09,223847.56570000001
1982-08-10,223387.93979999999
1982-08-11,222928.33379999999
1982-08-12,222597.8449
1982-08-13,225732.03659999999
1982-08-16,226305.361
1982-08-17,237014.41390000001
1982-08-18,235995.25390000001
1982-08-19,237386.28169999999
1982-08-20,245749.54209999999
1982-08-23,252455.7818
1982-08-24,250877.07569999999
1982-08-25,255732.6029
1982-08-26,257876.69330000001
1982-08-27,254834.69620000001
1982-08-30,256074.9859
1982-08-31,260112.6972
1982-09-01,257458.06289999999
1982-09-02,261904.59770000001
1982-09-03,267104.24479999999
1982-09-07,264342.03149999998
1982-09-08,266184.75319999998
1982-09-09,265746.54369999998
1982-09-10,263651.42599999998
1982-09-13,266440.9326
1982-09-14,268348.18670000002
1982-09-15,270965.52370000002
1982-09-16,269903.2672
1982-09-17,267290.05989999999
1982-09-20,267260.40740000003
1982-09-21,272487.10399999999
1982-09-22,270603.54030000011
1982-09-23,270268.5307
1982-09-24,269257.40759999998
1982-09-27,269969.30660000001
1982-09-28,269198.08909999998
1982-09-29,265744.24170000001
1982-09-30,263162.82530000003
1982-10-01,266600.98100000003
1982-10-04,265655.32130000001
1982-10-05,266737.98030000011
1982-10-06,275497.64250000002
1982-10-07,281727.33130000002
1982-10-08,286692.01579999999
1982-10-11,294208.3676
1982-10-12,294200.42999999999
1982-10-13,299208.64049999998
1982-10-14,294598.9351
1982-10-15,292475.5061
1982-10-18,299424.63890000002
1982-10-19,299154.98460000003
1982-10-20,304991.79869999998
1982-10-21,304678.49849999999
1982-10-22,304234.35359999997
1982-10-25,292275.24239999999
1982-10-26,294862.50459999999
1982-10-27,296686.47019999998
1982-10-28,293036.52269999997
1982-10-29,293377.53100000002
1982-11-01,297251.46220000001
1982-11-02,301714.19439999998
1982-11-03,313504.37839999999
1982-11-04,311337.39730000001
1982-11-05,312070.85729999997
1982-11-08,308377.3222
1982-11-09,314061.15879999998
1982-11-10,310062.33769999997
1982-11-11,311406.40149999998
1982-11-12,306622.54849999998
1982-11-15,301228.1262
1982-11-16,297774.59749999997
1982-11-17,303305.67839999998
1982-11-18,304257.22879999998
1982-11-19,301436.15220000001
1982-11-22,295387.63339999999
1982-11-23,292631.9964
1982-11-24,294761.16139999998
1982-11-26,296999.31770000001
1982-11-29,295573.91519999999
1982-11-30,305073.65769999998
1982-12-01,305545.4265
1982-12-02,305820.94179999997
1982-12-03,305594.88449999999
1982-12-06,312368.66200000001
1982-12-07,314497.65629999997
1982-12-08,312592.52110000001
1982-12-09,308681.21490000002
1982-12-10,307800.99890000001
1982-12-13,308687.02710000001
1982-12-14,303183.96580000001
1982-12-15,298531.40090000001
1982-12-16,298719.69089999999
1982-12-17,303601.23639999999
1982-12-20,300926.50890000002
1982-12-21,306201.19520000002
1982-12-22,306750.39620000002
1982-12-23,308779.04590000003
1982-12-27,314252.36810000002
1982-12-28,311224.37560000003
1982-12-29,312325.57949999999
1982-12-30,310379.57010000001
1982-12-31,311127.46429999999
1983-01-03,306112.2231
1983-01-04,312844.0575
1983-01-05,314232.29570000002
1983-01-06,321604.37540000002
1983-01-07,321468.96840000001
1983-01-10,325065.21279999998
1983-01-11,322920.49770000001
1983-01-12,324993.15850000002
1983-01-13,322936.76600000012
1983-01-14,325031.47930000001
1983-01-17,325249.38620000001
1983-01-18,324606.13750000001
1983-01-19,322174.45569999999
1983-01-20,324489.91889999999
1983-01-21,319165.80790000001
1983-01-24,310662.21970000002
1983-01-25,314655.77289999998
1983-01-26,314255.4547
1983-01-27,320346.5404
1983-01-28,320939.76929999999
1983-01-31,322747.39549999998
1983-02-01,317644.20289999997
1983-02-02,318303.66989999998
1983-02-03,320641.16119999997
1983-02-04,324855.36070000002
1983-02-07,326662.90470000001
1983-02-08,324010.54129999998
1983-02-09,322528.36729999998
1983-02-10,328111.36129999999
1983-02-11,328505.83990000002
1983-02-14,331395.1936
1983-02-15,330067.57890000002
1983-02-16,328210.049
1983-02-17,328295.46120000002
1983-02-18,329595.14350000001
1983-02-22,324094.77010000002
1983-02-23,327050.3064
1983-02-24,333317.53820000001
1983-02-25,333689.91830000002
1983-02-28,330044.13280000002
1983-03-01,336333.34860000003
1983-03-02,339531.6385
1983-03-03,342200.03289999999
1983-03-04,342682.76640000002
1983-03-07,342746.02189999988
1983-03-08,337488.65549999988
1983-03-09,341106.35239999997
1983-03-10,338807.38439999998
1983-03-11,337634.34769999998
1983-03-14,336792.45990000002
1983-03-15,338047.86930000002
1983-03-16,334667.17510000011
1983-03-17,334244.7697
1983-03-18,334985.35550000001
1983-03-21,337930.80229999998
1983-03-22,336809.02529999998
1983-03-23,341676.26020000002
1983-03-24,342990.29310000001
1983-03-25,341488.61599999998
1983-03-28,339718.7991
1983-03-29,339200.37420000002
1983-03-30,343285.39600000012
1983-03-31,342387.1078
1983-04-04,342583.78320000001
1983-04-05,340143.56180000002
1983-04-06,338284.38530000002
1983-04-07,339955.93459999998
1983-04-08,342454.3028
1983-04-11,347634.14159999997
1983-04-12,349216.26819999999
1983-04-13,351401.69819999998
1983-04-14,354480.93160000001
1983-04-15,355951.27919999999
1983-04-18,358226.06130000012
1983-04-19,355987.0085
1983-04-20,360518.6568
1983-04-21,359106.38170000003
1983-04-22,359995.6839
1983-04-25,356460.62929999997
1983-04-26,363226.72450000013
1983-04-27,362462.48690000002
1983-04-28,365899.0919
1983-04-29,369268.63909999997
1983-05-02,364147.15159999998
1983-05-03,364723.58649999998
1983-05-04,366953.53460000001
1983-05-05,369183.46600000001
1983-05-06,373312.67670000001
1983-05-09,372727.14950000012
1983-05-10,373102.45059999998
1983-05-11,370952.87199999997
1983-05-12,369428.9094
1983-05-13,370966.12030000001
1983-05-16,367654.64250000002
1983-05-17,368409.8321
1983-05-18,367489.19469999999
1983-05-19,364691.69799999997
1983-05-20,365089.3493
1983-05-23,368034.16389999999
1983-05-24,372811.13939999999
1983-05-25,374370.6568
1983-05-26,372802.04220000003
1983-05-27,370585.53439999989
1983-05-31,366022.97070000001
1983-06-01,366442.97149999999
1983-06-02,369700.50420000002
1983-06-03,370746.08669999999
1983-06-06,371724.63559999998
1983-06-07,367184.51770000003
1983-06-08,364096.69300000003
1983-06-09,365209.30570000003
1983-06-10,367170.90139999997
1983-06-13,372059.36589999998
1983-06-14,373663.47009999998
1983-06-15,377278.34999999998
1983-06-16,381853.93329999998
1983-06-17,381871.87469999999
1983-06-20,381684.8052
1983-06-21,385155.44549999997
1983-06-22,386255.35220000002
1983-06-23,385368.34499999997
1983-06-24,385068.36690000002
1983-06-27,380726.91249999998
1983-06-28,374511.4706
1983-06-29,376740.29670000001
1983-06-30,379059.40259999997
1983-07-01,381378.49119999999
1983-07-05,376833.94059999997
1983-07-06,381139.83149999997
1983-07-07,379123.99420000002
1983-07-08,378101.58760000003
1983-07-11,380488.36570000002
1983-07-12,374724.70860000001
1983-07-13,374628.00530000002
1983-07-14,375931.04109999997
1983-07-15,372109.09590000007
1983-07-18,371402.81510000001
1983-07-19,373428.36020000011
1983-07-20,383581.4903
1983-07-21,383123.51980000001
1983-07-22,382801.00719999999
1983-07-25,384307.19349999999
1983-07-26,386626.12329999998
1983-07-27,380049.92869999999
1983-07-28,374354.25880000001
1983-07-29,368816.68199999997
1983-08-01,367704.05149999988
1983-08-02,367697.66859999998
1983-08-03,370987.39279999997
1983-08-04,366285.20870000002
1983-08-05,367272.17200000002
1983-08-08,361554.10239999997
1983-08-09,363760.17940000002
1983-08-10,367004.66129999998
1983-08-11,367066.0048
1983-08-12,368527.04479999997
1983-08-15,372064.96230000001
1983-08-16,371471.62020000012
1983-08-17,375777.04629999999
1983-08-18,371910.32030000002
1983-08-19,372942.35060000001
1983-08-22,373816.36690000002
1983-08-23,370333.45909999998
1983-08-24,366963.42349999998
1983-08-25,366099.1972
1983-08-26,369095.23759999999
1983-08-29,369404.89069999999
1983-08-30,370211.18030000001
1983-08-31,374381.00939999998
1983-09-01,374058.56449999998
1983-09-02,375858.09399999998
1983-09-06,382443.29269999999
1983-09-07,382662.60810000001
1983-09-08,382294.97960000002
1983-09-09,380437.47639999999
1983-09-12,377248.14779999998
1983-09-13,375774.45919999998
1983-09-14,377077.31479999999
1983-09-15,374948.989
1983-09-16,379254.66530000011
1983-09-19,382443.06290000002
1983-09-20,386201.77710000001
1983-09-21,384371.4608
1983-09-22,387514.16960000002
1983-09-23,387006.96059999999
1983-09-26,388347.54719999997
1983-09-27,384669.46529999998
1983-09-28,383751.67849999998
1983-09-29,382058.27679999999
1983-09-30,379475.27389999997
1983-10-03,378945.27269999997
1983-10-04,380057.7317
1983-10-05,383474.10950000002
1983-10-06,389331.24209999997
1983-10-07,390580.51079999999
1983-10-10,394863.60649999999
1983-10-11,389657.34340000001
1983-10-12,388078.0379
1983-10-13,388711.39189999999
1983-10-14,388751.67580000003
1983-10-17,390114.94380000001
1983-10-18,384201.67589999997
1983-10-19,381801.24359999999
1983-10-20,382434.60920000001
1983-10-21,380148.25979999988
1983-10-24,380302.63270000007
1983-10-25,381460.61910000001
1983-10-26,379037.44459999999
1983-10-27,377868.80589999998
1983-10-28,374578.87839999999
1983-10-31,375052.60430000001
1983-11-01,375366.64240000001
1983-11-02,378121.28420000011
1983-11-03,375013.88520000008
1983-11-04,372773.2781
1983-11-07,371627.52510000003
1983-11-08,371348.50780000002
1983-11-09,376452.48680000001
1983-11-10,377519.21439999988
1983-11-11,381870.3971
1983-11-14,382594.97710000002
1983-11-15,379875.39990000002
1983-11-16,381580.73999999999
1983-11-17,381757.89319999999
1983-11-18,379448.88679999998
1983-11-21,381701.625
1983-11-22,383566.57319999998
1983-11-23,383903.391
1983-11-25,384468.23259999999
1983-11-28,383071.60509999999
1983-11-29,386259.42520000011
1983-11-30,382878.48609999998
1983-12-01,383146.87929999997
1983-12-02,380815.15029999998
1983-12-05,381608.08159999998
1983-12-06,381009.77639999997
1983-12-07,382076.41489999997
1983-12-08,380520.16940000001
1983-12-09,380309.59570000001
1983-12-12,381604.27659999998
1983-12-13,380093.67450000002
1983-12-14,376507.66470000002
1983-12-15,372762.01620000001
1983-12-16,374489.40100000001
1983-12-19,374398.51140000002
1983-12-20,373731.06160000002
1983-12-21,377399.08470000001
1983-12-22,377400.41310000001
1983-12-23,376756.0428
1983-12-27,380377.88219999999
1983-12-28,381785.8971
1983-12-29,380749.49310000002
1983-12-30,380981.39200000011
1984-01-03,378999.51669999998
1984-01-04,385388.53769999999
1984-01-05,390140.22409999999
1984-01-06,391294.50859999988
1984-01-09,390488.67099999997
1984-01-10,388368.44309999997
1984-01-11,388093.02370000002
1984-01-12,388048.1826
1984-01-13,386435.3028
1984-01-16,386874.69919999997
1984-01-17,388444.05430000002
1984-01-18,387868.85649999999
1984-01-19,386763.27370000002
1984-01-20,384919.85799999989
1984-01-23,381900.38290000003
1984-01-24,384438.20260000002
1984-01-25,381972.17950000003
1984-01-26,380659.15350000001
1984-01-27,380037.8726
1984-01-30,377641.06709999999
1984-01-31,378956.75180000003
1984-02-01,377482.33020000003
1984-02-02,378982.44209999999
1984-02-03,373403.64870000002
1984-02-06,366948.67239999998
1984-02-07,368541.05910000001
1984-02-08,361947.80690000003
1984-02-09,361026.85190000001
1984-02-10,363126.5196
1984-02-13,360084.25150000001
1984-02-14,363982.40759999998
1984-02-15,363222.87920000002
1984-02-16,363016.75079999998
1984-02-17,362188.06209999998
1984-02-21,359722.28940000001
1984-02-22,359031.95750000002
1984-02-23,359056.39889999997
1984-02-24,366551.36320000002
1984-02-27,370749.1311
1984-02-28,365101.53570000001
1984-02-29,365725.41999999998
1984-03-01,368401.38740000001
1984-03-02,370892.87689999997
1984-03-05,367850.73920000001
1984-03-06,364140.00050000002
1984-03-07,360337.07950000011
1984-03-08,361837.12030000001
1984-03-09,359970.95449999999
1984-03-12,364629.67070000002
1984-03-13,365714.68569999997
1984-03-14,365762.17920000001
1984-03-15,367308.29320000001
1984-03-16,371701.43089999998
1984-03-19,368294.3026
1984-03-20,370885.0135
1984-03-21,370488.48959999997
1984-03-22,365961.21159999998
1984-03-23,366428.18400000001
1984-03-26,366055.00589999999
1984-03-27,367595.50550000003
1984-03-28,373686.74130000011
1984-03-29,372916.81339999998
1984-03-30,372193.53960000002
1984-04-02,369463.32850000012
1984-04-03,368786.79239999998
1984-04-04,368576.95409999997
1984-04-05,362813.01179999998
1984-04-06,363910.07640000002
1984-04-09,363910.31430000003
1984-04-10,364960.68369999999
1984-04-11,363000.67460000003
1984-04-12,369441.70539999998
1984-04-13,368531.81390000001
1984-04-16,370959.00520000007
1984-04-17,372546.04609999998
1984-04-18,370119.29879999999
1984-04-19,370469.57179999998
1984-04-23,367692.82900000003
1984-04-24,370726.69150000002
1984-04-25,372150.33760000003
1984-04-26,376070.91940000001
1984-04-27,375184.35619999998
1984-04-30,375627.92770000012
1984-05-01,379501.73659999989
1984-05-02,380085.29350000003
1984-05-03,378522.02860000002
1984-05-04,373715.22149999999
1984-05-07,374625.47989999998
1984-05-08,377145.83529999998
1984-05-09,376259.29460000002
1984-05-10,376072.80509999988
1984-05-11,372619.50219999999
1984-05-14,370379.58870000002
1984-05-15,371616.51809999999
1984-05-16,371663.40539999999
1984-05-17,368420.16970000003
1984-05-18,366646.97960000002
1984-05-21,364267.13250000001
1984-05-22,362354.00939999998
1984-05-23,360720.85909999989
1984-05-24,356311.0405
1984-05-25,357291.31420000002
1984-05-29,354258.21120000002
1984-05-30,354468.51299999998
1984-05-31,355005.44309999997
1984-06-01,361352.36459999997
1984-06-04,363989.23659999989
1984-06-05,362449.48139999999
1984-06-06,365693.01049999997
1984-06-07,365553.24959999998
1984-06-08,366206.79739999998
1984-06-11,361353.81199999998
1984-06-12,359394.125
1984-06-13,359324.3847
1984-06-14,355334.77029999997
1984-06-15,352176.44939999998
1984-06-18,358618.78019999998
1984-06-19,360760.21110000001
1984-06-20,366091.79879999999
1984-06-21,365373.82089999999
1984-06-22,365317.5465
1984-06-25,364221.4754
1984-06-26,361305.87319999997
1984-06-27,358839.24459999998
1984-06-28,361736.77679999999
1984-06-29,362602.06719999999
1984-07-02,362711.19829999999
1984-07-03,363954.57160000002
1984-07-05,361795.18320000003
1984-07-06,360628.30680000002
1984-07-09,363336.72279999999
1984-07-10,362287.96999999997
1984-07-11,356844.07530000003
1984-07-12,355653.5821
1984-07-13,357724.00140000001
1984-07-16,359487.20919999998
1984-07-17,361392.17499999999
1984-07-18,359138.33130000002
1984-07-19,356766.38699999999
1984-07-20,354890.68969999999
1984-07-23,353534.81400000001
1984-07-24,350926.64880000002
1984-07-25,353375.05910000001
1984-07-26,356390.55660000001
1984-07-27,359075.2303
1984-07-30,356774.23149999999
1984-07-31,357946.65549999988
1984-08-01,366089.47090000001
1984-08-02,375390.03110000002
1984-08-03,385753.78999999998
1984-08-06,386406.26380000002
1984-08-07,386751.5552
1984-08-08,384521.39370000002
1984-08-09,393538.15189999988
1984-08-10,393316.3664
1984-08-13,393401.71950000001
1984-08-14,391077.07130000001
1984-08-15,387311.15429999999
1984-08-16,389664.7879
1984-08-17,390600.74280000001
1984-08-20,392552.68569999997
1984-08-21,399442.70419999998
1984-08-22,397685.11489999999
1984-08-23,397888.59159999999
1984-08-24,398871.76219999988
1984-08-27,396405.41619999998
1984-08-28,398735.2953
1984-08-29,398064.58730000001
1984-08-30,396968.62190000003
1984-08-31,397219.32390000002
1984-09-04,393028.30800000002
1984-09-05,391696.05959999998
1984-09-06,394970.97720000002
1984-09-07,392008.55359999998
1984-09-10,391810.40350000001
1984-09-11,392321.0429
1984-09-12,392926.16639999999
1984-09-13,400689.95110000001
1984-09-14,402736.21169999999
1984-09-17,403010.53139999998
1984-09-18,400189.90289999999
1984-09-19,398574.21909999999
1984-09-20,399888.07500000001
1984-09-21,395633.81880000001
1984-09-24,394774.23749999999
1984-09-25,395657.94699999999
1984-09-26,397305.84840000002
1984-09-27,399001.50880000001
1984-09-28,397019.54229999997
1984-10-01,393556.98180000001
1984-10-02,391169.08990000002
1984-10-03,388494.66519999999
1984-10-04,389712.69510000001
1984-10-05,389211.35090000002
1984-10-08,387969.7746
1984-10-09,386943.08110000001
1984-10-10,388065.5956
1984-10-11,389737.32380000001
1984-10-12,393152.2389
1984-10-15,397020.88099999999
1984-10-16,394728.56719999999
1984-10-17,393272.06109999999
1984-10-18,402800.02380000002
1984-10-19,402537.45520000003
1984-10-22,401176.4363
1984-10-23,400603.4375
1984-10-24,400937.8518
1984-10-25,398884.38559999998
1984-10-26,396520.50030000001
1984-10-29,395374.46470000001
1984-10-30,400365.19530000002
1984-10-31,398646.05849999998
1984-11-01,402060.79749999999
1984-11-02,401965.3701
1984-11-05,404806.98239999998
1984-11-06,409248.39929999999
1984-11-07,406359.22739999997
1984-11-08,405260.91859999998
1984-11-09,402753.87329999998
1984-11-12,402252.52889999998
1984-11-13,399005.27710000001
1984-11-14,399124.78940000001
1984-11-15,398957.74690000003
1984-11-16,394755.46490000002
1984-11-19,392415.60100000002
1984-11-20,395089.97389999998
1984-11-21,395949.68219999998
1984-11-23,401775.8015
1984-11-26,398576.4129
1984-11-27,400415.01990000001
1984-11-28,397454.44219999999
1984-11-29,394875.88510000001
1984-11-30,394159.7145
1984-12-03,392416.87949999998
1984-12-04,393825.71799999988
1984-12-05,390841.3211
1984-12-06,392488.89480000001
1984-12-07,391366.85739999998
1984-12-10,392799.57799999998
1984-12-11,393444.37839999999
1984-12-12,392465.59909999999
1984-12-13,390579.53769999999
1984-12-14,392752.37880000012
1984-12-17,395020.68979999988
1984-12-18,405836.40429999999
1984-12-19,403639.9656
1984-12-20,401849.41899999999
1984-12-21,399800.55530000001
1984-12-24,402906.1875
1984-12-26,402291.85269999999
1984-12-27,400638.81709999999
1984-12-28,401956.8982
1984-12-31,404410.3089
1985-01-02,399979.41119999997
1985-01-03,398133.20039999997
1985-01-04,396069.54330000002
1985-01-07,397508.43569999997
1985-01-08,396990.74280000001
1985-01-09,399951.30940000003
1985-01-10,407597.90409999999
1985-01-11,406717.875
1985-01-14,413084.16519999999
1985-01-15,413894.92340000009
1985-01-16,414898.91440000001
1985-01-17,413873.91470000002
1985-01-18,415385.15139999997
1985-01-21,424915.46450000012
1985-01-22,425605.386
1985-01-23,430087.47730000003
1985-01-24,428748.4657
1985-01-25,430380.35739999998
1985-01-28,430587.14659999998
1985-01-29,434972.51750000002
1985-01-30,435565.78830000001
1985-01-31,436231.51169999997
1985-02-01,433902.21549999999
1985-02-04,438142.59529999999
1985-02-05,438856.58110000013
1985-02-06,438507.82520000002
1985-02-07,441951.12780000002
1985-02-08,442930.77340000001
1985-02-11,438959.10190000001
1985-02-12,439165.8872
1985-02-13,445990.47259999998
1985-02-14,443806.12680000003
1985-02-15,441935.78960000002
1985-02-19,441369.67119999998
1985-02-20,441093.37099999998
1985-02-21,438788.34560000012
1985-02-22,436869.74099999998
1985-02-25,436641.77490000002
1985-02-26,441413.24819999997
1985-02-27,440388.29320000007
1985-02-28,441609.39069999999
1985-03-01,446646.46010000003
1985-03-04,443906.72940000001
1985-03-05,444403.28940000001
1985-03-06,440673.37770000001
1985-03-07,438006.1508
1985-03-08,437101.99810000003
1985-03-11,436439.30300000001
1985-03-12,438626.47289999988
1985-03-13,435162.31310000003
1985-03-14,434403.04609999998
1985-03-15,431257.86570000002
1985-03-18,432183.59009999997
1985-03-19,438752.50880000001
1985-03-20,437699.41139999998
1985-03-21,438429.66119999997
1985-03-22,437742.96110000001
1985-03-25,435199.69280000008
1985-03-26,436394.06660000002
1985-03-27,439176.34420000011
1985-03-28,439246.9816
1985-03-29,442053.68040000001
1985-04-01,443614.46519999998
1985-04-02,441877.34669999999
1985-04-03,438479.11270000011
1985-04-04,438354.3186
1985-04-08,435982.11340000009
1985-04-09,436492.49050000001
1985-04-10,439518.93400000001
1985-04-11,441470.54680000001
1985-04-12,442396.13309999998
1985-04-15,443395.0307
1985-04-16,444149.62699999998
1985-04-17,445392.76620000001
1985-04-18,443411.45789999998
1985-04-19,444141.63140000001
1985-04-22,443210.7083
1985-04-23,446163.78249999997
1985-04-24,447162.60249999998
1985-04-25,450091.18869999988
1985-04-26,447108.3847
1985-04-29,443392.82089999999
1985-04-30,441509.27100000001
1985-05-01,438013.55200000008
1985-05-02,439647.50040000002
1985-05-03,442331.804
1985-05-06,442182.592
1985-05-07,444134.0258
1985-05-08,443862.66850000003
1985-05-09,447108.71139999997
1985-05-10,452943.90580000001
1985-05-13,453820.55070000002
1985-05-14,452083.58250000002
1985-05-15,453790.69809999998
1985-05-16,456596.99520000012
1985-05-17,460966.4829
1985-05-20,466654.94650000002
1985-05-21,466530.06150000001
1985-05-22,463962.62599999999
1985-05-23,461688.34019999998
1985-05-24,463444.19880000007
1985-05-28,462464.46669999999
1985-05-29,462095.33329999988
1985-05-30,462336.86639999988
1985-05-31,466803.90600000002
1985-06-03,466312.66590000002
1985-06-04,468141.73910000001
1985-06-05,468505.37680000003
1985-06-06,470774.09019999998
1985-06-07,467474.00180000003
1985-06-10,467129.3089
1985-06-11,466051.88140000001
1985-06-12,462629.75659999991
1985-06-13,457131.59079999989
1985-06-14,461525.21299999999
1985-06-17,460203.56829999998
1985-06-18,462252.43869999988
1985-06-19,460588.90710000013
1985-06-20,460903.6629
1985-06-21,468063.3799
1985-06-24,467001.42190000002
1985-06-25,468531.49380000011
1985-06-26,469395.00020000013
1985-06-27,472356.76640000002
1985-06-28,473960.85369999998
1985-07-01,475466.12969999999
1985-07-02,474502.92899999989
1985-07-03,473194.14779999998
1985-07-05,475909.01840000012
1985-07-08,474526.15289999999
1985-07-09,472427.49680000002
1985-07-10,475759.41619999992
1985-07-11,477240.01270000002
1985-07-12,478177.50099999999
1985-07-15,476844.06959999999
1985-07-16,481854.46759999997
1985-07-17,484223.61070000002
1985-07-18,481162.29810000001
1985-07-19,483087.1336
1985-07-22,481235.33169999998
1985-07-23,476865.79210000002
1985-07-24,474545.03230000002
1985-07-25,475803.39720000001
1985-07-26,476716.18569999997
1985-07-29,469878.42989999999
1985-07-30,470766.52639999997
1985-07-31,473283.75270000013
1985-08-01,476294.61430000002
1985-08-02,474813.13040000002
1985-08-05,472763.96130000002
1985-08-06,466197.84909999999
1985-08-07,465654.375
1985-08-08,468862.6741
1985-08-09,467381.28340000001
1985-08-12,465751.77769999998
1985-08-13,465010.85009999998
1985-08-14,465355.95319999999
1985-08-15,465059.29340000002
1985-08-16,462269.79830000002
1985-08-19,463034.49680000002
1985-08-20,467304.01219999988
1985-08-21,470043.23680000001
1985-08-22,465674.09989999997
1985-08-23,465278.73570000002
1985-08-26,465697.86890000012
1985-08-27,467721.3138
1985-08-28,469596.62390000001
1985-08-29,469916.9901
1985-08-30,469250.16100000002
1985-09-03,467546.69959999999
1985-09-04,466287.49020000012
1985-09-05,466114.29190000001
1985-09-06,468581.9179
1985-09-09,468680.16360000003
1985-09-10,465421.84730000002
1985-09-11,460880.19689999998
1985-09-12,457646.63900000002
1985-09-13,455795.19650000002
1985-09-16,455794.78399999999
1985-09-17,452117.01990000001
1985-09-18,453054.47430000012
1985-09-19,457274.32000000001
1985-09-20,453979.73330000002
1985-09-23,459669.01669999998
1985-09-24,455557.99780000001
1985-09-25,450748.81770000001
1985-09-26,452398.26010000001
1985-09-30,454446.72480000003
1985-10-01,461981.22360000003
1985-10-02,459541.01600000012
1985-10-03,460367.5319
1985-10-04,457603.20209999999
1985-10-07,454315.21500000003
1985-10-08,454393.64889999997
1985-10-09,456092.94900000002
1985-10-10,456819.69709999999
1985-10-11,460638.50199999998
1985-10-14,465928.48030000011
1985-10-15,465283.75089999998
1985-10-16,470099.88990000001
1985-10-17,469380.34620000003
1985-10-18,467912.69990000001
1985-10-21,467791.63100000011
1985-10-22,470562.98190000001
1985-10-23,473259.5478
1985-10-24,471866.74900000001
1985-10-25,469501.49939999997
1985-10-28,470178.28420000011
1985-10-29,473922.0662
1985-10-30,476094.96240000002
1985-10-31,475549.94520000002
1985-11-01,479892.06819999998
1985-11-04,479272.24080000003
1985-11-05,482143.20340000011
1985-11-06,483193.95880000002
1985-11-07,482923.20179999998
1985-11-08,485744.27789999999
1985-11-11,494699.0551
1985-11-12,496772.04369999998
1985-11-13,494406.81550000003
1985-11-14,499372.06270000013
1985-11-15,497081.64000000001
1985-11-18,498655.92709999997
1985-11-19,498634.43099999998
1985-11-20,499510.57220000011
1985-11-21,505622.65000000002
1985-11-22,505975.14689999999
1985-11-25,503136.22210000001
1985-11-26,504012.29520000011
1985-11-27,508752.95309999998
1985-11-29,507908.67379999999
1985-12-02,503723.4399
1985-12-03,504798.96230000001
1985-12-04,513279.40990000009
1985-12-05,512485.00150000001
1985-12-06,510344.23690000002
1985-12-09,513563.88439999998
1985-12-10,513991.13010000001
1985-12-11,518856.25829999999
1985-12-12,519981.57020000002
1985-12-13,528062.85960000008
1985-12-16,533326.79669999995
1985-12-17,529989.26619999995
1985-12-18,527973.16489999997
1985-12-19,528574.88340000005
1985-12-20,530936.12549999997
1985-12-23,525057.67240000004
1985-12-24,521545.20289999997
1985-12-26,522915.71039999998
1985-12-27,527935.84789999994
1985-12-30,530715.81420000002
1985-12-31,532312.82689999999
1986-01-02,528146.00430000003
1986-01-03,531479.70559999999
1986-01-06,530987.60659999994
1986-01-07,539002.73700000008
1986-01-08,524415.96049999993
1986-01-09,519821.37800000003
1986-01-10,519530.72409999988
1986-01-13,521530.4019
1986-01-14,521415.90450000012
1986-01-15,525580.06039999996
1986-01-16,527957.24360000005
1986-01-17,526181.59970000002
1986-01-20,524003.30530000001
1986-01-21,519710.86840000009
1986-01-22,514009.09379999997
1986-01-23,516008.73220000003
1986-01-24,521582.19660000002
1986-01-27,524085.17910000001
1986-01-28,530262.61139999994
1986-01-29,531557.46799999999
1986-01-30,529228.21959999995
1986-01-31,535481.06259999995
1986-02-03,541054.36780000001
1986-02-04,538196.54180000001
1986-02-05,538711.20640000002
1986-02-06,540081.50040000002
1986-02-07,542911.47400000005
1986-02-10,547226.30239999993
1986-02-11,546507.70010000002
1986-02-12,546720.29729999998
1986-02-13,550405.85930000001
1986-02-14,556431.89980000001
1986-02-18,563288.39199999999
1986-02-19,556605.33459999994
1986-02-20,562882.96200000006
1986-02-21,569009.5135
1986-02-24,568391.53649999993
1986-02-25,567094.07270000002
1986-02-26,567809.89509999997
1986-02-27,574766.84960000007
1986-02-28,575230.96580000001
1986-03-03,571542.77340000006
1986-03-04,569012.23790000007
1986-03-05,568998.2219
1986-03-06,571072.96840000001
1986-03-07,572266.902
1986-03-10,574895.21759999997
1986-03-11,587841.18390000006
1986-03-12,590066.77379999997
1986-03-13,591789.09660000005
1986-03-14,600331.02720000001
1986-03-17,595686.60979999998
1986-03-18,598566.43969999999
1986-03-19,598200.05090000003
1986-03-20,600652.02190000005
1986-03-21,592573.00640000007
1986-03-24,597708.93530000001
1986-03-25,596242.06700000004
1986-03-26,602876.24369999999
1986-03-27,607199.41859999998
1986-03-31,607103.83779999998
1986-04-01,597637.61380000005
1986-04-02,599167.36690000002
1986-04-03,591021.73520000011
1986-04-04,581504.87920000008
1986-04-07,581434.81570000004
1986-04-08,593934.92670000007
1986-04-09,594601.23219999997
1986-04-10,601514.50290000008
1986-04-11,600403.20110000006
1986-04-14,603812.02380000008
1986-04-15,605036.9497
1986-04-16,616520.95880000002
1986-04-17,618660.00079999992
1986-04-18,617091.58999999997
1986-04-21,623166.60709999991
1986-04-22,617357.46580000001
1986-04-23,615738.28009999997
1986-04-24,616506.07079999999
1986-04-25,617273.81689999998
1986-04-28,619362.04180000001
1986-04-29,612918.20160000003
1986-04-30,600329.39880000008
1986-05-01,599497.48080000002
1986-05-02,598640.15159999998
1986-05-05,606187.77890000003
1986-05-06,605025.77340000006
1986-05-07,602162.45759999997
1986-05-08,604910.85979999998
1986-05-09,606821.29689999996
1986-05-12,606217.89530000009
1986-05-13,603329.23990000004
1986-05-14,606280.69720000005
1986-05-15,598466.05959999992
1986-05-16,594307.88370000001
1986-05-19,595507.35719999997
1986-05-20,602978.5135
1986-05-21,601384.88060000003
1986-05-22,613324.80729999999
1986-05-23,616530.11560000002
1986-05-27,625245.21979999996
1986-05-28,630100.8578
1986-05-29,633610.70700000005
1986-05-30,632093.20270000002
1986-06-02,626310.01410000003
1986-06-03,627585.49140000006
1986-06-04,623681.31319999998
1986-06-05,628105.17669999995
1986-06-06,628238.07659999991
1986-06-09,613822.39060000004
1986-06-10,612939.71479999996
1986-06-11,616957.34090000007
1986-06-12,617953.52890000003
1986-06-13,628800.93979999993
1986-06-16,629898.65659999999
1986-06-17,625461.40170000005
1986-06-18,627168.44729999988
1986-06-19,624889.31660000002
1986-06-20,633944.83869999996
1986-06-23,628085.45849999995
1986-06-24,632698.826
1986-06-25,637645.00329999998
1986-06-26,637239.67020000005
1986-06-27,639522.86239999998
1986-06-30,642779.00770000007
1986-07-01,645932.72550000006
1986-07-02,647703.76760000002
1986-07-03,645454.81000000006
1986-07-07,625717.82950000011
1986-07-08,619500.23600000003
1986-07-09,622730.83120000002
1986-07-10,623298.47310000006
1986-07-11,621356.92890000006
1986-07-14,610914.7496000001
1986-07-15,599602.11549999996
1986-07-16,603139.92209999997
1986-07-17,605935.24190000002
1986-07-18,606758.98869999999
1986-07-21,606533.00209999993
1986-07-22,611581.34049999993
1986-07-23,612917.16090000002
1986-07-24,611154.92560000008
1986-07-25,617048.14740000002
1986-07-28,606350.32700000005
1986-07-29,602693.52069999999
1986-07-30,607997.80689999997
1986-07-31,606875.69960000005
1986-08-01,603859.0064999999
1986-08-04,606705.3753999999
1986-08-05,609449.29000000004
1986-08-06,609044.06590000005
1986-08-07,609637.34380000003
1986-08-08,609308.96539999999
1986-08-11,619119.07400000002
1986-08-12,626010.48879999993
1986-08-13,632056.97499999998
1986-08-14,633623.04799999995
1986-08-15,636008.35320000001
1986-08-18,636678.35619999992
1986-08-19,634532.09970000002
1986-08-20,642959.42099999997
1986-08-21,642784.49310000008
1986-08-22,644196.88770000008
1986-08-25,638184.83279999997
1986-08-26,651143.42249999999
1986-08-27,652402.1688000001
1986-08-28,651305.56579999998
1986-08-29,651617.03659999999
1986-09-02,640408.11479999998
1986-09-03,644482.95299999998
1986-09-04,654164.33369999996
1986-09-05,645643.56700000004
1986-09-08,639759.72009999992
1986-09-09,638637.60690000001
1986-09-10,637157.09840000002
1986-09-11,606825.07479999994
1986-09-12,595360.64289999998
1986-09-15,598693.14139999996
1986-09-16,598211.20319999999
1986-09-17,598190.04780000006
1986-09-18,599884.11300000001
1986-09-19,599669.11360000004
1986-09-22,606774.79810000001
1986-09-23,608767.26170000003
1986-09-24,610423.9828
1986-09-25,599013.68209999998
1986-09-26,600128.10490000003
1986-09-29,594218.4423
1986-09-30,597941.10860000004
1986-10-01,603910.40090000001
1986-10-02,604818.19469999999
1986-10-03,604357.37560000003
1986-10-06,607201.92050000001
1986-10-07,606327.91259999992
1986-10-08,612271.21329999994
1986-10-09,610209.34889999998
1986-10-10,609335.30009999999
1986-10-13,610527.14340000006
1986-10-14,609214.11560000002
1986-10-15,618152.78609999991
1986-10-16,620119.23219999997
1986-10-17,618418.85999999999
1986-10-20,611089.21519999998
1986-10-21,610938.24930000002
1986-10-22,612000.89650000003
1986-10-23,619880.63569999998
1986-10-24,617328.16189999995
1986-10-27,618726.51130000001
1986-10-28,620073.15599999996
1986-10-29,624492.63280000002
1986-10-30,631726.63490000006
1986-10-31,632505.13679999998
1986-11-03,637286.01740000001
1986-11-04,638400.18390000006
1986-11-05,639462.72770000005
1986-11-06,637710.71840000001
1986-11-07,637533.853
1986-11-10,638544.73499999999
1986-11-11,641079.03599999996
1986-11-12,640024.22089999996
1986-11-13,630758.43200000003
1986-11-14,634661.22530000005
1986-11-17,631411.72200000007
1986-11-18,614890.48630000011
1986-11-19,617244.09649999999
1986-11-20,628660.58939999994
1986-11-21,638579.42260000005
1986-11-24,642766.1213
1986-11-25,644706.46279999998
1986-11-26,646336.96380000003
1986-11-28,647580.13210000005
1986-12-01,647222.48270000005
1986-12-02,660084.45649999997
1986-12-03,659778.4129
1986-12-04,657768.24199999997
1986-12-05,653021.28540000005
1986-12-08,653076.73909999989
1986-12-09,648303.9915
1986-12-10,652722.88229999994
1986-12-11,645600.64069999999
1986-12-12,643564.80310000002
1986-12-15,645866.50749999995
1986-12-16,650672.56530000002
1986-12-17,644350.84580000001
1986-12-18,642418.29979999992
1986-12-19,650139.86619999993
1986-12-22,647680.5612
1986-12-23,641498.44720000005
1986-12-24,642657.84999999998
1986-12-26,643192.42790000001
1986-12-29,637426.94310000003
1986-12-30,634134.64969999995
1986-12-31,631102.72829999996
1987-01-02,642336.91639999999
1987-01-05,657371.84600000002
1987-01-06,658999.73090000008
1987-01-07,665730.03740000003
1987-01-08,670898.3195000001
1987-01-09,674764.97540000011
1987-01-12,678943.89959999989
1987-01-13,678124.70559999999
1987-01-14,685219.2648
1987-01-15,692730.21560000011
1987-01-16,694878.59230000002
1987-01-19,702936.17930000008
1987-01-20,702247.03799999994
1987-01-21,699214.97930000001
1987-01-22,715108.0172
1987-01-23,705281.73040000012
1987-01-26,704097.9068
1987-01-27,714966.71140000003
1987-01-28,719353.59230000002
1987-01-29,716425.68439999991
1987-01-30,716100.90689999994
1987-02-02,722362.04790000012
1987-02-03,721256.27620000008
1987-02-04,730849.28940000001
1987-02-05,734897.60060000001
1987-02-06,732073.84459999995
1987-02-09,727271.7662999999
1987-02-10,719320.0675
1987-02-11,725841.27159999998
1987-02-12,720935.12769999995
1987-02-13,731647.16590000002
1987-02-17,746810.15480000002
1987-02-18,746719.61699999997
1987-02-19,747201.65969999996
1987-02-20,747059.01079999993
1987-02-23,739081.42050000001
1987-02-24,740474.53560000006
1987-02-25,743481.45209999988
1987-02-26,740866.00099999993
1987-02-27,744185.31110000005
1987-03-02,741153.40119999996
1987-03-03,744160.27010000008
1987-03-04,755964.91129999992
1987-03-05,761001.94900000002
1987-03-06,761457.94339999999
1987-03-09,755406.6923
1987-03-10,762161.56940000004
1987-03-11,760821.58450000011
1987-03-12,763281.7276000001
1987-03-13,759911.54739999992
1987-03-16,755682.41870000004
1987-03-17,766809.86369999999
1987-03-18,767708.25359999994
1987-03-19,771183.37040000001
1987-03-20,781950.25870000012
1987-03-23,789883.42379999999
1987-03-24,791234.13870000001
1987-03-25,788021.6764
1987-03-26,789555.90010000009
1987-03-27,777060.02190000005
1987-03-30,758978.4095999999
1987-03-31,765626.51209999993
1987-04-01,767501.72499999998
1987-04-02,770871.72200000007
1987-04-03,788743.61409999989
1987-04-06,792874.02480000001
1987-04-07,779172.10499999998
1987-04-08,780758.80870000005
1987-04-09,769312.23769999994
1987-04-10,768433.94140000001
1987-04-13,750510.37479999999
1987-04-14,733662.11340000003
1987-04-15,747600.11019999988
1987-04-16,754169.2892
1987-04-20,752110.99430000002
1987-04-21,770506.70990000002
1987-04-22,755179.58140000002
1987-04-23,754301.36450000003
1987-04-24,740495.29509999999
1987-04-27,741400.25840000005
1987-04-28,743275.51520000002
1987-04-29,748769.38439999998
1987-04-30,758799.62269999995
1987-05-01,758026.32310000004
1987-05-04,761605.83159999992
1987-05-05,777378.6198000001
1987-05-06,777811.44559999998
1987-05-07,775910.48659999995
1987-05-08,772488.71659999993
1987-05-11,767860.79940000002
1987-05-12,772489.03610000003
1987-05-13,774364.09909999988
1987-05-14,775137.73659999995
1987-05-15,757373.01099999994
1987-05-18,755419.76520000002
1987-05-19,737078.38239999989
1987-05-20,733473.29540000006
1987-05-21,738704.72680000006
1987-05-22,744014.69819999998
1987-05-26,762330.04879999999
1987-05-27,761425.71430000011
1987-05-28,766840.44550000003
1987-05-29,765201.8541
1987-06-01,764585.82339999999
1987-06-02,761085.64390000002
1987-06-03,774313.90180000011
1987-06-04,778653.45530000003
1987-06-05,774445.35450000002
1987-06-08,783111.12049999996
1987-06-09,784671.31379999989
1987-06-10,785261.38400000008
1987-06-11,788656.95270000002
1987-06-12,796326.18680000002
1987-06-15,800403.41549999989
1987-06-16,804742.74150000012
1987-06-17,804965.6198000001
1987-06-18,807364.71700000006
1987-06-19,810785.95530000003
1987-06-22,817953.58250000002
1987-06-23,814820.31730000011
1987-06-24,810762.62719999999
1987-06-25,816398.29879999999
1987-06-26,811733.20530000003
1987-06-29,813776.75010000006
1987-06-30,803565.17519999994
1987-07-01,800854.63390000002
1987-07-02,808048.52040000004
1987-07-06,806262.40659999999
1987-07-07,812901.5183
1987-07-08,815341.24900000007
1987-07-09,813396.58549999993
1987-07-10,815730.62829999998
1987-07-13,813865.28879999998
1987-07-14,822009.69760000007
1987-07-15,821412.10370000009
1987-07-16,827522.81579999998
1987-07-17,832603.42369999993
1987-07-20,824241.05400000012
1987-07-21,816829.40839999996
1987-07-22,816707.21420000005
1987-07-23,815053.17440000002
1987-07-24,818998.11109999998
1987-07-27,822731.77250000008
1987-07-28,827257.67579999997
1987-07-29,836114.81960000005
1987-07-30,842542.15340000007
1987-07-31,844242.14689999993
1987-08-03,841452.45010000002
1987-08-04,838002.53480000014
1987-08-05,843954.41370000003
1987-08-06,853656.33519999997
1987-08-07,856148.50150000001
1987-08-10,869441.99609999999
1987-08-11,883606.85609999998
1987-08-12,881213.28360000008
1987-08-13,887270.44519999996
1987-08-14,885616.23930000002
1987-08-17,886021.92059999995
1987-08-18,873276.17070000002
1987-08-19,874896.66330000001
1987-08-20,888216.12390000012
1987-08-21,891104.17569999991
1987-08-24,884406.01700000011
1987-08-25,893579.20169999998
1987-08-26,887858.24760000012
1987-08-27,879522.89949999994
1987-08-28,868150.7331999999
1987-08-31,875528.05570000003
1987-09-01,858716.03009999997
1987-09-02,854262.82329999993
1987-09-03,850469.83490000002
1987-09-04,841289.84340000001
1987-09-08,833086.89409999992
1987-09-09,834126.57309999992
1987-09-10,842692.17570000002
1987-09-11,855588.48560000001
1987-09-14,858582.06590000005
1987-09-15,844569.77719999989
1987-09-16,837053.5976000001
1987-09-17,837327.42689999996
1987-09-18,837177.62669999991
1987-09-21,825780.68370000005
1987-09-22,849693.64879999997
1987-09-23,854276.49010000005
1987-09-24,850457.29319999996
1987-09-25,851716.53619999997
1987-09-28,859888.76709999982
1987-09-29,855963.21620000002
1987-09-30,856424.72989999992
1987-10-01,871137.49890000001
1987-10-02,873194.32920000004
1987-10-05,873310.11749999993
1987-10-06,849842.62629999989
1987-10-07,848124.02529999998
1987-10-08,836567.99599999993
1987-10-09,828441.86289999995
1987-10-12,824064.62269999995
1987-10-13,837793.27150000003
1987-10-14,813183.2154000001
1987-10-15,794262.86030000006
1987-10-16,753461.69209999987
1987-10-19,599719.65700000001
1987-10-20,631687.46909999999
1987-10-21,689071.88900000008
1987-10-22,662229.62229999993
1987-10-23,662239.90789999999
1987-10-26,607694.95829999994
1987-10-27,622460.82949999999
1987-10-28,622790.28500000003
1987-10-29,653427.87159999995
1987-10-30,672181.26340000005
1987-11-02,682799.28760000004
1987-11-03,669782.48439999996
1987-11-04,664927.55900000001
1987-11-05,679692.79209999996
1987-11-06,668962.49930000002
1987-11-09,649804.68969999999
1987-11-10,638808.72239999997
1987-11-11,646608.52930000005
1987-11-12,664297.96680000005
1987-11-13,656731.51119999995
1987-11-16,659799.06050000002
1987-11-17,649999.56770000001
1987-11-18,656762.42689999996
1987-11-19,642230.96900000004
1987-11-20,647505.04200000002
1987-11-23,650226.99879999994
1987-11-24,659355.71360000002
1987-11-25,653358.00060000003
1987-11-27,643452.43060000008
1987-11-30,616852.24600000004
1987-12-01,621461.69799999997
1987-12-02,625406.52139999997
1987-12-03,603591.77499999991
1987-12-04,600252.72399999993
1987-12-07,613209.37479999987
1987-12-08,629648.38459999999
1987-12-09,640318.66740000003
1987-12-10,626266.55359999998
1987-12-11,631008.75560000003
1987-12-14,649361.39040000003
1987-12-15,651099.59310000006
1987-12-16,665198.79729999998
1987-12-17,651731.63320000004
1987-12-18,668359.89730000007
1987-12-21,669480.14549999998
1987-12-22,670680.89610000001
1987-12-23,679392.45700000005
1987-12-24,676462.20779999997
1987-12-28,659234.75820000004
1987-12-29,656706.95079999999
1987-12-30,665579.36970000004
1987-12-31,663588.06660000002
1988-01-04,687454.8432
1988-01-05,694771.27340000006
1988-01-06,695569.55220000003
1988-01-07,701517.87659999996
1988-01-08,654221.84279999998
1988-01-11,665293.56099999999
1988-01-12,659842.1063000001
1988-01-13,660989.17229999998
1988-01-14,661277.91779999994
1988-01-15,677928.55330000003
1988-01-18,677573.47310000006
1988-01-19,670807.79209999996
1988-01-20,652964.45070000004
1988-01-21,654433.37250000006
1988-01-22,663546.65799999994
1988-01-25,678855.80000000005
1988-01-26,671982.97050000005
1988-01-27,671574.26640000008
1988-01-28,682162.52419999999
1988-01-29,692402.08840000001
1988-02-01,687058.08610000007
1988-02-02,688580.53170000005
1988-02-03,679669.35900000005
1988-02-04,679770.24849999999
1988-02-05,676518.47380000004
1988-02-08,671630.62819999992
1988-02-09,678758.66330000001
1988-02-10,692109.1385
1988-02-11,690305.67700000003
1988-02-12,694912.44109999994
1988-02-16,700913.77730000007
1988-02-17,699351.71950000001
1988-02-18,695965.89860000007
1988-02-19,705990.22409999999
1988-02-22,716899.6727
1988-02-23,715337.49639999995
1988-02-24,713855.87069999997
1988-02-25,706312.90859999997
1988-02-26,708773.85709999991
1988-02-29,723250.08869999996
1988-03-01,721741.60959999985
1988-03-02,723880.65049999999
1988-03-03,723713.15549999999
1988-03-04,722258.30090000003
1988-03-07,722573.62290000007
1988-03-08,728172.24680000008
1988-03-09,727280.65179999999
1988-03-10,713381.83140000002
1988-03-11,716432.6801
1988-03-14,720368.49030000006
1988-03-15,719825.59419999993
1988-03-16,726684.5797
1988-03-17,733677.65549999999
1988-03-18,733459.55909999995
1988-03-21,727128.25959999987
1988-03-22,727506.14370000002
1988-03-23,727802.87
1988-03-24,712868.94189999998
1988-03-25,699882.91330000001
1988-03-28,698772.96019999997
1988-03-29,704317.94949999999
1988-03-30,699014.92459999991
1988-03-31,701340.66090000002
1988-04-04,693873.47489999991
1988-04-05,700527.53819999984
1988-04-06,719517.09669999999
1988-04-07,721436.96209999989
1988-04-08,730390.17060000007
1988-04-11,732472.28340000007
1988-04-12,735852.79629999993
1988-04-13,736528.15120000008
1988-04-14,704633.88510000007
1988-04-15,704795.37400000007
1988-04-18,703387.93900000013
1988-04-19,700005.85049999994
1988-04-20,695271.16409999994
1988-04-21,696163.1078
1988-04-22,706333.38450000004
1988-04-25,712851.74989999994
1988-04-26,716800.24470000004
1988-04-27,716555.94499999995
1988-04-28,713444.33160000003
1988-04-29,710089.30050000001
1988-05-02,710818.87180000008
1988-05-03,714821.45269999991
1988-05-04,707679.49840000004
1988-05-05,703648.29680000013
1988-05-06,700212.22010000004
1988-05-09,697776.98719999997
1988-05-10,700805.7206
1988-05-11,689254.90529999998
1988-05-12,690823.05079999997
1988-05-13,698855.87390000001
1988-05-16,704183.73829999997
1988-05-17,695310.93810000003
1988-05-18,684490.68900000001
1988-05-19,687898.11349999986
1988-05-20,689222.76020000002
1988-05-23,683406.59999999998
1988-05-24,690763.03019999992
1988-05-25,691546.69400000002
1988-05-26,694007.36689999991
1988-05-27,690841.97560000001
1988-05-31,714589.37400000007
1988-06-01,726949.42379999999
1988-06-02,723378.20260000008
1988-06-03,726514.94349999994
1988-06-06,728245.05170000007
1988-06-07,723267.50950000004
1988-06-08,740549.85400000005
1988-06-09,737086.94310000003
1988-06-10,740061.21499999997
1988-06-13,740628.23599999992
1988-06-14,748497.96640000003
1988-06-15,749010.96999999997
1988-06-16,736460.2540999999
1988-06-17,739006.37620000006
1988-06-20,734358.46459999995
1988-06-21,741914.47069999995
1988-06-22,752910.37079999992
1988-06-23,750719.58099999989
1988-06-24,747982.74560000002
1988-06-27,735199.05889999995
1988-06-28,744174.55430000008
1988-06-29,740646.10140000004
1988-06-30,747628.50420000008
1988-07-01,743035.28859999997
1988-07-05,754140.08129999996
1988-07-06,743895.60589999997
1988-07-07,743342.97769999993
1988-07-08,738640.62170000002
1988-07-11,740190.11920000007
1988-07-12,732921.65769999987
1988-07-13,737037.39120000007
1988-07-14,739706.19150000007
1988-07-15,744695.40560000006
1988-07-18,740593.83480000007
1988-07-19,735127.2215000001
1988-07-20,739406.66099999996
1988-07-21,730391.17920000001
1988-07-22,721867.1362999999
1988-07-25,725191.08180000004
1988-07-26,726685.99700000009
1988-07-27,719445.12900000007
1988-07-28,729157.02080000006
1988-07-29,745639.01719999989
1988-08-01,746260.24919999996
1988-08-02,745953.32819999999
1988-08-03,748567.38760000002
1988-08-04,745803.52209999994
1988-08-05,743776.78930000006
1988-08-08,740685.47879999992
1988-08-09,731260.8909
1988-08-10,718833.64319999993
1988-08-11,721256.63859999995
1988-08-12,720813.28079999995
1988-08-15,710378.98590000009
1988-08-16,715586.32599999988
1988-08-17,716262.20779999997
1988-08-18,717074.62239999999
1988-08-19,715020.74939999997
1988-08-22,706224.52909999993
1988-08-23,706627.44689999998
1988-08-24,717758.19830000005
1988-08-25,712537.88780000003
1988-08-26,714005.39749999996
1988-08-29,721341.69750000001
1988-08-30,721935.73139999993
1988-08-31,719335.93590000004
1988-09-01,710785.62170000002
1988-09-02,727621.00659999996
1988-09-06,730753.46220000007
1988-09-07,731620.34519999998
1988-09-08,731750.25659999996
1988-09-09,734473.2379999999
1988-09-12,733565.8798
1988-09-13,736288.83400000003
1988-09-14,741523.00919999997
1988-09-15,738404.69760000007
1988-09-16,745401.08799999999
1988-09-19,740466.82540000009
1988-09-20,743078.81829999993
1988-09-21,744368.79639999999
1988-09-22,741775.49680000008
1988-09-23,743478.6483
1988-09-26,741160.79469999997
1988-09-27,739559.03899999999
1988-09-28,741923.03870000003
1988-09-29,751695.45730000001
1988-09-30,749928.44540000008
1988-10-03,748574.53169999993
1988-10-04,746587.17760000005
1988-10-05,750107.81980000006
1988-10-06,751673.21710000001
1988-10-07,767421.44759999996
1988-10-10,767995.21499999997
1988-10-11,767247.1361
1988-10-12,756474.76749999996
1988-10-13,759995.29349999991
1988-10-14,760872.05480000004
1988-10-17,763483.78519999993
1988-10-18,771768.51899999997
1988-10-19,765237.26170000003
1988-10-20,781618.33290000004
1988-10-21,783871.93030000001
1988-10-24,780177.16989999998
1988-10-25,780558.16040000005
1988-10-26,777909.91139999998
1988-10-27,766724.80540000007
1988-10-28,770272.7128000001
1988-10-31,771590.01819999993
1988-11-01,771943.46879999992
1988-11-02,772049.08629999985
1988-11-03,772540.27159999998
1988-11-04,764687.46829999995
1988-11-07,758239.16529999999
1988-11-08,761704.40220000001
1988-11-09,756798.24239999999
1988-11-10,757895.29790000001
1988-11-11,742112.07739999995
1988-11-14,741667.02949999995
1988-11-15,743480.03189999994
1988-11-16,731139.14510000008
1988-11-17,733392.77049999998
1988-11-18,738647.85829999996
1988-11-21,738065.18279999995
1988-11-22,740896.99769999995
1988-11-23,745931.74510000006
1988-11-25,741163.5784
1988-11-28,745151.9023999999
1988-11-29,751508.25060000003
1988-11-30,759296.47080000001
1988-12-01,756070.23800000001
1988-12-02,754303.50069999998
1988-12-05,763000.2598
1988-12-06,770430.3459999999
1988-12-07,772022.89260000002
1988-12-08,767888.04559999995
1988-12-09,769205.22129999998
1988-12-12,767906.5233
1988-12-13,767433.93400000001
1988-12-14,764786.07159999991
1988-12-15,762055.62829999998
1988-12-16,767700.24329999997
1988-12-19,775096.29229999997
1988-12-20,771211.20669999998
1988-12-21,771077.25310000009
1988-12-22,769776.26319999993
1988-12-23,772670.93769999989
1988-12-27,769897.32290000014
1988-12-28,770708.06989999989
1988-12-29,777270.38840000005
1988-12-30,772718.57889999996
1989-01-03,766138.46129999997
1989-01-04,777701.98680000007
1989-01-05,779429.63800000004
1989-01-06,781379.51709999994
1989-01-09,782356.90099999995
1989-01-10,780805.87120000005
1989-01-11,785450.82010000001
1989-01-12,788789.86569999997
1989-01-13,790850.74930000014
1989-01-16,791717.00370000012
1989-01-17,790193.69420000003
1989-01-18,798589.37099999993
1989-01-19,799761.16830000002
1989-01-20,799099.21970000002
1989-01-23,793297.28610000003
1989-01-24,804498.90460000001
1989-01-25,806420.86900000006
1989-01-26,813621.54920000001
1989-01-27,819655.32769999991
1989-01-30,823021.82059999998
1989-01-31,830027.94140000001
1989-02-01,829088.05290000001
1989-02-02,828509.36139999994
1989-02-03,828986.43059999996
1989-02-06,826518.54749999999
1989-02-07,836608.34010000003
1989-02-08,834001.48389999999
1989-02-09,826921.73970000003
1989-02-10,815813.59849999985
1989-02-13,817374.24620000005
1989-02-14,815462.05070000002
1989-02-15,822328.95030000003
1989-02-16,824028.43090000004
1989-02-17,829561.78150000016
1989-02-21,827510.69510000001
1989-02-22,813541.35680000007
1989-02-23,816824.31709999987
1989-02-24,803271.91080000007
1989-02-27,805304.78449999995
1989-02-28,808309.91129999992
1989-03-01,803564.19719999994
1989-03-02,811569.99219999998
1989-03-03,815102.90220000001
1989-03-06,825303.20200000005
1989-03-07,822807.71000000008
1989-03-08,823506.9669
1989-03-09,823206.16819999996
1989-03-10,820405.17050000001
1989-03-13,827299.42099999986
1989-03-14,826915.27480000001
1989-03-15,831281.46909999999
1989-03-16,839092.29720000003
1989-03-17,820236.70209999999
1989-03-20,812601.27709999995
1989-03-21,816679.82329999993
1989-03-22,814453.05469999998
1989-03-23,810348.75870000001
1989-03-27,814931.75809999998
1989-03-28,817917.36040000001
1989-03-29,820174.3888999999
1989-03-30,820777.94809999992
1989-03-31,827490.63309999998
1989-04-03,831877.38569999998
1989-04-04,828978.0159
1989-04-05,831711.30240000004
1989-04-06,829176.35060000012
1989-04-07,834543.75760000001
1989-04-10,834530.74629999988
1989-04-11,838525.01780000003
1989-04-12,840053.27469999995
1989-04-13,832922.64209999994
1989-04-14,846948.77980000002
1989-04-17,848084.72330000007
1989-04-18,860261.23900000006
1989-04-19,863554.77760000015
1989-04-20,860991.75200000009
1989-04-21,870702.16280000005
1989-04-24,868251.23959999997
1989-04-25,862942.09169999999
1989-04-26,863573.49609999999
1989-04-27,871126.14659999998
1989-04-28,871421.36109999986
1989-05-01,870091.21990000003
1989-05-02,867416.13879999984
1989-05-03,867655.26750000007
1989-05-04,866689.4384000001
1989-05-05,866368.12150000001
1989-05-08,861983.88439999998
1989-05-09,859841.27839999995
1989-05-10,861677.5229000001
1989-05-11,865026.95360000001
1989-05-12,884459.77730000019
1989-05-15,891087.38829999999
1989-05-16,888748.55329999991
1989-05-17,895039.87479999999
1989-05-18,896539.72389999998
1989-05-19,905828.99799999991
1989-05-22,908029.36739999987
1989-05-23,897901.13430000003
1989-05-24,900325.63329999999
1989-05-25,900536.57760000008
1989-05-26,907444.02690000006
1989-05-30,900454.05520000006
1989-05-31,904699.71519999998
1989-06-01,908889.33680000005
1989-06-02,918962.76939999987
1989-06-05,909311.15099999984
1989-06-06,915630.0493999999
1989-06-07,923349.90159999998
1989-06-08,922916.30280000006
1989-06-09,922875.00159999996
1989-06-12,921740.95799999998
1989-06-13,915339.63150000002
1989-06-14,915242.26900000009
1989-06-15,904862.46710000001
1989-06-16,908523.08620000002
1989-06-19,910171.90969999996
1989-06-20,908484.56310000003
1989-06-21,906429.7673999999
1989-06-22,911753.87370000011
1989-06-23,927934.24329999997
1989-06-26,924098.27640000009
1989-06-27,929422.25689999992
1989-06-28,922108.90819999983
1989-06-29,904900.68520000007
1989-06-30,900216.7635
1989-07-03,903872.77379999997
1989-07-05,907981.10159999994
1989-07-06,910675.77230000007
1989-07-07,920296.86380000005
1989-07-10,926525.37829999998
1989-07-11,931481.63989999995
1989-07-12,934515.49919999996
1989-07-13,935033.32640000014
1989-07-14,940498.34269999992
1989-07-17,942316.54230000009
1989-07-18,939357.09860000003
1989-07-19,951861.28870000015
1989-07-20,945707.33620000014
1989-07-21,952585.69219999993
1989-07-24,946403.57220000005
1989-07-25,947119.1595999999
1989-07-26,959029.36859999993
1989-07-27,970289.35199999996
1989-07-28,970863.53069999989
1989-07-31,982095.08920000005
1989-08-01,975630.29060000007
1989-08-02,977419.98029999994
1989-08-03,978672.54459999991
1989-08-04,976476.41519999993
1989-08-07,992117.61760000011
1989-08-08,992069.79169999994
1989-08-09,985378.90640000009
1989-08-10,989203.83010000002
1989-08-11,979403.50269999995
1989-08-14,974776.3317000001
1989-08-15,979562.34810000006
1989-08-16,982369.63909999991
1989-08-17,979071.09090000018
1989-08-18,983659.14410000003
1989-08-21,968629.65499999991
1989-08-22,970221.38480000012
1989-08-23,980265.05519999994
1989-08-24,999664.96700000006
1989-08-25,996960.01060000004
1989-08-28,1001519.6850000001
1989-08-29,995281.39449999994
1989-08-30,997692.74640000006
1989-08-31,1000075.872
1989-09-01,1006642.362
1989-09-05,1003456.8740000001
1989-09-06,994194.18290000013
1989-09-07,991800.30050000001
1989-09-08,993080.98680000007
1989-09-11,990093.47979999997
1989-09-12,993154.92379999999
1989-09-13,984118.53310000012
1989-09-14,977739.27139999997
1989-09-15,983212.36780000001
1989-09-18,988094.41449999996
1989-09-19,987704.95849999983
1989-09-20,987600.54709999985
1989-09-21,985530.06879999989
1989-09-22,989500.13290000008
1989-09-25,981588.5466
1989-09-26,981996.93150000006
1989-09-27,984314.48330000008
1989-09-28,994410.57819999987
1989-09-29,996101.12989999994
1989-10-02,1001125.375
1989-10-03,1012190.0379999999
1989-10-04,1018667.339
1989-10-05,1018876.1930000001
1989-10-06,1024156.6990000001
1989-10-09,1027186.2450000001
1989-10-10,1025400.6590000001
1989-10-11,1019426.651
1989-10-12,1014991.368
1989-10-13,953173.24939999997
1989-10-16,979509.37370000011
1989-10-17,974817.78989999997
1989-10-18,976650.84250000003
1989-10-19,992074.2932999999
1989-10-20,992283.23750000005
1989-10-23,985768.19190000009
1989-10-24,982672.25819999981
1989-10-25,979376.80239999993
1989-10-26,966479.93129999994
1989-10-27,958426.63730000006
1989-10-30,958578.75260000001
1989-10-31,973773.83349999995
1989-11-01,976290.6531
1989-11-02,968664.78180000011
1989-11-03,966338.12560000003
1989-11-06,952188.06609999994
1989-11-07,958579.54099999985
1989-11-08,968218.78260000015
1989-11-09,963840.97409999999
1989-11-10,971172.45829999994
1989-11-13,972577.98580000002
1989-11-14,968257.15799999994
1989-11-15,975645.57769999991
1989-11-16,975882.99849999999
1989-11-17,978940.91260000004
1989-11-20,972625.9375
1989-11-21,973433.18249999988
1989-11-22,980166.16769999999
1989-11-24,986158.36529999995
1989-11-27,990953.95360000001
1989-11-28,991533.24709999992
1989-11-29,985474.75260000012
1989-11-30,992406.91940000001
1989-12-01,1005748.987
1989-12-04,1008094.47
1989-12-05,1003004.5009999999
1989-12-06,1000193.6609999998
1989-12-07,997582.27709999995
1989-12-08,1000839.3840000001
1989-12-11,1000592.455
1989-12-12,1009746.469
1989-12-13,1012775.5460000001
1989-12-14,1007714.2090000001
1989-12-15,1005506.55
1989-12-18,987115.33529999992
1989-12-19,983714.6209000001
1989-12-20,984937.42310000001
1989-12-21,990640.05249999987
1989-12-22,998352.853
1989-12-26,996732.57059999998
1989-12-27,1002607.385
1989-12-28,1008080.169
1989-12-29,1016051.138
1990-01-02,1034245.132
1990-01-03,1031705.8940000001
1990-01-04,1022963.9879999999
1990-01-05,1013130.928
1990-01-08,1017828.165
1990-01-09,1005985.059
1990-01-10,999483.19979999994
1990-01-11,1003117.9740000002
1990-01-12,978554.13819999993
1990-01-15,970272.11920000007
1990-01-16,981171.90879999998
1990-01-17,971683.86859999993
1990-01-18,974083.95419999992
1990-01-19,976972.12600000005
1990-01-22,951920.8409999999
1990-01-23,955584.33879999991
1990-01-24,951839.57549999992
1990-01-25,939968.5101999999
1990-01-26,939296.20319999999
1990-01-29,937705.11199999996
1990-01-30,931462.26839999994
1990-01-31,949109.47940000007
1990-02-01,948408.49380000005
1990-02-02,954656.20840000012
1990-02-05,957458.19590000005
1990-02-06,951301.53200000001
1990-02-07,963176.9861000001
1990-02-08,961040.20369999995
1990-02-09,963066.89819999994
1990-02-12,953034.00949999993
1990-02-13,955864.68099999998
1990-02-14,958838.94870000007
1990-02-15,967239.87719999999
1990-02-16,961140.75489999994
1990-02-20,947691.25100000005
1990-02-21,946904.17059999995
1990-02-22,941379.4770999999
1990-02-23,937060.69310000003
1990-02-26,950170.35660000006
1990-02-27,954867.21180000005
1990-02-28,959678.90439999988
1990-03-01,962250.95019999985
1990-03-02,970421.89519999991
1990-03-05,965385.30720000004
1990-03-06,977547.04040000017
1990-03-07,974864.91100000008
1990-03-08,984528.55720000004
1990-03-09,977941.64780000015
1990-03-12,980197.86479999998
1990-03-13,972663.50829999987
1990-03-14,975292.89650000015
1990-03-15,978869.77060000005
1990-03-16,990056.15090000012
1990-03-19,994893.90260000003
1990-03-20,989365.22199999995
1990-03-21,984212.94220000005
1990-03-22,972632.48640000005
1990-03-23,977209.63530000008
1990-03-26,978543.68250000011
1990-03-27,989896.46310000005
1990-03-28,991491.04489999986
1990-03-29,988134.2043000001
1990-03-30,985819.75
1990-04-02,982376.09279999998
1990-04-03,996826.89900000009
1990-04-04,989589.99690000003
1990-04-05,988694.43760000018
1990-04-06,986959.07370000007
1990-04-09,990841.08840000012
1990-04-10,993014.74600000004
1990-04-11,992727.21290000004
1990-04-12,999880.96659999993
1990-04-16,1001185.8759999999
1990-04-17,1001158.8949999999
1990-04-18,989839.73470000003
1990-04-19,982371.53519999993
1990-04-20,973918.9621
1990-04-23,962281.49250000005
1990-04-24,960430.54720000003
1990-04-25,965412.75939999998
1990-04-26,968136.54959999979
1990-04-27,957252.00959999999
1990-04-30,962292.0527
1990-05-01,966637.20549999992
1990-05-02,973240.67670000007
1990-05-03,976543.39650000003
1990-05-04,984855.00030000007
1990-05-07,991197.67499999993
1990-05-08,995629.49329999997
1990-05-09,998237.15449999995
1990-05-10,1001163.4090000001
1990-05-11,1024993.2659999998
1990-05-14,1033101.814
1990-05-15,1031887.661
1990-05-16,1031223.6150000001
1990-05-17,1032730.9800000001
1990-05-18,1033369.809
1990-05-21,1043244.1950000001
1990-05-22,1044635.666
1990-05-23,1047272.115
1990-05-24,1044870.9159999999
1990-05-25,1033929.03
1990-05-29,1051649.0989999999
1990-05-30,1052403.5820000002
1990-05-31,1053621.3759999999
1990-06-01,1059355.4200000002
1990-06-04,1071777.068
1990-06-05,1069723.324
1990-06-06,1065006.007
1990-06-07,1059912.442
1990-06-08,1047204.9340000001
1990-06-11,1055805.0159999998
1990-06-12,1069326.5209999999
1990-06-13,1065564.6969999999
1990-06-14,1059921.1680000001
1990-06-15,1060030.0140000002
1990-06-18,1042540.322
1990-06-19,1047308.05
1990-06-20,1049271.709
1990-06-21,1053396.7779999999
1990-06-22,1038799.0090000001
1990-06-25,1029809.4440000001
1990-06-26,1029202.7749999999
1990-06-27,1038322.5580000001
1990-06-28,1045718.9059999998
1990-06-29,1046981.4609999999
1990-07-02,1051544.6229999999
1990-07-03,1053478.963
1990-07-05,1040517.2640000001
1990-07-06,1048643.747
1990-07-09,1051979.9849999999
1990-07-10,1043253.5649999999
1990-07-11,1057221.4299999999
1990-07-12,1069641.1169999999
1990-07-13,1075226.2379999999
1990-07-16,1080139.611
1990-07-17,1076086.294
1990-07-18,1066571.425
1990-07-19,1069907.585
1990-07-20,1059195.2390000001
1990-07-23,1040918.578
1990-07-24,1042444.0120000001
1990-07-25,1046364.285
1990-07-26,1043041.446
1990-07-27,1035951.0190000001
1990-07-30,1042236.9500000001
1990-07-31,1044112.807
1990-08-01,1042396.307
1990-08-02,1030720.7679999999
1990-08-03,1011510.145
1990-08-06,981172.4902
1990-08-07,982464.39799999993
1990-08-08,992868.39930000005
1990-08-09,997635.66879999998
1990-08-10,984850.66830000002
1990-08-13,994670.41019999993
1990-08-14,996400.38619999995
1990-08-15,998480.70189999999
1990-08-16,976204.49580000003
1990-08-17,963010.91119999997
1990-08-20,965120.65039999993
1990-08-21,945823.53319999983
1990-08-22,930439.9926
1990-08-23,902849.3143000002
1990-08-24,915969.08340000012
1990-08-27,945092.37319999991
1990-08-28,944924.15919999999
1990-08-29,953371.03570000001
1990-08-30,937491.31440000003
1990-08-31,948858.49040000013
1990-09-04,950530.08329999994
1990-09-05,954450.36210000003
1990-09-06,943097.30810000002
1990-09-07,951806.81680000015
1990-09-10,946761.76390000002
1990-09-11,945162.64560000005
1990-09-12,949666.86909999989
1990-09-13,938430.88089999999
1990-09-14,933239.88870000013
1990-09-17,936108.7868
1990-09-18,938656.48249999993
1990-09-19,932939.9325
1990-09-20,918112.4384000001
1990-09-21,917718.16209999996
1990-09-24,898019.56389999995
1990-09-25,908978.49170000013
1990-09-26,899685.8293000001
1990-09-27,887769.74549999996
1990-09-28,902884.8848
1990-10-01,929231.01189999992
1990-10-02,930167.15280000004
1990-10-03,919076.49889999989
1990-10-04,923019.42379999999
1990-10-05,919651.91730000009
1990-10-08,925628.74340000004
1990-10-09,901067.22799999989
1990-10-10,887323.98379999993
1990-10-11,872932.25930000003
1990-10-12,886543.63379999995
1990-10-15,896116.62340000004
1990-10-16,883552.64700000011
1990-10-17,883221.45629999996
1990-10-18,903936.29700000002
1990-10-19,923943.67420000001
1990-10-22,930804.50650000002
1990-10-23,923870.46499999997
1990-10-24,924718.23549999995
1990-10-25,917695.93519999995
1990-10-26,901742.48339999991
1990-10-29,893541.31959999993
1990-10-30,900107.33840000012
1990-10-31,900070.86900000018
1990-11-01,909112.71970000002
1990-11-02,923489.57569999981
1990-11-05,931705.97589999996
1990-11-06,923092.19189999998
1990-11-07,906697.1845999998
1990-11-08,911553.40250000008
1990-11-09,929761.63299999991
1990-11-12,946820.27249999996
1990-11-13,941625.62400000007
1990-11-14,949812.2379999999
1990-11-15,939990.1629
1990-11-16,940425.13989999983
1990-11-19,947108.56000000006
1990-11-20,935370.82900000003
1990-11-21,937633.1703
1990-11-23,935032.37860000005
1990-11-26,939328.37790000008
1990-11-27,944154.8432
1990-11-28,943852.96279999998
1990-11-29,939483.78279999993
1990-11-30,956718.29550000001
1990-12-03,962399.36219999997
1990-12-04,969170.86440000008
1990-12-05,979832.72849999997
1990-12-06,977467.60660000006
1990-12-07,973717.29420000012
1990-12-10,977217.26730000007
1990-12-11,970136.60900000017
1990-12-12,981328.7459000001
1990-12-13,978963.66260000016
1990-12-14,971676.84239999996
1990-12-17,969459.13610000012
1990-12-18,981476.31050000002
1990-12-19,982058.50760000013
1990-12-20,981962.73469999991
1990-12-21,986893.09389999998
1990-12-24,981539.63139999995
1990-12-26,984515.69900000014
1990-12-27,977050.21200000006
1990-12-28,978479.33250000002
1990-12-31,983091.46239999996
1991-01-02,972026.63799999992
1991-01-03,958671.28720000002
1991-01-04,956114.32609999995
1991-01-07,939724.95419999992
1991-01-08,938268.71109999996
1991-01-09,928275.11159999995
1991-01-10,937468.34999999986
1991-01-11,939700.7906999999
1991-01-14,931700.27229999995
1991-01-15,935539.05579999997
1991-01-16,942947.32609999995
1991-01-17,978198.0401000001
1991-01-18,991019.92609999992
1991-01-21,987689.52130000002
1991-01-22,979659.31709999987
1991-01-23,985460.98220000009
1991-01-24,999204.75989999995
1991-01-25,1003191.8679999999
1991-01-28,1003222.7390000001
1991-01-29,1002807.4469999999
1991-01-30,1018038.22
1991-01-31,1027171.059
1991-02-01,1024703.2640000001
1991-02-04,1040588.178
1991-02-05,1049423.4540000001
1991-02-06,1069829.328
1991-02-07,1065368.477
1991-02-08,1073935.872
1991-02-11,1101539.5259999998
1991-02-12,1092527.8209999998
1991-02-13,1103147.2849999999
1991-02-14,1089019.6529999999
1991-02-15,1103565.2779999999
1991-02-19,1104696.3700000001
1991-02-20,1092204.7620000001
1991-02-21,1091848.6159999999
1991-02-22,1094020.6899999999
1991-02-25,1098958.9559999998
1991-02-26,1085872.655
1991-02-27,1100685.5869999998
1991-02-28,1098842.3509999998
1991-03-01,1109104.452
1991-03-04,1105863.1899999999
1991-03-05,1127992.6090000002
1991-03-06,1126506.196
1991-03-07,1125882.2620000001
1991-03-08,1123176.4180000001
1991-03-11,1117407.0490000001
1991-03-12,1108842.04
1991-03-13,1122494.4370000002
1991-03-14,1119461.4379999998
1991-03-15,1119794.1370000001
1991-03-18,1115499.726
1991-03-19,1099096.0109999999
1991-03-20,1103224.3899999999
1991-03-21,1099349.672
1991-03-22,1102189.183
1991-03-25,1109374.6579999998
1991-03-26,1128909.1159999999
1991-03-27,1126203.4449999998
1991-03-28,1125955.5090000001
1991-04-01,1114347.8319999999
1991-04-02,1139067.298
1991-04-03,1137530.514
1991-04-04,1140159.8770000001
1991-04-05,1127083.7009999999
1991-04-08,1137116.338
1991-04-09,1121972.182
1991-04-10,1120885.0549999999
1991-04-11,1134454.2719999999
1991-04-12,1142898.1340000001
1991-04-15,1145407.5859999999
1991-04-16,1164820.9739999999
1991-04-17,1173444.541
1991-04-18,1167621.7109999999
1991-04-19,1154995.5630000001
1991-04-22,1145396.5390000001
1991-04-23,1147965.834
1991-04-24,1151104.5659999999
1991-04-25,1140726.3929999999
1991-04-26,1140178.6950000001
1991-04-29,1124256.149
1991-04-30,1129432.895
1991-05-01,1144409.98
1991-05-02,1145240.8840000001
1991-05-03,1146221.6869999999
1991-05-06,1144205.477
1991-05-07,1136075.4790000001
1991-05-08,1139783.571
1991-05-09,1154130.8509999998
1991-05-10,1131765.25
1991-05-13,1134963.8859999999
1991-05-14,1119701.2549999999
1991-05-15,1110702.398
1991-05-16,1121692.9850000001
1991-05-17,1122434.128
1991-05-20,1122246.1440000001
1991-05-21,1131588.3159999999
1991-05-22,1134247.362
1991-05-23,1130702.868
1991-05-24,1138426.5790000001
1991-05-28,1151904.2009999999
1991-05-29,1154593.1300000001
1991-05-30,1167231.3940000001
1991-05-31,1175973.7560000001
1991-06-03,1170810.9820000001
1991-06-04,1169993.5250000001
1991-06-05,1162193.639
1991-06-06,1157959.963
1991-06-07,1145515.1679999998
1991-06-10,1143079.6459999999
1991-06-11,1150653.102
1991-06-12,1137609.1859999998
1991-06-13,1140687.6429999999
1991-06-14,1154793.879
1991-06-17,1148462.628
1991-06-18,1143989.3459999999
1991-06-19,1133642.6740000001
1991-06-20,1134773.2860000001
1991-06-21,1141898.0630000001
1991-06-24,1121456.7120000001
1991-06-25,1120724.673
1991-06-26,1123710.804
1991-06-27,1132349.645
1991-06-28,1122700.226
1991-07-01,1143279.2479999999
1991-07-02,1142063.4780000001
1991-07-03,1129693.524
1991-07-05,1132105.2139999999
1991-07-08,1143917.8159999999
1991-07-09,1138530.6099999999
1991-07-10,1137556.753
1991-07-11,1141419.334
1991-07-12,1151478.48
1991-07-15,1158091.6800000002
1991-07-16,1155666.824
1991-07-17,1154723.085
1991-07-18,1167532.699
1991-07-19,1164201.0649999999
1991-07-22,1160295.139
1991-07-23,1149981.203
1991-07-24,1147768.04
1991-07-25,1154925.0170000002
1991-07-26,1154978.827
1991-07-29,1161833.5349999999
1991-07-30,1172678.0590000001
1991-07-31,1176207.7729999998
1991-08-01,1174266.5819999999
1991-08-02,1174592.3389999999
1991-08-05,1168328.9240000001
1991-08-06,1185278.746
1991-08-07,1185241.7680000002
1991-08-08,1181638.2250000001
1991-08-09,1175133.023
1991-08-12,1177997.666
1991-08-13,1182978.071
1991-08-14,1183968.736
1991-08-15,1182390.2720000001
1991-08-16,1171200.4079999998
1991-08-19,1143810.3309999998
1991-08-20,1152901.246
1991-08-21,1186776.047
1991-08-22,1189156.9609999999
1991-08-23,1197885.023
1991-08-26,1197062.1459999999
1991-08-27,1194818.7519999999
1991-08-28,1205783.22
1991-08-29,1205413.659
1991-08-30,1202414.6709999999
1991-09-03,1192645.696
1991-09-04,1186201.3730000001
1991-09-05,1183837.243
1991-09-06,1183860.6850000001
1991-09-09,1182403.233
1991-09-10,1170428.2180000001
1991-09-11,1172174.4270000001
1991-09-12,1179118.912
1991-09-13,1167929.8570000001
1991-09-16,1174692.9790000001
1991-09-17,1173991.1499999999
1991-09-18,1178487.5390000001
1991-09-19,1180505.665
1991-09-20,1181671.1490000002
1991-09-23,1175719.067
1991-09-24,1181311.9109999998
1991-09-25,1178923.9100000001
1991-09-26,1177876.142
1991-09-27,1176219.213
1991-09-30,1182329.852
1991-10-01,1186551.969
1991-10-02,1183828.8740000001
1991-10-03,1172424.452
1991-10-04,1162756.3959999999
1991-10-07,1157566.1229999999
1991-10-08,1161270.3840000001
1991-10-09,1149622.483
1991-10-10,1161185.4459999998
1991-10-11,1164067.2620000001
1991-10-14,1179498.4709999999
1991-10-15,1193467.551
1991-10-16,1199059.993
1991-10-17,1196519.807
1991-10-18,1198426.6159999999
1991-10-21,1191012.8300000001
1991-10-22,1184482.4469999999
1991-10-23,1184957.7859999998
1991-10-24,1176356.277
1991-10-25,1173846.6299999999
1991-10-28,1190190.953
1991-10-29,1196301.1510000001
1991-10-30,1200949.1629999999
1991-10-31,1199536.0160000001
1991-11-01,1196234.3800000001
1991-11-04,1193206.882
1991-11-05,1188565.1270000001
1991-11-06,1192543.0920000002
1991-11-07,1204105.0279999999
1991-11-08,1201717.2270000002
1991-11-11,1202557.8629999999
1991-11-12,1213723.6680000001
1991-11-13,1215904.483
1991-11-14,1215252.6740000001
1991-11-15,1171138.379
1991-11-18,1179258.4169999999
1991-11-19,1161672.74
1991-11-20,1159102.344
1991-11-21,1163902.5549999999
1991-11-22,1152103.888
1991-11-25,1149807.6540000001
1991-11-26,1157927.5890000002
1991-11-27,1153773.558
1991-11-29,1149863.26
1991-12-02,1168825.4750000001
1991-12-03,1167625.686
1991-12-04,1165055.4470000002
1991-12-05,1157033.6159999999
1991-12-06,1162381.834
1991-12-09,1159963.8840000001
1991-12-10,1159007.754
1991-12-11,1158539.0190000001
1991-12-12,1170404.5179999999
1991-12-13,1179437.72
1991-12-16,1179547.473
1991-12-17,1174449.469
1991-12-18,1176843.4399999999
1991-12-19,1174059.9740000002
1991-12-20,1188001.473
1991-12-23,1218167.8590000002
1991-12-24,1226019.1140000001
1991-12-26,1243078.6970000002
1991-12-27,1248198.0649999999
1991-12-30,1274987.5040000002
1991-12-31,1281119.574
1992-01-02,1281788.189
1992-01-03,1288319.2220000001
1992-01-06,1284230.236
1992-01-07,1282658.172
1992-01-08,1284953.517
1992-01-09,1283596.243
1992-01-10,1276039.088
1992-01-13,1273853.179
1992-01-14,1292722.689
1992-01-15,1293882.2409999999
1992-01-16,1286171.6399999999
1992-01-17,1288313.3929999999
1992-01-20,1280787.0179999999
1992-01-21,1269516.3219999999
1992-01-22,1286513.148
1992-01-23,1276930.45
1992-01-24,1278673.28
1992-01-27,1277316.0909999998
1992-01-28,1277370.801
1992-01-29,1263338.0460000001
1992-01-30,1267413.395
1992-01-31,1258843.855
1992-02-03,1261292.5530000001
1992-02-04,1274698.017
1992-02-05,1274814.085
1992-02-06,1274899.524
1992-02-07,1266667.6710000001
1992-02-10,1275039.5859999999
1992-02-11,1275155.7439999999
1992-02-12,1285645.2180000001
1992-02-13,1275234.456
1992-02-14,1271667.74
1992-02-18,1256162.5279999999
1992-02-19,1259010.1209999998
1992-02-20,1276466.041
1992-02-21,1269032.426
1992-02-24,1271757.1529999999
1992-02-25,1266318.51
1992-02-26,1281503.1499999999
1992-02-27,1277077.125
1992-02-28,1273664.024
1992-03-02,1273043.5790000001
1992-03-03,1274417.905
1992-03-04,1263762.1290000002
1992-03-05,1255254.7790000001
1992-03-06,1249049.05
1992-03-09,1251558.9080000001
1992-03-10,1256861.5
1992-03-11,1248231.4309999999
1992-03-12,1247948.7180000001
1992-03-13,1254079.7150000001
1992-03-16,1255914.4609999999
1992-03-17,1265850.649
1992-03-18,1264677.9029999999
1992-03-19,1266819.3900000001
1992-03-20,1271520.3190000001
1992-03-23,1267381.1369999999
1992-03-24,1264354.865
1992-03-25,1260308.385
1992-03-26,1261517.409
1992-03-27,1248196.804
1992-03-30,1246809.0919999999
1992-03-31,1249100.1599999999
1992-04-01,1250927.5219999999
1992-04-02,1239554.6429999999
1992-04-03,1242958.558
1992-04-06,1255605.6500000001
1992-04-07,1232485.8300000001
1992-04-08,1221638.7590000001
1992-04-09,1240777.5700000001
1992-04-10,1252218.8259999999
1992-04-13,1257910.1440000001
1992-04-14,1277574.165
1992-04-15,1289757.03
1992-04-16,1289172.9870000002
1992-04-20,1271216.061
1992-04-21,1271621.3100000001
1992-04-22,1270388.1159999999
1992-04-23,1276079.3100000001
1992-04-24,1268261.8370000001
1992-04-27,1266657.8370000001
1992-04-28,1268855.841
1992-04-29,1278009.0459999999
1992-04-30,1287224.0659999999
1992-05-01,1279901.2920000001
1992-05-04,1293598.3190000001
1992-05-05,1293539.7239999999
1992-05-06,1293543.0129999998
1992-05-07,1290795.1809999999
1992-05-08,1291571.156
1992-05-11,1299271.1940000001
1992-05-12,1292628.6979999999
1992-05-13,1293281.084
1992-05-14,1283207.558
1992-05-15,1273937.7109999999
1992-05-18,1282503.1509999998
1992-05-19,1293664.9569999999
1992-05-20,1290793.645
1992-05-21,1282327.594
1992-05-22,1286874.557
1992-05-26,1278965.0279999999
1992-05-27,1281472.0290000001
1992-05-28,1295755.3670000001
1992-05-29,1291616.8229999999
1992-06-01,1297801.845
1992-06-02,1286214.2449999999
1992-06-03,1289741.1240000001
1992-06-04,1285788.108
1992-06-05,1286625.9249999998
1992-06-08,1286412.7620000001
1992-06-09,1276370.8430000001
1992-06-10,1267843.476
1992-06-11,1273564.798
1992-06-12,1275917.203
1992-06-15,1277713.1769999999
1992-06-16,1271782.179
1992-06-17,1253209.9819999998
1992-06-18,1249349.8770000001
1992-06-19,1257872.6190000002
1992-06-22,1257183.9350000001
1992-06-23,1259330.9940000002
1992-06-24,1258860.4569999999
1992-06-25,1256769.608
1992-06-26,1257950.6790000002
1992-06-29,1275210.3870000001
1992-06-30,1272870.26
1992-07-01,1287792.7759999998
1992-07-02,1284486.5729999999
1992-07-06,1291089.3029999998
1992-07-07,1276659.155
1992-07-08,1280301.662
1992-07-09,1292762.338
1992-07-10,1294130.0870000001
1992-07-13,1295061.6459999999
1992-07-14,1303969.9359999998
1992-07-15,1302315.2920000001
1992-07-16,1303838.8370000001
1992-07-17,1298008.8400000001
1992-07-20,1292334.7390000001
1992-07-21,1292518.5079999999
1992-07-22,1283853.1880000001
1992-07-23,1287588.9890000001
1992-07-24,1286246.051
1992-07-27,1286211.7109999999
1992-07-28,1304996.73
1992-07-29,1319824.689
1992-07-30,1325242.831
1992-07-31,1326298.787
1992-08-03,1329193.1120000002
1992-08-04,1327071.0220000001
1992-08-05,1320462.385
1992-08-06,1315629.6850000001
1992-08-07,1310454.3390000002
1992-08-10,1312289.344
1992-08-11,1310821.6240000001
1992-08-12,1307484.5890000002
1992-08-13,1307481.3570000001
1992-08-14,1314425.9590000003
1992-08-17,1317164.3810000001
1992-08-18,1319186.25
1992-08-19,1309524.5559999999
1992-08-20,1309895.173
1992-08-21,1299423.5020000001
1992-08-24,1286708.6910000001
1992-08-25,1289634.081
1992-08-26,1295706.2849999999
1992-08-27,1295921.1129999999
1992-08-28,1300155.0009999999
1992-08-31,1297783.9709999999
1992-09-01,1304292.175
1992-09-02,1310395.3
1992-09-03,1310547.794
1992-09-04,1307896.284
1992-09-08,1299824.0190000001
1992-09-09,1305958.159
1992-09-10,1317295.1709999999
1992-09-11,1316294.848
1992-09-14,1334174.03
1992-09-15,1317191.7149999999
1992-09-16,1317811.5630000001
1992-09-17,1317995.112
1992-09-18,1327479.858
1992-09-21,1325143.915
1992-09-22,1309593.7480000001
1992-09-23,1310679.0150000001
1992-09-24,1314055.584
1992-09-25,1301267.7259999998
1992-09-28,1308536.2760000001
1992-09-29,1309244.9010000001
1992-09-30,1312527.2679999999
1992-10-01,1307931.6009999998
1992-10-02,1289808.2390000001
1992-10-05,1280849.919
1992-10-06,1279769.588
1992-10-07,1270717.2179999999
1992-10-08,1281846.1950000001
1992-10-09,1266014.4890000001
1992-10-12,1281160.7949999999
1992-10-13,1287142.2889999999
1992-10-14,1287505.7690000001
1992-10-15,1288371.4270000001
1992-10-16,1295200.2960000001
1992-10-19,1305544.2570000002
1992-10-20,1307257.2040000001
1992-10-21,1307997.2079999999
1992-10-22,1305724.1780000001
1992-10-23,1303357.1099999999
1992-10-26,1316243.0040000002
1992-10-27,1317422.298
1992-10-28,1322713.0429999998
1992-10-29,1325147.6599999999
1992-10-30,1318449.517
1992-11-02,1331366.5279999999
1992-11-03,1322628.4679999999
1992-11-04,1313953.111
1992-11-05,1317957.0020000001
1992-11-06,1315715.442
1992-11-09,1319028.8540000001
1992-11-10,1319266.628
1992-11-11,1330645.5430000001
1992-11-12,1332891.7479999999
1992-11-13,1331654.4569999999
1992-11-16,1326306.0109999999
1992-11-17,1322024.611
1992-11-18,1333403.3030000001
1992-11-19,1335931.8870000001
1992-11-20,1345615.7590000001
1992-11-23,1340957.7779999999
1992-11-24,1348852.7449999999
1992-11-25,1354017.4199999999
1992-11-27,1357204.9719999998
1992-11-30,1361082.906
1992-12-01,1359437.581
1992-12-02,1356788.1259999999
1992-12-03,1356994.3319999999
1992-12-04,1363884.8019999999
1992-12-07,1374227.1880000003
1992-12-08,1379642.6199999999
1992-12-09,1375580.9519999998
1992-12-10,1372554.9399999999
1992-12-11,1369842.6819999998
1992-12-14,1367193.1730000002
1992-12-15,1366489.3630000001
1992-12-16,1363337.7859999998
1992-12-17,1375750.9809999999
1992-12-18,1394294.4649999999
1992-12-21,1392617.3790000002
1992-12-22,1391540.55
1992-12-23,1387651.703
1992-12-24,1390145.29
1992-12-28,1388341.8330000001
1992-12-29,1384800.6480000003
1992-12-30,1387610.196
1992-12-31,1377939.3580000002
1993-01-04,1377052.2749999999
1993-01-05,1373921.8459999999
1993-01-06,1374646.084
1993-01-07,1362827.0800000001
1993-01-08,1357674.6030000001
1993-01-11,1363833.3430000001
1993-01-12,1364273.2649999999
1993-01-13,1370716.1799999999
1993-01-14,1380065.8
1993-01-15,1384044.2340000002
1993-01-18,1383220.3149999999
1993-01-19,1377973.213
1993-01-20,1372568.122
1993-01-21,1379421.5990000002
1993-01-22,1381535.9269999999
1993-01-25,1394013.1199999999
1993-01-26,1393979.0260000001
1993-01-27,1388321.1730000002
1993-01-28,1390214.3540000001
1993-01-29,1390748.9319999998
1993-02-01,1400645.676
1993-02-02,1403616.8154
1993-02-03,1418461.0654
1993-02-04,1424401.3681999999
1993-02-05,1423415.9594000001
1993-02-08,1423421.2971999999
1993-02-09,1413534.8846999998
1993-02-10,1415518.5430000001
1993-02-11,1422449.7112
1993-02-12,1411572.4147999999
1993-02-16,1375966.8716
1993-02-17,1374984.4203999999
1993-02-18,1373998.7964999999
1993-02-19,1378951.5374
1993-02-22,1383901.1499000001
1993-02-23,1382918.7137000002
1993-02-24,1400729.7200000002
1993-02-25,1403701.0377
1993-02-26,1405684.7408000003
1993-03-01,1401733.1188999999
1993-03-02,1422513.7258000001
1993-03-03,1428454.4443000001
1993-03-04,1420545.926
1993-03-05,1416594.3006
1993-03-08,1448255.3514
1993-03-09,1443312.9722999998
1993-03-10,1446287.7150000001
1993-03-11,1442336.1271000002
1993-03-12,1427501.1040000001
1993-03-15,1434432.8624000002
1993-03-16,1434438.2415
1993-03-17,1425538.628
1993-03-18,1434449
1993-03-19,1432298.2658000002
1993-03-22,1424351.9375
1993-03-23,1427340.7677000002
1993-03-24,1427346.1203000001
1993-03-25,1436295.645
1993-03-26,1428349.2125000001
1993-03-29,1434318.4553
1993-03-30,1438299.7730999999
1993-03-31,1437312.7686000001
1993-04-01,1432346.6069999998
1993-04-02,1402532.0991
1993-04-05,1409496.9475
1993-04-06,1405526.2190999999
1993-04-07,1410499.9356
1993-04-08,1408517.2031
1993-04-12,1428402.7785
1993-04-13,1431391.7805000001
1993-04-14,1429409.1040999999
1993-04-15,1429414.4643000001
1993-04-16,1429419.8245999999
1993-04-19,1423460.9853999999
1993-04-20,1416506.4738999999
1993-04-21,1415519.3355999999
1993-04-22,1397631.8432
1993-04-23,1391672.7948
1993-04-26,1380741.8511000001
1993-04-27,1395659.4556999998
1993-04-28,1392680.9206000001
1993-04-29,1398650.5222
1993-04-30,1400643.9009
1993-05-03,1409597.3793000001
1993-05-04,1414571.4463999998
1993-05-05,1418553.0630999999
1993-05-06,1413589.5644999999
1993-05-07,1410611.0185
1993-05-10,1413600.1665000001
1993-05-11,1419570.0250999997
1993-05-12,1417587.1552000002
1993-05-13,1400691.1740000001
1993-05-14,1399703.9130000002
1993-05-17,1404678.1108000001
1993-05-18,1403690.8572999998
1993-05-19,1432523.8753
1993-05-20,1436505.7233000002
1993-05-21,1423589.1056000001
1993-05-24,1429559.2028000001
1993-05-25,1432545.3636000003
1993-05-26,1450445.1458999999
1993-05-27,1445481.4878
1993-05-28,1438526.3284
1993-06-01,1452449.7538999999
1993-06-02,1450466.9031
1993-06-03,1445503.1705
1993-06-04,1440536.2193
1993-06-07,1435572.412
1993-06-08,1422652.0763999999
1993-06-09,1427629.8393999999
1993-06-10,1428627.7736000002
1993-06-11,1434598.1805
1993-06-14,1432615.2028999999
1993-06-15,1429639.6187999998
1993-06-16,1432625.9475999998
1993-06-17,1437603.8598
1993-06-18,1425854.5427000001
1993-06-21,1428862.1946
1993-06-22,1429870.4609999999
1993-06-23,1416857.1928999999
1993-06-24,1435889.0672999998
1993-06-25,1434891.5324000001
1993-06-28,1450918.0508000001
1993-06-29,1443915.8202
1993-06-30,1443921.2349
1993-07-01,1439921.3203
1993-07-02,1431916.0311000003
1993-07-06,1416899.7004
1993-07-07,1420910.3884999999
1993-07-08,1436937.2756999999
1993-07-09,1440948.0687000002
1993-07-12,1439953.7196000002
1993-07-13,1438956.1586000002
1993-07-14,1443969.9687999999
1993-07-15,1437967.1869000001
1993-07-16,1433967.0996000001
1993-07-19,1432969.5011000002
1993-07-20,1436980.3844999999
1993-07-21,1435985.9941999998
1993-07-22,1425977.5297999999
1993-07-23,1432990.9959999998
1993-07-26,1441007.5093
1993-07-27,1440013.1191999998
1993-07-28,1437012.7171
1993-07-29,1445029.3356000001
1993-07-30,1437023.4949
1993-08-02,1441034.5286000001
1993-08-03,1442042.9497
1993-08-04,1442048.3574000001
1993-08-05,1439047.8953999998
1993-08-06,1441056.1443
1993-08-09,1449072.9881000002
1993-08-10,1448078.5907000001
1993-08-11,1448084.0209999999
1993-08-12,1444083.6864
1993-08-13,1446091.9916999999
1993-08-16,1454109.0044999998
1993-08-17,1459120.1174999999
1993-08-18,1467137.2390000001
1993-08-19,1467142.7408
1993-08-20,1468151.3086000001
1993-08-23,1465150.8095
1993-08-24,1481179.8435
1993-08-25,1482188.4752000002
1993-08-26,1483193.9097999998
1993-08-27,1482199.5916999998
1993-08-30,1488214.0671999999
1993-08-31,1492225.6078000001
1993-09-01,1490228.2162000001
1993-09-02,1485224.7149
1993-09-03,1486233.3881000001
1993-09-07,1476223.9116999998
1993-09-08,1471220.3012999999
1993-09-09,1474231.9584000001
1993-09-10,1487255.5959000001
1993-09-13,1488264.2956000001
1993-09-14,1482260.7341
1993-09-15,1486272.4025999999
1993-09-16,1480268.7885
1993-09-17,1477427.9609000001
1993-09-20,1465339.9572999999
1993-09-21,1460304.8440999999
1993-09-22,1472403.9555000002
1993-09-23,1480471.9305
1993-09-24,1476446.2405000003
1993-09-27,1492576.8049000001
1993-09-28,1489560.5607
1993-09-29,1484525.4252000002
1993-09-30,1481509.128
1993-10-01,1488567.8765
1993-10-04,1490589.1248999999
1993-10-05,1488579.0408000001
1993-10-06,1487578.3949
1993-10-07,1483552.5955000001
1993-10-08,1485573.8552999999
1993-10-11,1488601.3696999999
1993-10-12,1490622.6634999998
1993-10-13,1490628.2533000002
1993-10-14,1509784.8590000002
1993-10-15,1517853.4572000001
1993-10-18,1513827.6659000001
1993-10-19,1502745.1094
1993-10-20,1504766.5015999998
1993-10-21,1502756.3801
1993-10-22,1495708.4262000001
1993-10-25,1499745.5941999999
1993-10-26,1498741.7119999998
1993-10-27,1499756.8422999999
1993-10-28,1510847.7659
1993-10-29,1510853.4315000002
1993-11-01,1514890.7318000002
1993-11-02,1513890.1129000001
1993-11-03,1494743.7697999999
1993-11-04,1478622.6547999999
1993-11-05,1485685.2791999998
1993-11-08,1487706.7056999998
1993-11-09,1488718.6033000001
1993-11-10,1499813.0853000002
1993-11-11,1495786.9539999999
1993-11-12,1502846.5493000001
1993-11-15,1501845.8513
1993-11-16,1508905.5220999999
1993-11-17,1500847.5484999998
1993-11-18,1496821.3455000001
1993-11-19,1493804.6865999999
1993-11-22,1484736.9871999999
1993-11-23,1492806.3084000002
1993-11-24,1498859.7441
1993-11-26,1499874.9542
1993-11-29,1493832.6958999999
1993-11-30,1494844.6693
1993-12-01,1496866.2509999999
1993-12-02,1500903.8315999999
1993-12-03,1506957.4336000001
1993-12-06,1512004.6943000001
1993-12-07,1511000.7483999999
1993-12-08,1511006.4146
1993-12-09,1505973.6402
1993-12-10,1502953.6313999998
1993-12-13,1512033.0447
1993-12-14,1500948.8596999999
1993-12-15,1498938.4366000001
1993-12-16,1503985.8184999998
1993-12-17,1511240.8797999998
1993-12-20,1513275.0581999999
1993-12-21,1508207.8130999999
1993-12-22,1518356.1011999999
1993-12-23,1517349.1509
1993-12-27,1525469.0075000001
1993-12-28,1528515.9290000002
1993-12-29,1526493.1040999999
1993-12-30,1520413.1352000001
1993-12-31,1512304.5484999998
1994-01-03,1508253.0603
1994-01-04,1514344.4781999998
1994-01-05,1517394.6723
1994-01-06,1517400.3625
1994-01-07,1526533.1753
1994-01-10,1544796.4589
1994-01-11,1541760.9369999999
1994-01-12,1536693.5137
1994-01-13,1532641.9953999999
1994-01-14,1538733.6869999999
1994-01-17,1538739.4571999998
1994-01-18,1540773.8908000002
1994-01-19,1536722.3269999998
1994-01-20,1540785.4465999999
1994-01-21,1537749.8184
1994-01-24,1531669.5038999999
1994-01-25,1531675.2477000002
1994-01-26,1535738.4092999999
1994-01-27,1549945.1839999999
1994-01-28,1554008.4443999999
1994-01-31,1565170.6731
1994-02-01,1557061.5856000001
1994-02-02,1567211.1588999999
1994-02-03,1560118.0185
1994-02-04,1524618.9099999999
1994-02-07,1531726.9447999999
1994-02-08,1532745.4543999999
1994-02-09,1538837.5573
1994-02-10,1525657.7990999999
1994-02-11,1530733.8978999997
1994-02-14,1532768.4459999998
1994-02-15,1540889.4557
1994-02-16,1539882.4456
1994-02-17,1530756.8592999999
1994-02-18,1521634.4504
1994-02-22,1536854.878
1994-02-23,1532802.9341999998
1994-02-24,1512520.0713
1994-02-25,1519628.4072
1994-02-28,1519634.1058000003
1994-03-01,1513553.1524000003
1994-03-02,1515587.7199000001
1994-03-03,1511535.6049000002
1994-03-04,1515599.0869
1994-03-07,1523720.4281000001
1994-03-08,1517639.3759999999
1994-03-09,1524744.6978
1994-03-10,1512576.7922999999
1994-03-11,1520698.2439999999
1994-03-14,1522732.8991
1994-03-15,1521725.7525000002
1994-03-16,1533905.2649999999
1994-03-17,1533911.0171000001
1994-03-18,1533588.139
1994-03-21,1529512.48
1994-03-22,1533599.6410000001
1994-03-23,1532586.6643999999
1994-03-24,1514225.8603999999
1994-03-25,1499946.3891
1994-03-28,1501992.7572999999
1994-03-29,1472405.8672
1994-03-30,1452003.8004000001
1994-03-31,1456090.7786000001
1994-04-04,1433647.7224000001
1994-04-05,1463246.0702
1994-04-06,1463251.5574
1994-04-07,1470398.202
1994-04-08,1459180.9224
1994-04-11,1465308.8318
1994-04-12,1463273.5066
1994-04-13,1455625.0081
1994-04-14,1456139.9246
1994-04-15,1456145.3850999998
1994-04-18,1446455.9555000002
1994-04-19,1448502.2382
1994-04-20,1446979.5022
1994-04-21,1466371.5965000002
1994-04-22,1464845.5854
1994-04-25,1480159.3459999999
1994-04-26,1478633.4731000001
1994-04-28,1467925.0219000001
1994-04-29,1472521.8274000001
1994-05-02,1481713.1200999999
1994-05-03,1480187.0993999999
1994-05-04,1477642.3633000003
1994-05-05,1475606.9619999998
1994-05-06,1461325.8443999998
1994-05-09,1448572.8558
1994-05-10,1459805.1988999997
1994-05-11,1446542.7471999999
1994-05-12,1453693.2050999999
1994-05-13,1453698.6565
1994-05-16,1454213.6058000003
1994-05-17,1475651.2322999998
1994-05-18,1486371.1940000001
1994-05-19,1493518.7341999998
1994-05-20,1487913.9936000002
1994-05-23,1485365.7986000001
1994-05-24,1491494.4945
1994-05-25,1495582.1868
1994-05-26,1496609.9240000001
1994-05-27,1498147.2166999998
1994-05-31,1496111.7622
1994-06-01,1502750.0015000002
1994-06-02,1501224.0697999999
1994-06-03,1509903.5060000001
1994-06-06,1509399.7413999997
1994-06-07,1507364.291
1994-06-08,1495123.2333000002
1994-06-09,1503293.3444000001
1994-06-10,1505849.5497999999
1994-06-13,1507896.3381000001
1994-06-14,1519639.4484999999
1994-06-15,1513521.6773999999
1994-06-16,1516590.7324000001
1994-06-17,1508186.0075999999
1994-06-20,1495346.9813999999
1994-06-21,1482511.2118000002
1994-06-22,1488168.1308000002
1994-06-23,1479441.8158
1994-06-24,1448625.6591999999
1994-06-27,1473801.3588999999
1994-06-28,1466613.4896000002
1994-06-29,1471244.7959
1994-06-30,1462002.0190000001
1994-07-01,1465091.3737000001
1994-07-05,1472799.9688999997
1994-07-06,1470750.6576
1994-07-07,1476920.6988999997
1994-07-08,1476413.3798
1994-07-11,1471283.4168000002
1994-07-12,1473343.7992
1994-07-13,1475917.0275000001
1994-07-14,1491848.7738000001
1994-07-15,1492367.2024999999
1994-07-18,1494940.6624999999
1994-07-19,1491865.5571999999
1994-07-20,1485190.1913999999
1994-07-21,1488279.7503999998
1994-07-22,1490853.2335000001
1994-07-25,1492913.7586000001
1994-07-26,1491377.2956000001
1994-07-27,1491382.8883000002
1994-07-28,1494472.5283000001
1994-07-29,1509375.8737000001
1994-08-01,1516575.5827000001
1994-08-02,1518636.2503
1994-08-03,1519154.8044999999
1994-08-04,1510427.6566000001
1994-08-05,1505294.1677000001
1994-08-08,1508896.8387000002
1994-08-09,1511470.5146000001
1994-08-10,1517128.2622999998
1994-08-11,1511481.8507000001
1994-08-12,1523304.7672999999
1994-08-15,1522797.605
1994-08-16,1533591.4796000002
1994-08-17,1532568.0868000002
1994-08-18,1527437.763
1994-08-19,1526414.3394000002
1994-08-22,1524881.2461999999
1994-08-23,1533620.2348
1994-08-24,1550066.8153000001
1994-08-25,1545962.4055000001
1994-08-26,1568061.6202
1994-08-29,1567038.2930999999
1994-08-30,1571154.4380999999
1994-08-31,1567050.0459
1994-09-01,1561919.6921000001
1994-09-02,1555243.7884000002
1994-09-06,1555765.9109
1994-09-07,1554229.4775
1994-09-08,1561943.1211000001
1994-09-09,1545507.4719
1994-09-12,1540886.5771999999
1994-09-13,1545519.0633000003
1994-09-14,1547063.7685
1994-09-15,1566595.7638000001
1994-09-16,1555525.7744999998
1994-09-19,1557083.3750999998
1994-09-20,1527619.9824000001
1994-09-21,1527625.7109999999
1994-09-22,1524015.2069999999
1994-09-23,1518849.6096999999
1994-09-26,1526610.5827000001
1994-09-27,1525580.7468999999
1994-09-28,1537477.6753999998
1994-09-29,1529727.9775
1994-09-30,1527665.8119999999
1994-10-03,1524055.2133000002
1994-10-04,1501313.8356999999
1994-10-05,1501835.5537
1994-10-06,1497189.2293
1994-10-07,1503914.7583999999
1994-10-10,1519947.8935
1994-10-11,1542701.1128
1994-10-12,1544774.8618000001
1994-10-13,1549948.9296000001
1994-10-14,1556674.8147999998
1994-10-17,1553580.2929
1994-10-18,1549966.3666999999
1994-10-19,1557211.8428999998
1994-10-20,1546877.6303999999
1994-10-21,1540679.3765
1994-10-24,1527757.4768000001
1994-10-25,1529315.0916000002
1994-10-26,1535008.7019
1994-10-27,1544319.0587000002
1994-10-28,1576897.6081000001
1994-10-31,1571215.4834999999
1994-11-01,1553644.3816
1994-11-02,1544861.7602000001
1994-11-03,1553139.9055000001
1994-11-04,1532980.9029000001
1994-11-07,1537639.1236
1994-11-08,1549537.291
1994-11-09,1552127.4894999999
1994-11-10,1541276.4055000001
1994-11-11,1535594.0541000001
1994-11-14,1550076.8091
1994-11-15,1544913.9013
1994-11-16,1550088.4347999999
1994-11-17,1539753.4198
1994-11-18,1537691.0205000001
1994-11-21,1522187.0829
1994-11-22,1489101.7674999998
1994-11-23,1497380.1393000002
1994-11-25,1504622.8159999999
1994-11-28,1511349.2880000002
1994-11-29,1510838.7609999999
1994-11-30,1508776.1988000001
1994-12-01,1493787.9099000001
1994-12-02,1507755.0481
1994-12-05,1509309.3755000001
1994-12-06,1510350.7863999999
1994-12-07,1499498.9440000001
1994-12-08,1485026.6462999999
1994-12-09,1490717.4763
1994-12-12,1500548.3041999999
1994-12-13,1506242.5109999999
1994-12-14,1514005.1982
1994-12-15,1518663.6867
1994-12-16,1526020.4256000002
1994-12-19,1528110.8755000001
1994-12-20,1523423.4168
1994-12-21,1539586.7552000002
1994-12-22,1534902.6066000001
1994-12-23,1536472.8321
1994-12-27,1544817.6594
1994-12-28,1537004.6487
1994-12-29,1538051.1690000002
1994-12-30,1519817.5607
1995-01-03,1527118.3843999999
1995-01-04,1534422.5983000002
1995-01-05,1534428.3522999999
1995-01-06,1535995.1872
1995-01-09,1537565.4361
1995-01-10,1539135.5967999999
1995-01-11,1540182.1562999999
1995-01-12,1540711.6803000001
1995-01-13,1558957.4494
1995-01-16,1568346.8356999999
1995-01-17,1568873.1686000002
1995-01-18,1567314.5219999999
1995-01-19,1558460.4786000003
1995-01-20,1552731.9827000001
1995-01-23,1557431.3815000001
1995-01-24,1559522.1366999999
1995-01-25,1563697.8302000002
1995-01-26,1565264.8566000001
1995-01-27,1571525.5411000003
1995-01-30,1564756.2271
1995-01-31,1571016.9566000002
1995-02-01,1570502.3747
1995-02-02,1579888.9922999998
1995-02-03,1602309.2899000002
1995-02-06,1609090.6324000002
1995-02-07,1611181.6591999999
1995-02-08,1611187.7011000002
1995-02-09,1611193.7431000001
1995-02-10,1613284.8012999999
1995-02-13,1613814.6425000001
1995-02-14,1615905.7261000001
1995-02-15,1624772.3036000002
1995-02-16,1622693.3490000002
1995-02-17,1616444.2683999999
1995-02-21,1615929.9650000001
1995-02-22,1627922.6470999999
1995-02-23,1630537.6356000002
1995-02-24,1634713.9231
1995-02-27,1621685.6784999999
1995-02-28,1635246.5587000002
1995-03-01,1624827.1412
1995-03-02,1626918.3521
1995-03-03,1627444.9671
1995-03-06,1628495.3049000001
1995-03-07,1615990.5643
1995-03-08,1620166.9224999999
1995-03-09,1619649.1734000002
1995-03-10,1643636.2763
1995-03-13,1642077.7932000002
1995-03-14,1654074.5049000001
1995-03-15,1650951.2909000001
1995-03-16,1660863.0297000001
1995-03-17,1662521.4065
1995-03-20,1662527.6409999998
1995-03-21,1658340.8674999999
1995-03-22,1659916.9208000002
1995-03-23,1660973.0490000001
1995-03-24,1684564.4411000002
1995-03-27,1691383.6258999999
1995-03-28,1691389.9685
1995-03-29,1690873.0456999997
1995-03-30,1687736.2253999999
1995-03-31,1680926.1631
1995-04-03,1685125.6158
1995-04-04,1696141.5425
1995-04-05,1696147.9030000002
1995-04-06,1702444.0580000002
1995-04-07,1700877.0819999997
1995-04-10,1704026.7372999999
1995-04-11,1698269.9671999998
1995-04-12,1704039.5175999999
1995-04-13,1713482.4199000003
1995-04-17,1703529.0090000003
1995-04-18,1697768.7288000002
1995-04-19,1696205.1491999999
1995-04-20,1698831.4404
1995-04-21,1707224.5181000002
1995-04-24,1727147.7799
1995-04-25,1722437.5711000001
1995-04-26,1724017.327
1995-04-27,1728217.2083000001
1995-04-28,1730843.8123999999
1995-05-01,1726133.4461999999
1995-05-02,1729810.1053999998
1995-05-03,1753927.4193000002
1995-05-04,1752887.3003
1995-05-05,1750797.1184999999
1995-05-08,1763384.2619999999
1995-05-09,1761817.3908000002
1995-05-10,1763920.7762999998
1995-05-11,1768644.3890999998
1995-05-12,1769701.0962
1995-05-15,1778094.9415
1995-05-16,1779148.3369999998
1995-05-17,1772341.1221999999
1995-05-18,1746662.5578999999
1995-05-19,1747715.8473
1995-05-22,1767117.3144
1995-05-23,1783375.3965
1995-05-24,1782335.3330000001
1995-05-25,1783912.1158000003
1995-05-26,1763476.844
1995-05-30,1762956.6869999999
1995-05-31,1799660.4956
1995-06-01,1794950.1331
1995-06-02,1796526.9926
1995-06-05,1807545.0685000001
1995-06-06,1804404.7891999998
1995-06-07,1794977.0577
1995-06-08,1790789.9172
1995-06-09,1780311.9142
1995-06-12,1790276.5606
1995-06-13,1809682.6988000001
1995-06-14,1808115.8537999999
1995-06-15,1815987.1965999999
1995-06-16,1821359.2631999999
1995-06-19,1841932.3232
1995-06-20,1837194.2500999998
1995-06-21,1836144.8056000001
1995-06-22,1860410.3398
1995-06-23,1856725.1146999998
1995-06-26,1834582.5984
1995-06-27,1830900.7247999997
1995-06-28,1840397.8999999999
1995-06-29,1837242.4781999998
1995-06-30,1836193.0061999999
1995-07-03,1843054.4225000001
1995-07-05,1849919.3327000001
1995-07-06,1873655.7947999998
1995-07-07,1882100.3406
1995-07-10,1883160.4386000002
1995-07-11,1874203.4463
1995-07-12,1897413.9146000003
1995-07-13,1893202.2069999999
1995-07-14,1891626.3644999999
1995-07-17,1902180.5946
1995-07-18,1885842.1702999999
1995-07-19,1865281.2602999997
1995-07-20,1872143.1949999998
1995-07-21,1870040.7565000001
1995-07-24,1883760.9918999998
1995-07-25,1898004.4457
1995-07-26,1896432.0163999996
1995-07-27,1912258.6196000001
1995-07-28,1900135.2972000001
1995-07-31,1895396.9109000002
1995-08-01,1892241.4347999999
1995-08-02,1888029.4863
1995-08-03,1887506.6187
1995-08-04,1889623.2349000003
1995-08-07,1893849.4128999999
1995-08-08,1893856.5147999998
1995-08-09,1893337.1038999998
1995-08-10,1889125.0646000002
1995-08-11,1878584.2607
1995-08-14,1895467.99
1995-08-15,1891782.4319
1995-08-16,1897065.1834
1995-08-17,1893906.2296
1995-08-18,1896022.9488999997
1995-08-21,1890757.6503000001
1995-08-22,1894457.5097000001
1995-08-23,1887605.7157999999
1995-08-24,1889722.4430999998
1995-08-25,1900277.8132
1995-08-28,1893429.4069000001
1995-08-29,1898182.3928000003
1995-08-30,1902408.8718999999
1995-08-31,1903999.1498
1995-09-01,1912445.0746000002
1995-09-05,1930386.4188999999
1995-09-06,1934083.0883000002
1995-09-07,1935146.8550000002
1995-09-08,1942536.5049000001
1995-09-11,1947819.7825
1995-09-12,1956792.7202999999
1995-09-13,1965765.6240000001
1995-09-14,1983707.6034000001
1995-09-15,1983180.4103999999
1995-09-18,1975762.4805000001
1995-09-19,1985316.341
1995-09-20,1994866.8792000001
1995-09-21,1978435.1665999999
1995-09-22,1978975.4349999998
1995-09-25,1975799.5268000003
1995-09-26,1975277.4424999999
1995-09-27,1973693.2409999997
1995-09-28,1988548.4281000001
1995-09-29,1984843.0425
1995-10-02,1974777.7065000003
1995-10-03,1976906.2480000001
1995-10-04,1974792.5172999999
1995-10-05,1980630.5115
1995-10-06,1982229.6912000002
1995-10-09,1965797.1910999999
1995-10-10,1964745.6379
1995-10-11,1971116.5572999998
1995-10-12,1983321.7180999999
1995-10-13,1989692.7546999999
1995-10-16,1980153.0846999998
1995-10-17,1993417.2255000002
1995-10-18,1999258.9478999998
1995-10-19,2008813.6837000002
1995-10-20,1996623.1739999999
1995-10-23,1992388.1666000001
1995-10-24,1994516.8934000002
1995-10-25,1978083.8016999997
1995-10-26,1960062.1103000001
1995-10-27,1974918.4159000001
1995-10-30,1987653.5453000001
1995-10-31,1979175.8184999998
1995-11-01,1995091.3167999999
1995-11-02,2007826.6645
1995-11-03,2010484.9600000002
1995-11-06,2003599.0695
1995-11-07,1996183.6081000001
1995-11-08,2014220.8108000003
1995-11-09,2021654.7887000002
1995-11-10,2020599.9934999999
1995-11-13,2018486.2041999998
1995-11-14,2005235.9630999998
1995-11-15,2025394.9540000001
1995-11-16,2036542.4287999999
1995-11-17,2042914.2608999999
1995-11-20,2032314.8903000001
1995-11-21,2048760.8926000001
1995-11-22,2042404.3088999998
1995-11-24,2047717.2065999999
1995-11-27,2048254.4643000001
1995-11-28,2070006.0847999998
1995-11-29,2072135.3011999999
1995-11-30,2067370.6651000001
1995-12-01,2070029.3725000001
1995-12-04,2095494.8684999999
1995-12-05,2109294.0466
1995-12-06,2114074.5362
1995-12-07,2102945.3618999999
1995-12-08,2109847.3731
1995-12-11,2118870.8515000003
1995-12-12,2112514.2212
1995-12-13,2125784.3062
1995-12-14,2110408.5241999999
1995-12-15,2110847.571
1995-12-18,2070303.3088
1995-12-19,2092187.0669
1995-12-20,2071916.9975999997
1995-12-21,2082596.5137999998
1995-12-22,2090076.2472999999
1995-12-26,2100223.2420999999
1995-12-27,2099162.2237999998
1995-12-28,2097035.7144999998
1995-12-29,2099710.6769999997
1996-01-02,2122131.3952000001
1996-01-03,2128009.8893999998
1996-01-04,2107739.2371999999
1996-01-05,2103478.2988
1996-01-08,2111491.0819000001
1996-01-09,2075213.5675000001
1996-01-10,2048006.3859000001
1996-01-11,2060287.9587999999
1996-01-12,2057092.3193000003
1996-01-15,2052831.0946000002
1996-01-16,2077919.7906999998
1996-01-17,2071524.1268000002
1996-01-18,2078468.1106
1996-01-19,2092351.8372
1996-01-22,2092892.5253000001
1996-01-23,2097702.1497
1996-01-24,2114786.2185
1996-01-25,2107324.9561000001
1996-01-26,2125474.7859
1996-01-29,2134020.9533000002
1996-01-30,2152174.3655000003
1996-01-31,2174593.6965000001
1996-02-01,2182607.3881000001
1996-02-02,2173544.3890999998
1996-02-05,2191162.0115999999
1996-02-06,2211983.5737999999
1996-02-07,2224799.4983999999
1996-02-08,2248821.2118000002
1996-02-09,2248297.0143000004
1996-02-12,2265382.4759
1996-02-13,2260588.8239000002
1996-02-14,2240849.2412
1996-02-15,2226984.2109999997
1996-02-16,2217921.0387999997
1996-02-20,2196046.4035
1996-02-21,2223272.5564999999
1996-02-22,2258505.0055
1996-02-23,2252109.3964
1996-02-26,2220097.3290999997
1996-02-27,2213165.2544999998
1996-02-28,2203036.2438999997
1996-02-29,2181697.2549000001
1996-03-01,2216394.0640000002
1996-03-04,2229210.8215000001
1996-03-05,2250033.7689999999
1996-03-06,2230293.1094999998
1996-03-07,2241511.5850999998
1996-03-08,2168937.7108
1996-03-11,2194026.9276999999
1996-03-12,2176956.8423000001
1996-03-13,2191908.5861999998
1996-03-14,2201525.2393999998
1996-03-15,2200076.6302999998
1996-03-18,2242432.6760999998
1996-03-19,2237617.1271000002
1996-03-20,2234946.1222999999
1996-03-21,2229591.8144
1996-03-22,2235497.9441999998
1996-03-25,2231217.5987999998
1996-03-26,2241947.8275000001
1996-03-27,2221586.4399999999
1996-03-28,2230172.3248000001
1996-03-29,2219458.7056
1996-04-01,2245199.8831000002
1996-04-02,2249497.1276000002
1996-04-03,2249505.5631999997
1996-04-04,2247904.8883000002
1996-04-08,2209313.4590000003
1996-04-09,2200743.9646999999
1996-04-10,2161616.7418
1996-04-11,2158941.6639
1996-04-12,2186292.6332
1996-04-15,2204530.6022000001
1996-04-16,2210972.3243
1996-04-17,2205617.5643000002
1996-04-18,2208844.4056000002
1996-04-19,2214212.1430000002
1996-04-22,2231376.5834999997
1996-04-23,2238353.8687
1996-04-24,2230322.8709999998
1996-04-25,2240515.1977000004
1996-04-26,2245351.4432000001
1996-04-29,2245359.8632
1996-04-30,2243759.0702
1996-05-01,2248591.7449000003
1996-05-02,2209997.7124999999
1996-05-03,2206790.9342999998
1996-05-06,2204654.6121
1996-05-07,2195545.6977000004
1996-05-08,2222898.5453000003
1996-05-09,2221297.6256999997
1996-05-10,2243291.0181
1996-05-13,2277074.8661000002
1996-05-14,2291025.4202000001
1996-05-15,2288353.9838
1996-05-16,2293187.2645999999
1996-05-17,2305528.5038999999
1996-05-20,2321085.2736
1996-05-21,2317875.1305
1996-05-22,2339869.5411
1996-05-23,2330225.3393000001
1996-05-24,2339348.3049000003
1996-05-28,2315765.1818999997
1996-05-29,2300225.3925000001
1996-05-30,2312031.8741000001
1996-05-31,2294882.6082000001
1996-06-03,2301325.4643000001
1996-06-04,2317417.9613999999
1996-06-05,2337803.7486
1996-06-06,2320654.3227000004
1996-06-07,2320663.0250999997
1996-06-10,2313163.1430000002
1996-06-11,2311027.0191000002
1996-06-12,2306746.0728000002
1996-06-13,2306754.7231000001
1996-06-14,2297113.4912
1996-06-17,2295512.6932000001
1996-06-18,2276752.9343000003
1996-06-19,2286950.5233999998
1996-06-20,2285349.4288999997
1996-06-21,2304910.3275000001
1996-06-24,2309231.2447000002
1996-06-25,2306542.1011999999
1996-06-26,2290919.4345999998
1996-06-27,2307101.0629000003
1996-06-28,2315192.7272000001
1996-07-01,2335148.6709000003
1996-07-02,2326532.6864999998
1996-07-03,2321687.3539
1996-07-05,2262402.3472000002
1996-07-08,2253247.733
1996-07-09,2262419.3154000002
1996-07-10,2271590.7248999998
1996-07-11,2225780.3051
1996-07-12,2227406.6269999999
1996-07-15,2161647.6187
1996-07-16,2167048.0965999998
1996-07-17,2192931.4242000002
1996-07-18,2223127.4942000001
1996-07-19,2206961.9854000001
1996-07-22,2190799.8049999997
1996-07-23,2162776.1332
1996-07-24,2167096.8581000003
1996-07-25,2186511.8222000003
1996-07-26,2198378.0747000002
1996-07-29,2174128.3846
1996-07-30,2195161.7793999999
1996-07-31,2211340.7890999997
1996-08-01,2248007.1260000002
1996-08-02,2296535.5635000002
1996-08-05,2283064.2319999998
1996-08-06,2290083.6491999999
1996-08-07,2296019.6808000002
1996-08-08,2292257.2206000001
1996-08-09,2284716.5746999998
1996-08-12,2301438.3695999999
1996-08-13,2283115.602
1996-08-14,2291211.5625999998
1996-08-15,2286907.2823000001
1996-08-16,2306323.8563999999
1996-08-19,2307412.5599000002
1996-08-20,2305803.0738000004
1996-08-21,2297723.9288999997
1996-08-22,2319297.3108000001
1996-08-23,2306905.4284000001
1996-08-26,2295593.2862999998
1996-08-27,2304227.898
1996-08-28,2300461.8547
1996-08-29,2277828.8819999998
1996-08-30,2254115.6474000001
1996-09-03,2268681.4937
1996-09-04,2270846.5425999998
1996-09-05,2243358.2595000002
1996-09-06,2275176.6905
1996-09-09,2302140.4633999998
1996-09-10,2301072.6384000001
1996-09-11,2314020.7574999998
1996-09-12,2330202.0290999999
1996-09-13,2365796.4587999997
1996-09-16,2374431.7534000003
1996-09-17,2369047.2943000002
1996-09-18,2363124.6743999999
1996-09-19,2372301.8359999997
1996-09-20,2380679.9369999999
1996-09-23,2380147.7363
1996-09-24,2379612.0978999999
1996-09-25,2381247.6091999998
1996-09-26,2380174.5131000001
1996-09-27,2382351.1750999996
1996-09-30,2380192.3643999998
1996-10-01,2393207.8058000002
1996-10-02,2409473.1472
1996-10-03,2407314.4139999999
1996-10-04,2439840.0949999997
1996-10-07,2442558.1778000002
1996-10-08,2432814.1069999998
1996-10-09,2413853.9289000002
1996-10-10,2408986.4503000001
1996-10-11,2438803.773
1996-10-14,2442062.8186000003
1996-10-15,2438822.0641000001
1996-10-16,2450752.5014
1996-10-17,2457265.2415
1996-10-18,2470281.6044999999
1996-10-21,2467040.9071999998
1996-10-22,2449707.1645
1996-10-23,2457843.2738999999
1996-10-24,2436718.1941999998
1996-10-25,2438895.2305999999
1996-10-28,2422643.2365000001
1996-10-29,2442163.5568999997
1996-10-30,2434042.2056
1996-10-31,2457357.3922000001
1996-11-01,2448694.8499999996
1996-11-04,2464965.4772000001
1996-11-05,2479064.5936000003
1996-11-06,2526769.0902999998
1996-11-07,2532741.5283000004
1996-11-08,2546841.0559
1996-11-11,2544141.4196000001
1996-11-12,2536564.8128
1996-11-13,2547955.5486000003
1996-11-14,2564767.9959
1996-11-15,2568027.8056999999
1996-11-18,2568578.6450999998
1996-11-19,2587018.4262999999
1996-11-20,2591364.2168000001
1996-11-21,2587578.8015000001
1996-11-22,2607642.2700999998
1996-11-25,2640717.7363
1996-11-26,2632055.3311999999
1996-11-27,2627184.3734999998
1996-11-29,2636952.4835999999
1996-12-02,2638044.5843000002
1996-12-03,2593068.8415000001
1996-12-04,2600124.1503999997
1996-12-05,2593088.2895999998
1996-12-06,2577921.0756000001
1996-12-09,2615871.3927000002
1996-12-10,2603413.5405999999
1996-12-11,2579573.5611999999
1996-12-12,2536764.5809999998
1996-12-13,2543278.6184
1996-12-16,2510765.4112
1996-12-17,2530829.7973000002
1996-12-18,2550894.0904000001
1996-12-19,2603481.8862000001
1996-12-20,2610558.5740999999
1996-12-23,2604028.3375999997
1996-12-24,2623114.2969999998
1996-12-26,2643288.3186999997
1996-12-27,2646570.1293000001
1996-12-30,2623687.7716999999
1996-12-31,2575736.5206999998
1997-01-02,2582286.3533000001
1997-01-03,2619357.1592999999
1997-01-06,2596478.0527000003
1997-01-07,2628097.1344999997
1997-01-08,2605217.8894000002
1997-01-09,2627028.6455000001
1997-01-10,2655379.8846999998
1997-01-13,2651573.8391
1997-01-14,2684829.6123000002
1997-01-15,2678299.2871000003
1997-01-16,2689210.0272000004
1997-01-17,2705573.0663999999
1997-01-20,2708851.5969000002
1997-01-21,2730663.3924999996
1997-01-22,2750295.1791000003
1997-01-23,2712154.1920999996
1997-01-24,2677281.3506
1997-01-27,2669658.8536999999
1997-01-28,2677301.4303000001
1997-01-29,2703474.0249000001
1997-01-30,2738367.6987000001
1997-01-31,2735105.7751000002
1997-02-03,2743292.9680000003
1997-02-04,2760200.9594999999
1997-02-05,2708429.4867000002
1997-02-06,2726425.7571
1997-02-07,2763500.5707999999
1997-02-10,2737347.5974000003
1997-02-11,2768973.8626999999
1997-02-12,2808229.5452000001
1997-02-13,2838764.3101999997
1997-02-14,2832234.0239999997
1997-02-18,2856228.1507999999
1997-02-19,2837160.1995999999
1997-02-20,2802829.5151
1997-02-21,2803932.0463
1997-02-24,2837192.1193000004
1997-02-25,2839383.1182999997
1997-02-26,2811593.0304
1997-02-27,2769632.3821
1997-02-28,2761465.2804
1997-03-03,2780010.8213
1997-03-04,2764758.4419
1997-03-05,2811645.7513000001
1997-03-06,2795305.0172000001
1997-03-07,2820388.5395999998
1997-03-10,2849836.8137000003
1997-03-11,2834584.4112999998
1997-03-12,2809518.0222000005
1997-03-13,2765919.4019999998
1997-03-14,2780104.6529000001
1997-03-17,2787744.8889999995
1997-03-18,2757772.9077999997
1997-03-19,2748516.9665999999
1997-03-20,2734355.8799000001
1997-03-21,2746987.1879000003
1997-03-24,2785300.2352
1997-03-25,2757952.0048000002
1997-03-26,2769999.1704000002
1997-03-27,2696684.6384999999
1997-03-31,2639784.1987000001
1997-04-01,2656755.2234999998
1997-04-02,2609159.6222999999
1997-04-03,2623395.3503999999
1997-04-04,2656238.6951000001
1997-04-07,2666647.0224000001
1997-04-08,2685810.8494000002
1997-04-09,2663931.6721999999
1997-04-10,2654089.6065000002
1997-04-11,2569827.1710999999
1997-04-14,2604310.1069999998
1997-04-15,2648648.9341999996
1997-04-16,2679304.3915000004
1997-04-17,2668369.568
1997-04-18,2681513.4688999997
1997-04-21,2664011.5999000003
1997-04-22,2722574.6474000001
1997-04-23,2725323.7775000003
1997-04-24,2711649.9912999999
1997-04-25,2680467.3831000002
1997-04-28,2706745.8144999999
1997-04-29,2792128.5156
1997-04-30,2805273.2725
1997-05-01,2802002.0647
1997-05-02,2852361.0467999997
1997-05-05,2920232.9806999997
1997-05-06,2918054.8514
1997-05-07,2854582.2301999996
1997-05-08,2874294.8061000002
1997-05-09,2894007.5293000001
1997-05-12,2942178.8701999998
1997-05-13,2930147.8805000004
1997-05-14,2935633.5485000005
1997-05-15,2955346.7957000001
1997-05-16,2914856.8250000002
1997-05-19,2923624.3720999998
1997-05-20,2958661.9322000002
1997-05-21,2952105.5160000003
1997-05-22,2942267.1389999995
1997-05-23,2969641.1518000001
1997-05-27,2981694.7168999999
1997-05-28,2981155.9354000003
1997-05-29,2963653.4237000002
1997-05-30,2982821.0148
1997-06-02,2969696.8336
1997-06-03,2959858.2642999999
1997-06-04,2956583.6408999995
1997-06-05,2967540.9904999998
1997-06-06,3025569.3832
1997-06-09,3040905.6102
1997-06-10,3050220.6348000001
1997-06-11,3057346.1987999999
1997-06-12,3116468.5822000005
1997-06-13,3142751.8848999999
1997-06-16,3143860.1814999999
1997-06-17,3139493.3356000003
1997-06-18,3128558.4791999999
1997-06-19,3160860.2275999999
1997-06-20,3150144.5139000001
1997-06-23,3073778.1220999998
1997-06-24,3151817.3900000001
1997-06-25,3129850.0085000005
1997-06-26,3114476.2467999998
1997-06-27,3126574.7138999999
1997-06-30,3105707.8261000002
1997-07-01,3141983.8360000001
1997-07-02,3193649.5732
1997-07-03,3237620.9377999995
1997-07-07,3204663.4155999999
1997-07-08,3238193.9089000002
1997-07-09,3202489.4579000003
1997-07-10,3216786.6187
1997-07-11,3227788.7346000001
1997-07-14,3237693.7873000004
1997-07-15,3254189.2673000004
1997-07-16,3297065.0211
1997-07-17,3280590.1960000005
1997-07-18,3210813.5499999998
1997-07-21,3211377.7783999997
1997-07-22,3296562.2947000004
1997-07-23,3293827.8702999996
1997-07-24,3309226.8141000001
1997-07-25,3307041.1310000005
1997-07-28,3304855.4313000003
1997-07-29,3315858.3709
1997-07-30,3355436.9202000001
1997-07-31,3352154.1787
1997-08-01,3338977.9458999997
1997-08-04,3347783.0356999999
1997-08-05,3349993.7402999997
1997-08-06,3377481.4214999997
1997-08-07,3352217.0330000003
1997-08-08,3284086.1755999997
1997-08-11,3308278.5096
1997-08-12,3255534.3148000003
1997-08-13,3245652.7585999998
1997-08-14,3257756.9398000003
1997-08-15,3157748.4389
1997-08-18,3228103.4824999999
1997-08-19,3265485.551
1997-08-20,3314960.0894000004
1997-08-21,3256717.0474
1997-08-22,3255631.9952999996
1997-08-25,3243551.8766000001
1997-08-26,3195750.7648000005
1997-08-27,3214998.5312000001
1997-08-28,3166099.6708
1997-08-29,3178752.5732999998
1997-09-02,3282084.9437999995
1997-09-03,3264510.7280999999
1997-09-04,3285405.1812
1997-09-05,3276075.6461
1997-09-08,3290375.2782999994
1997-09-09,3292037.1874999995
1997-09-10,3223900.4772000005
1997-09-11,3207426.6931000003
1997-09-12,3259098.6301000002
1997-09-15,3253616.7623000001
1997-09-16,3334969.3825000003
1997-09-17,3334981.8886000002
1997-09-18,3349282.1694999998
1997-09-19,3354952.7438999997
1997-09-22,3373722.2860000003
1997-09-23,3358289.5117000001
1997-09-24,3330719.0127999997
1997-09-25,3307565.0606000004
1997-09-26,3335157.0226999996
1997-09-29,3367165.9782000002
1997-09-30,3331874.1124999998
1997-10-01,3376017.3900000001
1997-10-02,3394783.8309999998
1997-10-03,3411898.4261000007
1997-10-06,3434527.4401999996
1997-10-07,3466537.4847999997
1997-10-08,3442278.1022000001
1997-10-09,3430152.9026999995
1997-10-10,3420237.9512
1997-10-13,3423558.8136
1997-10-14,3424676.8298000004
1997-10-15,3416964.6253
1997-10-16,3362916.8761
1997-10-17,3328724.7211000002
1997-10-20,3376181.9797000005
1997-10-21,3441839.9400000004
1997-10-22,3419235.3632
1997-10-23,3351946.5808000001
1997-10-24,3318858.9539999999
1997-10-27,3078342.3931
1997-10-28,3255991.1786000002
1997-10-29,3247176.5689999997
1997-10-30,3175472.4389999998
1997-10-31,3250512.8826999995
1997-11-03,3318933.6935999999
1997-11-04,3318946.1395999999
1997-11-05,3329992.3160999999
1997-11-06,3317315.1540000001
1997-11-07,3281468.5127999997
1997-11-10,3261619.8791000005
1997-11-11,3262733.6285000001
1997-11-12,3195440.7125999997
1997-11-13,3241795.4131
1997-11-14,3285943.6543999994
1997-11-17,3346641.4460999998
1997-11-18,3325691.0725000002
1997-11-19,3342252.8887999998
1997-11-20,3393022.6751000001
1997-11-21,3416209.1452999995
1997-11-24,3354430.0594000001
1997-11-25,3363270.0860000006
1997-11-26,3373211.7424999997
1997-11-28,3376536.5810000002
1997-12-01,3463719.3944999999
1997-12-02,3442768.7550000004
1997-12-03,3452710.8575999998
1997-12-04,3449415.3098000004
1997-12-05,3493566.6368
1997-12-08,3483646.6912999996
1997-12-09,3462695.7338999999
1997-12-10,3432913.0983999996
1997-12-11,3374443.5960000004
1997-12-12,3381077.1335999998
1997-12-15,3415295.9669999997
1997-12-16,3436276.9331000005
1997-12-17,3418633.9325000001
1997-12-18,3385541.8401999995
1997-12-19,3360331.1811000002
1997-12-22,3381949.3610999999
1997-12-23,3321580.7837
1997-12-24,3311619.9706000001
1997-12-26,3324927.6257999996
1997-12-29,3390310.4641000004
1997-12-30,3443504.5183999995
1997-12-31,3441301.5341000007
1998-01-02,3459041.6845
1998-01-05,3466808.4756999998
1998-01-06,3411423.4199999999
1998-01-07,3420299.9356
1998-01-08,3390399.4646999999
1998-01-09,3272966.9683999997
1998-01-12,3332810.0532999998
1998-01-13,3379357.7981000002
1998-01-14,3394882.2768999999
1998-01-15,3366640.4395999997
1998-01-16,3414851.6402999996
1998-01-20,3470264.3752999995
1998-01-21,3437037.3084999998
1998-01-22,3406579.193
1998-01-23,3401606.7333999998
1998-01-26,3399403.4589999998
1998-01-27,3433762.9282999993
1998-01-28,3464800.4627999994
1998-01-29,3483651.8043999998
1998-01-30,3485880.9316000007
1998-02-02,3543511.8703000001
1998-02-03,3570118.1181000001
1998-02-04,3565699.3295999998
1998-02-05,3563496.6044000001
1998-02-06,3603399.8549000002
1998-02-09,3591222.8664999995
1998-02-10,3625588.0947000007
1998-02-11,3622275.6168999998
1998-02-12,3637802.1661999999
1998-02-13,3616764.2980000004
1998-02-17,3634507.0975999995
1998-02-18,3667763.1699999999
1998-02-19,3648384.6113999998
1998-02-20,3675545.4274000004
1998-02-23,3689966.3100999999
1998-02-24,3661169.5997000001
1998-02-25,3706613.6390999998
1998-02-26,3727683.4375999998
1998-02-27,3727697.4164999998
1998-03-02,3719952.7139999997
1998-03-03,3741022.7990999999
1998-03-04,3716658.1249000002
1998-03-05,3682318.2443999997
1998-03-06,3756578.7257999997
1998-03-09,3743295.1892000004
1998-03-10,3778769.6901999996
1998-03-11,3796514.1581999995
1998-03-12,3812042.4635000005
1998-03-13,3797648.9048000001
1998-03-16,3838666.7993000001
1998-03-17,3849762.7958999998
1998-03-18,3864181.4889999996
1998-03-19,3874171.3751999997
1998-03-20,3907463.7411000002
1998-03-23,3898587.6916
1998-03-24,3931942.5708999997
1998-03-25,3917507.9313000003
1998-03-26,3915299.9213999994
1998-03-27,3898646.1714999997
1998-03-30,3896438.0740999999
1998-03-31,3909789.0397000001
1998-04-01,3941476.8424
1998-04-02,3984278.344
1998-04-03,4004298.0392999998
1998-04-06,3972084.9380999999
1998-04-07,3945426.6274000001
1998-04-08,3923213.6671000002
1998-04-09,3954347.3544000001
1998-04-13,3943248.2220999999
1998-04-14,3976605.0179000003
1998-04-15,3987733.9743999997
1998-04-16,3941069.7681999998
1998-04-17,3993319.0636
1998-04-20,3992224.5066000004
1998-04-21,4011131.7506999997
1998-04-22,4022261.0447000004
1998-04-23,3983377.9849
1998-04-24,3941158.4460999998
1998-04-27,3866705.0077
1998-04-28,3861164.1825999999
1998-04-29,3887853.3713999996
1998-04-30,3960110.3393999999
1998-05-01,4004583.3681000005
1998-05-04,3994597.1431
1998-05-05,3966823.6688999999
1998-05-06,3920156.9324999996
1998-05-07,3889050.4402999999
1998-05-08,3952421.0055000004
1998-05-11,3939098.0733999996
1998-05-12,3981349.2239000001
1998-05-13,3991365.6588999997
1998-05-14,3971373.7716000006
1998-05-15,3949158.7418000004
1998-05-18,3933612.5467000008
1998-05-19,3960303.4057999998
1998-05-20,3998109.5507
1998-05-21,3972561.6350999996
1998-05-22,3957015.2945999997
1998-05-26,3893671.5426999996
1998-05-27,3899245.6560999998
1998-05-28,3917044.7510000006
1998-05-29,3878153.8754000003
1998-06-01,3895953.0250000004
1998-06-02,3899304.1462000003
1998-06-03,3837072.1801
1998-06-04,3908225.7983999997
1998-06-05,3983826.1637000004
1998-06-08,3979394.8685000003
1998-06-09,3991635.0968999998
1998-06-10,3966085.9105000002
1998-06-11,3891623.6301999995
1998-06-12,3928322.0975999995
1998-06-15,3824958.0461999997
1998-06-16,3883888.2176999999
1998-06-17,3965046.8156999997
1998-06-18,3947276.2124000001
1998-06-19,3927577.9855
1998-06-22,3946548.4676999999
1998-06-23,3993399.9768000003
1998-06-24,4046942.8183999998
1998-06-25,4040266.9863999998
1998-06-26,4057011.6117000007
1998-06-29,4071522.2268999997
1998-06-30,4043659.8731999998
1998-07-01,4090512.7960999999
1998-07-02,4098332.5662999996
1998-07-06,4139611.9692000002
1998-07-07,4131819.2211000002
1998-07-08,4161947.0439999998
1998-07-09,4134080.6216000007
1998-07-10,4156400.3193000006
1998-07-13,4157533.0111000002
1998-07-14,4204387.7612999994
1998-07-15,4196595.0808000006
1998-07-16,4225606.7045999998
1998-07-17,4231200.5948999999
1998-07-20,4231216.4619000005
1998-07-21,4157626.5603
1998-07-22,4157642.1514000003
1998-07-23,4075129.4380000001
1998-07-24,4071797.0733999996
1998-07-27,4100808.9936999995
1998-07-28,4031678.2540000002
1998-07-29,4016079.6737999995
1998-07-30,4076319.2285000007
1998-07-31,3989343.2568999995
1998-08-03,3972630.9563000002
1998-08-04,3818737.0743
1998-08-05,3871167.9150000005
1998-08-06,3887913.6657000002
1998-08-07,3894620.0073000002
1998-08-10,3872328.6555999997
1998-08-11,3814347.4712000005
1998-08-12,3879049.5391000006
1998-08-13,3832221.0491000004
1998-08-14,3787622.835
1998-08-17,3867939.9962000004
1998-08-18,3939335.1699000001
1998-08-19,3929310.1073000007
1998-08-20,3905904.7774999999
1998-08-21,3874690.0318
1998-08-24,3899242.0346999997
1998-08-25,3908179.4074999997
1998-08-26,3885887.1031000004
1998-08-27,3702983.9125999999
1998-08-28,3689613.5195999998
1998-08-31,3426402.2072999999
1998-09-01,3571412.5456000003
1998-09-02,3545770.5524999998
1998-09-03,3517901.4025999997
1998-09-04,3488914.7733999998
1998-09-08,3676312.0262000002
1998-09-09,3587094.9379999996
1998-09-10,3515723.4156999998
1998-09-11,3629506.8371000001
1998-09-14,3691982.7657999992
1998-09-15,3714304.6636999999
1998-09-16,3747780.7965000002
1998-09-17,3640715.3994
1998-09-18,3656870.5206999998
1998-09-21,3654645.5608999999
1998-09-22,3684883.3637000006
1998-09-23,3832650.7069999999
1998-09-24,3738639.77
1998-09-25,3734176.3769999999
1998-09-28,3767771.1029999997
1998-09-29,3758830.3394000004
1998-09-30,3644669.1239999998
1998-10-01,3539461.9998000003
1998-10-02,3607755.2155999998
1998-10-05,3535011.0364000001
1998-10-06,3531664.2457000003
1998-10-07,3479068.1964999996
1998-10-08,3460049.6922999998
1998-10-09,3529465.1905
1998-10-12,3580970.8097000001
1998-10-13,3568672.6952
1998-10-14,3602268.3177
1998-10-15,3795938.2305999999
1998-10-16,3797073.7800999996
1998-10-19,3810521.0631000004
1998-10-20,3832923.8429999999
1998-10-21,3819505.0721
1998-10-22,3876608.5748999999
1998-10-23,3827367.8823000002
1998-10-26,3855370.1658999999
1998-10-27,3832995.7143000001
1998-10-28,3826293.3899000003
1998-10-29,3919220.5127000003
1998-10-30,3940506.8100999999
1998-11-02,4007689.3167000003
1998-11-03,3978598.2219999996
1998-11-04,4021153.0214999998
1998-11-05,4076020.4611
1998-11-06,4088351.9117000005
1998-11-09,4059260.6850999999
1998-11-10,4048081.0350000001
1998-11-11,4021228.4208999998
1998-11-12,4016765.5177999996
1998-11-13,4055961.1773000006
1998-11-16,4086204.8945000004
1998-11-17,4086220.2176999999
1998-11-18,4110864.8136000005
1998-11-19,4146704.7593000005
1998-11-20,4178066.8897000002
1998-11-23,4276600.7478
1998-11-24,4249748.0893000001
1998-11-25,4249764.0257999999
1998-11-27,4281127.0099999998
1998-11-30,4160232.5733999996
1998-12-01,4213986.3776000002
1998-12-02,4201685.2308
1998-12-03,4132288.6230999995
1998-12-04,4240903.1949999994
1998-12-07,4261071.2254999997
1998-12-08,4242052.6701999996
1998-12-09,4249907.4738000007
1998-12-10,4187786.1631
1998-12-11,4196199.5373000009
1998-12-14,4075300.2384000001
1998-12-15,4180556.7906999998
1998-12-16,4174972.6086000004
1998-12-17,4241605.3179000001
1998-12-18,4259578.5754000004
1998-12-21,4319127.8927999996
1998-12-22,4338242.2772000004
1998-12-23,4429245.1502
1998-12-24,4410167.2410000004
1998-12-28,4398950.5461999997
1998-12-29,4468613.3481999999
1998-12-30,4432683.4923
1998-12-31,4432700.1149000004
1999-01-04,4422604.7712000003
1999-01-05,4473173.7566
1999-01-06,4581031.9877000004
1999-01-07,4558582.1141999997
1999-01-08,4592299.9145
1999-01-11,4548504.1500000004
1999-01-12,4466517.4460000005
1999-01-13,4435079.8472000007
1999-01-14,4357581.7799000004
1999-01-15,4471061.2150999997
1999-01-19,4500285.9191000005
1999-01-20,4536251.1600000001
1999-01-21,4416063.4737
1999-01-22,4405971.3849999998
1999-01-25,4450923.8725999994
1999-01-26,4531825.6011000006
1999-01-27,4479040.5405999999
1999-01-28,4554327.8262
1999-01-29,4589168.8906999994
1999-02-01,4562224.0194999995
1999-02-02,4534157.4267000007
1999-02-03,4580233.0929000005
1999-02-04,4511722.7812999999
1999-02-05,4460061.6006000005
1999-02-08,4469065.8555000005
1999-02-09,4369094.0674000001
1999-02-10,4397198.5999000007
1999-02-11,4498325.9412000002
1999-02-12,4444416.8245999999
1999-02-16,4417470.3962000003
1999-02-17,4412993.0956000006
1999-02-18,4447835.3320999993
1999-02-19,4466952.9906000001
1999-02-22,4586058.5287000006
1999-02-23,4583828.7598999999
1999-02-24,4502954.8535000002
1999-02-25,4460279.0538999997
1999-02-26,4442319.8442000002
1999-03-01,4454693.0998
1999-03-02,4415389.0558000002
1999-03-03,4438997.3899999997
1999-03-04,4495189.6791000003
1999-03-05,4585648.8289999999
1999-03-08,4615442.068
1999-03-09,4604224.1225999994
1999-03-10,4644688.4523999998
1999-03-11,4696388.4216999998
1999-03-12,4651464.5172000006
1999-03-15,4717769.2933999998
1999-03-16,4699810.2441000007
1999-03-17,4679603.9587000003
1999-03-18,4754901.3306999998
1999-03-19,4674287.2885000007
1999-03-22,4683315.4913999997
1999-03-23,4548172.4336000001
1999-03-24,4574093.4644999998
1999-03-25,4667599.3329000007
1999-03-26,4633826.3007000005
1999-03-29,4727329.5214999998
1999-03-30,4702567.3381000003
1999-03-31,4627120.2539999997
1999-04-01,4662053.3596000001
1999-04-05,4772455.3292999994
1999-04-06,4761209.4616
1999-04-07,4799524.2591000004
1999-04-08,4860367.0400999999
1999-04-09,4861513.3136
1999-04-12,4913345.6343
1999-04-13,4881824.9309999999
1999-04-14,4799614.2563000005
1999-04-15,4781609.7589999996
1999-04-16,4741076.9219000004
1999-04-19,4667879.4172999999
1999-04-20,4726470.6982999993
1999-04-21,4861659.1765000001
1999-04-22,4907859.2589999996
1999-04-23,4895488.5778999999
1999-04-26,4923666.1648000004
1999-04-27,4947341.5197999999
1999-04-28,4879773.4396000002
1999-04-29,4842617.2911999999
1999-04-30,4803211.2745000003
1999-05-03,4891092.9073999999
1999-05-04,4821270.6777999997
1999-05-05,4859588.5713999998
1999-05-06,4829752.6187000005
1999-05-07,4866383.8604000006
1999-05-10,4842181.7203000002
1999-05-11,4891202.9625999993
1999-05-12,4929521.8344999999
1999-05-13,4950941.9788999995
1999-05-14,4822540.1639
1999-05-17,4837204.3924000002
1999-05-18,4828210.5070000002
1999-05-19,4863148.6824000003
1999-05-20,4833877.6191000007
1999-05-21,4806859.3670000006
1999-05-24,4726896.1279000007
1999-05-25,4650310.1987000005
1999-05-26,4702147.9545
1999-05-27,4634573.6188999992
1999-05-28,4693733.0785999997
1999-06-01,4677416.9491999997
1999-06-02,4681940.6716000009
1999-06-03,4707867.2143000001
1999-06-04,4802515.3988999994
1999-06-07,4814927.2055000002
1999-06-08,4767629.6455000006
1999-06-09,4763141.2579000005
1999-06-10,4719221.2008999996
1999-06-11,4679810.4298
1999-06-14,4684334.2963000005
1999-06-15,4715896.2012
1999-06-16,4806040.9036000008
1999-06-17,4851122.6009
1999-06-18,4856727.6274999995
1999-06-21,4868045.8114
1999-06-22,4834164.0261000004
1999-06-23,4810450.3729000008
1999-06-24,4774308.0960999997
1999-06-25,4762461.3936999999
1999-06-28,4820676.3211000003
1999-06-29,4865895.3017999995
1999-06-30,4954055.6375000002
1999-07-01,4991363.5727999993
1999-07-02,5041103.8367999997
1999-07-06,5039994.3650000002
1999-07-07,5046793.5264999997
1999-07-08,5050764.8710000003
1999-07-09,5080732.9388999995
1999-07-12,5058150.8663999997
1999-07-13,5040088.8662999999
1999-07-14,5068357.7223000005
1999-07-15,5100582.6098000007
1999-07-16,5128291.2785999998
1999-07-19,5094408.1874000002
1999-07-20,4989891.9882000005
1999-07-21,4984261.8975999998
1999-07-22,4918735.3544999994
1999-07-23,4909149.1172000002
1999-07-26,4873004.3655000003
1999-07-27,4913706.3492000001
1999-07-28,4929546.2770999996
1999-07-29,4860626.2991000004
1999-07-30,4800750.0537
1999-08-02,4812069.2571999999
1999-08-03,4789484.8166000005
1999-08-04,4723955.3208999997
1999-08-05,4766918.0841000006
1999-08-06,4714949.6557
1999-08-09,4704794.4012000002
1999-08-10,4652825.3473000005
1999-08-11,4709350.2888000002
1999-08-12,4706543.1062000003
1999-08-13,4815620.4890000001
1999-08-16,4837113.2975000003
1999-08-17,4868776.1030999999
1999-08-18,4833757.4004000006
1999-08-19,4794221.0608000001
1999-08-20,4842835.0901999995
1999-08-23,4935528.3066000007
1999-08-24,4953629.8189999992
1999-08-25,5004508.6982000005
1999-08-26,4944625.4037999995
1999-08-27,4884744.9848000007
1999-08-30,4794346.9215000002
1999-08-31,4776281.5549999997
1999-09-01,4835070.5594999995
1999-09-02,4778009.9574999996
1999-09-03,4917611.3536999999
1999-09-07,4899546.1799000008
1999-09-08,4875831.3829999994
1999-09-09,4873589.1984999999
1999-09-10,4914296.0669999998
1999-09-13,4880971.2093000002
1999-09-14,4848778.5902999993
1999-09-15,4771939.6766999997
1999-09-16,4790605.6697000004
1999-09-17,4850993.0427000001
1999-09-20,4844210.7763999999
1999-09-21,4742221.6961000003
1999-09-22,4737136.3410999998
1999-09-23,4637982.3980999999
1999-09-24,4633466.0833999999
1999-09-27,4664084.4285000004
1999-09-28,4655034.4368000003
1999-09-29,4599515.0251000002
1999-09-30,4669805.7901999997
1999-10-01,4659620.6014999999
1999-10-04,4742381.7589999996
1999-10-05,4737865.7171999998
1999-10-06,4810424.9687999999
1999-10-07,4783239.8506999994
1999-10-08,4855799.8139999993
1999-10-11,4847882.0414000005
1999-10-12,4773090.6991000008
1999-10-13,4649560.7373000002
1999-10-14,4648443.0183999995
1999-10-15,4529445.6123000002
1999-10-18,4562332.0274
1999-10-19,4606557.524100001
1999-10-20,4651914.9318000004
1999-10-21,4679136.5574000003
1999-10-22,4718825.3473000005
1999-10-25,4695040.8758999994
1999-10-26,4636115.4293
1999-10-27,4720013.6317999996
1999-10-28,4880992.4114999995
1999-10-29,4969426.2768000001
1999-11-01,4917302.2094000001
1999-11-02,4882179.2001
1999-11-03,4915071.9989999998
1999-11-04,4952495.9058999997
1999-11-05,5001258.9698000001
1999-11-08,5005811.9574999996
1999-11-09,4958786.7613999993
1999-11-10,4995645.7331999997
1999-11-11,5024005.4105000002
1999-11-12,5069367.2595999995
1999-11-15,5081287.7293999996
1999-11-16,5123817.2967999997
1999-11-17,5137439.5658999998
1999-11-18,5173733.7796999998
1999-11-19,5169218.7957000006
1999-11-22,5168102.9110000003
1999-11-23,5122778.0967999995
1999-11-24,5150003.9269000003
1999-11-26,5130753.4806000004
1999-11-29,5112634.8385999994
1999-11-30,5052570.3806999996
1999-12-01,5093399.8717
1999-12-02,5124028.6623999998
1999-12-03,5218137.8854999999
1999-12-06,5179613.7331999997
1999-12-07,5137690.0301000001
1999-12-08,5104831.8530000001
1999-12-09,5129791.3331000004
1999-12-10,5146817.0773000009
1999-12-13,5155905.659
1999-12-14,5106043.7604
1999-12-15,5133270.9564999994
1999-12-16,5155963.6645999998
1999-12-17,5188997.5643999996
1999-12-20,5151512.7398000006
1999-12-21,5229948.5762999998
1999-12-22,5243605.6033999994
1999-12-23,5327151.9810999995
1999-12-27,5319786.0610000007
1999-12-28,5316398.2911999999
1999-12-29,5339147.5920000002
1999-12-30,5332915.8879000004
1999-12-31,5341460.5890999995
2000-01-03,5289202.4947000006
2000-01-04,5082382.0082
2000-01-05,5091492.9847999997
2000-01-06,5009684.5120999999
2000-01-07,5300646.8635000009
2000-01-10,5318850.7782000005
2000-01-11,5255226.3555999994
2000-01-12,5202966.5618000003
2000-01-13,5273450.0149999997
2000-01-14,5345068.8397000004
2000-01-18,5303039.1832999997
2000-01-19,5346247.1299000001
2000-01-20,5264436.8651000001
2000-01-21,5253091.2422000002
2000-01-24,5104222.4330000002
2000-01-25,5162207.0476000002
2000-01-26,5121310.6300999997
2000-01-27,5100871.8698000005
2000-01-28,4941772.8915999997
2000-01-31,5075905.7748999996
2000-02-01,5125933.7335000001
2000-02-02,5130499.2384000001
2000-02-03,5207805.5730999997
2000-02-04,5186228.4258000003
2000-02-07,5178293.4633999998
2000-02-08,5248781.3180999998
2000-02-09,5138549.9151999997
2000-02-10,5148800.2239999995
2000-02-11,5044252.2867999999
2000-02-14,5073822.9286000002
2000-02-15,5131239.5865000002
2000-02-16,5055675.1721000001
2000-02-17,5029550.2525000004
2000-02-18,4921591.7056
2000-02-22,4909105.5995999994
2000-02-23,4967093.8389999997
2000-02-24,4867088.608
2000-02-25,4849487.8260000004
2000-02-28,4951236.7211000007
2000-02-29,4998994.4852999989
2000-03-01,5035386.0882000001
2000-03-02,5038813.2657000003
2000-03-03,5133176.6360999998
2000-03-06,5083182.6499000005
2000-03-07,4984877.1006000005
2000-03-08,4978646.8563000001
2000-03-09,5124160.2288000006
2000-03-10,5096899.0882999999
2000-03-13,5041218.9247000003
2000-03-14,4969628.0261000004
2000-03-15,5085589.4936000006
2000-03-16,5323176.8967000004
2000-03-17,5358284.3781999992
2000-03-20,5330954.6577999992
2000-03-21,5440374.3169000009
2000-03-22,5473440.9786999999
2000-03-23,5566907.7455999991
2000-03-24,5599978.4817999993
2000-03-27,5540740.4501999998
2000-03-28,5508852.3976999996
2000-03-29,5514569.4052999998
2000-03-30,5422283.3810000001
2000-03-31,5483842.8701999998
2000-04-03,5515772.7448000005
2000-04-04,5474767.0201000003
2000-04-05,5440598.7472999999
2000-04-06,5487911.0675000008
2000-04-07,5522693.2957000006
2000-04-10,5501059.1766999997
2000-04-11,5485124.7917999998
2000-04-12,5334711.8073000005
2000-04-13,5260656.0756999999
2000-04-14,4959806.3915999997
2000-04-17,5133053.5229000002
2000-04-18,5268691.2916999999
2000-04-19,5219706.9302999992
2000-04-20,5244799.3322000001
2000-04-24,5187835.0874000005
2000-04-25,5403252.8711000001
2000-04-26,5342298.8018999994
2000-04-27,5324656.3967000004
2000-04-28,5291623.5230999999
2000-05-01,5363446.1184999999
2000-05-02,5256334.0735000009
2000-05-03,5133265.3026000001
2000-05-04,5172034.7789000003
2000-05-05,5234736.9195999997
2000-05-08,5195436.7220999999
2000-05-09,5153857.3616000004
2000-05-10,5037624.2668000003
2000-05-11,5152754.6139000002
2000-05-12,5208622.7851
2000-05-15,5298680.2895999998
2000-05-16,5349990.4345999993
2000-05-17,5294161.0283000004
2000-05-18,5229216.5151000004
2000-05-19,5147173.4418000001
2000-05-22,5108440.7736
2000-05-23,5033235.2333999993
2000-05-24,5115317.7260000007
2000-05-25,5027572.4266000008
2000-05-26,5033291.8629000001
2000-05-30,5197439.8202
2000-05-31,5208857.2049000002
2000-06-01,5300060.2341000009
2000-06-02,5392402.0614
2000-06-05,5366208.5123999994
2000-06-06,5342291.0235000001
2000-06-07,5379353.8103
2000-06-08,5358288.5007999996
2000-06-09,5346910.4022000004
2000-06-12,5284241.8379000006
2000-06-13,5383424.9974999996
2000-06-14,5392563.841599999
2000-06-15,5403982.4266999997
2000-06-16,5359718.8097999999
2000-06-19,5428292.1446000002
2000-06-20,5408890.6938000005
2000-06-21,5406625.8522000005
2000-06-22,5324381.3212000001
2000-06-23,5278698.4436999997
2000-06-26,5346698.6975999996
2000-06-27,5307300.8465999998
2000-06-28,5322176.0225
2000-06-29,5271922.0981000001
2000-06-30,5311930.9257000005
2000-07-03,5385077.0417999988
2000-07-05,5287977.8289000001
2000-07-06,5329131.4535000008
2000-07-07,5414845.4802999999
2000-07-10,5405724.875
2000-07-11,5417171.3282000003
2000-07-12,5452614.6202999996
2000-07-13,5476628.5464000003
2000-07-14,5530354.4211999997
2000-07-17,5521234.0783000011
2000-07-18,5476119.3890999993
2000-07-19,5432149.2708000001
2000-07-20,5507584.4188000001
2000-07-21,5400195.7496000007
2000-07-24,5369362.5863000005
2000-07-25,5386524.3191999998
2000-07-26,5333981.9139
2000-07-27,5315719.2020000005
2000-07-28,5195756.6894999994
2000-07-31,5228915.5272000004
2000-08-01,5260930.2480999995
2000-08-02,5287230.0920999991
2000-08-03,5323816.0348000005
2000-08-04,5352405.0652999999
2000-08-07,5416416.3161000004
2000-08-08,5437005.2972000008
2000-08-09,5391317.3605999993
2000-08-10,5365053.5095999995
2000-08-11,5390213.3972000005
2000-08-14,5458796.8721000003
2000-08-15,5454246.4415999996
2000-08-16,5434842.1748000002
2000-08-17,5491999.2478
2000-08-18,5473736.0334000001
2000-08-21,5503467.8620000007
2000-08-22,5494346.5267999992
2000-08-23,5516077.7162999995
2000-08-24,5533241.4119000006
2000-08-25,5530976.6425999999
2000-08-28,5549851.8522999994
2000-08-29,5551013.7867000001
2000-08-30,5497896.7870000005
2000-08-31,5571055.1098000007
2000-09-01,5576791.5877999999
2000-09-05,5532242.1973000001
2000-09-06,5469411.2039000001
2000-09-07,5516284.5785000008
2000-09-08,5478594.6105999993
2000-09-11,5470613.8564999998
2000-09-12,5430637.8200000003
2000-09-13,5444942.1886
2000-09-14,5472390.1734000007
2000-09-15,5352998.8537999997
2000-09-18,5303749.4862000002
2000-09-19,5351891.5505000008
2000-09-20,5312383.0935000004
2000-09-21,5231627.0377000002
2000-09-22,5326744.6289999997
2000-09-25,5288955.4436999997
2000-09-26,5221372.1238000002
2000-09-27,5248890.7101999996
2000-09-28,5316514.0559999999
2000-09-29,5266118.7734000003
2000-10-02,5274157.4682
2000-10-03,5224909.1429000003
2000-10-04,5268469.6458000001
2000-10-05,5286822.4852999998
2000-10-06,5172260.1157
2000-10-09,5133321.4160000002
2000-10-10,5048549.1961000003
2000-10-11,5006170.5449000001
2000-10-12,4881294.5127999997
2000-10-13,5044022.6348000001
2000-10-16,5066958.5087000001
2000-10-17,4940933.7657999992
2000-10-18,4922618.5882999999
2000-10-19,5108266.5200000005
2000-10-20,5130055.4257999994
2000-10-23,5152992.0506000007
2000-10-24,5118635.1652999995
2000-10-25,4998338.8610000005
2000-10-26,5012108.1930999998
2000-10-27,5107233.8934000004
2000-10-30,5153088.6801000005
2000-10-31,5241915.4262000006
2000-11-01,5224173.0934999995
2000-11-02,5232787.5115999999
2000-11-03,5235671.3543999996
2000-11-06,5272360.1799999997
2000-11-07,5271235.7216000007
2000-11-08,5154371.5662000002
2000-11-09,5134908.4799000006
2000-11-10,5010023.1051999992
2000-11-13,4971080.1395000005
2000-11-14,5101735.7418
2000-11-15,5117798.0674999999
2000-11-16,5037600.9885999998
2000-11-17,5010688.8922000006
2000-11-20,4939086.6058999998
2000-11-21,4964316.2423999999
2000-11-22,4845726.4431999996
2000-11-24,4944870.3352999995
2000-11-27,4988435.8395999996
2000-11-28,4902507.9642000003
2000-11-29,4893358.4983000001
2000-11-30,4850973.6943999995
2000-12-01,4848699.9057
2000-12-04,4889973.8805999998
2000-12-05,5050432.0070000002
2000-12-06,4969658.3091000002
2000-12-07,4901488.9775
2000-12-08,4912967.4719000002
2000-12-11,5083743.9166000001
2000-12-12,5061986.917200001
2000-12-13,4992671.989599999
2000-12-14,4929085.5806999998
2000-12-15,4818125.1777999997
2000-12-18,4882522.8937999997
2000-12-19,4783097.8237000005
2000-12-20,4644584.6510000005
2000-12-21,4676792.2588
2000-12-22,4817067.5784
2000-12-26,4868818.5661000004
2000-12-27,4904478.0507999994
2000-12-28,4919440.4170999993
2000-12-29,4826337.2082000002
2001-01-02,4738979.9787999997
2001-01-03,4966634.3427999998
2001-01-04,4913189.8714999994
2001-01-05,4752829.5833000001
2001-01-08,4789637.5724999998
2001-01-09,4777007.1747000003
2001-01-10,4860954.9750999995
2001-01-11,4865572.0257999999
2001-01-12,4856392.5929999994
2001-01-16,4887451.3942999998
2001-01-17,4909889.7837000005
2001-01-18,4958770.8599999994
2001-01-19,4930621.6957
2001-01-22,4963406.9768000003
2001-01-23,5002516.6005999995
2001-01-24,5017483.6710999999
2001-01-25,5004853.6080999998
2001-01-26,4999125.3262
2001-01-29,5025818.5594000006
2001-01-30,5069987.9693999998
2001-01-31,5041308.9742000001
2001-02-01,5074808.6524999999
2001-02-02,4959667.0861
2001-02-05,4996110.1708000004
2001-02-06,4981411.9594999999
2001-02-07,4955675.6102
2001-02-08,4897928.6190999998
2001-02-09,4850851.5538999997
2001-02-12,4906428.2593
2001-02-13,4866341.2176000001
2001-02-14,4859000.8267000001
2001-02-15,4906115.1514999997
2001-02-16,4797959.0422
2001-02-20,4724020.9446
2001-02-21,4622118.5784999998
2001-02-22,4629126.6725000003
2001-02-23,4597868.6712000007
2001-02-26,4695760.0262000002
2001-02-27,4652359.6647000005
2001-02-28,4560757.3812000006
2001-03-01,4584691.3613
2001-03-02,4548281.3407000005
2001-03-05,4589877.1058
2001-03-06,4639200.5049000001
2001-03-07,4672334.0586000001
2001-03-08,4677502.9954000004
2001-03-09,4539167.6395999994
2001-03-12,4344901.2599999998
2001-03-13,4416302.0942000002
2001-03-14,4329111.4052999998
2001-03-15,4330231.4617000008
2001-03-16,4243610.3954000007
2001-03-19,4329966.8982000006
2001-03-20,4213754.7565000001
2001-03-21,4142188.5669999998
2001-03-22,4100140.2241000002
2001-03-23,4224133.9183
2001-03-26,4278021.4494000003
2001-03-27,4365486.9792000009
2001-03-28,4244844.6601999998
2001-03-29,4261096.1497
2001-03-30,4305759.8768000007
2001-04-02,4213896.9982999992
2001-04-03,4073326.6397000002
2001-04-04,4090315.6097000008
2001-04-05,4245309.2643999998
2001-04-06,4180750.7294999994
2001-04-09,4227260.0072999997
2001-04-10,4304396.9356000004
2001-04-11,4307365.1222000001
2001-04-12,4385609.5989999995
2001-04-16,4339500.5751999998
2001-04-17,4400771.852
2001-04-18,4575697.3724000007
2001-04-19,4636600.9007999999
2001-04-20,4594182.1541000009
2001-04-23,4510802.9095999999
2001-04-24,4486465.1791000003
2001-04-25,4545154.9888000004
2001-04-26,4565467.9567999998
2001-04-27,4641502.3322999999
2001-04-30,4673993.4642000003
2001-05-01,4688402.6916000005
2001-05-02,4679932.6962000001
2001-05-03,4620537.7216999996
2001-05-04,4699156.8501999993
2001-05-07,4658581.8593000006
2001-05-08,4656385.2478999998
2001-05-09,4636844.3414000003
2001-05-10,4650515.6030000001
2001-05-11,4618427.6192999994
2001-05-14,4627670.7226
2001-05-15,4649092.0126
2001-05-16,4758712.3602999998
2001-05-17,4766110.8043
2001-05-18,4787902.2577999998
2001-05-21,4858406.1094999993
2001-05-22,4852150.7291999999
2001-05-23,4769872.9325999999
2001-05-24,4783914.6151000001
2001-05-25,4727468.8944000006
2001-05-29,4689843.8670999995
2001-05-30,4624171.2017000001
2001-05-31,4648176.4391000001
2001-06-01,4676979.9404000007
2001-06-04,4699509.3148999996
2001-06-05,4753408.8032
2001-06-06,4713937.9072000002
2001-06-07,4730932.0713999998
2001-06-08,4687032.0455
2001-06-11,4653834.3604000006
2001-06-12,4645732.4766000006
2001-06-13,4605891.5938999997
2001-06-14,4502571.4463999998
2001-06-15,4509838.1354
2001-06-18,4488018.4736000001
2001-06-19,4507651.3787000002
2001-06-20,4531355.7144999998
2001-06-21,4582819.1208999995
2001-06-22,4546934.6450999994
2001-06-25,4505128.1503999997
2001-06-26,4498853.0401999997
2001-06-27,4496279.0454000002
2001-06-28,4521094.2467999998
2001-06-29,4537766.7416000003
2001-07-02,4594413.2744999994
2001-07-03,4593320.1529999999
2001-07-05,4503765.8569
2001-07-06,4406438.148
2001-07-09,4430513.1206
2001-07-10,4377230.5127999997
2001-07-11,4381688.3763999995
2001-07-12,4485713.6483999994
2001-07-13,4524594.9084000001
2001-07-16,4467980.4473000001
2001-07-17,4509823.1035000002
2001-07-18,4479118.3620999996
2001-07-19,4518370.3989999993
2001-07-20,4491366.5477999998
2001-07-23,4402918.2354000006
2001-07-24,4360367.8722000001
2001-07-25,4408503.5469000004
2001-07-26,4454789.0083999997
2001-07-27,4471832.7431999994
2001-07-30,4473330.1294
2001-07-31,4491854.6834000004
2001-08-01,4520003.5682000006
2001-08-02,4538528.4353999998
2001-08-03,4513744.7901999997
2001-08-06,4453055.3299000002
2001-08-07,4470469.4455999993
2001-08-08,4387569.5676999995
2001-08-09,4400541.7335000001
2001-08-10,4415735.2187000001
2001-08-13,4416862.2449000003
2001-08-14,4415027.8497000001
2001-08-15,4376916.8434999995
2001-08-16,4392110.4681000002
2001-08-17,4321793.8704000004
2001-08-20,4361789.0580000002
2001-08-21,4287399.8763999995
2001-08-22,4331837.1853
2001-08-23,4316305.9391999999
2001-08-24,4405905.7981000002
2001-08-27,4379639.4368000003
2001-08-28,4315614.2845999999
2001-08-29,4277131.2136000004
2001-08-30,4194965.8828999996
2001-08-31,4225707.2588
2001-09-04,4198699.1617000001
2001-09-05,4209080.2002999997
2001-09-06,4100629.7986999997
2001-09-07,4024755.7212
2001-09-10,4074006.7697999999
2001-09-17,3861159.3640999999
2001-09-18,3851918.9076
2001-09-19,3774191.3764999998
2001-09-20,3654260.7247000001
2001-09-21,3614996.0301000001
2001-09-24,3742099.2174999998
2001-09-25,3781132.2725
2001-09-26,3767768.4526999998
2001-09-27,3800484.3151000002
2001-09-28,3881138.7370999996
2001-10-01,3874835.6642999998
2001-10-02,3923532.0231999997
2001-10-03,3989322.7912000003
2001-10-04,3992682.4648000002
2001-10-05,3984893.4602000001
2001-10-08,3958894.7760000001
2001-10-09,3937727.1375999996
2001-10-10,4025445.1889999998
2001-10-11,4087893.3338999995
2001-10-12,4069327.3302000002
2001-10-15,4061910.1403000001
2001-10-16,4087567.6195999999
2001-10-17,4000621.4782999996
2001-10-18,3992088.7897000001
2001-10-19,3989502.3243000004
2001-10-22,4068304.0298000001
2001-10-23,4047507.7574000005
2001-10-24,4036745.4013
2001-10-25,4109230.077
2001-10-26,4099954.4716000003
2001-10-29,3993308.4829000002
2001-10-30,3945381.7162000001
2001-10-31,3932017.2600999996
2001-11-01,4032748.0973000005
2001-11-02,4060265.0675999997
2001-11-05,4113426.0972000002
2001-11-06,4177365.4574000002
2001-11-07,4171806.2724000001
2001-11-08,4184829.7014999995
2001-11-09,4189305.3602
2001-11-12,4163676.7385999998
2001-11-13,4257350.1415999997
2001-11-14,4261454.3892000001
2001-11-15,4269275.1936999997
2001-11-16,4250336.3952000001
2001-11-19,4302756.6472000005
2001-11-20,4266721.5755000003
2001-11-21,4238490.9133000001
2001-11-23,4299460.1643000003
2001-11-26,4308767.9974999996
2001-11-27,4290200.6654000003
2001-11-28,4212537.3240999999
2001-11-29,4269419.2920999993
2001-11-30,4238958.0349000003
2001-12-03,4213700.0038000001
2001-12-04,4285077.6767000007
2001-12-05,4363517.8771000002
2001-12-06,4361303.9400000004
2001-12-07,4332329.2563000005
2001-12-10,4251318.7156999996
2001-12-11,4242786.1175999995
2001-12-12,4247633.8234999999
2001-12-13,4165135.3015000001
2001-12-14,4204921.4961999999
2001-12-17,4248425.1415999997
2001-12-18,4273716.0426999992
2001-12-19,4303839.0560999997
2001-12-20,4261482.1738
2001-12-21,4287247.8765000002
2001-12-24,4279058.9181999993
2001-12-26,4302571.8573000003
2001-12-27,4328695.7187999999
2001-12-28,4326474.2028999999
2001-12-31,4263085.3136999998
2002-01-02,4308976.8711000001
2002-01-03,4357852.6058
2002-01-04,4386961.3445999995
2002-01-07,4356020.5894999998
2002-01-08,4345966.3451000005
2002-01-09,4310549.6259000003
2002-01-10,4329587.9323000005
2002-01-11,4287084.0944999997
2002-01-14,4260245.2487000003
2002-01-15,4294948.9527000003
2002-01-16,4208058.9408999998
2002-01-17,4239778.6892000008
2002-01-18,4220399.2510000002
2002-01-22,4191321.7754000006
2002-01-23,4223414.8857000005
2002-01-24,4236485.4875999996
2002-01-25,4235382.4245999996
2002-01-28,4246961.1433999995
2002-01-29,4113443.5260999999
2002-01-30,4172766.0944000003
2002-01-31,4221644.8058999991
2002-02-01,4201891.5674000001
2002-02-04,4097466.0195999998
2002-02-05,4072117.0070000002
2002-02-06,4054600.9124999996
2002-02-07,4029251.5479000001
2002-02-08,4106479.645
2002-02-11,4156851.7738999994
2002-02-12,4143811.6995999999
2002-02-13,4187842.9210000001
2002-02-14,4180025.3408999997
2002-02-15,4136398.0964999995
2002-02-19,4056960.8564999993
2002-02-20,4125238.4265999999
2002-02-21,4039832.3619999997
2002-02-22,4089832.3595999996
2002-02-25,4157364.9206000003
2002-02-26,4148801.0819999995
2002-02-27,4164856.8181000003
2002-02-28,4146221.0401999997
2002-03-01,4242851.0349000003
2002-03-04,4317846.1896000002
2002-03-05,4304060.0831000004
2002-03-06,4355181.9208999993
2002-03-07,4345872.3813999994
2002-03-08,4364167.3804000001
2002-03-11,4373509.6873000003
2002-03-12,4370914.8146000002
2002-03-13,4328777.7472000001
2002-03-14,4322825.1612
2002-03-15,4363912.8749000002
2002-03-18,4364677.2962000007
2002-03-19,4393873.7784000002
2002-03-20,4311212.8871999998
2002-03-21,4313099.7032000003
2002-03-22,4303763.1587999994
2002-03-25,4250281.5470000003
2002-03-26,4274988.6993000004
2002-03-27,4286228.2316000005
2002-03-28,4284373.6208999995
2002-04-01,4286260.3783999998
2002-04-02,4262707.1451999992
2002-04-03,4232793.5318999998
2002-04-04,4215225.7279000003
2002-04-05,4215989.9275000002
2002-04-08,4224984.6097999997
2002-04-09,4195444.6041999999
2002-04-10,4242974.4772000005
2002-04-11,4137486.2746000001
2002-04-12,4168554.5255000005
2002-04-15,4136769.1966000004
2002-04-16,4235181.1151999999
2002-04-17,4226217.8891000003
2002-04-18,4207901.2450999999
2002-04-19,4223256.4277999997
2002-04-22,4152934.6531999996
2002-04-23,4134991.4780999999
2002-04-24,4093477.7432999997
2002-04-25,4095737.8280999996
2002-04-26,4017931.4753
2002-04-29,3998116.9898000001
2002-04-30,4035546.5152999996
2002-05-01,4084948.9776999997
2002-05-02,4069250.1507999999
2002-05-03,4025115.7682999996
2002-05-06,3946184.9789999998
2002-05-07,3932356.0275999997
2002-05-08,4078665.0470000003
2002-05-09,4031536.7218999998
2002-05-10,3955598.0998999998
2002-05-13,4036056.9717999999
2002-05-14,4123999.4783999994
2002-05-15,4107926.0325000002
2002-05-16,4129268.6785000004
2002-05-17,4149489.0308999997
2002-05-20,4104604.6141000008
2002-05-21,4067203.3726000004
2002-05-22,4076198.8377
2002-05-23,4119617.5956999999
2002-05-24,4066875.1475
2002-05-28,4044814.1026999997
2002-05-29,4014895.5879000002
2002-05-30,4003685.2879000003
2002-05-31,4011932.2154000001
2002-06-03,3905306.7202999997
2002-06-04,3915049.7955999998
2002-06-05,3951734.3094999995
2002-06-06,3871299.9610000001
2002-06-07,3866824.1669999994
2002-06-10,3881806.1288999999
2002-06-11,3815215.6042000004
2002-06-12,3838429.6477999995
2002-06-13,3799902.6243000003
2002-06-14,3794303.9819999998
2002-06-17,3896098.3922999999
2002-06-18,3927919.3391
2002-06-19,3836256.2750999997
2002-06-20,3787251.0726999999
2002-06-21,3728268.2023
2002-06-24,3747809.9271
2002-06-25,3663704.6154000005
2002-06-26,3669727.0027000001
2002-06-27,3733957.1932000001
2002-06-28,3716320.9530000002
2002-07-01,3643856.1148000001
2002-07-02,3566508.7941999999
2002-07-03,3586801.3966999999
2002-07-05,3729520.6442000004
2002-07-08,3682967.3333000001
2002-07-09,3590221.5168000003
2002-07-10,3459545.0932
2002-07-11,3487724.1405000002
2002-07-12,3449431.0285999998
2002-07-15,3467845.8620999996
2002-07-16,3401010.7079000003
2002-07-17,3407783.4212000002
2002-07-18,3297383.3016000004
2002-07-19,3181348.6595000001
2002-07-22,3087095.5488999998
2002-07-23,3002606.3317999998
2002-07-24,3181760.1151000001
2002-07-25,3154731.5551999998
2002-07-26,3214833.4351999997
2002-07-29,3371455.9175000004
2002-07-30,3415409.9708999996
2002-07-31,3423685.3364999997
2002-08-01,3334312.6130000004
2002-08-02,3259586.7125999997
2002-08-05,3146176.1362999999
2002-08-06,3252099.5241999999
2002-08-07,3308823.5456000003
2002-08-08,3415875.0457000001
2002-08-09,3428657.6321999999
2002-08-12,3403506.7944999994
2002-08-13,3341548.7694000001
2002-08-14,3463625.2924000002
2002-08-15,3511712.8511000001
2002-08-16,3501209.6982999993
2002-08-19,3583100.5425000004
2002-08-20,3545179.5743000004
2002-08-21,3596272.9388000001
2002-08-22,3631216.2821
2002-08-23,3553106.8423999995
2002-08-26,3577909.4347999999
2002-08-27,3536607.5764999995
2002-08-28,3459247.9360999996
2002-08-29,3460763.3336999998
2002-08-30,3447254.7701999997
2002-09-03,3315807.7733999998
2002-09-04,3363146.0400000005
2002-09-05,3334612.7762999996
2002-09-06,3380449.0136000002
2002-09-09,3405251.7999000004
2002-09-10,3444327.4185000001
2002-09-11,3422930.6651999997
2002-09-12,3359841.0793000003
2002-09-13,3368117.1602999996
2002-09-16,3376393.3031000001
2002-09-17,3299029.6140000001
2002-09-18,3265987.6475999998
2002-09-19,3181486.1231999998
2002-09-20,3182553.5785000003
2002-09-23,3156531.8092
2002-09-24,3105607.2766
2002-09-25,3182589.3879000004
2002-09-26,3234669.9577999995
2002-09-27,3122243.8999999999
2002-09-30,3086033.8437999999
2002-10-01,3234328.9823000003
2002-10-02,3137371.6506000003
2002-10-03,3105688.8316000006
2002-10-04,3048725.9337999998
2002-10-07,2985725.1089999997
2002-10-08,3032524.0874000001
2002-10-09,2946883.5422000005
2002-10-10,3042356.9824000001
2002-10-11,3175563.7508
2002-10-14,3193309.6499000001
2002-10-15,3346893.2983999997
2002-10-16,3265780.6998000005
2002-10-17,3330693.2701999997
2002-10-18,3344667.0518999998
2002-10-21,3402411.2878
2002-10-22,3377897.3662999999
2002-10-23,3403568.7720999997
2002-10-24,3334151.8997999998
2002-10-25,3403594.3043
2002-10-28,3381344.2397000007
2002-10-29,3342113.5167
2002-10-30,3374577.4172000005
2002-10-31,3340251.7560999999
2002-11-01,3406299.5369999995
2002-11-04,3438764.0410000002
2002-11-05,3465945.9655999998
2002-11-06,3510863.5485
2002-11-07,3424840.9737
2002-11-08,3382967.8164999997
2002-11-11,3330528.4651000001
2002-11-12,3356955.6372000007
2002-11-13,3360364.5773000005
2002-11-14,3423773.1618999997
2002-11-15,3449068.9782000002
2002-11-18,3414364.8450000002
2002-11-19,3409849.2381999996
2002-11-20,3485711.9998000003
2002-11-21,3550631.4265999999
2002-11-22,3525361.3314
2002-11-25,3527638.9414999997
2002-11-26,3460480.3869999996
2002-11-27,3557854.8318000003
2002-11-29,3546547.1913000001
2002-12-02,3552220.8524000002
2002-12-03,3504685.2823000001
2002-12-04,3488848.4324000003
2002-12-05,3450369.1949
2002-12-06,3473024.7901000003
2002-12-09,3377560.8026999994
2002-12-10,3422859.0867999997
2002-12-11,3425891.0579000004
2002-12-12,3425526.4455999997
2002-12-13,3371573.1526999995
2002-12-16,3458762.3637999999
2002-12-17,3428584.1321999999
2002-12-18,3388971.2736
2002-12-19,3364830.9961999999
2002-12-20,3412615.2302999995
2002-12-23,3413765.6546
2002-12-24,3388370.5507
2002-12-26,3389900.1929000006
2002-12-27,3313688.4252999998
2002-12-30,3341384.5994999995
2002-12-31,3345947.9506000001
2003-01-02,3453661.7538999999
2003-01-03,3464293.1127999998
2003-01-06,3525362.6500999997
2003-01-07,3516653.6313999998
2003-01-08,3465849.0707999999
2003-01-09,3519713.7174000004
2003-01-10,3529207.8823000002
2003-01-13,3528083.4345999998
2003-01-14,3539474.0230000005
2003-01-15,3504217.7067000004
2003-01-16,3489819.3733000001
2003-01-17,3438255.3021999998
2003-01-21,3384794.1881999997
2003-01-22,3343847.9512999998
2003-01-23,3364340.0333999996
2003-01-24,3275986.9738999996
2003-01-27,3231247.4092999999
2003-01-28,3255152.7436000002
2003-01-29,3279816.6164000002
2003-01-30,3202081.0702999998
2003-01-31,3263912.1677999995
2003-02-03,3270372.0183999999
2003-02-04,3238146.8274000003
2003-02-05,3218058.0727999997
2003-02-06,3202899.5279000001
2003-02-07,3163847.1998000001
2003-02-10,3186235.9827999999
2003-02-11,3164250.2738000001
2003-02-12,3113819.1433000001
2003-02-13,3123312.6081999997
2003-02-14,3191593.6020999998
2003-02-18,3247737.9824000001
2003-02-19,3230682.8673000005
2003-02-20,3198456.4994000001
2003-02-21,3230707.0987
2003-02-24,3178378.6866000001
2003-02-25,3203802.3869999996
2003-02-26,3157162.4953000001
2003-02-27,3198895.5324999997
2003-02-28,3220147.7557999999
2003-03-03,3189437.3467000001
2003-03-04,3138624.7918000002
2003-03-05,3165186.7482999996
2003-03-06,3138648.3324000002
2003-03-07,3160279.7948000003
2003-03-10,3084432.7932999996
2003-03-11,3054100.5886000004
2003-03-12,3074594.1258
2003-03-13,3180809.3687
2003-03-14,3191062.2435000003
2003-03-17,3291589.1468000002
2003-03-18,3310946.0058999998
2003-03-19,3336371.7243999997
2003-03-20,3343591.1554000005
2003-03-21,3414700.0849000001
2003-03-24,3301232.4302999992
2003-03-25,3332851.7582999999
2003-03-26,3316108.7930000001
2003-03-27,3318786.9106999999
2003-03-28,3302043.4621000001
2003-03-31,3227035.3281
2003-04-01,3276553.6332999999
2003-04-02,3355776.0323000001
2003-04-03,3339793.9952999996
2003-04-04,3359609.3278999999
2003-04-07,3353148.0331999999
2003-04-08,3358492.0937000001
2003-04-09,3314328.9219
2003-04-10,3332621.1144000003
2003-04-11,3318923.8233999996
2003-04-14,3387485.2786000003
2003-04-15,3419106.9715
2003-04-16,3360852.5811000001
2003-04-17,3410754.2511999998
2003-04-21,3414194.7049000002
2003-04-22,3478568.5616000001
2003-04-23,3510572.0992000001
2003-04-24,3479356.5199999996
2003-04-25,3436334.6960000005
2003-04-28,3495758.8100000001
2003-04-29,3507958.8980999999
2003-04-30,3500355.2768000001
2003-05-01,3499987.4811
2003-05-02,3549891.4982999996
2003-05-05,3543049.5322000002
2003-05-06,3576577.8281999999
2003-05-07,3556786.7651
2003-05-08,3520999.8385000001
2003-05-09,3569762.6480999999
2003-05-12,3613574.2368999999
2003-05-13,3607113.2894000001
2003-05-14,3599509.7550999997
2003-05-15,3622374.8267000001
2003-05-16,3613247.8081
2003-05-19,3528709.7241000002
2003-05-20,3521486.4169000001
2003-05-21,3528736.1895000003
2003-05-22,3563789.1433999999
2003-05-23,3571039.0906000002
2003-05-27,3633515.1951000001
2003-05-28,3643812.2018000004
2003-05-29,3634304.0403
2003-05-30,3692591.4236000003
2003-06-02,3707840.3436000003
2003-06-03,3723089.4157999996
2003-06-04,3776807.4282
2003-06-05,3795484.6409
2003-06-06,3780644.4939000001
2003-06-09,3742189.4145999998
2003-06-10,3780291.8897000002
2003-06-11,3820299.1924000001
2003-06-12,3832120.9470000002
2003-06-13,3792141.8928999999
2003-06-16,3872143.2656999999
2003-06-17,3872157.7862999998
2003-06-18,3868744.1180000002
2003-06-19,3809719.8842000007
2003-06-20,3801364.1754000005
2003-06-23,3762386.0070999996
2003-06-24,3766222.8639000002
2003-06-25,3728391.3394999998
2003-06-26,3776955.2232000004
2003-06-27,3733389.1738
2003-06-30,3732256.0532999998
2003-07-01,3766675.8467999999
2003-07-02,3814093.5095000002
2003-07-03,3774732.1220999998
2003-07-07,3849675.0937999999
2003-07-08,3866892.8377999999
2003-07-09,3845116.6429000003
2003-07-10,3796197.4236000003
2003-07-11,3832147.2735000001
2003-07-14,3850894.3991
2003-07-15,3842498.2315000002
2003-07-16,3819956.7829
2003-07-17,3765684.3673000005
2003-07-18,3804311.1662000003
2003-07-21,3757301.8764
2003-07-22,3791341.1488999999
2003-07-23,3794031.5174000002
2003-07-24,3765372.5920999995
2003-07-25,3831908.8695
2003-07-28,3817777.6349999998
2003-07-29,3800205.5919999997
2003-07-30,3791044.3726999997
2003-07-31,3799851.6631
2003-08-01,3766222.1043999996
2003-08-04,3766236.2277000002
2003-08-05,3686345.2793000005
2003-08-06,3707769.3067000001
2003-08-07,3746780.0499000004
2003-08-08,3757499.1479000002
2003-08-11,3771659.4125000006
2003-08-12,3806083.0562000005
2003-08-13,3786598.4851000002
2003-08-14,3796935.4858999997
2003-08-15,3808802.1965999999
2003-08-18,3841697.1239
2003-08-19,3856240.1647000005
2003-08-20,3840578.6997000002
2003-08-21,3852827.8975
2003-08-22,3814608.4664000003
2003-08-25,3820740.3297000006
2003-08-26,3827636.8457999998
2003-08-27,3828798.1523000002
2003-08-28,3852517.9863
2003-08-29,3878531.9585999995
2003-09-02,3930545.7858000002
2003-09-03,3951971.9817000004
2003-09-04,3953898.6675
2003-09-05,3931737.0218999996
2003-09-08,3964251.7031000005
2003-09-09,3938266.4613999999
2003-09-10,3898516.1710999999
2003-09-11,3910001.6276999996
2003-09-12,3917280.9171000002
2003-09-15,3903530.5987
2003-09-16,3960517.3618999999
2003-09-17,3952884.7601000001
2003-09-18,3999548.0986000001
2003-09-19,3979299.9939999995
2003-09-22,3936324.6956999996
2003-09-23,3951309.3511000001
2003-09-24,3881080.3379000006
2003-09-25,3849235.4872000003
2003-09-26,3836582.8354999996
2003-09-29,3874214.6593999998
2003-09-30,3836611.6112999995
2003-10-01,3918386.9006000003
2003-10-02,3932604.0194999999
2003-10-03,3968701.3021
2003-10-06,3986757.5579000004
2003-10-07,4002126.8987000003
2003-10-08,3992161.4638
2003-10-09,4002924.523
2003-10-10,4014071.6026999997
2003-10-13,4026754.2624000004
2003-10-14,4040972.2122999998
2003-10-15,4030239.1165
2003-10-16,4046376.9525000001
2003-10-17,4002246.9654999999
2003-10-20,4032203.9322000006
2003-10-21,4025309.3356999997
2003-10-22,3974652.9804000007
2003-10-23,3967374.1245999997
2003-10-24,3976218.3388999999
2003-10-27,3978152.4526
2003-10-28,4032294.6602999996
2003-10-29,4037684.0885000005
2003-10-30,4046144.7382
2003-10-31,4042321.1026999997
2003-11-03,4068824.2126999996
2003-11-04,4060010.2104000007
2003-11-05,4063096.3172000004
2003-11-06,4084609.6489999997
2003-11-07,4054297.4696
2003-11-10,4037805.2217999995
2003-11-11,4036668.7560000005
2003-11-12,4081983.6466999999
2003-11-13,4083150.6085999999
2003-11-14,4048614.9268
2003-11-17,4028283.4194999994
2003-11-18,3986453.0568000004
2003-11-19,4020251.6998000001
2003-11-20,3984179.6424000002
2003-11-21,4000702.5543999998
2003-11-24,4053696.7104000002
2003-11-25,4069068.3551000003
2003-11-26,4083672.4088000003
2003-11-28,4086758.7885000003
2003-12-01,4130924.2013999997
2003-12-02,4120574.1437999997
2003-12-03,4114063.0949999997
2003-12-04,4130970.6747000003
2003-12-05,4102192.2247000001
2003-12-08,4129849.9726
2003-12-09,4097999.8488999996
2003-12-10,4097631.4848000002
2003-12-11,4143717.7339999992
2003-12-12,4151795.6891000001
2003-12-15,4131079.1163000003
2003-12-16,4152594.8785999999
2003-12-17,4165663.9419
2003-12-18,4212519.3251
2003-12-19,4200847.8382000001
2003-12-22,4230180.8798000002
2003-12-23,4232896.9838999994
2003-12-24,4228669.5449999999
2003-12-26,4231771.2279000003
2003-12-29,4288108.1160000004
2003-12-30,4288895.5620999997
2003-12-31,4292769.2212000005
2004-01-02,4290856.6589999991
2004-01-05,4337550.1939999992
2004-01-06,4341809.9216
2004-01-07,4356485.2412
2004-01-08,4373861.0510000009
2004-01-09,4335686.2922999999
2004-01-12,4367721.6660000002
2004-01-13,4342276.9128999999
2004-01-14,4378556.0700000003
2004-01-15,4389374.1752000004
2004-01-16,4406750.7686000001
2004-01-20,4405609.7262000004
2004-01-21,4440346.5034999996
2004-01-22,4428789.8986999998
2004-01-23,4414532.4168999996
2004-01-26,4470102.0599000007
2004-01-27,4424210.1776000001
2004-01-28,4373688.7315999996
2004-01-29,4377948.8106999993
2004-01-30,4377965.2280000001
2004-02-02,4396885.3653999995
2004-02-03,4389571.7054000003
2004-02-04,4353709.2235000003
2004-02-05,4366456.8992999997
2004-02-06,4415469.4490999999
2004-02-09,4416643.6355999997
2004-02-10,4430934.6217
2004-02-11,4478019.1453999998
2004-02-12,4461832.2756000003
2004-02-13,4441786.9663999993
2004-02-17,4481927.5092000002
2004-02-18,4462268.3572000004
2004-02-19,4445695.2603000002
2004-02-20,4432208.3304000003
2004-02-23,4421036.3640999999
2004-02-24,4413336.7894000001
2004-02-25,4431872.6097000008
2004-02-26,4434589.9051999999
2004-02-27,4437692.8843999999
2004-03-01,4481693.1902000001
2004-03-02,4455474.1516000004
2004-03-03,4463593.0859000003
2004-03-04,4475184.3775000004
2004-03-05,4490248.2968000006
2004-03-08,4435477.8541999999
2004-03-09,4417746.4409999996
2004-03-10,4343683.8431000002
2004-03-11,4287368.8657
2004-03-12,4343716.4236000003
2004-03-15,4290487.4622
2004-03-16,4313267.9835000001
2004-03-17,4361513.7399000004
2004-03-18,4362687.5712000001
2004-03-19,4300381.5098000001
2004-03-22,4245800.8342000004
2004-03-23,4238459.5751
2004-03-24,4241960.5626999997
2004-03-25,4298122.7952000005
2004-03-26,4299300.5291999998
2004-03-29,4359722.8119999999
2004-03-30,4374453.7583999997
2004-03-31,4379503.9401999991
2004-04-01,4405851.6376
2004-04-02,4439169.5521
2004-04-05,4463581.4183999998
2004-04-06,4449270.9004000006
2004-04-07,4438832.1860000007
2004-04-08,4428781.0504000001
2004-04-12,4446223.0158000002
2004-04-13,4383894.9451000001
2004-04-14,4390881.6266999999
2004-04-15,4374246.8964999998
2004-04-16,4407953.1721000001
2004-04-19,4407969.7018999998
2004-04-20,4334022.9566000002
2004-04-21,4363082.4299999997
2004-04-22,4424283.4822000004
2004-04-23,4428559.8160000006
2004-04-26,4422380.3119000001
2004-04-27,4426269.6154000005
2004-04-28,4368973.0718
2004-04-29,4330651.6200000001
2004-04-30,4296976.7229999993
2004-05-03,4343076.2472999999
2004-05-04,4339607.0747999996
2004-05-05,4367505.9244999997
2004-05-06,4329958.1498999996
2004-05-07,4258331.2570000002
2004-05-10,4214586.7530000005
2004-05-11,4250230.7052999996
2004-05-12,4277355.0605000006
2004-05-13,4259556.8941000002
2004-05-14,4261509.3218999999
2004-05-17,4225121.8901000004
2004-05-18,4246437.7708000001
2004-05-19,4231737.1645999998
2004-05-20,4245307.8376000002
2004-05-21,4252681.7874999996
2004-05-24,4270512.4095000001
2004-05-25,4331718.3582999995
2004-05-26,4346838.4930999996
2004-05-27,4371253.6714000003
2004-05-28,4370882.7039999999
2004-06-01,4365089.7634000005
2004-06-02,4381372.0272000004
2004-06-03,4341110.6229000008
2004-06-04,4375595.8017999995
2004-06-07,4442225.7554000001
2004-06-08,4448439.2220999999
2004-06-09,4407015.6292000003
2004-06-10,4428720.4894000003
2004-06-14,4384972.8561000004
2004-06-15,4415972.8779000007
2004-06-16,4415214.9578
2004-06-17,4408647.4998000003
2004-06-18,4416942.7850000001
2004-06-21,4400244.7006000001
2004-06-22,4422417.9112999998
2004-06-23,4460528.7462999998
2004-06-24,4446551.6188000003
2004-06-25,4425188.6557
2004-06-28,4410045.2078999998
2004-06-29,4428331.6945000002
2004-06-30,4452060.4391999999
2004-07-01,4390270.0724999998
2004-07-02,4387953.9863999998
2004-07-06,4349486.5132999998
2004-07-07,4362330.9519999996
2004-07-08,4332026.3898000009
2004-07-09,4343315.8936999999
2004-07-12,4345275.6916000005
2004-07-13,4348401.9412000002
2004-07-14,4335201.0650999993
2004-07-15,4307228.4516000003
2004-07-16,4303745.7969999993
2004-07-19,4285491.0947000002
2004-07-20,4339931.0761000002
2004-07-21,4259866.3307999996
2004-07-22,4271544.4570000004
2004-07-23,4235795.8914999999
2004-07-26,4227648.1110000005
2004-07-27,4267316.2717000004
2004-07-28,4280161.0860000001
2004-07-29,4298448.5652999999
2004-07-30,4308960.8762999997
2004-08-02,4317918.5565999998
2004-08-03,4284501.6501000002
2004-08-04,4284128.8811999997
2004-08-05,4214168.4424000001
2004-08-06,4153926.1475
2004-08-09,4159773.2385000004
2004-08-10,4213438.1329000005
2004-08-11,4204901.3689999999
2004-08-12,4159042.6214999999
2004-08-13,4167222.3118000003
2004-08-16,4210391.4125999995
2004-08-17,4234122.2790999999
2004-08-18,4277680.4912
2004-08-19,4265255.7638999997
2004-08-20,4295207.6261
2004-08-23,4284337.7458999995
2004-08-24,4290185.5268999999
2004-08-25,4319360.1036
2004-08-26,4319376.3012000006
2004-08-27,4332999.8563000001
2004-08-30,4297248.0358999996
2004-08-31,4319813.7974999994
2004-09-01,4327994.4876000006
2004-09-02,4376998.1566000003
2004-09-03,4359130.2681
2004-09-07,4387917.1070999997
2004-09-08,4377047.3985000001
2004-09-09,4373175.9073999999
2004-09-10,4395742.2719999999
2004-09-13,4410144.3341999995
2004-09-14,4419103.3992000008
2004-09-15,4385683.1135
2004-09-16,4398918.6614999995
2004-09-17,4417550.3906999994
2004-09-20,4391018.6699000001
2004-09-21,4410165.4852
2004-09-22,4355133.1941
2004-09-23,4331724.1025
2004-09-24,4351651.9103999995
2004-09-27,4323948.2530000005
2004-09-28,4344656.9125000006
2004-09-29,4366536.9258000003
2004-09-30,4363430.1174999997
2004-10-01,4437237.4858999997
2004-10-04,4444672.0619999999
2004-10-05,4447031.5527999997
2004-10-06,4477501.9224000005
2004-10-07,4429495.1623
2004-10-08,4392810.9935999997
2004-10-11,4410787.5468999995
2004-10-12,4393624.7005000003
2004-10-13,4354987.6645999998
2004-10-14,4319864.1574999997
2004-10-15,4344087.9560000002
2004-10-18,4360502.8462000005
2004-10-19,4323817.1798999999
2004-10-20,4315243.5068999995
2004-10-21,4343372.0644000005
2004-10-22,4294582.0307999998
2004-10-25,4289522.3759000003
2004-10-26,4355134.6524999999
2004-10-27,4407471.7925999993
2004-10-28,4420763.9945999999
2004-10-29,4419999.5005000001
2004-11-01,4432120.5099999998
2004-11-02,4433699.0126
2004-11-03,4489551.7412999999
2004-11-04,4550871.3781000003
2004-11-05,4579392.2432000004
2004-11-08,4572771.5618000003
2004-11-09,4563807.7880000006
2004-11-10,4567339.2843000004
2004-11-11,4602108.3305000002
2004-11-12,4638439.5262000002
2004-11-15,4649820.5700000003
2004-11-16,4616549.2400000002
2004-11-17,4643980.9364999998
2004-11-18,4650264.3183000004
2004-11-19,4598586.0435000006
2004-11-22,4620535.0818999996
2004-11-23,4627601.9166000001
2004-11-24,4638585.0726999994
2004-11-26,4635077.5500999996
2004-11-29,4613946.2884999998
2004-11-30,4617096.7741
2004-12-01,4669594.6056000004
2004-12-02,4673528.5367999999
2004-12-03,4670412.8048999999
2004-12-06,4668863.6842999998
2004-12-07,4625407.9654999999
2004-12-08,4652449.4041000009
2004-12-09,4668916.2104000002
2004-12-10,4673633.6932999995
2004-12-13,4714383.5049999999
2004-12-14,4730850.7277999995
2004-12-15,4734393.2439999999
2004-12-16,4731669.4130000006
2004-12-17,4700271.7068999996
2004-12-20,4701469.8708999995
2004-12-21,4737691.9279000005
2004-12-22,4749122.0658
2004-12-23,4752681.5285
2004-12-27,4742861.0599999996
2004-12-28,4768852.1497999998
2004-12-29,4775953.6949000005
2004-12-30,4766920.1179
2004-12-31,4756706.2538999999
2005-01-03,4734292.3673999999
2005-01-04,4676459.6277000001
2005-01-05,4644206.7207000004
2005-01-06,4667836.7061000001
2005-01-07,4661163.9857000001
2005-01-10,4683219.9863
2005-01-11,4650966.6207999997
2005-01-12,4666332.4879000001
2005-01-13,4628962.7735000001
2005-01-14,4653380.1806000005
2005-01-18,4701804.8674999997
2005-01-19,4652628.0904000001
2005-01-20,4624309.4113999996
2005-01-21,4595990.5193999996
2005-01-24,4586956.0378999999
2005-01-25,4599960.5229000002
2005-01-26,4613752.7028000001
2005-01-27,4621641.1694
2005-01-28,4621658.5005000001
2005-01-31,4650406.3876999998
2005-02-01,4679941.4696000004
2005-02-02,4694127.2652000003
2005-02-03,4681944.2300999993
2005-02-04,4731945.7143999999
2005-02-07,4725666.1499000005
2005-02-08,4731193.8947999999
2005-02-09,4695789.6312999995
2005-02-10,4712731.1327
2005-02-11,4753287.5429999996
2005-02-14,4749763.2494999999
2005-02-15,4767492.1914999997
2005-02-16,4770658.8264999995
2005-02-17,4732105.4218999995
2005-02-18,4738420.4135999996
2005-02-22,4667985.6754000001
2005-02-23,4701458.3509
2005-02-24,4732569.8021
2005-02-25,4779425.2707000002
2005-02-28,4747955.4676000001
2005-03-01,4771589.3036000002
2005-03-02,4769245.4120000005
2005-03-03,4771231.4124000007
2005-03-04,4830683.1348000001
2005-03-07,4833062.7860000003
2005-03-08,4814975.1682000002
2005-03-09,4761462.8480000002
2005-03-10,4772107.9720000001
2005-03-11,4738669.1941000009
2005-03-14,4768207.7044000002
2005-03-15,4728864.4515000004
2005-03-16,4688733.8339
2005-03-17,4698198.0814999994
2005-03-18,4684324.6050000004
2005-03-21,4666954.6491
2005-03-22,4619551.9385000002
2005-03-23,4623520.8952000001
2005-03-24,4629070.6120999996
2005-03-28,4635805.8931
2005-03-29,4604999.6134000001
2005-03-30,4670221.1560000004
2005-03-31,4661544.6997000007
2005-04-01,4640617.6735000005
2005-04-04,4648538.5894999998
2005-04-05,4670686.4722000007
2005-04-06,4686906.3964999998
2005-04-07,4712215.8792000003
2005-04-08,4663230.3767999997
2005-04-11,4666804.4069999997
2005-04-12,4690928.5673000002
2005-04-13,4635619.5196000002
2005-04-14,4575172.0650999993
2005-04-15,4511167.8343000002
2005-04-18,4525016.5487000002
2005-04-19,4560996.6892000008
2005-04-20,4497386.6464999998
2005-04-21,4584742.8766000001
2005-04-22,4567371.0856999997
2005-04-25,4597423.7862
2005-04-26,4552782.6256999997
2005-04-27,4570584.2038000003
2005-04-28,4513295.9407000002
2005-04-29,4574570.5049999999
2005-05-02,4600276.4716000007
2005-05-03,4608197.8194999993
2005-05-04,4643784.4598000003
2005-05-05,4642220.9717000006
2005-05-06,4627615.2257000003
2005-05-09,4656483.7001999998
2005-05-10,4608284.2256999994
2005-05-11,4633595.6917000003
2005-05-12,4582629.2466000002
2005-05-13,4573556.4235000005
2005-05-16,4616258.0718
2005-05-17,4647103.0932
2005-05-18,4694943.1938000005
2005-05-19,4714722.3250000002
2005-05-20,4708021.1406000005
2005-05-23,4734124.0461999997
2005-05-24,4723075.2604999999
2005-05-25,4719536.0022999998
2005-05-26,4744848.8870000001
2005-05-27,4752771.3492999999
2005-05-31,4722355.7445
2005-06-01,4762688.0547000002
2005-06-02,4772982.3332000002
2005-06-03,4748890.2685000002
2005-06-06,4744560.3225999996
2005-06-07,4748135.1910999995
2005-06-08,4739457.7787000006
2005-06-09,4762004.8328
2005-06-10,4750955.3771000002
2005-06-13,4765993.0505000008
2005-06-14,4777078.0424000006
2005-06-15,4786186.6733999997
2005-06-16,4798457.8765000002
2005-06-17,4816168.4644999998
2005-06-20,4817773.9638
2005-06-21,4820569.9493000004
2005-06-22,4824556.5138999997
2005-06-23,4756712.5773999998
2005-06-24,4721807.1919999998
2005-06-27,4728571.4316000007
2005-06-28,4768275.0332999993
2005-06-29,4755593.3888999997
2005-06-30,4729815.1348999999
2005-07-01,4743723.0426000003
2005-07-05,4781839.7976000002
2005-07-06,4741774.4497999996
2005-07-07,4760444.7714999998
2005-07-08,4814833.8093999997
2005-07-11,4839457.9199999999
2005-07-12,4852175.9737
2005-07-13,4858940.9402000001
2005-07-14,4878009.3212000001
2005-07-15,4875249.1606999999
2005-07-18,4855820.5004000003
2005-07-19,4882429.5958999991
2005-07-20,4899117.1042999998
2005-07-21,4870559.8995000003
2005-07-22,4903122.6481999997
2005-07-25,4889250.0844999999
2005-07-26,4895221.4849000005
2005-07-27,4913100.0188999996
2005-07-28,4944075.8150000004
2005-07-29,4911152.2919999994
2005-08-01,4907598.8318000007
2005-08-02,4936987.2988
2005-08-03,4950103.4545
2005-08-04,4910432.2851
2005-08-05,4877111.0393000003
2005-08-08,4868000.8195000002
2005-08-09,4897389.6896000002
2005-08-10,4895026.7541000005
2005-08-11,4914493.3654000005
2005-08-12,4884346.8393000001
2005-08-15,4914530.2248999998
2005-08-16,4850646.2269000001
2005-08-17,4850267.4265999999
2005-08-18,4849888.9013999999
2005-08-19,4861020.6331000002
2005-08-22,4861038.8618999999
2005-08-23,4851927.8876
2005-08-24,4808682.1582999993
2005-08-25,4826164.4192000004
2005-08-26,4793238.2979000006
2005-08-29,4830170.0813000007
2005-08-30,4804785.0883999998
2005-08-31,4865532.6908
2005-09-01,4861978.4336999999
2005-09-02,4853264.1970999995
2005-09-06,4910043.4008999998
2005-09-07,4918397.6543999994
2005-09-08,4902141.6842999998
2005-09-09,4945822.7884
2005-09-12,4935917.9345999993
2005-09-13,4908547.9937999994
2005-09-14,4890703.9468
2005-09-15,4888340.7630000003
2005-09-16,4922960.0517999995
2005-09-19,4906634.9232999999
2005-09-20,4865196.9405000005
2005-09-21,4819772.1738999998
2005-09-22,4836930.7939999998
2005-09-23,4840935.4342
2005-09-26,4846534.3761
2005-09-27,4845356.7028000001
2005-09-28,4850158.2423999999
2005-09-29,4889641.2601999994
2005-09-30,4904807.5577999996
2005-10-03,4887285.8824000005
2005-10-04,4832292.4644999998
2005-10-05,4768926.9501999998
2005-10-06,4751803.3252999997
2005-10-07,4768165.5943999998
2005-10-10,4727920.4408999998
2005-10-11,4721161.2984999996
2005-10-12,4684104.9506000001
2005-10-13,4681331.9854000006
2005-10-14,4730781.9025999997
2005-10-17,4748340.3717
2005-10-18,4696932.0695000002
2005-10-19,4775085.6714000003
2005-10-20,4690987.4014999997
2005-10-21,4709343.1379000004
2005-10-24,4782315.2344000004
2005-10-25,4772765.4280000003
2005-10-26,4758830.2825999996
2005-10-27,4708217.835
2005-10-28,4776008.5137
2005-10-31,4789182.1342000002
2005-11-01,4803552.1321999999
2005-11-02,4853802.4087999994
2005-11-03,4874551.3102000002
2005-11-04,4868191.0118000004
2005-11-07,4872993.4183
2005-11-08,4873011.6919999998
2005-11-09,4879408.6156000001
2005-11-10,4917301.1153999995
2005-11-11,4934064.2936999993
2005-11-14,4931292.0361000001
2005-11-15,4913369.6997999996
2005-11-16,4923355.2008999996
2005-11-17,4969222.4244999997
2005-11-18,4988776.5938999997
2005-11-21,5013912.8137999997
2005-11-22,5035460.8613
2005-11-23,5064583.9897000007
2005-11-25,5068589.8218
2005-11-28,5032726.6569999997
2005-11-29,5027163.5211000005
2005-11-30,5000071.3325999994
2005-12-01,5051123.3426000001
2005-12-02,5057521.3158999998
2005-12-05,5046775.5158000002
2005-12-06,5056363.2198999999
2005-12-07,5026878.1703000003
2005-12-08,5023707.2979000006
2005-12-09,5036883.5451999996
2005-12-12,5041686.7352
2005-12-13,5075994.7338999994
2005-12-14,5095949.3388
2005-12-15,5081216.2313000001
2005-12-16,5064954.5414000005
2005-12-19,5038919.1620999994
2005-12-20,5043748.2197000002
2005-12-21,5051783.7791999998
2005-12-22,5078258.2694999995
2005-12-23,5081083.2018999998
2005-12-27,5029393.4969000006
2005-12-28,5040635.9573999997
2005-12-29,5018207.5751
2005-12-30,4990968.7762000002
2006-01-03,5078773.1841000002
2006-01-04,5102843.4880999997
2006-01-05,5106069.1976000005
2006-01-06,5148578.9954000004
2006-01-09,5161826.5908000004
2006-01-10,5167056.6786000002
2006-01-11,5183511.3848000001
2006-01-12,5163087.1996999998
2006-01-13,5158295.8308000006
2006-01-17,5144285.3546000002
2006-01-18,5123860.5111999996
2006-01-19,5143522.0461000009
2006-01-20,5049738.6195
2006-01-23,5067796.5114000002
2006-01-24,5073027.0240000002
2006-01-25,5077455.6727999998
2006-01-26,5105535.6924999999
2006-01-27,5152857.6902000001
2006-01-30,5148868.6158999996
2006-01-31,5111205.3741000006
2006-02-01,5146902.7188999997
2006-02-02,5087190.9686000003
2006-02-03,5061954.2874999996
2006-02-06,5075202.4614000004
2006-02-07,5030322.5875999993
2006-02-08,5076042.5001999997
2006-02-09,5067642.9298999999
2006-02-10,5076882.1891000001
2006-02-13,5067680.9374000002
2006-02-14,5121419.3618999999
2006-02-15,5139478.6716999998
2006-02-16,5177984.182
2006-02-17,5163971.9682999998
2006-02-21,5151162.8656000001
2006-02-22,5182452.3337000003
2006-02-23,5174854.5613999991
2006-02-24,5188103.8426000001
2006-02-27,5190127.9402000001
2006-02-28,5140835.5377000002
2006-03-01,5186558.2203000002
2006-03-02,5186177.0014999993
2006-03-03,5162141.585
2006-03-06,5138507.2604999999
2006-03-07,5130508.3816999998
2006-03-08,5141352.4845000003
2006-03-09,5106892.6310000001
2006-03-10,5155422.8127999995
2006-03-13,5165064.4525000006
2006-03-14,5219207.7866000002
2006-03-15,5242480.9391999999
2006-03-16,5253325.7045999998
2006-03-17,5257734.1747000003
2006-03-20,5249301.3043999998
2006-03-21,5216313.7894000001
2006-03-22,5248133.142
2006-03-23,5237284.4616
2006-03-24,5241329.6173
2006-03-27,5233701.1016000006
2006-03-28,5201518.1711000009
2006-03-29,5234142.6858999999
2006-03-30,5224904.2050999999
2006-03-31,5226131.3631999996
2006-04-03,5222125.3547999999
2006-04-04,5255555.6725000003
2006-04-05,5273689.5377000002
2006-04-06,5268073.7398999995
2006-04-07,5214555.2597000003
2006-04-10,5222626.1782
2006-04-11,5178365.5109999999
2006-04-12,5188046.3010999998
2006-04-13,5181222.5109999999
2006-04-17,5179229.0693000006
2006-04-18,5261368.7363999998
2006-04-19,5271452.2937000003
2006-04-20,5278718.3663999997
2006-04-21,5279542.8310000002
2006-04-24,5269901.6491999999
2006-04-25,5248182.8563000001
2006-04-26,5249410.1787
2006-04-27,5274791.4806000004
2006-04-28,5292524.1422000006
2006-05-01,5249469.2357999999
2006-05-02,5288940.8985000001
2006-05-03,5269234.6498999996
2006-05-04,5288175.2655000007
2006-05-05,5334893.4756000005
2006-05-08,5328472.1975999996
2006-05-09,5338958.8670999995
2006-05-10,5336161.1803000001
2006-05-11,5271768.5941000003
2006-05-12,5202947.7192000002
2006-05-15,5213434.1162
2006-05-16,5205804.5322000002
2006-05-17,5106788.5629000003
2006-05-18,5081042.3241000008
2006-05-19,5116891.5231999997
2006-05-22,5077859.6496000001
2006-05-23,5039230.1519999998
2006-05-24,5079508.1386000002
2006-05-25,5142331.8012999995
2006-05-26,5168519.7680000002
2006-05-30,5076747.1200999999
2006-05-31,5133532.4851000002
2006-06-01,5182668.5011
2006-06-02,5193558.2948000003
2006-06-05,5117888.8248000005
2006-06-06,5105427.1241000006
2006-06-07,5067198.9661999997
2006-06-08,5062789.2620999999
2006-06-09,5046703.8672000002
2006-06-12,4991967.9668999994
2006-06-13,4934010.9706999995
2006-06-14,4972277.4986000005
2006-06-15,5077781.0188000007
2006-06-16,5040979.6669000005
2006-06-19,5001366.1586000007
2006-06-20,5018370.1470999997
2006-06-21,5055595.2742999997
2006-06-22,5033371.2719999999
2006-06-23,5032581.4348999998
2006-06-26,5054843.1519999998
2006-06-27,5011185.0104999999
2006-06-28,5045175.0334000001
2006-06-29,5147108.3892999999
2006-06-30,5147532.1962000001
2006-07-03,5168581.8055000007
2006-07-05,5139077.8689000001
2006-07-06,5154061.0902000004
2006-07-07,5120512.6542999996
2006-07-10,5130238.1011000006
2006-07-11,5152905.8547999999
2006-07-12,5097921.9846000001
2006-07-13,5015031.5016000001
2006-07-14,4995637.1613999996
2006-07-17,4988375.9427999994
2006-07-18,5013874.6385000004
2006-07-19,5083457.6038999995
2006-07-20,5048694.4768000003
2006-07-21,5013121.9945
2006-07-24,5104545.9249
2006-07-25,5122765.4567999998
2006-07-26,5129660.2385000009
2006-07-27,5124825.9336999999
2006-07-28,5176210.8646999998
2006-07-31,5170972.1627000002
2006-08-01,5145510.935899999
2006-08-02,5180313.6344999997
2006-08-03,5194084.5120000001
2006-08-04,5185205.8135000002
2006-08-07,5173091.5930000003
2006-08-08,5153292.3486000001
2006-08-09,5135919.6257999996
2006-08-10,5151713.091
2006-08-11,5137171.5099999998
2006-08-14,5141235.4322999995
2006-08-15,5202734.5197000001
2006-08-16,5246032.3017000007
2006-08-17,5259399.7089999998
2006-08-18,5286114.9605999999
2006-08-21,5263484.1716
2006-08-22,5263099.0263
2006-08-23,5248557.4677999998
2006-08-24,5244127.8081
2006-08-25,5250619.3706999999
2006-08-28,5275716.9267000007
2006-08-29,5281804.3718999997
2006-08-30,5285060.1635999996
2006-08-31,5284270.8013000004
2006-09-01,5315840.8772999998
2006-09-05,5325973.1251999997
2006-09-06,5279071.6660000002
2006-09-07,5254822.0916000009
2006-09-08,5269807.9879000001
2006-09-11,5275086.4340000004
2006-09-12,5326882.1519999998
2006-09-13,5348340.6742000002
2006-09-14,5348765.0313999997
2006-09-15,5361298.4814999998
2006-09-18,5368631.3387000002
2006-09-19,5355244.0718999999
2006-09-20,5383703.9904999994
2006-09-21,5357721.8348000003
2006-09-22,5341490.6433999995
2006-09-25,5382545.7299000006
2006-09-26,5427258.1908000009
2006-09-27,5433779.3484000005
2006-09-28,5431768.1320000002
2006-09-29,5427319.2476999993
2006-10-02,5407024.7358000008
2006-10-03,5418421.3384000007
2006-10-04,5481824.3881999999
2006-10-05,5492408.5898000002
2006-10-06,5485522.1103999997
2006-10-09,5488793.1609000005
2006-10-10,5496127.5842999993
2006-10-11,5489647.1458999999
2006-10-12,5537205.8575999998
2006-10-13,5551447.7499000002
2006-10-16,5560000.7644000007
2006-10-17,5542550.4369999999
2006-10-18,5549884.5762
2006-10-19,5558844.4449000005
2006-10-20,5560084.165
2006-10-23,5585703.3852000004
2006-10-24,5602383.6805999996
2006-10-25,5621501.9177999999
2006-10-26,5638994.6744000008
2006-10-27,5603665.6462000003
2006-10-30,5599623.1390999993
2006-10-31,5598831.2760000005
2006-11-01,5561063.8359000003
2006-11-02,5557833.9501999998
2006-11-03,5548102.5365999993
2006-11-06,5610699.3510999996
2006-11-07,5632256.2037999993
2006-11-08,5644467.5977999996
2006-11-09,5614825.505499999
2006-11-10,5617285.0971999997
2006-11-13,5631121.7002999997
2006-11-14,5673402.3571000006
2006-11-15,5689677.8372999998
2006-11-16,5704327.7240999993
2006-11-17,5705974.227
2006-11-20,5709246.5099999998
2006-11-21,5714956.8078999994
2006-11-22,5726356.0987999998
2006-11-24,5703215.6565999994
2006-11-27,5624809.8875000002
2006-11-28,5649212.7152999993
2006-11-29,5708155.9345000004
2006-11-30,5710615.426
2006-12-01,5698039.6774000004
2006-12-04,5741541.695700001
2006-12-05,5766351.5790999997
2006-12-06,5761496.9987000003
2006-12-07,5736323.9410000006
2006-12-08,5746910.8374000005
2006-12-11,5763593.7972999997
2006-12-12,5759145.2628999995
2006-12-13,5765262.2395000001
2006-12-14,5816080.9133000001
2006-12-15,5816616.8323000008
2006-12-18,5800701.6289999997
2006-12-19,5811756.9333999995
2006-12-20,5808509.4813999999
2006-12-21,5787281.4520000005
2006-12-22,5751750.9293
2006-12-26,5785690.5428999998
2006-12-27,5823716.5592999998
2006-12-28,5811479.2926000003
2006-12-29,5787389.9658000004
2007-01-03,5777195.2615999999
2007-01-04,5789476.7829999998
2007-01-05,5743319.7838000003
2007-01-08,5769904.6465999996
2007-01-09,5765022.5390999997
2007-01-10,5784250.7911999999
2007-01-11,5809610.1909000007
2007-01-12,5853768.0534000006
2007-01-16,5842347.3683000002
2007-01-17,5844821.1748000002
2007-01-18,5825226.4073000001
2007-01-19,5836691.6715000002
2007-01-22,5818731.7925999993
2007-01-23,5835917.9310999997
2007-01-24,5882937.5080999993
2007-01-25,5813892.6962000001
2007-01-26,5808602.0566999996
2007-01-29,5805354.2986000003
2007-01-30,5835618.2653999999
2007-01-31,5874874.2315999996
2007-02-01,5910043.3769000005
2007-02-02,5918239.1854999997
2007-02-05,5919896.4655999998
2007-02-06,5921553.1451000003
2007-02-07,5934653.8546000002
2007-02-08,5926910.7905000001
2007-02-09,5882793.7575000003
2007-02-12,5862789.4297000002
2007-02-13,5912264.3004999999
2007-02-14,5951112.9141999995
2007-02-15,5958900.6546
2007-02-16,5956061.7882000003
2007-02-20,5968753.8642999995
2007-02-21,5966324.1288999999
2007-02-22,5961850.6699999999
2007-02-23,5938576.8913000003
2007-02-26,5933285.7083000001
2007-02-27,5701567.8012999995
2007-02-28,5760035.0750000002
2007-03-01,5742890.6825999999
2007-03-02,5667708.3040999994
2007-03-05,5613778.9578
2007-03-06,5709849.0044000009
2007-03-07,5704148.3464000002
2007-03-08,5752399.4237000002
2007-03-09,5754055.6508999998
2007-03-12,5762660.7363999998
2007-03-13,5650690.5833000001
2007-03-14,5692810.9101
2007-03-15,5700598.2364999996
2007-03-16,5684730.8567999993
2007-03-19,5753282.3789999997
2007-03-20,5784902.0318999998
2007-03-21,5880127.8562000003
2007-03-22,5875635.8854999999
2007-03-23,5884275.8745000008
2007-03-26,5876500.8542999998
2007-03-27,5862570.4692000002
2007-03-28,5819914.0409000004
2007-03-29,5826091.2185000004
2007-03-30,5827344.1497
2007-04-02,5833932.1879999992
2007-04-03,5896741.7997000003
2007-04-04,5903330.1471000006
2007-04-05,5919357.1004999997
2007-04-09,5927586.8245000001
2007-04-10,5934585.5401999997
2007-04-11,5910395.1704000002
2007-04-12,5936682.1087000007
2007-04-13,5963790.1440999992
2007-04-16,6020445.9404999996
2007-04-17,6036473.7519000005
2007-04-18,6043883.7949999999
2007-04-19,6042264.5522000007
2007-04-20,6099332.2552999994
2007-04-23,6076372.9727999996
2007-04-24,6078858.0323000001
2007-04-25,6134695.3924000002
2007-04-26,6141695.1568
2007-04-27,6136793.5457000006
2007-04-30,6085926.0291999998
2007-05-01,6101544.5249999994
2007-05-02,6137272.7485000007
2007-05-03,6170539.5171000008
2007-05-04,6193955.7927000001
2007-05-07,6195210.2186000003
2007-05-08,6187025.2791999998
2007-05-09,6203875.7117999997
2007-05-10,6139052.8810000001
2007-05-11,6191609.5396000007
2007-05-14,6178088.7867000001
2007-05-15,6179753.9726
2007-05-16,6222050.7744000005
2007-05-17,6209761.2189999996
2007-05-18,6263960.5464000003
2007-05-21,6260700.5257000001
2007-05-22,6255799.0473000007
2007-05-23,6256643.534
2007-05-24,6200027.0528999995
2007-05-25,6225907.8554999996
2007-05-29,6248505.3207
2007-05-30,6299422.6708000004
2007-05-31,6292879.7158000004
2007-06-01,6324096.6150000002
2007-06-04,6324941.3794000009
2007-06-05,6299927.9764999999
2007-06-06,6232227.7264999999
2007-06-07,6119789.0182000007
2007-06-08,6199438.4641999993
2007-06-11,6210133.8259000005
2007-06-12,6142432.2196000004
2007-06-13,6234396.9807000011
2007-06-14,6274234.5514000002
2007-06-15,6309787.4205999989
2007-06-18,6302390.8682000004
2007-06-19,6318078.9672000008
2007-06-20,6230299.8321000002
2007-06-21,6264949.5898000002
2007-06-22,6206025.6277999999
2007-06-25,6176368.7638000008
2007-06-26,6112908.8887
2007-06-27,6199911.6790999994
2007-06-28,6199110.9258000003
2007-06-29,6201194.8264999995
2007-07-02,6257281.5348000005
2007-07-03,6279977.9277999997
2007-07-05,6273405.6044000005
2007-07-06,6306408.1251999997
2007-07-09,6311379.0357000008
2007-07-10,6221534.2759000007
2007-07-11,6265667.6338999998
2007-07-12,6364628.9827999994
2007-07-13,6383616.3446000004
2007-07-16,6382815.6279999996
2007-07-17,6379541.5076000001
2007-07-18,6368022.5214
2007-07-19,6392781.6361000007
2007-07-20,6328081.8619000008
2007-07-23,6347481.5192999998
2007-07-24,6237433.4715999998
2007-07-25,6250236.7157000005
2007-07-26,6102259.8183000004
2007-07-27,5982315.1710000001
2007-07-30,6075920.9502999997
2007-07-31,6007508.0399000002
2007-08-01,6036800.9676000001
2007-08-02,6085059.1853999998
2007-08-03,5928420.4716999996
2007-08-06,6027799.5652000001
2007-08-07,6092136.1615999993
2007-08-08,6177086.8542999998
2007-08-09,5994060.6704000002
2007-08-10,5966048.8037
2007-08-13,5987509.0839999998
2007-08-14,5896005.8433000008
2007-08-15,5814808.8517999994
2007-08-16,5858532.9636000004
2007-08-17,5966160.6772999996
2007-08-20,5963296.7332000006
2007-08-21,5975275.1262999997
2007-08-22,6046210.9378999993
2007-08-23,6040874.2726999996
2007-08-24,6115521.3461999996
2007-08-27,6058647.8328
2007-08-28,5925500.0276999995
2007-08-29,6041789.0348000005
2007-08-30,6025732.1787999999
2007-08-31,6085125.7416999992
2007-09-04,6146581.4095000001
2007-09-05,6093417.2762000002
2007-09-06,6107458.9037999995
2007-09-07,6022547.2714999998
2007-09-10,6011024.7237999998
2007-09-11,6081139.9646000005
2007-09-12,6096830.0839999998
2007-09-13,6139733.5745000001
2007-09-14,6139343.8745000008
2007-09-17,6106382.3327000001
2007-09-18,6286174.5225999998
2007-09-19,6323306.3149000006
2007-09-20,6278799.6189999999
2007-09-21,6295675.5651000002
2007-09-24,6284099.6288999999
2007-09-25,6271694.8949999996
2007-09-26,6304860.4626000002
2007-09-27,6342168.6613999996
2007-09-28,6321064.5586000001
2007-10-01,6392344.2412999999
2007-10-02,6383668.0375000006
2007-10-03,6370849.3649000004
2007-10-04,6380816.2632000009
2007-10-05,6456654.4115999993
2007-10-08,6422292.7666999996
2007-10-09,6482802.5671000006
2007-10-10,6472055.5566999996
2007-10-11,6441007.9946000008
2007-10-12,6476661.3584000003
2007-10-15,6421998.5210999995
2007-10-16,6371064.3896000003
2007-10-17,6390560.2972999997
2007-10-18,6367383.6072000004
2007-10-19,6200858.5407000007
2007-10-22,6236925.8641999997
2007-10-23,6287494.3728
2007-10-24,6275917.4487999994
2007-10-25,6290856.0240000002
2007-10-26,6364626.4386
2007-10-29,6385780.5184000004
2007-10-30,6341472.8641999997
2007-10-31,6407372.2270000009
2007-11-01,6257414.6425000001
2007-11-02,6264481.3969999999
2007-11-05,6216858.6179
2007-11-06,6300574.5603999998
2007-11-07,6128240.6688999999
2007-11-08,6097189.4804999996
2007-11-09,6013518.7264999999
2007-11-12,5953878.3376000002
2007-11-13,6135376.081699999
2007-11-14,6118411.4563000007
2007-11-15,6030181.8970000008
2007-11-16,6040562.8003000002
2007-11-19,5956475.9045000002
2007-11-20,5992959.8635
2007-11-21,5870338.5505999988
2007-11-23,5971873.8378999997
2007-11-26,5840135.9749000007
2007-11-27,5907281.5284000002
2007-11-28,6096243.7846999997
2007-11-29,6098337.8684999999
2007-11-30,6159684.3379999995
2007-12-03,6119100.9639999997
2007-12-04,6064430.2169000003
2007-12-05,6165968.6439999994
2007-12-06,6254248.8596999999
2007-12-07,6253029.3361
2007-12-10,6301532.2204999998
2007-12-11,6128769.3152000001
2007-12-12,6189288.1927999994
2007-12-13,6176466.3812999995
2007-12-14,6098175.2964000003
2007-12-17,6011182.3772
2007-12-18,6044768.3401000006
2007-12-19,6044791.0079999994
2007-12-20,6082935.3886000002
2007-12-21,6170199.9223999996
2007-12-24,6216042.0314999996
2007-12-26,6229394.9471000005
2007-12-27,6151108.0872000009
2007-12-28,6135719.2267999994
2007-12-31,6090338.9140999997
2008-01-02,6037043.1104999995
2008-01-03,6034150.2402999997
2008-01-04,5886297.3242999995
2008-01-07,5881320.9396000002
2008-01-08,5786368.8476999998
2008-01-09,5847207.2351000002
2008-01-10,5885552.3021
2008-01-11,5838086.7652999992
2008-01-14,5885180.1352999993
2008-01-15,5755651.5519000012
2008-01-16,5706102.0495000007
2008-01-17,5558242.8810000001
2008-01-18,5501194.3595000003
2008-01-22,5445395.0279999999
2008-01-23,5576218.2347999997
2008-01-24,5623311.8250000002
2008-01-25,5542100.7830999997
2008-01-28,5633768.3554999996
2008-01-29,5661700.0042999992
2008-01-30,5620063.5222000005
2008-01-31,5722562.5848000003
2008-02-01,5814648.5697000008
2008-02-04,5741352.1896000002
2008-02-05,5587654.3757000007
2008-02-06,5542684.069600001
2008-02-07,5579364.0537999999
2008-02-08,5543558.9835000001
2008-02-11,5571907.5775999995
2008-02-12,5623585.9918999998
2008-02-13,5681096.4658000004
2008-02-14,5631126.5771000003
2008-02-15,5629897.9477999993
2008-02-19,5645749.9715
2008-02-20,5662434.8535000002
2008-02-21,5615380.0150999995
2008-02-22,5649979.1340999994
2008-02-25,5721239.8452999992
2008-02-26,5764171.5979999993
2008-02-27,5758360.7186000003
2008-02-28,5702139.9346000003
2008-02-29,5575095.7883000001
2008-03-03,5561784.8343000002
2008-03-04,5540558.6314000003
2008-03-05,5575574.9152999995
2008-03-06,5460192.9649
2008-03-07,5403970.4110000003
2008-03-10,5332748.4683999997
2008-03-11,5524414.3641999997
2008-03-12,5472773.6847000001
2008-03-13,5484876.0137
2008-03-14,5399905.2474999996
2008-03-17,5345347.4166000001
2008-03-18,5567430.6864999998
2008-03-19,5429547.0239000004
2008-03-20,5529640.0721000005
2008-03-24,5640186.5808000006
2008-03-25,5645650.5198999997
2008-03-26,5576592.1674999995
2008-03-27,5559029.3139000004
2008-03-28,5505879.5810000002
2008-03-31,5525159.1264999993
2008-04-01,5719441.7096000006
2008-04-02,5723231.0138999997
2008-04-03,5737487.1189999999
2008-04-04,5731228.7988999998
2008-04-07,5734181.3442000002
2008-04-08,5728341.3888999997
2008-04-09,5686913.6206
2008-04-10,5694889.926599999
2008-04-11,5584379.7188999997
2008-04-14,5565559.4713000003
2008-04-15,5578560.0330999997
2008-04-16,5729726.3035000004
2008-04-17,5738121.3963000001
2008-04-18,5798015.0284000002
2008-04-21,5800967.8921000008
2008-04-22,5775449.4353999998
2008-04-23,5766259.8085000003
2008-04-24,5791403.3492999999
2008-04-25,5845018.1130999997
2008-04-28,5846296.0826999992
2008-04-29,5823289.4287999999
2008-04-30,5788977.5155999996
2008-05-01,5908748.0763999997
2008-05-02,5925099.6831
2008-05-05,5896650.2291999999
2008-05-06,5947754.6328999996
2008-05-07,5841843.7236000001
2008-05-08,5826792.0663000001
2008-05-09,5815926.9940999998
2008-05-12,5881268.6173999999
2008-05-13,5882127.6411999995
2008-05-14,5894292.8094000006
2008-05-15,5968009.0636
2008-05-16,5973475.006599999
2008-05-19,5989827.4871000005
2008-05-20,5941277.9552999996
2008-05-21,5840806.6727999998
2008-05-22,5841665.6087999996
2008-05-23,5763385.6605999991
2008-05-27,5806117.8387000002
2008-05-28,5832938.3244000003
2008-05-29,5862271.3195000002
2008-05-30,5876949.2325999998
2008-06-02,5816254.1600000001
2008-06-03,5782358.3724000007
2008-06-04,5779449.2224000003
2008-06-05,5895042.9174999995
2008-06-06,5707049.8352999995
2008-06-09,5720889.8437999999
2008-06-10,5692436.9508000007
2008-06-11,5608709.0424000006
2008-06-12,5630086.0070000002
2008-06-13,5701294.3978999993
2008-06-16,5704665.8694000002
2008-06-17,5677050.0538999997
2008-06-18,5621795.5044
2008-06-19,5628935.3496000003
2008-06-20,5538053.6315000001
2008-06-23,5532602.6357000005
2008-06-24,5521680.4459999995
2008-06-25,5547796.2795000011
2008-06-26,5397137.1499000005
2008-06-27,5367694.8615000006
2008-06-30,5386655.5077
2008-07-01,5403511.7204999998
2008-07-02,5310933.8193000006
2008-07-03,5316425.3692999994
2008-07-07,5262148.7802999998
2008-07-08,5355609.3695
2008-07-09,5252507.5801999997
2008-07-10,5273993.6553999996
2008-07-11,5212560.3804000001
2008-07-14,5165438.1175000006
2008-07-15,5092639.5009000003
2008-07-16,5217670.1254000003
2008-07-17,5269883.1458000001
2008-07-18,5302734.7014999995
2008-07-21,5305701.0181
2008-07-22,5365912.5231999997
2008-07-23,5394976.0460999999
2008-07-24,5283030.8023000006
2008-07-25,5281787.8805
2008-07-28,5204357.0130000003
2008-07-29,5315501.591
2008-07-30,5410230.7313000001
2008-07-31,5338692.8147000009
2008-08-01,5310510.4106999999
2008-08-04,5261280.7305000005
2008-08-05,5403156.0658
2008-08-06,5427169.4385000002
2008-08-07,5346369.8334999997
2008-08-08,5445731.6286000004
2008-08-11,5502158.8369000005
2008-08-12,5444931.0488999998
2008-08-13,5412117.7559000002
2008-08-14,5452969.3352999995
2008-08-15,5479509.7633000007
2008-08-18,5404601.2029999997
2008-08-19,5345688.1643000003
2008-08-20,5370544.6344000008
2008-08-21,5379825.8272000011
2008-08-22,5457722.5987999998
2008-08-25,5347031.1892000008
2008-08-26,5362626.8372000009
2008-08-27,5414846.4092999995
2008-08-28,5480536.8062000005
2008-08-29,5421621.9503999995
2008-09-02,5387965.2050000001
2008-09-03,5383354.7233000007
2008-09-04,5221301.8314000005
2008-09-05,5237739.2336999997
2008-09-08,5345948.7968000006
2008-09-09,5187261.7708000001
2008-09-10,5208330.0045999996
2008-09-11,5283704.4972999999
2008-09-12,5308140.8267000001
2008-09-15,5055572.5336000007
2008-09-16,5140208.9559000004
2008-09-17,4909108.3936999999
2008-09-18,5054787.6381000001
2008-09-19,5254393.1595000001
2008-09-22,5135456.4447000008
2008-09-23,5018635.9174999995
2008-09-24,5034741.3382999999
2008-09-25,5113500.8552999999
2008-09-26,5116059.9325000001
2008-09-29,4715176.3995999992
2008-09-30,4910354.5098000001
2008-10-01,4913336.3240999999
2008-10-02,4735126.7094999999
2008-10-03,4671219.1114999996
2008-10-06,4433315.3942000009
2008-10-07,4234781.0463000005
2008-10-08,4128112.5756999999
2008-10-09,3839824.6338999998
2008-10-10,3746701.1835999996
2008-10-13,4290727.6938000005
2008-10-14,4227240.1662000008
2008-10-15,3811094.0164000001
2008-10-16,3969868.6173
2008-10-17,3946175.2974000005
2008-10-20,4183273.8629999999
2008-10-21,4058396.8713999996
2008-10-22,3837414.3900000001
2008-10-23,3881882.6269999999
2008-10-24,3685029.9389
2008-10-27,3554221.6401
2008-10-28,3969564.7279000003
2008-10-29,3940790.1091
2008-10-30,4077132.2164999996
2008-10-31,4099586.5081000002
2008-11-03,4111456.4731000001
2008-11-04,4251187.8684
2008-11-05,4072536.1417999999
2008-11-06,3846887.4024999999
2008-11-07,3973917.6997000002
2008-11-10,3921855.7362000002
2008-11-11,3800781.0793999997
2008-11-12,3633556.0056000003
2008-11-13,3860084.6320999996
2008-11-14,3667454.9682999998
2008-11-17,3618778.1140000001
2008-11-18,3686958.7175000003
2008-11-19,3450715.8078999999
2008-11-20,3194571.1899000001
2008-11-21,3366907.9575999998
2008-11-24,3600216.2358999993
2008-11-25,3626904.4898999999
2008-11-26,3767065.6791000003
2008-11-28,3814501.3486000001
2008-12-01,3476634.6113
2008-12-02,3610445.6188999997
2008-12-03,3697259.0244999998
2008-12-04,3611743.2037
2008-12-05,3723115.1705000005
2008-12-08,3853118.4824999995
2008-12-09,3789619.9896
2008-12-10,3815462.9379000007
2008-12-11,3723594.5395999998
2008-12-12,3768067.8991
2008-12-15,3715577.2899000002
2008-12-16,3890466.6998000001
2008-12-17,3852796.1389999995
2008-12-18,3780827.4897000003
2008-12-19,3764723.3343000002
2008-12-22,3716498.9631999996
2008-12-23,3678093.1108999997
2008-12-24,3699451.4542000005
2008-12-26,3720809.9572000005
2008-12-29,3710151.5554999998
2008-12-30,3798105.8749000002
2008-12-31,3852335.9547999999
2009-01-02,3968466.9556
2009-01-05,3963785.8892000006
2009-01-06,3990268.8114999998
2009-01-07,3870750.6143999998
2009-01-08,3886560.7552999994
2009-01-09,3803328.2645999999
2009-01-12,3711984.1362000001
2009-01-13,3718828.7901999997
2009-01-14,3601868.9862000002
2009-01-15,3603163.1908999998
2009-01-16,3631352.9258999997
2009-01-20,3439681.0536999996
2009-01-21,3588261.6624000003
2009-01-22,3532775.4068
2009-01-23,3548157.8713999996
2009-01-26,3572505.7505999999
2009-01-27,3608807.7028999999
2009-01-28,3730922.1487000003
2009-01-29,3609688.8104000003
2009-01-30,3536270.4348999998
2009-02-02,3525610.4182999996
2009-02-03,3575147.6630999995
2009-02-04,3557656.9348000004
2009-02-05,3610610.2420999995
2009-02-06,3713515.8418999999
2009-02-09,3718652.8226000001
2009-02-10,3548317.5833000001
2009-02-11,3569250.9345999998
2009-02-12,3571826.2388999998
2009-02-13,3533414.4526999998
2009-02-17,3382288.3797000004
2009-02-18,3374188.9508000002
2009-02-19,3337910.8629000001
2009-02-20,3305474.9414999997
2009-02-23,3187221.3514
2009-02-24,3308061.6943000001
2009-02-25,3282029.7324999999
2009-02-26,3228672.2338999999
2009-02-27,3156527.9602000001
2009-03-02,3014361.4605999999
2009-03-03,2991743.7900999999
2009-03-04,3062631.3281
2009-03-05,2937541.6082000001
2009-03-06,2942676.0293999999
2009-03-09,2908102.6357
2009-03-10,3081463.8244999996
2009-03-11,3101543.1522000004
2009-03-12,3223669.5495000002
2009-03-13,3248873.0573
2009-03-16,3239064.9673000001
2009-03-17,3338136.2673000004
2009-03-18,3412870.4336000001
2009-03-19,3370612.0582999997
2009-03-20,3299379.2949000001
2009-03-23,3536382.7605999997
2009-03-24,3466717.7125000004
2009-03-25,3503290.3487000004
2009-03-26,3574702.8255999996
2009-03-27,3510198.6735999999
2009-03-30,3388918.3662000005
2009-03-31,3420329.6889999998
2009-04-01,3486581.3399
2009-04-02,3588533.7799
2009-04-03,3624247.7069000001
2009-04-06,3595872.7632000004
2009-04-07,3512011.3952000001
2009-04-08,3549875.8747
2009-04-09,3690972.3014999996
2009-04-13,3691846.5808999995
2009-04-14,3628200.3114
2009-04-15,3666926.2776999995
2009-04-16,3720707.2762000002
2009-04-17,3745669.4098999999
2009-04-20,3588681.8423999995
2009-04-21,3658808.4993999996
2009-04-22,3636454.8382000001
2009-04-23,3672170.6839999999
2009-04-24,3727673.5455
2009-04-27,3692414.9419
2009-04-28,3680814.8868999998
2009-04-29,3759116.4007000001
2009-04-30,3760420.9166000001
2009-05-01,3780652.3783999998
2009-05-04,3909283.4994999999
2009-05-05,3895963.3640999999
2009-05-06,3963513.1244999999
2009-05-07,3908467.3306999998
2009-05-08,3999676.7757999999
2009-05-11,3924842.8031999995
2009-05-12,3913243.1437999997
2009-05-13,3814749.1824999996
2009-05-14,3847456.5077
2009-05-15,3816068.2664999999
2009-05-18,3924486.4479000005
2009-05-19,3919769.2400000002
2009-05-20,3893543.1239
2009-05-21,3837634.4275000002
2009-05-22,3829475.3154000007
2009-05-26,3927571.3092
2009-05-27,3857465.9864999996
2009-05-28,3911253.5377000002
2009-05-29,3980528.2382999999
2009-06-01,4076905.1601999998
2009-06-02,4080362.0070999996
2009-06-03,4028754.5548
2009-06-04,4066626.4896
2009-06-05,4067502.3001000001
2009-06-08,4050739.9564
2009-06-09,4071404.4122000001
2009-06-10,4061095.0301999999
2009-06-11,4079178.6041000001
2009-06-12,4090379.2480000006
2009-06-15,3996610.1257000002
2009-06-16,3942419.0780999996
2009-06-17,3938562.1691000001
2009-06-18,3967400.8457999998
2009-06-19,3981965.0108999996
2009-06-22,3862572.8237999994
2009-06-23,3865615.7161000003
2009-06-24,3898943.5137
2009-06-25,3983755.3510999996
2009-06-26,3973386.6545999995
2009-06-29,4010608.8352999999
2009-06-30,3978175.5825
2009-07-01,3994631.2473999998
2009-07-02,3885618.9717000001
2009-07-06,3885201.1102999998
2009-07-07,3809934.2862999998
2009-07-08,3807352.7475000001
2009-07-09,3814722.0518
2009-07-10,3805650.6381999999
2009-07-13,3898253.4569999995
2009-07-14,3920333.7913999995
2009-07-15,4035003.4794000001
2009-07-16,4028528.6413000003
2009-07-17,4072675.2385
2009-07-20,4115957.0080999997
2009-07-21,4135009.9020999996
2009-07-22,4134160.2017999999
2009-07-23,4225469.0789000001
2009-07-24,4242791.5208999999
2009-07-27,4255354.9487999994
2009-07-28,4235467.9164999994
2009-07-29,4225099.6989000002
2009-07-30,4269248.5148999998
2009-07-31,4275322.0375999995
2009-08-03,4345865.1787
2009-08-04,4357131.2263000002
2009-08-05,4344599.7198999999
2009-08-06,4322116.3423000006
2009-08-07,4378814.6245999997
2009-08-10,4369744.5720999995
2009-08-11,4315241.9155000001
2009-08-12,4361556.1910000006
2009-08-13,4394889.9899999993
2009-08-14,4361156.2080000006
2009-08-17,4253863.6289999997
2009-08-18,4287630.1011000006
2009-08-19,4325291.1305999998
2009-08-20,4369875.6764000002
2009-08-21,4455567.4158999994
2009-08-24,4455151.4188999999
2009-08-25,4463822.2659999998
2009-08-26,4464271.7138999999
2009-08-27,4474240.7908999994
2009-08-28,4473392.1455000006
2009-08-31,4433599.2788999993
2009-09-01,4335822.2842000006
2009-09-02,4319395.3054000009
2009-09-03,4355327.1322999997
2009-09-04,4416356.9894000003
2009-09-08,4454453.0545000006
2009-09-09,4488654.8947999999
2009-09-10,4534540.5616000006
2009-09-11,4533692.1131999996
2009-09-14,4555778.2467
2009-09-15,4574835.4375999998
2009-09-16,4644089.6031999998
2009-09-17,4637183.2920000004
2009-09-18,4640157.5564999999
2009-09-21,4628435.4280000003
2009-09-22,4655410.3230999997
2009-09-23,4616730.5249999994
2009-09-24,4565875.9719000002
2009-09-25,4541544.0744000003
2009-09-28,4622869.7449000003
2009-09-29,4608973.2514999993
2009-09-30,4591163.3744000001
2009-10-01,4477260.2576000001
2009-10-02,4456406.0662000002
2009-10-05,4522949.2806000002
2009-10-06,4587753.7289000005
2009-10-07,4600380.6248000003
2009-10-08,4635618.1816000007
2009-10-09,4663898.8783
2009-10-12,4682178.8844999997
2009-10-13,4672630.3268999998
2009-10-14,4753090.4892999995
2009-10-15,4770501.3807999995
2009-10-16,4734863.3487999998
2009-10-19,4774015.8002999993
2009-10-20,4748813.4718000004
2009-10-21,4706217.6254000003
2009-10-22,4754067.1076999996
2009-10-23,4699730.3768999996
2009-10-26,4648871.9410999995
2009-10-27,4627582.2258000001
2009-10-28,4540196.4569999995
2009-10-29,4637618.3295999998
2009-10-30,4503268.7198000001
2009-11-02,4536333.9291000003
2009-11-03,4550700.9230000004
2009-11-04,4562458.9269999992
2009-11-05,4646402.3202999998
2009-11-06,4658595.6231999993
2009-11-09,4764717.5763999997
2009-11-10,4765605.1562000001
2009-11-11,4789975.056499999
2009-11-12,4741288.7785999998
2009-11-13,4766963.3536
2009-11-16,4836124.3763999995
2009-11-17,4841795.7460000003
2009-11-18,4838769.8421999998
2009-11-19,4775732.2109000003
2009-11-20,4758790.2258000001
2009-11-23,4819255.1006000005
2009-11-24,4826666.0023000007
2009-11-25,4843644.1864999998
2009-11-27,4764949.8705000002
2009-11-30,4781058.1968
2009-12-01,4840219.6508999998
2009-12-02,4838063.3993000006
2009-12-03,4800246.7991000004
2009-12-04,4827662.4760999996
2009-12-07,4820287.5285
2009-12-08,4766814.5033999998
2009-12-09,4784662.8136
2009-12-10,4811643.9531999994
2009-12-11,4832101.9160000002
2009-12-14,4865171.9441
2009-12-15,4842575.6411000006
2009-12-16,4849987.0460000001
2009-12-17,4791728.8467999995
2009-12-18,4818718.8824999994
2009-12-21,4867706.7843999993
2009-12-22,4885214.3288000003
2009-12-23,4894851.7941000005
2009-12-24,4918043.6330000004
2009-12-28,4928555.7676999997
2009-12-29,4921578.4288999997
2009-12-30,4919847.9230999993
2009-12-31,4872644.2275
2010-01-04,4955301.5665999996
2010-01-05,4968437.5094999997
2010-01-06,4971954.1169999996
2010-01-07,4992960.6958999997
2010-01-08,5009594.9293
2010-01-11,5016609.7455000002
2010-01-12,4969842.4302000003
2010-01-13,5011837.5647999998
2010-01-14,5025411.3202999998
2010-01-15,4969023.8261000002
2010-01-19,5031133.394700001
2010-01-20,4979992.6398
2010-01-21,4884250.6345000006
2010-01-22,4775389.9523999998
2010-01-25,4799894.7969000004
2010-01-26,4779798.4518999998
2010-01-27,4802554.4166000001
2010-01-28,4747476.1995999999
2010-01-29,4695895.7533999998
2010-02-01,4768938.2807
2010-02-02,4826676.6715000002
2010-02-03,4802644.4711000007
2010-02-04,4654424.6156000001
2010-02-05,4664062.2633999996
2010-02-08,4630408.9496999998
2010-02-09,4688585.1946999999
2010-02-10,4679419.7617000006
2010-02-11,4728413.5745999999
2010-02-12,4724495.6989000002
2010-02-16,4798852.9445000002
2010-02-17,4821610.1741000004
2010-02-18,4850052.4035999998
2010-02-19,4860128.4045000002
2010-02-22,4861021.2257000003
2010-02-23,4802004.0222000005
2010-02-24,4846189.4467000002
2010-02-25,4839648.0781999994
2010-02-26,4842727.3578000003
2010-03-01,4893035.7154999999
2010-03-02,4906610.6027000006
2010-03-03,4911002.0957000004
2010-03-04,4925889.0845999997
2010-03-05,4996314.8847000003
2010-03-08,4997208.2493000003
2010-03-09,5005535.9901000001
2010-03-10,5027857.9527999992
2010-03-11,5048868.1251999997
2010-03-12,5049324.3792000003
2010-03-15,5050655.2812999999
2010-03-16,5090908.0325000007
2010-03-17,5121102.5941000003
2010-03-18,5118497.8344999999
2010-03-19,5092731.2402999997
2010-03-22,5119977.1499000005
2010-03-23,5156006.1385000004
2010-03-24,5130994.1856999993
2010-03-25,5122669.6328999996
2010-03-26,5119614.8020000001
2010-03-29,5152131.1266000001
2010-03-30,5155663.6629999997
2010-03-31,5138116.8512999993
2010-04-01,5173268.5422
2010-04-05,5215447.0064999992
2010-04-06,5227763.0039999997
2010-04-07,5197919.7145999996
2010-04-08,5215944.8427999998
2010-04-09,5250219.1552999998
2010-04-12,5258582.9811000004
2010-04-13,5262555.2017999999
2010-04-14,5322301.8417999996
2010-04-15,5326713.5008999994
2010-04-16,5241973.3388
2010-04-19,5261755.7977999998
2010-04-20,5308767.2555000009
2010-04-21,5299125.2772000004
2010-04-22,5314955.5674999999
2010-04-23,5349670.7133999998
2010-04-26,5329488.4224000005
2010-04-27,5203462.8227000004
2010-04-28,5243008.9776999997
2010-04-29,5308028.2477000002
2010-04-30,5218014.5774999997
2010-05-03,5285669.3815000001
2010-05-04,5161398.0159
2010-05-05,5130673.8498999998
2010-05-06,4960285.5888999999
2010-05-07,4886519.0867000008
2010-05-10,5101744.5252999999
2010-05-11,5087270.0643999996
2010-05-12,5158439.7719999999
2010-05-13,5094335.4714000002
2010-05-14,5002121.5854000002
2010-05-17,5004775.5817000009
2010-05-18,4936717.1037999997
2010-05-19,4908626.1952999998
2010-05-20,4723297.4073999999
2010-05-21,4792271.5724999998
2010-05-24,4730799.4857999999
2010-05-25,4735648.6063000001
2010-05-26,4707117.1941999998
2010-05-27,4864814.7071000002
2010-05-28,4803781.1945999991
2010-06-01,4722982.1895000003
2010-06-02,4845982.7904000003
2010-06-03,4862691.5588999996
2010-06-04,4691850.1591999996
2010-06-07,4633450.2222000007
2010-06-08,4683100.7264
2010-06-09,4658082.0151000004
2010-06-10,4794262.1820999999
2010-06-11,4817559.6745999996
2010-06-14,4810110.6986999996
2010-06-15,4919499.3477999996
2010-06-16,4917760.8318999996
2010-06-17,4925685.6414000001
2010-06-18,4931031.2676999997
2010-06-21,4916927.0525000002
2010-06-22,4835739.6227000002
2010-06-23,4820752.2674000002
2010-06-24,4740887.8805999998
2010-06-25,4760766.0159
2010-06-28,4745778.2097000005
2010-06-29,4599269.6076999996
2010-06-30,4555593.5730000008
2010-07-01,4535308.6506000003
2010-07-02,4510610.0795
2010-07-06,4540197.5301000001
2010-07-07,4683212.9031999996
2010-07-08,4729572.6908
2010-07-09,4764898.9200999998
2010-07-12,4768006.2931000004
2010-07-13,4839965.7657999992
2010-07-14,4839542.5545999995
2010-07-15,4840884.7911
2010-07-16,4707610.8942
2010-07-19,4735434.6124999998
2010-07-20,4787975.1328999996
2010-07-21,4725760.0038999999
2010-07-22,4831265.4102999996
2010-07-23,4873213.9325999999
2010-07-26,4923990.2545999996
2010-07-27,4923567.3436000003
2010-07-28,4891806.6184
2010-07-29,4867990.4813000001
2010-07-30,4867125.9744000006
2010-08-02,4977048.4945
2010-08-03,4953232.4103999995
2010-08-04,4986354.9264999991
2010-08-05,4981076.9748999998
2010-08-06,4960791.7514000004
2010-08-09,4987293.8053000001
2010-08-10,4960387.5654000007
2010-08-11,4824456.7657000003
2010-08-12,4794901.3346999995
2010-08-13,4780794.5947000002
2010-08-16,4778605.5268000001
2010-08-17,4837329.7587000001
2010-08-18,4846175.9482000005
2010-08-19,4761885.9325000001
2010-08-20,4746454.5860000001
2010-08-23,4728374.6787
2010-08-24,4658208.3573000003
2010-08-25,4676323.6691000005
2010-08-26,4645000.9202000005
2010-08-27,4716968.8426000001
2010-08-30,4648567.0879999995
2010-08-31,4648584.5200999994
2010-09-01,4787648.9681000002
2010-09-02,4832250.4129999997
2010-09-03,4894950.5070000002
2010-09-07,4839790.8656000001
2010-09-08,4873798.7901999997
2010-09-09,4896329.8591000009
2010-09-10,4921068.2412
2010-09-13,4975824.0887000002
2010-09-14,4972752.7223999994
2010-09-15,4991753.0273000002
2010-09-16,4990447.4397999998
2010-09-17,4992325.9288999997
2010-09-20,5068678.5517000007
2010-09-21,5058490.0811999999
2010-09-22,5033655.9671999998
2010-09-23,4992844.6239
2010-09-24,5095826.8985000001
2010-09-27,5071436.4555000002
2010-09-28,5089207.9419999998
2010-09-29,5080350.7591000004
2010-09-30,5065280.0989999995
2010-10-01,5086602.2958999993
2010-10-04,5048452.9911000002
2010-10-05,5150106.7126999991
2010-10-06,5149682.2039000001
2010-10-07,5143487.9885
2010-10-08,5172355.9018999999
2010-10-11,5177257.3914999999
2010-10-12,5193254.6258999994
2010-10-13,5233662.6289999997
2010-10-14,5213266.0000999998
2010-10-15,5223937.5491000004
2010-10-18,5249699.5669
2010-10-19,5180924.5768999998
2010-10-20,5231541.5724999998
2010-10-21,5243101.0296999998
2010-10-22,5252885.2068999996
2010-10-25,5268439.4199999999
2010-10-26,5269346.8665000005
2010-10-27,5254275.8421
2010-10-28,5255183.2421000004
2010-10-29,5259197.5985000003
2010-11-01,5260992.7269000001
2010-11-02,5302734.6623000009
2010-11-03,5324059.5834999997
2010-11-04,5426610.4169000005
2010-11-05,5447048.2440999998
2010-11-08,5436859.8936999999
2010-11-09,5397820.4671999998
2010-11-10,5419590.0061999997
2010-11-11,5399192.5458000004
2010-11-12,5335296.0115999999
2010-11-15,5327770.2592000002
2010-11-16,5244786.5694000004
2010-11-17,5247469.4668000005
2010-11-18,5324723.0888999999
2010-11-19,5339390.9276999999
2010-11-22,5334972.1850000005
2010-11-23,5257757.3830000004
2010-11-24,5335456.0816000002
2010-11-26,5273332.6743000001
2010-11-29,5289332.2451999998
2010-11-30,5259611.7932000002
2010-12-01,5371490.9287
2010-12-02,5440313.7403999995
2010-12-03,5454982.5060000001
2010-12-06,5449232.3728
2010-12-07,5452360.0595000004
2010-12-08,5472355.7726999996
2010-12-09,5493683.3250000002
2010-12-10,5525664.5920000002
2010-12-13,5529236.5115999989
2010-12-14,5534140.1622000001
2010-12-15,5508858.4375999998
2010-12-16,5540840.2405999992
2010-12-17,5546754.3207
2010-12-20,5560162.2996000005
2010-12-21,5595436.1857000003
2010-12-22,5612860.6307000006
2010-12-23,5604849.2817999991
2010-12-27,5607101.5297000008
2010-12-28,5615155.0137999998
2010-12-29,5619192.3144000005
2010-12-30,5610288.366799999
2010-12-31,5611648.1633000001
2011-01-03,5669682.2695000004
2011-01-04,5666579.7390000001
2011-01-05,5696053.9940999998
2011-01-06,5684918.8711999999
2011-01-07,5673783.6647000005
2011-01-10,5666664.7385
2011-01-11,5686767.8842999991
2011-01-12,5738109.8020000001
2011-01-13,5728759.6986000007
2011-01-14,5770284.2313999999
2011-01-18,5780123.8323000008
2011-01-19,5723468.8766000001
2011-01-20,5715903.6752000004
2011-01-21,5728867.1153999995
2011-01-24,5761466.8722999999
2011-01-25,5764612.4335000003
2011-01-26,5786948.1037999997
2011-01-27,5801250.852
2011-01-28,5699966.0489999996
2011-01-31,5742830.8894000007
2011-02-01,5834787.7034000009
2011-02-02,5823652.3487
2011-02-03,5836616.6288000001
2011-02-04,5853151.3479999993
2011-02-07,5889769.4400000004
2011-02-08,5916569.291699999
2011-02-09,5903202.5462999996
2011-02-10,5905456.1804999998
2011-02-11,5940736.1129999999
2011-02-14,5955040.0791999996
2011-02-15,5936317.624400001
2011-02-16,5973829.5991999991
2011-02-17,5991704.3121000007
2011-02-18,6004223.4454999994
2011-02-22,5883741.96
2011-02-23,5847612.6852000002
2011-02-24,5843617.7832000004
2011-02-25,5906123.9624000005
2011-02-28,5942744.1730999993
2011-03-01,5843683.5288999993
2011-03-02,5856202.4364999998
2011-03-03,5957093.3669000007
2011-03-04,5912483.2539999997
2011-03-07,5866087.5002999995
2011-03-08,5917437.2059000004
2011-03-09,5908979.1348000001
2011-03-10,5799650.1425000001
2011-03-11,5839841.8551999992
2011-03-14,5804603.3214999996
2011-03-15,5738120.9829999991
2011-03-16,5631914.0634000003
2011-03-17,5706473.9094000002
2011-03-18,5727175.1952
2011-03-21,5815955.3359000003
2011-03-22,5795804.6475999998
2011-03-23,5812412.7204999998
2011-03-24,5868021.3732000003
2011-03-25,5885974.6889000004
2011-03-28,5871651.6591999996
2011-03-29,5911122.8569000009
2011-03-30,5951939.2128999997
2011-03-31,5943892.3223000001
2011-04-01,5969018.9161
2011-04-04,5973972.5210000006
2011-04-05,5973098.334400001
2011-04-06,5991949.1732000001
2011-04-07,5976729.5158000002
2011-04-08,5956130.1495000003
2011-04-11,5938220.4358000001
2011-04-12,5893860.7152999993
2011-04-13,5893434.5126999998
2011-04-14,5897939.676
2011-04-15,5919480.5759000005
2011-04-18,5853152.9463
2011-04-19,5886798.2465999993
2011-04-20,5967068.3524000002
2011-04-21,5997576.1270000003
2011-04-25,5991322.1890000002
2011-04-26,6042901.2301999992
2011-04-27,6082376.0246000001
2011-04-28,6102124.9737999998
2011-04-29,6116494.1942999996
2011-05-02,6107102.3119000001
2011-05-03,6085157.2196000004
2011-05-04,6044830.5104999989
2011-05-05,5990156.9446999999
2011-05-06,6016630.9652999993
2011-05-09,6039966.8517999994
2011-05-10,6091548.0072999997
2011-05-11,6027458.7313000001
2011-05-12,6056174.9789000005
2011-05-13,6009570.3429999994
2011-05-16,5971483.8458000002
2011-05-17,5970609.5524000004
2011-05-18,6023984.9899000004
2011-05-19,6038354.6712000007
2011-05-20,5990404.0488
2011-05-23,5920932.2663000003
2011-05-24,5916022.6013000002
2011-05-25,5935772.3343000002
2011-05-26,5963144.2507000007
2011-05-27,5986032.8047000002
2011-05-31,6048377.067999999
2011-06-01,5912546.6544000003
2011-06-02,5906291.7615999999
2011-06-03,5847578.2978999997
2011-06-06,5785725.8355
2011-06-07,5782160.5972000007
2011-06-08,5757970.3794999998
2011-06-09,5801932.2536000004
2011-06-10,5721247.070700001
2011-06-13,5725752.2613000004
2011-06-14,5798410.5274
2011-06-15,5695305.5762999998
2011-06-16,5707881.5359000005
2011-06-17,5724834.6782000009
2011-06-20,5754144.9502999997
2011-06-21,5833021.2947000004
2011-06-22,5797896.3426999999
2011-06-23,5781245.8096000003
2011-06-24,5714127.534
2011-06-27,5765067.3762999997
2011-06-28,5840340.3827999998
2011-06-29,5890379.8585000001
2011-06-30,5946728.2541999994
2011-07-01,6034619.9195000008
2011-07-05,6029685.7976000002
2011-07-06,6036918.2566
2011-07-07,6099576.682
2011-07-08,6056340.1463000001
2011-07-11,5946862.0648000007
2011-07-12,5921198.8962999992
2011-07-13,5941048.5551999994
2011-07-14,5900063.9000999993
2011-07-15,5934333.7039999999
2011-07-18,5885688.0224000001
2011-07-19,5981243.8094000006
2011-07-20,5977661.1798999999
2011-07-21,6060600.2684000004
2011-07-22,6064678.7173999995
2011-07-25,6030903.6516999993
2011-07-26,6008394.3103999998
2011-07-27,5885391.8927999996
2011-07-28,5868289.5455999989
2011-07-29,5828204.2126000002
2011-08-01,5803440.5405000001
2011-08-02,5655199.2238999996
2011-08-03,5685864.5894999998
2011-08-04,5419551.1273000007
2011-08-05,5411459.6994000003
2011-08-08,5059068.1431999998
2011-08-09,5294329.7275
2011-08-10,5060458.0993999997
2011-08-11,5287609.5795999998
2011-08-12,5323231.6545000002
2011-08-15,5435917.3729999997
2011-08-16,5389519.2955999989
2011-08-17,5393144.8373999996
2011-08-18,5160620.3356999997
2011-08-19,5076364.4278999995
2011-08-22,5080439.5082999999
2011-08-23,5247658.3344000001
2011-08-24,5321588.6938999994
2011-08-25,5240486.8710000003
2011-08-26,5316671.1497
2011-08-29,5469471.5839
2011-08-30,5483913.9048000006
2011-08-31,5508271.3654999994
2011-09-01,5450604.3488999996
2011-09-02,5311362.6136999996
2011-09-06,5272623.3302999996
2011-09-07,5421370.8313999996
2011-09-08,5365054.6952
2011-09-09,5224458.4611999998
2011-09-12,5258280.1910000006
2011-09-13,5306524.4729000004
2011-09-14,5380008.2324999999
2011-09-15,5472872.6477999995
2011-09-16,5505116.3012999995
2011-09-19,5450321.3536
2011-09-20,5443999.4684000006
2011-09-21,5283649.0910999998
2011-09-22,5112877.8812000006
2011-09-23,5143702.9819
2011-09-26,5266040.3793000001
2011-09-27,5324954.2468999997
2011-09-28,5216246.2062999997
2011-09-29,5257491.9619000005
2011-09-30,5126131.0080000004
2011-10-03,4980271.8231999995
2011-10-04,5089473.207200001
2011-10-05,5183725.0171999997
2011-10-06,5277524.4841
2011-10-07,5242206.7427999992
2011-10-10,5417555.5869000005
2011-10-11,5423012.4863999998
2011-10-12,5470603.1076999996
2011-10-13,5459750.3739999998
2011-10-14,5553099.9142999994
2011-10-17,5447105.7772000004
2011-10-18,5553594.6275000004
2011-10-19,5487921.9291999992
2011-10-20,5511954.7158000004
2011-10-21,5616632.7536000004
2011-10-24,5685519.5236999998
2011-10-25,5574992.8514
2011-10-26,5631647.1673999997
2011-10-27,5827847.1454999987
2011-10-28,5826509.7882000003
2011-10-31,5686079.2242999999
2011-11-01,5527524.6325000003
2011-11-02,5617707.4428000003
2011-11-03,5720124.0154999988
2011-11-04,5685258.3729999997
2011-11-07,5720619.9982000003
2011-11-08,5794040.8199999994
2011-11-09,5580206.8026999999
2011-11-10,5632785.7009000005
2011-11-11,5738829.3346000006
2011-11-14,5684480.1367999995
2011-11-15,5712593.0977999996
2011-11-16,5621995.9747000001
2011-11-17,5532757.4499000004
2011-11-18,5526887.9473999999
2011-11-21,5421789.9649999999
2011-11-22,5400514.6149000004
2011-11-23,5281369.2199999997
2011-11-25,5271420.7579000005
2011-11-28,5424136.8292999994
2011-11-29,5439562.7878
2011-11-30,5663418.5895000007
2011-12-01,5662533.6078000003
2011-12-02,5657570.6164999995
2011-12-05,5719215.2188999997
2011-12-06,5721049.1251999997
2011-12-07,5742367.0554
2011-12-08,5616421.7273000004
2011-12-09,5711597.9775
2011-12-12,5628245.0186000001
2011-12-13,5575703.8169000009
2011-12-14,5516365.3433999997
2011-12-15,5536323.6078999992
2011-12-16,5544506.5721000005
2011-12-19,5485247.3365000002
2011-12-20,5651252.6124
2011-12-21,5662217.8909999998
2011-12-22,5712399.7079999996
2011-12-23,5763493.9137000004
2011-12-27,5768075.6137999995
2011-12-28,5692399.5167999994
2011-12-29,5751246.4290999994
2011-12-30,5722995.1387999998
2012-01-03,5814219.7098000003
2012-01-04,5823361.8577000005
2012-01-05,5838888.3392999992
2012-01-06,5823861.5537999999
2012-01-09,5838020.0865000002
2012-01-10,5888660.6502999999
2012-01-11,5891874.9130999995
2012-01-12,5906033.8591999989
2012-01-13,5875502.0520000001
2012-01-17,5898325.6299000001
2012-01-18,5963560.4102999996
2012-01-19,5995049.1396000003
2012-01-20,6017417.3846000005
2012-01-23,6001934.6683
2012-01-24,5995116.5844000001
2012-01-25,6045303.5895000007
2012-01-26,6014315.3477999996
2012-01-27,6011601.6341999993
2012-01-30,5991102.0965999998
2012-01-31,5988844.3234000001
2012-02-01,6041312.4940999998
2012-02-02,6050912.2277999995
2012-02-03,6135760.7911
2012-02-06,6131679.3073000005
2012-02-07,6147208.2213000003
2012-02-08,6165473.6004999997
2012-02-09,6173249.7390999999
2012-02-10,6127666.7294000005
2012-02-13,6173296.0399000002
2012-02-14,6165566.0845000008
2012-02-15,6136857.0014999993
2012-02-16,6204834.2130999994
2012-02-17,6221276.0061999997
2012-02-21,6224035.7670000009
2012-02-22,6203991.8709000004
2012-02-23,6231379.6518999999
2012-02-24,6245085.3286999995
2012-02-27,6255598.5574000003
2012-02-28,6273865.2312000003
2012-02-29,6249260.3253999995
2012-03-01,6281665.7104000002
2012-03-02,6262533.6752999993
2012-03-05,6237016.2752
2012-03-06,6145821.8757000007
2012-03-07,6188717.4462000001
2012-03-08,6250313.1246000007
2012-03-09,6274509.5489999996
2012-03-12,6274989.1741999993
2012-03-13,6388124.8811999997
2012-03-14,6381307.3491999991
2012-03-15,6418275.4501
2012-03-16,6427142.8914000001
2012-03-19,6452362.4928000001
2012-03-20,6433604.5192999998
2012-03-21,6423092.2664999999
2012-03-22,6376847.7333000004
2012-03-23,6397486.4559000004
2012-03-26,6487299.7300999993
2012-03-27,6467167.2050000001
2012-03-28,6435123.6163999997
2012-03-29,6424153.0185000002
2012-03-30,6450747.8054
2012-04-02,6497958.0636999998
2012-04-03,6471411.5366000002
2012-04-04,6407298.9210000001
2012-04-05,6404116.0920000002
2012-04-09,6332214.6316
2012-04-10,6225953.1948000006
2012-04-11,6276370.5709000006
2012-04-12,6358399.2409999995
2012-04-13,6282831.4808
2012-04-16,6278731.8474000003
2012-04-17,6371756.6742999991
2012-04-18,6350248.1723999996
2012-04-19,6309497.7208000002
2012-04-20,6320058.5908000004
2012-04-23,6266937.9055999992
2012-04-24,6290784.8419000013
2012-04-25,6376939.6354999999
2012-04-26,6421403.7489999998
2012-04-27,6431965.2355999993
2012-04-30,6408165.5651000002
2012-05-01,6448048.7796
2012-05-02,6428830.5234000003
2012-05-03,6379832.0499
2012-05-04,6276770.7166999998
2012-05-07,6281375.8390999995
2012-05-08,6256200.5852999995
2012-05-09,6219112.9329999993
2012-05-10,6231964.8360000001
2012-05-11,6213203.4273000006
2012-05-14,6144501.6686000004
2012-05-15,6109245.7135000005
2012-05-16,6085901.9266999997
2012-05-17,5995664.8165999996
2012-05-18,5944371.8136
2012-05-21,6046567.2909000004
2012-05-22,6057128.0460000001
2012-05-23,6060358.0141000003
2012-05-24,6072293.4424000001
2012-05-25,6052614.3635
2012-05-29,6125946.5459000003
2012-05-30,6037081.4382000007
2012-05-31,6023816.633200001
2012-06-01,5872178.5163000003
2012-06-04,5869451.3897000002
2012-06-05,5913918.1140000001
2012-06-06,6046816.7345000003
2012-06-07,6050504.9804999996
2012-06-08,6098638.4629999995
2012-06-11,6021225.5778000001
2012-06-12,6090436.5800999999
2012-06-13,6051512.1495000003
2012-06-14,6115683.5289999992
2012-06-15,6177942.8328999998
2012-06-18,6189940.5427000001
2012-06-19,6249836.6917999992
2012-06-20,6239727.7478999998
2012-06-21,6099739.541100001
2012-06-22,6146740.1736000003
2012-06-25,6048201.6774999993
2012-06-26,6078621.9604000002
2012-06-27,6133452.7573999995
2012-06-28,6115973.9777999995
2012-06-29,6268447.2016999992
2012-07-02,6287354.3479999993
2012-07-03,6328829.9724000003
2012-07-05,6300297.7446000008
2012-07-06,6240445.7434
2012-07-09,6232639.2257000003
2012-07-10,6178313.5419000005
2012-07-11,6179257.8845000006
2012-07-12,6149342.791699999
2012-07-13,6252538.1074000001
2012-07-16,6237822.6063999999
2012-07-17,6280681.227
2012-07-18,6327224.9323000005
2012-07-19,6343830.1617999999
2012-07-20,6285818.4759
2012-07-23,6222279.1437999997
2012-07-24,6168872.5875999993
2012-07-25,6170277.5335999997
2012-07-26,6272094.5908000004
2012-07-27,6387730.6353999991
2012-07-30,6387754.5893999999
2012-07-31,6343099.2677999996
2012-08-01,6337595.7004999993
2012-08-02,6293861.0834999997
2012-08-03,6418711.7020000005
2012-08-06,6431172.4578999998
2012-08-07,6463439.9548000004
2012-08-08,6471294.7571
2012-08-09,6476846.5023999996
2012-08-10,6487465.1628999989
2012-08-13,6484265.1046000002
2012-08-14,6485210.6772999996
2012-08-15,6492605.0778000001
2012-08-16,6540535.1312999995
2012-08-17,6549311.6948000006
2012-08-20,6549796.8899999997
2012-08-21,6530014.0625999998
2012-08-22,6532802.3823000006
2012-08-23,6479392.5920000002
2012-08-24,6518571.4730999991
2012-08-27,6519977.8494000006
2012-08-28,6513553.2609000001
2012-08-29,6518644.8074000003
2012-08-30,6471683.0485000005
2012-08-31,6502570.9207000006
2012-09-04,6496606.8225999996
2012-09-05,6491103.3339
2012-09-06,6622875.2842000006
2012-09-07,6648696.9494000003
2012-09-10,6610947.8122000005
2012-09-11,6629399.048200001
2012-09-12,6651535.7252000002
2012-09-13,6752906.8738000002
2012-09-14,6782875.5049000001
2012-09-17,6759867.5411
2012-09-18,6754364.8539000005
2012-09-19,6758075.5543999998
2012-09-20,6758561.5703999996
2012-09-21,6755797.5284000002
2012-09-24,6745633.8213
2012-09-25,6673872.4204000002
2012-09-26,6636382.9667999987
2012-09-27,6698932.2234000005
2012-09-28,6667926.6157999998
2012-10-01,6685551.2046000008
2012-10-02,6692523.5055999989
2012-10-03,6719874.4770999998
2012-10-04,6768067.4997000005
2012-10-05,6768556.0337999994
2012-10-08,6745423.6355999997
2012-10-09,6678754.2725999998
2012-10-10,6636168.6804
2012-10-11,6639898.8528999994
2012-10-12,6618155.1109000007
2012-10-15,6673296.4842999997
2012-10-16,6740943.7527999999
2012-10-17,6771538.1042999998
2012-10-18,6753963.0564999999
2012-10-19,6641437.7720000008
2012-10-22,6642389.0234000003
2012-10-23,6550242.1579999998
2012-10-24,6531739.6611000001
2012-10-25,6550754.4634000007
2012-10-26,6547073.5888
2012-10-31,6547098.1403999999
2012-11-01,6615673.8433999997
2012-11-02,6556874.1349999998
2012-11-05,6570331.144199999
2012-11-06,6621769.7241999991
2012-11-07,6471720.8715000004
2012-11-08,6393928.8574999999
2012-11-09,6399511.1616999991
2012-11-12,6404630.3121000007
2012-11-13,6382420.8547
2012-11-14,6296289.7500999998
2012-11-15,6285659.7405999992
2012-11-16,6316717.8883000007
2012-11-19,6444585.9798999997
2012-11-20,6447389.3835000005
2012-11-21,6459456.9640999995
2012-11-23,6547490.9987000003
2012-11-26,6533619.2142999992
2012-11-27,6500292.3800999997
2012-11-28,6552660.0213000001
2012-11-29,6583256.8800999997
2012-11-30,6584671.2218000004
2012-12-03,6552270.5197000001
2012-12-04,6543030.6573000001
2012-12-05,6554635.7789000003
2012-12-06,6576895.165599999
2012-12-07,6596838.5846000006
2012-12-10,6599642.6944000004
2012-12-11,6644600.7863000007
2012-12-12,6647868.3279999997
2012-12-13,6607128.6827000007
2012-12-14,6582601.9751999993
2012-12-17,6659987.2884
2012-12-18,6734130.5054000001
2012-12-19,6684125.7594000008
2012-12-20,6722599.9509000005
2012-12-21,6662024.943
2012-12-24,6641521.2402999997
2012-12-26,6613552.3788999999
2012-12-27,6604712.4534
2012-12-28,6533352.5782000003
2012-12-31,6644420.2770999996
2013-01-02,6814743.1644000011
2013-01-03,6799371.8605999993
2013-01-04,6829258.0457000006
2013-01-07,6810620.6561000003
2013-01-08,6791049.9729000004
2013-01-09,6808338.8436000012
2013-01-10,6862487.6825000001
2013-01-11,6862046.8349000001
2013-01-14,6857406.7302999999
2013-01-15,6862098.3003000002
2013-01-16,6861190.8588000005
2013-01-17,6905542.5406999998
2013-01-18,6920965.9299999997
2013-01-22,6958319.2802999998
2013-01-23,6969543.6347000012
2013-01-24,6971436.1542999996
2013-01-25,7010656.5035000006
2013-01-28,7002284.0037000002
2013-01-29,7029839.7322000004
2013-01-30,7002336.5213000001
2013-01-31,6985098.4067000002
2013-02-01,7056981.9925999995
2013-02-04,6977685.0669999998
2013-02-05,7048169.3345000008
2013-02-06,7053328.4935999997
2013-02-07,7044022.6750999996
2013-02-08,7083244.7648999998
2013-02-11,7081871.4762999993
2013-02-12,7093563.4999000002
2013-02-13,7099656.1661
2013-02-14,7106215.5000999989
2013-02-15,7097842.9181000004
2013-02-19,7151064.8602
2013-02-20,7061965.8438999988
2013-02-21,7019062.4427000005
2013-02-22,7087683.5108000003
2013-02-25,6952853.2502000006
2013-02-26,7000476.0369000006
2013-02-27,7088696.5274999999
2013-02-28,7074723.9727999996
2013-03-01,7098082.4863
2013-03-04,7135907.0583000006
2013-03-05,7199863.9296000004
2013-03-06,7209690.4715999989
2013-03-07,7222783.6137000006
2013-03-08,7253609.4922000002
2013-03-11,7281169.0504000001
2013-03-12,7264863.5395000009
2013-03-13,7275157.1623
2013-03-14,7313916.8396000005
2013-03-15,7304318.0639999993
2013-03-18,7264034.1316999998
2013-03-19,7247186.8007000014
2013-03-20,7297837.8813000005
2013-03-21,7235522.616200001
2013-03-22,7293673.9269000012
2013-03-25,7263232.8460000008
2013-03-26,7321384.6957
2013-03-27,7321412.1509000007
2013-03-28,7343939.6244000001
2013-04-01,7314904.5320999995
2013-04-02,7351026.0129000004
2013-04-03,7276521.4317999994
2013-04-04,7306080.4361999994
2013-04-05,7273294.6919999998
2013-04-08,7322541.865199999
2013-04-09,7347882.5096000005
2013-04-10,7437912.8355999999
2013-04-11,7462316.5686999997
2013-04-12,7444062.6034000004
2013-04-15,7271583.2743999995
2013-04-16,7378959.2128999997
2013-04-17,7271169.0439999988
2013-04-18,7225725.1358000012
2013-04-19,7288568.3194000013
2013-04-22,7320941.3689999999
2013-04-23,7396442.4448999995
2013-04-24,7401158.0015000002
2013-04-25,7431187.9164999994
2013-04-26,7418089.7891999995
2013-04-29,7467809.0578000005
2013-04-30,7485651.0448000003
2013-05-01,7420048.4079
2013-05-02,7488988.7373000002
2013-05-03,7564961.4955000002
2013-05-06,7584210.5011999998
2013-05-07,7622680.3600999992
2013-05-08,7657400.1102999998
2013-05-09,7635863.9666999998
2013-05-10,7660739.1625000006
2013-05-13,7666862.3525999999
2013-05-14,7746119.4105999991
2013-05-15,7787872.3965999987
2013-05-16,7751334.4178999988
2013-05-17,7826373.3745999997
2013-05-20,7825933.9099000003
2013-05-21,7837214.8245000001
2013-05-22,7779110.8984000003
2013-05-23,7756636.7660999997
2013-05-24,7750102.3651000001
2013-05-28,7796544.8411999997
2013-05-29,7745941.0751
2013-05-30,7774568.5005999999
2013-05-31,7663016.6805999996
2013-06-03,7705240.0636000009
2013-06-04,7668231.2969000004
2013-06-05,7560897.3133000005
2013-06-06,7629375.5338000003
2013-06-07,7726453.2888999991
2013-06-10,7726482.2630999992
2013-06-11,7646808.4471000005
2013-06-12,7583543.4905000003
2013-06-13,7698907.4278999995
2013-06-14,7650645.2407000009
2013-06-17,7709748.6517999992
2013-06-18,7770727.8992999997
2013-06-19,7663390.2789999992
2013-06-20,7473533.8491999991
2013-06-21,7497432.1733000008
2013-06-24,7402723.1373000005
2013-06-25,7473921.8636000007
2013-06-26,7547949.1172000011
2013-06-27,7592282.855800001
2013-06-28,7561203.140399999
2013-07-01,7605537.2607000014
2013-07-02,7598495.6860999996
2013-07-03,7601823.5707
2013-07-05,7683865.7991000004
2013-07-08,7727729.6963
2013-07-09,7783377.5899
2013-07-10,7786234.8685000008
2013-07-11,7892317.8742999993
2013-07-12,7895646.9345000004
2013-07-15,7925843.1841999991
2013-07-16,7896177.5078999996
2013-07-17,7916475.4824999999
2013-07-18,7959870.2032000003
2013-07-19,7974040.8773999996
2013-07-22,7989625.7453999994
2013-07-23,7972686.5899
2013-07-24,7943491.7878999999
2013-07-25,7962847.6596999997
2013-07-26,7971362.1743000001
2013-07-29,7946880.752799999
2013-07-30,7946910.5536000002
2013-07-31,7952596.8540999992
2013-08-01,8044545.1392000001
2013-08-02,8058245.2820999995
2013-08-05,8046490.9944000002
2013-08-06,8000797.1133000003
2013-08-07,7974901.0077
2013-08-08,8004156.8186999997
2013-08-09,7981088.8552000001
2013-08-12,7971691.0023000007
2013-08-13,7995290.4397000009
2013-08-14,7954309.2630000003
2013-08-15,7843090.0109999999
2013-08-16,7817192.6315000001
2013-08-19,7767253.7604999989
2013-08-20,7805466.2679000003
2013-08-21,7757412.5839999989
2013-08-22,7828152.1682000002
2013-08-23,7854580.2061999999
2013-08-26,7825382.4389000004
2013-08-27,7699545.6930999998
2013-08-28,7726916.3681999994
2013-08-29,7739202.0597999999
2013-08-30,7714717.5587999998
2013-09-03,7749631.2490999987
2013-09-04,7813773.081699999
2013-09-05,7823702.1863000002
2013-09-06,7827502.8927999996
2013-09-09,7902488.458899999
2013-09-10,7960974.728099999
2013-09-11,7985990.1717999997
2013-09-12,7964805.8596999999
2013-09-13,7982750.0586999999
2013-09-16,8028980.2838000003
2013-09-17,8064839.3221000005
2013-09-18,8158213.7042999994
2013-09-19,8144572.6305999998
2013-09-20,8087933.9001999991
2013-09-23,8050537.6378999995
2013-09-24,8031617.5828999998
2013-09-25,8008433.5647
2013-09-26,8039257.9752000002
2013-09-27,8002334.7297
2013-09-30,7959726.0477
2013-10-01,8022766.6438999996
2013-10-02,8015216.4608000005
2013-10-03,7941338.6228
2013-10-04,8001537.2374
2013-10-07,7932396.5145000005
2013-10-08,7840040.3492000001
2013-10-09,7845755.0577999996
2013-10-10,8014923.0395000009
2013-10-11,8066595.0302999988
2013-10-14,8098842.3869000003
2013-10-15,8040123.6961999992
2013-10-16,8152440.7834000001
2013-10-17,8206956.7790000001
2013-10-18,8262420.7580999993
2013-10-21,8262925.5320000015
2013-10-22,8310809.4697000012
2013-10-23,8271041.9923999999
2013-10-24,8298553.1277000001
2013-10-25,8336488.0011999998
2013-10-28,8349785.6264000004
2013-10-29,8394354.182
2013-10-30,8352691.0641999999
2013-10-31,8329032.185800001
2013-11-01,8348963.2632999998
2013-11-04,8378370.6415999997
2013-11-05,8351868.7371000005
2013-11-06,8394543.0581
2013-11-07,8288440.4492000006
2013-11-08,8400291.7986999992
2013-11-11,8401744.7490999997
2013-11-12,8384718.7996000005
2013-11-13,8452032.6829999983
2013-11-14,8494234.5153999999
2013-11-15,8531224.6045000013
2013-11-18,8501405.6024000011
2013-11-19,8482958.2263000011
2013-11-20,8456455.6206999999
2013-11-21,8524718.9461000003
2013-11-22,8567395.8310000002
2013-11-25,8558898.9434999991
2013-11-26,8561300.2192000002
2013-11-27,8582181.1844000015
2013-11-29,8576527.2935000006
2013-12-02,8554288.915000001
2013-12-03,8517361.2341999989
2013-12-04,8516445.4846000001
2013-12-05,8479043.5374999996
2013-12-06,8573845.0169000011
2013-12-09,8595674.2767999992
2013-12-10,8564906.1340999994
2013-12-11,8468745.9457999989
2013-12-12,8440820.2275999989
2013-12-13,8439904.1660000011
2013-12-16,8492534.1741000004
2013-12-17,8465555.9526000004
2013-12-18,8610115.8016999997
2013-12-19,8600196.9376999997
2013-12-20,8649996.9819000009
2013-12-23,8696242.7762000002
2013-12-24,8715332.5125999991
2013-12-26,8759673.1776000001
2013-12-27,8759229.5947000012
2013-12-30,8757833.1412999984
2013-12-31,8799315.8516999986
2014-01-02,8715019.4914999995
2014-01-03,8713622.8563000001
2014-01-06,8688404.1785000004
2014-01-07,8741798.3123000003
2014-01-08,8743736.8708999995
2014-01-09,8749487.0117999986
2014-01-10,8773342.2114000004
2014-01-13,8656644.9689999986
2014-01-14,8751014.8029999994
2014-01-15,8798216.4801000003
2014-01-16,8786814.5554000009
2014-01-17,8749683.8828999996
2014-01-21,8775445.4532000013
2014-01-22,8781195.8845000006
2014-01-23,8709283.0419999994
2014-01-24,8523494.793300001
2014-01-27,8481597.7752999999
2014-01-28,8532135.1351999994
2014-01-29,8450214.4171000011
2014-01-30,8539822.6664000005
2014-01-31,8489825.0427999999
2014-02-03,8298790.5511000007
2014-02-04,8356951.7999999998
2014-02-05,8346500.6173999999
2014-02-06,8456598.8027999997
2014-02-07,8561456.5088
2014-02-10,8577212.5714999996
2014-02-11,8671112.3476999998
2014-02-12,8675433.248300001
2014-02-13,8720255.7370000016
2014-02-14,8768413.9954999983
2014-02-18,8778929.7109000012
2014-02-19,8720830.3357000016
2014-02-20,8772324.6100000013
2014-02-21,8762351.0523000006
2014-02-24,8810986.8698000014
2014-02-25,8807684.4013999999
2014-02-26,8808193.9334000014
2014-02-27,8854447.9439000003
2014-02-28,8876876.9640999995
2014-03-03,8814487.6381000001
2014-03-04,8938413.3718999997
2014-03-05,8946547.5961000007
2014-03-06,8967071.2413999997
2014-03-07,8970916.9929999989
2014-03-10,8966185.4596999995
2014-03-11,8921902.7963999994
2014-03-12,8924318.8585000001
2014-03-13,8824282.5383000001
2014-03-14,8799536.3501999993
2014-03-17,8879149.2557999995
2014-03-18,8942560.7983000018
2014-03-19,8894941.3391999993
2014-03-20,8946916.6541999988
2014-03-21,8912382.9408
2014-03-24,8875560.6433000006
2014-03-25,8917714.9068999998
2014-03-26,8853609.3435999993
2014-03-27,8834975.1519000009
2014-03-28,8878565.6964999996
2014-03-31,8951354.502799999
2014-04-01,9010741.4716999996
2014-04-02,9040930.7314999998
2014-04-03,9028998.1340999994
2014-04-04,8922290.4044000003
2014-04-07,8823719.1513999999
2014-04-08,8860130.8156000003
2014-04-09,8955418.824000001
2014-04-10,8767335.4791999999
2014-04-11,8688387.6648000013
2014-04-14,8756870.4383000005
2014-04-15,8817216.2576000001
2014-04-16,8909633.8355999999
2014-04-17,8922112.875
2014-04-21,8953260.520299999
2014-04-22,8993982.0303999986
2014-04-23,8972953.6890999991
2014-04-24,8991177.374499999
2014-04-25,8917493.2978999987
2014-04-28,8945769.3765999991
2014-04-29,8987449.0028000008
2014-04-30,9014289.4778000005
2014-05-01,9015280.6696000006
2014-05-02,9002389.6864999998
2014-05-05,9019656.5640999991
2014-05-06,8941183.6646999996
2014-05-07,8993874.3418000005
2014-05-08,8984334.0063000005
2014-05-09,8997771.4353999998
2014-05-12,9085408.5061000008
2014-05-13,9093580.6206999999
2014-05-14,9050530.7958000004
2014-05-15,8971098.5281000007
2014-05-16,9002248.5734000001
2014-05-19,9035313.7145000007
2014-05-20,8978380.2169000003
2014-05-21,9054051.5329999998
2014-05-22,9076106.6547999997
2014-05-23,9112523.6273999996
2014-05-27,9168568.5828999989
2014-05-28,9161900.7949999999
2014-05-29,9209329.2464999985
2014-05-30,9224204.4119000006
2014-06-02,9234771.1022999994
2014-06-03,9230018.3966999985
2014-06-04,9248723.6897000019
2014-06-05,9309079.2577999998
2014-06-06,9353636.8910000008
2014-06-09,9363246.7822000012
2014-06-10,9364239.3795000017
2014-06-11,9331719.879999999
2014-06-12,9265687.9057999998
2014-06-13,9293968.7814000007
2014-06-16,9301663.6297000013
2014-06-17,9327551.0939999986
2014-06-18,9396047.7982000019
2014-06-19,9406615.6458000001
2014-06-20,9425642.7282999996
2014-06-23,9422791.7899999991
2014-06-24,9366063.3194999993
2014-06-25,9408430.9319000002
2014-06-26,9401731.4740999993
2014-06-27,9420046.8061000016
2014-06-30,9415271.5670999996
2014-07-01,9478325.501699999
2014-07-02,9487982.2458000015
2014-07-03,9534680.8221000005
2014-07-07,9501523.1877999995
2014-07-08,9440463.5097000003
2014-07-09,9482832.8284999989
2014-07-10,9445345.0044000018
2014-07-11,9458369.3373000007
2014-07-14,9506030.9982999992
2014-07-15,9488266.8914999999
2014-07-16,9523421.0388000011
2014-07-17,9415214.1908999998
2014-07-18,9511465.4725000001
2014-07-21,9493701.1191000007
2014-07-22,9535109.898599999
2014-07-23,9556313.4068
2014-07-24,9556830.3300000001
2014-07-25,9512124.9036000017
2014-07-28,9516009.2994999997
2014-07-29,9475152.1235000007
2014-07-30,9476630.9382000007
2014-07-31,9289520.0934000015
2014-08-01,9261170.150799999
2014-08-04,9328077.7451999988
2014-08-05,9237665.6360999998
2014-08-06,9240586.8975000009
2014-08-07,9190586.6125000007
2014-08-08,9296945.7195000015
2014-08-11,9323922.6737000011
2014-08-12,9310967.6533000004
2014-08-13,9374028.2895999998
2014-08-14,9418325.9449000005
2014-08-15,9416436.7998000011
2014-08-18,9495375.4241000004
2014-08-19,9544966.3453000002
2014-08-20,9570501.5702
2014-08-21,9598442.6019000001
2014-08-22,9583563.7227999996
2014-08-25,9632193.4628999997
2014-08-26,9638484.2547000013
2014-08-27,9634671.3562000003
2014-08-28,9629415.0326000005
2014-08-29,9656875.7785
2014-09-02,9652100.6341999993
2014-09-03,9646844.316399999
2014-09-04,9632927.4504000004
2014-09-05,9676266.2796
2014-09-08,9651283.1311000008
2014-09-09,9590213.9364
2014-09-10,9626335.8944000006
2014-09-11,9637438.4061999992
2014-09-12,9581179.9737
2014-09-15,9573998.6229999997
2014-09-16,9646207.5978999995
2014-09-17,9659234.9725000001
2014-09-18,9710755.0373
2014-09-19,9702091.6130999997
2014-09-22,9627199.0373
2014-09-23,9572125.8904999997
2014-09-24,9647091.3103999998
2014-09-25,9491466.8635000009
2014-09-26,9566915.9651999995
2014-09-29,9549548.659
2014-09-30,9524446.4455999993
2014-10-01,9395407.5910999998
2014-10-02,9396893.1054999996
2014-10-03,9500382.1521000005
2014-10-06,9489298.870099999
2014-10-07,9342854.3714999985
2014-10-08,9506290.2545999996
2014-10-09,9317785.7690000013
2014-10-10,9211464.3305999991
2014-10-13,9060182.1771000009
2014-10-14,9074235.9640999995
2014-10-15,9012872.6579999998
2014-10-16,9005171.3298000004
2014-10-17,9111563.4872000013
2014-10-20,9200068.8243000004
2014-10-21,9382364.2782000005
2014-10-22,9315683.0055999998
2014-10-23,9424011.727
2014-10-24,9496565.497200001
2014-10-27,9483547.7433000002
2014-10-28,9592361.7652000003
2014-10-29,9577893.8883000016
2014-10-30,9639329.6601999998
2014-10-31,9749595.8790000007
2014-11-03,9754950.5772000011
2014-11-04,9721144.3401999995
2014-11-05,9782581.5669
2014-11-06,9821779.5200999994
2014-11-07,9831002.3625999987
2014-11-10,9861981.6972000003
2014-11-11,9871688.2372000013
2014-11-12,9861088.7028999999
2014-11-13,9872245.7565000001
2014-11-14,9874700.1940000001
2014-11-17,9881022.5308000017
2014-11-18,9938111.0430999994
2014-11-19,9922193.1826999988
2014-11-20,9939636.0509000011
2014-11-21,9992857.4846999999
2014-11-24,10020937.6197
2014-11-25,10013722.7586
2014-11-26,10039385.693
2014-11-28,10018149.3583
2014-12-01,9948562.7223000005
2014-12-02,10012905.9607
2014-12-03,10051623.912699999
2014-12-04,10040540.9487
2014-12-05,10057017.895400001
2014-12-08,9989847.6530000009
2014-12-09,9983115.9428000003
2014-12-10,9823110.2072000001
2014-12-11,9872949.1875999998
2014-12-12,9713425.3496000003
2014-12-15,9646736.0693999995
2014-12-16,9569408.8157000002
2014-12-17,9757051.7253999989
2014-12-18,9998367.2596000005
2014-12-19,10040709.529200001
2014-12-22,10086934.8346
2014-12-23,10100585.9144
2014-12-24,10101596.170499999
2014-12-26,10134208.867000001
2014-12-29,10147860.276999999
2014-12-30,10093444.5009
2014-12-31,9993325.8211000003
2015-01-02,9988015.1115999985
2015-01-05,9807672.2128999997
2015-01-06,9715330.5602000002
2015-01-07,9836431.8165000007
2015-01-08,10011016.625700001
2015-01-09,9930829.8958999999
2015-01-12,9853073.6098000016
2015-01-13,9825396.5100999996
2015-01-14,9766115.3439999986
2015-01-15,9676688.3991
2015-01-16,9803627.2930999994
2015-01-20,9824571.4600000009
2015-01-21,9874202.793300001
2015-01-22,10021078.961000001
2015-01-23,9966173.2152999993
2015-01-26,9989549.4339000005
2015-01-27,9857819.1703999992
2015-01-28,9731436.4378999993
2015-01-29,9821425.7508000005
2015-01-30,9697959.3314999994
2015-02-02,9818095.7717999984
2015-02-03,9960113.7686000001
2015-02-04,9922224.4995000008
2015-02-05,10022427.259500001
2015-02-06,9994749.0297999997
2015-02-09,9950052.0459000003
2015-02-10,10056090.988200001
2015-02-11,10061963.6723
2015-02-12,10158765.081799999
2015-02-13,10200620.801000001
2015-02-17,10216705.410800001
2015-02-18,10217716.233600002
2015-02-19,10210460.6965
2015-02-20,10271767.585000001
2015-02-23,10270347.3225
2015-02-24,10299561.578
2015-02-25,10290847.4461
2015-02-26,10278729.386700001
2015-02-27,10243756.648200002
2015-03-02,10308468.927000001
2015-03-03,10266201.965700001
2015-03-04,10222962.140000001
2015-03-05,10234185.1446
2015-03-06,10090285.203600001
2015-03-09,10132143.019400001
2015-03-10,9967818.1649999991
2015-03-11,9944513.9856000002
2015-03-12,10070985.1961
2015-03-13,10009264.6272
2015-03-16,10143031.344899999
2015-03-17,10112919.4175
2015-03-18,10234530.2326
2015-03-19,10187884.4487
2015-03-20,10277440.360099999
2015-03-23,10257452.5208
2015-03-24,10199853.872100001
2015-03-25,10050425.8212
2015-03-26,10026529.273
2015-03-27,10049524.2884
2015-03-30,10172164.8028
2015-03-31,10083303.356799999
2015-04-01,10047683.505800001
2015-04-02,10083867.4452
2015-04-06,10151801.867699999
2015-04-07,10124974.272500001
2015-04-08,10159205.033500001
2015-04-09,10204182.397
2015-04-10,10259906.4833
2015-04-13,10213539.9343
2015-04-14,10233117.265999999
2015-04-15,10279072.534700001
2015-04-16,10276180.204700001
2015-04-17,10158006.2761
2015-04-20,10250856.159600001
2015-04-21,10238682.477200001
2015-04-22,10289035.0085
2015-04-23,10314963.487200001
2015-04-24,10338938.1984
2015-04-27,10295989.6525
2015-04-28,10328757.365599999
2015-04-29,10286296.9549
2015-04-30,10183262.505000001
2015-05-01,10293701.600099999
2015-05-04,10323050.285800001
2015-05-05,10204871.2152
2015-05-06,10162898.0462
2015-05-07,10203482.231799999
2015-05-08,10337860.400700001
2015-05-11,10288559.601399999
2015-05-12,10257821.9025
2015-05-13,10259814.4263
2015-05-14,10366837.9191
2015-05-15,10378112.706
2015-05-18,10410393.924699999
2015-05-19,10407013.313000001
2015-05-20,10399724.488699999
2015-05-21,10430052.0502
2015-05-22,10405176.284400001
2015-05-26,10293342.193899998
2015-05-27,10391086.937200001
2015-05-28,10379401.123
2015-05-29,10314953.5096
2015-06-01,10335999.2476
2015-06-02,10325778.708799999
2015-06-03,10353175.6633
2015-06-04,10265765.523800001
2015-06-05,10248216.4527
2015-06-08,10182301.257099999
2015-06-09,10183805.0824
2015-06-10,10306469.084900001
2015-06-11,10340217.743999999
2015-06-12,10256225.456600001
2015-06-15,10215713.8906
2015-06-16,10271936.183200002
2015-06-17,10288585.6818
2015-06-18,10392198.9904
2015-06-19,10349736.500700001
2015-06-22,10402798.0123
2015-06-23,10410692.267000001
2015-06-24,10335124.298900001
2015-06-25,10301778.0167
2015-06-26,10305253.3565
2015-06-29,10087796.6588
2015-06-30,10108454.892999999
2015-07-01,10190974.728
2015-07-02,10178738.801999999
2015-07-06,10146864.082899999
2015-07-07,10212692.029999999
2015-07-08,10041872.348300001
2015-07-09,10055166.2784
2015-07-10,10186785.262799999
2015-07-13,10298766.158400001
2015-07-14,10345938.719999999
2015-07-15,10341558.693799999
2015-07-16,10422118.5602
2015-07-17,10431977.324299999
2015-07-20,10439381.2326
2015-07-21,10397195.435099998
2015-07-22,10374157.914099999
2015-07-23,10317732.8028
2015-07-24,10209752.9725
2015-07-27,10150871.8421
2015-07-28,10277096.135199999
2015-07-29,10348820.5009
2015-07-30,10351314.312100001
2015-07-31,10333186.037799999
2015-08-03,10297872.475800002
2015-08-04,10277779.8397
2015-08-05,10316117.0068
2015-08-06,10230228.968
2015-08-07,10209153.8278
2015-08-10,10342256.785399999
2015-08-11,10245565.5406
2015-08-12,10258370.409500001
2015-08-13,10247606.458799999
2015-08-14,10280052.2676
2015-08-17,10339013.547599999
2015-08-18,10308117.770400001
2015-08-19,10227137.065499999
2015-08-20,10017506.340700001
2015-08-21,9704266.6627999991
2015-08-24,9305093.9864999987
2015-08-25,9193664.1664000005
2015-08-26,9559520.3487
2015-08-27,9779541.0499000009
2015-08-28,9783506.0384999998
2015-08-31,9700065.7126000002
2015-09-01,9416770.209999999
2015-09-02,9595545.9075000007
2015-09-03,9607367.0145000014
2015-09-04,9457142.1524
2015-09-08,9696319.2247000001
2015-09-09,9563771.4580000006
2015-09-10,9617332.2290999983
2015-09-11,9661072.2802000009
2015-09-14,9623788.1120999996
2015-09-15,9745115.9485999998
2015-09-16,9828141.8903999999
2015-09-17,9806571.9584999997
2015-09-18,9644234.5888
2015-09-21,9697586.5477999989
2015-09-22,9572231.5991999991
2015-09-23,9557457.4409999996
2015-09-24,9524417.3699000012
2015-09-25,9521491.0534000006
2015-09-28,9276664.4392000008
2015-09-29,9285091.7174999993
2015-09-30,9458407.4378999993
2015-10-01,9485101.6052999999
2015-10-02,9626823.7491999995
2015-10-05,9798167.9441999998
2015-10-06,9764634.1012999993
2015-10-07,9844648.0039000008
2015-10-08,9933548.9021000005
2015-10-09,9939510.4404000007
2015-10-12,9948927.8704000004
2015-10-13,9886266.0007000007
2015-10-14,9838908.2409000006
2015-10-15,9990016.7370999996
2015-10-16,10035474.587100001
2015-10-19,10040449.237200001
2015-10-20,10027650.5964
2015-10-21,9965481.3183000013
2015-10-22,10131404.332800001
2015-10-23,10245489.126499999
2015-10-26,10219360.867999999
2015-10-27,10198663.253800001
2015-10-28,10315711.867699999
2015-10-29,10313281.9693
2015-10-30,10265923.6854
2015-11-02,10387417.3467
2015-11-03,10417573.3421
2015-11-04,10387001.528999999
2015-11-05,10375684.788800001
2015-11-06,10370292.694400001
2015-11-09,10273560.6171
2015-11-10,10297298.2448
2015-11-11,10256850.7426
2015-11-12,10113706.0579
2015-11-13,10000184.504000001
2015-11-16,10152293.537599999
2015-11-17,10144925.5002
2015-11-18,10305923.5725
2015-11-19,10297074.8234
2015-11-20,10334638.140700001
2015-11-23,10322826.945
2015-11-24,10336690.649799999
2015-11-25,10335248.157500001
2015-11-27,10347136.998600001
2015-11-30,10304219.0854
2015-12-01,10402515.409700001
2015-12-02,10296396.226
2015-12-03,10152256.6522
2015-12-04,10350293.600499999
2015-12-07,10287624.309600001
2015-12-08,10218535.583000001
2015-12-09,10139077.201400001
2015-12-10,10165285.043400001
2015-12-11,9968308.1181000005
2015-12-14,10018710.440299999
2015-12-15,10123922.2501
2015-12-16,10272093.4966
2015-12-17,10115603.9374
2015-12-18,9936475.791100001
2015-12-21,10018480.781400001
2015-12-22,10109428.351300001
2015-12-23,10234654.2688
2015-12-24,10217802.140799999
2015-12-28,10194491.726499999
2015-12-29,10303325.515900001
2015-12-30,10230336.7256
2015-12-31,10128036.947000001
2016-01-04,9986490.2664000001
2016-01-05,10003418.4563
2016-01-06,9877270.9138000011
2016-01-07,9640336.7227999996
2016-01-08,9534554.9658000004
2016-01-11,9544030.0391999986
2016-01-12,9621070.0201999992
2016-01-13,9381150.5767000001
2016-01-14,9535194.5578999985
2016-01-15,9330546.5482000001
2016-01-19,9343001.7319000009
2016-01-20,9223305.4495000001
2016-01-21,9275008.8317000009
2016-01-22,9465323.2315999996
2016-01-25,9322275.7029999997
2016-01-26,9449495.7354999986
2016-01-27,9346690.0517999995
2016-01-28,9395413.3421
2016-01-29,9624483.8203999996
2016-02-01,9621041.7930999994
2016-02-02,9447685.9758000001
2016-02-03,9504359.7740999982
2016-02-04,9519300.4672000017
2016-02-05,9337992.0556000005
2016-02-08,9212328.1588000003
2016-02-09,9212859.2923000008
2016-02-10,9204944.9853999987
2016-02-11,9085241.0436000004
2016-02-12,9272584.5023999996
2016-02-16,9429124.5778999999
2016-02-17,9583182.1887999997
2016-02-18,9543966.7778000012
2016-02-19,9539531.1279999986
2016-02-22,9677691.3126999997
2016-02-23,9555502.3070999999
2016-02-24,9599260.8221000005
2016-02-25,9715560.9615000002
2016-02-26,9693238.9340000004
2016-02-29,9617255.8234000001
2016-03-01,9843364.1308999993
2016-03-02,9887621.8510999996
2016-03-03,9926414.3827
2016-03-04,9958747.6815000009
2016-03-07,9966735.0820000004
2016-03-08,9857957.6100999992
2016-03-09,9906688.6660999991
2016-03-10,9914675.2155999988
2016-03-11,10074706.758400001
2016-03-14,10061825.947900001
2016-03-15,10045466.5307
2016-03-16,10103639.3145
2016-03-17,10167775.688000001
2016-03-18,10207545.0096
2016-03-21,10222066.6842
2016-03-22,10216611.161700001
2016-03-23,10149225.083799999
2016-03-24,10144767.537799999
2016-03-28,10150799.4443
2016-03-29,10244733.4013
2016-03-30,10289722.835399998
2016-03-31,10264788.7915
2016-04-01,10334750.6128
2016-04-04,10301325.8928
2016-04-05,10198476.2283
2016-04-06,10309893.878899999
2016-04-07,10186565.384500001
2016-04-08,10214074.2466
2016-04-11,10190138.3939
2016-04-12,10285075.1533
2016-04-13,10389003.4713
2016-04-14,10389541.6516
2016-04-15,10378092.9287
2016-04-18,10451055.506299999
2016-04-19,10484059.625599999
2016-04-20,10494089.1161
2016-04-21,10437686.9038
2016-04-22,10437726.0452
2016-04-25,10419783.747400001
2016-04-26,10435306.747000001
2016-04-27,10456824.270299999
2016-04-28,10361959.9264
2016-04-29,10306055.9374
2016-05-02,10388011.520499999
2016-05-03,10297641.9089
2016-05-04,10240237.8561
2016-05-05,10238278.558899999
2016-05-06,10275779.551200001
2016-05-09,10284309.5396
2016-05-10,10412221.300099999
2016-05-11,10314856.6492
2016-05-12,10317892.2828
2016-05-13,10228018.9046
2016-05-16,10328958.996300001
2016-05-17,10232591.797700001
2016-05-18,10235627.1679
2016-05-19,10200199.4113
2016-05-20,10264676.1489
2016-05-23,10250728.127700001
2016-05-24,10383639.297699999
2016-05-25,10454111.551899999
2016-05-26,10457147.7699
2016-05-27,10502145.077699998
2016-05-31,10482202.761499999
2016-06-01,10503722.3935
2016-06-02,10535732.0217
2016-06-03,10504300.458999999
2016-06-06,10557790.8444
2016-06-07,10574314.626500001
2016-06-08,10608822.8104
2016-06-09,10594376.157400001
2016-06-10,10494007.3476
2016-06-13,10413119.4079
2016-06-14,10392676.707600001
2016-06-15,10378229.025699999
2016-06-16,10409240.0264
2016-06-17,10370735.8978
2016-06-20,10437562.9888
2016-06-21,10467229.843099998
2016-06-22,10450195.5189
2016-06-23,10586322.8639
2016-06-24,10206217.452199999
2016-06-27,10023463.851799998
2016-06-28,10204284.899599999
2016-06-29,10378077.583500002
2016-06-30,10519731.207599999
2016-07-01,10541866.812999999
2016-07-05,10466076.715700001
2016-07-06,10528889.322000001
2016-07-07,10522400.100599999
2016-07-08,10679122.783299999
2016-07-11,10716827.266000001
2016-07-12,10794707.73
2016-07-13,10793241.671700001
2016-07-14,10853545.768800002
2016-07-15,10839023.0217
2016-07-18,10868191.4768
2016-07-19,10857183.649699999
2016-07-20,10902422.569600001
2016-07-21,10861282.8399
2016-07-22,10910037.931500001
2016-07-25,10880447.8266
2016-07-26,10885511.061300002
2016-07-27,10874001.1368
2016-07-28,10886597.3375
2016-07-29,10904215.3686
2016-08-01,10895216.638599997
2016-08-02,10825448.607899999
2016-08-03,10857128.842800001
2016-08-04,10868721.315499999
2016-08-05,10957655.917300001
2016-08-08,10951168.5195
2016-08-09,10957738.0999
2016-08-10,10930658.864100002
2016-08-11,10981425.414000001
2016-08-12,10971924.7323
2016-08-15,11003606.413800001
2016-08-16,10946894.9527
2016-08-17,10967527.375500001
2016-08-18,10992178.8181
2016-08-19,10976147.7316
2016-08-22,10975686.944599999
2016-08-23,10997827.239600001
2016-08-24,10941616.431099998
2016-08-25,10934123.191300001
2016-08-26,10913571.478099998
2016-08-29,10967354.450000001
2016-08-30,10949314.159000002
2016-08-31,10918215.218800001
2016-09-01,10918758.1248
2016-09-02,10968020.9264
2016-09-06,11001211.9299
2016-09-07,11000248.4442
2016-09-08,10975176.118800001
2016-09-09,10712528.4811
2016-09-12,10866264.7576
2016-09-13,10710097.296699999
2016-09-14,10706119.126200002
2016-09-15,10813145.3774
2016-09-16,10771600.1205
2016-09-19,10773660.296300001
2016-09-20,10774205.228499997
2016-09-21,10895406.6746
2016-09-22,10964104.747000001
2016-09-23,10904070.563099999
2016-09-26,10815764.200999999
2016-09-27,10882949.026699999
2016-09-28,10937007.873800002
2016-09-29,10838098.549900001
2016-09-30,10919925.2399
2016-10-03,10893713.740599999
2016-10-04,10838220.480699999
2016-10-05,10886222.927000001
2016-10-06,10893836.296300001
2016-10-07,10856517.317500001
2016-10-10,10913102.947700001
2016-10-11,10775315.9178
2016-10-12,10789493.229200002
2016-10-13,10754192.458699999
2016-10-14,10759786.334700001
2016-10-17,10722466.818599999
2016-10-18,10789655.073699998
2016-10-19,10818472.928900002
2016-10-20,10798318.7797
2016-10-21,10803407.593299998
2016-10-24,10849392.276199998
2016-10-25,10813081.463800002
2016-10-26,10791412.3925
2016-10-27,10762674.0615
2016-10-28,10730906.294
2016-10-31,10731451.9286
2016-11-01,10653738.600199999
2016-11-02,10589657.695800001
2016-11-03,10541227.2312
2016-11-04,10529654.345299998
2016-11-07,10761946.598299999
2016-11-08,10810457.724400001
2016-11-09,10925111.229600001
2016-11-10,10952416.657
2016-11-11,10927212.438199999
2016-11-14,10935836.745199999
2016-11-15,11021207.627900001
2016-11-16,11000547.385
2016-11-17,11057139.4396
2016-11-18,11032439.803900002
2016-11-21,11115792.2029
2016-11-22,11137545.809500001
2016-11-23,11143646.373900002
2016-11-25,11185092.186800001
2016-11-28,11132621.557999998
2016-11-29,11154375.553299999
2016-11-30,11127656.2225
2016-12-01,11086798.6905
2016-12-02,11092393.814300001
2016-12-05,11159087.0766
2016-12-06,11194474.296400001
2016-12-07,11340948.7368
2016-12-08,11368762.3498
2016-12-09,11437477.105999999
2016-12-12,11424391.715499999
2016-12-13,11500681.073599998
2016-12-14,11405794.600299999
2016-12-15,11452797.3016
2016-12-16,11430568.115999999
2016-12-19,11455500.098800002
2016-12-20,11499733.3103
2016-12-21,11467776.800100001
2016-12-22,11448010.1688
2016-12-23,11464815.305599999
2016-12-27,11493303.0374
2016-12-28,11398359.6555
2016-12-29,11395863.2674
2016-12-30,11354253.729100002
2017-01-03,11441156.425100001
2017-01-04,11509265.014700001
2017-01-05,11500164.561800001
2017-01-06,11541352.930499999
2017-01-09,11503299.2323
2017-01-10,11503342.3697
2017-01-11,11535895.122100001
2017-01-12,11506983.996900002
2017-01-13,11533441.6527
2017-01-17,11492847.211900001
2017-01-18,11518288.8674
2017-01-19,11475662.528100001
2017-01-20,11517867.534400001
2017-01-23,11487939.533
2017-01-24,11561640.1437
2017-01-25,11661755.740799999
2017-01-26,11649607.6372
2017-01-27,11631363.832
2017-01-30,11559273.487499999
2017-01-31,11558300.655000001
2017-02-01,11562915.7071
2017-02-02,11570579.4066
2017-02-03,11650377.446900001
2017-02-06,11629593.152100001
2017-02-07,11630145.2181
2017-02-08,11645428.9745
2017-02-09,11714560.9135
2017-02-10,11760832.602399999
2017-02-13,11824885.8423
2017-02-14,11872174.5078
2017-02-15,11934196.1998
2017-02-16,11924080.8839
2017-02-17,11942921.8257
2017-02-21,12014089.153299998
2017-02-22,12003465.548900001
2017-02-23,12011639.0134
2017-02-24,12026924.827199999
2017-02-27,12045766.557300001
2017-02-28,12013298.1675
2017-03-01,12181499.823800001
2017-03-02,12104833.5022
2017-03-03,12112499.042100001
2017-03-06,12076474.648599999
2017-03-07,12040449.171500001
2017-03-08,12018140.645
2017-03-09,12033426.9976
2017-03-10,12075639.464000002
2017-03-13,12081781.0429
2017-03-14,12035594.193
2017-03-15,12139788.777000001
2017-03-16,12115956.0298
2017-03-17,12094821.962299999
2017-03-20,12081600.671300001
2017-03-21,11926524.2893
2017-03-22,11954633.978699999
2017-03-23,11941922.028199999
2017-03-24,11933292.269200001
2017-03-27,11921090.1118
2017-03-28,12007882.511600001
2017-03-29,12019152.9617
2017-03-30,12057469.091500001
2017-03-31,12029449.3719
2017-04-03,12008572.660799999
2017-04-04,12016271.6845
2017-04-05,11980596.7086
2017-04-06,12014320.9518
2017-04-07,12002118.736300001
2017-04-10,12009307.8116
2017-04-11,11995064.658199999
2017-04-12,11942548.9969
2017-04-13,11865027.989300001
2017-04-17,11970195.275999999
2017-04-18,11934518.289799999
2017-04-19,11912620.257999999
2017-04-20,12009623.0644
2017-04-21,11971394.889599999
2017-04-24,12103100.225199999
2017-04-25,12173569.1011
2017-04-26,12165959.5648
2017-04-27,12176212.1417
2017-04-28,12149721.009300001
2017-05-01,12180385.367799999
2017-05-02,12185024.5112
2017-05-03,12170270.378699999
2017-05-04,12184605.1132
2017-05-05,12232621.7948
2017-05-08,12230626.702400001
2017-05-09,12219445.1522
2017-05-10,12241434.993800001
2017-05-11,12216474.934
2017-05-12,12196106.760399999
2017-05-15,12263517.7421
2017-05-16,12252336.1559
2017-05-17,12034975.861199999
2017-05-18,12083503.693699999
2017-05-19,12162142.252900001
2017-05-22,12223940.474000001
2017-05-23,12251034.8948
2017-05-24,12279660.5277
2017-05-25,12338397.137399999
2017-05-26,12335892.2324
2017-05-30,12325220.5919
2017-05-31,12322204.746900002
2017-06-01,12420240.6031
2017-06-02,12461626.584000001
2017-06-05,12452487.069500001
2017-06-06,12412725.107000001
2017-06-07,12435738.181099998
2017-06-08,12441909.0308
2017-06-09,12423072.087300001
2017-06-12,12420566.638800001
2017-06-13,12481348.336999999
2017-06-14,12465573.4575
2017-06-15,12441632.192100001
2017-06-16,12444389.1406
2017-06-19,12548036.731900001
2017-06-20,12463458.702400001
2017-06-21,12460428.272299999
2017-06-22,12454833.263599999
2017-06-23,12469754.017200001
2017-06-26,12478006.3106
2017-06-27,12377527.883199999
2017-06-28,12488358.275799999
2017-06-29,12378646.703599999
2017-06-30,12401773.105899999
2017-07-03,12422848.465
2017-07-05,12451617.0591
2017-07-06,12337800.4176
2017-07-07,12417858.921800001
2017-07-10,12431240.877200002
2017-07-11,12422055.2323
2017-07-12,12515450.592899999
2017-07-13,12536526.724400001
2017-07-14,12595045.385500001
2017-07-17,12593553.883599998
2017-07-18,12600268.9789
2017-07-19,12668533.92
2017-07-20,12674223.512599999
2017-07-21,12662986.827400001
2017-07-24,12659956.7892
2017-07-25,12690779.6229
2017-07-26,12691340.1379
2017-07-27,12679590.4212
2017-07-28,12664763.045600001
2017-07-31,12657629.513699999
2017-08-01,12685888.2544
2017-08-02,12692091.036700001
2017-08-03,12667517.698900001
2017-08-04,12690647.413699998
2017-08-07,12714290.2415
2017-08-08,12683048.465699999
2017-08-09,12682583.0834
2017-08-10,12503612.584600002
2017-08-11,12522125.589500001
2017-08-14,12646306.350200001
2017-08-15,12644814.919400001
2017-08-16,12666919.334799999
2017-08-17,12469479.0272
2017-08-18,12450033.4103
2017-08-21,12459826.3232
2017-08-22,12590165.1796
2017-08-23,12545071.644000001
2017-08-24,12515879.683900002
2017-08-25,12545165.7325
2017-08-28,12545725.7457
2017-08-29,12560135.973299999
2017-08-30,12619687.904200001
2017-08-31,12695655.467500001
2017-09-01,12713657.253800001
2017-09-05,12622394.770500001
2017-09-06,12665532.4549
2017-09-07,12664041.003800001
2017-09-08,12649211.952099999
2017-09-11,12784174.738399999
2017-09-12,12827313.673699999
2017-09-13,12833517.6555
2017-09-14,12829461.846199999
2017-09-15,12846673.395300001
2017-09-18,12874045.046
2017-09-19,12886981.803800002
2017-09-20,12891670.0002
2017-09-21,12857176.958299998
2017-09-22,12859802.8978
2017-09-25,12833558.2281
2017-09-26,12841339.587099999
2017-09-27,12891396.170699999
2017-09-28,12906911.0955
2017-09-29,12952328.3072
2017-10-02,13008572.5471
2017-10-03,13036461.489300001
2017-10-04,13051977.1895
2017-10-05,13129360.491300002
2017-10-06,13114458.361600002
2017-10-09,13092853.758900002
2017-10-10,13127445.924699999
2017-10-11,13148117.956700001
2017-10-12,13128575.524900001
2017-10-13,13144607.550099999
2017-10-16,13162186.423
2017-10-17,13171516.182100002
2017-10-18,13184455.0693
2017-10-19,13188113.582900001
2017-10-20,13256220.077
2017-10-23,13204711.232799999
2017-10-24,13227962.1876
2017-10-25,13162531.935999999
2017-10-26,13179595.8105
2017-10-27,13287404.2327
2017-10-30,13237956.92
2017-10-31,13258630.4485
2017-11-01,13276210.537199998
2017-11-02,13281416.333099999
2017-11-03,13325807.992000002
2017-11-06,13346482.158699999
2017-11-07,13337251.285500001
2017-11-08,13359988.084799999
2017-11-09,13311570.781700002
2017-11-10,13307495.7992
2017-11-13,13319920.451400001
2017-11-14,13289033.4125
2017-11-15,13222568.470799999
2017-11-16,13335023.293599999
2017-11-17,13295886.006999999
2017-11-20,13318623.332
2017-11-21,13405814.0954
2017-11-22,13394004.921700003
2017-11-24,13424992.9493
2017-11-27,13418340.077899998
2017-11-28,13554517.737200001
2017-11-29,13546318.394099999
2017-11-30,13664965.8671
2017-12-01,13636656.931
2017-12-04,13620207.538299998
2017-12-05,13571272.481099999
2017-12-06,13573901.600599999
2017-12-07,13616751.235199999
2017-12-08,13691055.798099998
2017-12-11,13732359.2379
2017-12-12,13756646.432699999
2017-12-13,13755151.0549
2017-12-14,13698996.021300001
2017-12-15,13812561.1018
2017-12-18,13900201.463200001
2017-12-19,13846871.010599999
2017-12-20,13839667.024599999
2017-12-21,13868224.397899998
2017-12-22,13864648.420700001
2017-12-26,13848115.285499999
2017-12-27,13854904.9493
2017-12-28,13883462.8072
2017-12-29,13831167.472499998
2018-01-02,13930213.3057
2018-01-03,14018375.6851
2018-01-04,14077514.098199999
2018-01-05,14171378.974300001
2018-01-08,14197347.154200001
2018-01-09,14229535.160799999
2018-01-10,14207819.727299999
2018-01-11,14311534.320800001
2018-01-12,14404883.519199999
2018-01-16,14355698.046499999
2018-01-17,14492586.349300001
2018-01-18,14468279.924000002
2018-01-19,14534160.3444
2018-01-22,14652391.394600002
2018-01-23,14683545.548099998
2018-01-24,14677899.068800002
2018-01-25,14684173.998900002
2018-01-26,14854239.974300001
2018-01-29,14755813.383199999
2018-01-30,14604516.409400001
2018-01-31,14611827.821300002
2018-02-01,14595295.9363
2018-02-02,14277610.899899999
2018-02-05,13680539.454299999
2018-02-06,13950127.395499999
2018-02-07,13874501.835299999
2018-02-08,13354136.939300001
2018-02-09,13554786.7532
2018-02-12,13753883.018200001
2018-02-13,13788145.6557
2018-02-14,13974285.4925
2018-02-15,14152651.4169
2018-02-16,14156851.330799999
2018-02-20,14068265.351299999
2018-02-21,13998339.631899999
2018-02-22,14016534.761700002
2018-02-23,14240001.764699999
2018-02-26,14405413.563099999
2018-02-27,14225594.301400002
2018-02-28,14081541.127799999
2018-03-01,13876837.491700001
2018-03-02,13948424.964000002
2018-03-05,14109691.785399999
2018-03-06,14145512.6799
2018-03-07,14140381.940499999
2018-03-08,14208861.1864
2018-03-09,14456182.867600001
2018-03-12,14438093.627899999
2018-03-13,14344838.247099999
2018-03-14,14271280.915899999
2018-03-15,14255782.728599999
2018-03-16,14271221.028599998
2018-03-19,14078181.0737
2018-03-20,14102175.466500001
2018-03-21,14075163.8313
2018-03-22,13723376.5529
2018-03-23,13430920.804900002
2018-03-26,13798428.256300002
2018-03-27,13563743.810000001
2018-03-28,13523717.6106
2018-03-29,13696568.780499998
2018-04-02,13400984.532999998
2018-04-03,13572795.570299998
2018-04-04,13718062.941199997
2018-04-05,13826376.528800003
2018-04-06,13518296.5111
2018-04-09,13584970.566599999
2018-04-10,13801027.747200001
2018-04-11,13728730.157000002
2018-04-12,13841730.322000001
2018-04-13,13801183.012
2018-04-16,13914704.7984
2018-04-17,14063621.886
2018-04-18,14074084.796600001
2018-04-19,13996060.991699999
2018-04-20,13877436.623800002
2018-04-23,13875406.6062
2018-04-24,13688593.238800002
2018-04-25,13722478.267899999
2018-04-26,13862029.183900001
2018-04-27,13875094.223800002
2018-04-30,13768438.785599999
2018-05-01,13792955.149100002
2018-05-02,13700352.8605
2018-05-03,13670213.489600001
2018-05-04,13847245.6602
2018-05-07,13894145.648
2018-05-08,13894197.751
2018-05-09,14028548.633699998
2018-05-10,14159777.279899999
2018-05-11,14203035.346099999
2018-05-14,14209855.675799999
2018-05-15,14112046.377
2018-05-16,14171441.727500001
2018-05-17,14159522.2301
2018-05-18,14124177.824200001
2018-05-21,14230423.7016
2018-05-22,14190914.8533
2018-05-23,14230009.873
2018-05-24,14200911.913000001
2018-05-25,14167128.682800001
2018-05-29,14004245.514200002
2018-05-30,14191180.943599999
2018-05-31,14104299.4473
2018-06-01,14242823.7215
2018-06-04,14310551.3676
2018-06-05,14321016.491900001
2018-06-06,14440802.430999998
2018-06-07,14439294.853399999
2018-06-08,14482036.464400001
2018-06-11,14501352.260500001
2018-06-12,14520147.618499998
2018-06-13,14473870.033399999
2018-06-14,14510365.374500003
2018-06-15,14491970.1292
2018-06-18,14462217.441400001
2018-06-19,14406840.844200002
2018-06-20,14431472.783399999
2018-06-21,14341058.923399998
2018-06-22,14367259.615500001
2018-06-25,14171733.850300001
2018-06-26,14203163.526800001
2018-06-27,14085554.351499999
2018-06-28,14166140.8783
2018-06-29,14186588.9769
2018-07-02,14216973.279500002
2018-07-03,14166823.2005
2018-07-05,14282449.154700002
2018-07-06,14403305.531600002
2018-07-09,14533053.094600001
2018-07-10,14585403.5745
2018-07-11,14478774.0701
2018-07-12,14610092.263900001
2018-07-13,14621652.296699999
2018-07-16,14608632.936900001
2018-07-17,14667783.284600001
2018-07-18,14698693.610699998
2018-07-19,14643313.5382
2018-07-20,14626633.235199999
2018-07-23,14653882.9123
2018-07-24,14727677.9604
2018-07-25,14853248.714499999
2018-07-26,14818264.533100002
2018-07-27,14717906.930499999
2018-07-30,14641082.998199999
2018-07-31,14713310.413599998
2018-08-01,14688785.003800001
2018-08-02,14768858.035400001
2018-08-03,14832195.8232
2018-08-06,14886643.135199998
2018-08-07,14935860.864799999
2018-08-08,14929640.863
2018-08-09,14909299.7359
2018-08-10,14809461.716300001
2018-08-13,14754078.526600001
2018-08-14,14848275.440100001
2018-08-15,14737452.840300001
2018-08-16,14856755.009299999
2018-08-17,14909112.190199999
2018-08-20,14941072.114
2018-08-21,14976170.388699997
2018-08-22,14967335.200000001
2018-08-23,14947516.472100001
2018-08-24,15037532.735000001
2018-08-27,15156316.124199999
2018-08-28,15163695.3575
2018-08-29,15245344.952999998
2018-08-30,15183684.313800003
2018-08-31,15184264.286900001
2018-09-04,15158169.417199999
2018-09-05,15117429.282500001
2018-09-06,15071981.4804
2018-09-07,15042747.642100001
2018-09-10,15068956.256199997
2018-09-11,15118702.1381
2018-09-12,15122420.1691
2018-09-13,15211918.4197
2018-09-14,15214590.723900001
2018-09-17,15134097.484000001
2018-09-18,15216274.002699999
2018-09-19,15232545.855
2018-09-20,15356045.0766
2018-09-21,15342115.992199998
2018-09-24,15291206.531300001
2018-09-25,15277077.130999997
2018-09-26,15231421.411900001
2018-09-27,15274039.0767
2018-09-28,15275672.6768
2018-10-01,15328799.682
2018-10-02,15319924.604200002
2018-10-03,15328389.201500002
2018-10-04,15208644.3815
2018-10-05,15123578.404299999
2018-10-08,15123635.117700001
2018-10-09,15101622.737000002
2018-10-10,14623513.860400001
2018-10-11,14301462.554199999
2018-10-12,14500140.310999999
2018-10-15,14418747.984300001
2018-10-16,14734080.8006
2018-10-17,14736763.3859
2018-10-18,14524003.916400002
2018-10-19,14516176.324299999
2018-10-22,14451072.1766
2018-10-23,14377559.948499998
2018-10-24,13941993.923699999
2018-10-25,14192173.9428
2018-10-26,13942623.985799998
2018-10-29,13865430.360799998
2018-10-30,14070946.741400002
2018-10-31,14221288.590200001
2018-11-01,14372682.536900001
2018-11-02,14287607.021600002
2018-11-05,14366484.427899998
2018-11-06,14457448.789300002
2018-11-07,14767020.209500002
2018-11-08,14740275.186100001
2018-11-09,14596343.4603
2018-11-12,14323662.660300002
2018-11-13,14296915.6698
2018-11-14,14199225.171099998
2018-11-15,14347471.663900003
2018-11-16,14384836.670799999
2018-11-19,14141578.613800002
2018-11-20,13879925.730599999
2018-11-21,13927274.2106
2018-11-23,13834309.7774
2018-11-26,14057707.587899998
2018-11-27,14105057.2644
2018-11-28,14429883.831600001
2018-11-29,14398406.403499998
2018-11-30,14486223.514200002
2018-12-03,14678096.1427
2018-12-04,14202545.134400001
2018-12-06,14181051.516999999
2018-12-07,13851593.900599999
2018-12-10,13877922.722899998
2018-12-11,13881128.0023
2018-12-12,13951077.077899998
2018-12-13,13946399.5032
2018-12-14,13688934.533600001
2018-12-17,13420431.118100001
2018-12-18,13405766.059700001
2018-12-19,13205055.6823
2018-12-20,12990153.845199998
2018-12-21,12725606.415699998
2018-12-24,12389406.2896
2018-12-26,13015425.9959
2018-12-27,13115398.254600001
2018-12-28,13098529.118099999
2018-12-31,13213306.020400001
2019-01-02,13227101.807399999
2019-01-03,12911515.4757
2019-01-04,13344044.941300003
2019-01-07,13449307.745200001
2019-01-08,13575719.7082
2019-01-09,13639215.971500002
2019-01-10,13687380.0253
2019-01-11,13692718.5053
2019-01-14,13609232.532599999
2019-01-15,13765255.734900001
2019-01-16,13798616.7885
2019-01-17,13903355.7172
2019-01-18,14088461.646300001
2019-01-22,13898172.730899997
2019-01-23,13927304.948699998
2019-01-24,13934759.410999998
2019-01-25,14052719.135499999
2019-01-28,13945967.3609
2019-01-29,13927513.8629
2019-01-30,14148050.2519
2019-01-31,14272357.4296
2019-02-01,14279284.608800001
2019-02-04,14379799.685999999
2019-02-05,14440130.752599999
2019-02-06,14421149.945
2019-02-07,14283728.8103
2019-02-08,14301231.217499999
2019-02-11,14309216.169199999
2019-02-12,14493277.190599998
2019-02-13,14540391.068699999
2019-02-14,14508191.191199997
2019-02-15,14666345.6467
2019-02-19,14691781.349600002
2019-02-20,14721447.376199998
2019-02-21,14669154.487400001
2019-02-22,14760158.043099998
2019-02-25,14780306.752
2019-02-26,14769786.686800001
2019-02-27,14763496.754899999
2019-02-28,14736055.634000001
2019-03-01,14828118.705400001
2019-03-04,14774238.496400001
2019-03-05,14754200.089399999
2019-03-06,14664890.5042
2019-03-07,14542266.5736
2019-03-08,14513237.6315
2019-03-11,14723751.452
2019-03-12,14779330.078699999
2019-03-13,14877212.831900001
2019-03-14,14867750.2511
2019-03-15,14940944.379600001
2019-03-18,14995174.675999997
2019-03-19,14998948.763699999
2019-03-20,14953859.448599998
2019-03-21,15122813.671700001
2019-03-22,14831812.1204
2019-03-25,14820714.004500002
2019-03-26,14931245.087899998
2019-03-27,14853224.350300001
2019-03-28,14909580.4891
2019-03-29,15003647.8619
2019-04-01,15181636.0865
2019-04-02,15189129.0078
2019-04-03,15213087.453400001
2019-04-04,15253511.6083
2019-04-05,15327398.397200001
2019-04-08,15339141.177100001
2019-04-09,15260588.189700002
2019-04-10,15312698.5178
2019-04-11,15308506.6918
2019-04-12,15412139.9221
2019-04-15,15402105.6767
2019-04-16,15412255.5134
2019-04-17,15374600.6632
2019-04-18,15404934.781500002
2019-04-22,15418271.750399999
2019-04-23,15556964.940299999
2019-04-24,15522497.100299999
2019-04-25,15512994.178100001
2019-04-26,15585292.283599999
2019-04-29,15609784.914200002
2019-04-30,15617811.15
2019-05-01,15500478.510000002
2019-05-02,15467072.048599998
2019-05-03,15618518.041600002
2019-05-06,15554302.874199999
2019-05-07,15294609.338000001
2019-05-08,15273419.0155
2019-05-09,15227262.419
2019-05-10,15303811.7347
2019-05-13,14919281.838399999
2019-05-14,15054262.5734
2019-05-15,15142498.546600001
2019-05-16,15282793.1621
2019-05-17,15184046.179
2019-05-20,15083704.8289
2019-05-21,15219751.124700002
2019-05-22,15173061.5547
2019-05-23,14987724.815599998
2019-05-24,15021778.835899999
2019-05-28,14882124.868599998
2019-05-29,14782311.339600001
2019-05-30,14822739.636400001
2019-05-31,14623055.046600001
2019-06-03,14585924.070900001
2019-06-04,14902590.588199999
2019-06-05,15031735.323099999
2019-06-06,15129538.345299998
2019-06-07,15280996.711300002
2019-06-10,15351177.135699999
2019-06-11,15347516.038399998
2019-06-12,15320480.3649
2019-06-13,15383755.5831
2019-06-14,15366813.473200001
2019-06-17,15372714.801600002
2019-06-18,15533740.5035
2019-06-19,15568861.2336
2019-06-20,15717670.0824
2019-06-21,15694970.117899999
2019-06-24,15675810.643299999
2019-06-25,15522122.204200001
2019-06-26,15506698.862300001
2019-06-27,15561743.4132
2019-06-28,15641879.351600001
2019-07-01,15783942.7837
2019-07-02,15825108.771600001
2019-07-03,15951692.1106
2019-07-05,15933600.7403
2019-07-08,15846107.367899999
2019-07-09,15865919.704100002
2019-07-10,15941787.963300001
2019-07-11,15979218.401000001
2019-07-12,16050816.703499999
2019-07-15,16056215.599100001
2019-07-16,16004490.176900001
2019-07-17,15895639.7929
2019-07-18,15953891.943299999
2019-07-19,15865327.9353
2019-07-22,15904360.7096
2019-07-23,16018137.330799999
2019-07-24,16093475.116500001
2019-07-25,16016655.808800003
2019-07-26,16124027.4652
2019-07-29,16094723.952
2019-07-30,16055276.260600001
2019-07-31,15879685.168
2019-08-01,15741465.5097
2019-08-02,15622999.0571
2019-08-05,15153225.124300001
2019-08-06,15365775.2052
2019-08-07,15374909.205499999
2019-08-08,15676624.107000003
2019-08-09,15569901.175799998
2019-08-12,15380421.296800001
2019-08-13,15619671.834100001
2019-08-14,15157894.272699999
2019-08-15,15197994.865100002
2019-08-16,15422297.697799999
2019-08-19,15608159.9143
2019-08-20,15488619.778299998
2019-08-21,15614684.0748
2019-08-22,15609937.2903
2019-08-23,15209015.429899998
2019-08-26,15377260.628
2019-08-27,15316983.902099999
2019-08-28,15424896.144300001
2019-08-29,15621976.6149
2019-08-30,15615093.994999999
2019-09-03,15523848.702299999
2019-09-04,15700107.992300002
2019-09-05,15901997.939000003
2019-09-06,15914338.343600001
2019-09-09,15922407.251500001
2019-09-10,15918729.306199998
2019-09-11,16031986.955800001
2019-09-12,16087578.354500001
2019-09-13,16076959.550899997
2019-09-16,16027361.689500002
2019-09-17,16068002.7985
2019-09-18,16077674.3805
2019-09-19,16076666.7426
2019-09-20,16001097.013699999
2019-09-23,15997401.8992
2019-09-24,15871933.166600002
2019-09-25,15965871.3595
2019-09-26,15932671.2348
2019-09-27,15846898.41
2019-09-30,15920452.252999999
2019-10-01,15731142.421199998
2019-10-02,15453315.320599999
2019-10-03,15579978.228299998
2019-10-04,15790866.880000001
2019-10-07,15722794.956099998
2019-10-08,15478761.119200001
2019-10-09,15625811.8706
2019-10-10,15731555.3968
2019-10-11,15894702.401300002
2019-10-14,15877058.307999998
2019-10-15,16034305.820699999
2019-10-16,16008614.922900001
2019-10-17,16055885.3477
2019-10-18,15985666.1875
2019-10-21,16094096.257199999
2019-10-22,16041580.809800001
2019-10-23,16088315.576300003
2019-10-24,16114664.004799999
2019-10-25,16180713.1711
2019-10-28,16271978.133900002
2019-10-29,16267210.673599999
2019-10-30,16317166.1578
2019-10-31,16273770.700299999
2019-11-01,16424589.303399999
2019-11-04,16490641.112
2019-11-05,16472461.685699999
2019-11-06,16476279.026400002
2019-11-07,16534284.092600001
2019-11-08,16575121.149400001
2019-11-11,16543528.870100001
2019-11-12,16578464.570599997
2019-11-13,16583891.9387
2019-11-14,16608097.6138
2019-11-15,16728341.2499
2019-11-18,16740744.077000001
2019-11-19,16735978.103499999
2019-11-20,16673803.391600002
2019-11-21,16647039.320900001
2019-11-22,16684122.590799998
2019-11-25,16813490.325599998
2019-11-26,16851647.572000001
2019-11-27,16926826.362300001
2019-11-29,16864114.426300004
2019-12-02,16720920.4191
2019-12-03,16608845.002699999
2019-12-04,16711387.964100001
2019-12-05,16741497.434799999
2019-12-06,16894477.552999999
2019-12-09,16841422.055799998
2019-12-10,16822705.748500001
2019-12-11,16870522.503599998
2019-12-12,17015993.5537
2019-12-13,17026252.043400001
2019-12-16,17143286.865800001
2019-12-17,17147107.115800001
2019-12-18,17148244.5537
2019-12-19,17218599.545699999
2019-12-20,17293784.213199999
2019-12-23,17320269.8994
2019-12-24,17320874.053199999
2019-12-26,17413143.017999999
2019-12-27,17408894.663200002
2019-12-30,17312980.783800002
2019-12-31,17355104.150899999
2020-01-02,17517472.294399999
2020-01-03,17384891.135899998
2020-01-06,17451280.0044
2020-01-07,17402276.528099999
2020-01-08,17495087.783699997
2020-01-09,17613782.433599997
2020-01-10,17563161.341600001
2020-01-13,17684014.0427
2020-01-14,17657118.909299999
2020-01-15,17697088.217100002
2020-01-16,17844365.193399999
2020-01-17,17899973.316600002
2020-01-21,17864990.034300003
2020-01-22,17867213.984300002
2020-01-23,17887772.147399999
2020-01-24,17728762.511700001
2020-01-27,17444646.805100001
2020-01-28,17627517.022100002
2020-01-29,17613023.397
2020-01-30,17670250.075300001
2020-01-31,17349460.662599999
2020-02-03,17478407.739000004
2020-02-04,17744866.391300004
2020-02-05,17949851.467
2020-02-06,18010316.043899998
2020-02-07,17914394.713399999
2020-02-10,18048199.6976
2020-02-11,18079544.8847
2020-02-12,18196094.866799999
2020-02-13,18176749.3325
2020-02-14,18205938.259100001
2020-02-18,18159089.569600001
2020-02-19,18245981.3356
2020-02-20,18171089.912799999
2020-02-21,17984027.376199998
2020-02-24,17387647.2249
2020-02-25,16860830.369800001
2020-02-26,16798875.510899998
2020-02-27,16044472.155399999
2020-02-28,15977120.839600001
2020-03-02,16669094.817000002
2020-03-03,16191880.516400002
2020-03-04,16872535.201099999
2020-03-05,16311726.626
2020-03-06,16042136.822500002
2020-03-09,14789393.785499999
2020-03-10,15554724.736500002
2020-03-11,14796515.8529
2020-03-12,13380881.9495
2020-03-13,14524813.898599997
2020-03-16,12935508.996400001
2020-03-17,13633972.520199999
2020-03-18,12943695.925099999
2020-03-19,12971249.8178
2020-03-20,12415556.5846
2020-03-23,12098159.934800001
2020-03-24,13194338.205699999
2020-03-25,13391909.3422
2020-03-26,14173909.4529
2020-03-27,13751784.138199998
2020-03-30,14198434.963399999
2020-03-31,13986854.741600001
2020-04-01,13357430.897499999
2020-04-02,13665708.5218
2020-04-03,13468232.9485
2020-04-06,14372894.612199999
2020-04-07,14387600.3324
2020-04-08,14870623.557399999
2020-04-09,15096970.2402
2020-04-13,14959189.670499999
2020-04-14,15400434.9571
2020-04-15,15073262.634400003
2020-04-16,15146037.231999999
2020-04-17,15555270.3848
2020-04-20,15281277.239800001
2020-04-21,14817344.628800001
2020-04-22,15146264.493800001
2020-04-23,15145235.9275
2020-04-24,15356396.9495
2020-04-27,15577870.585599998
2020-04-28,15506294.133499999
2020-04-29,15912284.736199999
2020-04-30,15764189.373900002
2020-05-01,15346916.431400003
2020-05-04,15389304.315099999
2020-05-05,15531549.0593
2020-05-06,15426323.382200001
2020-05-07,15612528.2466
2020-05-08,15870914.221400002
2020-05-11,15874229.977499999
2020-05-12,15557890.3237
2020-05-13,15282794.293399999
2020-05-14,15465745.839499999
2020-05-15,15536899.484900001
2020-05-18,16010206.887300001
2020-05-19,15845823.105699999
2020-05-20,16115072.110699998
2020-05-21,16003874.340499999
2020-05-22,16034326.9542
2020-05-26,16231939.716700003
2020-05-27,16473515.0031
2020-05-28,16443183.841
2020-05-29,16516514.467499999
2020-06-01,16583332.8213
2020-06-02,16720707.501199998
2020-06-03,16943293.252299998
2020-06-04,16898852.0152
2020-06-05,17332024.452800002
2020-06-08,17541589.085899998
2020-06-09,17410852.794799998
2020-06-10,17313765.971900001
2020-06-11,16315711.286600001
2020-06-12,16511163.7104
2020-06-15,16665368.1766
2020-06-16,16986200.337699998
2020-06-17,16915705.305
2020-06-18,16922281.877
2020-06-19,16826072.2172
2020-06-22,16934078.624299999
2020-06-23,17012101.474300001
2020-06-24,16578208.1226
2020-06-25,16755997.143099999
2020-06-26,16358081.194499999
2020-06-29,16598566.260199999
2020-06-30,16811248.909499999
2020-07-01,16929071.381099999
2020-07-02,17022361.427200001
2020-07-06,17285205.205599997
2020-07-07,17106993.346300002
2020-07-08,17237903.2621
2020-07-09,17139833.215599999
2020-07-10,17314905.011500001
2020-07-13,17165040.823800001
2020-07-14,17387546.326499999
2020-07-15,17547355.386300001
2020-07-16,17489629.681300003
2020-07-17,17540399.3281
2020-07-20,17682218.9223
2020-07-21,17719904.653000001
2020-07-22,17820835.148699999
2020-07-23,17608268.870699998
2020-07-24,17494930.147999998
2020-07-27,17622576.5834
2020-07-28,17510872.721900001
2020-07-29,17726300.804000001
2020-07-30,17663121.3717
2020-07-31,17802765.305399999
2020-08-03,17926598.687200002
2020-08-04,17995910.0506
2020-08-05,18107749.987599999
2020-08-06,18228859.730099998
2020-08-07,18242013.7412
2020-08-10,18296605.906800002
2020-08-11,18145643.1446
2020-08-12,18398703.330699999
2020-08-13,18365512.460299999
2020-08-14,18366126.576700002
2020-08-17,18424536.963300001
2020-08-18,18464409.292799998
2020-08-19,18387598.020799998
2020-08-20,18444918.636100002
2020-08-21,18510418.5198
2020-08-24,18698056.6853
2020-08-25,18763558.0057
2020-08-26,18951743.7797
2020-08-27,18993254.919100001
2020-08-28,19116011.021899998
2020-08-31,19046833.651099999
2020-09-01,19226298.975299999
2020-09-02,19504459.913299996
2020-09-03,18833300.453600001
2020-09-04,18679603.142900001
2020-09-08,18169292.581800003
2020-09-09,18528155.306199998
2020-09-10,18206508.090300001
2020-09-11,18215846.203199998
2020-09-14,18455840.643499997
2020-09-15,18549154.217100002
2020-09-16,18475609.530099999
2020-09-17,18313181.569000002
2020-09-18,18103269.419100001
2020-09-21,17901855.281600002
2020-09-22,18084242.437100001
2020-09-23,17664917.8913
2020-09-24,17712070.142000001
2020-09-25,17998486.258899998
2020-09-28,18297497.3695
2020-09-29,18197917.7454
2020-09-30,18335960.993499998
2020-10-01,18453746.962400001
2020-10-02,18278608.502299998
2020-10-05,18602812.4483
2020-10-06,18338426.168900002
2020-10-07,18657704.995499998
2020-10-08,18823129.6664
2020-10-09,18991293.242999997
2020-10-12,19296889.662300002
2020-10-13,19171028.233899999
2020-10-14,19050641.261099998
2020-10-15,19027168.3796
2020-10-16,19015741.298800003
2020-10-19,18726708.0726
2020-10-20,18801792.449500002
2020-10-21,18766272.167300001
2020-10-22,18869282.440099999
2020-10-23,18933417.099599998
2020-10-26,18583599.340399999
2020-10-27,18519604.645
2020-10-28,17886693.697100002
2020-10-29,18068551.695699997
2020-10-30,17880257.0737
2020-11-02,18080733.694400001
2020-11-03,18400034.318
2020-11-04,18811329.2733
2020-11-05,19178273.851199999
2020-11-06,19173965.168099999
2020-11-09,19414971.062800001
2020-11-10,19386569.746199999
2020-11-11,19530656.338199999
2020-11-12,19341265.729400001
2020-11-13,19609107.5449
2020-11-16,19853952.681200001
2020-11-17,19747247.18
2020-11-18,19509666.491
2020-11-19,19591878.699500002
2020-11-20,19457791.224300001
2020-11-23,19574502.514000002
2020-11-24,19889993.404200003
2020-11-25,19859402.2896
2020-11-27,19914784.7542
2020-11-30,19826694.8803
2020-12-01,20043621.994400002
2020-12-02,20085863.1296
2020-12-03,20080462.330899999
2020-12-04,20253583.695999999
2020-12-07,20212040.818700001
2020-12-08,20271259.381400004
2020-12-09,20089525.470399998
2020-12-10,20083029.338100001
2020-12-11,20059556.800500002
2020-12-14,19969821.286400001
2020-12-15,20239877.029199999
2020-12-16,20271715.499899998
2020-12-17,20385151.464500003
2020-12-18,20304177.983600002
2020-12-21,20231656.705799997
2020-12-22,20197633.6587
2020-12-23,20215858.890999999
2020-12-24,20294582.789799999
2020-12-28,20469005.3103
2020-12-29,20430032.7267
2020-12-30,20459258.957899999
2020-12-31,20563284.7095
2021-01-04,20283413.391400002
2021-01-05,20423189.202100001
2021-01-06,20545366.023399998
2021-01-07,20850694.792300001
2021-01-08,20969574.092300002
2021-01-11,20828300.880599998
2021-01-12,20832779.060899999
2021-01-13,20888958.339200001
2021-01-14,20815884.8926
2021-01-15,20664158.686700001
2021-01-19,20826491.349400003
2021-01-20,21114779.708000001
2021-01-21,21134109.644900002
2021-01-22,21059385.678099997
2021-01-25,21142518.5381
2021-01-26,21109596.1547
2021-01-27,20593747.303100001
2021-01-28,20770934.826699998
2021-01-29,20355186.995999999
2021-02-01,20694085.582900003
2021-02-02,20986783.485300001
2021-02-03,21003363.3915
2021-02-04,21242160.491400003
2021-02-05,21325846.8818
2021-02-08,21479939.830599997
2021-02-09,21465719.122200001
2021-02-10,21456448.7608
2021-02-11,21491182.531399999
2021-02-12,21597423.657399997
2021-02-16,21578802.722199999
2021-02-17,21583834.170999996
2021-02-18,21492054.963500001
2021-02-19,21454181.223299999
2021-02-22,21289242.206999999
2021-02-23,21315175.189599998
2021-02-24,21550134.600300003
2021-02-25,21030948.316199999
2021-02-26,20922662.763700001
2021-03-01,21429910.617600001
2021-03-02,21262767.487099998
2021-03-03,20981206.591400001
2021-03-04,20721646.827400003
2021-03-05,21102932.4245
2021-03-08,20997945.2181
2021-03-09,21297821.721700002
2021-03-10,21430473.198800001
2021-03-11,21647839.792199999
2021-03-12,21677075.941
2021-03-15,21806429.748
2021-03-16,21779006.628600001
2021-03-17,21853351.7914
2021-03-18,21535474.789299998
2021-03-19,21495826.370000001
2021-03-22,21667551.2744
2021-03-23,21497091.420100003
2021-03-24,21387892.853099998
2021-03-25,21508290.993400004
2021-03-26,21854976.903299998
2021-03-29,21844020.434899997
2021-03-30,21786150.403300002
2021-03-31,21874540.161599997
2021-04-01,22110847.134799998
2021-04-05,22428289.504799999
2021-04-06,22415127.254299998
2021-04-07,22441152.190100003
2021-04-08,22547759.927700002
2021-04-09,22711769.985999998
2021-04-12,22720134.251800001
2021-04-13,22787556.357900001
2021-04-14,22709817.719599999
2021-04-15,22953863.0086
2021-04-16,23030669.8627
2021-04-19,22917606.457199998
2021-04-20,22749898.935600001
2021-04-21,22965246.410999998
2021-04-22,22755589.130900003
2021-04-23,23002399.870999999
2021-04-26,23050506.689299997
2021-04-27,23045625.4661
2021-04-28,23039088.312100001
2021-04-29,23185997.8398
2021-04-30,23033741.4219
2021-05-03,23083505.170300003
2021-05-04,22941182.7346
2021-05-05,22948444.438299999
2021-05-06,23131786.864299998
2021-05-07,23300227.2247
2021-05-10,23069586.490500003
2021-05-11,22863783.262199998
2021-05-12,22378121.9342
2021-05-13,22647023.725000001
2021-05-14,22994862.013600003
2021-05-17,22936437.145100001
2021-05-18,22738909.455799997
2021-05-19,22679379.194899999
2021-05-20,22923447.244100001
2021-05-21,22904765.214200001
2021-05-24,23138347.894200001
2021-05-25,23087098.299400002
2021-05-26,23133001.372800004
2021-05-27,23145232.298600003
2021-05-28,23186719.852199998
2021-06-01,23166382.351500001
2021-06-02,23202902.166500002
2021-06-03,23116874.630700003
2021-06-04,23328384.3671
2021-06-07,23305839.0099
2021-06-08,23310894.609499998
2021-06-09,23276204.475900002
2021-06-10,23384488.988699999
2021-06-11,23423218.691599999
2021-06-14,23475749.4542
2021-06-15,23432778.925100002
2021-06-16,23302034.518400002
2021-06-17,23294393.382800002
2021-06-18,22981246.857900001
2021-06-21,23310332.860100001
2021-06-22,23435041.8794
2021-06-23,23406882.091500003
2021-06-24,23545439.354399998
2021-06-25,23629163.531799998
2021-06-28,23676886.0002
2021-06-29,23689714.124099996
2021-06-30,23709742.864899997
2021-07-01,23841103.305199999
2021-07-02,24023422.641900003
2021-07-06,23979755.227399997
2021-07-07,24064591.0123
2021-07-08,23868601.863600001
2021-07-09,24123484.763000004
2021-07-12,24209983.740600001
2021-07-13,24127543.010300003
2021-07-14,24163637.306299999
2021-07-15,24081195.782600004
2021-07-16,23892403.102299999
2021-07-19,23539651.3028
2021-07-20,23877072.744600002
2021-07-21,24070478.721900001
2021-07-22,24120975.465599999
2021-07-23,24369221.823600002
2021-07-26,24429136.728499997
2021-07-27,24317889.702800002
2021-07-28,24308010.2333
2021-07-29,24408916.2337
2021-07-30,24290466.791900001
2021-08-02,24239596.148400001
2021-08-03,24436887.536600001
2021-08-04,24316775.058499999
2021-08-05,24470861.040400002
2021-08-06,24511390.438699998
2021-08-09,24491540.4355
2021-08-10,24522099.216700003
2021-08-11,24583125.278499998
2021-08-12,24656892.612
2021-08-13,24701855.069299996
2021-08-16,24760112.725999996
2021-08-17,24597896.852600001
2021-08-18,24328766.099699996
2021-08-19,24366526.536399998
2021-08-20,24560504.244899996
2021-08-23,24776641.922699999
2021-08-24,24816066.3554
2021-08-25,24868232.327600002
2021-08-26,24721523.739799999
2021-08-27,24942650.9987
2021-08-30,25052431.261
2021-08-31,25015408.853200004
2021-09-01,25028798.121399999
2021-09-02,25105895.143200003
2021-09-03,25099895.491999999
2021-09-07,25010244.25
2021-09-08,24979868.8178
2021-09-09,24873042.825800002
2021-09-10,24677023.6413
2021-09-13,24740271.278299998
2021-09-14,24606851.461300001
2021-09-15,24812476.345999997
2021-09-16,24773235.512699999
2021-09-17,24532787.9241
2021-09-20,24123814.8583
2021-09-21,24101117.643899996
2021-09-22,24336311.0548
2021-09-23,24632088.550799999
2021-09-24,24672754.558600001
2021-09-27,24602259.804099999
2021-09-28,24106571.840599999
2021-09-29,24147236.337399997
2021-09-30,23852190.913200002
2021-10-01,24135745.367199998
2021-10-04,23824579.0273
2021-10-05,24072563.158800002
2021-10-06,24172701.026500002
2021-10-07,24381780.7656
2021-10-08,24337406.267800003
2021-10-11,24161300.625700004
2021-10-12,24101917.6019
2021-10-13,24188717.525700003
2021-10-14,24595677.603099998
2021-10-15,24783086.070799999
2021-10-18,24856549.437399998
2021-10-19,25048406.990199998
2021-10-20,25146884.732299998
2021-10-21,25212568.485100001
2021-10-22,25186538.322300002
2021-10-25,25321703.587699998
2021-10-26,25344588.355300002
2021-10-27,25232401.468200002
2021-10-28,25475959.803899996
2021-10-29,25527749.880999997
2021-11-01,25571758.342600003
2021-11-02,25675244.095200002
2021-11-03,25832093.329
2021-11-04,25953924.328299999
2021-11-05,26044071.895199999
2021-11-08,26066404.270600002
2021-11-09,25980342.194899999
2021-11-10,25771431.776100002
2021-11-11,25779866.529400002
2021-11-12,25974519.843699999
2021-11-15,25983511.299099997
2021-11-16,26086446.5865
2021-11-17,26023173.823600002
2021-11-18,26111657.035300002
2021-11-19,26065060.487199996
2021-11-22,25991780.9362
2021-11-23,26026343.6281
2021-11-24,26095927.823200002
2021-11-26,25514003.7753
2021-11-29,25827069.453600004
2021-11-30,25324633.571899999
2021-12-01,25043442.548600003
2021-12-02,25427109.721500002
2021-12-03,25205954.752399996
2021-12-06,25504571.565400001
2021-12-07,26032225.315099999
2021-12-08,26101255.9661
2021-12-09,25925129.230500001
2021-12-10,26169273.447299998
2021-12-13,25937553.868899997
2021-12-14,25759200.853100002
2021-12-15,26161784.963400003
2021-12-16,25931174.596699998
2021-12-17,25656282.1417
2021-12-20,25383563.8189
2021-12-21,25834446.285100002
2021-12-22,26092854.1527
2021-12-23,26255303.570500005
2021-12-27,26626970.922399998
2021-12-28,26605312.154199999
2021-12-29,26639444.764199998
2021-12-30,26565899.552199997
2021-12-31,26499048.822600003
2022-01-03,26652576.660100006
2022-01-04,26643749.826900002
2022-01-05,26132231.719999999
2022-01-06,26107780.8838
2022-01-07,26004661.720300004
2022-01-10,25972399.170500003
2022-01-11,26209060.7062
2022-01-12,26280016.908500001
2022-01-13,25918013.403999999
2022-01-14,25928711.467399999
2022-01-18,25469621.887899999
2022-01-19,25205251.5667
2022-01-20,24926372.632399999
2022-01-21,24437144.812600002
2022-01-24,24541015.367199998
2022-01-25,24241486.505399998
2022-01-26,24180760.276799999
2022-01-27,24061448.058800001
2022-01-28,24659112.977900002
2022-01-31,25103342.884299997
2022-02-01,25273057.973499998
2022-02-02,25518657.671
2022-02-03,24918937.973000001
2022-02-04,25036205.1085
2022-02-07,24955951.021600001
2022-02-08,25161379.086900003
2022-02-09,25529737.738899998
2022-02-10,25071175.337900002
2022-02-11,24576898.720300004
2022-02-14,24496641.398699999
2022-02-15,24891786.381900001
2022-02-16,24919779.060799997
2022-02-17,24387551.210700002
2022-02-18,24229731.233299997
2022-02-22,23969797.344000001
2022-02-23,23544694.932
2022-02-24,23899111.492899999
2022-02-25,24426510.485599998
2022-02-28,24364105.930300001
2022-03-01,23993124.981699999
2022-03-02,24434597.389099997
2022-03-03,24313043.349099997
2022-03-04,24115599.067199998
2022-03-07,23404782.3759
2022-03-08,23227421.683000002
2022-03-09,23850254.794100001
2022-03-10,23742646.7249
2022-03-11,23440846.7903
2022-03-14,23269621.817899998
2022-03-15,23781417.549099997
2022-03-16,24308841.820700001
2022-03-17,24613058.565200001
2022-03-18,24881898.934899997
2022-03-21,24874715.523600001
2022-03-22,25165878.631500002
2022-03-23,24841876.744099997
2022-03-24,25216445.2401
2022-03-25,25339686.108099997
2022-03-28,25520023.216500003
2022-03-29,25835823.619099997
2022-03-30,25676388.280900002
2022-03-31,25281290.973999999
2022-04-01,25353035.881700002
2022-04-04,25570321.141999997
2022-04-05,25247429.392800003
2022-04-06,24995066.569899999
2022-04-07,25121109.642499998
2022-04-08,25054030.614099998
2022-04-11,24625893.599099997
2022-04-12,24534741.614099998
2022-04-13,24815844.828600001
2022-04-14,24506936.368899997
2022-04-18,24517104.444699999
2022-04-19,24912967.620200001
2022-04-20,24894587.919399999
2022-04-21,24522418.429400001
2022-04-22,23849635.7377
2022-04-25,23987995.289999999
2022-04-26,23293373.2859
2022-04-27,23358957.504000001
2022-04-28,23949078.920199998
2022-04-29,23064114.761999998
2022-05-02,23203033.787900001
2022-05-03,23309484.831700001
2022-05-04,24019414.856399998
2022-05-05,23165787.321999997
2022-05-06,23027599.394400001
2022-05-09,22290403.976100001
2022-05-10,22341991.123000003
2022-05-11,21987146.885000002
2022-05-12,21964276.490900002
2022-05-13,22489477.155999999
2022-05-16,22398309.2568
2022-05-17,22859134.796599999
2022-05-18,21937734.040199999
2022-05-19,21803455.6633
2022-05-20,21813054.674499996
2022-05-23,22221259.997199997
2022-05-24,22051711.114399999
2022-05-25,22246619.659899998
2022-05-26,22691221.191500001
2022-05-27,23248355.581300002
2022-05-31,23117997.575300004
2022-06-01,22931093.465700001
2022-06-02,23367866.214899998
2022-06-03,22984451.883200005
2022-06-06,23054520.451399997
2022-06-07,23275752.042399999
2022-06-08,23022781.166999996
2022-06-09,22475319.231899999
2022-06-10,21823717.793299999
2022-06-13,20995192.594400004
2022-06-14,20932005.8127
2022-06-15,21230497.100900002
2022-06-16,20527932.362300001
2022-06-17,20572064.530100003
2022-06-21,21090013.851300001
2022-06-22,21051856.851199999
2022-06-23,21258298.9855
2022-06-24,21934262.833099999
2022-06-27,21850562.1404
2022-06-28,21404174.887899999
2022-06-29,21386823.670000002
2022-06-30,21213150.6888
2022-07-01,21437591.990899999
2022-07-05,21478158.863499999
2022-07-06,21550777.957600001
2022-07-07,21873628.415500004
2022-07-08,21855716.2487
2022-07-11,21606127.8442
2022-07-12,21415019.124899998
2022-07-13,21302634.451499999
2022-07-14,21250980.250599999
2022-07-15,21657061.5755
2022-07-18,21478321.467300002
2022-07-19,22058730.0057
2022-07-20,22199396.571199998
2022-07-21,22425539.4846
2022-07-22,22217557.941599999
2022-07-25,22244633.6587
2022-07-26,21981540.178100001
2022-07-27,22552403.730999999
2022-07-28,22835349.340700004
2022-07-29,23168346.215399999
2022-08-01,23099826.134499997
2022-08-02,22947514.7531
2022-08-03,23306946.537900001
2022-08-04,23291287.901999999
2022-08-05,23252010.004099999
2022-08-08,23225103.790200002
2022-08-09,23132963.057499997
2022-08-10,23618934.820799999
2022-08-11,23619023.391799998
2022-08-12,24018957.8079
2022-08-15,24118025.555700004
2022-08-16,24165355.520500001
2022-08-17,23993921.043200001
2022-08-18,24063746.077500001
2022-08-19,23740466.899299998
2022-08-22,23246220.6248
2022-08-23,23190069.209499996
2022-08-24,23264391.388300002
2022-08-25,23592914.449899998
2022-08-26,22794406.024099998
2022-08-29,22643769.813200001
2022-08-30,22395275.479499999
2022-08-31,22224952.679699998
2022-09-01,22294773.715700004
2022-09-02,22059772.930500001
2022-09-06,21976619.717600003
2022-09-07,22371511.912
2022-09-08,22517822.189000003
2022-09-09,22867726.437100001
2022-09-12,23113586.820999999
2022-09-13,22108637.1281
2022-09-14,22193082.680300005
2022-09-15,21941201.8638
2022-09-16,21774604.686399996
2022-09-19,21943547.395300001
2022-09-20,21691749.0469
2022-09-21,21313443.245699998
2022-09-22,21134494.540100001
2022-09-23,20780468.506700002
2022-09-26,20574972.563699998
2022-09-27,20522526.526800003
2022-09-28,20926412.349300001
2022-09-29,20489359.061900001
2022-09-30,20172598.8719
2022-10-03,20705256.431200001
2022-10-04,21346919.720200002
2022-10-05,21297299.294
2022-10-06,21077679.6329
2022-10-07,20489820.182799999
2022-10-10,20333451.687899999
2022-10-11,20204756.565000001
2022-10-12,20138187.247699998
2022-10-13,20669731.079799999
2022-10-14,20198771.191500001
2022-10-17,20717893.737300001
2022-10-18,20961399.0561
2022-10-19,20812935.426700003
2022-10-20,20638489.8105
2022-10-21,21140112.837200001
2022-10-24,21398873.126800001
2022-10-25,21740662.091700003
2022-10-26,21576948.752500001
2022-10-27,21461808.014200002
2022-10-28,21972480.486199997
2022-10-31,21813849.525900003
2022-11-01,21718477.0266
2022-11-02,21173506.709399998
2022-11-03,20955564.566900004
2022-11-04,21257259.588599999
2022-11-07,21460676.979700003
2022-11-08,21576547.397500001
2022-11-09,21132106.2467
2022-11-10,22293482.646700002
2022-11-11,22509333.314300001
2022-11-14,22317937.861999996
2022-11-15,22508372.461799998
2022-11-16,22336745.025300004
2022-11-17,22268482.6976
2022-11-18,22369673.611199997
2022-11-21,22288419.3917
2022-11-22,22588438.366900001
2022-11-23,22730865.820999999
2022-11-25,22725867.373200003
2022-11-28,22363314.789099999
2022-11-29,22324988.270199999
2022-11-30,23028323.523400001
2022-12-01,23011463.997900002
2022-12-02,22985001.643299997
2022-12-05,22571605.2192
2022-12-06,22246325.248799998
2022-12-07,22208562.297399998
2022-12-08,22382626.584400002
2022-12-09,22215507.372899998
2022-12-12,22535876.296399999
2022-12-13,22706554.4804
2022-12-14,22561465.002500001
2022-12-15,22009657.9879
2022-12-16,21751101.7641
2022-12-19,21566741.342700001
2022-12-20,21596333.047700003
2022-12-21,21919331.821900003
2022-12-22,21606710.401500002
2022-12-23,21731078.818399999
2022-12-27,21645464.117600005
2022-12-28,21376537.684700001
2022-12-29,21761402.3354
2022-12-30,21704163.326399997
2023-01-03,21612871.908999998
2023-01-04,21779808.278400004
2023-01-05,21531308.651199996
2023-01-06,22025148.646299999
2023-01-09,22012745.328699999
2023-01-10,22167199.7304
2023-01-11,22447650.430500001
2023-01-12,22529461.491799999
2023-01-13,22616948.6644
2023-01-17,22575602.179299999
2023-01-18,22219262.819699999
2023-01-19,22057592.587499999
2023-01-20,22468587.639600001
2023-01-23,22738263.165100005
2023-01-24,22713943.238899998
2023-01-25,22722541.888200004
2023-01-26,22972356.545200001
2023-01-27,23025226.611400001
2023-01-30,22736419.238200001
2023-01-31,23070805.1796
2023-02-01,23316084.271300003
2023-02-02,23655583.059899997
2023-02-03,23404234.000300001
2023-02-06,23261291.161899999
2023-02-07,23565603.364599999
2023-02-08,23308007.689099997
2023-02-09,23106033.710000001
2023-02-10,23160041.4366
2023-02-13,23432005.059799999
2023-02-14,23421308.633699998
2023-02-15,23497454.416300002
2023-02-16,23174011.225400001
2023-02-17,23116202.831999999
2023-02-21,22652557.805500001
2023-02-22,22621424.464000002
2023-02-23,22741842.058600001
2023-02-24,22498990.476300001
2023-02-27,22575702.419899996
2023-02-28,22492347.854800001
2023-03-01,22406154.583499998
2023-03-02,22580497.345399998
2023-03-03,22942723.680500001
2023-03-06,22958703.138700001
2023-03-07,22606862.120700002
2023-03-08,22643842.621399999
2023-03-09,22226152.839899998
2023-03-10,21905524.768100001
2023-03-13,21874387.099299997
2023-03-14,22236052.701599997
2023-03-15,22097064.968699999
2023-03-16,22484845.514899999
2023-03-17,22223031.647500001
2023-03-20,22436803.459600002
2023-03-21,22731493.870500002
2023-03-22,22344087.804000001
2023-03-23,22404574.881900001
2023-03-24,22551678.771299999
2023-03-27,22593931.9877
2023-03-28,22543300.1787
2023-03-29,22871048.962899998
2023-03-30,23005050.177299999
2023-03-31,23329383.995200001
2023-04-03,23418369.203899998
2023-04-04,23288529.0953
2023-04-05,23227641.249000002
2023-04-06,23318336.6686
2023-04-10,23342358.473899998
2023-04-11,23348714.554499999
2023-04-12,23253633.818500001
2023-04-13,23562591.734699998
2023-04-14,23505122.792399999
2023-04-17,23589552.646700002
2023-04-18,23605027.828299999
2023-04-19,23601127.182399996
2023-04-20,23472422.168899998
2023-04-21,23490746.509500001
2023-04-24,23515339.7454
2023-04-25,23142150.475100003
2023-04-26,23044215.935300004
2023-04-27,23503066.665800001
2023-04-28,23703758.072500002
2023-05-01,23679911.255100004
2023-05-02,23413856.795700002
2023-05-03,23253232.212900002
2023-05-04,23088617.0913
2023-05-05,23516133.4571
2023-05-08,23522490.635900002
2023-05-09,23419425.024299998
2023-05-10,23528936.096900001
2023-05-11,23487990.458600003
2023-05-12,23457303.019099999
2023-05-15,23538319.505799998
2023-05-16,23381109.496399999
2023-05-17,23665019.053100001
2023-05-18,23893078.021199998
2023-05-19,23858402.0319
2023-05-22,23868180.307800002
2023-05-23,23600401.795100003
2023-05-24,23429510.061900001
2023-05-25,23632495.234099999
2023-05-26,23938640.77
2023-05-30,23947849.587899998
2023-05-31,23815142.7586
2023-06-01,24041500.144299999
2023-06-02,24389257.909000002
2023-06-05,24342613.5502
2023-06-06,24395710.2918
2023-06-07,24311448.690100003
2023-06-08,24458588.357899997
2023-06-09,24502566.809
2023-06-12,24724942.970300004
2023-06-13,24888044.764200002
2023-06-14,24917776.218499999
2023-06-15,25226791.264800001
2023-06-16,25141297.563699998
2023-06-20,25010954.128099997
2023-06-21,24882898.101599999
2023-06-22,24972811.042800002
2023-06-23,24784111.131900001
2023-06-26,24682941.689799998
2023-06-27,24953640.393499997
2023-06-28,24966320.3486
2023-06-29,25064816.939800002
2023-06-30,25360693.050500002
2023-07-03,25389965.994400002
2023-07-05,25352301.506100003
2023-07-06,25153871.344799999
2023-07-07,25090460.242199998
2023-07-10,25154059.9998
2023-07-11,25314349.4056
2023-07-12,25518121.692499999
2023-07-13,25720751.242199998
2023-07-14,25704828.008400004
2023-07-17,25794177.276500002
2023-07-18,25985939.548700001
2023-07-19,26043822.942299999
2023-07-20,25871134.259299997
2023-07-21,25871231.276100002
2023-07-24,25986901.4879
2023-07-25,26057945.125100002
2023-07-26,26062047.884
2023-07-27,25889356.030100003
2023-07-28,26142916.942499999
2023-07-31,26192792.4837
2023-08-01,26117938.090500005
2023-08-02,25754714.733099997
2023-08-03,25681002.453600001
2023-08-04,25564949.494899999
2023-08-07,25788190.107399996
2023-08-08,25676141.858200002
2023-08-09,25504587.056100003
2023-08-10,25513837.457600005
2023-08-11,25499056.594899997
2023-08-14,25639907.6954
2023-08-15,25341326.470800001
2023-08-16,25155462.659899998
2023-08-17,24963875.617399998
2023-08-18,24975985.1248
2023-08-21,25138580.0396
2023-08-22,25070583.741100002
2023-08-23,25349907.354400001
2023-08-24,24998675.348099999
2023-08-25,25175005.491500001
2023-08-28,25334743.203699999
2023-08-29,25701046.440300003
2023-08-30,25807000.277399998
2023-08-31,25769331.5491
2023-09-01,25817493.552199997
2023-09-05,25706009.631500002
2023-09-06,25533298.289099999
2023-09-07,25455000.827800002
2023-09-08,25493434.714000002
2023-09-11,25661190.0462
2023-09-12,25520520.242600001
2023-09-13,25550371.478399999
2023-09-14,25770773.5121
2023-09-15,25461477.1844
2023-09-18,25476503.7249
2023-09-19,25423766.0823
2023-09-20,25190131.151100002
2023-09-21,24773874.048200004
2023-09-22,24718261.769699998
2023-09-25,24822299.5722
2023-09-26,24457721.989099998
2023-09-27,24467576.579399999
2023-09-28,24609517.679499999
2023-09-29,24549883.7018
2023-10-02,24540212.780300003
2023-10-03,24211807.890300002
2023-10-04,24388208.014000002
2023-10-05,24379110.675799999
2023-10-06,24668650.195900001
2023-10-09,24826676.278900001
2023-10-10,24955988.240400001
2023-10-11,25058308.683800001
2023-10-12,24905636.102499999
2023-10-13,24781677.997500002
2023-10-16,25042509.788800001
2023-10-17,25041455.064600002
2023-10-18,24707869.657399997
2023-10-19,24490868.9219
2023-10-20,24190015.348000001
2023-10-23,24148180.299800001
2023-10-24,24330332.719999999
2023-10-25,23981231.448899999
2023-10-26,23694155.393000003
2023-10-27,23586843.759899996
2023-10-30,23868931.340900004
2023-10-31,24018923.183000002
2023-11-01,24275169.153999999
2023-11-02,24740477.784299999
2023-11-03,24966288.078200001
2023-11-06,25023816.398000002
2023-11-07,25095129.526999999
2023-11-08,25113602.874000002
2023-11-09,24917842.536999997
2023-11-10,25306774.707399998
2023-11-13,25282746.584299996
2023-11-14,25773344.713299997
2023-11-15,25828005.750500005
2023-11-16,25859692.632199999
2023-11-17,25891954.117199998
2023-11-20,26091357.0546
2023-11-21,26034592.211799998
2023-11-22,26135205.067299999
2023-11-24,26151385.570500001
2023-11-27,26104384.722800002
2023-11-28,26130329.677099999
2023-11-29,26112047.463400003
2023-11-30,26214960.026799999
2023-12-01,26370142.452199996
2023-12-04,26231813.888099998
2023-12-05,26226742.748
2023-12-06,26121152.954000004
2023-12-07,26320565.713400003
2023-12-08,26433820.504099999
2023-12-11,26536736.968400002
2023-12-12,26658035.024400003
2023-12-13,27025752.798899997
2023-12-14,27112589.292599998
2023-12-15,27068236.048800003
2023-12-18,27220597.463899996
2023-12-19,27386225.135400001
2023-12-20,27006828.715300001
2023-12-21,27263006.357600003
2023-12-22,27317899.912
2023-12-26,27433352.929000005
2023-12-27,27483056.736599997
2023-12-28,27493541.427399997
2023-12-29,27414051.738000002
2024-01-02,27260735.9767
2024-01-03,27038207.4188
2024-01-04,26951217.164999999
2024-01-05,26988231.3869
2024-01-08,27373615.0891
2024-01-09,27332190.131900001
2024-01-10,27486868.1943
2024-01-11,27474858.960399996
2024-01-12,27493995.691999998
2024-01-16,27393162.123300001
2024-01-17,27240994.096099999
2024-01-18,27483346.086199999
2024-01-19,27826060.905000001
2024-01-22,27884997.792400002
2024-01-23,27966429.999799997
2024-01-24,27997104.951700002
2024-01-25,28149484.1061
2024-01-26,28113828.1763
2024-01-29,28336578.556599997
2024-01-30,28314766.322099999
2024-01-31,27852851.931199998
2024-02-01,28217498.344699997
2024-02-02,28514660.816999998
2024-02-05,28410941.734099999
2024-02-06,28493532.5847
2024-02-07,28731287.425799999
2024-02-08,28744085.156500001
2024-02-09,28910317.054299999
2024-02-12,28897735.3847
2024-02-13,28499835.099899996
2024-02-14,28758936.9945
2024-02-15,28957473.833899997
2024-02-16,28813374.770100001
2024-02-20,28654853.802600004
2024-02-21,28680918.831799999
2024-02-22,29274591.789699998
2024-02-23,29294890.943100002
2024-02-26,29187708.296899997
2024-02-27,29242041.047300003
2024-02-28,29203502.0405
2024-02-29,29308597.872299999
2024-03-01,29583865.258400001
2024-03-04,29552249.326700002
2024-03-05,29257010.710700002
2024-03-06,29405372.558899999
2024-03-07,29697373.334400002
2024-03-08,29519234.697499998
2024-03-11,29493963.421500001
2024-03-12,29811349.878200002
2024-03-13,29764735.417100001
2024-03-14,29706006.3462
2024-03-15,29502766.847800005
2024-03-18,29678217.073899996
2024-03-19,29843252.359400004
2024-03-20,30119395.982800007
2024-03-21,30219042.747600004
2024-03-22,30161866.041499998
2024-03-25,30078647.886500001
2024-03-26,30023206.297800004
2024-03-27,30275629.324999999
2024-03-28,30269955.900399998
2024-04-01,30217407.895399995
2024-04-02,30025392.755399998
2024-04-03,30058491.384599999
2024-04-04,29691705.439299997
2024-04-05,30002003.582600005
2024-04-08,30018898.647100002
2024-04-09,30053733.879899997
2024-04-10,29752915.717599999
2024-04-11,29977568.863000005
2024-04-12,29563898.233800001
2024-04-15,29193628.460900001
2024-04-16,29140495.518100001
2024-04-17,28968145.007800002
2024-04-18,28908644.829300001
2024-04-19,28656427.621199999
2024-04-22,28920436.266199999
2024-04-23,29263733.277500004
2024-04-24,29249953.377500001
2024-04-25,29138945.535500005
2024-04-26,29415113.457600005
2024-04-29,29519397.227099996
2024-04-30,29051883.077600006
2024-05-01,28957656.452199996
2024-05-02,29228619.109899998
2024-05-03,29591026.3147
2024-05-06,29896718.495100003
2024-05-07,29929819.611299999
2024-05-08,29932825.631199997
2024-05-09,30105407.997400001
2024-05-10,30144297.8759
2024-05-13,30148462.258800004
2024-05-14,30286900.217699997
2024-05-15,30662055.095699999
2024-05-16,30599084.193600003
2024-05-17,30643185.594000004
2024-05-20,30678605.715500005
2024-05-21,30753961.6527
2024-05-22,30665523.906199999
2024-05-23,30441650.872699998
2024-05-24,30643181.381900005
2024-05-28,30664711.330700003
2024-05-29,30450096.3653
2024-05-30,30248213.145300001
2024-05-31,30523831.244099997
2024-06-03,30548833.8277
2024-06-04,30583097.328500003
2024-06-05,30946697.038000003
2024-06-06,30946234.288200002
2024-06-07,30908728.198600002
2024-06-10,31004346.815100003
2024-06-11,31079129.114699997
2024-06-12,31334500.264999997
2024-06-13,31397708.144200001
2024-06-14,31416926.712699998
2024-06-17,31667092.655100003
2024-06-18,31747667.006799996
2024-06-20,31661541.9652
2024-06-21,31619350.2256
2024-06-24,31516686.021199998
2024-06-25,31638169.639299996
2024-06-26,31677775.747100003
2024-06-27,31727834.754599996
2024-06-28,31603102.7269
2024-07-01,31668260.147499997
2024-07-02,31881498.268899996
2024-07-03,32023891.500399999
2024-07-05,32208677.703499999
2024-07-08,32245964.131700002
2024-07-09,32277443.6851
2024-07-10,32596959.386100002
2024-07-11,32316013.2797
2024-07-12,32519967.857900001
2024-07-15,32609521.316400003
2024-07-16,32803025.444499996
2024-07-17,32343211.548500001
2024-07-18,32094780.127100002
2024-07-19,31881771.536899999
2024-07-22,32210587.111499999
2024-07-23,32160183.767500002
2024-07-24,31431476.482900001
2024-07-25,31267825.225700002
2024-07-26,31618130.972299997
2024-07-29,31636833.4098
2024-07-30,31476665.572699998
2024-07-31,31988424.613400001
2024-08-01,31535557.674299996
2024-08-02,30948532.992200002
2024-08-05,30047314.404699996
2024-08-06,30324449.173700001
2024-08-07,30121877.210699998
2024-08-08,30818325.546999998
2024-08-09,30954340.261599999
2024-08-12,30970717.837299999
2024-08-13,31480169.202500001
2024-08-14,31579599.276900001
2024-08-15,32120999.291700002
2024-08-16,32193136.016599998
2024-08-19,32501069.374399997
2024-08-20,32448340.208699998
2024-08-21,32559972.205400001
2024-08-22,32304548.877499998
2024-08-23,32647915.289199997
2024-08-26,32570211.9375
2024-08-27,32615055.028699998
2024-08-28,32425838.565700002
2024-08-29,32428864.142399997
2024-08-30,32738551.159200002
2024-09-03,32064945.583900001
2024-09-04,31999435.142499998
2024-09-05,31921727.3101
2024-09-06,31384600.646300003
2024-09-09,31736107.8453
2024-09-10,31874459.934699994
2024-09-11,32201577.421999995
2024-09-12,32472939.054099999
2024-09-13,32642659.607899997
2024-09-16,32690990.070100002
2024-09-17,32704471.569200002
2024-09-18,32607596.559699997
2024-09-19,33164150.571399998
2024-09-20,33107094.163299996
2024-09-23,33189949.6369
2024-09-24,33285040.690200001
2024-09-25,33211755.477200001
2024-09-26,33343552.4782
2024-09-27,33295319.7522
2024-09-30,33428865.930500004
2024-10-01,33129520.480599999
2024-10-02,33143627.841899998
2024-10-03,33083158.358899999
2024-10-04,33383921.878899999
2024-10-07,33082241.219599999
2024-10-08,33395242.409699999
2024-10-09,33626676.175700001
2024-10-10,33567955.301100001
2024-10-11,33769093.879100002
2024-10-14,34045395.510600001
2024-10-15,33781000.152999997
2024-10-16,33927955.146600001
2024-10-17,33930995.647500001
2024-10-18,34061637.923099995
2024-10-21,34005830.430600002
2024-10-22,33987895.468600005
2024-10-23,33677463.568400003
2024-10-24,33750423.003899999
2024-10-25,33738896.221199997
2024-10-28,33843320.587099999
2024-10-29,33898218.639799997
2024-10-30,33795795.154200003
2024-10-31,33133419.188699998
2024-11-01,33273386.2324
2024-11-04,33201841.308400001
2024-11-05,33603434.175999999
2024-11-06,34439130.235799998
2024-11-07,34705547.324500002
2024-11-08,34856011.265999995
2024-11-11,34889355.380500004
2024-11-12,34781105.226599999
2024-11-13,34798133.830500007
2024-11-14,34574508.343100004
2024-11-15,34131785.948300004
2024-11-18,34271762.489299998
2024-11-19,34397172.4661
2024-11-20,34408955.588100001
2024-11-21,34593803.316399999
2024-11-22,34701151.865199998
2024-11-25,34818990.054499999
2024-11-26,35000927.813600004
2024-11-27,34895004.478500001
2024-11-29,35111907.067399994
2024-12-02,35174972.700399995
2024-12-03,35191420.880400002
2024-12-04,35410075.191399999
2024-12-05,35351935.137199998
2024-12-06,35419081.726999998
2024-12-09,35236819.185199998
2024-12-10,35127397.1457
2024-12-11,35399084.398900002
2024-12-12,35216819.729699999
2024-12-13,35209958.894199997
2024-12-16,35360438.813800007
2024-12-17,35214884.939099997
2024-12-18,34165487.666699998
2024-12-19,34155126.280900002
2024-12-20,34564087.203200005
2024-12-23,34771197.903999999
2024-12-24,35157811.368100002
2024-12-26,35160281.996599995
2024-12-27,34790299.461399995
2024-12-30,34393417.886
2024-12-31,34268420.353799999
2025-01-02,34184351.267300002
2025-01-03,34611900.791100003
2025-01-06,34811416.651600003
2025-01-07,34418035.984200001
2025-01-08,34468450.479000002
2025-01-10,33942334.923499994
2025-01-13,33995086.888899997
2025-01-14,34041992.040399998
2025-01-15,34661341.422200002
2025-01-16,34594812.727499999
2025-01-17,34942270.541999996
2025-01-21,35262248.658500001
2025-01-22,35460604.957899995
2025-01-23,35654284.868699998
2025-01-24,35550335.543099999
2025-01-27,35047593.902999997
2025-01-28,35348866.710999995
2025-01-29,35190533.993000001
2025-01-30,35379538.566399999
2025-01-31,35191382.6734
2025-02-03,34954691.172499999
2025-02-04,35189307.609200001
2025-02-05,35332119.469699994
2025-02-06,35455050.698799998
2025-02-07,35130642.931900002
2025-02-10,35369356.863300003
2025-02-11,35396388.571100004
2025-02-12,35282492.202300005
2025-02-13,35655120.990300007
2025-02-14,35653500.389899999
2025-02-18,35758308.136300005
2025-02-19,35842649.598400004
2025-02-20,35693666.2355
2025-02-21,35083292.082800001
2025-02-24,34923778.701599993
2025-02-25,34750229.347800002
2025-02-26,34767903.193700001
2025-02-27,34213071.079099998
2025-02-28,34747111.589000002
2025-03-03,34138474.460500002
2025-03-04,33734510.357000001
2025-03-05,34097210.040699996
2025-03-06,33492072.368400004
2025-03-07,33679918.716399997
2025-03-10,32782958.696599998
2025-03-11,32510562.835199997
2025-03-12,32683202.666700002
2025-03-13,32247642.762500003
2025-03-14,32913863.308699999
2025-03-17,33167795.599699996
2025-03-18,32809428.244799998
2025-03-19,33166874.738399997
2025-03-20,33071088.697600003
2025-03-21,33082062.796300005
2025-03-24,33674634.873899996
2025-03-25,33755709.795300007
2025-03-26,33352851.417099997
2025-03-27,33264401.584599998
2025-03-28,32594639.421100002
2025-03-31,32813560.925799999
2025-04-01,32906366.052200001
2025-04-02,33114731.602199998
2025-04-03,31482935.153999999
2025-04-04,29639949.3906
2025-04-07,29587266.1404
2025-04-08,29123957.8402
2025-04-09,32182645.7729
2025-04-10,30772553.916500002
2025-04-11,31321739.245100006
2025-04-14,31625723.445599999
2025-04-15,31537262.797400001
2025-04-16,30836370.495999999
2025-04-17,30880482.780199997
2025-04-21,30145558.500600003
2025-04-22,30929991.070800003
2025-04-23,31409382.595600002
2025-04-24,32070633.214499999
2025-04-25,32302473.469099995
2025-04-28,32314913.939899996
2025-04-29,32518598.253000002
2025-04-30,32531626.265700005
2025-05-01,32762298.429299995
2025-05-02,33248749.0297
2025-05-05,33058213.760600001
2025-05-06,32782026.418000001
2025-05-07,32920012.203299999
2025-05-08,33149516.830799997
2025-05-09,33107401.994899999
2025-05-12,34201641.480999999
2025-05-13,34427633.5079
2025-05-14,34471762.211300001
2025-05-15,34640263.912799999
2025-05-16,34859806.791900001
2025-05-19,34898070.929800004
2025-05-20,34780867.777499996
2025-05-21,34194912.570100002
2025-05-22,34208534.3156
2025-05-23,33975165.2531
2025-05-27,34681654.127899997
2025-05-28,34481139.242600001
2025-05-29,34617379.078999996
2025-05-30,34578787.649900004
2025-06-02,34773697.644100003
2025-06-03,34972129.234999999
2025-06-04,34962873.306900002
2025-06-05,34794036.459800005
2025-06-06,35151465.111400001
2025-06-09,35183278.658399999
2025-06-10,35382888.896600001
2025-06-11,35282108.653899997
2025-06-12,35422463.523500003
2025-06-13,35026568.815200001
2025-06-16,35359951.271899998
2025-06-17,35057927.256099999
2025-06-18,35052778.296500005
2025-06-20,34970834.999399997
2025-06-23,35316390.521600001
2025-06-24,35706671.536200002
2025-06-25,35726813.129799999
2025-06-26,36006467.401700005
2025-06-27,36185496.0814
2025-06-30,36358641.418200001
2025-07-01,36347008.355799995
2025-07-02,36511916.976999998
2025-07-03,36799818.058200002
2025-07-07,36525725.795399994
2025-07-08,36505854.474699996
2025-07-09,36724906.448299997
2025-07-10,36828617.277199998
2025-07-11,36699288.512199998
2025-07-14,36769456.206299998
2025-07-15,36612467.208300002
2025-07-16,36735010.927699998
2025-07-17,36959953.627300002
2025-07-18,36933021.373899996
2025-07-21,37003191.255900003
2025-07-22,37008626.528799996
2025-07-23,37323614.6448
2025-07-24,37336113.226300001
2025-07-25,37493973.332900003
2025-07-28,37484697.774999999
2025-07-29,37385968.288500004
2025-07-30,37339027.330700003
2025-07-31,37199100.389600001
2025-08-01,36589534.342500001
2025-08-04,37145824.000599995
2025-08-05,36957635.847099997
2025-08-06,37240855.203899994
2025-08-07,37209802.889600001
2025-08-08,37500087.666699998
2025-08-11,37426073.248800002
2025-08-12,37824651.318100005
2025-08-13,37954271.187100001
2025-08-14,37957944.7478
2025-08-15,37869217.415600002
2025-08-18,37861119.821699999
2025-08-19,37655859.487500004
2025-08-20,37555947.616999999
2025-08-21,37405419.717699997
2025-08-22,37979986.699500002
2025-08-25,37812979.7509
2025-08-26,37971443.207399994
2025-08-27,38058103.706699997
2025-08-28,38193026.836099997
2025-08-29,37965396.199000001
2025-09-02,37684204.418699995
2025-09-03,37888578.619499996
2025-09-04,38205371.139700003
2025-09-05,38094862.915899999
2025-09-08,38188589.035999998
2025-09-09,38277018.671999998
2025-09-10,38387814.948800005
2025-09-11,38706969.585300006
2025-09-12,38694165.915199995
2025-09-15,38900315.765300006
2025-09-16,38846900.207399994
2025-09-17,38798781.5528
2025-09-18,38980213.2632
2025-09-19,39172895.1822
2025-09-22,39358371.131200001
2025-09-23,39144268.099399999
2025-09-24,39019877.555799998
2025-09-25,38840004.781000003
2025-09-26,39062666.680600002
2025-09-29,39172596.127800003
2025-09-30,39320301.321699999
2025-10-01,39454432.206700005
2025-10-02,39500028.455799997
2025-10-03,39499586.3411
2025-10-06,39641392.549800001
2025-10-07,39494570.392399997
2025-10-08,39730226.830200002
2025-10-09,39615277.331999995
2025-10-10,38544710.812699996
2025-10-13,39136289.005700007
2025-10-14,39088625.085500002
2025-10-15,39262307.384699993
2025-10-16,38995066.954300001
2025-10-17,39216561.425500005
2025-10-20,39624581.031599998
2025-10-21,39624139.3574
2025-10-22,39418284.214299999
2025-10-23,39652179.270800002
2025-10-24,39976387.845199995
2025-10-27,40448167.640599996
2025-10-28,40555749.805599995
2025-10-29,40575381.116300002
2025-10-30,40129280.228
2025-10-31,40261064.054899998
2025-11-03,40336771.674000002
2025-11-04,39858789.283699997
2025-11-05,39997066.778200001
2025-11-06,39568073.824000001
2025-11-07,39607181.683800004
2025-11-10,40225371.542199999
2025-11-11,40317609.1149
2025-11-12,40340191.772199996
2025-11-13,39670938.361400001
2025-11-14,39664593.759099998
2025-11-17,39295209.4296
2025-11-18,38965373.129999995
2025-11-19,39116049.036600001
2025-11-20,38519977.477399997
2025-11-21,38903828.199199997
2025-11-24,39476584.035800003
2025-11-25,39848044.431699999
2025-11-26,40123284.802900001
2025-11-28,40342446.250700004
2025-12-01,40158415.102799997
2025-12-02,40232947.343800001
2025-12-03,40372416.744400002
2025-12-04,40402084.888400003
2025-12-05,40478980.226999998
2025-12-08,40357522.1131
2025-12-09,40322843.300000004
2025-12-10,40590420.254600003
2025-12-11,40685027.829400003
2025-12-12,40247732.372099996
2025-12-15,40187077.204599999
2025-12-16,40077422.309799999
2025-12-17,39636577.498499997
2025-12-18,39936037.199000001
2025-12-19,40297095.339199997
2025-12-22,40548292.875100002
2025-12-23,40733769.985200003
2025-12-24,40877209.735100001
2025-12-26,40873218.343899995
2025-12-29,40727715.149499997
2025-12-30,40678131.335999995
2025-12-31,40376902.984200001
2026-01-02,40451067.667100005
2026-01-05,40720628.667900003
2026-01-06,40962954.596699998
2026-01-07,40831067.056699999
2026-01-08,40827075.368099995
2026-01-09,41097233.928100005
2026-01-12,41161929.0616
2026-01-13,41079778.508599997
2026-01-14,40878018.314300001
2026-01-15,40989491.316
2026-01-16,40955301.583600007
2026-01-20,40121735.352399997
2026-01-21,40584933.671099998
2026-01-22,40797070.198600002
2026-01-23,40812026.618099995
2026-01-26,41019428.467199996
2026-01-27,41183013.385300003
2026-01-28,41179022.814499997
2026-01-29,41097461.0766
2026-01-30,40975040.492600001
2026-02-02,41178893.932600006
2026-02-03,40830862.540300004
2026-02-04,40633235.891799994
2026-02-05,40125909.533699997
2026-02-06,40895867.307800002
2026-02-09,41093210.494000003
2026-02-10,40984998.6087
2026-02-11,40975677.645199999
2026-02-12,40342803.391900003
2026-02-13,40371378.864100002
2026-02-17,40436669.2619
2026-02-18,40640529.096300006
2026-02-19,40533497.425000004
2026-02-20,40826778.241999999
2026-02-23,40410035.4736
2026-02-24,40703910.213400006
2026-02-25,41047530.779599994
2026-02-26,40819692.219099998
2026-02-27,40623830.2324
2026-03-02,40647078.0889
2026-03-03,40288952.560900003
2026-03-04,40573358.3037
2026-03-05,40347290.278499998
2026-03-06,39818605.511799999
2026-03-09,40167562.925899997
2026-03-10,40103163.089699998
2026-03-11,40052975.769299999
2026-03-12,39444925.738499999
2026-03-13,39221809.431500003
2026-03-16,39621109.445600003
2026-03-17,39725488.2575
2026-03-18,39171319.826100007
2026-03-19,39074934.581700005
2026-03-20,38516436.224799998
2026-03-23,38921004.132600002
2026-03-24,38790498.8473
2026-03-25,39006813.538800001
2026-03-26,38310345.943300001
2026-03-27,37657226.023100004
2026-03-30,37531465.048500001
2026-03-31,38622564.243500002
2026-04-01,38913711.576499999
2026-04-02,38948896.709699996
2026-04-06,39133147.7645
2026-04-07,39150517.303499997
2026-04-08,40147807.993400007
2026-04-09,40379577.090500005
2026-04-10,40353003.197800003
2026-04-13,40747502.888300002
2026-04-14,41244156.3825
2026-04-15,41569769.644600004
2026-04-16,41672077.149699993
2026-04-17,42175866.538899995
2026-04-20,42091689.594800003
2026-04-21,41816272.543400005
2026-04-22,42239889.789699994
2026-04-23,42076127.412199996
2026-04-24,42402346.231700003
2026-04-27,42475557.437899999
2026-04-28,42269031.681500003
2026-04-29,42262657.017899998
2026-04-30,42683315.814499997
2026-05-01,42801667.787500001
2026-05-04,42645030.398800001
2026-05-05,42987296.103299998
2026-05-06,43584956.785899997
2026-05-07,43451484.165600009
2026-05-08,43810387.047299996
2026-05-11,43910333.677100003
2026-05-12,43843976.531400003
2026-05-13,44089441.039899997
2026-05-14,44437660.590499997
2026-05-15,43903270.987400003
2026-05-18,43872550.035600007
2026-05-19,43580488.271599993
2026-05-20,44027308.195799999
2026-05-21,44114785.464199997
2026-05-22,44288387.9551
2026-05-26,44582566.590000004
2026-05-27,44575012.204099998
2026-05-28,44821082.607100002
2026-05-29,44932917.311300002
2026-06-01,45055444.377900004
2026-06-02,45116792.848700002
2026-06-03,44800371.721199997
2026-06-04,44969824.114100002
2026-06-05,43809350.867899999
2026-06-08,43908710.618999995
2026-06-09,43779980.087099999
2026-06-10,43089928.715400003
2026-06-11,43822481.878800005
2026-06-12,44059649.713800006
2026-06-15,44836761.642299995
2026-06-16,44569630.61689999
2026-06-17,44013219.395600006
2026-06-18,44469787.321800008
2026-06-22,44330007.113700002
2026-06-23,43686414.868599996
2026-06-24,43666330.892700002
2026-06-25,43729620.372100003
2026-06-26,43413558.994999997
2026-06-29,44128953.614600003
2026-06-30,44472741.314599998
2026-07-01,44412759.087399997
2026-07-02,44354563.020000003
2026-07-06,44741829.781499997
2026-07-07,44529389.305
2026-07-08,44391985.722399995
2026-07-09,44767941.607299991
2026-07-10,44961067.051600002
2026-07-13,44617007.603999995
2026-07-14,44775591.886100002
2026-07-15,44953235.106600001
2026-07-16,44709820.883500002
2026-07-17,44267488.053599998
2026-07-20,44196186.681000002
2026-07-21,44565006.347499996
2026-07-22,44513359.231599994
2026-07-23,43963816.752599999
2026-07-24,44008649.3979
2026-07-27,44018343.592700005
2026-07-28,44123925.414700001
2026-07-29,43445132.979499996
2026-07-30,44173689.472600006
2026-07-31,44491895.682299994
2026-08-03,45125763.676899999
2026-08-04,45939503.360399999
2026-08-05,45847955.053199999
2026-08-06,45774869.361199997
2026-08-07,46054969.566499993
2026-08-10,46041443.590400003
2026-08-11,45894503.758999996
2026-08-12,46009626.538599998
2026-08-13,46330828.326899998
2026-08-14,46239279.082399994
2026-08-17,46020865.064099997
2026-08-18,45710130.119599998
2026-08-19,45806194.8279
