date,index
1926-06-30,100
1926-07-01,99.589600000000004
1926-07-02,100.41589999999999
1926-07-06,100.65649999999999
1926-07-07,100.70650000000001
1926-07-08,100.9378
1926-07-09,99.998699999999999
1926-07-12,100.9397
1926-07-13,101.58540000000001
1926-07-14,101.9101
1926-07-15,101.655
1926-07-16,102.539
1926-07-19,103.04170000000001
1926-07-20,102.29940000000001
1926-07-21,101.88979999999999
1926-07-22,100.8502
1926-07-23,100.7893
1926-07-26,101.22199999999999
1926-07-27,101.6974
1926-07-28,102.97839999999999
1926-07-29,103.67829999999999
1926-07-30,103.8231
1926-08-02,104.0609
1926-08-03,105.4237
1926-08-04,105.2231
1926-08-05,105.2753
1926-08-06,105.8539
1926-08-09,107.4367
1926-08-10,105.7495
1926-08-11,105.0089
1926-08-12,105.6386
1926-08-13,106.39879999999999
1926-08-16,107.6683
1926-08-17,106.5913
1926-08-18,106.6442
1926-08-19,105.8013
1926-08-20,105.26130000000001
1926-08-23,106.1358
1926-08-24,104.9786
1926-08-25,104.28530000000001
1926-08-26,104.85850000000001
1926-08-27,105.0364
1926-08-30,105.71899999999999
1926-08-31,106.1521
1926-09-01,106.7037
1926-09-02,106.6927
1926-09-03,107.1617
1926-09-07,107.8257
1926-09-08,107.2431
1926-09-09,107.36069999999999
1926-09-10,106.68389999999999
1926-09-13,106.0645
1926-09-14,106.79600000000001
1926-09-15,106.7636
1926-09-16,106.0158
1926-09-17,104.6478
1926-09-20,104.1698
1926-09-21,105.0236
1926-09-22,104.6241
1926-09-23,104.67610000000001
1926-09-24,105.6073
1926-09-27,105.3218
1926-09-28,105.30029999999999
1926-09-29,105.4789
1926-09-30,106.0692
1926-10-01,107.4053
1926-10-04,105.57040000000001
1926-10-05,104.2081
1926-10-06,103.79089999999999
1926-10-07,103.5311
1926-10-08,104.0484
1926-10-11,102.2967
1926-10-13,103.3398
1926-10-14,104.2384
1926-10-15,102.0699
1926-10-18,101.92059999999999
1926-10-19,100.5851
1926-10-20,100.0617
1926-10-21,101.5823
1926-10-22,101.4194
1926-10-25,101.85380000000001
1926-10-26,102.271
1926-10-27,103.6615
1926-10-28,103.26730000000001
1926-10-29,103.081
1926-11-01,103.1511
1926-11-03,103.4293
1926-11-04,104.37009999999999
1926-11-05,104.7663
1926-11-08,106.26739999999999
1926-11-09,106.3308
1926-11-10,105.69240000000001
1926-11-11,106.5164
1926-11-12,107.34690000000001
1926-11-15,107.752
1926-11-16,107.73009999999999
1926-11-17,106.7709
1926-11-18,106.0765
1926-11-19,105.22750000000001
1926-11-22,106.6093
1926-11-23,106.39570000000001
1926-11-24,107.0337
1926-11-26,107.7183
1926-11-29,107.0398
1926-11-30,106.7932
1926-12-01,107.11320000000001
1926-12-02,107.9269
1926-12-03,108.3258
1926-12-06,108.6939
1926-12-07,108.59569999999999
1926-12-08,108.3672
1926-12-09,108.93040000000001
1926-12-10,109.4855
1926-12-13,109.94540000000001
1926-12-14,110.47280000000001
1926-12-15,110.7927
1926-12-16,109.7731
1926-12-17,111.3095
1926-12-20,111.285
1926-12-21,111.1733
1926-12-22,111.2396
1926-12-23,111.6953
1926-12-24,112.03
1926-12-27,111.60380000000001
1926-12-28,110.2754
1926-12-29,110.7381
1926-12-30,110.2948
1926-12-31,110.59220000000001
1927-01-03,109.3531
1927-01-04,109.6808
1927-01-05,109.834
1927-01-06,109.559
1927-01-07,110.02970000000001
1927-01-10,110.62430000000001
1927-01-11,110.3805
1927-01-12,110.5898
1927-01-13,110.324
1927-01-14,110.14709999999999
1927-01-17,109.82680000000001
1927-01-18,109.69459999999999
1927-01-19,110.6266
1927-01-20,110.4492
1927-01-21,110.3605
1927-01-24,109.62179999999999
1927-01-25,108.5581
1927-01-26,109.06789999999999
1927-01-27,108.58759999999999
1927-01-28,108.7067
1927-01-31,110.1784
1927-02-01,110.0017
1927-02-02,110.6504
1927-02-03,111.0372
1927-02-04,110.9258
1927-02-07,110.6814
1927-02-08,110.4928
1927-02-09,110.6692
1927-02-10,111.11150000000001
1927-02-11,111.5778
1927-02-14,112.5146
1927-02-15,112.3229
1927-02-16,112.345
1927-02-17,112.5244
1927-02-18,112.6477
1927-02-21,112.5797
1927-02-23,113.8853
1927-02-24,114.1354
1927-02-25,114.6144
1927-02-28,115.2657
1927-03-01,115.127
1927-03-02,113.699
1927-03-03,114.9379
1927-03-04,114.50069999999999
1927-03-07,113.5746
1927-03-08,113.6992
1927-03-09,114.5515
1927-03-10,115.0437
1927-03-11,115.2158
1927-03-14,115.619
1927-03-15,114.79770000000001
1927-03-16,115.6123
1927-03-17,116.0744
1927-03-18,115.3079
1927-03-21,115.3648
1927-03-22,113.83
1927-03-23,114.3533
1927-03-24,115.0275
1927-03-25,115.36069999999999
1927-03-28,115.85680000000001
1927-03-29,116.0997
1927-03-30,115.1473
1927-03-31,115.68810000000001
1927-04-01,116.3586
1927-04-04,116.66
1927-04-05,117.05629999999999
1927-04-06,117.43040000000001
1927-04-07,117.1129
1927-04-08,117.1828
1927-04-11,117.3113
1927-04-12,117.0059
1927-04-13,117.3916
1927-04-14,117.8138
1927-04-18,118.4149
1927-04-19,118.5921
1927-04-20,118.62730000000001
1927-04-21,118.5557
1927-04-22,118.496
1927-04-25,116.738
1927-04-26,117.5548
1927-04-27,117.0136
1927-04-28,115.67919999999999
1927-04-29,116.2341
1927-05-02,116.0009
1927-05-03,116.7313
1927-05-04,117.7231
1927-05-05,118.11109999999999
1927-05-06,118.0162
1927-05-09,118.59480000000001
1927-05-10,118.8078
1927-05-11,118.6292
1927-05-12,118.261
1927-05-13,119.27760000000001
1927-05-16,118.4421
1927-05-17,119.12860000000001
1927-05-18,119.5213
1927-05-19,119.7958
1927-05-20,120.7657
1927-05-23,121.1009
1927-05-24,121.2094
1927-05-25,121.68170000000001
1927-05-26,121.2676
1927-05-27,121.61879999999999
1927-05-31,122.154
1927-06-01,122.9843
1927-06-02,122.8485
1927-06-03,121.69329999999999
1927-06-06,122.69280000000001
1927-06-07,122.2752
1927-06-08,122.3115
1927-06-09,122.2132
1927-06-10,121.6872
1927-06-14,119.8629
1927-06-15,120.82129999999999
1927-06-16,121.5217
1927-06-17,121.6185
1927-06-20,121.39919999999999
1927-06-21,121.2409
1927-06-22,121.19199999999999
1927-06-23,120.5492
1927-06-24,120.4524
1927-06-27,119.0907
1927-06-28,119.50709999999999
1927-06-29,119.1362
1927-06-30,118.9213
1927-07-01,119.99120000000001
1927-07-05,121.59139999999999
1927-07-06,122.4543
1927-07-07,122.0865
1927-07-08,121.8419
1927-07-11,122.6699
1927-07-12,123.3687
1927-07-13,124.1331
1927-07-14,124.7533
1927-07-15,124.9525
1927-07-18,124.62730000000001
1927-07-19,124.6892
1927-07-20,125.71120000000001
1927-07-21,126.0125
1927-07-22,125.99939999999999
1927-07-25,127.5137
1927-07-26,127.53870000000001
1927-07-27,128.09950000000001
1927-07-28,129.12379999999999
1927-07-29,130.6857
1927-08-01,131.71899999999999
1927-08-02,133.27279999999999
1927-08-03,132.09950000000001
1927-08-04,133.20869999999999
1927-08-05,132.2491
1927-08-08,130.67320000000001
1927-08-09,132.01859999999999
1927-08-10,132.09739999999999
1927-08-11,130.3664
1927-08-12,128.1628
1927-08-15,131.29560000000001
1927-08-16,131.72839999999999
1927-08-17,132.8871
1927-08-18,132.7671
1927-08-19,133.21799999999999
1927-08-22,134.5514
1927-08-23,135.49279999999999
1927-08-24,135.46520000000001
1927-08-25,134.94990000000001
1927-08-26,135.32730000000001
1927-08-29,136.07089999999999
1927-08-30,136.6147
1927-08-31,135.08410000000001
1927-09-01,136.0292
1927-09-02,136.76329999999999
1927-09-06,138.87540000000001
1927-09-07,139.48599999999999
1927-09-08,139.6807
1927-09-09,139.47069999999999
1927-09-12,139.22989999999999
1927-09-13,141.0951
1927-09-14,141.26390000000001
1927-09-15,142.93029999999999
1927-09-16,143.3015
1927-09-19,141.55600000000001
1927-09-20,142.29159999999999
1927-09-21,141.56540000000001
1927-09-22,139.20079999999999
1927-09-23,139.8963
1927-09-26,139.30629999999999
1927-09-27,139.15260000000001
1927-09-28,138.05279999999999
1927-09-29,138.54929999999999
1927-09-30,140.34989999999999
1927-10-03,141.2199
1927-10-04,140.13200000000001
1927-10-05,139.64109999999999
1927-10-06,140.1293
1927-10-07,138.7696
1927-10-10,136.708
1927-10-11,136.8989
1927-10-13,138.5275
1927-10-14,138.58240000000001
1927-10-17,137.0138
1927-10-18,137.21889999999999
1927-10-19,135.99709999999999
1927-10-20,134.3511
1927-10-21,133.34299999999999
1927-10-24,132.1037
1927-10-25,134.61320000000001
1927-10-26,134.04730000000001
1927-10-27,133.0147
1927-10-28,130.72640000000001
1927-10-31,130.96199999999999
1927-11-01,131.15799999999999
1927-11-02,132.12809999999999
1927-11-03,134.03020000000001
1927-11-04,134.55250000000001
1927-11-07,136.8896
1927-11-09,135.137
1927-11-10,135.70400000000001
1927-11-11,137.00630000000001
1927-11-14,139.91139999999999
1927-11-15,139.869
1927-11-16,139.8125
1927-11-17,140.27340000000001
1927-11-18,141.07249999999999
1927-11-21,141.41919999999999
1927-11-22,141.8571
1927-11-23,142.94890000000001
1927-11-25,143.94900000000001
1927-11-28,143.226
1927-11-29,144.4716
1927-11-30,145.858
1927-12-01,145.06979999999999
1927-12-02,145.12739999999999
1927-12-05,145.60480000000001
1927-12-06,145.66249999999999
1927-12-07,144.1908
1927-12-08,141.9409
1927-12-09,144.4812
1927-12-12,145.99879999999999
1927-12-13,146.49469999999999
1927-12-14,146.1865
1927-12-15,147.64789999999999
1927-12-16,149.16810000000001
1927-12-19,149.70419999999999
1927-12-20,150.03299999999999
1927-12-21,150.73759999999999
1927-12-22,151.49080000000001
1927-12-23,152.44460000000001
1927-12-27,151.50030000000001
1927-12-28,149.42420000000001
1927-12-29,149.94669999999999
1927-12-30,151.07079999999999
1928-01-03,152.0986
1928-01-04,151.79390000000001
1928-01-05,149.95670000000001
1928-01-06,151.6506
1928-01-09,149.68109999999999
1928-01-10,148.21369999999999
1928-01-11,148.00569999999999
1928-01-12,149.05600000000001
1928-01-13,150.20320000000001
1928-01-16,146.99029999999999
1928-01-17,147.21029999999999
1928-01-18,146.72399999999999
1928-01-19,147.8973
1928-01-20,149.13910000000001
1928-01-23,150.58690000000001
1928-01-24,152.1224
1928-01-25,150.02250000000001
1928-01-26,150.62209999999999
1928-01-27,151.5102
1928-01-30,149.42599999999999
1928-01-31,150.36680000000001
1928-02-01,150.06549999999999
1928-02-02,151.1155
1928-02-03,148.95400000000001
1928-02-06,150.41650000000001
1928-02-07,150.00989999999999
1928-02-08,150.26429999999999
1928-02-09,151.3006
1928-02-10,151.1942
1928-02-14,150.12180000000001
1928-02-15,149.07040000000001
1928-02-16,148.5779
1928-02-17,145.44239999999999
1928-02-20,144.27760000000001
1928-02-21,145.95070000000001
1928-02-23,145.87719999999999
1928-02-24,146.03720000000001
1928-02-27,145.32040000000001
1928-02-28,145.6977
1928-02-29,146.4402
1928-03-01,146.74719999999999
1928-03-02,145.82220000000001
1928-03-05,148.04339999999999
1928-03-06,148.48699999999999
1928-03-07,147.2689
1928-03-08,147.94579999999999
1928-03-09,149.91290000000001
1928-03-12,150.85230000000001
1928-03-13,149.5393
1928-03-14,149.4939
1928-03-15,150.4502
1928-03-16,150.97620000000001
1928-03-19,151.5196
1928-03-20,152.0797
1928-03-21,153.9041
1928-03-22,152.62610000000001
1928-03-23,153.08349999999999
1928-03-26,153.75620000000001
1928-03-27,153.2944
1928-03-28,153.953
1928-03-29,153.96789999999999
1928-03-30,156.78489999999999
1928-04-02,154.0043
1928-04-03,155.43600000000001
1928-04-04,155.0624
1928-04-05,156.31780000000001
1928-04-09,157.8023
1928-04-10,156.3973
1928-04-11,158.61760000000001
1928-04-12,157.8398
1928-04-13,159.51230000000001
1928-04-16,157.7619
1928-04-17,156.6885
1928-04-18,157.00139999999999
1928-04-19,158.41380000000001
1928-04-20,155.84690000000001
1928-04-23,154.6619
1928-04-24,155.2182
1928-04-25,155.60570000000001
1928-04-26,156.39869999999999
1928-04-27,157.93090000000001
1928-04-30,159.05330000000001
1928-05-01,160.29329999999999
1928-05-02,160.4691
1928-05-03,160.4203
1928-05-04,162.37690000000001
1928-05-07,163.172
1928-05-08,161.83340000000001
1928-05-09,161.8004
1928-05-10,162.72210000000001
1928-05-11,163.6002
1928-05-14,165.0557
1928-05-15,165.50069999999999
1928-05-16,162.8852
1928-05-17,163.45480000000001
1928-05-18,163.3561
1928-05-21,161.83629999999999
1928-05-22,159.94220000000001
1928-05-23,162.22880000000001
1928-05-24,163.57480000000001
1928-05-25,164.65379999999999
1928-05-28,161.85409999999999
1928-05-29,163.22929999999999
1928-05-31,165.31800000000001
1928-06-01,165.49930000000001
1928-06-04,163.4855
1928-06-05,164.1225
1928-06-06,163.1208
1928-06-07,161.92939999999999
1928-06-08,159.35409999999999
1928-06-11,153.93289999999999
1928-06-12,149.96090000000001
1928-06-13,154.29419999999999
1928-06-14,156.59270000000001
1928-06-15,153.8674
1928-06-18,150.2021
1928-06-19,149.4205
1928-06-20,151.37739999999999
1928-06-21,151.37690000000001
1928-06-22,151.2098
1928-06-25,150.54230000000001
1928-06-26,152.4085
1928-06-27,154.61779999999999
1928-06-28,156.08619999999999
1928-06-29,156.429
1928-07-02,154.16489999999999
1928-07-03,156.6618
1928-07-05,158.55690000000001
1928-07-06,157.74770000000001
1928-07-09,158.2037
1928-07-10,157.5703
1928-07-11,154.10319999999999
1928-07-12,153.44
1928-07-13,154.80510000000001
1928-07-16,152.9931
1928-07-17,153.69640000000001
1928-07-18,154.75630000000001
1928-07-19,155.11170000000001
1928-07-20,156.02629999999999
1928-07-23,157.08359999999999
1928-07-24,157.4915
1928-07-25,158.05789999999999
1928-07-26,158.38929999999999
1928-07-27,159.98840000000001
1928-07-30,159.42599999999999
1928-07-31,159.36170000000001
1928-08-01,159.5205
1928-08-02,158.3235
1928-08-03,158.94040000000001
1928-08-06,160.24119999999999
1928-08-07,159.80789999999999
1928-08-08,157.77780000000001
1928-08-09,157.72989999999999
1928-08-10,157.5085
1928-08-13,158.58029999999999
1928-08-14,157.3904
1928-08-15,160.27000000000001
1928-08-16,161.6798
1928-08-17,162.76249999999999
1928-08-20,163.62479999999999
1928-08-21,164.54050000000001
1928-08-22,164.7868
1928-08-23,165.297
1928-08-24,167.3792
1928-08-27,167.59379999999999
1928-08-28,168.9674
1928-08-29,169.8792
1928-08-30,170.762
1928-08-31,172.4178
1928-09-04,173.00280000000001
1928-09-05,173.05410000000001
1928-09-06,173.0881
1928-09-07,174.31639999999999
1928-09-10,173.09729999999999
1928-09-11,174.7064
1928-09-12,175.10759999999999
1928-09-13,174.5992
1928-09-14,174.84299999999999
1928-09-17,177.80709999999999
1928-09-18,177.4153
1928-09-19,177.2373
1928-09-20,177.04169999999999
1928-09-21,177.60759999999999
1928-09-24,179.2433
1928-09-25,179.22470000000001
1928-09-26,178.8836
1928-09-27,177.11199999999999
1928-09-28,176.86340000000001
1928-10-01,179.23840000000001
1928-10-02,178.09059999999999
1928-10-03,177.25290000000001
1928-10-04,178.10310000000001
1928-10-05,178.22720000000001
1928-10-08,177.2654
1928-10-09,177.7611
1928-10-10,178.77369999999999
1928-10-11,180.52510000000001
1928-10-15,183.0052
1928-10-16,182.8947
1928-10-17,182.5831
1928-10-18,182.9111
1928-10-19,184.46520000000001
1928-10-22,185.0728
1928-10-23,187.6816
1928-10-24,187.83109999999999
1928-10-25,186.6283
1928-10-26,184.44409999999999
1928-10-29,187.34999999999999
1928-10-30,185.00749999999999
1928-10-31,185.6728
1928-11-01,187.696
1928-11-02,186.7756
1928-11-05,189.12469999999999
1928-11-07,193.11449999999999
1928-11-08,191.66550000000001
1928-11-09,194.4248
1928-11-12,196.33269999999999
1928-11-13,196.74430000000001
1928-11-14,196.74359999999999
1928-11-15,198.21850000000001
1928-11-16,203.49039999999999
1928-11-19,203.9983
1928-11-20,206.0376
1928-11-21,202.9051
1928-11-22,207.9161
1928-11-23,206.64709999999999
1928-11-26,208.0102
1928-11-27,208.9247
1928-11-28,210.09389999999999
1928-11-30,209.37889999999999
1928-12-03,205.97909999999999
1928-12-04,205.93719999999999
1928-12-05,204.04179999999999
1928-12-06,196.49160000000001
1928-12-07,192.03049999999999
1928-12-10,193.2157
1928-12-11,198.1806
1928-12-12,196.37649999999999
1928-12-13,195.4528
1928-12-14,195.84299999999999
1928-12-17,195.19120000000001
1928-12-18,196.791
1928-12-19,200.45060000000001
1928-12-20,201.71279999999999
1928-12-21,204.1729
1928-12-24,206.85390000000001
1928-12-26,205.42580000000001
1928-12-27,209.04060000000001
1928-12-28,213.05340000000001
1928-12-31,216.29570000000001
1929-01-02,218.43629999999999
1929-01-03,220.29220000000001
1929-01-04,220.95230000000001
1929-01-07,216.2483
1929-01-08,215.46899999999999
1929-01-09,218.5926
1929-01-10,219.26939999999999
1929-01-11,219.8826
1929-01-14,221.1575
1929-01-15,218.23740000000001
1929-01-16,221.53200000000001
1929-01-17,223.65790000000001
1929-01-18,224.88730000000001
1929-01-21,226.3707
1929-01-22,228.4299
1929-01-23,228.81739999999999
1929-01-24,226.7115
1929-01-25,228.72839999999999
1929-01-28,229.66540000000001
1929-01-29,228.3785
1929-01-30,227.34999999999999
1929-01-31,231.60059999999999
1929-02-01,233.661
1929-02-04,233.12299999999999
1929-02-05,235.77979999999999
1929-02-06,233.39760000000001
1929-02-07,225.25120000000001
1929-02-08,223.35830000000001
1929-02-11,229.70079999999999
1929-02-13,231.03229999999999
1929-02-14,229.2525
1929-02-15,225.0564
1929-02-18,224.7826
1929-02-19,225.43369999999999
1929-02-20,227.9126
1929-02-21,229.62119999999999
1929-02-25,232.238
1929-02-26,234.1183
1929-02-27,236.83330000000001
1929-02-28,242.77690000000001
1929-03-01,246.9761
1929-03-04,243.25989999999999
1929-03-05,242.6266
1929-03-06,239.01060000000001
1929-03-07,241.3998
1929-03-08,243.45089999999999
1929-03-11,238.37020000000001
1929-03-12,239.6566
1929-03-13,241.9564
1929-03-14,245.73009999999999
1929-03-15,248.43219999999999
1929-03-18,250.21709999999999
1929-03-19,251.8426
1929-03-20,250.88470000000001
1929-03-21,249.65450000000001
1929-03-22,245.73400000000001
1929-03-25,231.3449
1929-03-26,228.68360000000001
1929-03-27,236.18360000000001
1929-03-28,239.65469999999999
1929-04-01,234.18969999999999
1929-04-02,235.8048
1929-04-03,233.98820000000001
1929-04-04,236.98249999999999
1929-04-05,235.3227
1929-04-08,231.84909999999999
1929-04-09,228.7647
1929-04-10,230.79990000000001
1929-04-11,234.238
1929-04-12,234.84620000000001
1929-04-15,232.24520000000001
1929-04-16,231.52440000000001
1929-04-17,233.83879999999999
1929-04-18,234.8201
1929-04-19,233.69210000000001
1929-04-22,234.67150000000001
1929-04-23,235.6328
1929-04-24,236.00890000000001
1929-04-25,235.2765
1929-04-26,235.39330000000001
1929-04-29,237.01320000000001
1929-04-30,243.90940000000001
1929-05-01,244.6403
1929-05-02,246.10730000000001
1929-05-03,247.82910000000001
1929-05-06,245.69399999999999
1929-05-07,243.28530000000001
1929-05-08,242.4573
1929-05-09,241.1472
1929-05-10,242.8826
1929-05-13,235.93879999999999
1929-05-14,237.07050000000001
1929-05-15,235.93170000000001
1929-05-16,235.01070000000001
1929-05-17,236.84299999999999
1929-05-20,229.1617
1929-05-21,229.4359
1929-05-22,221.9325
1929-05-23,225.0609
1929-05-24,223.21459999999999
1929-05-27,214.61019999999999
1929-05-28,217.84999999999999
1929-05-29,217.95820000000001
1929-05-31,218.3715
1929-06-03,221.32859999999999
1929-06-04,226.5069
1929-06-05,226.1437
1929-06-06,226.59520000000001
1929-06-07,225.4161
1929-06-10,223.59289999999999
1929-06-11,224.97839999999999
1929-06-12,224.9776
1929-06-13,228.62139999999999
1929-06-14,230.26669999999999
1929-06-17,233.083
1929-06-18,232.59270000000001
1929-06-19,231.66149999999999
1929-06-20,233.05070000000001
1929-06-21,235.49690000000001
1929-06-24,235.06469999999999
1929-06-25,237.55549999999999
1929-06-26,239.8827
1929-06-27,238.8503
1929-06-28,239.97210000000001
1929-07-01,242.66569999999999
1929-07-02,246.1592
1929-07-03,248.15219999999999
1929-07-05,247.6798
1929-07-08,249.46539999999999
1929-07-09,251.11099999999999
1929-07-10,250.6079
1929-07-11,250.00550000000001
1929-07-12,251.8047
1929-07-15,247.01660000000001
1929-07-16,248.94239999999999
1929-07-17,250.26089999999999
1929-07-18,250.6104
1929-07-19,251.88759999999999
1929-07-22,249.18029999999999
1929-07-23,251.4221
1929-07-24,248.85669999999999
1929-07-25,249.62719999999999
1929-07-26,249.80109999999999
1929-07-29,246.31139999999999
1929-07-30,248.6259
1929-07-31,251.7328
1929-08-01,254.5513
1929-08-02,255.72130000000001
1929-08-05,255.2859
1929-08-06,255.9742
1929-08-07,253.6183
1929-08-08,256.45800000000003
1929-08-09,246.99369999999999
1929-08-12,255.839
1929-08-13,258.88249999999999
1929-08-14,257.79430000000002
1929-08-15,257.97379999999998
1929-08-16,259.108
1929-08-19,262.76510000000002
1929-08-20,263.13200000000001
1929-08-21,262.78899999999999
1929-08-22,264.70639999999997
1929-08-23,268.25259999999997
1929-08-26,268.96809999999999
1929-08-27,268.77890000000002
1929-08-28,268.536
1929-08-29,270.5222
1929-08-30,274.41680000000002
1929-09-03,277.10509999999999
1929-09-04,275.21980000000002
1929-09-05,270.45749999999998
1929-09-06,275.32479999999998
1929-09-09,274.07479999999998
1929-09-10,268.45519999999999
1929-09-11,270.65559999999999
1929-09-12,266.97370000000001
1929-09-13,267.74700000000001
1929-09-16,269.24279999999999
1929-09-17,266.89940000000001
1929-09-18,270.68849999999998
1929-09-19,270.3356
1929-09-20,266.36070000000001
1929-09-23,265.39789999999999
1929-09-24,261.3098
1929-09-25,260.83850000000001
1929-09-26,262.03739999999999
1929-09-27,255.24969999999999
1929-09-30,254.73240000000001
1929-10-01,253.05029999999999
1929-10-02,255.9342
1929-10-03,247.02670000000001
1929-10-04,243.93799999999999
1929-10-07,257.17410000000001
1929-10-08,257.71319999999997
1929-10-09,257.73809999999997
1929-10-10,263.61360000000002
1929-10-11,262.76909999999998
1929-10-14,261.63819999999998
1929-10-15,259.70119999999997
1929-10-16,250.8964
1929-10-17,254.30770000000001
1929-10-18,247.84729999999999
1929-10-21,239.4452
1929-10-22,244.6164
1929-10-23,228.20179999999999
1929-10-24,223.38589999999999
1929-10-25,227.78579999999999
1929-10-28,200.8664
1929-10-29,182.14500000000001
1929-10-30,199.79419999999999
1929-10-31,210.68219999999999
1929-11-04,201.9171
1929-11-06,183.25919999999999
1929-11-07,188.07830000000001
1929-11-08,187.66380000000001
1929-11-11,175.7653
1929-11-12,165.74600000000001
1929-11-13,155.27029999999999
1929-11-14,166.3716
1929-11-15,178.88210000000001
1929-11-18,176.0909
1929-11-19,180.68629999999999
1929-11-20,186.8109
1929-11-21,189.05189999999999
1929-11-22,187.06620000000001
1929-11-25,182.59469999999999
1929-11-26,180.12899999999999
1929-11-27,182.38
1929-12-02,181.50389999999999
1929-12-03,187.20249999999999
1929-12-04,188.90530000000001
1929-12-05,187.88460000000001
1929-12-06,192.52459999999999
1929-12-09,195.14660000000001
1929-12-10,194.79470000000001
1929-12-11,193.76159999999999
1929-12-12,183.89840000000001
1929-12-13,186.2517
1929-12-16,184.42310000000001
1929-12-17,186.02690000000001
1929-12-18,184.5752
1929-12-19,179.5172
1929-12-20,174.167
1929-12-23,174.3604
1929-12-24,174.13310000000001
1929-12-26,178.2072
1929-12-27,178.84809999999999
1929-12-30,177.9854
1929-12-31,182.5412
1930-01-02,180.5873
1930-01-03,182.15780000000001
1930-01-06,185.8553
1930-01-07,184.68369999999999
1930-01-08,184.18440000000001
1930-01-09,186.57820000000001
1930-01-10,186.76410000000001
1930-01-13,184.54589999999999
1930-01-14,185.33879999999999
1930-01-15,184.94890000000001
1930-01-16,183.8571
1930-01-17,181.9811
1930-01-20,182.74529999999999
1930-01-21,183.00049999999999
1930-01-22,183.56710000000001
1930-01-23,186.7972
1930-01-24,188.25360000000001
1930-01-27,190.63229999999999
1930-01-28,189.90729999999999
1930-01-29,192.29939999999999
1930-01-30,191.62569999999999
1930-01-31,194.25030000000001
1930-02-03,194.18729999999999
1930-02-04,196.012
1930-02-05,197.3441
1930-02-06,195.6463
1930-02-07,195.2543
1930-02-10,196.36420000000001
1930-02-11,198.0719
1930-02-13,198.54660000000001
1930-02-14,199.5188
1930-02-17,199.17019999999999
1930-02-18,199.4682
1930-02-19,197.47280000000001
1930-02-20,193.4042
1930-02-21,195.8597
1930-02-24,194.6643
1930-02-25,194.93610000000001
1930-02-26,197.56710000000001
1930-02-27,198.37639999999999
1930-02-28,199.3279
1930-03-03,199.78550000000001
1930-03-04,201.28319999999999
1930-03-05,198.50479999999999
1930-03-06,200.64789999999999
1930-03-07,200.6472
1930-03-10,202.65719999999999
1930-03-11,202.73759999999999
1930-03-12,199.7971
1930-03-13,200.196
1930-03-14,198.874
1930-03-17,200.9562
1930-03-18,203.02539999999999
1930-03-19,204.60820000000001
1930-03-20,204.4847
1930-03-21,207.20359999999999
1930-03-24,208.46879999999999
1930-03-25,208.1345
1930-03-26,208.94550000000001
1930-03-27,209.15369999999999
1930-03-28,208.90199999999999
1930-03-31,211.10040000000001
1930-04-01,212.9573
1930-04-02,211.40199999999999
1930-04-03,210.97839999999999
1930-04-04,211.9693
1930-04-07,212.30549999999999
1930-04-08,211.22200000000001
1930-04-09,211.6437
1930-04-10,211.262
1930-04-11,209.16970000000001
1930-04-14,210.10910000000001
1930-04-15,210.19239999999999
1930-04-16,209.72919999999999
1930-04-17,210.16890000000001
1930-04-21,205.22919999999999
1930-04-22,204.87950000000001
1930-04-23,203.30119999999999
1930-04-24,201.6131
1930-04-25,201.37049999999999
1930-04-28,195.66239999999999
1930-04-29,194.68340000000001
1930-04-30,194.91630000000001
1930-05-01,190.80289999999999
1930-05-02,187.63489999999999
1930-05-05,180.8845
1930-05-06,184.2664
1930-05-07,182.86529999999999
1930-05-08,185.35159999999999
1930-05-09,186.31479999999999
1930-05-12,190.26060000000001
1930-05-13,191.38249999999999
1930-05-14,191.63059999999999
1930-05-15,189.7902
1930-05-16,191.53559999999999
1930-05-19,187.5909
1930-05-20,188.2843
1930-05-21,187.11619999999999
1930-05-22,186.25479999999999
1930-05-23,188.99209999999999
1930-05-26,189.8236
1930-05-27,189.2724
1930-05-28,190.31280000000001
1930-05-29,191.3398
1930-06-02,190.93729999999999
1930-06-03,189.25630000000001
1930-06-04,189.00960000000001
1930-06-05,186.83529999999999
1930-06-06,183.864
1930-06-09,176.05779999999999
1930-06-10,180.35300000000001
1930-06-11,174.97790000000001
1930-06-12,174.2073
1930-06-13,175.02549999999999
1930-06-16,162.90430000000001
1930-06-17,162.33359999999999
1930-06-18,157.05709999999999
1930-06-19,162.93049999999999
1930-06-20,159.5573
1930-06-23,157.99969999999999
1930-06-24,153.95439999999999
1930-06-25,154.077
1930-06-26,159.0531
1930-06-27,157.50980000000001
1930-06-30,161.7372
1930-07-01,160.26480000000001
1930-07-02,161.51429999999999
1930-07-03,160.17310000000001
1930-07-07,157.43360000000001
1930-07-08,158.12569999999999
1930-07-09,159.37440000000001
1930-07-10,162.40190000000001
1930-07-11,160.87479999999999
1930-07-14,166.69810000000001
1930-07-15,167.2809
1930-07-16,168.6353
1930-07-17,170.0513
1930-07-18,172.07429999999999
1930-07-21,165.892
1930-07-22,168.24709999999999
1930-07-23,170.46729999999999
1930-07-24,168.9496
1930-07-25,170.19919999999999
1930-07-28,172.2097
1930-07-29,170.86590000000001
1930-07-30,167.5505
1930-07-31,168.70599999999999
1930-08-01,168.1824
1930-08-04,170.94999999999999
1930-08-05,170.3681
1930-08-06,168.62970000000001
1930-08-07,167.6848
1930-08-08,162.31829999999999
1930-08-11,162.3323
1930-08-12,158.24100000000001
1930-08-13,159.3323
1930-08-14,158.39169999999999
1930-08-15,161.5273
1930-08-18,162.10579999999999
1930-08-19,163.2886
1930-08-20,163.71260000000001
1930-08-21,162.697
1930-08-22,163.10319999999999
1930-08-25,162.9162
1930-08-26,164.9358
1930-08-27,165.51249999999999
1930-08-28,164.8167
1930-08-29,166.46430000000001
1930-09-02,166.0642
1930-09-03,164.98419999999999
1930-09-04,164.0102
1930-09-05,166.20740000000001
1930-09-08,168.56270000000001
1930-09-09,169.15209999999999
1930-09-10,169.92959999999999
1930-09-11,168.87540000000001
1930-09-12,167.3887
1930-09-15,163.85650000000001
1930-09-16,165.01929999999999
1930-09-17,165.29929999999999
1930-09-18,163.249
1930-09-19,160.52209999999999
1930-09-22,155.67619999999999
1930-09-23,156.88990000000001
1930-09-24,153.9555
1930-09-25,150.8451
1930-09-26,148.53659999999999
1930-09-29,144.7638
1930-09-30,141.8391
1930-10-01,147.20009999999999
1930-10-02,145.8895
1930-10-03,147.14359999999999
1930-10-06,142.33920000000001
1930-10-07,141.72659999999999
1930-10-08,140.238
1930-10-09,134.85239999999999
1930-10-10,136.99600000000001
1930-10-14,135.76329999999999
1930-10-15,138.74959999999999
1930-10-16,137.4032
1930-10-17,132.31880000000001
1930-10-20,134.0821
1930-10-21,130.71610000000001
1930-10-22,129.2124
1930-10-23,130.5299
1930-10-24,133.57079999999999
1930-10-27,134.47999999999999
1930-10-28,135.68989999999999
1930-10-29,133.0299
1930-10-30,131.96520000000001
1930-10-31,128.69200000000001
1930-11-03,128.3535
1930-11-05,125.1185
1930-11-06,125.068
1930-11-07,121.2655
1930-11-10,119.42740000000001
1930-11-11,120.8959
1930-11-12,124.1476
1930-11-13,127.586
1930-11-14,130.7242
1930-11-17,127.376
1930-11-18,128.77670000000001
1930-11-19,130.86240000000001
1930-11-20,130.46940000000001
1930-11-21,132.13890000000001
1930-11-24,130.4752
1930-11-25,129.5222
1930-11-26,127.5919
1930-11-28,126.6217
1930-12-01,129.25540000000001
1930-12-02,131.18090000000001
1930-12-03,129.13399999999999
1930-12-04,126.92529999999999
1930-12-05,126.3918
1930-12-08,123.6383
1930-12-09,123.06910000000001
1930-12-10,120.8411
1930-12-11,119.66849999999999
1930-12-12,118.8065
1930-12-15,113.87269999999999
1930-12-16,110.4789
1930-12-17,114.511
1930-12-18,114.4648
1930-12-19,116.00960000000001
1930-12-22,112.7859
1930-12-23,112.7854
1930-12-24,114.4768
1930-12-26,112.6448
1930-12-29,111.45350000000001
1930-12-30,113.05800000000001
1930-12-31,115.34139999999999
1931-01-02,118.61669999999999
1931-01-05,119.9653
1931-01-06,121.5244
1931-01-07,121.9858
1931-01-08,122.86360000000001
1931-01-09,121.79430000000001
1931-01-12,120.8361
1931-01-13,119.6031
1931-01-14,120.45189999999999
1931-01-15,118.09059999999999
1931-01-16,119.3301
1931-01-19,117.83069999999999
1931-01-20,120.069
1931-01-21,119.5643
1931-01-22,121.453
1931-01-23,123.55370000000001
1931-01-26,123.4387
1931-01-27,123.179
1931-01-28,120.0868
1931-01-29,121.57550000000001
1931-01-30,121.6358
1931-02-02,121.04949999999999
1931-02-03,121.5817
1931-02-04,122.23779999999999
1931-02-05,120.9661
1931-02-06,120.9173
1931-02-09,126.0949
1931-02-10,129.23419999999999
1931-02-11,129.27250000000001
1931-02-13,129.1686
1931-02-16,131.69579999999999
1931-02-17,129.8252
1931-02-18,131.23990000000001
1931-02-19,134.48099999999999
1931-02-20,135.48920000000001
1931-02-24,138.66329999999999
1931-02-25,136.6661
1931-02-26,138.03229999999999
1931-02-27,137.452
1931-03-02,134.35230000000001
1931-03-03,133.6129
1931-03-04,132.04910000000001
1931-03-05,133.8973
1931-03-06,131.4331
1931-03-09,134.23050000000001
1931-03-10,134.10919999999999
1931-03-11,132.9554
1931-03-12,131.8913
1931-03-13,131.1259
1931-03-16,133.69380000000001
1931-03-17,132.40979999999999
1931-03-18,133.9983
1931-03-19,135.87379999999999
1931-03-20,136.0635
1931-03-23,133.90780000000001
1931-03-24,135.95609999999999
1931-03-25,135.34379999999999
1931-03-26,133.19139999999999
1931-03-27,130.59370000000001
1931-03-30,126.8308
1931-03-31,127.10939999999999
1931-04-01,125.7743
1931-04-02,125.04430000000001
1931-04-06,124.38630000000001
1931-04-07,122.1345
1931-04-08,123.5386
1931-04-09,123.42700000000001
1931-04-10,123.5746
1931-04-13,124.9344
1931-04-14,123.6721
1931-04-15,120.6293
1931-04-16,119.44670000000001
1931-04-17,117.5232
1931-04-20,117.7422
1931-04-21,114.5509
1931-04-22,111.4462
1931-04-23,112.0365
1931-04-24,111.46469999999999
1931-04-27,107.5295
1931-04-28,107.0775
1931-04-29,103.50069999999999
1931-04-30,108.1061
1931-05-01,104.8734
1931-05-04,107.7355
1931-05-05,104.5354
1931-05-06,106.3853
1931-05-07,105.6083
1931-05-08,108.98739999999999
1931-05-11,107.39700000000001
1931-05-12,106.07559999999999
1931-05-13,105.6403
1931-05-14,103.4849
1931-05-15,101.7045
1931-05-18,98.211500000000001
1931-05-19,97.611999999999995
1931-05-20,97.269999999999996
1931-05-21,97.474000000000004
1931-05-22,97.629599999999996
1931-05-25,92.266599999999997
1931-05-26,91.509699999999995
1931-05-27,89.605900000000005
1931-05-28,89.569800000000001
1931-05-29,87.885499999999993
1931-06-01,84.343400000000003
1931-06-02,81.770700000000005
1931-06-03,86.889200000000002
1931-06-04,90.659899999999993
1931-06-05,90.015900000000002
1931-06-08,91.116600000000005
1931-06-09,89.476200000000006
1931-06-10,90.817999999999998
1931-06-11,90.781300000000002
1931-06-12,91.216800000000006
1931-06-15,90.660300000000007
1931-06-16,90.587400000000002
1931-06-17,89.590599999999995
1931-06-18,87.923900000000003
1931-06-19,87.721400000000003
1931-06-22,98.606700000000004
1931-06-23,98.251400000000004
1931-06-24,102.9573
1931-06-25,103.0393
1931-06-26,106.4289
1931-06-29,105.8733
1931-06-30,103.3426
1931-07-01,105.068
1931-07-02,104.18510000000001
1931-07-03,106.7268
1931-07-06,105.0508
1931-07-07,100.7539
1931-07-08,98.436199999999999
1931-07-09,99.174099999999996
1931-07-10,100.21510000000001
1931-07-13,97.555700000000002
1931-07-14,96.140799999999999
1931-07-15,93.631200000000007
1931-07-16,96.599000000000004
1931-07-17,97.438999999999993
1931-07-20,98.656400000000005
1931-07-21,99.188800000000001
1931-07-22,96.361599999999996
1931-07-23,96.361199999999997
1931-07-24,94.231300000000005
1931-07-27,94.423900000000003
1931-07-28,94.725700000000003
1931-07-29,90.405799999999999
1931-07-30,90.767099999999999
1931-07-31,90.267600000000002
1931-08-03,91.016000000000005
1931-08-04,90.405900000000003
1931-08-05,88.687899999999999
1931-08-06,88.6875
1931-08-07,89.130700000000004
1931-08-10,88.592799999999997
1931-08-11,92.127399999999994
1931-08-12,90.763499999999993
1931-08-13,91.226100000000002
1931-08-14,93.260099999999994
1931-08-17,91.632900000000006
1931-08-18,91.586699999999993
1931-08-19,91.348299999999995
1931-08-20,91.430199999999999
1931-08-21,89.793199999999999
1931-08-24,89.022099999999995
1931-08-25,88.674599999999998
1931-08-26,89.897999999999996
1931-08-27,89.394300000000001
1931-08-28,90.350499999999997
1931-08-31,89.9161
1931-09-01,89.996700000000004
1931-09-02,88.439499999999995
1931-09-03,86.325400000000002
1931-09-04,85.936700000000002
1931-09-08,83.521500000000003
1931-09-09,82.953299999999999
1931-09-10,82.322599999999994
1931-09-11,82.709199999999996
1931-09-14,78.857699999999994
1931-09-15,78.408000000000001
1931-09-16,77.239400000000003
1931-09-17,77.733400000000003
1931-09-18,74.382900000000006
1931-09-21,72.009900000000002
1931-09-22,70.958299999999994
1931-09-23,74.144099999999995
1931-09-24,69.480199999999996
1931-09-25,71.057100000000005
1931-09-28,68.480999999999995
1931-09-29,65.727800000000002
1931-09-30,63.9069
1931-10-01,62.801099999999998
1931-10-02,63.623600000000003
1931-10-05,57.6464
1931-10-06,64.252499999999998
1931-10-07,63.474800000000002
1931-10-08,68.057500000000005
1931-10-09,68.465599999999995
1931-10-13,65.348500000000001
1931-10-14,64.008600000000001
1931-10-15,64.622799999999998
1931-10-16,66.457899999999995
1931-10-19,68.020600000000002
1931-10-20,71.013300000000001
1931-10-21,70.324200000000005
1931-10-22,68.439300000000003
1931-10-23,70.738600000000005
1931-10-26,68.983699999999999
1931-10-27,67.403700000000001
1931-10-28,65.024100000000004
1931-10-29,64.737799999999993
1931-10-30,66.394800000000004
1931-11-02,67.295000000000002
1931-11-04,69.542400000000001
1931-11-05,69.284899999999993
1931-11-06,71.889700000000005
1931-11-09,75.956699999999998
1931-11-10,73.936000000000007
1931-11-11,72.449600000000004
1931-11-12,72.543499999999995
1931-11-13,70.410499999999999
1931-11-16,69.006200000000007
1931-11-17,69.985799999999998
1931-11-18,66.542299999999997
1931-11-19,65.916600000000003
1931-11-20,63.609200000000001
1931-11-23,62.656799999999997
1931-11-24,63.728000000000002
1931-11-25,61.178699999999999
1931-11-27,59.991599999999998
1931-11-30,61.025300000000001
1931-12-01,59.719099999999997
1931-12-02,57.700400000000002
1931-12-03,58.334899999999998
1931-12-04,56.812100000000001
1931-12-07,58.773499999999999
1931-12-08,56.387099999999997
1931-12-09,54.734699999999997
1931-12-10,52.9392
1931-12-11,51.096699999999998
1931-12-14,48.947499999999998
1931-12-15,49.103900000000003
1931-12-16,48.1708
1931-12-17,46.238999999999997
1931-12-18,50.825699999999998
1931-12-21,49.415999999999997
1931-12-22,50.231200000000001
1931-12-23,48.713999999999999
1931-12-24,48.845399999999998
1931-12-28,46.153799999999997
1931-12-29,46.818199999999997
1931-12-30,48.400500000000001
1931-12-31,48.831099999999999
1932-01-04,45.872700000000002
1932-01-05,45.459699999999998
1932-01-06,49.273600000000002
1932-01-07,50.786099999999998
1932-01-08,53.371000000000002
1932-01-11,52.972200000000001
1932-01-12,52.092700000000001
1932-01-13,54.827399999999997
1932-01-14,55.260300000000001
1932-01-15,55.442500000000003
1932-01-18,53.401000000000003
1932-01-19,52.4343
1932-01-20,53.587600000000002
1932-01-21,53.549900000000001
1932-01-22,51.204300000000003
1932-01-25,51.539499999999997
1932-01-26,51.750599999999999
1932-01-27,50.021900000000002
1932-01-28,49.706600000000002
1932-01-29,49.825699999999998
1932-02-01,52.007399999999997
1932-02-02,50.7226
1932-02-03,50.489100000000001
1932-02-04,49.544800000000002
1932-02-05,48.360500000000002
1932-02-08,47.637500000000003
1932-02-09,46.832299999999996
1932-02-10,45.778399999999998
1932-02-11,49.531999999999996
1932-02-15,51.910899999999998
1932-02-16,54.4544
1932-02-17,52.934899999999999
1932-02-18,54.247500000000002
1932-02-19,54.768099999999997
1932-02-23,51.5672
1932-02-24,52.675699999999999
1932-02-25,52.433199999999999
1932-02-26,52.207599999999999
1932-02-29,51.932099999999998
1932-03-01,52.181199999999997
1932-03-02,54.325699999999998
1932-03-03,53.4617
1932-03-04,53.2851
1932-03-07,53.984299999999998
1932-03-08,54.631999999999998
1932-03-09,53.746699999999997
1932-03-10,52.999400000000001
1932-03-11,51.509999999999998
1932-03-14,49.980400000000003
1932-03-15,49.705399999999997
1932-03-16,49.431800000000003
1932-03-17,50.356000000000002
1932-03-18,49.303400000000003
1932-03-21,49.506900000000002
1932-03-22,48.947299999999998
1932-03-23,47.5473
1932-03-24,46.8767
1932-03-28,45.869100000000003
1932-03-29,45.607500000000002
1932-03-30,45.981299999999997
1932-03-31,44.312100000000001
1932-04-01,43.443399999999997
1932-04-04,41.589700000000001
1932-04-05,40.674599999999998
1932-04-06,39.633200000000002
1932-04-07,39.252499999999998
1932-04-08,37.635199999999998
1932-04-11,37.711199999999998
1932-04-12,37.684699999999999
1932-04-13,37.288800000000002
1932-04-14,38.060600000000001
1932-04-15,39.164200000000001
1932-04-18,37.323700000000002
1932-04-19,36.931600000000003
1932-04-20,36.761600000000001
1932-04-21,37.845999999999997
1932-04-22,36.396299999999997
1932-04-25,36.515599999999999
1932-04-26,37.125300000000003
1932-04-27,37.826799999999999
1932-04-28,36.411999999999999
1932-04-29,35.177500000000002
1932-05-02,34.815100000000001
1932-05-03,34.066400000000002
1932-05-04,34.141199999999998
1932-05-05,33.864600000000003
1932-05-06,36.336599999999997
1932-05-09,35.530099999999997
1932-05-10,35.643700000000003
1932-05-11,35.344099999999997
1932-05-12,34.2271
1932-05-13,33.210500000000003
1932-05-16,33.292400000000001
1932-05-17,33.448799999999999
1932-05-18,32.849899999999998
1932-05-19,32.242100000000001
1932-05-20,32.383899999999997
1932-05-23,32.3521
1932-05-24,31.261700000000001
1932-05-25,31.255299999999998
1932-05-26,31.208300000000001
1932-05-27,30.190799999999999
1932-05-31,27.698899999999998
1932-06-01,28.8123
1932-06-02,29.794699999999999
1932-06-03,29.982299999999999
1932-06-06,31.944400000000002
1932-06-07,30.906099999999999
1932-06-08,29.5337
1932-06-09,29.099499999999999
1932-06-10,31.0839
1932-06-13,30.6858
1932-06-14,31.262599999999999
1932-06-15,32.203499999999998
1932-06-16,32.387
1932-06-17,30.8873
1932-06-20,30.998200000000001
1932-06-21,30.418399999999998
1932-06-22,30.0776
1932-06-23,30.3813
1932-06-24,29.226700000000001
1932-06-27,28.042999999999999
1932-06-28,28.3065
1932-06-29,28.340399999999999
1932-06-30,28.0002
1932-07-01,29.027699999999999
1932-07-05,31.198899999999998
1932-07-06,31.751000000000001
1932-07-07,30.919
1932-07-08,30.748799999999999
1932-07-11,31.6554
1932-07-12,31.721699999999998
1932-07-13,32.904800000000002
1932-07-14,29.288499999999999
1932-07-15,33.567399999999999
1932-07-18,33.059199999999997
1932-07-19,32.814399999999999
1932-07-20,33.615000000000002
1932-07-21,34.105600000000003
1932-07-22,34.716000000000001
1932-07-25,36.404899999999998
1932-07-26,36.284700000000001
1932-07-27,37.790300000000002
1932-07-28,39.426499999999997
1932-07-29,40.5974
1932-08-01,38.216999999999999
1932-08-02,40.414400000000001
1932-08-03,44.015099999999997
1932-08-04,45.071300000000001
1932-08-05,46.937100000000001
1932-08-08,52.198500000000003
1932-08-09,51.4101
1932-08-10,54.227200000000003
1932-08-11,51.266199999999998
1932-08-12,50.081699999999998
1932-08-15,52.549900000000001
1932-08-16,54.331200000000003
1932-08-17,52.831499999999998
1932-08-18,53.269799999999996
1932-08-19,52.838099999999997
1932-08-22,56.222799999999999
1932-08-23,57.954300000000003
1932-08-24,59.478200000000001
1932-08-25,59.757599999999996
1932-08-26,61.442500000000003
1932-08-29,63.832799999999999
1932-08-30,63.475099999999998
1932-08-31,62.548099999999998
1932-09-01,59.714399999999998
1932-09-02,66.396299999999997
1932-09-06,65.752300000000005
1932-09-07,68.204599999999999
1932-09-08,65.4148
1932-09-09,63.118499999999997
1932-09-12,57.438299999999998
1932-09-13,54.1526
1932-09-14,50.134300000000003
1932-09-15,55.884500000000003
1932-09-16,54.643700000000003
1932-09-19,52.232399999999998
1932-09-20,54.222200000000001
1932-09-21,62.995199999999997
1932-09-22,60.815300000000001
1932-09-23,61.818600000000004
1932-09-26,59.385100000000001
1932-09-27,60.049999999999997
1932-09-28,61.635100000000001
1932-09-29,59.779600000000002
1932-09-30,59.032200000000003
1932-10-03,58.892400000000002
1932-10-04,59.1631
1932-10-05,53.566099999999999
1932-10-06,53.662300000000002
1932-10-07,50.302900000000001
1932-10-10,43.195500000000003
1932-10-11,49.152000000000001
1932-10-13,47.991799999999998
1932-10-14,51.773400000000002
1932-10-17,49.9754
1932-10-18,51.154699999999998
1932-10-19,53.661000000000001
1932-10-20,52.405200000000001
1932-10-21,49.124400000000001
1932-10-24,49.084899999999998
1932-10-25,48.476100000000002
1932-10-26,49.004300000000001
1932-10-27,49.342300000000002
1932-10-28,50.363500000000002
1932-10-31,49.620399999999997
1932-11-01,44.995600000000003
1932-11-02,43.182099999999998
1932-11-03,42.784700000000001
1932-11-04,45.869300000000003
1932-11-07,48.459600000000002
1932-11-09,46.365900000000003
1932-11-10,50.223399999999998
1932-11-11,52.156799999999997
1932-11-14,49.979199999999999
1932-11-15,49.734099999999998
1932-11-16,48.013100000000001
1932-11-17,47.4848
1932-11-18,47.508400000000002
1932-11-21,48.068300000000001
1932-11-22,47.741300000000003
1932-11-23,45.258600000000001
1932-11-25,44.584099999999999
1932-11-28,44.1922
1932-11-29,43.922499999999999
1932-11-30,42.683700000000002
1932-12-01,44.066499999999998
1932-12-02,42.400700000000001
1932-12-05,42.2378
1932-12-06,44.167900000000003
1932-12-07,44.499000000000002
1932-12-08,44.280799999999999
1932-12-09,45.099800000000002
1932-12-12,45.216299999999997
1932-12-13,44.167200000000001
1932-12-14,44.683799999999998
1932-12-15,44.437800000000003
1932-12-16,43.402299999999997
1932-12-19,43.076300000000003
1932-12-20,41.848399999999998
1932-12-21,41.530200000000001
1932-12-22,39.499299999999998
1932-12-23,39.5426
1932-12-27,39.556100000000001
1932-12-28,39.575699999999998
1932-12-29,39.832799999999999
1932-12-30,42.238599999999998
1933-01-03,42.249699999999997
1933-01-04,44.792999999999999
1933-01-05,44.913800000000002
1933-01-06,45.915199999999999
1933-01-09,45.111499999999999
1933-01-10,46.9925
1933-01-11,46.950000000000003
1933-01-12,46.184600000000003
1933-01-13,46.124400000000001
1933-01-16,44.297899999999998
1933-01-17,44.350900000000003
1933-01-18,43.414999999999999
1933-01-19,43.896700000000003
1933-01-20,44.686700000000002
1933-01-23,44.699800000000003
1933-01-24,44.4315
1933-01-25,45.284399999999998
1933-01-26,44.917400000000001
1933-01-27,44.517499999999998
1933-01-30,44.1738
1933-01-31,44.496099999999998
1933-02-01,43.379100000000001
1933-02-02,42.363799999999998
1933-02-03,42.414499999999997
1933-02-06,42.082000000000001
1933-02-07,42.334299999999999
1933-02-08,43.130099999999999
1933-02-09,43.569800000000001
1933-02-10,42.798499999999997
1933-02-14,40.723199999999999
1933-02-15,40.804499999999997
1933-02-16,39.947499999999998
1933-02-17,41.137799999999999
1933-02-20,39.961599999999997
1933-02-21,39.749699999999997
1933-02-23,37.9131
1933-02-24,39.110999999999997
1933-02-27,35.995699999999999
1933-02-28,36.740699999999997
1933-03-01,37.552599999999998
1933-03-02,37.060499999999998
1933-03-03,38.646500000000003
1933-03-15,47.689700000000002
1933-03-16,48.624200000000002
1933-03-17,46.440800000000003
1933-03-20,46.087600000000002
1933-03-21,43.631
1933-03-22,43.3429
1933-03-23,44.517299999999999
1933-03-24,44.267899999999997
1933-03-27,43.065199999999997
1933-03-28,43.909100000000002
1933-03-29,43.0396
1933-03-30,42.953299999999999
1933-03-31,41.780500000000004
1933-04-03,42.018799999999999
1933-04-04,42.497599999999998
1933-04-05,43.449399999999997
1933-04-06,45.082999999999998
1933-04-07,46.074599999999997
1933-04-10,49.286700000000003
1933-04-11,48.897199999999998
1933-04-12,47.728299999999997
1933-04-13,50.033499999999997
1933-04-17,49.317700000000002
1933-04-18,50.974499999999999
1933-04-19,57.341099999999997
1933-04-20,61.951099999999997
1933-04-21,58.611699999999999
1933-04-24,63.012300000000003
1933-04-25,61.789700000000003
1933-04-26,62.481499999999997
1933-04-27,61.7502
1933-04-28,62.917099999999998
1933-05-01,68.0047
1933-05-02,67.943200000000004
1933-05-03,69.709500000000006
1933-05-04,70.831599999999995
1933-05-05,70.909300000000002
1933-05-08,67.580399999999997
1933-05-09,67.958600000000004
1933-05-10,71.933899999999994
1933-05-11,74.530500000000004
1933-05-12,73.546400000000006
1933-05-15,71.585400000000007
1933-05-16,73.253100000000003
1933-05-17,74.732500000000002
1933-05-18,73.984999999999999
1933-05-19,73.570400000000006
1933-05-22,71.584000000000003
1933-05-23,74.626000000000005
1933-05-24,77.021299999999997
1933-05-25,75.788600000000002
1933-05-26,79.373199999999997
1933-05-29,85.165099999999995
1933-05-31,84.883799999999994
1933-06-01,87.370599999999996
1933-06-02,89.790400000000005
1933-06-05,89.138000000000005
1933-06-06,88.709800000000001
1933-06-07,90.794200000000004
1933-06-08,91.511200000000002
1933-06-09,91.510800000000003
1933-06-12,94.988
1933-06-13,92.328000000000003
1933-06-14,90.545699999999997
1933-06-15,82.912400000000005
1933-06-16,84.081199999999995
1933-06-19,93.439899999999994
1933-06-20,91.963200000000001
1933-06-21,92.367500000000007
1933-06-22,88.146000000000001
1933-06-23,90.763599999999997
1933-06-26,94.674400000000006
1933-06-27,95.696600000000004
1933-06-28,94.136399999999995
1933-06-29,93.401799999999994
1933-06-30,95.820499999999996
1933-07-03,102.79259999999999
1933-07-05,102.1549
1933-07-06,104.88209999999999
1933-07-07,105.7837
1933-07-10,104.367
1933-07-11,103.3647
1933-07-12,104.0466
1933-07-13,105.9503
1933-07-14,104.4136
1933-07-17,108.02
1933-07-18,109.47790000000001
1933-07-19,102.68989999999999
1933-07-20,92.677199999999999
1933-07-21,82.537999999999997
1933-07-24,90.045900000000003
1933-07-25,88.136600000000001
1933-07-26,90.542400000000001
1933-07-27,91.954599999999999
1933-07-28,89.397900000000007
1933-07-31,84.141000000000005
1933-08-01,87.152900000000002
1933-08-02,89.610299999999995
1933-08-03,88.946899999999999
1933-08-04,86.998699999999999
1933-08-07,86.232799999999997
1933-08-08,89.164400000000001
1933-08-09,93.381500000000003
1933-08-10,92.027100000000004
1933-08-11,91.944000000000003
1933-08-14,90.426599999999993
1933-08-15,90.136899999999997
1933-08-16,87.603700000000003
1933-08-17,93.262600000000006
1933-08-18,91.882000000000005
1933-08-21,93.820400000000006
1933-08-22,95.002200000000002
1933-08-23,94.783299999999997
1933-08-24,95.692899999999995
1933-08-25,99.539400000000001
1933-08-28,99.250399999999999
1933-08-29,98.317099999999996
1933-08-30,96.753500000000003
1933-08-31,96.250100000000003
1933-09-01,97.481700000000004
1933-09-05,93.962299999999999
1933-09-06,93.257199999999997
1933-09-07,91.969899999999996
1933-09-08,92.024799999999999
1933-09-11,96.620199999999997
1933-09-12,95.634399999999999
1933-09-13,96.236500000000007
1933-09-14,97.439099999999996
1933-09-15,94.759200000000007
1933-09-18,97.781999999999996
1933-09-19,98.642099999999999
1933-09-20,95.721999999999994
1933-09-21,88.216999999999999
1933-09-22,89.892799999999994
1933-09-25,88.933899999999994
1933-09-26,88.177700000000002
1933-09-27,83.847800000000007
1933-09-28,85.063299999999998
1933-09-29,84.884399999999999
1933-10-02,84.005499999999998
1933-10-03,84.845200000000006
1933-10-04,90.3429
1933-10-05,89.186199999999999
1933-10-06,87.865899999999996
1933-10-09,90.004800000000003
1933-10-10,88.564400000000006
1933-10-11,87.979500000000002
1933-10-13,84.116900000000001
1933-10-16,77.319400000000002
1933-10-17,79.747
1933-10-18,75.041600000000003
1933-10-19,70.156199999999998
1933-10-20,72.8078
1933-10-23,75.506799999999998
1933-10-24,79.991600000000005
1933-10-25,82.319100000000006
1933-10-26,80.507800000000003
1933-10-27,81.996899999999997
1933-10-30,77.605199999999996
1933-10-31,76.984099999999998
1933-11-01,78.846800000000002
1933-11-02,79.855800000000002
1933-11-03,82.6584
1933-11-06,81.693700000000007
1933-11-08,84.879499999999993
1933-11-09,85.566699999999997
1933-11-10,84.274299999999997
1933-11-13,85.424000000000007
1933-11-14,85.047899999999998
1933-11-15,83.720799999999997
1933-11-16,88.283299999999997
1933-11-17,86.711500000000001
1933-11-20,90.256
1933-11-21,89.380200000000002
1933-11-22,88.521799999999999
1933-11-23,87.105099999999993
1933-11-24,88.001999999999995
1933-11-27,83.988200000000006
1933-11-28,84.080299999999994
1933-11-29,86.2577
1933-12-01,87.128600000000006
1933-12-04,86.953900000000004
1933-12-05,90.223100000000002
1933-12-06,89.753600000000006
1933-12-07,90.587999999999994
1933-12-08,89.464399999999998
1933-12-11,91.336100000000002
1933-12-12,90.723799999999997
1933-12-13,89.725499999999997
1933-12-14,90.469899999999996
1933-12-15,89.157799999999995
1933-12-18,86.401399999999995
1933-12-19,86.548000000000002
1933-12-20,84.184899999999999
1933-12-21,84.352999999999994
1933-12-22,88.857100000000003
1933-12-26,86.321100000000001
1933-12-27,87.080399999999997
1933-12-28,89.622900000000001
1933-12-29,89.031000000000006
1934-01-02,90.811000000000007
1934-01-03,89.148799999999994
1934-01-04,89.505099999999999
1934-01-05,87.580399999999997
1934-01-08,87.369699999999995
1934-01-09,88.347899999999996
1934-01-10,90.361900000000006
1934-01-11,90.533299999999997
1934-01-12,89.998800000000003
1934-01-15,96.038300000000007
1934-01-16,96.508600000000001
1934-01-17,96.990799999999993
1934-01-18,97.3202
1934-01-19,100.09350000000001
1934-01-22,99.930999999999997
1934-01-23,101.74939999999999
1934-01-24,102.1459
1934-01-25,101.3998
1934-01-26,101.004
1934-01-29,104.1108
1934-01-30,104.9121
1934-01-31,103.27509999999999
1934-02-01,105.0097
1934-02-02,104.4213
1934-02-05,108.182
1934-02-06,108.07340000000001
1934-02-07,104.72280000000001
1934-02-08,105.58110000000001
1934-02-09,102.2761
1934-02-13,102.87350000000001
1934-02-14,104.47799999999999
1934-02-15,106.8702
1934-02-16,106.7629
1934-02-19,105.7407
1934-02-20,106.3854
1934-02-21,106.6722
1934-02-23,103.09829999999999
1934-02-26,99.024100000000004
1934-02-27,100.0635
1934-02-28,99.782899999999998
1934-03-01,99.253699999999995
1934-03-02,102.54859999999999
1934-03-05,102.331
1934-03-06,101.23569999999999
1934-03-07,97.853999999999999
1934-03-08,99.801000000000002
1934-03-09,99.361500000000007
1934-03-12,101.49760000000001
1934-03-13,101.22320000000001
1934-03-14,100.81789999999999
1934-03-15,98.650000000000006
1934-03-16,99.2316
1934-03-19,95.131
1934-03-20,96.643199999999993
1934-03-21,94.816299999999998
1934-03-22,96.408900000000003
1934-03-23,96.109700000000004
1934-03-26,98.0471
1934-03-27,94.213099999999997
1934-03-28,94.476600000000005
1934-03-29,96.328000000000003
1934-04-02,98.746200000000002
1934-04-03,100.1678
1934-04-04,100.40779999999999
1934-04-05,100.3372
1934-04-06,100.9388
1934-04-09,101.1798
1934-04-10,102.4543
1934-04-11,102.5154
1934-04-12,101.9205
1934-04-13,101.6245
1934-04-16,99.611400000000003
1934-04-17,100.5574
1934-04-18,101.73350000000001
1934-04-19,101.78400000000001
1934-04-20,103.4224
1934-04-23,103.0913
1934-04-24,102.0497
1934-04-25,101.5697
1934-04-26,100.3404
1934-04-27,100.48050000000001
1934-04-30,96.483400000000003
1934-05-01,96.338300000000004
1934-05-02,94.334100000000007
1934-05-03,94.626199999999997
1934-05-04,95.221999999999994
1934-05-07,89.310900000000004
1934-05-08,91.927400000000006
1934-05-09,90.152900000000002
1934-05-10,87.538200000000003
1934-05-11,86.522400000000005
1934-05-14,84.079599999999999
1934-05-15,86.467100000000002
1934-05-16,86.060400000000001
1934-05-17,90.681600000000003
1934-05-18,89.674700000000001
1934-05-21,89.959599999999995
1934-05-22,87.296499999999995
1934-05-23,85.698599999999999
1934-05-24,86.383899999999997
1934-05-25,87.048699999999997
1934-05-28,88.1661
1934-05-29,87.460499999999996
1934-05-31,85.457300000000004
1934-06-01,83.175299999999993
1934-06-04,84.834900000000005
1934-06-05,87.192999999999998
1934-06-06,87.323400000000007
1934-06-07,86.676900000000003
1934-06-08,91.279200000000003
1934-06-11,91.276600000000002
1934-06-12,92.809700000000007
1934-06-13,92.725899999999996
1934-06-14,90.657799999999995
1934-06-15,92.434299999999993
1934-06-18,93.590100000000007
1934-06-19,91.849000000000004
1934-06-20,90.994500000000002
1934-06-21,90.411799999999999
1934-06-22,88.087900000000005
1934-06-25,87.692300000000003
1934-06-26,89.489699999999999
1934-06-27,89.918899999999994
1934-06-28,90.449100000000001
1934-06-29,88.7393
1934-07-02,87.416600000000003
1934-07-03,87.1541
1934-07-05,88.809700000000007
1934-07-06,89.137900000000002
1934-07-09,88.558999999999997
1934-07-10,89.851600000000005
1934-07-11,90.426400000000001
1934-07-12,89.648399999999995
1934-07-13,89.728700000000003
1934-07-16,87.740399999999994
1934-07-17,87.266300000000001
1934-07-18,88.906599999999997
1934-07-19,87.7149
1934-07-20,84.583200000000005
1934-07-23,80.192700000000002
1934-07-24,78.772999999999996
1934-07-25,79.536900000000003
1934-07-26,72.569100000000006
1934-07-27,75.094300000000004
1934-07-30,75.802999999999997
1934-07-31,75.696600000000004
1934-08-01,78.762
1934-08-02,78.927099999999996
1934-08-03,78.516400000000004
1934-08-06,76.4726
1934-08-07,75.990600000000001
1934-08-08,77.578500000000005
1934-08-09,81.123599999999996
1934-08-10,79.111400000000003
1934-08-13,81.753299999999996
1934-08-14,80.494
1934-08-15,80.5501
1934-08-16,80.992800000000003
1934-08-17,80.231200000000001
1934-08-20,79.231200000000001
1934-08-21,81.6554
1934-08-22,83.614800000000002
1934-08-23,83.422200000000004
1934-08-24,85.081999999999994
1934-08-27,84.018699999999995
1934-08-28,83.598299999999995
1934-08-29,83.163300000000007
1934-08-30,81.707599999999999
1934-08-31,81.764499999999998
1934-09-04,80.858000000000004
1934-09-05,82.394000000000005
1934-09-06,80.622299999999996
1934-09-07,79.073999999999998
1934-09-10,76.722300000000004
1934-09-11,76.453500000000005
1934-09-12,77.179599999999994
1934-09-13,76.677599999999998
1934-09-14,74.277299999999997
1934-09-17,73.474699999999999
1934-09-18,74.525199999999998
1934-09-19,76.954400000000007
1934-09-20,77.115700000000004
1934-09-21,78.788899999999998
1934-09-24,78.049899999999994
1934-09-25,80.227199999999996
1934-09-26,79.9542
1934-09-27,81.009299999999996
1934-09-28,80.166499999999999
1934-10-01,77.873000000000005
1934-10-02,78.3399
1934-10-03,78.049800000000005
1934-10-04,77.659300000000002
1934-10-05,79.468500000000006
1934-10-08,78.936300000000003
1934-10-09,78.004599999999996
1934-10-10,80.414699999999996
1934-10-11,82.408699999999996
1934-10-15,80.980699999999999
1934-10-16,81.952200000000005
1934-10-17,81.706000000000003
1934-10-18,81.762900000000002
1934-10-19,81.296599999999998
1934-10-22,81.174000000000007
1934-10-23,81.068200000000004
1934-10-24,82.519000000000005
1934-10-25,80.884799999999998
1934-10-26,79.2911
1934-10-29,78.7517
1934-10-30,78.853800000000007
1934-10-31,79.2714
1934-11-01,78.787599999999998
1934-11-02,79.874600000000001
1934-11-05,81.253799999999998
1934-11-07,83.642399999999995
1934-11-08,83.340900000000005
1934-11-09,85.540800000000004
1934-11-13,85.862899999999996
1934-11-14,85.965699999999998
1934-11-15,87.048500000000004
1934-11-16,86.221199999999996
1934-11-19,87.300700000000006
1934-11-20,87.029700000000005
1934-11-21,86.942400000000006
1934-11-22,87.2898
1934-11-23,88.607600000000005
1934-11-26,91.147800000000004
1934-11-27,90.354500000000002
1934-11-28,90.977599999999995
1934-11-30,90.831699999999998
1934-12-03,89.291399999999996
1934-12-04,90.023300000000006
1934-12-05,91.418300000000002
1934-12-06,91.518600000000006
1934-12-07,91.243700000000004
1934-12-10,90.557900000000004
1934-12-11,88.438500000000005
1934-12-12,87.995999999999995
1934-12-13,88.321299999999994
1934-12-14,88.444599999999994
1934-12-17,89.659800000000004
1934-12-18,89.668499999999995
1934-12-19,88.349999999999994
1934-12-20,88.385099999999994
1934-12-21,88.623400000000004
1934-12-24,89.411799999999999
1934-12-26,89.536699999999996
1934-12-27,89.760199999999998
1934-12-28,93.036100000000005
1934-12-31,94.146100000000004
1935-01-02,94.635300000000001
1935-01-03,95.382599999999996
1935-01-04,94.810000000000002
1935-01-07,96.581199999999995
1935-01-08,96.059399999999997
1935-01-09,95.607500000000002
1935-01-10,95.368200000000002
1935-01-11,92.335099999999997
1935-01-14,91.994
1935-01-15,89.178700000000006
1935-01-16,90.4358
1935-01-17,90.950900000000004
1935-01-18,92.123900000000006
1935-01-21,93.463899999999995
1935-01-22,92.697100000000006
1935-01-23,92.511399999999995
1935-01-24,92.085499999999996
1935-01-25,92.315399999999997
1935-01-28,90.382400000000004
1935-01-29,89.460099999999997
1935-01-30,90.247100000000003
1935-01-31,91.149199999999993
1935-02-01,90.729600000000005
1935-02-04,90.422200000000004
1935-02-05,89.246399999999994
1935-02-06,88.166200000000003
1935-02-07,89.285600000000002
1935-02-08,91.088800000000006
1935-02-11,91.169399999999996
1935-02-13,91.041399999999996
1935-02-14,91.296000000000006
1935-02-15,92.793000000000006
1935-02-18,95.7697
1935-02-19,93.901799999999994
1935-02-20,92.662000000000006
1935-02-21,92.457800000000006
1935-02-25,89.759500000000003
1935-02-26,87.999899999999997
1935-02-27,88.465999999999994
1935-02-28,88.430300000000003
1935-03-01,89.588399999999993
1935-03-04,88.591700000000003
1935-03-05,85.4375
1935-03-06,84.864800000000002
1935-03-07,85.713099999999997
1935-03-08,85.738600000000005
1935-03-11,82.8553
1935-03-12,80.858199999999997
1935-03-13,80.639600000000002
1935-03-14,79.195899999999995
1935-03-15,81.064599999999999
1935-03-18,79.879499999999993
1935-03-19,81.364999999999995
1935-03-20,81.014799999999994
1935-03-21,82.472800000000007
1935-03-22,83.833299999999994
1935-03-25,83.372
1935-03-26,82.8048
1935-03-27,83.384100000000004
1935-03-28,83.884100000000004
1935-03-29,83.674099999999996
1935-04-01,84.217799999999997
1935-04-02,83.510000000000005
1935-04-03,82.900099999999995
1935-04-04,83.778599999999997
1935-04-05,86.191100000000006
1935-04-08,86.662199999999999
1935-04-09,88.585800000000006
1935-04-10,87.974199999999996
1935-04-11,87.182199999999995
1935-04-12,88.541899999999998
1935-04-15,90.374200000000002
1935-04-16,90.202200000000005
1935-04-17,88.713499999999996
1935-04-18,90.114900000000006
1935-04-22,92.333699999999993
1935-04-23,92.638099999999994
1935-04-24,91.924499999999995
1935-04-25,94.442899999999995
1935-04-26,93.960899999999995
1935-04-29,93.296199999999999
1935-04-30,92.036299999999997
1935-05-01,91.769099999999995
1935-05-02,91.778000000000006
1935-05-03,93.209400000000002
1935-05-06,92.572199999999995
1935-05-07,91.757300000000001
1935-05-08,94.830799999999996
1935-05-09,95.987399999999994
1935-05-10,96.706999999999994
1935-05-13,97.325400000000002
1935-05-14,97.188699999999997
1935-05-15,97.538300000000007
1935-05-16,100.34699999999999
1935-05-17,100.2664
1935-05-20,98.991600000000005
1935-05-21,100.11969999999999
1935-05-22,100.73009999999999
1935-05-23,101.01179999999999
1935-05-24,100.76900000000001
1935-05-27,100.7154
1935-05-28,96.978499999999997
1935-05-29,94.805800000000005
1935-05-31,93.345500000000001
1935-06-03,94.353099999999998
1935-06-04,96.645600000000002
1935-06-05,96.480900000000005
1935-06-06,95.727999999999994
1935-06-07,96.0244
1935-06-10,98.511799999999994
1935-06-11,99.939899999999994
1935-06-12,99.759600000000006
1935-06-13,100.4376
1935-06-14,101.4517
1935-06-17,100.6767
1935-06-18,101.1193
1935-06-19,99.521199999999993
1935-06-20,98.804299999999998
1935-06-21,101.2642
1935-06-24,101.4491
1935-06-25,100.1908
1935-06-26,99.248599999999996
1935-06-27,98.990200000000002
1935-06-28,99.950100000000006
1935-07-01,100.2191
1935-07-02,100.349
1935-07-03,100.75
1935-07-05,102.7647
1935-07-08,104.5985
1935-07-09,104.5668
1935-07-10,105.7689
1935-07-11,104.67910000000001
1935-07-12,105.44289999999999
1935-07-15,105.4004
1935-07-16,105.5159
1935-07-17,106.68680000000001
1935-07-18,107.62520000000001
1935-07-19,106.92529999999999
1935-07-22,110.0527
1935-07-23,110.5805
1935-07-24,111.2657
1935-07-25,109.6742
1935-07-26,110.21120000000001
1935-07-29,112.9496
1935-07-30,111.92140000000001
1935-07-31,112.70440000000001
1935-08-01,111.70099999999999
1935-08-02,110.3937
1935-08-05,111.941
1935-08-06,111.58240000000001
1935-08-07,111.78279999999999
1935-08-08,112.2743
1935-08-09,113.54259999999999
1935-08-12,114.0517
1935-08-13,113.9943
1935-08-14,114.1763
1935-08-15,112.977
1935-08-16,113.82389999999999
1935-08-19,112.9528
1935-08-20,113.73180000000001
1935-08-21,115.3691
1935-08-22,116.0609
1935-08-23,117.372
1935-08-26,117.1189
1935-08-27,113.3473
1935-08-28,113.0748
1935-08-29,113.87730000000001
1935-08-30,114.4235
1935-09-03,114.1966
1935-09-04,115.4866
1935-09-05,117.07989999999999
1935-09-06,118.6367
1935-09-09,118.9285
1935-09-10,120.10550000000001
1935-09-11,120.5615
1935-09-12,119.8618
1935-09-13,121.036
1935-09-16,121.0595
1935-09-17,121.5796
1935-09-18,122.23569999999999
1935-09-19,119.0205
1935-09-20,116.235
1935-09-23,117.35120000000001
1935-09-24,118.6651
1935-09-25,119.0919
1935-09-26,118.627
1935-09-27,118.75709999999999
1935-09-30,119.04179999999999
1935-10-01,118.36279999999999
1935-10-02,113.76990000000001
1935-10-03,115.7491
1935-10-04,117.5544
1935-10-07,119.428
1935-10-08,117.91079999999999
1935-10-09,118.09910000000001
1935-10-10,120.38979999999999
1935-10-11,120.4616
1935-10-14,121.6658
1935-10-15,122.7603
1935-10-16,121.82689999999999
1935-10-17,121.5463
1935-10-18,121.5215
1935-10-21,124.4794
1935-10-22,124.6283
1935-10-23,125.8991
1935-10-24,125.93640000000001
1935-10-25,126.99379999999999
1935-10-28,127.8056
1935-10-29,127.9074
1935-10-30,126.87090000000001
1935-10-31,127.91079999999999
1935-11-01,129.893
1935-11-04,130.62090000000001
1935-11-06,132.44909999999999
1935-11-07,131.5745
1935-11-08,131.6661
1935-11-12,129.9811
1935-11-13,132.71029999999999
1935-11-14,135.84180000000001
1935-11-15,136.5205
1935-11-18,137.6823
1935-11-19,139.92599999999999
1935-11-20,137.86859999999999
1935-11-21,139.6052
1935-11-22,136.0308
1935-11-25,136.81989999999999
1935-11-26,134.0831
1935-11-27,135.81229999999999
1935-11-29,135.09200000000001
1935-12-02,133.4528
1935-12-03,136.4417
1935-12-04,138.36500000000001
1935-12-05,138.69659999999999
1935-12-06,138.44649999999999
1935-12-09,139.92590000000001
1935-12-10,136.93100000000001
1935-12-11,137.71100000000001
1935-12-12,135.54849999999999
1935-12-13,134.5043
1935-12-16,133.00489999999999
1935-12-17,134.28120000000001
1935-12-18,134.2405
1935-12-19,133.30029999999999
1935-12-20,134.36619999999999
1935-12-23,136.48310000000001
1935-12-24,138.0795
1935-12-26,138.75559999999999
1935-12-27,138.06129999999999
1935-12-30,139.33500000000001
1935-12-31,141.67529999999999
1936-01-02,142.85069999999999
1936-01-03,144.4358
1936-01-06,141.51599999999999
1936-01-07,143.12880000000001
1936-01-08,144.05860000000001
1936-01-09,143.40979999999999
1936-01-10,145.63220000000001
1936-01-13,144.74459999999999
1936-01-14,145.16380000000001
1936-01-15,144.24879999999999
1936-01-16,145.31569999999999
1936-01-17,144.7484
1936-01-20,142.16829999999999
1936-01-21,141.9119
1936-01-22,145.38820000000001
1936-01-23,147.78659999999999
1936-01-24,147.40180000000001
1936-01-27,148.67160000000001
1936-01-28,148.34399999999999
1936-01-29,148.58080000000001
1936-01-30,147.6591
1936-01-31,149.96209999999999
1936-02-03,152.3878
1936-02-04,153.05770000000001
1936-02-05,152.62860000000001
1936-02-06,152.9486
1936-02-07,153.05510000000001
1936-02-10,156.0942
1936-02-11,158.74719999999999
1936-02-13,159.01650000000001
1936-02-14,159.31809999999999
1936-02-17,159.58430000000001
1936-02-18,162.9828
1936-02-19,161.72730000000001
1936-02-20,162.5839
1936-02-21,162.30690000000001
1936-02-24,161.21889999999999
1936-02-25,157.86490000000001
1936-02-26,156.9014
1936-02-27,161.21559999999999
1936-02-28,161.02160000000001
1936-03-02,162.85159999999999
1936-03-03,165.2123
1936-03-04,165.32740000000001
1936-03-05,165.7732
1936-03-06,166.4854
1936-03-09,161.5274
1936-03-10,163.6429
1936-03-11,165.68780000000001
1936-03-12,160.60059999999999
1936-03-13,156.82589999999999
1936-03-16,161.47929999999999
1936-03-17,165.46719999999999
1936-03-18,164.58969999999999
1936-03-19,166.25139999999999
1936-03-20,166.10120000000001
1936-03-23,166.7201
1936-03-24,165.5025
1936-03-25,166.03149999999999
1936-03-26,165.483
1936-03-27,163.0498
1936-03-30,163.55500000000001
1936-03-31,164.60120000000001
1936-04-01,167.36590000000001
1936-04-02,169.541
1936-04-03,168.74359999999999
1936-04-06,171.4016
1936-04-07,169.66980000000001
1936-04-08,171.16229999999999
1936-04-09,170.10050000000001
1936-04-13,171.44569999999999
1936-04-14,168.1704
1936-04-15,170.00290000000001
1936-04-16,168.47229999999999
1936-04-17,167.54509999999999
1936-04-20,160.3235
1936-04-21,159.93819999999999
1936-04-22,162.8965
1936-04-23,157.1294
1936-04-24,156.92449999999999
1936-04-27,150.19999999999999
1936-04-28,149.77889999999999
1936-04-29,145.959
1936-04-30,148.14789999999999
1936-05-01,149.93989999999999
1936-05-04,149.2637
1936-05-05,151.20359999999999
1936-05-06,153.06290000000001
1936-05-07,149.87860000000001
1936-05-08,148.87389999999999
1936-05-11,148.6688
1936-05-12,148.90610000000001
1936-05-13,150.4393
1936-05-14,154.93690000000001
1936-05-15,155.23070000000001
1936-05-18,154.25370000000001
1936-05-19,150.28880000000001
1936-05-20,151.3554
1936-05-21,150.91589999999999
1936-05-22,152.60560000000001
1936-05-25,154.9623
1936-05-26,156.58879999999999
1936-05-27,157.16759999999999
1936-05-28,156.38120000000001
1936-05-29,157.67859999999999
1936-06-01,158.56110000000001
1936-06-02,157.67259999999999
1936-06-03,156.83629999999999
1936-06-04,154.1696
1936-06-05,153.67570000000001
1936-06-08,156.2818
1936-06-09,157.7346
1936-06-10,157.7972
1936-06-11,160.14779999999999
1936-06-12,158.60980000000001
1936-06-15,159.5146
1936-06-16,161.2527
1936-06-17,160.76840000000001
1936-06-18,160.94470000000001
1936-06-19,159.22200000000001
1936-06-22,162.19329999999999
1936-06-23,161.6251
1936-06-24,162.65889999999999
1936-06-25,160.07210000000001
1936-06-26,159.23910000000001
1936-06-29,158.58449999999999
1936-06-30,157.66419999999999
1936-07-01,157.2852
1936-07-02,156.15219999999999
1936-07-03,157.1198
1936-07-06,155.7209
1936-07-07,153.60249999999999
1936-07-08,154.33930000000001
1936-07-09,156.8544
1936-07-10,159.36349999999999
1936-07-13,160.75239999999999
1936-07-14,163.29169999999999
1936-07-15,163.68299999999999
1936-07-16,164.41900000000001
1936-07-17,165.4049
1936-07-20,167.5779
1936-07-21,168.54920000000001
1936-07-22,167.04859999999999
1936-07-23,168.5514
1936-07-24,168.6182
1936-07-27,170.98589999999999
1936-07-28,170.7972
1936-07-29,169.41309999999999
1936-07-30,170.41200000000001
1936-07-31,169.2526
1936-08-03,169.1842
1936-08-04,169.53890000000001
1936-08-05,168.36850000000001
1936-08-06,169.5128
1936-08-07,171.8176
1936-08-10,173.97020000000001
1936-08-11,172.68219999999999
1936-08-12,174.33930000000001
1936-08-13,173.8331
1936-08-14,171.1728
1936-08-17,170.78749999999999
1936-08-18,171.19669999999999
1936-08-19,172.42869999999999
1936-08-20,171.0659
1936-08-21,165.8991
1936-08-24,169.06549999999999
1936-08-25,169.96100000000001
1936-08-26,169.0256
1936-08-27,172.69280000000001
1936-08-28,173.21029999999999
1936-08-31,174.35470000000001
1936-09-01,173.9879
1936-09-02,174.99639999999999
1936-09-03,174.29580000000001
1936-09-04,175.6199
1936-09-08,177.94470000000001
1936-09-09,176.89420000000001
1936-09-10,177.38890000000001
1936-09-11,177.01570000000001
1936-09-14,176.1131
1936-09-15,176.0421
1936-09-16,174.56270000000001
1936-09-17,175.78399999999999
1936-09-18,177.7346
1936-09-21,178.6917
1936-09-22,179.62029999999999
1936-09-23,179.2604
1936-09-24,179.17009999999999
1936-09-25,176.249
1936-09-28,178.5778
1936-09-29,178.30930000000001
1936-09-30,177.6311
1936-10-01,178.0745
1936-10-02,182.0984
1936-10-05,184.57499999999999
1936-10-06,186.78919999999999
1936-10-07,186.3776
1936-10-08,187.47659999999999
1936-10-09,188.11330000000001
1936-10-13,188.24369999999999
1936-10-14,187.60300000000001
1936-10-15,187.78989999999999
1936-10-16,190.71879999999999
1936-10-19,192.49350000000001
1936-10-20,190.93360000000001
1936-10-21,191.31479999999999
1936-10-22,189.91749999999999
1936-10-23,190.4486
1936-10-26,185.36189999999999
1936-10-27,188.809
1936-10-28,189.0916
1936-10-29,191.37889999999999
1936-10-30,192.048
1936-11-02,192.14330000000001
1936-11-04,198.81
1936-11-05,200.857
1936-11-06,199.51060000000001
1936-11-09,202.66810000000001
1936-11-10,202.262
1936-11-12,199.12620000000001
1936-11-13,197.1542
1936-11-16,199.7131
1936-11-17,203.0077
1936-11-18,202.07310000000001
1936-11-19,200.19309999999999
1936-11-20,198.67089999999999
1936-11-23,195.90780000000001
1936-11-24,199.37469999999999
1936-11-25,198.81569999999999
1936-11-27,202.99010000000001
1936-11-30,203.53229999999999
1936-12-01,202.20859999999999
1936-12-02,200.52950000000001
1936-12-03,202.43379999999999
1936-12-04,201.72460000000001
1936-12-07,200.65199999999999
1936-12-08,201.27330000000001
1936-12-09,202.3997
1936-12-10,205.75880000000001
1936-12-11,205.69630000000001
1936-12-14,208.99010000000001
1936-12-15,209.28200000000001
1936-12-16,209.00919999999999
1936-12-17,208.54859999999999
1936-12-18,205.31530000000001
1936-12-21,202.67439999999999
1936-12-22,206.03809999999999
1936-12-23,207.85050000000001
1936-12-24,207.99529999999999
1936-12-28,207.16249999999999
1936-12-29,208.59119999999999
1936-12-30,212.1782
1936-12-31,210.69220000000001
1937-01-04,208.04349999999999
1937-01-05,209.5822
1937-01-06,209.1414
1937-01-07,213.11429999999999
1937-01-08,214.88239999999999
1937-01-11,216.77279999999999
1937-01-12,215.6448
1937-01-13,215.06180000000001
1937-01-14,215.7492
1937-01-15,216.9135
1937-01-18,217.98609999999999
1937-01-19,215.7619
1937-01-20,218.95439999999999
1937-01-21,220.98990000000001
1937-01-22,220.74600000000001
1937-01-25,218.6283
1937-01-26,214.9983
1937-01-27,216.86799999999999
1937-01-28,217.71299999999999
1937-01-29,219.43209999999999
1937-02-01,222.8673
1937-02-02,224.8723
1937-02-03,227.39009999999999
1937-02-04,227.41200000000001
1937-02-05,223.2723
1937-02-08,228.30080000000001
1937-02-09,228.1173
1937-02-10,231.08199999999999
1937-02-11,233.43819999999999
1937-02-15,229.09180000000001
1937-02-16,229.18260000000001
1937-02-17,228.95259999999999
1937-02-18,230.39420000000001
1937-02-19,234.14879999999999
1937-02-23,230.75239999999999
1937-02-24,232.25139999999999
1937-02-25,230.97319999999999
1937-02-26,231.36510000000001
1937-03-01,232.6576
1937-03-02,236.35599999999999
1937-03-03,241.1532
1937-03-04,239.1508
1937-03-05,242.66540000000001
1937-03-08,243.14769999999999
1937-03-09,244.84880000000001
1937-03-10,247.6148
1937-03-11,243.8501
1937-03-12,243.43469999999999
1937-03-15,239.77029999999999
1937-03-16,240.8244
1937-03-17,239.42679999999999
1937-03-18,233.24870000000001
1937-03-19,232.85130000000001
1937-03-22,224.80539999999999
1937-03-23,229.57050000000001
1937-03-24,232.18680000000001
1937-03-25,231.32679999999999
1937-03-29,231.73830000000001
1937-03-30,236.69669999999999
1937-03-31,237.38229999999999
1937-04-01,234.27170000000001
1937-04-02,229.06999999999999
1937-04-05,230.19290000000001
1937-04-06,228.18940000000001
1937-04-07,218.4221
1937-04-08,219.79740000000001
1937-04-09,220.45599999999999
1937-04-12,221.35740000000001
1937-04-13,224.8098
1937-04-14,226.24780000000001
1937-04-15,225.25149999999999
1937-04-16,222.7954
1937-04-19,223.3227
1937-04-20,223.74619999999999
1937-04-21,227.0121
1937-04-22,224.55950000000001
1937-04-23,220.3819
1937-04-26,209.78870000000001
1937-04-27,212.59909999999999
1937-04-28,204.2645
1937-04-29,204.07990000000001
1937-04-30,210.6097
1937-05-03,211.68450000000001
1937-05-04,214.54140000000001
1937-05-05,212.8458
1937-05-06,214.6755
1937-05-07,214.6747
1937-05-10,209.50530000000001
1937-05-11,209.3998
1937-05-12,208.6661
1937-05-13,200.65260000000001
1937-05-14,203.07980000000001
1937-05-17,200.97219999999999
1937-05-18,204.1669
1937-05-19,204.595
1937-05-20,211.5095
1937-05-21,211.14920000000001
1937-05-24,214.12280000000001
1937-05-25,211.55260000000001
1937-05-26,211.57300000000001
1937-05-27,212.24930000000001
1937-05-28,212.864
1937-06-01,209.43620000000001
1937-06-02,211.23660000000001
1937-06-03,211.8484
1937-06-04,215.4914
1937-06-07,214.30260000000001
1937-06-08,216.29490000000001
1937-06-09,214.95310000000001
1937-06-10,213.81309999999999
1937-06-11,210.73339999999999
1937-06-14,201.88990000000001
1937-06-15,204.43299999999999
1937-06-16,202.10169999999999
1937-06-17,204.68790000000001
1937-06-18,206.05850000000001
1937-06-21,203.96029999999999
1937-06-22,203.16409999999999
1937-06-23,205.7029
1937-06-24,207.65639999999999
1937-06-25,206.40969999999999
1937-06-28,200.56209999999999
1937-06-29,201.26329999999999
1937-06-30,205.0463
1937-07-01,206.48089999999999
1937-07-02,209.99039999999999
1937-07-06,218.09530000000001
1937-07-07,219.0977
1937-07-08,220.1705
1937-07-09,220.21379999999999
1937-07-12,223.3006
1937-07-13,222.4512
1937-07-14,222.5394
1937-07-15,223.71809999999999
1937-07-16,222.84479999999999
1937-07-19,226.0565
1937-07-20,226.82429999999999
1937-07-21,224.714
1937-07-22,225.8143
1937-07-23,225.9264
1937-07-26,226.91679999999999
1937-07-27,226.37129999999999
1937-07-28,223.47300000000001
1937-07-29,223.65100000000001
1937-07-30,224.54480000000001
1937-08-02,229.5565
1937-08-03,229.02770000000001
1937-08-04,230.42400000000001
1937-08-05,229.6628
1937-08-06,229.34039999999999
1937-08-09,232.69890000000001
1937-08-10,231.95339999999999
1937-08-11,231.18709999999999
1937-08-12,232.43469999999999
1937-08-13,234.71170000000001
1937-08-16,233.20429999999999
1937-08-17,232.6671
1937-08-18,231.01429999999999
1937-08-19,227.29419999999999
1937-08-20,224.29310000000001
1937-08-23,222.76849999999999
1937-08-24,224.1934
1937-08-25,222.78020000000001
1937-08-26,217.72229999999999
1937-08-27,214.1944
1937-08-30,216.7861
1937-08-31,216.17840000000001
1937-09-01,209.4761
1937-09-02,205.49529999999999
1937-09-03,207.56999999999999
1937-09-07,194.43469999999999
1937-09-08,193.20910000000001
1937-09-09,197.5943
1937-09-10,185.18459999999999
1937-09-13,183.46109999999999
1937-09-14,191.6611
1937-09-15,191.33459999999999
1937-09-16,193.68729999999999
1937-09-17,188.53460000000001
1937-09-20,178.4503
1937-09-21,179.8416
1937-09-22,180.50630000000001
1937-09-23,175.7764
1937-09-24,164.93039999999999
1937-09-27,170.4066
1937-09-28,172.7747
1937-09-29,171.84110000000001
1937-09-30,172.04669999999999
1937-10-01,172.18369999999999
1937-10-04,169.42869999999999
1937-10-05,157.6867
1937-10-06,161.26560000000001
1937-10-07,161.5069
1937-10-08,156.79040000000001
1937-10-11,148.61099999999999
1937-10-13,147.9417
1937-10-14,144.5829
1937-10-15,143.4836
1937-10-18,127.7988
1937-10-19,128.4118
1937-10-20,140.161
1937-10-21,143.17400000000001
1937-10-22,138.84960000000001
1937-10-25,140.61429999999999
1937-10-26,138.87010000000001
1937-10-27,136.9949
1937-10-28,142.04949999999999
1937-10-29,146.80770000000001
1937-11-01,142.41540000000001
1937-11-03,133.3715
1937-11-04,132.01060000000001
1937-11-05,131.52170000000001
1937-11-08,125.2886
1937-11-09,128.8964
1937-11-10,137.95740000000001
1937-11-12,139.36410000000001
1937-11-15,136.09289999999999
1937-11-16,134.44569999999999
1937-11-17,133.5309
1937-11-18,129.9785
1937-11-19,120.43770000000001
1937-11-22,117.5227
1937-11-23,119.6965
1937-11-24,117.34999999999999
1937-11-26,123.2405
1937-11-29,129.435
1937-11-30,133.39519999999999
1937-12-01,130.8202
1937-12-02,134.36500000000001
1937-12-03,137.858
1937-12-06,136.39169999999999
1937-12-07,140.142
1937-12-08,142.5239
1937-12-09,139.85820000000001
1937-12-10,137.8717
1937-12-13,132.7312
1937-12-14,133.67310000000001
1937-12-15,135.1163
1937-12-16,137.46680000000001
1937-12-17,135.78919999999999
1937-12-20,141.13290000000001
1937-12-21,142.8683
1937-12-22,140.6534
1937-12-23,139.1901
1937-12-24,138.98079999999999
1937-12-27,132.86510000000001
1937-12-28,125.8228
1937-12-29,127.60899999999999
1937-12-30,129.75239999999999
1937-12-31,128.75280000000001
1938-01-03,129.4605
1938-01-04,135.2081
1938-01-05,135.28880000000001
1938-01-06,141.268
1938-01-07,140.36340000000001
1938-01-10,147.88579999999999
1938-01-11,149.46770000000001
1938-01-12,147.3297
1938-01-13,144.50049999999999
1938-01-14,144.57220000000001
1938-01-17,145.1994
1938-01-18,143.23869999999999
1938-01-19,141.06100000000001
1938-01-20,143.529
1938-01-21,140.48570000000001
1938-01-24,139.2475
1938-01-25,136.37860000000001
1938-01-26,129.28639999999999
1938-01-27,126.739
1938-01-28,125.34439999999999
1938-01-31,126.9695
1938-02-01,129.53380000000001
1938-02-02,127.3442
1938-02-03,121.2949
1938-02-04,124.157
1938-02-07,125.5615
1938-02-08,131.6885
1938-02-09,131.47730000000001
1938-02-10,132.59440000000001
1938-02-11,131.77189999999999
1938-02-14,133.12860000000001
1938-02-15,130.8783
1938-02-16,130.98249999999999
1938-02-17,135.55330000000001
1938-02-18,133.57380000000001
1938-02-21,137.81049999999999
1938-02-23,142.60579999999999
1938-02-24,140.0241
1938-02-25,141.45179999999999
1938-02-28,138.10140000000001
1938-03-01,139.9101
1938-03-02,138.3426
1938-03-03,137.29069999999999
1938-03-04,135.78
1938-03-07,132.23480000000001
1938-03-08,131.8244
1938-03-09,132.21940000000001
1938-03-10,130.80420000000001
1938-03-11,127.5729
1938-03-14,130.45259999999999
1938-03-15,134.86150000000001
1938-03-16,128.6439
1938-03-17,127.75579999999999
1938-03-18,122.9134
1938-03-21,126.3502
1938-03-22,122.1549
1938-03-23,118.1356
1938-03-24,118.84399999999999
1938-03-25,109.9421
1938-03-28,108.93640000000001
1938-03-29,101.5719
1938-03-30,101.29730000000001
1938-03-31,100.2435
1938-04-01,105.49590000000001
1938-04-04,109.0835
1938-04-05,111.83199999999999
1938-04-06,109.3378
1938-04-07,108.6048
1938-04-08,114.8057
1938-04-11,119.4683
1938-04-12,120.4117
1938-04-13,121.1337
1938-04-14,123.87090000000001
1938-04-18,127.1015
1938-04-19,123.4024
1938-04-20,122.3407
1938-04-21,123.0253
1938-04-22,127.4169
1938-04-25,124.2239
1938-04-26,121.5651
1938-04-27,122.92619999999999
1938-04-28,118.59869999999999
1938-04-29,118.29000000000001
1938-05-02,115.93129999999999
1938-05-03,119.432
1938-05-04,120.69759999999999
1938-05-05,120.0937
1938-05-06,124.4406
1938-05-09,126.83150000000001
1938-05-10,124.9286
1938-05-11,125.8526
1938-05-12,124.795
1938-05-13,123.3843
1938-05-16,120.9046
1938-05-17,121.4241
1938-05-18,122.6379
1938-05-19,119.69410000000001
1938-05-20,118.7122
1938-05-23,116.661
1938-05-24,114.72410000000001
1938-05-25,112.14239999999999
1938-05-26,107.8693
1938-05-27,107.80419999999999
1938-05-31,107.755
1938-06-01,111.2351
1938-06-02,110.7008
1938-06-03,109.4495
1938-06-06,113.43170000000001
1938-06-07,113.3066
1938-06-08,113.48739999999999
1938-06-09,116.55119999999999
1938-06-10,114.9307
1938-06-13,111.9524
1938-06-14,113.3738
1938-06-15,113.8609
1938-06-16,115.1699
1938-06-17,113.7414
1938-06-20,121.7342
1938-06-21,125.7997
1938-06-22,130.15199999999999
1938-06-23,134.84999999999999
1938-06-24,137.19589999999999
1938-06-27,140.40690000000001
1938-06-28,140.12559999999999
1938-06-29,148.54660000000001
1938-06-30,145.51570000000001
1938-07-01,149.60419999999999
1938-07-05,150.54310000000001
1938-07-06,152.99639999999999
1938-07-07,152.23089999999999
1938-07-08,148.5616
1938-07-11,146.52119999999999
1938-07-12,151.54640000000001
1938-07-13,150.4547
1938-07-14,148.19730000000001
1938-07-15,150.4939
1938-07-18,156.0772
1938-07-19,159.86930000000001
1938-07-20,157.37479999999999
1938-07-21,157.9093
1938-07-22,158.44560000000001
1938-07-25,162.5231
1938-07-26,160.1335
1938-07-27,154.1919
1938-07-28,157.29060000000001
1938-07-29,155.02510000000001
1938-08-01,155.3492
1938-08-02,155.8613
1938-08-03,154.03710000000001
1938-08-04,155.00700000000001
1938-08-05,159.11420000000001
1938-08-08,159.18219999999999
1938-08-09,157.60570000000001
1938-08-10,156.04480000000001
1938-08-11,151.441
1938-08-12,147.5181
1938-08-15,147.2782
1938-08-16,149.60470000000001
1938-08-17,149.679
1938-08-18,149.58860000000001
1938-08-19,152.32560000000001
1938-08-22,152.24709999999999
1938-08-23,156.63120000000001
1938-08-24,157.63310000000001
1938-08-25,158.65719999999999
1938-08-26,156.76859999999999
1938-08-29,147.25970000000001
1938-08-30,150.10130000000001
1938-08-31,150.7612
1938-09-01,148.51439999999999
1938-09-02,152.791
1938-09-06,152.50700000000001
1938-09-07,155.8159
1938-09-08,154.17920000000001
1938-09-09,150.7868
1938-09-12,150.97739999999999
1938-09-13,141.16329999999999
1938-09-14,138.77719999999999
1938-09-15,144.75800000000001
1938-09-16,141.428
1938-09-19,142.43279999999999
1938-09-20,148.12960000000001
1938-09-21,149.25489999999999
1938-09-22,146.3887
1938-09-23,141.2645
1938-09-26,136.63310000000001
1938-09-27,136.66
1938-09-28,143.5608
1938-09-29,148.7859
1938-09-30,152.7133
1938-10-03,157.9468
1938-10-04,158.13579999999999
1938-10-05,163.3537
1938-10-06,163.63079999999999
1938-10-07,164.9229
1938-10-10,167.65219999999999
1938-10-11,167.04810000000001
1938-10-13,172.4932
1938-10-14,171.54390000000001
1938-10-17,170.07069999999999
1938-10-18,172.00890000000001
1938-10-19,168.637
1938-10-20,170.35650000000001
1938-10-21,171.03729999999999
1938-10-24,174.61510000000001
1938-10-25,175.05099999999999
1938-10-26,172.8622
1938-10-27,172.94800000000001
1938-10-28,170.61259999999999
1938-10-31,171.221
1938-11-01,170.70670000000001
1938-11-02,170.9451
1938-11-03,171.0813
1938-11-04,170.2253
1938-11-07,175.916
1938-11-09,181.57990000000001
1938-11-10,180.2174
1938-11-14,177.89080000000001
1938-11-15,176.78729999999999
1938-11-16,171.6421
1938-11-17,173.85570000000001
1938-11-18,169.24789999999999
1938-11-21,170.3321
1938-11-22,168.76439999999999
1938-11-23,170.6371
1938-11-25,170.56829999999999
1938-11-28,163.04499999999999
1938-11-29,164.02269999999999
1938-11-30,168.0899
1938-12-01,167.21520000000001
1938-12-02,164.6729
1938-12-05,164.22790000000001
1938-12-06,166.3458
1938-12-07,167.29339999999999
1938-12-08,164.66630000000001
1938-12-09,163.6448
1938-12-12,165.97550000000001
1938-12-13,167.78399999999999
1938-12-14,172.3304
1938-12-15,173.41550000000001
1938-12-16,171.6807
1938-12-19,170.01830000000001
1938-12-20,169.7457
1938-12-21,168.2174
1938-12-22,168.97380000000001
1938-12-23,170.4263
1938-12-27,169.27119999999999
1938-12-28,171.97890000000001
1938-12-29,176.51859999999999
1938-12-30,176.53559999999999
1939-01-03,175.00020000000001
1939-01-04,178.13200000000001
1939-01-05,174.4975
1939-01-06,173.90360000000001
1939-01-09,168.87909999999999
1939-01-10,169.1825
1939-01-11,165.42599999999999
1939-01-12,163.2749
1939-01-13,162.0497
1939-01-16,165.9461
1939-01-17,166.67570000000001
1939-01-18,166.82509999999999
1939-01-19,167.59190000000001
1939-01-20,166.68629999999999
1939-01-23,153.10810000000001
1939-01-24,153.01570000000001
1939-01-25,151.60740000000001
1939-01-26,145.45160000000001
1939-01-27,149.52369999999999
1939-01-30,154.494
1939-01-31,157.87690000000001
1939-02-01,155.57130000000001
1939-02-02,158.55770000000001
1939-02-03,157.25700000000001
1939-02-06,158.98670000000001
1939-02-07,156.9034
1939-02-08,158.53469999999999
1939-02-09,156.2671
1939-02-10,156.0634
1939-02-14,156.42859999999999
1939-02-15,157.3509
1939-02-16,159.3802
1939-02-17,158.55090000000001
1939-02-20,155.5008
1939-02-21,155.3603
1939-02-23,156.1986
1939-02-24,160.8997
1939-02-27,162.49039999999999
1939-02-28,164.196
1939-03-01,163.37440000000001
1939-03-02,162.8347
1939-03-03,165.8629
1939-03-06,164.3158
1939-03-07,165.3339
1939-03-08,168.44159999999999
1939-03-09,167.83459999999999
1939-03-10,168.3879
1939-03-13,165.53540000000001
1939-03-14,166.2466
1939-03-15,161.3417
1939-03-16,161.0668
1939-03-17,155.0102
1939-03-20,151.37899999999999
1939-03-21,154.0427
1939-03-22,147.27969999999999
1939-03-23,149.76820000000001
1939-03-24,151.98419999999999
1939-03-27,150.43680000000001
1939-03-28,147.48769999999999
1939-03-29,148.44579999999999
1939-03-30,142.2105
1939-03-31,132.4828
1939-04-03,135.8459
1939-04-04,131.86519999999999
1939-04-05,133.32839999999999
1939-04-06,127.1015
1939-04-10,124.4439
1939-04-11,124.7919
1939-04-12,128.89709999999999
1939-04-13,129.57980000000001
1939-04-14,127.18210000000001
1939-04-17,129.38329999999999
1939-04-18,126.97629999999999
1939-04-19,128.94399999999999
1939-04-20,130.31039999999999
1939-04-21,130.3751
1939-04-24,128.047
1939-04-25,128.25139999999999
1939-04-26,129.5591
1939-04-27,131.63159999999999
1939-04-28,129.84100000000001
1939-05-01,129.20359999999999
1939-05-02,131.20580000000001
1939-05-03,134.65600000000001
1939-05-04,134.11689999999999
1939-05-05,133.3252
1939-05-08,133.61580000000001
1939-05-09,137.0626
1939-05-10,135.89709999999999
1939-05-11,135.55690000000001
1939-05-12,134.67529999999999
1939-05-15,134.44589999999999
1939-05-16,130.18350000000001
1939-05-17,128.84219999999999
1939-05-18,128.8288
1939-05-19,130.0265
1939-05-22,133.2439
1939-05-23,132.47059999999999
1939-05-24,137.10659999999999
1939-05-25,138.36750000000001
1939-05-26,139.70910000000001
1939-05-29,142.43049999999999
1939-05-31,141.5042
1939-06-01,138.9425
1939-06-02,139.74789999999999
1939-06-05,139.63300000000001
1939-06-06,141.82470000000001
1939-06-07,141.881
1939-06-08,140.85890000000001
1939-06-09,143.5206
1939-06-12,141.24250000000001
1939-06-13,139.70240000000001
1939-06-14,138.9615
1939-06-15,135.751
1939-06-16,135.50620000000001
1939-06-19,137.4229
1939-06-20,139.1677
1939-06-21,138.88890000000001
1939-06-22,138.36060000000001
1939-06-23,139.13489999999999
1939-06-26,135.1977
1939-06-27,135.88669999999999
1939-06-28,132.24449999999999
1939-06-29,128.13120000000001
1939-06-30,129.143
1939-07-03,130.8263
1939-07-05,133.3246
1939-07-06,133.9374
1939-07-07,133.13329999999999
1939-07-10,133.5857
1939-07-11,135.3219
1939-07-12,139.06979999999999
1939-07-13,141.0719
1939-07-14,139.90049999999999
1939-07-17,147.55119999999999
1939-07-18,149.89670000000001
1939-07-19,148.21729999999999
1939-07-20,145.84530000000001
1939-07-21,149.52010000000001
1939-07-24,150.5324
1939-07-25,149.7792
1939-07-26,150.25790000000001
1939-07-27,150.46780000000001
1939-07-28,149.66980000000001
1939-07-31,147.68510000000001
1939-08-01,147.7141
1939-08-02,149.04300000000001
1939-08-03,148.92320000000001
1939-08-04,144.589
1939-08-07,143.56460000000001
1939-08-08,143.8655
1939-08-09,142.03790000000001
1939-08-10,139.4665
1939-08-11,139.41030000000001
1939-08-14,142.77529999999999
1939-08-15,144.38820000000001
1939-08-16,139.8972
1939-08-17,139.0993
1939-08-18,135.89949999999999
1939-08-21,131.41890000000001
1939-08-22,134.2833
1939-08-23,129.28749999999999
1939-08-24,129.1061
1939-08-25,133.01750000000001
1939-08-28,134.35210000000001
1939-08-29,137.697
1939-08-30,136.73259999999999
1939-08-31,134.20259999999999
1939-09-01,139.47630000000001
1939-09-05,164.85329999999999
1939-09-06,161.91829999999999
1939-09-07,163.08349999999999
1939-09-08,167.56780000000001
1939-09-11,176.9265
1939-09-12,178.67740000000001
1939-09-13,175.1568
1939-09-14,175.47149999999999
1939-09-15,175.7867
1939-09-18,165.4006
1939-09-19,174.39779999999999
1939-09-20,175.02500000000001
1939-09-21,177.91229999999999
1939-09-22,176.684
1939-09-25,177.1069
1939-09-26,178.4169
1939-09-27,177.59549999999999
1939-09-28,174.43369999999999
1939-09-29,171.90379999999999
1939-10-02,174.6764
1939-10-03,172.42240000000001
1939-10-04,171.62860000000001
1939-10-05,172.2287
1939-10-06,172.40029999999999
1939-10-09,169.87430000000001
1939-10-10,171.26660000000001
1939-10-11,172.3621
1939-10-13,171.44800000000001
1939-10-16,171.59909999999999
1939-10-17,179.02869999999999
1939-10-18,178.0076
1939-10-19,177.63310000000001
1939-10-20,175.94499999999999
1939-10-23,176.7998
1939-10-24,177.71850000000001
1939-10-25,180.63239999999999
1939-10-26,177.8681
1939-10-27,176.71129999999999
1939-10-30,175.72139999999999
1939-10-31,173.55940000000001
1939-11-01,172.7604
1939-11-02,172.6216
1939-11-03,176.17699999999999
1939-11-06,173.60740000000001
1939-11-08,170.56870000000001
1939-11-09,167.31020000000001
1939-11-10,168.44730000000001
1939-11-13,167.73920000000001
1939-11-14,169.21469999999999
1939-11-15,168.90950000000001
1939-11-16,171.13849999999999
1939-11-17,170.38489999999999
1939-11-20,171.27109999999999
1939-11-21,169.60910000000001
1939-11-22,168.76050000000001
1939-11-24,165.48589999999999
1939-11-27,165.7336
1939-11-28,165.25239999999999
1939-11-29,162.5582
1939-11-30,160.15180000000001
1939-12-01,162.34530000000001
1939-12-04,162.4907
1939-12-05,163.10759999999999
1939-12-06,167.85339999999999
1939-12-07,168.27250000000001
1939-12-08,166.80789999999999
1939-12-11,164.3228
1939-12-12,164.1086
1939-12-13,167.96459999999999
1939-12-14,167.44329999999999
1939-12-15,167.77760000000001
1939-12-18,167.02279999999999
1939-12-19,166.22049999999999
1939-12-20,166.68530000000001
1939-12-21,166.11799999999999
1939-12-22,166.51609999999999
1939-12-26,165.43199999999999
1939-12-27,163.04920000000001
1939-12-28,165.18459999999999
1939-12-29,165.6961
1940-01-02,167.99889999999999
1940-01-03,170.09829999999999
1940-01-04,169.12809999999999
1940-01-05,166.709
1940-01-08,166.72370000000001
1940-01-09,164.70570000000001
1940-01-10,164.9357
1940-01-11,161.27359999999999
1940-01-12,157.3057
1940-01-15,155.34460000000001
1940-01-16,156.26050000000001
1940-01-17,156.55690000000001
1940-01-18,155.2569
1940-01-19,155.50479999999999
1940-01-22,154.18469999999999
1940-01-23,154.92429999999999
1940-01-24,158.7039
1940-01-25,157.6559
1940-01-26,157.65530000000001
1940-01-29,157.10339999999999
1940-01-30,156.09739999999999
1940-01-31,155.3476
1940-02-01,155.33150000000001
1940-02-02,155.89009999999999
1940-02-05,155.0934
1940-02-06,156.86099999999999
1940-02-07,157.80160000000001
1940-02-08,161.2884
1940-02-09,161.5136
1940-02-13,159.54859999999999
1940-02-14,159.4682
1940-02-15,159.72280000000001
1940-02-16,160.37710000000001
1940-02-19,160.71250000000001
1940-02-20,162.20650000000001
1940-02-21,161.57329999999999
1940-02-23,159.87620000000001
1940-02-26,158.0249
1940-02-27,157.94540000000001
1940-02-28,158.387
1940-02-29,158.9408
1940-03-01,157.8595
1940-03-04,158.80439999999999
1940-03-05,159.852
1940-03-06,161.49789999999999
1940-03-07,161.69110000000001
1940-03-08,161.38329999999999
1940-03-11,160.51220000000001
1940-03-12,160.1585
1940-03-13,159.3091
1940-03-14,158.751
1940-03-15,155.55950000000001
1940-03-18,153.232
1940-03-19,155.46860000000001
1940-03-20,157.59800000000001
1940-03-21,157.55009999999999
1940-03-25,156.33789999999999
1940-03-26,155.47749999999999
1940-03-27,159.53489999999999
1940-03-28,159.0078
1940-03-29,159.5479
1940-04-01,160.16540000000001
1940-04-02,160.3571
1940-04-03,164.4777
1940-04-04,166.13829999999999
1940-04-05,165.37350000000001
1940-04-08,167.33959999999999
1940-04-09,167.23859999999999
1940-04-10,165.93350000000001
1940-04-11,166.5137
1940-04-12,164.9479
1940-04-15,165.77289999999999
1940-04-16,162.58949999999999
1940-04-17,164.0034
1940-04-18,161.5592
1940-04-19,161.57470000000001
1940-04-22,163.4691
1940-04-23,164.97239999999999
1940-04-24,163.66849999999999
1940-04-25,164.40450000000001
1940-04-26,161.7405
1940-04-29,162.97149999999999
1940-04-30,162.0909
1940-05-01,159.44820000000001
1940-05-02,160.89859999999999
1940-05-03,161.33250000000001
1940-05-06,160.70320000000001
1940-05-07,161.4418
1940-05-08,161.45740000000001
1940-05-09,162.4579
1940-05-10,158.6233
1940-05-13,148.84880000000001
1940-05-14,136.98500000000001
1940-05-15,137.464
1940-05-16,142.89330000000001
1940-05-17,132.03290000000001
1940-05-20,131.63030000000001
1940-05-21,117.9272
1940-05-22,119.4008
1940-05-23,118.5168
1940-05-24,118.4927
1940-05-27,124.4906
1940-05-28,120.6558
1940-05-29,122.8272
1940-05-31,123.5515
1940-06-03,121.1126
1940-06-04,122.8078
1940-06-05,119.2214
1940-06-06,120.6635
1940-06-07,122.58159999999999
1940-06-10,117.5763
1940-06-11,124.0896
1940-06-12,130.9513
1940-06-13,127.8211
1940-06-14,131.8981
1940-06-17,131.6157
1940-06-18,132.4049
1940-06-19,132.47059999999999
1940-06-20,130.0857
1940-06-21,130.4495
1940-06-24,131.38980000000001
1940-06-25,127.1455
1940-06-26,125.45399999999999
1940-06-27,126.75830000000001
1940-06-28,128.34229999999999
1940-07-01,126.8955
1940-07-02,126.29859999999999
1940-07-03,126.5634
1940-07-05,127.0566
1940-07-08,127.2457
1940-07-09,127.1944
1940-07-10,126.8759
1940-07-11,127.2688
1940-07-12,126.9629
1940-07-15,127.1267
1940-07-16,129.19839999999999
1940-07-17,128.70699999999999
1940-07-18,128.37190000000001
1940-07-19,127.1519
1940-07-22,127.41849999999999
1940-07-23,127.1887
1940-07-24,126.4251
1940-07-25,126.76600000000001
1940-07-26,127.6148
1940-07-29,129.48330000000001
1940-07-30,134.27369999999999
1940-07-31,134.09870000000001
1940-08-01,134.05799999999999
1940-08-02,133.84299999999999
1940-08-05,133.29400000000001
1940-08-06,131.41409999999999
1940-08-07,130.97999999999999
1940-08-08,131.22839999999999
1940-08-09,132.60579999999999
1940-08-12,133.17259999999999
1940-08-13,127.36579999999999
1940-08-14,127.047
1940-08-15,128.24080000000001
1940-08-16,125.8678
1940-08-19,126.5839
1940-08-20,128.69739999999999
1940-08-21,131.41249999999999
1940-08-22,132.7261
1940-08-23,130.5224
1940-08-26,131.03139999999999
1940-08-27,131.01779999999999
1940-08-28,133.6508
1940-08-29,133.3964
1940-08-30,136.86420000000001
1940-09-03,138.964
1940-09-04,142.11799999999999
1940-09-05,145.32939999999999
1940-09-06,143.91909999999999
1940-09-09,138.73159999999999
1940-09-10,139.06399999999999
1940-09-11,138.06229999999999
1940-09-12,136.32220000000001
1940-09-13,136.36259999999999
1940-09-16,138.42789999999999
1940-09-17,140.2962
1940-09-18,141.34790000000001
1940-09-19,141.55940000000001
1940-09-20,142.13929999999999
1940-09-23,147.98750000000001
1940-09-24,147.321
1940-09-25,147.61510000000001
1940-09-26,145.99080000000001
1940-09-27,142.3843
1940-09-30,144.80019999999999
1940-10-01,147.4205
1940-10-02,149.15960000000001
1940-10-03,149.39769999999999
1940-10-04,148.05260000000001
1940-10-07,146.83969999999999
1940-10-08,144.13740000000001
1940-10-09,143.27199999999999
1940-10-10,143.68700000000001
1940-10-11,144.8647
1940-10-14,144.7773
1940-10-15,145.50069999999999
1940-10-16,147.12970000000001
1940-10-17,148.46809999999999
1940-10-18,148.423
1940-10-21,147.4297
1940-10-22,148.19579999999999
1940-10-23,150.61089999999999
1940-10-24,149.4657
1940-10-25,149.59970000000001
1940-10-28,150.47730000000001
1940-10-29,150.94319999999999
1940-10-30,152.36150000000001
1940-10-31,156.27670000000001
1940-11-01,156.52619999999999
1940-11-04,156.22790000000001
1940-11-06,151.0874
1940-11-07,163.053
1940-11-08,161.40559999999999
1940-11-12,165.08869999999999
1940-11-13,164.14709999999999
1940-11-14,165.6566
1940-11-15,163.1215
1940-11-18,161.56960000000001
1940-11-19,161.0196
1940-11-20,157.49270000000001
1940-11-22,158.2166
1940-11-25,158.9913
1940-11-26,158.4819
1940-11-27,154.6619
1940-11-28,155.4811
1940-11-29,155.91589999999999
1940-12-02,157.30189999999999
1940-12-03,156.23169999999999
1940-12-04,156.2937
1940-12-05,155.55850000000001
1940-12-06,155.71350000000001
1940-12-09,157.70949999999999
1940-12-10,157.2989
1940-12-11,157.94319999999999
1940-12-12,158.51130000000001
1940-12-13,159.2081
1940-12-16,157.28469999999999
1940-12-17,156.7809
1940-12-18,154.82050000000001
1940-12-19,153.7362
1940-12-20,154.39680000000001
1940-12-23,153.83799999999999
1940-12-24,154.77590000000001
1940-12-26,154.51220000000001
1940-12-27,155.74780000000001
1940-12-30,158.46850000000001
1940-12-31,158.16679999999999
1941-01-02,157.328
1941-01-03,159.6559
1941-01-06,160.4864
1941-01-07,159.6994
1941-01-08,160.36959999999999
1941-01-09,161.29920000000001
1941-01-10,161.49209999999999
1941-01-13,160.13759999999999
1941-01-14,158.7919
1941-01-15,157.83860000000001
1941-01-16,154.90219999999999
1941-01-17,154.32849999999999
1941-01-20,154.1268
1941-01-21,153.04730000000001
1941-01-22,154.1028
1941-01-23,154.33340000000001
1941-01-24,154.67240000000001
1941-01-27,155.16720000000001
1941-01-28,154.56139999999999
1941-01-29,150.1404
1941-01-30,146.14619999999999
1941-01-31,146.42330000000001
1941-02-03,144.97669999999999
1941-02-04,144.8022
1941-02-05,148.13210000000001
1941-02-06,148.8871
1941-02-07,148.00810000000001
1941-02-10,147.7405
1941-02-11,144.99199999999999
1941-02-13,142.22210000000001
1941-02-14,136.77449999999999
1941-02-17,139.0669
1941-02-18,138.64920000000001
1941-02-19,136.76300000000001
1941-02-20,140.50989999999999
1941-02-21,140.90280000000001
1941-02-24,142.56489999999999
1941-02-25,144.31800000000001
1941-02-26,144.7937
1941-02-27,143.881
1941-02-28,144.09630000000001
1941-03-03,141.2379
1941-03-04,142.35319999999999
1941-03-05,141.41319999999999
1941-03-06,144.56620000000001
1941-03-07,143.84280000000001
1941-03-10,147.3973
1941-03-11,146.2176
1941-03-12,145.79310000000001
1941-03-13,145.04900000000001
1941-03-14,145.29509999999999
1941-03-17,146.3837
1941-03-18,146.8955
1941-03-19,146.05770000000001
1941-03-20,145.8965
1941-03-21,144.01390000000001
1941-03-24,143.6508
1941-03-25,143.8227
1941-03-26,143.72149999999999
1941-03-27,145.02889999999999
1941-03-28,143.8681
1941-03-31,144.31389999999999
1941-04-01,144.57320000000001
1941-04-02,144.89070000000001
1941-04-03,147.35329999999999
1941-04-04,146.9992
1941-04-07,145.09379999999999
1941-04-08,140.34870000000001
1941-04-09,138.63589999999999
1941-04-10,138.67699999999999
1941-04-14,137.43719999999999
1941-04-15,136.3647
1941-04-16,136.89599999999999
1941-04-17,136.18360000000001
1941-04-18,133.30969999999999
1941-04-21,132.61680000000001
1941-04-22,132.80199999999999
1941-04-23,134.4084
1941-04-24,135.88640000000001
1941-04-25,134.83959999999999
1941-04-28,135.62139999999999
1941-04-29,135.91929999999999
1941-04-30,134.24700000000001
1941-05-01,134.35390000000001
1941-05-02,134.79679999999999
1941-05-05,134.82329999999999
1941-05-06,137.4384
1941-05-07,137.0393
1941-05-08,136.80590000000001
1941-05-09,137.57149999999999
1941-05-12,139.08779999999999
1941-05-13,138.65610000000001
1941-05-14,138.33670000000001
1941-05-15,135.7355
1941-05-16,136.46799999999999
1941-05-19,137.35560000000001
1941-05-20,140.10230000000001
1941-05-21,140.36789999999999
1941-05-22,138.59880000000001
1941-05-23,138.4597
1941-05-26,137.5154
1941-05-27,138.82130000000001
1941-05-28,139.05680000000001
1941-05-29,139.62639999999999
1941-06-02,139.79220000000001
1941-06-03,141.0359
1941-06-04,141.37379999999999
1941-06-05,141.953
1941-06-06,141.5976
1941-06-09,144.24199999999999
1941-06-10,146.708
1941-06-11,147.36770000000001
1941-06-12,148.0745
1941-06-13,146.97829999999999
1941-06-16,146.9042
1941-06-17,148.29929999999999
1941-06-18,148.41739999999999
1941-06-19,148.35749999999999
1941-06-20,146.8141
1941-06-23,149.79949999999999
1941-06-24,148.78030000000001
1941-06-25,148.89879999999999
1941-06-26,149.70230000000001
1941-06-27,148.48920000000001
1941-06-30,147.8357
1941-07-01,147.50989999999999
1941-07-02,148.45349999999999
1941-07-03,149.38820000000001
1941-07-07,153.55179999999999
1941-07-08,156.19229999999999
1941-07-09,156.62909999999999
1941-07-10,156.8322
1941-07-11,156.9571
1941-07-14,156.95650000000001
1941-07-15,157.63079999999999
1941-07-16,156.1643
1941-07-17,155.28919999999999
1941-07-18,155.9254
1941-07-21,159.68889999999999
1941-07-22,159.2731
1941-07-23,159.1292
1941-07-24,158.6831
1941-07-25,158.09540000000001
1941-07-28,161.00110000000001
1941-07-29,160.17939999999999
1941-07-30,159.9546
1941-07-31,159.39410000000001
1941-08-01,159.0429
1941-08-04,158.74029999999999
1941-08-05,158.19999999999999
1941-08-06,158.1678
1941-08-07,157.97739999999999
1941-08-08,156.46029999999999
1941-08-11,153.6551
1941-08-12,153.36259999999999
1941-08-13,153.7148
1941-08-14,153.94489999999999
1941-08-15,152.55879999999999
1941-08-18,154.392
1941-08-19,154.02090000000001
1941-08-20,155.0831
1941-08-21,155.0515
1941-08-22,154.64789999999999
1941-08-25,154.98750000000001
1941-08-26,155.7774
1941-08-27,156.61799999999999
1941-08-28,157.4006
1941-08-29,157.36850000000001
1941-09-02,158.6294
1941-09-03,157.96250000000001
1941-09-04,157.7724
1941-09-05,157.4563
1941-09-08,157.9126
1941-09-09,156.93299999999999
1941-09-10,155.7397
1941-09-11,156.87610000000001
1941-09-12,157.0951
1941-09-15,157.3142
1941-09-16,157.8485
1941-09-17,160.78389999999999
1941-09-18,159.7543
1941-09-19,157.48519999999999
1941-09-22,157.32560000000001
1941-09-23,157.7184
1941-09-24,156.251
1941-09-25,152.37540000000001
1941-09-26,151.9787
1941-09-29,152.404
1941-09-30,153.07400000000001
1941-10-01,153.19589999999999
1941-10-02,152.68979999999999
1941-10-03,151.92580000000001
1941-10-06,151.89449999999999
1941-10-07,149.31180000000001
1941-10-08,149.1172
1941-10-09,145.851
1941-10-10,146.44839999999999
1941-10-14,145.62559999999999
1941-10-15,144.73670000000001
1941-10-16,141.3349
1941-10-17,142.77600000000001
1941-10-20,144.60830000000001
1941-10-21,146.21289999999999
1941-10-22,145.33510000000001
1941-10-23,145.727
1941-10-24,146.6591
1941-10-27,144.6266
1941-10-28,145.13229999999999
1941-10-29,144.8415
1941-10-30,144.81200000000001
1941-10-31,142.7407
1941-11-03,143.8117
1941-11-05,144.4152
1941-11-06,143.3605
1941-11-07,143.13059999999999
1941-11-10,141.58510000000001
1941-11-12,138.88040000000001
1941-11-13,139.5882
1941-11-14,141.5
1941-11-17,140.8622
1941-11-18,140.45320000000001
1941-11-19,142.01179999999999
1941-11-21,142.93430000000001
1941-11-24,143.6206
1941-11-25,142.6292
1941-11-26,140.87430000000001
1941-11-27,141.05690000000001
1941-11-28,139.80099999999999
1941-12-01,139.25579999999999
1941-12-02,142.1379
1941-12-03,143.6156
1941-12-04,143.61510000000001
1941-12-05,143.2843
1941-12-08,136.8706
1941-12-09,131.0257
1941-12-10,130.93350000000001
1941-12-11,136.28819999999999
1941-12-12,135.68809999999999
1941-12-15,138.8673
1941-12-16,139.38059999999999
1941-12-17,136.41130000000001
1941-12-18,136.32900000000001
1941-12-19,137.06469999999999
1941-12-22,135.24379999999999
1941-12-23,135.48679999999999
1941-12-24,135.97399999999999
1941-12-26,136.28630000000001
1941-12-29,137.67660000000001
1941-12-30,142.1506
1941-12-31,141.58150000000001
1942-01-02,145.40369999999999
1942-01-05,147.20939999999999
1942-01-06,145.95760000000001
1942-01-07,145.3587
1942-01-08,144.3552
1942-01-09,144.3691
1942-01-12,144.3219
1942-01-13,147.72730000000001
1942-01-14,147.75640000000001
1942-01-15,147.416
1942-01-16,145.74969999999999
1942-01-19,146.08189999999999
1942-01-20,146.19829999999999
1942-01-21,143.58080000000001
1942-01-22,143.73820000000001
1942-01-23,143.8527
1942-01-26,145.88509999999999
1942-01-27,145.97210000000001
1942-01-28,145.22710000000001
1942-01-29,144.84899999999999
1942-01-30,144.25460000000001
1942-02-02,144.26339999999999
1942-02-03,144.6524
1942-02-04,145.98269999999999
1942-02-05,145.47120000000001
1942-02-06,144.14689999999999
1942-02-09,142.08959999999999
1942-02-10,139.75880000000001
1942-02-11,139.70240000000001
1942-02-13,140.0652
1942-02-16,141.28450000000001
1942-02-17,139.3484
1942-02-18,139.19460000000001
1942-02-19,139.45859999999999
1942-02-20,139.44409999999999
1942-02-24,141.0224
1942-02-25,140.48599999999999
1942-02-26,140.87889999999999
1942-02-27,141.82230000000001
1942-03-02,140.44200000000001
1942-03-03,142.2672
1942-03-04,141.029
1942-03-05,139.3784
1942-03-06,136.39519999999999
1942-03-09,137.2415
1942-03-10,136.6234
1942-03-11,134.65549999999999
1942-03-12,135.0051
1942-03-13,136.0307
1942-03-16,137.47329999999999
1942-03-17,139.19120000000001
1942-03-18,138.10509999999999
1942-03-19,137.91120000000001
1942-03-20,137.09700000000001
1942-03-23,137.79650000000001
1942-03-24,138.22309999999999
1942-03-25,137.39330000000001
1942-03-26,136.76079999999999
1942-03-27,135.50210000000001
1942-03-30,136.07130000000001
1942-03-31,135.49940000000001
1942-04-01,135.67500000000001
1942-04-02,136.42070000000001
1942-04-06,137.33330000000001
1942-04-07,137.0445
1942-04-08,136.1532
1942-04-09,134.0968
1942-04-10,134.36449999999999
1942-04-13,133.8672
1942-04-14,130.43969999999999
1942-04-15,130.5044
1942-04-16,130.55619999999999
1942-04-17,128.04900000000001
1942-04-20,129.255
1942-04-21,129.68100000000001
1942-04-22,129.5898
1942-04-23,126.72539999999999
1942-04-24,125.54640000000001
1942-04-27,125.1939
1942-04-28,123.904
1942-04-29,126.10899999999999
1942-04-30,126.8526
1942-05-01,126.979
1942-05-04,127.6268
1942-05-05,127.74120000000001
1942-05-06,126.9487
1942-05-07,127.8242
1942-05-08,128.46289999999999
1942-05-11,129.59540000000001
1942-05-12,128.49340000000001
1942-05-13,126.11579999999999
1942-05-14,125.283
1942-05-15,126.4101
1942-05-18,127.18170000000001
1942-05-19,126.4308
1942-05-20,125.06489999999999
1942-05-21,126.6028
1942-05-22,126.6023
1942-05-25,126.3989
1942-05-26,126.4743
1942-05-27,128.4342
1942-05-28,128.36959999999999
1942-05-29,127.7914
1942-06-01,128.17439999999999
1942-06-02,127.48180000000001
1942-06-03,128.23339999999999
1942-06-04,130.13079999999999
1942-06-05,131.4837
1942-06-08,133.21129999999999
1942-06-09,132.7046
1942-06-10,131.47
1942-06-11,131.36439999999999
1942-06-12,130.73330000000001
1942-06-15,131.5839
1942-06-16,131.87289999999999
1942-06-17,134.1275
1942-06-18,134.3416
1942-06-19,132.82310000000001
1942-06-22,130.0677
1942-06-23,130.4965
1942-06-24,130.44380000000001
1942-06-25,131.08250000000001
1942-06-26,131.2131
1942-06-29,131.76390000000001
1942-06-30,131.65799999999999
1942-07-01,130.8939
1942-07-02,132.15000000000001
1942-07-03,133.55029999999999
1942-07-06,135.5531
1942-07-07,134.91550000000001
1942-07-08,138.82759999999999
1942-07-09,140.79849999999999
1942-07-10,140.1925
1942-07-13,139.21170000000001
1942-07-14,140.4641
1942-07-15,140.59
1942-07-16,140.47710000000001
1942-07-17,138.91730000000001
1942-07-20,139.1242
1942-07-21,139.63839999999999
1942-07-22,138.8141
1942-07-23,136.74520000000001
1942-07-24,136.58070000000001
1942-07-27,137.1679
1942-07-28,136.9479
1942-07-29,135.3999
1942-07-30,135.3724
1942-07-31,136.2518
1942-08-03,136.483
1942-08-04,135.99119999999999
1942-08-05,134.45400000000001
1942-08-06,134.06360000000001
1942-08-07,134.7602
1942-08-10,134.43600000000001
1942-08-11,135.04050000000001
1942-08-12,135.24260000000001
1942-08-13,136.06710000000001
1942-08-14,136.9238
1942-08-17,137.80099999999999
1942-08-18,139.2336
1942-08-19,139.52549999999999
1942-08-20,139.00880000000001
1942-08-21,139.41139999999999
1942-08-24,139.64769999999999
1942-08-25,138.46019999999999
1942-08-26,137.00579999999999
1942-08-27,137.63560000000001
1942-08-28,138.0205
1942-08-31,137.95099999999999
1942-09-01,137.59180000000001
1942-09-02,137.99029999999999
1942-09-03,138.2106
1942-09-04,138.0719
1942-09-08,139.33019999999999
1942-09-09,139.3715
1942-09-10,138.2978
1942-09-11,137.7165
1942-09-14,137.8399
1942-09-15,138.3494
1942-09-16,138.62569999999999
1942-09-17,138.48650000000001
1942-09-18,139.5247
1942-09-21,139.07769999999999
1942-09-22,139.1885
1942-09-23,140.76079999999999
1942-09-24,143.01249999999999
1942-09-25,143.31229999999999
1942-09-28,143.11060000000001
1942-09-29,142.36600000000001
1942-09-30,141.90989999999999
1942-10-01,143.10140000000001
1942-10-02,146.2062
1942-10-05,148.4512
1942-10-06,147.8272
1942-10-07,148.22579999999999
1942-10-08,150.61170000000001
1942-10-09,150.91239999999999
1942-10-13,151.51480000000001
1942-10-14,151.36269999999999
1942-10-15,149.47020000000001
1942-10-16,150.1422
1942-10-19,149.976
1942-10-20,152.7201
1942-10-21,152.42930000000001
1942-10-22,152.36779999999999
1942-10-23,151.87970000000001
1942-10-26,152.42619999999999
1942-10-27,150.62710000000001
1942-10-28,149.5119
1942-10-29,149.55619999999999
1942-10-30,149.94450000000001
1942-11-02,152.398
1942-11-04,151.5898
1942-11-05,151.74080000000001
1942-11-06,153.94049999999999
1942-11-09,153.69110000000001
1942-11-10,152.03059999999999
1942-11-12,151.87809999999999
1942-11-13,150.79920000000001
1942-11-16,149.57679999999999
1942-11-17,147.81129999999999
1942-11-18,147.8107
1942-11-19,148.0763
1942-11-20,149.1567
1942-11-23,147.024
1942-11-24,146.00909999999999
1942-11-25,145.7603
1942-11-27,146.38659999999999
1942-11-30,145.61099999999999
1942-12-01,145.625
1942-12-02,146.83320000000001
1942-12-03,147.88990000000001
1942-12-04,147.56399999999999
1942-12-07,147.018
1942-12-08,147.4144
1942-12-09,147.47280000000001
1942-12-10,147.31010000000001
1942-12-11,147.08860000000001
1942-12-14,147.97149999999999
1942-12-15,148.63679999999999
1942-12-16,149.51320000000001
1942-12-17,153.8486
1942-12-18,153.78649999999999
1942-12-21,152.89529999999999
1942-12-22,152.31370000000001
1942-12-23,152.49600000000001
1942-12-24,152.6174
1942-12-28,151.33969999999999
1942-12-29,151.46029999999999
1942-12-30,153.08029999999999
1942-12-31,153.18700000000001
1943-01-04,155.21510000000001
1943-01-05,154.5316
1943-01-06,154.28380000000001
1943-01-07,154.60730000000001
1943-01-08,154.9932
1943-01-11,156.06389999999999
1943-01-12,155.53280000000001
1943-01-13,156.62090000000001
1943-01-14,158.1866
1943-01-15,159.9735
1943-01-18,159.78059999999999
1943-01-19,157.59110000000001
1943-01-20,158.20509999999999
1943-01-21,160.73580000000001
1943-01-22,160.81559999999999
1943-01-25,162.42609999999999
1943-01-26,162.78290000000001
1943-01-27,162.21260000000001
1943-01-28,162.4391
1943-01-29,165.26499999999999
1943-02-01,166.09139999999999
1943-02-02,165.99119999999999
1943-02-03,165.0942
1943-02-04,164.68090000000001
1943-02-05,166.12950000000001
1943-02-08,165.29920000000001
1943-02-09,166.07550000000001
1943-02-10,167.935
1943-02-11,168.18629999999999
1943-02-15,171.32810000000001
1943-02-16,170.86490000000001
1943-02-17,171.75280000000001
1943-02-18,169.3305
1943-02-19,169.17750000000001
1943-02-23,172.90190000000001
1943-02-24,174.23269999999999
1943-02-25,175.3646
1943-02-26,175.34639999999999
1943-03-01,175.3766
1943-03-02,174.00810000000001
1943-03-03,177.47020000000001
1943-03-04,178.12620000000001
1943-03-05,178.85589999999999
1943-03-08,179.13980000000001
1943-03-09,177.75980000000001
1943-03-10,176.7637
1943-03-11,179.5736
1943-03-12,181.45849999999999
1943-03-15,181.2944
1943-03-16,180.53229999999999
1943-03-17,178.8527
1943-03-18,179.1919
1943-03-19,178.72540000000001
1943-03-22,178.99180000000001
1943-03-23,180.31569999999999
1943-03-24,181.59530000000001
1943-03-25,185.82579999999999
1943-03-26,187.4418
1943-03-29,190.68809999999999
1943-03-30,191.41200000000001
1943-03-31,190.89449999999999
1943-04-01,190.8938
1943-04-02,189.11779999999999
1943-04-05,192.44560000000001
1943-04-06,193.40719999999999
1943-04-07,192.5361
1943-04-08,191.6113
1943-04-09,182.35579999999999
1943-04-12,182.154
1943-04-13,181.53399999999999
1943-04-14,184.14750000000001
1943-04-15,185.54640000000001
1943-04-16,184.50659999999999
1943-04-19,185.41050000000001
1943-04-20,184.7423
1943-04-21,185.7577
1943-04-22,186.5744
1943-04-26,186.53630000000001
1943-04-27,185.99469999999999
1943-04-28,185.21289999999999
1943-04-29,187.3236
1943-04-30,187.529
1943-05-03,192.08930000000001
1943-05-04,193.20269999999999
1943-05-05,193.45320000000001
1943-05-06,193.5686
1943-05-07,189.75460000000001
1943-05-10,192.47489999999999
1943-05-11,191.56950000000001
1943-05-12,190.3236
1943-05-13,189.84719999999999
1943-05-14,187.45439999999999
1943-05-17,188.33359999999999
1943-05-18,189.78309999999999
1943-05-19,192.57220000000001
1943-05-20,191.78200000000001
1943-05-21,191.49359999999999
1943-05-24,191.3588
1943-05-25,192.1618
1943-05-26,193.9674
1943-05-27,194.9948
1943-05-28,195.24760000000001
1943-06-01,196.36000000000001
1943-06-02,195.9862
1943-06-03,197.29859999999999
1943-06-04,196.23249999999999
1943-06-07,195.9614
1943-06-08,195.1377
1943-06-09,195.44919999999999
1943-06-10,195.60489999999999
1943-06-11,194.8022
1943-06-14,190.37020000000001
1943-06-15,191.32140000000001
1943-06-16,192.0669
1943-06-17,192.12379999999999
1943-06-18,192.19999999999999
1943-06-21,190.3526
1943-06-22,190.90389999999999
1943-06-23,192.4495
1943-06-24,194.0847
1943-06-25,197.46100000000001
1943-06-28,198.90440000000001
1943-06-29,197.86940000000001
1943-06-30,198.6206
1943-07-01,199.95060000000001
1943-07-02,200.26990000000001
1943-07-06,199.4485
1943-07-07,198.9093
1943-07-08,199.12739999999999
1943-07-09,199.6046
1943-07-12,200.46190000000001
1943-07-13,202.4658
1943-07-14,203.72040000000001
1943-07-15,201.86580000000001
1943-07-16,201.2191
1943-07-19,200.77500000000001
1943-07-20,199.08779999999999
1943-07-21,199.3459
1943-07-22,200.2423
1943-07-23,199.78100000000001
1943-07-26,195.1893
1943-07-27,189.25479999999999
1943-07-28,188.66749999999999
1943-07-29,191.66659999999999
1943-07-30,187.6026
1943-08-02,182.07140000000001
1943-08-03,184.16460000000001
1943-08-04,185.47149999999999
1943-08-05,184.5805
1943-08-06,183.23240000000001
1943-08-09,182.35329999999999
1943-08-10,184.7415
1943-08-11,185.77539999999999
1943-08-12,184.73439999999999
1943-08-13,185.84209999999999
1943-08-16,186.32480000000001
1943-08-17,186.5104
1943-08-18,187.3304
1943-08-19,186.69280000000001
1943-08-20,184.88120000000001
1943-08-23,181.49440000000001
1943-08-24,182.54640000000001
1943-08-25,183.2029
1943-08-26,184.26480000000001
1943-08-27,183.23230000000001
1943-08-30,183.50640000000001
1943-08-31,185.56100000000001
1943-09-01,186.33969999999999
1943-09-02,186.11539999999999
1943-09-03,185.8914
1943-09-07,186.2439
1943-09-08,185.16300000000001
1943-09-09,187.14359999999999
1943-09-10,187.0119
1943-09-13,186.8056
1943-09-14,186.33789999999999
1943-09-15,186.84030000000001
1943-09-16,187.47489999999999
1943-09-17,189.76140000000001
1943-09-20,193.60929999999999
1943-09-21,193.2988
1943-09-22,192.42830000000001
1943-09-23,191.33080000000001
1943-09-24,191.59790000000001
1943-09-27,189.58850000000001
1943-09-28,189.3982
1943-09-29,189.83320000000001
1943-09-30,190.62979999999999
1943-10-01,191.44880000000001
1943-10-04,190.28149999999999
1943-10-05,189.32939999999999
1943-10-06,187.28399999999999
1943-10-07,184.82990000000001
1943-10-08,185.32820000000001
1943-10-11,185.0076
1943-10-13,184.2484
1943-10-14,185.4453
1943-10-15,187.3177
1943-10-18,188.4204
1943-10-19,189.9083
1943-10-20,190.47730000000001
1943-10-21,189.5052
1943-10-22,189.9025
1943-10-25,190.07220000000001
1943-10-26,191.13589999999999
1943-10-27,192.93190000000001
1943-10-28,191.9666
1943-10-29,190.48779999999999
1943-11-01,189.85890000000001
1943-11-03,187.23820000000001
1943-11-04,184.67240000000001
1943-11-05,183.95150000000001
1943-11-08,176.4238
1943-11-09,177.62289999999999
1943-11-10,180.10900000000001
1943-11-12,179.2978
1943-11-15,179.2791
1943-11-16,178.61510000000001
1943-11-17,177.5249
1943-11-18,178.2877
1943-11-19,180.90790000000001
1943-11-22,181.62690000000001
1943-11-23,181.04499999999999
1943-11-24,180.0848
1943-11-26,178.60749999999999
1943-11-29,176.34370000000001
1943-11-30,176.09620000000001
1943-12-01,177.94460000000001
1943-12-02,179.45650000000001
1943-12-03,179.88650000000001
1943-12-06,181.63399999999999
1943-12-07,183.6131
1943-12-08,185.96270000000001
1943-12-09,185.3484
1943-12-10,186.66370000000001
1943-12-13,185.54320000000001
1943-12-14,185.19
1943-12-15,185.41159999999999
1943-12-16,186.31950000000001
1943-12-17,187.86529999999999
1943-12-20,188.8989
1943-12-21,188.06700000000001
1943-12-22,188.23560000000001
1943-12-23,188.17850000000001
1943-12-24,188.59180000000001
1943-12-27,188.83629999999999
1943-12-28,186.70179999999999
1943-12-29,186.15969999999999
1943-12-30,189.1934
1943-12-31,189.5333
1944-01-03,189.62739999999999
1944-01-04,192.86930000000001
1944-01-05,195.0095
1944-01-06,194.13120000000001
1944-01-07,193.64519999999999
1944-01-10,193.91560000000001
1944-01-11,195.03960000000001
1944-01-12,193.71260000000001
1944-01-13,193.18889999999999
1944-01-14,194.88829999999999
1944-01-17,195.13460000000001
1944-01-18,194.8022
1944-01-19,194.19759999999999
1944-01-20,194.35220000000001
1944-01-21,194.66249999999999
1944-01-24,194.79740000000001
1944-01-25,194.6019
1944-01-26,192.26599999999999
1944-01-27,192.41909999999999
1944-01-28,193.66909999999999
1944-01-31,194.38550000000001
1944-02-01,194.52090000000001
1944-02-02,194.5591
1944-02-03,192.65170000000001
1944-02-04,191.16759999999999
1944-02-07,191.04990000000001
1944-02-08,191.96619999999999
1944-02-09,191.58160000000001
1944-02-10,192.4239
1944-02-11,192.34620000000001
1944-02-14,192.4417
1944-02-15,194.1345
1944-02-16,193.93969999999999
1944-02-17,194.38509999999999
1944-02-18,193.7235
1944-02-21,193.81960000000001
1944-02-23,195.3501
1944-02-24,195.97450000000001
1944-02-25,195.99340000000001
1944-02-28,196.50120000000001
1944-02-29,194.57480000000001
1944-03-01,195.06059999999999
1944-03-02,195.56700000000001
1944-03-03,195.40989999999999
1944-03-06,196.17140000000001
1944-03-07,198.2501
1944-03-08,200.3707
1944-03-09,200.02930000000001
1944-03-10,200.94880000000001
1944-03-13,203.46610000000001
1944-03-14,203.11949999999999
1944-03-15,204.3578
1944-03-16,205.07230000000001
1944-03-17,204.0873
1944-03-20,202.4967
1944-03-21,203.0224
1944-03-22,202.71719999999999
1944-03-23,200.70959999999999
1944-03-24,201.15039999999999
1944-03-27,200.8279
1944-03-28,197.29259999999999
1944-03-29,197.07490000000001
1944-03-30,198.5128
1944-03-31,198.98859999999999
1944-04-03,197.6728
1944-04-04,197.6524
1944-04-05,198.26439999999999
1944-04-06,199.4136
1944-04-10,199.47239999999999
1944-04-11,199.1326
1944-04-12,197.79769999999999
1944-04-13,196.51130000000001
1944-04-14,196.7268
1944-04-17,196.70599999999999
1944-04-18,193.3023
1944-04-19,192.27709999999999
1944-04-20,193.81469999999999
1944-04-21,194.0078
1944-04-24,192.04660000000001
1944-04-25,191.9691
1944-04-26,192.85140000000001
1944-04-27,193.60290000000001
1944-04-28,194.18299999999999
1944-05-01,195.83320000000001
1944-05-02,195.8716
1944-05-03,197.10489999999999
1944-05-04,196.94659999999999
1944-05-05,198.3245
1944-05-08,198.08529999999999
1944-05-09,198.04499999999999
1944-05-10,198.73750000000001
1944-05-11,198.5181
1944-05-12,197.26679999999999
1944-05-15,197.91749999999999
1944-05-16,198.68870000000001
1944-05-17,199.90000000000001
1944-05-18,200.63890000000001
1944-05-19,201.19999999999999
1944-05-22,201.50120000000001
1944-05-23,202.0445
1944-05-24,203.19540000000001
1944-05-25,202.86959999999999
1944-05-26,203.27459999999999
1944-05-29,204.29150000000001
1944-05-31,206.35409999999999
1944-06-01,206.10570000000001
1944-06-02,205.54849999999999
1944-06-05,203.63650000000001
1944-06-06,204.79650000000001
1944-06-07,204.4067
1944-06-08,204.03800000000001
1944-06-09,204.07810000000001
1944-06-12,209.34229999999999
1944-06-13,211.6653
1944-06-14,210.9872
1944-06-15,212.5899
1944-06-16,215.5017
1944-06-19,218.83240000000001
1944-06-20,218.98480000000001
1944-06-21,218.08619999999999
1944-06-22,218.1944
1944-06-23,218.5428
1944-06-26,221.03960000000001
1944-06-27,222.60820000000001
1944-06-28,221.65020000000001
1944-06-29,222.07050000000001
1944-06-30,222.64709999999999
1944-07-03,225.45490000000001
1944-07-05,227.3931
1944-07-06,225.73230000000001
1944-07-07,226.67949999999999
1944-07-10,229.0188
1944-07-11,228.3768
1944-07-12,228.83269999999999
1944-07-13,228.03100000000001
1944-07-14,228.167
1944-07-17,224.3109
1944-07-18,221.95480000000001
1944-07-19,224.26240000000001
1944-07-20,222.55719999999999
1944-07-21,218.5059
1944-07-24,216.77379999999999
1944-07-25,219.52600000000001
1944-07-26,219.34960000000001
1944-07-27,219.1953
1944-07-28,218.29580000000001
1944-07-31,218.46950000000001
1944-08-01,219.56110000000001
1944-08-02,220.04329999999999
1944-08-03,218.5462
1944-08-04,216.86269999999999
1944-08-07,216.8836
1944-08-08,215.81999999999999
1944-08-09,216.40199999999999
1944-08-10,217.87280000000001
1944-08-11,219.52780000000001
1944-08-14,220.91210000000001
1944-08-15,220.7345
1944-08-16,223.02940000000001
1944-08-17,226.10640000000001
1944-08-18,227.7336
1944-08-21,226.3664
1944-08-22,223.76230000000001
1944-08-23,224.1867
1944-08-24,222.7287
1944-08-25,223.26240000000001
1944-08-28,223.3956
1944-08-29,223.77459999999999
1944-08-30,224.82550000000001
1944-08-31,224.77969999999999
1944-09-01,225.56569999999999
1944-09-05,223.28659999999999
1944-09-06,217.86000000000001
1944-09-07,216.98779999999999
1944-09-08,217.16059999999999
1944-09-11,218.02629999999999
1944-09-12,219.0067
1944-09-13,216.68440000000001
1944-09-14,215.4485
1944-09-15,217.88229999999999
1944-09-18,218.94999999999999
1944-09-19,221.07300000000001
1944-09-20,222.44290000000001
1944-09-21,221.5301
1944-09-22,221.83940000000001
1944-09-25,224.26240000000001
1944-09-26,223.8579
1944-09-27,224.21530000000001
1944-09-28,224.41630000000001
1944-09-29,224.93170000000001
1944-10-02,227.20830000000001
1944-10-03,226.79849999999999
1944-10-04,227.93170000000001
1944-10-05,229.5264
1944-10-06,229.43379999999999
1944-10-09,227.04660000000001
1944-10-10,227.6815
1944-10-11,228.93289999999999
1944-10-13,229.02369999999999
1944-10-16,227.0779
1944-10-17,227.73560000000001
1944-10-18,229.3973
1944-10-19,228.98349999999999
1944-10-20,228.84530000000001
1944-10-23,225.08949999999999
1944-10-24,224.97620000000001
1944-10-25,224.97540000000001
1944-10-26,223.06229999999999
1944-10-27,223.9314
1944-10-30,224.0849
1944-10-31,224.93559999999999
1944-11-01,225.38470000000001
1944-11-02,226.64599999999999
1944-11-03,226.8039
1944-11-06,227.61959999999999
1944-11-08,227.3912
1944-11-09,228.34540000000001
1944-11-10,229.44069999999999
1944-11-13,227.19130000000001
1944-11-14,223.62360000000001
1944-11-15,223.5557
1944-11-16,223.77850000000001
1944-11-17,223.50909999999999
1944-11-20,224.2912
1944-11-21,226.12960000000001
1944-11-22,226.875
1944-11-24,225.85329999999999
1944-11-27,226.9152
1944-11-28,227.39089999999999
1944-11-29,228.73169999999999
1944-11-30,228.7766
1944-12-01,228.7758
1944-12-04,232.14619999999999
1944-12-05,233.14359999999999
1944-12-06,233.23609999999999
1944-12-07,234.2148
1944-12-08,236.15799999999999
1944-12-11,238.6431
1944-12-12,238.37979999999999
1944-12-13,237.16319999999999
1944-12-14,237.7552
1944-12-15,240.84520000000001
1944-12-18,239.15790000000001
1944-12-19,239.75489999999999
1944-12-20,237.23660000000001
1944-12-21,236.76130000000001
1944-12-22,238.39410000000001
1944-12-26,236.27449999999999
1944-12-27,233.84
1944-12-28,237.01939999999999
1944-12-29,240.3605
1945-01-02,243.15539999999999
1945-01-03,246.60730000000001
1945-01-04,247.2723
1945-01-05,246.35650000000001
1945-01-08,248.78659999999999
1945-01-09,248.68620000000001
1945-01-10,250.92339999999999
1945-01-11,251.851
1945-01-12,249.91079999999999
1945-01-15,247.4845
1945-01-16,247.26089999999999
1945-01-17,249.6832
1945-01-18,248.13419999999999
1945-01-19,245.70160000000001
1945-01-22,242.09819999999999
1945-01-23,241.00790000000001
1945-01-24,241.10339999999999
1945-01-25,243.12780000000001
1945-01-26,246.36060000000001
1945-01-29,248.70480000000001
1945-01-30,247.38579999999999
1945-01-31,247.9786
1945-02-01,248.89529999999999
1945-02-02,251.1842
1945-02-05,253.62540000000001
1945-02-06,253.59909999999999
1945-02-07,253.92789999999999
1945-02-08,253.64769999999999
1945-02-09,252.02340000000001
1945-02-13,257.07999999999998
1945-02-14,259.05860000000001
1945-02-15,261.51870000000002
1945-02-16,261.387
1945-02-19,263.50349999999997
1945-02-20,264.29309999999998
1945-02-21,263.84289999999999
1945-02-23,263.024
1945-02-26,261.07990000000001
1945-02-27,262.93270000000001
1945-02-28,266.66539999999998
1945-03-01,267.94439999999997
1945-03-02,265.4248
1945-03-05,266.53609999999998
1945-03-06,269.38709999999998
1945-03-07,268.65879999999999
1945-03-08,261.99509999999998
1945-03-09,255.3657
1945-03-12,259.87880000000001
1945-03-13,259.77390000000003
1945-03-14,260.6302
1945-03-15,261.51549999999997
1945-03-16,261.90679999999998
1945-03-19,259.18310000000002
1945-03-20,255.9683
1945-03-21,253.27969999999999
1945-03-22,253.5068
1945-03-23,254.31710000000001
1945-03-26,246.73179999999999
1945-03-27,248.4333
1945-03-28,251.1404
1945-03-29,252.3449
1945-04-02,254.71889999999999
1945-04-03,255.1765
1945-04-04,254.81829999999999
1945-04-05,251.93799999999999
1945-04-06,254.12889999999999
1945-04-09,254.7843
1945-04-10,256.18470000000002
1945-04-11,259.51420000000002
1945-04-12,260.34370000000001
1945-04-13,262.08710000000002
1945-04-16,268.14030000000002
1945-04-17,268.86340000000001
1945-04-18,271.52409999999998
1945-04-19,269.9212
1945-04-20,268.89449999999999
1945-04-23,270.779
1945-04-24,272.89010000000002
1945-04-25,271.85219999999998
1945-04-26,270.38319999999999
1945-04-27,271.76119999999997
1945-04-30,274.51139999999998
1945-05-01,272.3143
1945-05-02,271.14240000000001
1945-05-03,273.25630000000001
1945-05-04,274.92219999999998
1945-05-07,275.52449999999999
1945-05-08,276.04700000000003
1945-05-09,272.1814
1945-05-10,268.31540000000001
1945-05-11,269.92439999999999
1945-05-14,270.64659999999998
1945-05-15,271.51170000000002
1945-05-16,272.35239999999999
1945-05-17,273.90390000000002
1945-05-18,275.38200000000001
1945-05-21,274.0856
1945-05-22,273.07049999999998
1945-05-23,270.74849999999998
1945-05-24,270.6121
1945-05-25,272.64080000000001
1945-05-28,277.1823
1945-05-29,278.096
1945-05-31,276.87139999999999
1945-06-01,277.39640000000003
1945-06-04,277.97770000000003
1945-06-05,278.69940000000003
1945-06-06,277.3886
1945-06-07,278.30290000000002
1945-06-08,277.85669999999999
1945-06-11,276.46690000000001
1945-06-12,277.04649999999998
1945-06-13,278.79090000000002
1945-06-14,279.9051
1945-06-15,281.75139999999999
1945-06-18,280.14609999999999
1945-06-19,281.9101
1945-06-20,283.00850000000003
1945-06-21,284.33760000000001
1945-06-22,284.13760000000002
1945-06-25,286.21350000000001
1945-06-26,287.21420000000001
1945-06-27,287.55779999999999
1945-06-28,279.67770000000002
1945-06-29,277.35539999999997
1945-07-02,280.57920000000001
1945-07-03,280.83069999999998
1945-07-05,276.36450000000002
1945-07-06,276.83330000000001
1945-07-09,278.71480000000003
1945-07-10,280.4418
1945-07-11,279.01060000000001
1945-07-12,279.70710000000003
1945-07-13,278.47539999999998
1945-07-16,276.52510000000001
1945-07-17,269.33440000000002
1945-07-18,268.3639
1945-07-19,270.45620000000002
1945-07-20,270.10359999999997
1945-07-23,267.69869999999997
1945-07-24,267.8048
1945-07-25,270.56229999999999
1945-07-26,265.06889999999999
1945-07-27,266.5258
1945-07-30,268.95030000000003
1945-07-31,270.34780000000001
1945-08-01,269.80619999999999
1945-08-02,268.59109999999998
1945-08-03,270.2285
1945-08-06,269.95729999999998
1945-08-07,265.44810000000001
1945-08-08,267.03980000000001
1945-08-09,273.20749999999998
1945-08-10,274.05349999999999
1945-08-13,271.31189999999998
1945-08-14,273.80700000000002
1945-08-17,273.012
1945-08-20,269.05239999999998
1945-08-21,270.1814
1945-08-22,272.66609999999997
1945-08-23,278.71839999999997
1945-08-24,283.51130000000001
1945-08-27,288.35829999999999
1945-08-28,288.78989999999999
1945-08-29,288.41340000000002
1945-08-30,289.94099999999997
1945-08-31,293.62220000000002
1945-09-04,293.06319999999999
1945-09-05,293.06220000000002
1945-09-06,296.63650000000001
1945-09-07,297.05070000000001
1945-09-10,297.971
1945-09-11,300.32389999999998
1945-09-12,302.90570000000002
1945-09-13,302.93490000000003
1945-09-14,300.69209999999998
1945-09-17,295.04759999999999
1945-09-18,301.77370000000002
1945-09-19,305.90690000000001
1945-09-20,308.26130000000001
1945-09-21,307.05799999999999
1945-09-24,307.2407
1945-09-25,308.31490000000002
1945-09-26,307.66640000000001
1945-09-27,306.6807
1945-09-28,310.26780000000002
1945-10-01,315.59309999999999
1945-10-02,314.58210000000003
1945-10-03,313.88889999999998
1945-10-04,313.22859999999997
1945-10-05,313.79129999999998
1945-10-08,319.11529999999999
1945-10-09,320.1035
1945-10-10,321.99090000000001
1945-10-11,321.8288
1945-10-15,322.76089999999999
1945-10-16,323.05029999999999
1945-10-17,324.1798
1945-10-18,324.827
1945-10-19,321.02539999999999
1945-10-22,323.79059999999998
1945-10-23,321.06959999999998
1945-10-24,315.19290000000001
1945-10-25,317.24059999999997
1945-10-26,320.85599999999999
1945-10-29,317.61419999999998
1945-10-30,317.99419999999998
1945-10-31,323.6533
1945-11-01,328.34519999999998
1945-11-02,327.39179999999999
1945-11-05,328.93029999999999
1945-11-07,331.42899999999997
1945-11-08,330.83120000000002
1945-11-09,330.89620000000002
1945-11-13,329.93439999999998
1945-11-14,328.84449999999998
1945-11-15,331.53980000000001
1945-11-16,334.62200000000001
1945-11-19,335.9941
1945-11-20,339.01679999999999
1945-11-21,333.9982
1945-11-23,330.55680000000001
1945-11-26,332.45510000000002
1945-11-27,337.83960000000002
1945-11-28,337.39920000000001
1945-11-29,337.49930000000001
1945-11-30,341.48050000000001
1945-12-03,347.06790000000001
1945-12-04,346.6155
1945-12-05,348.41669999999999
1945-12-06,351.02859999999998
1945-12-07,351.589
1945-12-10,355.78370000000001
1945-12-11,354.99970000000002
1945-12-12,348.786
1945-12-13,346.69200000000001
1945-12-14,347.66149999999999
1945-12-17,339.01400000000001
1945-12-18,341.38589999999999
1945-12-19,342.57960000000003
1945-12-20,340.38580000000002
1945-12-21,339.5677
1945-12-26,348.07420000000002
1945-12-27,345.4624
1945-12-28,345.8066
1945-12-31,345.80500000000001
1946-01-02,343.6943
1946-01-03,341.42469999999997
1946-01-04,340.70650000000001
1946-01-07,342.03379999999999
1946-01-08,351.98570000000001
1946-01-09,359.5874
1946-01-10,362.13909999999998
1946-01-11,363.3329
1946-01-14,369.0154
1946-01-15,370.23180000000002
1946-01-16,370.26749999999998
1946-01-17,368.637
1946-01-18,368.59879999999998
1946-01-21,357.1465
1946-01-22,359.32380000000001
1946-01-23,365.75439999999998
1946-01-24,368.75229999999999
1946-01-25,366.13290000000001
1946-01-28,378.6549
1946-01-29,380.50900000000001
1946-01-30,379.78460000000001
1946-01-31,378.49200000000002
1946-02-01,381.36720000000003
1946-02-04,382.56900000000002
1946-02-05,386.24029999999999
1946-02-06,383.11040000000003
1946-02-07,383.18560000000002
1946-02-08,382.53289999999998
1946-02-11,374.57810000000001
1946-02-13,370.08179999999999
1946-02-14,374.22539999999998
1946-02-15,382.45710000000003
1946-02-18,378.1499
1946-02-19,363.06040000000002
1946-02-20,356.37880000000001
1946-02-21,364.18220000000002
1946-02-25,344.51499999999999
1946-02-26,343.13569999999999
1946-02-27,350.9237
1946-02-28,352.15069999999997
1946-03-01,351.1986
1946-03-04,348.3888
1946-03-05,352.185
1946-03-06,351.44420000000002
1946-03-07,354.57080000000002
1946-03-08,357.29969999999997
1946-03-11,354.637
1946-03-12,355.69970000000001
1946-03-13,348.19310000000002
1946-03-14,347.80889999999999
1946-03-15,352.08569999999997
1946-03-18,359.19639999999998
1946-03-19,357.03989999999999
1946-03-20,359.03800000000001
1946-03-21,362.69889999999998
1946-03-22,363.09660000000002
1946-03-25,370.45249999999999
1946-03-26,370.26600000000002
1946-03-27,366.2287
1946-03-28,365.45830000000001
1946-03-29,368.5634
1946-04-01,368.51589999999999
1946-04-02,369.399
1946-04-03,375.93599999999998
1946-04-04,381.34820000000002
1946-04-05,380.39339999999999
1946-04-08,380.84820000000002
1946-04-09,385.22660000000002
1946-04-10,384.06959999999998
1946-04-11,381.91739999999999
1946-04-12,381.07580000000002
1946-04-15,378.44389999999999
1946-04-16,384.2706
1946-04-17,383.88499999999999
1946-04-18,386.57080000000002
1946-04-22,386.25670000000002
1946-04-23,383.59019999999998
1946-04-24,380.13650000000001
1946-04-25,378.08240000000001
1946-04-26,378.00540000000001
1946-04-29,381.82870000000003
1946-04-30,383.85109999999997
1946-05-01,381.4314
1946-05-02,379.3322
1946-05-03,375.87889999999999
1946-05-06,370.10919999999999
1946-05-07,377.9171
1946-05-08,377.50009999999997
1946-05-09,378.065
1946-05-10,386.1542
1946-05-13,387.15280000000001
1946-05-14,385.4479
1946-05-15,382.67129999999997
1946-05-16,385.00420000000003
1946-05-17,385.3494
1946-05-20,386.48320000000001
1946-05-21,388.76209999999998
1946-05-22,390.3546
1946-05-23,391.05590000000001
1946-05-24,391.32819999999998
1946-05-27,396.64890000000003
1946-05-28,402.83519999999999
1946-05-29,404.04230000000001
1946-05-31,404.64690000000002
1946-06-03,401.8938
1946-06-04,398.39589999999998
1946-06-05,395.44639999999998
1946-06-06,394.65410000000003
1946-06-07,395.52089999999998
1946-06-10,398.16950000000003
1946-06-11,394.34559999999999
1946-06-12,394.50200000000001
1946-06-13,396.59140000000002
1946-06-14,396.23309999999998
1946-06-17,397.26179999999999
1946-06-18,390.18920000000003
1946-06-19,385.93470000000002
1946-06-20,376.59370000000001
1946-06-21,380.39600000000002
1946-06-24,380.62279999999998
1946-06-25,377.95710000000003
1946-06-26,376.02820000000003
1946-06-27,385.46519999999998
1946-06-28,387.96929999999998
1946-07-01,390.8777
1946-07-02,389.54730000000001
1946-07-03,389.5849
1946-07-05,387.71350000000001
1946-07-08,387.01420000000002
1946-07-09,389.25749999999999
1946-07-10,390.11250000000001
1946-07-11,386.6001
1946-07-12,382.19150000000002
1946-07-15,374.54629999999997
1946-07-16,373.72089999999997
1946-07-17,377.64370000000002
1946-07-18,377.529
1946-07-19,375.14920000000001
1946-07-22,372.74689999999998
1946-07-23,358.39490000000001
1946-07-24,358.5369
1946-07-25,362.1927
1946-07-26,365.01650000000001
1946-07-29,366.80380000000002
1946-07-30,368.12299999999999
1946-07-31,373.49630000000002
1946-08-01,376.63229999999999
1946-08-02,377.1583
1946-08-05,375.64830000000001
1946-08-06,373.61840000000001
1946-08-07,377.87630000000001
1946-08-08,379.80220000000003
1946-08-09,378.54750000000001
1946-08-12,379.15179999999998
1946-08-13,382.03199999999998
1946-08-14,380.8845
1946-08-15,377.03620000000001
1946-08-16,373.30220000000003
1946-08-19,371.80770000000001
1946-08-20,375.4873
1946-08-21,371.9563
1946-08-22,365.66890000000001
1946-08-23,367.6422
1946-08-26,365.06740000000002
1946-08-27,350.28089999999997
1946-08-28,348.38810000000001
1946-08-29,350.26819999999998
1946-08-30,348.48059999999998
1946-09-03,321.0539
1946-09-04,319.57589999999999
1946-09-05,331.68669999999997
1946-09-06,326.61070000000001
1946-09-09,305.93509999999998
1946-09-10,297.21480000000003
1946-09-11,309.19150000000002
1946-09-12,308.88119999999998
1946-09-13,313.79129999999998
1946-09-16,317.1164
1946-09-17,315.18090000000001
1946-09-18,303.26589999999999
1946-09-19,293.10539999999997
1946-09-20,302.95269999999999
1946-09-23,298.46789999999999
1946-09-24,304.46609999999998
1946-09-25,312.35070000000002
1946-09-26,316.97230000000002
1946-09-27,314.08670000000001
1946-09-30,310.06529999999998
1946-10-01,309.00999999999999
1946-10-02,311.79000000000002
1946-10-03,310.47930000000002
1946-10-04,306.72140000000002
1946-10-07,303.29309999999998
1946-10-08,300.16800000000001
1946-10-09,289.93119999999999
1946-10-10,295.72879999999998
1946-10-11,303.2097
1946-10-14,306.33170000000001
1946-10-15,319.50290000000001
1946-10-16,317.8723
1946-10-17,311.16399999999999
1946-10-18,310.97620000000001
1946-10-21,311.1275
1946-10-22,309.07299999999998
1946-10-23,305.0539
1946-10-24,305.47989999999999
1946-10-25,303.95139999999998
1946-10-28,297.02429999999998
1946-10-29,294.26089999999999
1946-10-30,294.40699999999998
1946-10-31,306.59440000000001
1946-11-01,311.68270000000001
1946-11-04,316.46699999999998
1946-11-06,303.36419999999998
1946-11-07,305.42599999999999
1946-11-08,307.71559999999999
1946-11-12,310.6662
1946-11-13,307.83800000000002
1946-11-14,310.76139999999998
1946-11-15,306.72039999999998
1946-11-18,303.89800000000002
1946-11-19,303.41070000000002
1946-11-20,300.952
1946-11-21,293.99889999999999
1946-11-22,292.23390000000001
1946-11-25,297.93630000000002
1946-11-26,302.88099999999997
1946-11-27,305.57549999999998
1946-11-29,309.97469999999998
1946-12-02,304.29320000000001
1946-12-03,305.32670000000002
1946-12-04,312.28699999999998
1946-12-05,309.97500000000002
1946-12-06,310.81079999999997
1946-12-09,326.35750000000002
1946-12-10,325.80160000000001
1946-12-11,325.73520000000002
1946-12-12,320.97829999999999
1946-12-13,320.6241
1946-12-16,323.5779
1946-12-17,322.4119
1946-12-18,323.50700000000001
1946-12-19,329.62009999999998
1946-12-20,332.65140000000002
1946-12-23,331.01560000000001
1946-12-24,329.95519999999999
1946-12-26,327.01740000000001
1946-12-27,325.6755
1946-12-30,327.07260000000002
1946-12-31,329.49180000000001
1947-01-02,326.19569999999999
1947-01-03,325.60730000000001
1947-01-06,330.73320000000001
1947-01-07,327.49079999999998
1947-01-08,327.71890000000002
1947-01-09,329.7824
1947-01-10,325.09829999999999
1947-01-13,313.04669999999999
1947-01-14,314.14120000000003
1947-01-15,312.63220000000001
1947-01-16,311.38060000000002
1947-01-17,317.38909999999998
1947-01-20,317.28140000000002
1947-01-21,315.78910000000002
1947-01-22,317.2722
1947-01-23,321.36380000000003
1947-01-24,322.90519999999998
1947-01-27,325.25999999999999
1947-01-28,328.73919999999998
1947-01-29,334.35939999999999
1947-01-30,333.72289999999998
1947-01-31,335.02330000000001
1947-02-03,338.1429
1947-02-04,338.3107
1947-02-05,337.90350000000001
1947-02-06,337.29410000000001
1947-02-07,344.37610000000001
1947-02-10,342.84800000000001
1947-02-11,344.21820000000002
1947-02-13,340.12079999999997
1947-02-14,339.37130000000002
1947-02-17,341.00060000000002
1947-02-18,340.76069999999999
1947-02-19,337.42000000000002
1947-02-20,337.95870000000002
1947-02-21,340.69490000000002
1947-02-24,337.59339999999997
1947-02-25,331.85309999999998
1947-02-26,327.10640000000001
1947-02-27,332.5025
1947-02-28,332.66759999999999
1947-03-03,331.9015
1947-03-04,332.03309999999999
1947-03-05,336.68040000000002
1947-03-06,337.68920000000003
1947-03-07,326.13909999999998
1947-03-10,321.45819999999998
1947-03-11,318.1782
1947-03-12,321.74059999999997
1947-03-13,321.9325
1947-03-14,317.55309999999997
1947-03-17,318.18540000000002
1947-03-18,321.68430000000001
1947-03-19,323.16289999999998
1947-03-20,321.83679999999998
1947-03-21,324.82870000000003
1947-03-24,323.77870000000001
1947-03-25,320.86360000000002
1947-03-26,325.83580000000001
1947-03-27,331.0806
1947-03-28,330.48349999999999
1947-03-31,326.32929999999999
1947-04-01,326.85019999999997
1947-04-02,327.07780000000002
1947-04-03,325.11419999999998
1947-04-07,321.37599999999998
1947-04-08,316.39350000000002
1947-04-09,316.6139
1947-04-10,317.08769999999998
1947-04-11,314.16930000000002
1947-04-14,299.10770000000002
1947-04-15,298.65800000000002
1947-04-16,301.76299999999998
1947-04-17,301.94290000000001
1947-04-18,297.02019999999999
1947-04-21,304.91079999999999
1947-04-22,306.76960000000003
1947-04-23,306.58449999999999
1947-04-24,304.55990000000003
1947-04-25,301.0564
1947-04-28,301.05529999999999
1947-04-29,300.33170000000001
1947-04-30,304.71550000000002
1947-05-01,307.45679999999999
1947-05-02,308.87
1947-05-05,309.2396
1947-05-06,305.49669999999998
1947-05-07,305.22059999999999
1947-05-08,303.23559999999998
1947-05-09,302.71899999999999
1947-05-12,299.05270000000002
1947-05-13,293.07060000000001
1947-05-14,291.48700000000002
1947-05-15,293.81779999999998
1947-05-16,284.56150000000002
1947-05-19,280.48250000000002
1947-05-20,281.5754
1947-05-21,286.07960000000003
1947-05-22,289.82619999999997
1947-05-23,291.10039999999998
1947-05-26,288.36500000000001
1947-05-27,287.61430000000001
1947-05-28,292.99160000000001
1947-05-29,295.6275
1947-06-02,292.67020000000002
1947-06-03,294.77629999999999
1947-06-04,292.85919999999999
1947-06-05,291.42320000000001
1947-06-06,293.11239999999998
1947-06-09,291.32339999999999
1947-06-10,293.39069999999998
1947-06-11,301.19389999999999
1947-06-12,301.28309999999999
1947-06-13,304.6866
1947-06-16,304.41129999999998
1947-06-17,302.91860000000003
1947-06-18,303.06889999999999
1947-06-19,307.18959999999998
1947-06-20,309.2774
1947-06-23,311.87419999999997
1947-06-24,304.45049999999998
1947-06-25,305.84989999999999
1947-06-26,307.6533
1947-06-27,308.0829
1947-06-30,309.2525
1947-07-01,315.12720000000002
1947-07-02,315.1576
1947-07-03,319.19049999999999
1947-07-07,319.82769999999999
1947-07-08,321.74560000000002
1947-07-09,319.5566
1947-07-10,323.61380000000003
1947-07-11,328.91989999999998
1947-07-14,332.63549999999998
1947-07-15,330.70499999999998
1947-07-16,329.77789999999999
1947-07-17,327.00659999999999
1947-07-18,326.64569999999998
1947-07-21,325.63189999999997
1947-07-22,326.05410000000001
1947-07-23,329.83510000000001
1947-07-24,334.2867
1947-07-25,333.58350000000002
1947-07-28,330.24650000000003
1947-07-29,322.22030000000001
1947-07-30,319.15809999999999
1947-07-31,324.32729999999998
1947-08-01,325.1046
1947-08-04,321.29969999999997
1947-08-05,322.61590000000001
1947-08-06,320.7758
1947-08-07,320.48590000000002
1947-08-08,316.79919999999998
1947-08-11,315.0557
1947-08-12,318.7722
1947-08-13,318.45229999999998
1947-08-14,319.85239999999999
1947-08-15,324.04129999999998
1947-08-18,323.29480000000001
1947-08-19,321.64490000000001
1947-08-20,320.3571
1947-08-21,321.79759999999999
1947-08-22,322.72969999999998
1947-08-25,316.7903
1947-08-26,317.26429999999999
1947-08-27,317.80259999999998
1947-08-28,317.29289999999997
1947-08-29,319.0052
1947-09-02,321.20519999999999
1947-09-03,321.10770000000002
1947-09-04,315.29450000000003
1947-09-05,315.45100000000002
1947-09-08,309.70870000000002
1947-09-09,310.07920000000001
1947-09-10,314.38819999999998
1947-09-11,315.51889999999997
1947-09-12,314.6343
1947-09-15,313.50049999999999
1947-09-16,316.75979999999998
1947-09-17,323.25220000000002
1947-09-18,322.79849999999999
1947-09-19,322.34539999999998
1947-09-22,322.56990000000002
1947-09-23,318.14960000000002
1947-09-24,319.38920000000002
1947-09-25,317.75920000000002
1947-09-26,317.75810000000001
1947-09-29,319.72699999999998
1947-09-30,323.69049999999999
1947-10-01,326.76440000000002
1947-10-02,327.44940000000003
1947-10-03,330.26429999999999
1947-10-06,332.214
1947-10-07,332.17959999999999
1947-10-08,330.15210000000002
1947-10-09,332.42899999999997
1947-10-10,334.38909999999998
1947-10-14,341.12329999999997
1947-10-15,341.80439999999999
1947-10-16,341.56389999999999
1947-10-17,340.87950000000001
1947-10-20,346.31869999999998
1947-10-21,345.48630000000003
1947-10-22,344.24130000000002
1947-10-23,344.85969999999998
1947-10-24,339.27179999999998
1947-10-27,340.459
1947-10-28,340.3897
1947-10-29,339.43540000000002
1947-10-30,333.96929999999998
1947-10-31,336.13889999999998
1947-11-03,336.40469999999999
1947-11-05,333.84679999999997
1947-11-06,335.11430000000001
1947-11-07,334.81150000000002
1947-11-10,336.71719999999999
1947-11-12,336.17720000000003
1947-11-13,334.05810000000002
1947-11-14,333.68950000000001
1947-11-17,333.8879
1947-11-18,338.52769999999998
1947-11-19,340.76080000000002
1947-11-20,342.25889999999998
1947-11-21,340.786
1947-11-24,339.08280000000002
1947-11-25,338.23390000000001
1947-11-26,337.86059999999998
1947-11-28,333.70370000000003
1947-12-01,335.32619999999997
1947-12-02,336.59930000000003
1947-12-03,332.82819999999998
1947-12-04,331.2627
1947-12-05,324.90129999999999
1947-12-08,327.76260000000002
1947-12-09,330.51459999999997
1947-12-10,331.47190000000001
1947-12-11,331.40449999999998
1947-12-12,334.4522
1947-12-15,339.25020000000001
1947-12-16,338.63839999999999
1947-12-17,340.161
1947-12-18,339.7176
1947-12-19,341.41500000000002
1947-12-22,342.70280000000002
1947-12-23,343.83249999999998
1947-12-24,342.7654
1947-12-26,339.02800000000002
1947-12-29,336.58999999999997
1947-12-30,340.62790000000001
1947-12-31,342.02319999999997
1948-01-02,342.70600000000002
1948-01-05,340.57999999999998
1948-01-06,338.05849999999998
1948-01-07,340.76179999999999
1948-01-08,342.63479999999998
1948-01-09,341.33150000000001
1948-01-12,339.01209999999998
1948-01-13,334.77319999999997
1948-01-14,334.26990000000001
1948-01-15,333.46640000000002
1948-01-16,333.63200000000001
1948-01-19,327.7022
1948-01-20,328.12709999999998
1948-01-21,324.0899
1948-01-22,321.26920000000001
1948-01-23,320.62549999999999
1948-01-26,320.17419999999998
1948-01-27,322.28620000000001
1948-01-28,325.089
1948-01-29,328.33870000000002
1948-01-30,327.28680000000003
1948-02-02,327.08909999999997
1948-02-03,325.32170000000002
1948-02-04,318.29360000000003
1948-02-05,313.80450000000002
1948-02-06,314.33679999999998
1948-02-09,316.4418
1948-02-10,306.06130000000002
1948-02-11,304.8972
1948-02-13,304.89609999999999
1948-02-16,310.5188
1948-02-17,310.95249999999999
1948-02-18,310.32940000000002
1948-02-19,309.86279999999999
1948-02-20,307.94060000000002
1948-02-24,309.32670000000002
1948-02-25,312.1096
1948-02-26,309.5804
1948-02-27,308.12419999999997
1948-03-01,312.7002
1948-03-02,314.79419999999999
1948-03-03,315.76900000000001
1948-03-04,313.24169999999998
1948-03-05,313.49119999999999
1948-03-08,312.66800000000001
1948-03-09,309.50889999999998
1948-03-10,311.55059999999997
1948-03-11,311.82979999999998
1948-03-12,311.76639999999998
1948-03-15,313.9511
1948-03-16,307.76519999999999
1948-03-17,310.41079999999999
1948-03-18,314.91070000000002
1948-03-19,321.83760000000001
1948-03-22,332.42660000000001
1948-03-23,333.28969999999998
1948-03-24,334.05500000000001
1948-03-25,335.35669999999999
1948-03-29,335.22129999999999
1948-03-30,338.77339999999998
1948-03-31,344.36200000000002
1948-04-01,345.01499999999999
1948-04-02,344.22030000000001
1948-04-05,344.38959999999997
1948-04-06,345.62819999999999
1948-04-07,344.9357
1948-04-08,346.00369999999998
1948-04-09,346.62529999999998
1948-04-12,346.20530000000002
1948-04-13,346.86189999999999
1948-04-14,346.99939999999998
1948-04-15,351.68259999999998
1948-04-16,352.80680000000001
1948-04-19,354.77890000000002
1948-04-20,352.9683
1948-04-21,353.92000000000002
1948-04-22,355.90069999999997
1948-04-23,358.71109999999999
1948-04-26,353.09100000000001
1948-04-27,352.80720000000002
1948-04-28,353.29989999999998
1948-04-29,353.89920000000001
1948-04-30,351.81
1948-05-03,353.65679999999998
1948-05-04,355.10550000000001
1948-05-05,352.22789999999998
1948-05-06,354.79790000000003
1948-05-07,356.2158
1948-05-10,357.49790000000002
1948-05-11,359.5702
1948-05-12,359.89249999999998
1948-05-13,362.44639999999998
1948-05-14,372.3399
1948-05-17,377.90410000000003
1948-05-18,372.83879999999999
1948-05-19,373.8442
1948-05-20,376.3476
1948-05-21,376.64729999999997
1948-05-24,377.55000000000001
1948-05-25,375.39659999999998
1948-05-26,378.81139999999999
1948-05-27,379.49189999999999
1948-05-28,379.64240000000001
1948-06-01,379.94470000000001
1948-06-02,380.4753
1948-06-03,378.3433
1948-06-04,374.82330000000002
1948-06-07,372.34820000000002
1948-06-08,380.87360000000001
1948-06-09,383.04320000000001
1948-06-10,382.35239999999999
1948-06-11,383.61279999999999
1948-06-14,383.15109999999999
1948-06-15,382.15350000000001
1948-06-16,379.55349999999999
1948-06-17,379.0967
1948-06-18,377.99590000000001
1948-06-21,372.62700000000001
1948-06-22,372.7002
1948-06-23,376.87310000000002
1948-06-24,376.608
1948-06-25,374.6859
1948-06-28,369.28910000000002
1948-06-29,370.87580000000003
1948-06-30,373.09969999999998
1948-07-01,372.31479999999999
1948-07-02,373.87720000000002
1948-07-06,375.63310000000001
1948-07-07,373.97899999999998
1948-07-08,373.8655
1948-07-09,376.74290000000002
1948-07-12,377.15600000000001
1948-07-13,375.45740000000001
1948-07-14,376.88279999999997
1948-07-15,370.32369999999997
1948-07-16,365.47109999999998
1948-07-19,352.02050000000003
1948-07-20,357.72199999999998
1948-07-21,360.22480000000002
1948-07-22,361.7364
1948-07-23,362.82029999999997
1948-07-26,360.42439999999999
1948-07-27,364.13549999999998
1948-07-28,362.4228
1948-07-29,359.55829999999997
1948-07-30,355.06259999999997
1948-08-02,354.99029999999999
1948-08-03,354.81150000000002
1948-08-04,360.20339999999999
1948-08-05,359.94999999999999
1948-08-06,359.55270000000002
1948-08-09,355.23680000000002
1948-08-10,351.75420000000003
1948-08-11,348.48169999999999
1948-08-12,349.83949999999999
1948-08-13,350.46800000000002
1948-08-16,351.27280000000002
1948-08-17,355.55700000000002
1948-08-18,355.76909999999998
1948-08-19,356.8707
1948-08-20,360.22399999999999
1948-08-23,356.40440000000001
1948-08-24,357.65050000000002
1948-08-25,357.79230000000001
1948-08-26,358.6497
1948-08-27,360.72859999999997
1948-08-30,359.35660000000001
1948-08-31,358.85219999999998
1948-09-01,363.44420000000002
1948-09-02,366.75020000000001
1948-09-03,366.30880000000002
1948-09-07,368.46870000000001
1948-09-08,363.16149999999999
1948-09-09,356.73219999999998
1948-09-10,355.62509999999997
1948-09-13,351.92529999999999
1948-09-14,355.97120000000001
1948-09-15,355.82749999999999
1948-09-16,356.28879999999998
1948-09-17,354.64859999999999
1948-09-20,347.23520000000002
1948-09-21,349.31740000000002
1948-09-22,350.85309999999998
1948-09-23,349.65899999999999
1948-09-24,349.86750000000001
1948-09-27,341.46949999999998
1948-09-28,345.25850000000003
1948-09-29,349.26229999999998
1948-09-30,348.0736
1948-10-01,350.92649999999998
1948-10-04,355.53719999999998
1948-10-05,353.33159999999998
1948-10-06,355.48570000000001
1948-10-07,357.79509999999999
1948-10-08,357.32870000000003
1948-10-11,356.68430000000001
1948-10-13,360.6422
1948-10-14,362.51620000000003
1948-10-15,362.29739999999998
1948-10-18,364.9092
1948-10-19,366.65940000000001
1948-10-20,369.59140000000002
1948-10-21,369.84879999999998
1948-10-22,375.98700000000002
1948-10-25,374.28320000000002
1948-10-26,373.49579999999997
1948-10-27,372.11259999999999
1948-10-28,369.4692
1948-10-29,369.91129999999998
1948-11-01,374.54410000000001
1948-11-03,354.80430000000001
1948-11-04,360.44450000000001
1948-11-05,343.03370000000001
1948-11-08,346.05779999999999
1948-11-09,332.62950000000001
1948-11-10,333.02749999999997
1948-11-12,334.42500000000001
1948-11-15,341.42919999999998
1948-11-16,342.69130000000001
1948-11-17,341.90190000000001
1948-11-18,342.61860000000001
1948-11-19,344.22770000000003
1948-11-22,342.73910000000001
1948-11-23,341.7097
1948-11-24,335.48930000000001
1948-11-26,335.01850000000002
1948-11-29,332.43950000000001
1948-11-30,330.90910000000002
1948-12-01,336.63260000000002
1948-12-02,338.61750000000001
1948-12-03,340.30939999999998
1948-12-06,343.54640000000001
1948-12-07,343.64830000000001
1948-12-08,342.20370000000003
1948-12-09,341.27850000000001
1948-12-10,342.36939999999998
1948-12-13,345.3134
1948-12-14,342.51510000000002
1948-12-15,341.2124
1948-12-16,339.67570000000001
1948-12-17,340.01409999999998
1948-12-20,340.0129
1948-12-21,338.85559999999998
1948-12-22,338.7527
1948-12-23,339.53059999999999
1948-12-24,342.721
1948-12-27,341.31459999999998
1948-12-28,338.5829
1948-12-29,342.74630000000002
1948-12-30,341.27120000000002
1948-12-31,339.83670000000001
1949-01-03,334.16019999999997
1949-01-04,336.26420000000002
1949-01-05,341.10520000000002
1949-01-06,349.08589999999998
1949-01-07,352.78489999999999
1949-01-10,350.38420000000002
1949-01-11,349.85739999999998
1949-01-12,348.87650000000002
1949-01-13,346.5378
1949-01-14,343.00189999999998
1949-01-17,345.50920000000002
1949-01-18,346.47539999999998
1949-01-19,347.375
1949-01-20,348.24209999999999
1949-01-21,347.96230000000003
1949-01-24,348.9701
1949-01-25,346.5958
1949-01-26,346.80250000000001
1949-01-27,345.13659999999999
1949-01-28,342.61590000000001
1949-01-31,341.71899999999999
1949-02-01,343.59719999999999
1949-02-02,344.66109999999998
1949-02-03,344.03949999999998
1949-02-04,338.18959999999998
1949-02-07,329.31259999999997
1949-02-08,329.31139999999999
1949-02-09,331.5496
1949-02-10,327.8682
1949-02-11,327.8014
1949-02-14,328.55419999999998
1949-02-15,330.49149999999997
1949-02-16,331.81229999999999
1949-02-17,334.59829999999999
1949-02-18,333.49290000000002
1949-02-21,332.19200000000001
1949-02-23,329.40039999999999
1949-02-24,326.13819999999998
1949-02-25,324.6694
1949-02-28,329.65269999999998
1949-03-01,331.66239999999999
1949-03-02,330.86529999999999
1949-03-03,330.79790000000003
1949-03-04,330.86290000000002
1949-03-07,336.17489999999998
1949-03-08,337.31670000000003
1949-03-09,336.13490000000002
1949-03-10,336.70519999999999
1949-03-11,339.97000000000003
1949-03-14,341.29320000000001
1949-03-15,338.62990000000002
1949-03-16,336.83390000000003
1949-03-17,338.55059999999997
1949-03-18,337.36439999999999
1949-03-21,336.82330000000002
1949-03-22,333.6223
1949-03-23,337.05739999999997
1949-03-24,339.71899999999999
1949-03-25,337.67950000000002
1949-03-28,337.4753
1949-03-29,344.66230000000002
1949-03-30,346.28100000000001
1949-03-31,342.29750000000001
1949-04-01,339.62639999999999
1949-04-04,340.30149999999998
1949-04-05,339.34739999999999
1949-04-06,337.03859999999997
1949-04-07,334.81299999999999
1949-04-08,335.07960000000003
1949-04-11,335.74360000000001
1949-04-12,336.31310000000002
1949-04-13,335.10120000000001
1949-04-14,334.29579999999999
1949-04-18,334.89659999999998
1949-04-19,333.45530000000002
1949-04-20,332.3537
1949-04-21,326.56959999999998
1949-04-22,325.88260000000002
1949-04-25,327.40960000000001
1949-04-26,328.55430000000001
1949-04-27,328.9803
1949-04-28,326.97230000000002
1949-04-29,326.54610000000002
1949-05-02,327.03469999999999
1949-05-03,326.93540000000002
1949-05-04,330.56319999999999
1949-05-05,330.39679999999998
1949-05-06,328.44619999999998
1949-05-09,325.85359999999997
1949-05-10,324.64679999999998
1949-05-11,325.58710000000002
1949-05-12,326.62790000000001
1949-05-13,328.6191
1949-05-16,331.01889999999997
1949-05-17,329.23020000000002
1949-05-18,328.50479999999999
1949-05-19,324.92290000000003
1949-05-20,322.90719999999999
1949-05-23,319.99799999999999
1949-05-24,317.14890000000003
1949-05-25,317.75040000000001
1949-05-26,318.67070000000001
1949-05-27,318.12779999999998
1949-05-31,310.39620000000002
1949-06-01,310.33300000000003
1949-06-02,310.08359999999999
1949-06-03,308.00490000000002
1949-06-06,301.96690000000001
1949-06-07,302.3886
1949-06-08,306.04640000000001
1949-06-09,306.04539999999997
1949-06-10,303.44290000000001
1949-06-13,295.85570000000001
1949-06-14,297.30439999999999
1949-06-15,303.78449999999998
1949-06-16,303.50999999999999
1949-06-17,303.11439999999999
1949-06-20,308.32690000000002
1949-06-21,308.72660000000002
1949-06-22,307.64499999999998
1949-06-23,310.62799999999999
1949-06-24,310.68900000000002
1949-06-27,309.25869999999998
1949-06-28,306.0104
1949-06-29,309.03879999999998
1949-06-30,310.92290000000003
1949-07-01,313.59570000000002
1949-07-05,314.81760000000003
1949-07-06,318.15350000000001
1949-07-07,317.51609999999999
1949-07-08,317.86419999999998
1949-07-11,317.67239999999998
1949-07-12,319.1961
1949-07-13,323.69560000000001
1949-07-14,325.47480000000002
1949-07-15,324.75760000000002
1949-07-18,325.69819999999999
1949-07-19,328.726
1949-07-20,330.69720000000001
1949-07-21,328.3811
1949-07-22,327.88740000000001
1949-07-25,330.11590000000001
1949-07-26,331.6662
1949-07-27,332.46100000000001
1949-07-28,331.4957
1949-07-29,330.63260000000002
1949-08-01,331.82170000000002
1949-08-02,333.44650000000001
1949-08-03,332.81169999999997
1949-08-04,332.61090000000002
1949-08-05,336.601
1949-08-08,341.37950000000001
1949-08-09,340.08109999999999
1949-08-10,343.14060000000001
1949-08-11,341.52659999999997
1949-08-12,339.5104
1949-08-15,338.08319999999998
1949-08-16,338.96100000000001
1949-08-17,342.75619999999998
1949-08-18,344.16030000000001
1949-08-19,341.50900000000001
1949-08-22,340.21010000000001
1949-08-23,335.75209999999998
1949-08-24,335.71730000000002
1949-08-25,335.85039999999998
1949-08-26,336.75599999999997
1949-08-29,333.69029999999998
1949-08-30,334.6902
1949-08-31,335.52569999999997
1949-09-01,338.37650000000002
1949-09-02,338.20609999999999
1949-09-06,337.05500000000001
1949-09-07,338.36829999999998
1949-09-08,339.44990000000001
1949-09-09,338.66789999999997
1949-09-12,342.42590000000001
1949-09-13,349.8211
1949-09-14,350.09969999999998
1949-09-15,347.1576
1949-09-16,348.23259999999999
1949-09-19,344.99279999999999
1949-09-20,336.95319999999998
1949-09-21,342.6465
1949-09-22,344.59840000000003
1949-09-23,345.2174
1949-09-26,344.21510000000001
1949-09-27,342.49270000000001
1949-09-28,346.80689999999998
1949-09-29,347.77679999999998
1949-09-30,347.11470000000003
1949-10-03,346.23840000000001
1949-10-04,350.04579999999999
1949-10-05,351.82979999999998
1949-10-06,353.62290000000002
1949-10-07,353.51549999999997
1949-10-10,353.3716
1949-10-11,356.6567
1949-10-13,357.01209999999998
1949-10-14,356.33249999999998
1949-10-17,351.2088
1949-10-18,354.50889999999998
1949-10-19,357.16649999999998
1949-10-20,356.66520000000003
1949-10-21,356.55689999999998
1949-10-24,356.48430000000002
1949-10-25,359.19229999999999
1949-10-26,363.39359999999999
1949-10-27,365.86340000000001
1949-10-28,362.60590000000002
1949-10-31,360.86540000000002
1949-11-01,363.85930000000002
1949-11-02,367.05990000000003
1949-11-03,365.95740000000001
1949-11-04,366.24889999999999
1949-11-07,366.06400000000002
1949-11-09,364.1592
1949-11-10,364.12139999999999
1949-11-14,361.06270000000001
1949-11-15,358.82279999999997
1949-11-16,362.01499999999999
1949-11-17,365.12709999999998
1949-11-18,369.83589999999998
1949-11-21,370.01350000000002
1949-11-22,371.86219999999997
1949-11-23,372.4187
1949-11-25,371.07659999999998
1949-11-28,369.7749
1949-11-29,369.108
1949-11-30,369.99250000000001
1949-12-01,372.43310000000002
1949-12-02,376.90100000000001
1949-12-05,381.12610000000001
1949-12-06,380.7817
1949-12-07,381.96080000000001
1949-12-08,383.37270000000001
1949-12-09,382.14449999999999
1949-12-12,384.81970000000001
1949-12-13,388.05079999999998
1949-12-14,390.99860000000001
1949-12-15,391.5446
1949-12-16,390.48599999999999
1949-12-19,389.11900000000003
1949-12-20,385.53769999999997
1949-12-21,384.76519999999999
1949-12-22,389.11169999999998
1949-12-23,390.66680000000002
1949-12-27,388.63389999999998
1949-12-28,390.65339999999998
1949-12-29,392.37090000000001
1949-12-30,394.40980000000002
1950-01-03,392.47230000000002
1950-01-04,398.24029999999999
1950-01-05,400.30970000000002
1950-01-06,401.86950000000002
1950-01-09,406.62049999999999
1950-01-10,405.56180000000001
1950-01-11,408.6832
1950-01-12,398.79160000000002
1950-01-13,396.0385
1950-01-16,396.55160000000001
1950-01-17,401.1105
1950-01-18,401.7509
1950-01-19,401.86989999999997
1950-01-20,401.78809999999999
1950-01-23,402.26870000000002
1950-01-24,400.4169
1950-01-25,397.41230000000002
1950-01-26,398.68259999999998
1950-01-27,399.8374
1950-01-30,404.92669999999998
1950-01-31,405.16829999999999
1950-02-01,405.73399999999998
1950-02-02,409.18130000000002
1950-02-03,410.61200000000002
1950-02-06,411.39049999999997
1950-02-07,409.20870000000002
1950-02-08,410.1893
1950-02-09,412.77210000000002
1950-02-10,410.9957
1950-02-14,409.30700000000002
1950-02-15,410.49250000000001
1950-02-16,409.99849999999998
1950-02-17,413.48200000000003
1950-02-20,415.00540000000001
1950-02-21,413.7174
1950-02-23,414.0883
1950-02-24,416.7783
1950-02-27,417.48379999999997
1950-02-28,414.97739999999999
1950-03-01,417.50720000000001
1950-03-02,417.29700000000003
1950-03-03,419.29849999999999
1950-03-06,420.42669999999998
1950-03-07,416.26299999999998
1950-03-08,415.67880000000002
1950-03-09,412.35180000000003
1950-03-10,411.56689999999998
1950-03-13,412.75760000000002
1950-03-14,415.0675
1950-03-15,422.53730000000002
1950-03-16,422.70479999999998
1950-03-17,421.18150000000003
1950-03-20,421.34710000000001
1950-03-21,420.88220000000001
1950-03-22,422.3537
1950-03-23,421.29640000000001
1950-03-24,420.66289999999998
1950-03-27,417.24450000000002
1950-03-28,418.41129999999998
1950-03-29,416.19220000000001
1950-03-30,411.238
1950-03-31,411.52440000000001
1950-04-03,417.46460000000002
1950-04-04,419.25819999999999
1950-04-05,420.13720000000001
1950-04-06,426.14359999999999
1950-04-10,427.3297
1950-04-11,423.5249
1950-04-12,427.92809999999997
1950-04-13,429.25310000000002
1950-04-14,426.93360000000001
1950-04-17,426.24239999999998
1950-04-18,428.37209999999999
1950-04-19,430.9837
1950-04-20,427.57729999999998
1950-04-21,429.84199999999998
1950-04-24,427.77440000000001
1950-04-25,428.15789999999998
1950-04-26,427.21440000000001
1950-04-27,430.4597
1950-04-28,433.64359999999999
1950-05-01,439.6902
1950-05-02,437.66609999999997
1950-05-03,442.0412
1950-05-04,438.10539999999997
1950-05-05,439.72489999999999
1950-05-08,441.25839999999999
1950-05-09,443.8603
1950-05-10,443.90309999999999
1950-05-11,444.1678
1950-05-12,442.12310000000002
1950-05-15,443.80309999999997
1950-05-16,447.70699999999999
1950-05-17,450.57069999999999
1950-05-18,451.245
1950-05-19,455.98140000000001
1950-05-22,454.23989999999998
1950-05-23,455.19220000000001
1950-05-24,454.2801
1950-05-25,454.82369999999997
1950-05-26,454.45819999999998
1950-05-29,455.68349999999998
1950-05-31,456.72989999999999
1950-06-01,455.90620000000001
1950-06-02,457.72820000000002
1950-06-05,453.60700000000003
1950-06-06,454.60329999999999
1950-06-07,458.28399999999999
1950-06-08,460.75700000000001
1950-06-09,463.42779999999999
1950-06-12,465.83600000000001
1950-06-13,463.55169999999998
1950-06-14,457.80200000000002
1950-06-15,457.52569999999997
1950-06-16,457.84429999999998
1950-06-19,456.42340000000002
1950-06-20,453.91140000000001
1950-06-21,458.85739999999998
1950-06-22,462.57249999999999
1950-06-23,462.52460000000002
1950-06-26,436.4366
1950-06-27,431.67790000000002
1950-06-28,439.44650000000001
1950-06-29,421.51549999999997
1950-06-30,427.33089999999999
1950-07-03,424.42360000000002
1950-07-05,429.38780000000003
1950-07-06,432.90730000000002
1950-07-07,427.71080000000001
1950-07-10,427.92320000000001
1950-07-11,423.77080000000001
1950-07-12,415.67520000000002
1950-07-13,412.88869999999997
1950-07-14,417.63549999999998
1950-07-17,413.87529999999998
1950-07-18,424.38619999999997
1950-07-19,433.29680000000002
1950-07-20,440.01139999999998
1950-07-21,442.2978
1950-07-24,441.50009999999997
1950-07-25,436.86279999999999
1950-07-26,439.13290000000001
1950-07-27,445.71839999999997
1950-07-28,448.48020000000002
1950-07-31,451.88709999999998
1950-08-01,456.17840000000001
1950-08-02,454.26080000000002
1950-08-03,456.1671
1950-08-04,459.76920000000001
1950-08-07,465.79050000000001
1950-08-08,464.9504
1950-08-09,467.41300000000001
1950-08-10,468.90699999999998
1950-08-11,464.9665
1950-08-14,465.33690000000001
1950-08-15,467.1035
1950-08-16,469.9511
1950-08-17,476.66980000000001
1950-08-18,480.62439999999998
1950-08-21,480.43049999999999
1950-08-22,477.93049999999999
1950-08-23,483.99849999999998
1950-08-24,485.49720000000002
1950-08-25,478.89269999999999
1950-08-28,479.75299999999999
1950-08-29,480.13510000000002
1950-08-30,476.91640000000001
1950-08-31,475.6748
1950-09-01,479.33580000000001
1950-09-05,481.63490000000002
1950-09-06,478.21350000000001
1950-09-07,479.21609999999998
1950-09-08,484.34199999999998
1950-09-11,478.47969999999998
1950-09-12,484.5068
1950-09-13,491.48200000000003
1950-09-14,496.29680000000002
1950-09-15,498.62759999999997
1950-09-18,499.07459999999998
1950-09-19,497.17630000000003
1950-09-20,493.99259999999998
1950-09-21,498.53559999999999
1950-09-22,502.47219999999999
1950-09-25,500.10879999999997
1950-09-26,491.60520000000002
1950-09-27,496.22449999999998
1950-09-28,498.40609999999998
1950-09-29,499.40120000000002
1950-10-02,505.49209999999999
1950-10-03,505.74299999999999
1950-10-04,510.89980000000003
1950-10-05,509.51850000000002
1950-10-06,515.3252
1950-10-09,510.15249999999997
1950-10-10,505.55930000000001
1950-10-11,508.69189999999998
1950-10-13,510.72489999999999
1950-10-16,509.03800000000001
1950-10-17,515.14459999999997
1950-10-18,519.72760000000005
1950-10-19,520.97310000000004
1950-10-20,518.93939999999998
1950-10-23,520.80669999999998
1950-10-24,521.1694
1950-10-25,522.31410000000005
1950-10-26,508.262
1950-10-27,512.58040000000005
1950-10-30,508.45080000000002
1950-10-31,504.38139999999999
1950-11-01,506.64929999999998
1950-11-02,512.87929999999994
1950-11-03,513.39030000000002
1950-11-06,497.99130000000002
1950-11-08,508.34769999999997
1950-11-09,517.80119999999999
1950-11-10,521.63099999999997
1950-11-13,525.33280000000002
1950-11-14,527.16949999999997
1950-11-15,527.22040000000004
1950-11-16,527.00760000000002
1950-11-17,534.48919999999998
1950-11-20,539.25049999999999
1950-11-21,539.73389999999995
1950-11-22,545.99289999999996
1950-11-24,550.85029999999995
1950-11-27,549.9117
1950-11-28,531.48770000000002
1950-11-29,527.65909999999997
1950-11-30,532.35329999999999
1950-12-01,536.50379999999996
1950-12-04,515.42510000000004
1950-12-05,526.24710000000005
1950-12-06,531.77089999999998
1950-12-07,530.54589999999996
1950-12-08,533.83339999999998
1950-12-11,542.44659999999999
1950-12-12,542.28200000000004
1950-12-13,543.31039999999996
1950-12-14,537.06029999999998
1950-12-15,536.73620000000005
1950-12-18,555.35019999999997
1950-12-19,558.18050000000005
1950-12-20,560.24379999999996
1950-12-21,558.72910000000002
1950-12-22,560.40329999999994
1950-12-26,554.74120000000005
1950-12-27,566.77719999999999
1950-12-28,572.8963
1950-12-29,570.31619999999998
1951-01-02,579.42750000000001
1951-01-03,578.15070000000003
1951-01-04,585.72239999999999
1951-01-05,585.42740000000003
1951-01-08,591.50990000000002
1951-01-09,597.89610000000005
1951-01-10,586.65350000000001
1951-01-11,598.03250000000003
1951-01-12,596.05690000000004
1951-01-15,599.27409999999998
1951-01-16,603.22709999999995
1951-01-17,607.26660000000004
1951-01-18,603.98519999999996
1951-01-19,602.59389999999996
1951-01-22,594.76030000000003
1951-01-23,595.29349999999999
1951-01-24,593.62450000000001
1951-01-25,588.39850000000001
1951-01-26,598.04610000000002
1951-01-29,610.00160000000005
1951-01-30,610.24339999999995
1951-01-31,608.22739999999999
1951-02-01,611.69209999999998
1951-02-02,617.3175
1951-02-05,620.15620000000001
1951-02-06,617.67340000000002
1951-02-07,617.05349999999999
1951-02-08,619.02589999999998
1951-02-09,621.93309999999997
1951-02-13,623.48590000000002
1951-02-14,621.30139999999994
1951-02-15,619.68380000000002
1951-02-16,622.28430000000003
1951-02-19,612.51409999999998
1951-02-20,611.1644
1951-02-21,614.46249999999998
1951-02-23,615.25909999999999
1951-02-26,615.74779999999998
1951-02-27,609.64970000000005
1951-02-28,610.56200000000001
1951-03-01,612.75789999999995
1951-03-02,615.94200000000001
1951-03-05,609.47490000000005
1951-03-06,607.21770000000004
1951-03-07,610.06939999999997
1951-03-08,611.71450000000004
1951-03-09,611.89580000000001
1951-03-12,603.58420000000001
1951-03-13,590.72569999999996
1951-03-14,585.64329999999995
1951-03-15,585.23130000000003
1951-03-16,598.04579999999999
1951-03-19,594.86109999999996
1951-03-20,592.77689999999996
1951-03-21,597.87270000000001
1951-03-22,599.24570000000006
1951-03-26,592.46550000000002
1951-03-27,592.93730000000005
1951-03-28,584.27829999999994
1951-03-29,585.73699999999997
1951-03-30,589.13210000000004
1951-04-02,583.54300000000001
1951-04-03,584.12450000000001
1951-04-04,587.56870000000004
1951-04-05,598.73040000000003
1951-04-06,600.76400000000001
1951-04-09,600.57960000000003
1951-04-10,598.83569999999997
1951-04-11,595.59990000000005
1951-04-12,603.75750000000005
1951-04-13,613.29470000000003
1951-04-16,614.62260000000003
1951-04-17,615.72670000000005
1951-04-18,618.92629999999997
1951-04-19,615.45809999999994
1951-04-20,614.1019
1951-04-23,614.40599999999995
1951-04-24,609.18129999999996
1951-04-25,610.94579999999996
1951-04-26,616.99189999999999
1951-04-27,622.41930000000002
1951-04-30,624.03599999999994
1951-05-01,627.71559999999999
1951-05-02,629.59649999999999
1951-05-03,636.51980000000003
1951-05-04,636.77210000000002
1951-05-07,632.12980000000005
1951-05-08,630.73680000000002
1951-05-09,631.93299999999999
1951-05-10,626.9384
1951-05-11,622.10879999999997
1951-05-14,617.7518
1951-05-15,608.17439999999999
1951-05-16,607.13840000000005
1951-05-17,613.99689999999998
1951-05-18,602.63570000000004
1951-05-21,599.3211
1951-05-22,597.04150000000004
1951-05-23,592.26310000000001
1951-05-24,589.35889999999995
1951-05-25,590.88909999999998
1951-05-28,595.62210000000005
1951-05-29,600.44449999999995
1951-05-31,603.44449999999995
1951-06-01,602.05449999999996
1951-06-04,595.18889999999999
1951-06-05,595.24630000000002
1951-06-06,600.95849999999996
1951-06-07,604.62220000000002
1951-06-08,603.22940000000006
1951-06-11,605.94179999999994
1951-06-12,602.42520000000002
1951-06-13,600.79650000000004
1951-06-14,605.05999999999995
1951-06-15,609.11170000000004
1951-06-18,607.46500000000003
1951-06-19,606.30859999999996
1951-06-20,601.69849999999997
1951-06-21,597.60479999999995
1951-06-22,592.76210000000003
1951-06-25,580.90470000000005
1951-06-26,581.65779999999995
1951-06-27,583.80790000000002
1951-06-28,576.50819999999999
1951-06-29,570.85630000000003
1951-07-02,573.87980000000005
1951-07-03,580.64959999999996
1951-07-05,592.60889999999995
1951-07-06,592.54750000000001
1951-07-09,593.375
1951-07-10,591.47400000000005
1951-07-11,594.60670000000005
1951-07-12,599.42089999999996
1951-07-13,603.07529999999997
1951-07-16,596.68050000000005
1951-07-17,600.55679999999995
1951-07-18,599.35350000000005
1951-07-19,600.72990000000004
1951-07-20,601.3886
1951-07-23,604.8143
1951-07-24,613.21910000000003
1951-07-25,613.40089999999998
1951-07-26,618.85789999999997
1951-07-27,620.46479999999997
1951-07-30,622.94439999999997
1951-07-31,619.57830000000001
1951-08-01,628.3741
1951-08-02,635.40959999999995
1951-08-03,637.31359999999995
1951-08-06,641.13520000000005
1951-08-07,643.05629999999996
1951-08-08,639.96730000000002
1951-08-09,636.76520000000005
1951-08-10,634.47059999999999
1951-08-13,635.7373
1951-08-14,635.4171
1951-08-15,638.46489999999994
1951-08-16,642.99570000000006
1951-08-17,645.11530000000005
1951-08-20,644.9194
1951-08-21,642.20849999999996
1951-08-22,637.90340000000003
1951-08-23,643.6422
1951-08-24,644.09050000000002
1951-08-27,642.92880000000002
1951-08-28,644.0838
1951-08-29,651.0376
1951-08-30,657.2201
1951-08-31,660.63530000000003
1951-09-04,662.15239999999994
1951-09-05,666.71889999999996
1951-09-06,665.04970000000003
1951-09-07,667.84059999999999
1951-09-10,673.24770000000001
1951-09-11,670.08100000000002
1951-09-12,677.38250000000005
1951-09-13,680.2251
1951-09-14,680.01859999999999
1951-09-17,678.18010000000004
1951-09-18,677.83860000000004
1951-09-19,678.78520000000003
1951-09-20,679.39359999999999
1951-09-21,676.26599999999996
1951-09-24,671.32690000000002
1951-09-25,674.07690000000002
1951-09-26,675.62490000000003
1951-09-27,672.24429999999995
1951-09-28,670.89739999999995
1951-10-01,674.7192
1951-10-02,681.93619999999999
1951-10-03,690.11699999999996
1951-10-04,689.14840000000004
1951-10-05,690.93769999999995
1951-10-08,691.62599999999998
1951-10-09,687.81960000000004
1951-10-10,687.19809999999995
1951-10-11,690.63170000000002
1951-10-15,696.44129999999996
1951-10-16,692.19060000000002
1951-10-17,689.28089999999997
1951-10-18,688.38239999999996
1951-10-19,676.40200000000004
1951-10-22,654.57579999999996
1951-10-23,661.77380000000005
1951-10-24,669.58040000000005
1951-10-25,664.62310000000002
1951-10-26,656.77819999999997
1951-10-29,648.13300000000004
1951-10-30,647.93629999999996
1951-10-31,654.86689999999999
1951-11-01,658.20439999999996
1951-11-02,652.67309999999998
1951-11-05,647.31410000000005
1951-11-07,642.71590000000003
1951-11-08,644.70600000000002
1951-11-09,652.50469999999996
1951-11-13,655.37019999999995
1951-11-14,656.87519999999995
1951-11-15,657.66120000000001
1951-11-16,655.2912
1951-11-19,652.59839999999997
1951-11-20,652.26980000000003
1951-11-21,653.572
1951-11-23,646.24969999999996
1951-11-26,648.43029999999999
1951-11-27,653.42089999999996
1951-11-28,651.78499999999997
1951-11-29,653.41219999999998
1951-11-30,662.10019999999997
1951-12-03,665.74350000000004
1951-12-04,668.00469999999996
1951-12-05,667.80190000000005
1951-12-06,674.94500000000005
1951-12-07,675.54999999999995
1951-12-10,676.08820000000003
1951-12-11,671.89400000000001
1951-12-12,670.95100000000002
1951-12-13,672.49180000000001
1951-12-14,672.15309999999999
1951-12-17,672.55269999999996
1951-12-18,672.81939999999997
1951-12-19,676.11379999999997
1951-12-20,675.57050000000004
1951-12-21,674.08180000000004
1951-12-24,674.68619999999999
1951-12-26,670.23090000000002
1951-12-27,676.39459999999997
1951-12-28,679.23299999999995
1951-12-31,678.00840000000005
1952-01-02,679.56539999999995
1952-01-03,679.69889999999998
1952-01-04,680.30820000000006
1952-01-07,679.41719999999998
1952-01-08,674.45500000000004
1952-01-09,671.28269999999998
1952-01-10,675.30799999999999
1952-01-11,676.85879999999997
1952-01-14,679.15909999999997
1952-01-15,676.44000000000005
1952-01-16,679.07569999999998
1952-01-17,681.17840000000001
1952-01-18,684.85440000000006
1952-01-21,690.27229999999997
1952-01-22,693.85929999999996
1952-01-23,692.33029999999997
1952-01-24,692.2586
1952-01-25,692.87919999999997
1952-01-28,694.19380000000001
1952-01-29,696.13499999999999
1952-01-30,690.21540000000005
1952-01-31,687.86620000000005
1952-02-01,691.09670000000006
1952-02-04,685.87819999999999
1952-02-05,683.54369999999994
1952-02-06,684.01980000000003
1952-02-07,684.56449999999995
1952-02-08,685.31510000000003
1952-02-11,683.87350000000004
1952-02-13,678.87879999999996
1952-02-14,676.2287
1952-02-15,675.55010000000004
1952-02-18,672.77819999999997
1952-02-19,662.61680000000001
1952-02-20,654.86189999999999
1952-02-21,658.26480000000004
1952-02-25,660.54510000000005
1952-02-26,656.77760000000001
1952-02-27,656.64390000000003
1952-02-28,660.12180000000001
1952-02-29,659.39329999999995
1952-03-03,659.39049999999997
1952-03-04,667.76239999999996
1952-03-05,670.49789999999996
1952-03-06,668.61810000000003
1952-03-07,670.08669999999995
1952-03-10,667.1327
1952-03-11,666.59659999999997
1952-03-12,667.66079999999999
1952-03-13,669.26080000000002
1952-03-14,667.3175
1952-03-17,666.04700000000003
1952-03-18,664.31290000000001
1952-03-19,664.04480000000001
1952-03-20,667.62819999999999
1952-03-21,667.89290000000005
1952-03-24,667.22220000000004
1952-03-25,662.54930000000002
1952-03-26,662.54690000000005
1952-03-27,665.45979999999997
1952-03-28,669.4502
1952-03-31,676.81020000000001
1952-04-01,671.19029999999998
1952-04-02,672.06039999999996
1952-04-03,671.38599999999997
1952-04-04,668.29520000000002
1952-04-07,661.14409999999998
1952-04-08,665.63760000000002
1952-04-09,664.70330000000001
1952-04-10,664.16909999999996
1952-04-14,658.12459999999999
1952-04-15,650.09310000000005
1952-04-16,650.74090000000001
1952-04-17,644.7518
1952-04-18,648.8759
1952-04-21,653.54880000000003
1952-04-22,650.34400000000005
1952-04-23,645.39909999999998
1952-04-24,641.45989999999995
1952-04-25,644.47239999999999
1952-04-28,642.46860000000004
1952-04-29,642.01660000000004
1952-04-30,635.2731
1952-05-01,628.21929999999998
1952-05-02,639.3365
1952-05-05,642.53369999999995
1952-05-06,644.58749999999998
1952-05-07,648.45270000000005
1952-05-08,650.4606
1952-05-09,651.43399999999997
1952-05-12,650.97569999999996
1952-05-13,652.34040000000005
1952-05-14,648.42409999999995
1952-05-15,644.46640000000002
1952-05-16,643.81960000000004
1952-05-19,645.55669999999998
1952-05-20,648.39490000000001
1952-05-21,650.85649999999998
1952-05-22,655.34500000000003
1952-05-23,655.40819999999997
1952-05-26,657.30690000000004
1952-05-27,655.26689999999996
1952-05-28,654.15060000000005
1952-05-29,653.88660000000004
1952-06-02,652.77269999999999
1952-06-03,654.20650000000001
1952-06-04,659.69949999999994
1952-06-05,665.63440000000003
1952-06-06,669.02679999999998
1952-06-09,671.90120000000002
1952-06-10,666.92669999999998
1952-06-11,668.25819999999999
1952-06-12,668.18899999999996
1952-06-13,669.25570000000005
1952-06-16,666.71010000000001
1952-06-17,668.0412
1952-06-18,670.31010000000003
1952-06-19,672.18460000000005
1952-06-20,672.78719999999998
1952-06-23,672.24649999999997
1952-06-24,672.98360000000002
1952-06-25,675.5385
1952-06-26,676.95479999999998
1952-06-27,678.7124
1952-06-30,683.66459999999995
1952-07-01,689.61000000000001
1952-07-02,687.46979999999996
1952-07-03,687.46730000000002
1952-07-07,684.99000000000001
1952-07-08,684.91909999999996
1952-07-09,684.02620000000002
1952-07-10,682.92930000000001
1952-07-11,688.80010000000004
1952-07-14,691.1395
1952-07-15,697.08090000000004
1952-07-16,697.1481
1952-07-17,693.17190000000005
1952-07-18,689.3569
1952-07-21,690.18169999999998
1952-07-22,691.76670000000001
1952-07-23,694.66959999999995
1952-07-24,698.97410000000002
1952-07-25,696.8048
1952-07-28,695.68740000000003
1952-07-29,697.91110000000003
1952-07-30,701.46799999999996
1952-07-31,702.79819999999995
1952-08-01,702.86599999999999
1952-08-04,702.23090000000002
1952-08-05,701.24530000000004
1952-08-06,700.8922
1952-08-07,702.78210000000001
1952-08-08,701.93619999999999
1952-08-11,701.30200000000002
1952-08-12,696.46050000000002
1952-08-13,696.10979999999995
1952-08-14,695.62
1952-08-15,694.64359999999999
1952-08-18,687.34739999999999
1952-08-19,685.76409999999998
1952-08-20,686.51589999999999
1952-08-21,686.17020000000002
1952-08-22,685.96190000000001
1952-08-25,683.76440000000002
1952-08-26,683.55679999999995
1952-08-27,685.67340000000002
1952-08-28,688.27650000000006
1952-08-29,690.82069999999999
1952-09-02,694.4796
1952-09-03,697.04669999999999
1952-09-04,695.65009999999995
1952-09-05,693.76930000000004
1952-09-08,688.70240000000001
1952-09-09,682.0883
1952-09-10,679.01649999999995
1952-09-11,680.16840000000002
1952-09-12,676.90120000000002
1952-09-15,670.60360000000003
1952-09-16,672.61300000000006
1952-09-17,675.09929999999997
1952-09-18,673.88170000000002
1952-09-19,674.41840000000002
1952-09-22,675.09040000000005
1952-09-23,677.85580000000004
1952-09-24,680.02260000000001
1952-09-25,681.78819999999996
1952-09-26,679.46770000000004
1952-09-29,678.37810000000002
1952-09-30,674.84810000000004
1952-10-01,673.02359999999999
1952-10-02,672.88660000000004
1952-10-03,672.48050000000001
1952-10-06,669.31740000000002
1952-10-07,668.98040000000003
1952-10-08,671.65390000000002
1952-10-09,671.71870000000001
1952-10-10,671.38040000000001
1952-10-14,668.89390000000003
1952-10-15,658.85810000000004
1952-10-16,654.04610000000002
1952-10-17,661.30370000000005
1952-10-20,658.45770000000005
1952-10-21,656.875
1952-10-22,650.3039
1952-10-23,652.05740000000003
1952-10-24,654.53290000000004
1952-10-27,654.92330000000004
1952-10-28,655.57590000000005
1952-10-29,655.31129999999996
1952-10-30,654.32600000000002
1952-10-31,664.53120000000001
1952-11-03,668.51599999999996
1952-11-05,671.18769999999995
1952-11-06,671.92359999999996
1952-11-07,674.60889999999995
1952-11-10,675.55089999999996
1952-11-12,675.21069999999997
1952-11-13,675.00570000000005
1952-11-14,676.42079999999999
1952-11-17,679.25940000000003
1952-11-18,691.75530000000003
1952-11-19,699.15470000000005
1952-11-20,698.73270000000002
1952-11-21,699.49879999999996
1952-11-24,706.2115
1952-11-25,707.12699999999995
1952-11-26,712.78150000000005
1952-11-28,717.41200000000003
1952-12-01,718.19860000000006
1952-12-02,718.48329999999999
1952-12-03,717.83410000000003
1952-12-04,715.24739999999997
1952-12-05,715.38789999999995
1952-12-08,719.60609999999997
1952-12-09,723.63329999999996
1952-12-10,722.76239999999996
1952-12-11,723.26570000000004
1952-12-12,725.93920000000003
1952-12-15,727.24329999999998
1952-12-16,727.89530000000002
1952-12-17,727.45590000000004
1952-12-18,728.18079999999998
1952-12-19,731.52779999999996
1952-12-22,735.54859999999996
1952-12-23,732.53020000000004
1952-12-24,732.74739999999997
1952-12-26,733.03779999999995
1952-12-29,735.38099999999997
1952-12-30,740.23180000000002
1952-12-31,741.26549999999997
1953-01-02,745.48810000000003
1953-01-05,751.00199999999995
1953-01-06,748.07039999999995
1953-01-07,744.02819999999997
1953-01-08,745.5136
1953-01-09,737.16120000000001
1953-01-12,732.36699999999996
1953-01-13,738.5163
1953-01-14,739.03060000000005
1953-01-15,741.31889999999999
1953-01-16,736.49770000000001
1953-01-19,737.52620000000002
1953-01-20,739.66240000000005
1953-01-21,738.18039999999996
1953-01-22,738.69449999999995
1953-01-23,738.54409999999996
1953-01-26,737.58140000000003
1953-01-27,740.67660000000001
1953-01-28,741.41459999999995
1953-01-29,744.08109999999999
1953-01-30,747.8732
1953-02-02,749.44110000000001
1953-02-03,750.48760000000004
1953-02-04,749.43430000000001
1953-02-05,741.7124
1953-02-06,732.58669999999995
1953-02-09,729.36069999999995
1953-02-10,728.26409999999998
1953-02-11,729.86360000000002
1953-02-13,734.45920000000001
1953-02-16,733.06110000000001
1953-02-17,729.24649999999997
1953-02-18,729.46270000000004
1953-02-19,731.7944
1953-02-20,734.64580000000001
1953-02-24,742.21000000000004
1953-02-25,750.29740000000004
1953-02-26,751.64530000000002
1953-02-27,749.01179999999999
1953-03-02,749.38369999999998
1953-03-03,751.779
1953-03-04,744.48410000000001
1953-03-05,743.36469999999997
1953-03-06,745.66650000000004
1953-03-09,747.60260000000005
1953-03-10,748.79600000000005
1953-03-11,754.70889999999997
1953-03-12,752.29110000000003
1953-03-13,757.47919999999999
1953-03-16,759.52170000000001
1953-03-17,762.10140000000001
1953-03-18,763.31799999999998
1953-03-19,763.08630000000005
1953-03-20,761.63369999999998
1953-03-23,756.22339999999997
1953-03-24,761.51419999999996
1953-03-25,758.46550000000002
1953-03-26,753.07770000000005
1953-03-27,755.40949999999998
1953-03-30,738.86329999999998
1953-03-31,729.32939999999996
1953-04-01,731.15009999999995
1953-04-02,730.48940000000005
1953-04-06,714.41610000000003
1953-04-07,717.27120000000002
1953-04-08,723.15020000000004
1953-04-09,719.38729999999998
1953-04-10,717.80200000000002
1953-04-13,716.36389999999994
1953-04-14,720.58789999999999
1953-04-15,724.83680000000004
1953-04-16,722.07979999999998
1953-04-17,712.90679999999998
1953-04-20,715.11429999999996
1953-04-21,713.89599999999996
1953-04-22,707.39700000000005
1953-04-23,699.11789999999996
1953-04-24,701.07299999999998
1953-04-27,708.15129999999999
1953-04-28,712.18520000000001
1953-04-29,715.4588
1953-04-30,713.88220000000001
1953-05-01,715.87850000000003
1953-05-04,724.82439999999997
1953-05-05,725.03930000000003
1953-05-06,725.9067
1953-05-07,721.54870000000005
1953-05-08,722.05119999999999
1953-05-11,723.92600000000004
1953-05-12,719.79700000000003
1953-05-13,718.21090000000004
1953-05-14,721.08119999999997
1953-05-15,721.79970000000003
1953-05-18,720.85879999999997
1953-05-19,719.91909999999996
1953-05-20,727.9796
1953-05-21,729.50570000000005
1953-05-22,728.70069999999998
1953-05-25,727.24069999999995
1953-05-26,725.63819999999998
1953-05-27,718.88710000000003
1953-05-28,711.83950000000004
1953-05-29,715.60969999999998
1953-06-01,703.65639999999996
1953-06-02,704.99090000000001
1953-06-03,704.21289999999999
1953-06-04,697.16819999999996
1953-06-05,698.49030000000005
1953-06-08,696.2527
1953-06-09,682.53399999999999
1953-06-10,682.53160000000003
1953-06-11,689.14970000000005
1953-06-12,690.45659999999998
1953-06-15,682.30679999999995
1953-06-16,680.32560000000001
1953-06-17,689.09939999999995
1953-06-18,690.81970000000001
1953-06-19,691.50810000000001
1953-06-22,696.4153
1953-06-23,699.33770000000004
1953-06-24,696.88760000000002
1953-06-25,699.95140000000004
1953-06-26,698.40899999999999
1953-06-29,697.07950000000005
1953-06-30,695.89200000000005
1953-07-01,698.32510000000002
1953-07-02,700.97630000000004
1953-07-03,704.26840000000004
1953-07-06,704.125
1953-07-07,706.4461
1953-07-08,707.22069999999997
1953-07-09,704.03560000000004
1953-07-10,702.06179999999995
1953-07-13,695.10889999999995
1953-07-14,694.68939999999998
1953-07-15,698.29930000000002
1953-07-16,698.71569999999997
1953-07-17,702.62609999999995
1953-07-20,698.12670000000003
1953-07-21,695.61099999999999
1953-07-22,695.39980000000003
1953-07-23,697.41399999999999
1953-07-24,696.85360000000003
1953-07-27,692.25189999999998
1953-07-28,692.59550000000002
1953-07-29,695.779
1953-07-30,703.49959999999999
1953-07-31,711.86879999999996
1953-08-03,715.78150000000005
1953-08-04,715.77890000000002
1953-08-05,715.27530000000002
1953-08-06,718.06240000000003
1953-08-07,715.97739999999999
1953-08-10,714.32809999999995
1953-08-11,714.39700000000005
1953-08-12,715.60889999999995
1953-08-13,715.96420000000001
1953-08-14,712.02380000000005
1953-08-17,707.67790000000002
1953-08-18,704.20780000000002
1953-08-19,700.12090000000001
1953-08-20,700.95849999999996
1953-08-21,702.70839999999998
1953-08-24,694.83550000000002
1953-08-25,692.33169999999996
1953-08-26,690.11369999999999
1953-08-27,686.66070000000002
1953-08-28,683.77430000000004
1953-08-31,669.00229999999999
1953-09-01,673.01390000000004
1953-09-02,679.94359999999995
1953-09-03,676.54139999999995
1953-09-04,679.71870000000001
1953-09-08,680.26009999999997
1953-09-09,680.80190000000005
1953-09-10,673.31060000000002
1953-09-11,662.06389999999999
1953-09-14,646.76790000000005
1953-09-15,652.78049999999996
1953-09-16,660.48099999999999
1953-09-17,660.94100000000003
1953-09-18,655.65110000000004
1953-09-21,654.20630000000006
1953-09-22,664.99839999999995
1953-09-23,668.45399999999995
1953-09-24,669.12009999999998
1953-09-25,672.12869999999998
1953-09-28,677.50329999999997
1953-09-29,678.11069999999995
1953-09-30,675.19240000000002
1953-10-01,678.76850000000002
1953-10-02,680.53089999999997
1953-10-05,678.28269999999998
1953-10-06,674.75319999999999
1953-10-07,679.47400000000005
1953-10-08,681.78179999999998
1953-10-09,683.00660000000005
1953-10-13,681.63810000000001
1953-10-14,688.58839999999998
1953-10-15,699.53449999999998
1953-10-16,705.40809999999999
1953-10-19,707.02800000000002
1953-10-20,709.57079999999996
1953-10-21,712.05179999999996
1953-10-22,714.11419999999998
1953-10-23,714.54010000000005
1953-10-26,714.18029999999999
1953-10-27,711.74950000000001
1953-10-28,716.37329999999997
1953-10-29,723.67780000000005
1953-10-30,722.44500000000005
1953-11-02,724.39300000000003
1953-11-04,724.17309999999998
1953-11-05,731.4846
1953-11-06,733.0181
1953-11-09,733.6019
1953-11-10,730.5915
1953-11-12,733.94970000000001
1953-11-13,737.24980000000005
1953-11-16,734.15070000000003
1953-11-17,728.93560000000002
1953-11-18,732.86929999999995
1953-11-19,735.87139999999999
1953-11-20,736.38390000000004
1953-11-23,733.14120000000003
1953-11-24,735.26469999999995
1953-11-25,739.30600000000004
1953-11-27,743.88710000000003
1953-11-30,748.86850000000004
1953-12-01,750.21370000000002
1953-12-02,755.91269999999997
1953-12-03,757.27059999999994
1953-12-04,756.73779999999999
1953-12-07,755.14599999999996
1953-12-08,754.46370000000002
1953-12-09,756.42259999999999
1953-12-10,755.36090000000002
1953-12-11,755.13160000000005
1953-12-14,752.63689999999997
1953-12-15,752.03210000000001
1953-12-16,760.00099999999998
1953-12-17,761.74630000000002
1953-12-18,764.79060000000004
1953-12-21,761.34630000000004
1953-12-22,752.66420000000005
1953-12-23,752.66150000000005
1953-12-24,756.79849999999999
1953-12-28,751.04409999999996
1953-12-29,743.90650000000005
1953-12-30,752.68190000000004
1953-12-31,753.05560000000003
1954-01-04,762.61670000000004
1954-01-05,769.7826
1954-01-06,769.6259
1954-01-07,765.69799999999998
1954-01-08,762.40279999999996
1954-01-11,757.06320000000005
1954-01-12,761.22439999999995
1954-01-13,765.94129999999996
1954-01-14,770.45759999999996
1954-01-15,778.54459999999995
1954-01-18,778.54190000000006
1954-01-19,783.91099999999994
1954-01-20,786.10320000000002
1954-01-21,788.45870000000002
1954-01-22,791.452
1954-01-25,795.24810000000002
1954-01-26,802.5616
1954-01-27,800.87329999999997
1954-01-28,800.87049999999999
1954-01-29,804.79190000000006
1954-02-01,803.25990000000002
1954-02-02,801.40949999999998
1954-02-03,806.13499999999999
1954-02-04,812.09749999999997
1954-02-05,813.47519999999997
1954-02-08,813.79769999999996
1954-02-09,815.58510000000001
1954-02-10,815.33749999999998
1954-02-11,813.13319999999999
1954-02-12,815.81359999999995
1954-02-15,813.77120000000002
1954-02-16,805.71190000000001
1954-02-17,808.36789999999996
1954-02-18,812.1644
1954-02-19,812.24270000000001
1954-02-23,806.63530000000003
1954-02-24,805.01909999999998
1954-02-25,810.89290000000005
1954-02-26,818.99890000000005
1954-03-01,822.43579999999997
1954-03-02,824.24220000000003
1954-03-03,823.33259999999996
1954-03-04,823.65899999999999
1954-03-05,829.42169999999999
1954-03-08,827.34519999999998
1954-03-09,830.98249999999996
1954-03-10,836.04859999999996
1954-03-11,837.88490000000002
1954-03-12,836.54129999999998
1954-03-15,832.27189999999996
1954-03-16,834.51610000000005
1954-03-17,836.68280000000004
1954-03-18,842.03459999999995
1954-03-19,848.01009999999997
1954-03-22,849.19420000000002
1954-03-23,841.97310000000004
1954-03-24,836.3288
1954-03-25,835.32230000000004
1954-03-26,842.00189999999998
1954-03-29,846.62990000000002
1954-03-30,853.3999
1954-03-31,860.22400000000005
1954-04-01,867.10270000000003
1954-04-02,868.66039999999998
1954-04-05,868.22299999999996
1954-04-06,860.57950000000005
1954-04-07,868.66589999999997
1954-04-08,877.69690000000003
1954-04-09,884.27650000000006
1954-04-12,883.30070000000001
1954-04-13,884.97580000000005
1954-04-14,891.87540000000001
1954-04-15,895.43970000000002
1954-04-19,885.76580000000001
1954-04-20,887.09130000000005
1954-04-21,888.68489999999997
1954-04-22,890.37019999999995
1954-04-23,897.31190000000004
1954-04-26,899.19309999999996
1954-04-27,892.53579999999999
1954-04-28,890.12279999999998
1954-04-29,903.64949999999999
1954-04-30,904.27880000000005
1954-05-03,902.55740000000003
1954-05-04,902.10289999999998
1954-05-05,900.47590000000002
1954-05-06,907.5865
1954-05-07,912.57500000000005
1954-05-10,914.85310000000004
1954-05-11,910.64160000000004
1954-05-12,919.83579999999995
1954-05-13,918.17679999999996
1954-05-14,923.49890000000005
1954-05-17,929.22130000000004
1954-05-18,931.1694
1954-05-19,929.30370000000005
1954-05-20,932.73879999999997
1954-05-21,938.61170000000004
1954-05-24,941.42420000000004
1954-05-25,937.84339999999997
1954-05-26,947.49990000000003
1954-05-27,945.12779999999998
1954-05-28,949.1884
1954-06-01,952.79200000000003
1954-06-02,951.7405
1954-06-03,953.92610000000002
1954-06-04,949.34379999999999
1954-06-07,947.15689999999995
1954-06-08,923.19050000000004
1954-06-09,919.58680000000004
1954-06-10,925.46879999999999
1954-06-11,932.59159999999997
1954-06-14,934.26700000000005
1954-06-15,941.83119999999997
1954-06-16,951.24609999999996
1954-06-17,949.91099999999994
1954-06-18,951.90239999999994
1954-06-21,954.84990000000005
1954-06-22,958.95240000000001
1954-06-23,961.15449999999998
1954-06-24,968.35979999999995
1954-06-25,972.8107
1954-06-28,976.69849999999997
1954-06-29,984.5086
1954-06-30,979.87789999999995
1954-07-01,979.67840000000001
1954-07-02,988.19809999999995
1954-07-06,997.9778
1954-07-07,998.97220000000004
1954-07-08,998.76880000000006
1954-07-09,1004.7578999999999
1954-07-12,1006.0605
1954-07-13,1006.9623
1954-07-14,1008.7713
1954-07-15,1015.2238
1954-07-16,1015.5247000000001
1954-07-19,1013.4901
1954-07-20,1008.8244
1954-07-21,1014.1676
1954-07-22,1024.5083999999999
1954-07-23,1025.5292999999999
1954-07-26,1024.8078
1954-07-27,1031.4653000000001
1954-07-28,1033.3182999999999
1954-07-29,1040.3412000000001
1954-07-30,1047.3077000000001
1954-08-02,1052.9594999999999
1954-08-03,1054.7456999999999
1954-08-04,1053.2653
1954-08-05,1049.1538
1954-08-06,1033.8324
1954-08-09,1030.4170999999999
1954-08-10,1044.7362000000001
1954-08-11,1054.2396000000001
1954-08-12,1050.0189
1954-08-13,1051.9050999999999
1954-08-16,1055.1623
1954-08-17,1049.9882
1954-08-18,1048.3045
1954-08-19,1049.8732
1954-08-20,1051.1293000000001
1954-08-23,1046.8159000000001
1954-08-24,1038.9611
1954-08-25,1032.1002000000001
1954-08-26,1029.2066
1954-08-27,1032.0848000000001
1954-08-30,1020.0057
1954-08-31,1002.9679
1954-09-01,1013.2949
1954-09-02,1017.6485
1954-09-03,1024.6666
1954-09-07,1036.1392000000001
1954-09-08,1039.4512
1954-09-09,1042.5658000000001
1954-09-10,1048.2962
1954-09-13,1056.6787999999999
1954-09-14,1057.3090999999999
1954-09-15,1053.1818000000001
1954-09-16,1059.4971
1954-09-17,1064.8968
1954-09-20,1057.7581
1954-09-21,1062.7257999999999
1954-09-22,1069.5235
1954-09-23,1069.1987999999999
1954-09-24,1074.0064
1954-09-27,1073.3580999999999
1954-09-28,1073.1396
1954-09-29,1068.1994
1954-09-30,1064.8841
1954-10-01,1066.0517
1954-10-04,1072.8706
1954-10-05,1079.6259
1954-10-06,1086.0998
1954-10-07,1087.6164000000001
1954-10-08,1089.1351999999999
1954-10-11,1083.5767000000001
1954-10-12,1078.6967999999999
1954-10-13,1078.4772
1954-10-14,1063.1588999999999
1954-10-15,1062.5173
1954-10-18,1068.1448
1954-10-19,1075.1907000000001
1954-10-20,1087.229
1954-10-21,1091.5741
1954-10-22,1091.2427
1954-10-25,1082.2906
1954-10-26,1082.0703000000001
1954-10-27,1081.4172000000001
1954-10-28,1079.1423
1954-10-29,1071.8003000000001
1954-11-01,1079.6206
1954-11-03,1109.3063
1954-11-04,1124.9436000000001
1954-11-05,1124.8271
1954-11-08,1143.9450999999999
1954-11-09,1149.432
1954-11-10,1154.3704
1954-11-11,1165.6791000000001
1954-11-12,1173.3685
1954-11-15,1174.0682999999999
1954-11-16,1190.7358999999999
1954-11-17,1200.9719
1954-11-18,1193.8819000000001
1954-11-19,1196.5042000000001
1954-11-22,1206.4309000000001
1954-11-23,1213.6651999999999
1954-11-24,1215.4813999999999
1954-11-26,1222.2837
1954-11-29,1226.4350999999999
1954-11-30,1219.4400000000001
1954-12-01,1211.8751999999999
1954-12-02,1218.1726000000001
1954-12-03,1226.8172999999999
1954-12-06,1233.1922999999999
1954-12-07,1237.0108
1954-12-08,1234.9034999999999
1954-12-09,1233.7877000000001
1954-12-10,1237.1144999999999
1954-12-13,1237.7285999999999
1954-12-14,1227.6985999999999
1954-12-15,1233.5871999999999
1954-12-16,1253.0734
1954-12-17,1266.6022
1954-12-20,1276.3505
1954-12-21,1279.0262
1954-12-22,1280.6844000000001
1954-12-23,1285.9305999999999
1954-12-27,1277.5675000000001
1954-12-28,1295.8322000000001
1954-12-29,1309.6929
1954-12-30,1309.4263000000001
1954-12-31,1318.8495
1955-01-03,1324.1202000000001
1955-01-04,1314.8466000000001
1955-01-05,1279.7355
1955-01-06,1256.6957
1955-01-07,1274.7876000000001
1955-01-10,1299.0041000000001
1955-01-11,1299.3891000000001
1955-01-12,1298.6048000000001
1955-01-13,1292.6266000000001
1955-01-14,1287.0636999999999
1955-01-17,1259.0011
1955-01-18,1271.2089000000001
1955-01-19,1278.4503
1955-01-20,1278.5735999999999
1955-01-21,1292.2497000000001
1955-01-24,1297.1557
1955-01-25,1297.6699000000001
1955-01-26,1322.1912
1955-01-27,1321.6576
1955-01-28,1326.4109000000001
1955-01-31,1338.3438000000001
1955-02-01,1347.8413
1955-02-02,1346.7582
1955-02-03,1347.0228
1955-02-04,1359.0065
1955-02-07,1361.7195999999999
1955-02-08,1346.3272999999999
1955-02-09,1365.4404
1955-02-10,1377.0417
1955-02-11,1382.5450000000001
1955-02-14,1380.1896999999999
1955-02-15,1386.6717000000001
1955-02-16,1385.0027
1955-02-17,1388.5988
1955-02-18,1394.4259
1955-02-21,1395.6759
1955-02-23,1396.5083999999999
1955-02-24,1386.3089
1955-02-25,1383.2539999999999
1955-02-28,1391.4103
1955-03-01,1398.5015000000001
1955-03-02,1414.0199
1955-03-03,1416.8429000000001
1955-03-04,1419.9549
1955-03-07,1410.2941000000001
1955-03-08,1380.2498000000001
1955-03-09,1358.2989
1955-03-10,1374.4577999999999
1955-03-11,1352.5989999999999
1955-03-14,1314.4509
1955-03-15,1345.8616
1955-03-16,1362.6800000000001
1955-03-17,1375.8932
1955-03-18,1376.4386
1955-03-21,1369.5515
1955-03-22,1378.3117
1955-03-23,1399.1193000000001
1955-03-24,1417.3028999999999
1955-03-25,1423.1088
1955-03-28,1415.9881
1955-03-29,1419.9477999999999
1955-03-30,1402.3353999999999
1955-03-31,1408.3604
1955-04-01,1419.059
1955-04-04,1412.2424000000001
1955-04-05,1423.2529
1955-04-06,1428.9408000000001
1955-04-07,1432.6509000000001
1955-04-11,1432.5025000000001
1955-04-12,1440.5193999999999
1955-04-13,1441.2346
1955-04-14,1435.6086
1955-04-15,1447.8061
1955-04-18,1459.0939000000001
1955-04-19,1457.3377
1955-04-20,1463.8905
1955-04-21,1460.8110999999999
1955-04-22,1449.9958999999999
1955-04-25,1456.6606999999999
1955-04-26,1466.4151999999999
1955-04-27,1456.7316000000001
1955-04-28,1436.4777999999999
1955-04-29,1447.5336
1955-05-02,1449.8444
1955-05-03,1432.7311
1955-05-04,1437.454
1955-05-05,1445.7861
1955-05-06,1453.7328
1955-05-09,1454.5998
1955-05-10,1445.867
1955-05-11,1428.6559999999999
1955-05-12,1414.9358
1955-05-13,1423.2789
1955-05-16,1403.9172000000001
1955-05-17,1399.9811999999999
1955-05-18,1419.296
1955-05-19,1435.0451
1955-05-20,1447.9554000000001
1955-05-23,1438.1041
1955-05-24,1440.3998999999999
1955-05-25,1454.0786000000001
1955-05-26,1471.8132000000001
1955-05-27,1475.6346000000001
1955-05-31,1474.5963999999999
1955-06-01,1477.2454
1955-06-02,1483.1491000000001
1955-06-03,1497.5304000000001
1955-06-06,1515.9446
1955-06-07,1535.4948999999999
1955-06-08,1547.6197999999999
1955-06-09,1537.8643
1955-06-10,1543.8565000000001
1955-06-13,1558.0544
1955-06-14,1558.5163
1955-06-15,1572.5373999999999
1955-06-16,1578.3502000000001
1955-06-17,1580.3964000000001
1955-06-20,1583.0773999999999
1955-06-21,1586.5545
1955-06-22,1587.3421000000001
1955-06-23,1581.3045999999999
1955-06-24,1575.7643
1955-06-27,1580.3284000000001
1955-06-28,1572.2630999999999
1955-06-29,1577.4459999999999
1955-06-30,1591.1641
1955-07-01,1597.6822
1955-07-05,1613.174
1955-07-06,1606.3929000000001
1955-07-07,1571.5284999999999
1955-07-08,1569.1656
1955-07-11,1576.2212
1955-07-12,1572.2750000000001
1955-07-13,1556.075
1955-07-14,1560.4264000000001
1955-07-15,1570.8757000000001
1955-07-18,1566.1575
1955-07-19,1555.0322000000001
1955-07-20,1563.5793000000001
1955-07-21,1577.8023000000001
1955-07-22,1591.9967999999999
1955-07-25,1601.5431000000001
1955-07-26,1595.2914000000001
1955-07-27,1591.4570000000001
1955-07-28,1583.8123000000001
1955-07-29,1577.4713999999999
1955-08-01,1557.9050999999999
1955-08-02,1563.508
1955-08-03,1568.0365999999999
1955-08-04,1551.5666000000001
1955-08-05,1560.0947000000001
1955-08-08,1551.8206
1955-08-09,1534.4347
1955-08-10,1539.1859999999999
1955-08-11,1555.6497999999999
1955-08-12,1561.4001000000001
1955-08-15,1559.9893
1955-08-16,1553.2757999999999
1955-08-17,1554.9788000000001
1955-08-18,1556.5282
1955-08-19,1561.0365999999999
1955-08-22,1557.9090000000001
1955-08-23,1575.0404000000001
1955-08-24,1588.5800999999999
1955-08-25,1602.3951
1955-08-26,1616.9712
1955-08-29,1619.0675000000001
1955-08-30,1620.8425999999999
1955-08-31,1631.0482
1955-09-01,1635.7724000000001
1955-09-02,1646.5626
1955-09-06,1666.4802
1955-09-07,1665.3077000000001
1955-09-08,1672.296
1955-09-09,1681.9893999999999
1955-09-12,1695.4393
1955-09-13,1700.1804999999999
1955-09-14,1698.9843000000001
1955-09-15,1702.2063000000001
1955-09-16,1712.5835999999999
1955-09-19,1712.2349999999999
1955-09-20,1712.2289000000001
1955-09-21,1722.4961000000001
1955-09-22,1728.1741999999999
1955-09-23,1736.9817
1955-09-26,1595.5852
1955-09-27,1637.2243000000001
1955-09-28,1657.8475000000001
1955-09-29,1647.0655999999999
1955-09-30,1637.5066999999999
1955-10-03,1591.6506999999999
1955-10-04,1604.8557000000001
1955-10-05,1615.2815000000001
1955-10-06,1604.7764
1955-10-07,1588.0809999999999
1955-10-10,1539.3212000000001
1955-10-11,1535.4674
1955-10-12,1557.5726999999999
1955-10-13,1551.3368
1955-10-14,1545.9015999999999
1955-10-17,1555.0169000000001
1955-10-18,1561.2313999999999
1955-10-19,1574.0279
1955-10-20,1587.4015999999999
1955-10-21,1593.4280000000001
1955-10-24,1609.6753000000001
1955-10-25,1601.7820999999999
1955-10-26,1588.6418000000001
1955-10-27,1580.0574999999999
1955-10-28,1584.634
1955-10-31,1580.9837
1955-11-01,1580.8199
1955-11-02,1584.4502
1955-11-03,1608.2112999999999
1955-11-04,1628.7906
1955-11-07,1639.3719000000001
1955-11-09,1643.1366
1955-11-10,1645.1025
1955-11-11,1654.8027999999999
1955-11-14,1675.4819
1955-11-15,1675.8109999999999
1955-11-16,1678.3187
1955-11-17,1676.4666
1955-11-18,1668.9165
1955-11-21,1667.2416000000001
1955-11-22,1685.5753
1955-11-23,1696.357
1955-11-25,1704.3237999999999
1955-11-28,1700.9091000000001
1955-11-29,1709.2375
1955-11-30,1713.6754000000001
1955-12-01,1709.2137
1955-12-02,1715.1898000000001
1955-12-05,1725.9893999999999
1955-12-06,1734.4405999999999
1955-12-07,1735.6485
1955-12-08,1747.0976000000001
1955-12-09,1748.6637000000001
1955-12-12,1738.3404
1955-12-13,1742.6800000000001
1955-12-14,1731.5206000000001
1955-12-15,1727.1857
1955-12-16,1734.2609
1955-12-19,1737.8967
1955-12-20,1736.1525999999999
1955-12-21,1750.9037000000001
1955-12-22,1754.5743
1955-12-23,1755.0944
1955-12-27,1753.5085999999999
1955-12-28,1749.8199999999999
1955-12-29,1748.0639000000001
1955-12-30,1765.5382999999999
1956-01-03,1747.8766000000001
1956-01-04,1736.3344
1956-01-05,1740.1481000000001
1956-01-06,1748.8425999999999
1956-01-09,1718.4065000000001
1956-01-10,1703.1066000000001
1956-01-11,1720.4721999999999
1956-01-12,1730.7889
1956-01-13,1730.9558
1956-01-16,1706.0237999999999
1956-01-17,1715.2302
1956-01-18,1691.8969999999999
1956-01-19,1672.4340999999999
1956-01-20,1657.7107000000001
1956-01-23,1656.0471
1956-01-24,1685.1876
1956-01-25,1695.2927
1956-01-26,1679.6900000000001
1956-01-27,1670.6137000000001
1956-01-30,1673.7819
1956-01-31,1684.4881
1956-02-01,1692.7361000000001
1956-02-02,1697.8081999999999
1956-02-03,1704.2538
1956-02-06,1704.759
1956-02-07,1699.9795999999999
1956-02-08,1679.2338
1956-02-09,1662.4354000000001
1956-02-10,1668.248
1956-02-13,1662.5699999999999
1956-02-14,1660.0702000000001
1956-02-15,1689.1155000000001
1956-02-16,1689.6161999999999
1956-02-17,1723.4024999999999
1956-02-20,1733.5645
1956-02-21,1735.6385
1956-02-23,1762.5346999999999
1956-02-24,1775.9237000000001
1956-02-27,1771.6550999999999
1956-02-28,1783.8732
1956-02-29,1775.4827
1956-03-01,1785.4190000000001
1956-03-02,1803.2668000000001
1956-03-05,1818.9487999999999
1956-03-06,1817.8510000000001
1956-03-07,1819.117
1956-03-08,1829.8433
1956-03-09,1859.6632
1956-03-12,1868.7689
1956-03-13,1865.3984
1956-03-14,1879.9419
1956-03-15,1895.1627000000001
1956-03-16,1901.5995
1956-03-19,1920.989
1956-03-20,1923.6714999999999
1956-03-21,1901.3499999999999
1956-03-22,1906.8571999999999
1956-03-23,1917.9101000000001
1956-03-26,1917.5197000000001
1956-03-27,1907.7335
1956-03-28,1920.8900000000001
1956-03-29,1932.9848
1956-04-02,1960.0397
1956-04-03,1956.1125999999999
1956-04-04,1956.6923999999999
1956-04-05,1947.489
1956-04-06,1954.8824999999999
1956-04-09,1947.838
1956-04-10,1920.3665000000001
1956-04-11,1938.4111
1956-04-12,1927.3552
1956-04-13,1933.9013
1956-04-16,1936.7953
1956-04-17,1937.5631000000001
1956-04-18,1934.8435999999999
1956-04-19,1925.9364
1956-04-20,1942.8777
1956-04-23,1947.9223
1956-04-24,1929.7996000000001
1956-04-25,1922.2665
1956-04-26,1941.2900999999999
1956-04-27,1962.4431999999999
1956-04-30,1974.7996000000001
1956-05-01,1973.0152
1956-05-02,1974.5866000000001
1956-05-03,1982.4779000000001
1956-05-04,1995.9517000000001
1956-05-07,1978.979
1956-05-08,1972.8371
1956-05-09,1980.3268
1956-05-10,1949.0306
1956-05-11,1959.1586
1956-05-14,1923.6908000000001
1956-05-15,1915.0273
1956-05-16,1917.127
1956-05-17,1929.1980000000001
1956-05-18,1924.3681999999999
1956-05-21,1897.2276999999999
1956-05-22,1871.0391999999999
1956-05-23,1863.7354
1956-05-24,1824.5903000000001
1956-05-25,1827.8680999999999
1956-05-28,1801.3575000000001
1956-05-29,1852.6896999999999
1956-05-31,1851.0156999999999
1956-06-01,1856.5621000000001
1956-06-04,1861.9395
1956-06-05,1863.7947999999999
1956-06-06,1858.9422999999999
1956-06-07,1873.6213
1956-06-08,1830.3340000000001
1956-06-11,1855.7691
1956-06-12,1877.8461
1956-06-13,1890.6087
1956-06-14,1885.6864
1956-06-15,1889.2625
1956-06-18,1879.2426
1956-06-19,1877.1687999999999
1956-06-20,1884.6706999999999
1956-06-21,1899.5528999999999
1956-06-22,1898.7863
1956-06-25,1887.1968999999999
1956-06-26,1912.6673000000001
1956-06-27,1931.4046000000001
1956-06-28,1937.5781999999999
1956-06-29,1943.5778
1956-07-02,1940.4611
1956-07-03,1957.9184
1956-07-05,1977.4906000000001
1956-07-06,1980.6475
1956-07-09,1997.0798
1956-07-10,2010.2534000000001
1956-07-11,2015.2718
1956-07-12,2013.4509
1956-07-13,2029.7526
1956-07-16,2045.1714999999999
1956-07-17,2055.1855
1956-07-18,2050.8622999999998
1956-07-19,2053.9313000000002
1956-07-20,2061.1127000000001
1956-07-23,2059.8687
1956-07-24,2056.9775
1956-07-25,2065.1981000000001
1956-07-26,2070.5601999999999
1956-07-27,2056.6801
1956-07-30,2073.9488000000001
1956-07-31,2095.0956999999999
1956-08-01,2096.9738000000002
1956-08-02,2118.1457999999998
1956-08-03,2115.3845999999999
1956-08-06,2081.7424000000001
1956-08-07,2103.5933
1956-08-08,2118.3108999999999
1956-08-09,2112.7957999999999
1956-08-10,2098.4212000000002
1956-08-13,2081.6262999999999
1956-08-14,2090.9861999999998
1956-08-15,2093.4879000000001
1956-08-16,2093.0617999999999
1956-08-17,2093.0542999999998
1956-08-20,2070.4418000000001
1956-08-21,2042.8976
1956-08-22,2033.0843
1956-08-23,2056.4576000000002
1956-08-24,2062.6196
1956-08-27,2044.4612
1956-08-28,2033.2093
1956-08-29,2025.8824999999999
1956-08-30,2002.5776000000001
1956-08-31,2035.8133
1956-09-04,2062.2716
1956-09-05,2070.7195000000002
1956-09-06,2069.4697000000001
1956-09-07,2059.7357999999999
1956-09-10,2053.5491999999999
1956-09-11,2044.7116000000001
1956-09-12,2037.5478000000001
1956-09-13,2037.3368
1956-09-14,2042.8303000000001
1956-09-17,2034.856
1956-09-18,2012.0582999999999
1956-09-19,1985.8943999999999
1956-09-20,1977.5465999999999
1956-09-21,1998.6992
1956-09-24,1978.7050999999999
1956-09-25,1942.0920000000001
1956-09-26,1947.1344999999999
1956-09-27,1934.8606
1956-09-28,1917.4399000000001
1956-10-01,1884.0696
1956-10-02,1929.2806
1956-10-03,1958.5988
1956-10-04,1954.8704
1956-10-05,1966.0062
1956-10-08,1971.8972000000001
1956-10-09,1961.0446999999999
1956-10-10,1993.7872
1956-10-11,1996.9701
1956-10-12,2002.7542000000001
1956-10-15,2001.1448
1956-10-16,1993.5333000000001
1956-10-17,1975.5844
1956-10-18,1985.0601999999999
1956-10-19,1984.2591
1956-10-22,1975.5211999999999
1956-10-23,1970.5753999999999
1956-10-24,1958.7448999999999
1956-10-25,1948.1606999999999
1956-10-26,1970.9472000000001
1956-10-29,1977.6414
1956-10-30,1974.6677999999999
1956-10-31,1944.2509
1956-11-01,1988.184
1956-11-02,2002.6907000000001
1956-11-05,2026.7157999999999
1956-11-07,2017.9937
1956-11-08,2001.2371000000001
1956-11-09,1992.6247000000001
1956-11-12,2005.9681
1956-11-13,2014.9878000000001
1956-11-14,2000.2711999999999
1956-11-15,1989.4626000000001
1956-11-16,1988.0628999999999
1956-11-19,1963.4038
1956-11-20,1947.6895999999999
1956-11-21,1939.6971000000001
1956-11-23,1956.1776
1956-11-26,1949.3240000000001
1956-11-27,1947.7574999999999
1956-11-28,1925.9357
1956-11-29,1921.3065999999999
1956-11-30,1956.2674999999999
1956-12-03,1986.1913999999999
1956-12-04,1989.5608
1956-12-05,2014.0253
1956-12-06,2022.8797999999999
1956-12-07,2025.9069
1956-12-10,2027.3178
1956-12-11,2024.6750999999999
1956-12-12,2014.5445
1956-12-13,2027.8333
1956-12-14,2033.5039999999999
1956-12-17,2032.8867
1956-12-18,2037.1485
1956-12-19,2035.5115000000001
1956-12-20,2022.6804999999999
1956-12-21,2042.9001000000001
1956-12-26,2044.3227999999999
1956-12-27,2036.7515000000001
1956-12-28,2034.5038
1956-12-31,2042.6344999999999
1957-01-02,2028.5331000000001
1957-01-03,2037.4513999999999
1957-01-04,2033.7766999999999
1957-01-07,2021.9735000000001
1957-01-08,2019.3377
1957-01-09,2019.7344000000001
1957-01-10,2030.4318000000001
1957-01-11,2027.1758
1957-01-14,1999.3963000000001
1957-01-15,1976.596
1957-01-16,1976.9843000000001
1957-01-17,1966.1038000000001
1957-01-18,1929.5272
1957-01-21,1923.7318
1957-01-22,1933.5359000000001
1957-01-23,1943.7768000000001
1957-01-24,1946.2967000000001
1957-01-25,1929.1623999999999
1957-01-28,1909.0922
1957-01-29,1918.249
1957-01-30,1929.1762000000001
1957-01-31,1926.2755
1957-02-01,1908.9322
1957-02-04,1900.7168999999999
1957-02-05,1868.2079000000001
1957-02-06,1876.9818
1957-02-07,1866.8394000000001
1957-02-08,1856.0051000000001
1957-02-11,1814.9807000000001
1957-02-12,1808.4403
1957-02-13,1852.5598
1957-02-14,1846.625
1957-02-15,1879.1189999999999
1957-02-18,1872.5354
1957-02-19,1869.5326
1957-02-20,1875.3215
1957-02-21,1865.1881000000001
1957-02-25,1869.0983000000001
1957-02-26,1875.4466
1957-02-27,1870.0011
1957-02-28,1864.1974
1957-03-01,1882.087
1957-03-04,1894.3139000000001
1957-03-05,1900.3688999999999
1957-03-06,1903.4027000000001
1957-03-07,1898.4471000000001
1957-03-08,1884.5816
1957-03-11,1874.3981000000001
1957-03-12,1869.518
1957-03-13,1886.1500000000001
1957-03-14,1887.6522
1957-03-15,1886.3241
1957-03-18,1877.8289
1957-03-19,1889.0891999999999
1957-03-20,1893.6162999999999
1957-03-21,1891.3371999999999
1957-03-22,1890.1956
1957-03-25,1878.0916
1957-03-26,1880.5264
1957-03-27,1885.5971
1957-03-28,1898.7896000000001
1957-03-29,1894.2257
1957-04-01,1890.8092999999999
1957-04-02,1909.1433999999999
1957-04-03,1923.4552000000001
1957-04-04,1915.7545
1957-04-05,1919.1959999999999
1957-04-08,1921.6840999999999
1957-04-09,1945.5061000000001
1957-04-10,1953.0867000000001
1957-04-11,1949.7593999999999
1957-04-12,1948.9726000000001
1957-04-15,1941.7544
1957-04-16,1940.1940999999999
1957-04-17,1938.0528999999999
1957-04-18,1948.7053000000001
1957-04-22,1952.0110999999999
1957-04-23,1963.7162000000001
1957-04-24,1965.0838000000001
1957-04-25,1955.8408999999999
1957-04-26,1950.9443000000001
1957-04-29,1959.5215000000001
1957-04-30,1955.5954999999999
1957-05-01,1965.7575999999999
1957-05-02,1981.6732
1957-05-03,1983.4495999999999
1957-05-06,1978.0871999999999
1957-05-07,1976.2999
1957-05-08,1985.9766999999999
1957-05-09,1991.5302999999999
1957-05-10,2000.4851000000001
1957-05-13,2013.8812
1957-05-14,2005.0128999999999
1957-05-15,2006.6098
1957-05-16,2021.8529000000001
1957-05-17,2030.5396000000001
1957-05-20,2033.3751
1957-05-21,2032.3512000000001
1957-05-22,2027.2629999999999
1957-05-23,2025.634
1957-05-24,2026.6396
1957-05-27,1998.462
1957-05-28,1997.2557999999999
1957-05-29,2012.8272999999999
1957-05-31,2020.2674999999999
1957-06-03,2009.7548999999999
1957-06-04,2014.9730999999999
1957-06-05,2016.9809
1957-06-06,2023.8314
1957-06-07,2031.7171000000001
1957-06-10,2023.5830000000001
1957-06-11,2053.7271999999998
1957-06-12,2059.0594999999998
1957-06-13,2068.1120000000001
1957-06-14,2071.2067999999999
1957-06-17,2076.1703000000002
1957-06-18,2069.1039000000001
1957-06-19,2043.2327
1957-06-20,2035.4612
1957-06-21,2023.6482000000001
1957-06-24,2018.9866
1957-06-25,2039.7750000000001
1957-06-26,2029.9766999999999
1957-06-27,2036.8714
1957-06-28,2037.4752000000001
1957-07-01,2036.6529
1957-07-02,2052.5315999999998
1957-07-03,2072.0232999999998
1957-07-05,2093.9793
1957-07-08,2108.0014999999999
1957-07-09,2092.3948
1957-07-10,2109.7541999999999
1957-07-11,2091.6026999999999
1957-07-12,2094.7327
1957-07-15,2091.7926000000002
1957-07-16,2081.9537
1957-07-17,2069.4544999999998
1957-07-18,2068.8263000000002
1957-07-19,2069.8533000000002
1957-07-22,2066.9481000000001
1957-07-23,2063.6336000000001
1957-07-24,2067.1343999999999
1957-07-25,2066.7136
1957-07-26,2054.9259999999999
1957-07-29,2025.3277
1957-07-30,2030.9914000000001
1957-07-31,2030.9840999999999
1957-08-01,2019.1972000000001
1957-08-02,2013.7381
1957-08-05,1989.3647000000001
1957-08-06,1965.6841999999999
1957-08-07,1991.231
1957-08-08,1984.0554999999999
1957-08-09,1977.501
1957-08-12,1956.1369999999999
1957-08-13,1953.9782
1957-08-14,1927.5925
1957-08-15,1933.5612000000001
1957-08-16,1932.5875000000001
1957-08-19,1886.9715000000001
1957-08-20,1909.6085
1957-08-21,1915.3305
1957-08-22,1896.9364
1957-08-23,1864.1126999999999
1957-08-26,1838.5677000000001
1957-08-27,1879.5612000000001
1957-08-28,1880.6822
1957-08-29,1866.0061000000001
1957-08-30,1903.133
1957-09-03,1910.9291000000001
1957-09-04,1893.5328
1957-09-05,1882.5435
1957-09-06,1880.2777000000001
1957-09-09,1857.1436000000001
1957-09-10,1837.0798
1957-09-11,1855.6278
1957-09-12,1886.6101000000001
1957-09-13,1890.9426000000001
1957-09-16,1873.7283
1957-09-17,1876.5322000000001
1957-09-18,1872.9601
1957-09-19,1858.7189000000001
1957-09-20,1820.9802
1957-09-23,1775.4492
1957-09-24,1787.6935000000001
1957-09-25,1757.8326
1957-09-26,1765.7366
1957-09-27,1775.6184000000001
1957-09-30,1764.9584
1957-10-01,1776.7773
1957-10-02,1794.8941
1957-10-03,1794.3492000000001
1957-10-04,1772.8106
1957-10-07,1728.3067000000001
1957-10-08,1706.3510000000001
1957-10-09,1717.6069
1957-10-10,1668.1335999999999
1957-10-11,1677.1356000000001
1957-10-14,1698.4292
1957-10-15,1720.5028
1957-10-16,1696.0654999999999
1957-10-17,1661.6293000000001
1957-10-18,1643.6777999999999
1957-10-21,1583.5133000000001
1957-10-22,1580.8157000000001
1957-10-23,1663.8027999999999
1957-10-24,1665.7934
1957-10-25,1653.1275000000001
1957-10-28,1640.8884
1957-10-29,1655.6505999999999
1957-10-30,1677.4992
1957-10-31,1676.99
1957-11-01,1650.1522
1957-11-04,1652.1265000000001
1957-11-06,1662.1985
1957-11-07,1679.4793999999999
1957-11-08,1654.4492
1957-11-11,1658.7448999999999
1957-11-12,1638.9999
1957-11-13,1632.7657999999999
1957-11-14,1618.0651
1957-11-15,1671.2936999999999
1957-11-18,1653.5719999999999
1957-11-19,1638.5186000000001
1957-11-20,1646.0499
1957-11-21,1672.71
1957-11-22,1688.0930000000001
1957-11-25,1696.021
1957-11-26,1646.6606999999999
1957-11-27,1695.396
1957-11-29,1718.6169
1957-12-02,1701.7683
1957-12-03,1700.7411999999999
1957-12-04,1711.1096
1957-12-05,1714.0124000000001
1957-12-06,1701.8368
1957-12-09,1679.7067999999999
1957-12-10,1656.6887999999999
1957-12-11,1649.2277999999999
1957-12-12,1649.2219
1957-12-13,1660.4306999999999
1957-12-16,1629.7067999999999
1957-12-17,1592.3806999999999
1957-12-18,1589.8271999999999
1957-12-19,1616.2127
1957-12-20,1597.1356000000001
1957-12-23,1595.3731
1957-12-24,1600.3130000000001
1957-12-26,1625.4322
1957-12-27,1621.0377000000001
1957-12-30,1608.7121
1957-12-31,1626.2412999999999
1958-01-02,1650.6291000000001
1958-01-03,1684.296
1958-01-06,1677.2159999999999
1958-01-07,1696.3303000000001
1958-01-08,1701.2436
1958-01-09,1683.2043000000001
1958-01-10,1659.1285
1958-01-13,1668.4137000000001
1958-01-14,1678.4182000000001
1958-01-15,1689.8253999999999
1958-01-16,1692.8611000000001
1958-01-17,1688.4536000000001
1958-01-20,1700.6043999999999
1958-01-21,1704.5097000000001
1958-01-22,1700.2424000000001
1958-01-23,1706.3571999999999
1958-01-24,1725.9742000000001
1958-01-27,1719.2366999999999
1958-01-28,1720.4340999999999
1958-01-29,1735.9118000000001
1958-01-30,1731.913
1958-01-31,1733.2924
1958-02-03,1744.5526
1958-02-04,1768.0978
1958-02-05,1758.7206000000001
1958-02-06,1755.1968999999999
1958-02-07,1739.5693000000001
1958-02-10,1725.6466
1958-02-11,1706.8308999999999
1958-02-12,1699.3146999999999
1958-02-13,1701.0079000000001
1958-02-14,1719.8831
1958-02-17,1712.9974
1958-02-18,1716.5886
1958-02-19,1715.5525
1958-02-20,1707.1401000000001
1958-02-21,1704.5733
1958-02-24,1695.5329999999999
1958-02-25,1693.1532
1958-02-26,1713.6342999999999
1958-02-27,1700.7759000000001
1958-02-28,1710.6343999999999
1958-03-03,1720.721
1958-03-04,1729.8347000000001
1958-03-05,1741.9373000000001
1958-03-06,1761.7891999999999
1958-03-07,1761.7828999999999
1958-03-10,1766.3572999999999
1958-03-11,1787.9005
1958-03-12,1784.3182999999999
1958-03-13,1789.4865
1958-03-14,1786.259
1958-03-17,1767.3182999999999
1958-03-18,1760.7728999999999
1958-03-19,1772.2116000000001
1958-03-20,1767.4203
1958-03-21,1786.8556000000001
1958-03-24,1793.4606000000001
1958-03-25,1782.6935000000001
1958-03-26,1775.3779999999999
1958-03-27,1767.5599999999999
1958-03-28,1763.4883
1958-03-31,1752.3721
1958-04-01,1737.4706000000001
1958-04-02,1712.9661000000001
1958-04-03,1709.5340000000001
1958-04-07,1697.5612000000001
1958-04-08,1715.3795
1958-04-09,1712.8003000000001
1958-04-10,1709.5399
1958-04-11,1709.5337999999999
1958-04-14,1720.6396999999999
1958-04-15,1743.8622
1958-04-16,1729.905
1958-04-17,1734.3966
1958-04-18,1751.2140999999999
1958-04-21,1757.6873000000001
1958-04-22,1752.0563999999999
1958-04-23,1757.4815000000001
1958-04-24,1771.0079000000001
1958-04-25,1774.7207000000001
1958-04-28,1770.8099
1958-04-29,1760.8870999999999
1958-04-30,1783.068
1958-05-01,1789.3023000000001
1958-05-02,1803.0735999999999
1958-05-05,1807.0338999999999
1958-05-06,1817.6889000000001
1958-05-07,1814.5924
1958-05-08,1816.0376000000001
1958-05-09,1818.3919000000001
1958-05-12,1810.3844999999999
1958-05-13,1811.8263999999999
1958-05-14,1787.9038
1958-05-15,1800.2338999999999
1958-05-16,1799.3273999999999
1958-05-19,1797.5216
1958-05-20,1822.3209999999999
1958-05-21,1820.8566000000001
1958-05-22,1835.4169999999999
1958-05-23,1840.9167
1958-05-26,1841.2782999999999
1958-05-27,1840.9034999999999
1958-05-28,1847.8923
1958-05-29,1858.7882999999999
1958-06-02,1878.4848
1958-06-03,1880.5444
1958-06-04,1879.7855
1958-06-05,1879.5907999999999
1958-06-06,1886.7265
1958-06-09,1887.0971
1958-06-10,1876.3339000000001
1958-06-11,1874.4509
1958-06-12,1883.2541000000001
1958-06-13,1899.8199999999999
1958-06-16,1908.7424000000001
1958-06-17,1912.5531000000001
1958-06-18,1901.2621999999999
1958-06-19,1875.3982000000001
1958-06-20,1884.3933999999999
1958-06-23,1873.2688000000001
1958-06-24,1862.9591
1958-06-25,1872.2673
1958-06-26,1883.6813999999999
1958-06-27,1888.7606000000001
1958-06-30,1899.5198
1958-07-01,1897.4236000000001
1958-07-02,1905.7654
1958-07-03,1914.5252
1958-07-07,1925.0482
1958-07-08,1911.566
1958-07-09,1907.5449000000001
1958-07-10,1917.2665
1958-07-11,1934.8986
1958-07-14,1911.2859000000001
1958-07-15,1919.8797999999999
1958-07-16,1930.4322999999999
1958-07-17,1961.6984
1958-07-18,1972.2846
1958-07-21,2006.9898000000001
1958-07-22,2007.384
1958-07-23,2001.7562
1958-07-24,2013.9597000000001
1958-07-25,2033.6893
1958-07-28,2045.2741000000001
1958-07-29,2040.7672
1958-07-30,2064.2287000000001
1958-07-31,2061.5378000000001
1958-08-01,2074.3119999999999
1958-08-04,2103.3449999999998
1958-08-05,2089.6657
1958-08-06,2065.6271000000002
1958-08-07,2081.9382000000001
1958-08-08,2095.4632999999999
1958-08-11,2107.1905000000002
1958-08-12,2091.1682999999998
1958-08-13,2099.3164000000002
1958-08-14,2104.7671
1958-08-15,2081.6071000000002
1958-08-18,2065.9877000000001
1958-08-19,2070.732
1958-08-20,2075.6943999999999
1958-08-21,2086.8957
1958-08-22,2095.4445999999998
1958-08-25,2105.0761000000002
1958-08-26,2117.6990999999998
1958-08-27,2125.3152
1958-08-28,2107.4549999999999
1958-08-29,2114.1913
1958-09-02,2129.8287999999998
1958-09-03,2133.6549
1958-09-04,2128.0997000000002
1958-09-05,2128.9434000000001
1958-09-08,2142.9868000000001
1958-09-09,2155.1941999999999
1958-09-10,2143.5484000000001
1958-09-11,2166.2624000000001
1958-09-12,2160.6224000000002
1958-09-15,2190.4312
1958-09-16,2206.8516
1958-09-17,2198.4576999999999
1958-09-18,2186.3584000000001
1958-09-19,2207.3395999999998
1958-09-22,2195.4121
1958-09-23,2212.3089
1958-09-24,2216.2831999999999
1958-09-25,2197.2152000000001
1958-09-26,2202.9200999999998
1958-09-29,2217.8921
1958-09-30,2228.7519000000002
1958-10-01,2217.3773000000001
1958-10-02,2224.4650000000001
1958-10-03,2237.5814
1958-10-06,2252.5652
1958-10-07,2259.9906000000001
1958-10-08,2259.9825000000001
1958-10-09,2269.0144
1958-10-10,2297.3688999999999
1958-10-13,2313.4423000000002
1958-10-14,2285.4414000000002
1958-10-15,2255.2654000000002
1958-10-16,2280.5162999999998
1958-10-17,2307.4182999999998
1958-10-20,2303.9488999999999
1958-10-21,2298.8719999999998
1958-10-22,2294.2660000000001
1958-10-23,2292.6518999999998
1958-10-24,2289.6632
1958-10-27,2265.1556999999998
1958-10-28,2281.0037000000002
1958-10-29,2315.2105999999999
1958-10-30,2312.6556
1958-10-31,2313.1098000000002
1958-11-03,2319.3470000000002
1958-11-05,2352.9692
1958-11-06,2360.0196999999998
1958-11-07,2356.7073
1958-11-10,2380.7372999999998
1958-11-11,2396.4416000000001
1958-11-12,2394.9951999999998
1958-11-13,2384.9277000000002
1958-11-14,2399.9441999999999
1958-11-17,2409.5354000000002
1958-11-18,2403.7438999999999
1958-11-19,2413.1098999999999
1958-11-20,2413.3425999999999
1958-11-21,2393.7858999999999
1958-11-24,2322.4425999999999
1958-11-25,2296.8874000000001
1958-11-26,2341.4387999999999
1958-11-28,2381.2348999999999
1958-12-01,2390.7512999999999
1958-12-02,2382.3751999999999
1958-12-03,2384.7489999999998
1958-12-04,2388.7946000000002
1958-12-05,2385.4418000000001
1958-12-08,2382.8092000000001
1958-12-09,2402.5781000000002
1958-12-10,2439.3289
1958-12-11,2434.4414999999999
1958-12-12,2427.8598999999999
1958-12-15,2431.9785999999999
1958-12-16,2436.8337999999999
1958-12-17,2445.8413999999998
1958-12-18,2461.4861000000001
1958-12-19,2456.5542999999998
1958-12-22,2436.6473999999998
1958-12-23,2416.4146000000001
1958-12-24,2451.9272000000001
1958-12-29,2483.3031000000001
1958-12-30,2502.1673999999998
1958-12-31,2503.9099000000001
1959-01-02,2519.9259999999999
1959-01-05,2523.1929
1959-01-06,2516.1190000000001
1959-01-07,2478.6197999999999
1959-01-08,2499.4313999999999
1959-01-09,2525.1666
1959-01-12,2533.4906000000001
1959-01-13,2528.4146000000001
1959-01-14,2531.4396999999999
1959-01-15,2539.5311999999999
1959-01-16,2546.3789000000002
1959-01-19,2539.4946
1959-01-20,2547.6118999999999
1959-01-21,2556.0099
1959-01-22,2537.8530999999998
1959-01-23,2540.3818999999999
1959-01-26,2531.2274000000002
1959-01-27,2537.7995999999998
1959-01-28,2507.8445000000002
1959-01-29,2515.6098999999999
1959-01-30,2533.2100999999998
1959-02-02,2526.8681000000001
1959-02-03,2526.3537000000001
1959-02-04,2515.4812999999999
1959-02-05,2507.4227999999998
1959-02-06,2481.3366999999998
1959-02-09,2453.7849999999999
1959-02-10,2496.7174
1959-02-11,2497.7071999999998
1959-02-12,2489.2060999999999
1959-02-13,2510.1064999999999
1959-02-16,2517.8789000000002
1959-02-17,2515.1001999999999
1959-02-18,2533.703
1959-02-19,2560.8045999999999
1959-02-20,2599.4636
1959-02-24,2611.9317000000001
1959-02-25,2606.4373000000001
1959-02-26,2607.9919
1959-02-27,2612.9376999999999
1959-03-02,2614.2348999999999
1959-03-03,2627.8195999999998
1959-03-04,2630.9636
1959-03-05,2637.7946999999999
1959-03-06,2632.7734
1959-03-09,2638.0295999999998
1959-03-10,2648.5722999999998
1959-03-11,2654.9194000000002
1959-03-12,2667.1224999999999
1959-03-13,2667.1129999999998
1959-03-16,2631.3642
1959-03-17,2668.7201
1959-03-18,2665.7750000000001
1959-03-19,2654.5691999999999
1959-03-20,2643.4106000000002
1959-03-23,2612.4731999999999
1959-03-24,2620.5626000000002
1959-03-25,2611.1192000000001
1959-03-26,2606.4097999999999
1959-03-30,2588.6768999999999
1959-03-31,2583.2314999999999
1959-04-01,2591.7469000000001
1959-04-02,2620.2469000000001
1959-04-03,2631.5046000000002
1959-04-06,2624.127
1959-04-07,2621.7559000000001
1959-04-08,2605.7538
1959-04-09,2606.2656999999999
1959-04-10,2608.8625999999999
1959-04-13,2618.5061000000001
1959-04-14,2630.0182
1959-04-15,2645.2629000000002
1959-04-16,2648.4277000000002
1959-04-17,2663.7791999999999
1959-04-20,2676.5558000000001
1959-04-21,2694.2114999999999
1959-04-22,2679.9225999999999
1959-04-23,2676.6970999999999
1959-04-24,2700.5101
1959-04-27,2708.3319999999999
1959-04-28,2699.6556
1959-04-29,2683.4479999999999
1959-04-30,2679.9499999999998
1959-05-01,2684.4962999999998
1959-05-04,2686.0974000000001
1959-05-05,2683.9389999999999
1959-05-06,2686.8816999999999
1959-05-07,2641.4638
1959-05-08,2672.8878
1959-05-11,2683.0351999999998
1959-05-12,2687.8551000000002
1959-05-13,2712.3049999999998
1959-05-14,2745.9279000000001
1959-05-15,2730.5409
1959-05-18,2736.2653
1959-05-19,2738.9917999999998
1959-05-20,2727.7521000000002
1959-05-21,2735.3800999999999
1959-05-22,2751.509
1959-05-25,2735.5405000000001
1959-05-26,2734.9836
1959-05-27,2745.6403
1959-05-28,2748.3761
1959-05-29,2753.3134
1959-06-01,2757.9841999999999
1959-06-02,2738.3926000000001
1959-06-03,2747.1457
1959-06-04,2719.1149999999998
1959-06-05,2716.9299999999998
1959-06-08,2678.0682000000002
1959-06-09,2672.1669000000002
1959-06-10,2730.9450000000002
1959-06-11,2741.5859
1959-06-12,2759.9448000000002
1959-06-15,2749.1711
1959-06-16,2740.364
1959-06-17,2766.3876
1959-06-18,2772.1871999999998
1959-06-19,2774.395
1959-06-22,2773.5527999999999
1959-06-23,2771.8788
1959-06-24,2788.2229000000002
1959-06-25,2792.1165000000001
1959-06-26,2801.0412999999999
1959-06-29,2824.8400999999999
1959-06-30,2831.8921999999998
1959-07-01,2868.4133999999999
1959-07-02,2892.7847000000002
1959-07-06,2912.7345999999998
1959-07-07,2908.9376000000002
1959-07-08,2903.1093999999998
1959-07-09,2894.0994000000001
1959-07-10,2900.7455
1959-07-13,2873.4681
1959-07-14,2894.4342000000001
1959-07-15,2901.9493000000002
1959-07-16,2882.2057
1959-07-17,2874.7017000000001
1959-07-20,2861.7552999999998
1959-07-21,2886.9285
1959-07-22,2908.2815000000001
1959-07-23,2908.5619000000002
1959-07-24,2911.7509
1959-07-27,2926.0081
1959-07-28,2928.3384999999998
1959-07-29,2924.5212000000001
1959-07-30,2912.5201999999999
1959-07-31,2912.2184999999999
1959-08-03,2921.8184999999999
1959-08-04,2913.9191000000001
1959-08-05,2894.9681999999998
1959-08-06,2886.8519999999999
1959-08-07,2858.2618000000002
1959-08-10,2789.6532999999999
1959-08-11,2828.6985
1959-08-12,2825.2939999999999
1959-08-13,2818.2206999999999
1959-08-14,2829.7653
1959-08-17,2820.134
1959-08-18,2786.2822999999999
1959-08-19,2772.8982000000001
1959-08-20,2827.5144
1959-08-21,2826.0904999999998
1959-08-24,2807.9935
1959-08-25,2824.2698
1959-08-26,2837.5338000000002
1959-08-27,2862.7777000000001
1959-08-28,2859.9047
1959-08-31,2867.9022
1959-09-01,2830.3225000000002
1959-09-02,2834.2748000000001
1959-09-03,2798.5527999999999
1959-09-04,2816.4535999999998
1959-09-08,2766.3105999999998
1959-09-09,2744.1703000000002
1959-09-10,2728.2442999999998
1959-09-11,2754.1527999999998
1959-09-14,2732.6606000000002
1959-09-15,2726.0925000000002
1959-09-16,2730.4445000000001
1959-09-17,2714.0520999999999
1959-09-18,2689.6158999999998
1959-09-21,2647.6482999999998
1959-09-22,2642.6082999999999
1959-09-23,2682.7665000000002
1959-09-24,2736.4123
1959-09-25,2737.2233999999999
1959-09-28,2760.48
1959-09-29,2764.6109000000001
1959-09-30,2728.9375
1959-10-01,2745.0284999999999
1959-10-02,2752.7048
1959-10-05,2752.9702000000002
1959-10-06,2751.5839000000001
1959-10-07,2754.3256999999999
1959-10-08,2744.1248000000001
1959-10-09,2757.2867999999999
1959-10-12,2769.6848
1959-10-13,2758.8730999999998
1959-10-14,2735.4128000000001
1959-10-15,2749.9007999999999
1959-10-16,2780.4148
1959-10-19,2755.9373000000001
1959-10-20,2731.6752000000001
1959-10-21,2724.8362000000002
1959-10-22,2692.9459000000002
1959-10-23,2736.5619999999999
1959-10-26,2760.9076
1959-10-27,2773.3218999999999
1959-10-28,2772.48
1959-10-29,2775.2424999999998
1959-10-30,2779.6729999999998
1959-11-02,2772.1579999999999
1959-11-04,2774.9202
1959-11-05,2774.9103
1959-11-06,2797.3771999999999
1959-11-09,2796.5279999999998
1959-11-10,2793.1622000000002
1959-11-11,2787.2865000000002
1959-11-12,2777.2424000000001
1959-11-13,2760.569
1959-11-16,2716.6660999999999
1959-11-17,2729.9679999999998
1959-11-18,2770.3618000000001
1959-11-19,2771.183
1959-11-20,2784.7519000000002
1959-11-23,2790.5900000000001
1959-11-24,2807.0445
1959-11-25,2813.4906999999998
1959-11-27,2825.8600000000001
1959-11-30,2856.9342999999999
1959-12-01,2882.6365000000001
1959-12-02,2868.5012999999999
1959-12-03,2879.1044999999999
1959-12-04,2890.8986
1959-12-07,2896.6700999999998
1959-12-08,2915.1984000000002
1959-12-09,2891.8663999999999
1959-12-10,2901.3991999999998
1959-12-11,2890.0734000000002
1959-12-14,2900.7564000000002
1959-12-15,2896.1048000000001
1959-12-16,2898.4113000000002
1959-12-17,2893.7635
1959-12-18,2904.4600999999998
1959-12-21,2905.6115
1959-12-22,2910.8312999999998
1959-12-23,2897.431
1959-12-24,2890.7566000000002
1959-12-28,2884.9648000000002
1959-12-29,2881.7809999999999
1959-12-30,2900.5023000000001
1959-12-31,2901.6520999999998
1960-01-04,2919.0517
1960-01-05,2935.3879000000002
1960-01-06,2921.8746999999998
1960-01-07,2890.8924000000002
1960-01-08,2875.8494000000001
1960-01-11,2844.2048
1960-01-12,2824.5695999999998
1960-01-13,2798.8559
1960-01-14,2821.7966000000001
1960-01-15,2816.7071999999998
1960-01-18,2790.7835
1960-01-19,2765.6565000000001
1960-01-20,2756.7964999999999
1960-01-21,2765.8841000000002
1960-01-22,2771.4059999999999
1960-01-25,2735.6448999999998
1960-01-26,2744.3892000000001
1960-01-27,2732.3040999999998
1960-01-28,2698.6869999999999
1960-01-29,2669.2617
1960-02-01,2677.5268999999998
1960-02-02,2730.5322999999999
1960-02-03,2705.6747
1960-02-04,2697.8186000000001
1960-02-05,2669.2121000000002
1960-02-08,2640.6419999999998
1960-02-09,2668.6233999999999
1960-02-10,2648.0654
1960-02-11,2627.9306999999999
1960-02-12,2639.2213999999999
1960-02-15,2620.2096000000001
1960-02-16,2582.2071999999998
1960-02-17,2609.0529000000001
1960-02-18,2647.6576
1960-02-19,2672.5360999999998
1960-02-23,2662.3708999999999
1960-02-24,2660.7640000000001
1960-02-25,2677.7833999999998
1960-02-26,2710.9783000000002
1960-02-29,2701.2091
1960-03-01,2686.0727000000002
1960-03-02,2656.7849000000001
1960-03-03,2606.5621999999998
1960-03-04,2594.5626999999999
1960-03-07,2558.2296000000001
1960-03-08,2528.8008
1960-03-09,2564.7006999999999
1960-03-10,2547.7645000000002
1960-03-11,2570.6853000000001
1960-03-14,2579.9306000000001
1960-03-15,2605.4627
1960-03-16,2625.7759999999998
1960-03-17,2616.8389999999999
1960-03-18,2615.5212000000001
1960-03-21,2612.1116999999999
1960-03-22,2625.6853999999998
1960-03-23,2636.1786999999999
1960-03-24,2646.9776000000002
1960-03-25,2645.1152999999999
1960-03-28,2632.1448
1960-03-29,2625.5549999999998
1960-03-30,2623.7078000000001
1960-03-31,2604.8076999999998
1960-04-01,2604.2773999999999
1960-04-04,2615.7269999999999
1960-04-05,2629.5810000000001
1960-04-06,2663.2302
1960-04-07,2662.4216999999999
1960-04-08,2659.4836
1960-04-11,2638.7301000000002
1960-04-12,2647.9562000000001
1960-04-13,2647.4171999999999
1960-04-14,2652.7024999999999
1960-04-18,2650.3056000000001
1960-04-19,2631.2139999999999
1960-04-20,2604.6293000000001
1960-04-21,2607.7456000000002
1960-04-22,2599.913
1960-04-25,2575.2046
1960-04-26,2579.8307
1960-04-27,2571.3081000000002
1960-04-28,2546.8715000000002
1960-04-29,2538.203
1960-05-02,2519.1574000000001
1960-05-03,2571.2950000000001
1960-05-04,2583.1138000000001
1960-05-05,2563.4729000000002
1960-05-06,2557.3114
1960-05-09,2563.1840999999999
1960-05-10,2549.8463000000002
1960-05-11,2555.4468999999999
1960-05-12,2588.6586000000002
1960-05-13,2630.5855999999999
1960-05-16,2635.5743000000002
1960-05-17,2658.2309
1960-05-18,2659.0187999999998
1960-05-19,2661.9342999999999
1960-05-20,2651.5432000000001
1960-05-23,2650.2080000000001
1960-05-24,2643.308
1960-05-25,2650.4353999999998
1960-05-26,2655.9919
1960-05-27,2658.6383999999998
1960-05-31,2650.9189000000001
1960-06-01,2655.9461000000001
1960-06-02,2676.3874000000001
1960-06-03,2676.3779
1960-06-06,2711.6965
1960-06-07,2753.1758
1960-06-08,2787.8560000000002
1960-06-09,2787.846
1960-06-10,2783.0967000000001
1960-06-13,2773.0675999999999
1960-06-14,2779.1585
1960-06-15,2764.4189999999999
1960-06-16,2765.5149000000001
1960-06-17,2770.7595000000001
1960-06-20,2741.9337
1960-06-21,2721.9078
1960-06-22,2735.7797999999998
1960-06-23,2744.2509
1960-06-24,2749.1808000000001
1960-06-27,2720.0297
1960-06-28,2695.2676999999999
1960-06-29,2702.8047999999999
1960-06-30,2701.7139999999999
1960-07-01,2706.5675000000001
1960-07-05,2692.2130000000002
1960-07-06,2683.5882999999999
1960-07-07,2698.6068
1960-07-08,2712.3600999999999
1960-07-11,2687.1253999999999
1960-07-12,2657.8262
1960-07-13,2645.0590999999999
1960-07-14,2640.8175999999999
1960-07-15,2639.7518
1960-07-18,2615.7206000000001
1960-07-19,2618.0654
1960-07-20,2616.4852000000001
1960-07-21,2589.7878000000001
1960-07-22,2566.4704000000002
1960-07-25,2528.2208000000001
1960-07-26,2552.9884000000002
1960-07-27,2526.6835000000001
1960-07-28,2555.4785999999999
1960-07-29,2614.5011
1960-08-01,2616.0603999999998
1960-08-02,2588.5825
1960-08-03,2574.8537000000001
1960-08-04,2586.1738999999998
1960-08-05,2624.9573
1960-08-08,2621.7979
1960-08-09,2628.0808999999999
1960-08-10,2644.1028000000001
1960-08-11,2659.4292
1960-08-12,2681.7588999999998
1960-08-15,2672.3631
1960-08-16,2678.2328000000002
1960-08-17,2686.5257000000001
1960-08-18,2687.3220999999999
1960-08-19,2696.7181
1960-08-22,2697.2478000000001
1960-08-23,2727.4474
1960-08-24,2731.8015999999998
1960-08-25,2721.6840999999999
1960-08-26,2714.598
1960-08-29,2699.3865999999998
1960-08-30,2663.4751000000001
1960-08-31,2662.4002
1960-09-01,2662.1244999999999
1960-09-02,2659.9852999999998
1960-09-06,2632.5779000000002
1960-09-07,2589.6574999999998
1960-09-08,2591.7199999999998
1960-09-09,2609.8526999999999
1960-09-12,2585.8328000000001
1960-09-13,2586.3407000000002
1960-09-14,2558.9162999999999
1960-09-15,2544.5772000000002
1960-09-16,2533.3719999999998
1960-09-19,2462.1752000000001
1960-09-20,2477.9243000000001
1960-09-21,2510.1284999999998
1960-09-22,2494.8076999999998
1960-09-23,2464.8611000000001
1960-09-26,2423.6891000000001
1960-09-27,2421.9839000000002
1960-09-28,2399.6930000000002
1960-09-29,2412.4027999999998
1960-09-30,2464.9845
1960-10-03,2455.6088
1960-10-04,2428.3427999999999
1960-10-05,2443.6327000000001
1960-10-06,2454.1316000000002
1960-10-07,2463.2031000000002
1960-10-10,2457.2826
1960-10-11,2463.1713
1960-10-12,2454.5414000000001
1960-10-13,2478.0962
1960-10-14,2496.4252999999999
1960-10-17,2487.4292
1960-10-18,2466.0284999999999
1960-10-19,2457.3886000000002
1960-10-20,2442.6354999999999
1960-10-21,2410.8724999999999
1960-10-24,2369.3969000000002
1960-10-25,2349.9593
1960-10-26,2391.5452
1960-10-27,2426.4531999999999
1960-10-28,2414.7975999999999
1960-10-31,2417.4452999999999
1960-11-01,2446.4459999999999
1960-11-02,2460.3820000000001
1960-11-03,2474.1513
1960-11-04,2504.0796999999998
1960-11-07,2513.3359
1960-11-09,2537.9576000000002
1960-11-10,2586.6772999999998
1960-11-11,2565.7159999999999
1960-11-14,2550.5691000000002
1960-11-15,2562.0374999999999
1960-11-16,2555.8795
1960-11-17,2542.3242
1960-11-18,2551.2132999999999
1960-11-21,2564.9807000000001
1960-11-22,2545.9906999999998
1960-11-23,2556.6747999999998
1960-11-25,2569.7046999999998
1960-11-28,2567.3827999999999
1960-11-29,2552.4828000000002
1960-11-30,2539.2006999999999
1960-12-01,2523.9564999999998
1960-12-02,2534.2957000000001
1960-12-05,2520.8548999999998
1960-12-06,2529.4168
1960-12-07,2568.6136999999999
1960-12-08,2576.8240999999998
1960-12-09,2613.9211
1960-12-12,2628.2883999999999
1960-12-13,2629.3303000000001
1960-12-14,2630.1097
1960-12-15,2626.6812
1960-12-16,2656.8786
1960-12-19,2652.8838000000001
1960-12-20,2652.6091000000001
1960-12-21,2649.4164999999998
1960-12-22,2643.3132999999998
1960-12-23,2637.2242999999999
1960-12-27,2631.6767
1960-12-28,2634.299
1960-12-29,2645.0902000000001
1960-12-30,2640.8485999999998
1961-01-03,2626.3145
1961-01-04,2689.3366999999998
1961-01-05,2704.1183999999998
1961-01-06,2701.1342
1961-01-09,2719.2222000000002
1961-01-10,2729.8173999999999
1961-01-11,2730.6266000000001
1961-01-12,2731.4360999999999
1961-01-13,2736.3429000000001
1961-01-16,2730.0394999999999
1961-01-17,2717.7446
1961-01-18,2741.1075000000001
1961-01-19,2748.4987000000001
1961-01-20,2761.6817000000001
1961-01-23,2771.8899999999999
1961-01-24,2767.7222999999999
1961-01-25,2762.4537
1961-01-26,2757.4715000000001
1961-01-27,2776.7638999999999
1961-01-30,2805.9099999999999
1961-01-31,2805.9000000000001
1961-02-01,2825.5313000000001
1961-02-02,2851.5160999999998
1961-02-03,2838.6741000000002
1961-02-06,2820.4964
1961-02-07,2819.3580999999999
1961-02-08,2845.2862
1961-02-09,2828.4888000000001
1961-02-10,2802.7395000000001
1961-02-13,2789.5565999999999
1961-02-14,2822.7422999999999
1961-02-15,2854.9115000000002
1961-02-16,2871.7453
1961-02-17,2865.9915999999998
1961-02-20,2881.7442999999998
1961-02-21,2892.3964000000001
1961-02-23,2898.1709000000001
1961-02-24,2910.9124999999999
1961-02-27,2948.7440000000001
1961-02-28,2967.0156000000002
1961-03-01,2963.7413000000001
1961-03-02,2982.6986999999999
1961-03-03,2983.8811000000001
1961-03-06,2987.1527000000001
1961-03-07,2958.4654
1961-03-08,2960.2298999999998
1961-03-09,2961.1073999999999
1961-03-10,2953.9902000000002
1961-03-13,2954.8658
1961-03-14,2948.0590999999999
1961-03-15,2967.5057000000002
1961-03-16,3006.6662000000001
1961-03-17,3026.8000999999999
1961-03-20,3034.9616999999998
1961-03-21,3020.9899999999998
1961-03-22,3004.6659
1961-03-23,2988.1295
1961-03-24,2982.4414000000002
1961-03-27,2976.4657999999999
1961-03-28,2978.8364000000001
1961-03-29,3001.7628
1961-03-30,3010.1570000000002
1961-04-03,3014.6615000000002
1961-04-04,3005.0038
1961-04-05,2985.7611000000002
1961-04-06,2988.4376000000002
1961-04-07,3002.4726000000001
1961-04-10,3016.2732000000001
1961-04-11,3025.3112999999998
1961-04-12,3020.7624999999998
1961-04-13,3022.5641999999998
1961-04-14,3023.1579000000002
1961-04-17,3034.6351
1961-04-18,3010.0437000000002
1961-04-19,2992.2737000000002
1961-04-20,2990.1684
1961-04-21,2994.643
1961-04-24,2930.5468999999998
1961-04-25,2978.8905
1961-04-26,2979.7734999999998
1961-04-27,2977.6770000000001
1961-04-28,2970.52
1961-05-01,2969.0241000000001
1961-05-02,2991.875
1961-05-03,3016.0985000000001
1961-05-04,3029.9618
1961-05-05,3026.9209999999998
1961-05-08,3027.8182000000002
1961-05-09,3028.7157999999999
1961-05-10,3032.3393999999998
1961-05-11,3042.3353000000002
1961-05-12,3047.4964
1961-05-15,3080.7031999999999
1961-05-16,3105.6459
1961-05-17,3124.2687000000001
1961-05-18,3095.5142999999998
1961-05-19,3118.4099999999999
1961-05-22,3103.1187
1961-05-23,3104.6592000000001
1961-05-24,3093.1608000000001
1961-05-25,3076.1374000000001
1961-05-26,3090.5843
1961-05-31,3086.2464
1961-06-01,3082.5319
1961-06-02,3089.6107000000002
1961-06-05,3100.4133000000002
1961-06-06,3084.2800999999999
1961-06-07,3067.614
1961-06-08,3070.0571
1961-06-09,3075.5722000000001
1961-06-12,3053.7247000000002
1961-06-13,3039.3613
1961-06-14,3046.0369999999998
1961-06-15,3028.3591000000001
1961-06-16,2995.6419999999998
1961-06-19,2963.8775000000001
1961-06-20,2997.9515000000001
1961-06-21,3001.5383999999999
1961-06-22,2978.7159999999999
1961-06-23,2988.8330000000001
1961-06-26,2946.0819999999999
1961-06-27,2943.4200000000001
1961-06-28,2947.5302000000001
1961-06-29,2944.2773999999999
1961-06-30,2952.2165
1961-07-03,2976.7093
1961-07-05,2994.5589
1961-07-06,2995.1471999999999
1961-07-07,2979.8611999999998
1961-07-10,2984.0223999999998
1961-07-11,2980.4308999999998
1961-07-12,2958.067
1961-07-13,2945.3368
1961-07-14,2954.4567999999999
1961-07-17,2928.7424999999998
1961-07-18,2904.7163
1961-07-19,2917.7772
1961-07-20,2915.1406999999999
1961-07-21,2920.0861
1961-07-24,2922.7037
1961-07-25,2944.029
1961-07-26,2975.5196000000001
1961-07-27,3007.3471
1961-07-28,3007.0356000000002
1961-07-31,3006.7240999999999
1961-08-01,3026.5578
1961-08-02,3018.3753000000002
1961-08-03,3037.0783999999999
1961-08-04,3057.7197000000001
1961-08-07,3066.8818999999999
1961-08-08,3080.3652999999999
1961-08-09,3070.8051
1961-08-10,3084.3056999999999
1961-08-11,3087.3789999999999
1961-08-14,3069.7698999999998
1961-08-15,3053.4892
1961-08-16,3065.9976000000001
1961-08-17,3074.2647999999999
1961-08-18,3077.9429
1961-08-21,3074.8539999999998
1961-08-22,3079.4553000000001
1961-08-23,3052.9609999999998
1961-08-24,3039.8224
1961-08-25,3046.8031000000001
1961-08-28,3053.7999
1961-08-29,3053.4836
1961-08-30,3058.0529000000001
1961-08-31,3058.3478
1961-09-01,3061.0893999999998
1961-09-05,3045.7730000000001
1961-09-06,3065.8642
1961-09-07,3061.2545
1961-09-08,3034.6106
1961-09-11,3004.2537000000002
1961-09-12,3032.7833999999998
1961-09-13,3028.5266000000001
1961-09-14,2997.0191
1961-09-15,2998.5068999999999
1961-09-18,2967.3117999999999
1961-09-19,2942.3757000000001
1961-09-20,2954.4290000000001
1961-09-21,2949.3959
1961-09-22,2934.0484999999999
1961-09-25,2880.6383000000001
1961-09-26,2877.7474000000002
1961-09-27,2901.9101999999998
1961-09-28,2906.8330999999998
1961-09-29,2916.4153000000001
1961-10-02,2912.9052000000001
1961-10-03,2907.6514999999999
1961-10-04,2934.1008000000002
1961-10-05,2964.0180999999998
1961-10-06,2969.3427999999999
1961-10-09,2964.5812000000001
1961-10-10,2969.9069
1961-10-11,2951.7797999999998
1961-10-12,2949.9982
1961-10-13,2941.1377000000002
1961-10-16,2932.8919999999998
1961-10-17,2939.0405999999998
1961-10-18,2947.2593999999999
1961-10-19,2940.7649000000001
1961-10-20,2929.2854000000002
1961-10-23,2903.7901999999999
1961-10-24,2891.2935000000002
1961-10-25,2897.9331999999999
1961-10-26,2907.4859999999999
1961-10-27,2921.1408000000001
1961-10-30,2921.1304
1961-10-31,2925.7937000000002
1961-11-01,2931.9274999999998
1961-11-02,2938.0740000000001
1961-11-03,2951.8724999999999
1961-11-06,2971.9346999999998
1961-11-08,3008.7761
1961-11-09,3009.9688000000001
1961-11-10,3015.9780000000001
1961-11-13,3021.9992000000002
1961-11-14,3028.3346000000001
1961-11-15,3026.5068000000001
1961-11-16,3024.3773999999999
1961-11-17,3021.6446999999998
1961-11-20,3024.9576999999999
1961-11-21,3017.6869999999999
1961-11-22,3015.8656000000001
1961-11-24,3027.9182999999998
1961-11-27,3029.4214000000002
1961-11-28,3020.6253000000002
1961-11-29,3020.0104000000001
1961-11-30,3010.0336000000002
1961-12-01,3036.2100999999998
1961-12-04,3064.1324
1961-12-05,3061.3636999999999
1961-12-06,3058.9036999999998
1961-12-07,3042.3746999999998
1961-12-08,3041.4511000000002
1961-12-11,3049.9562999999998
1961-12-12,3056.9603000000002
1961-12-13,3049.9184
1961-12-14,3030.0830000000001
1961-12-15,3037.9504000000002
1961-12-18,3038.8510000000001
1961-12-19,3019.3915000000002
1961-12-20,3013.3418999999999
1961-12-21,3003.6884
1961-12-22,3006.9818
1961-12-26,3011.1808000000001
1961-12-27,3039.174
1961-12-28,3031.2613000000001
1961-12-29,3027.3099000000002
1962-01-02,3023.9690000000001
1962-01-03,3036.0540999999998
1962-01-04,3012.0583999999999
1962-01-05,2981.3247000000001
1962-01-08,2968.1961999999999
1962-01-09,2960.1714999999999
1962-01-10,2948.0241999999998
1962-01-11,2960.1006000000002
1962-01-12,2961.5700000000002
1962-01-15,2952.6747999999998
1962-01-16,2935.2433999999998
1962-01-17,2914.6862000000001
1962-01-18,2916.1332000000002
1962-01-19,2931.8699000000001
1962-01-22,2929.5138999999999
1962-01-23,2909.5828000000001
1962-01-24,2915.6824999999999
1962-01-25,2917.1298999999999
1962-01-26,2915.3692000000001
1962-01-29,2906.0295999999998
1962-01-30,2922.0023999999999
1962-01-31,2936.0176000000001
1962-02-01,2935.7134999999998
1962-02-02,2948.6201000000001
1962-02-05,2953.9171000000001
1962-02-06,2971.9254999999998
1962-02-07,2996.5817999999999
1962-02-08,3001.9650000000001
1962-02-09,2996.2505000000001
1962-02-12,2989.0488
1962-02-13,2989.0382
1962-02-14,2974.9789999999998
1962-02-15,2978.5383999999999
1962-02-16,2976.4427000000001
1962-02-19,2972.2651000000001
1962-02-20,2994.8436999999999
1962-02-21,2975.067
1962-02-23,2963.4535999999998
1962-02-26,2951.8856000000001
1962-02-27,2950.3991000000001
1962-02-28,2960.1248999999998
1962-03-01,2974.0268999999998
1962-03-02,2976.3955000000001
1962-03-05,2967.1579999999999
1962-03-06,2957.9493000000002
1962-03-07,2953.2060000000001
1962-03-08,2983.9088000000002
1962-03-09,2988.9708000000001
1962-03-12,2999.4214999999999
1962-03-13,3017.1073000000001
1962-03-14,3030.0700999999999
1962-03-15,3025.5142000000001
1962-03-16,3019.4524000000001
1962-03-19,3011.5909999999999
1962-03-20,3002.2442999999998
1962-03-21,2996.5293000000001
1962-03-22,2991.4245000000001
1962-03-23,2993.8069999999998
1962-03-26,2980.3242
1962-03-27,2973.7568000000001
1962-03-28,2996.3467000000001
1962-03-29,2993.9389999999999
1962-03-30,2964.8870999999999
1962-04-02,2951.8310000000001
1962-04-03,2929.9769000000001
1962-04-04,2913.8515000000002
1962-04-05,2930.4501
1962-04-06,2923.9926
1962-04-09,2889.1867000000002
1962-04-10,2899.8663999999999
1962-04-11,2902.7559000000001
1962-04-12,2868.2026999999998
1962-04-13,2872.7815999999998
1962-04-16,2846.6289999999999
1962-04-17,2861.7060000000001
1962-04-18,2870.567
1962-04-19,2873.7143999999998
1962-04-23,2856.7492000000002
1962-04-24,2856.1677
1962-04-25,2811.8869
1962-04-26,2776.4470999999999
1962-04-27,2763.9431
1962-04-30,2716.3933999999999
1962-05-01,2749.5237000000002
1962-05-02,2754.7379999999998
1962-05-03,2776.4906000000001
1962-05-04,2750.1039999999998
1962-05-07,2741.5689000000002
1962-05-08,2713.5951
1962-05-09,2676.4092000000001
1962-05-10,2649.9031
1962-05-11,2616.7698999999998
1962-05-14,2655.2271000000001
1962-05-15,2697.7012
1962-05-16,2685.2822000000001
1962-05-17,2657.8827000000001
1962-05-18,2652.5574000000001
1962-05-21,2642.7334999999998
1962-05-22,2579.2984999999999
1962-05-23,2523.3184999999999
1962-05-24,2504.1322
1962-05-25,2460.0506
1962-05-28,2309.9787000000001
1962-05-29,2437.0192999999999
1962-05-31,2480.8769000000002
1962-06-01,2467.7194
1962-06-04,2379.8598000000002
1962-06-05,2387.2287999999999
1962-06-06,2418.4929999999999
1962-06-07,2413.4054999999998
1962-06-08,2417.0169999999998
1962-06-11,2386.3123000000001
1962-06-12,2326.6460000000002
1962-06-13,2288.7132999999999
1962-06-14,2240.8710000000001
1962-06-15,2303.1592000000001
1962-06-18,2293.0171
1962-06-19,2285.9005999999999
1962-06-20,2243.1460999999999
1962-06-21,2191.0971
1962-06-22,2141.7896000000001
1962-06-25,2134.4998000000001
1962-06-26,2128.3022000000001
1962-06-27,2131.4870000000001
1962-06-28,2210.9839000000002
1962-06-29,2238.8344000000002
1962-07-02,2280.9164999999998
1962-07-03,2308.2793000000001
1962-07-05,2324.1981999999998
1962-07-06,2291.6511
1962-07-09,2309.7469999999998
1962-07-10,2336.3008
1962-07-11,2350.5439000000001
1962-07-12,2361.8181
1962-07-13,2354.2519000000002
1962-07-16,2347.4160999999999
1962-07-17,2302.5720999999999
1962-07-18,2272.4002
1962-07-19,2279.4364999999998
1962-07-20,2299.9432999999999
1962-07-23,2293.4951999999998
1962-07-24,2265.9650999999999
1962-07-25,2270.7154999999998
1962-07-26,2288.4189999999999
1962-07-27,2305.8027999999999
1962-07-30,2332.7725
1962-07-31,2345.8276999999998
1962-08-01,2323.0648000000001
1962-08-02,2336.7624999999998
1962-08-03,2343.2970999999998
1962-08-06,2324.0736999999999
1962-08-07,2308.7265000000002
1962-08-08,2327.1880999999998
1962-08-09,2326.7143999999998
1962-08-10,2324.8447000000001
1962-08-13,2329.951
1962-08-14,2349.5142999999998
1962-08-15,2380.2846
1962-08-16,2381.7042000000001
1962-08-17,2392.1752000000001
1962-08-20,2410.1080000000002
1962-08-21,2391.5414999999998
1962-08-22,2424.058
1962-08-23,2421.1404000000002
1962-08-24,2417.7422000000001
1962-08-27,2418.2170999999998
1962-08-28,2385.8044
1962-08-29,2378.3998999999999
1962-08-30,2366.2615000000001
1962-08-31,2390.8622
1962-09-04,2365.9886999999999
1962-09-05,2342.7935000000002
1962-09-06,2346.2993999999999
1962-09-07,2345.1178
1962-09-10,2345.8130000000001
1962-09-11,2354.7186999999999
1962-09-12,2360.1262000000002
1962-09-13,2350.9132
1962-09-14,2360.5436
1962-09-17,2366.9086000000002
1962-09-18,2357.6691999999998
1962-09-19,2347.0513000000001
1962-09-20,2326.6235999999999
1962-09-21,2291.9486000000002
1962-09-24,2249.0808999999999
1962-09-25,2267.7402999999999
1962-09-26,2228.7269999999999
1962-09-27,2208.4376999999999
1962-09-28,2221.0178999999998
1962-10-01,2190.1378
1962-10-02,2214.6595000000002
1962-10-03,2211.7725
1962-10-04,2226.5835000000002
1962-10-05,2244.3881999999999
1962-10-08,2246.1756999999998
1962-10-09,2254.2539000000002
1962-10-10,2254.9222
1962-10-11,2244.9924999999998
1962-10-12,2243.1884
1962-10-15,2252.1532000000002
1962-10-16,2240.2087000000001
1962-10-17,2225.1913
1962-10-18,2198.2586000000001
1962-10-19,2166.3760000000002
1962-10-22,2149.0372000000002
1962-10-23,2123.6709000000001
1962-10-24,2187.7982000000002
1962-10-25,2170.5068000000001
1962-10-26,2150.7474000000002
1962-10-29,2185.5817999999999
1962-10-30,2217.4834999999998
1962-10-31,2217.0320999999999
1962-11-01,2252.9400999999998
1962-11-02,2285.3744000000002
1962-11-05,2312.3337000000001
1962-11-07,2331.2865000000002
1962-11-08,2308.1985
1962-11-09,2345.5830000000001
1962-11-12,2389.9061999999999
1962-11-13,2386.0738000000001
1962-11-14,2419.7089000000001
1962-11-15,2413.4090000000001
1962-11-16,2419.4339
1962-11-19,2406.8442
1962-11-20,2433.3108999999999
1962-11-21,2457.8787000000002
1962-11-23,2494.7381
1962-11-26,2480.0102000000002
1962-11-27,2515.9614999999999
1962-11-28,2541.8669
1962-11-29,2541.0953
1962-11-30,2524.3150000000001
1962-12-03,2511.1795000000002
1962-12-04,2538.2912999999999
1962-12-05,2549.7044999999998
1962-12-06,2537.4569000000001
1962-12-07,2526.2829999999999
1962-12-10,2485.6008000000002
1962-12-11,2488.0774999999999
1962-12-12,2495.0353
1962-12-13,2475.3155999999999
1962-12-14,2481.2474999999999
1962-12-17,2461.6368000000002
1962-12-18,2443.4119000000001
1962-12-19,2461.7287000000001
1962-12-20,2469.3512999999998
1962-12-21,2461.9344000000001
1962-12-24,2464.1414
1962-12-26,2476.2069000000001
1962-12-27,2470.2550999999999
1962-12-28,2472.4695000000002
1962-12-31,2480.3726000000001
1963-01-02,2474.6588999999999
1963-01-03,2532.5571
1963-01-04,2558.6334000000002
1963-01-07,2562.4621999999999
1963-01-08,2586.0277000000001
1963-01-09,2576.7087000000001
1963-01-10,2584.4297000000001
1963-01-11,2595.5335
1963-01-14,2618.3649
1963-01-15,2613.1188000000002
1963-01-16,2588.2849000000001
1963-01-17,2615.4526000000001
1963-01-18,2611.7815999999998
1963-01-21,2614.3841000000002
1963-01-22,2622.2179000000001
1963-01-23,2634.7952
1963-01-24,2627.1448999999998
1963-01-25,2633.1779000000001
1963-01-28,2645.2811000000002
1963-01-29,2641.0392000000002
1963-01-30,2619.3733000000002
1963-01-31,2632.4607999999998
1963-02-01,2635.3471
1963-02-04,2623.2150999999999
1963-02-05,2621.8941
1963-02-06,2628.1772999999998
1963-02-07,2613.9758000000002
1963-02-08,2613.7049999999999
1963-02-11,2599.8431
1963-02-12,2607.8933000000002
1963-02-13,2638.6570999999999
1963-02-14,2658.1736999999998
1963-02-15,2657.8984
1963-02-18,2671.4441999999999
1963-02-19,2659.4132
1963-02-20,2642.1174999999998
1963-02-21,2644.7501999999999
1963-02-25,2628.0787999999998
1963-02-26,2634.114
1963-02-27,2612.5048999999999
1963-02-28,2585.848
1963-03-01,2568.5136000000002
1963-03-04,2595.9875000000002
1963-03-05,2588.4499000000001
1963-03-06,2591.5468000000001
1963-03-07,2606.0502000000001
1963-03-08,2607.3438999999998
1963-03-11,2612.8099999999999
1963-03-12,2616.1972999999998
1963-03-13,2618.5425
1963-03-14,2610.1538999999998
1963-03-15,2614.0598
1963-03-18,2601.2415000000001
1963-03-19,2594.9893000000002
1963-03-20,2614.9614000000001
1963-03-21,2606.8456999999999
1963-03-22,2611.7894000000001
1963-03-25,2613.6082999999999
1963-03-26,2626.4056999999998
1963-03-27,2652.6603
1963-03-28,2647.8761
1963-03-29,2644.6891999999998
1963-04-01,2658.1676000000002
1963-04-02,2652.576
1963-04-03,2670.6039999999998
1963-04-04,2694.0958000000001
1963-04-05,2716.4472000000001
1963-04-08,2729.7480999999998
1963-04-09,2727.0086000000001
1963-04-10,2720.4540000000002
1963-04-11,2748.4650000000001
1963-04-15,2754.5018
1963-04-16,2762.7555000000002
1963-04-17,2749.2080999999998
1963-04-18,2746.7240000000002
1963-04-19,2766.2159000000001
1963-04-22,2759.8436999999999
1963-04-23,2768.3894
1963-04-24,2776.4078
1963-04-25,2781.1178
1963-04-26,2775.2674999999999
1963-04-29,2758.0509999999999
1963-04-30,2762.4540000000002
1963-05-01,2765.4828000000002
1963-05-02,2768.7914999999998
1963-05-03,2767.951
1963-05-06,2752.9942000000001
1963-05-07,2752.7089999999998
1963-05-08,2773.3445000000002
1963-05-09,2787.2013999999999
1963-05-10,2804.1932999999999
1963-05-13,2808.9504000000002
1963-05-14,2801.3562000000002
1963-05-15,2814.2325000000001
1963-05-16,2805.7797
1963-05-17,2810.8200999999999
1963-05-20,2799.2856999999999
1963-05-21,2810.7528000000002
1963-05-22,2812.4292
1963-05-23,2809.0441999999998
1963-05-24,2800.3262
1963-05-27,2793.8753999999999
1963-05-28,2801.6882999999998
1963-05-29,2821.8503999999998
1963-05-31,2842.7221
1963-06-03,2841.8591000000001
1963-06-04,2843.5540999999998
1963-06-05,2837.8568
1963-06-06,2836.9953
1963-06-07,2822.2328000000002
1963-06-10,2806.7004000000002
1963-06-11,2806.1291000000001
1963-06-12,2819.5884999999998
1963-06-13,2809.4279000000001
1963-06-14,2809.9796999999999
1963-06-17,2800.9778000000001
1963-06-18,2802.3681999999999
1963-06-19,2805.7211000000002
1963-06-20,2807.9555999999998
1963-06-21,2824.5124999999998
1963-06-24,2817.4412000000002
1963-06-25,2803.9074000000001
1963-06-26,2769.4092999999998
1963-06-27,2756.3832000000002
1963-06-28,2767.1233000000002
1963-07-01,2742.7627000000002
1963-07-02,2763.3236000000002
1963-07-03,2778.2357000000002
1963-07-05,2788.7831000000001
1963-07-08,2771.7615000000001
1963-07-09,2787.2734999999998
1963-07-10,2781.1315
1963-07-11,2774.4468999999999
1963-07-12,2769.9978999999998
1963-07-15,2747.5509999999999
1963-07-16,2746.1673999999998
1963-07-17,2741.7637
1963-07-18,2729.4160000000002
1963-07-19,2722.0367999999999
1963-07-22,2699.7064
1963-07-23,2694.8373000000001
1963-07-24,2702.6426999999999
1963-07-25,2703.4438
1963-07-26,2707.4893000000002
1963-07-29,2712.8946999999998
1963-07-30,2732.4178000000002
1963-07-31,2725.0304999999998
1963-08-01,2716.5731999999998
1963-08-02,2726.6147999999998
1963-08-05,2744.3281000000002
1963-08-06,2758.8631999999998
1963-08-07,2756.6462999999999
1963-08-08,2755.2581
1963-08-09,2776.1882000000001
1963-08-12,2790.3368999999998
1963-08-13,2795.3494999999998
1963-08-14,2813.7887999999998
1963-08-15,2828.1291000000001
1963-08-16,2835.4721
1963-08-19,2835.1785
1963-08-20,2833.4672
1963-08-21,2832.8904000000002
1963-08-22,2856.9598999999998
1963-08-23,2872.3771999999999
1963-08-26,2886.7289000000001
1963-08-27,2868.5322000000001
1963-08-28,2888.0279
1963-08-29,2898.9920999999999
1963-08-30,2909.1282999999999
1963-09-03,2918.1361999999999
1963-09-04,2923.3784000000001
1963-09-05,2942.0776000000001
1963-09-06,2931.7698
1963-09-09,2921.4980999999998
1963-09-10,2942.5225
1963-09-11,2949.2797999999998
1963-09-12,2949.2692000000002
1963-09-13,2956.0419999999999
1963-09-16,2951.0061999999998
1963-09-17,2948.9299000000001
1963-09-18,2932.9951999999998
1963-09-19,2957.6219000000001
1963-09-20,2962.9349999999999
1963-09-23,2940.1098999999999
1963-09-24,2947.1556
1963-09-25,2919.4418000000001
1963-09-26,2896.0758999999998
1963-09-27,2896.3551000000002
1963-09-30,2884.4697000000001
1963-10-01,2902.6316000000002
1963-10-02,2902.9115000000002
1963-10-03,2942.0904
1963-10-04,2940.0205000000001
1963-10-07,2935.3058999999998
1963-10-08,2932.6536999999998
1963-10-09,2914.4607000000001
1963-10-10,2919.9877999999999
1963-10-11,2926.6932999999999
1963-10-14,2931.3656000000001
1963-10-15,2928.1306
1963-10-16,2954.1804999999999
1963-10-17,2964.5095999999999
1963-10-18,2967.4634999999998
1963-10-21,2971.9041000000002
1963-10-22,2945.7408
1963-10-23,2958.3969000000002
1963-10-24,2969.3323999999998
1963-10-25,2969.6188000000002
1963-10-28,2964.8568
1963-10-29,2971.9618
1963-10-30,2952.9306999999999
1963-10-31,2954.6918999999998
1963-11-01,2956.7496000000001
1963-11-04,2941.9553000000001
1963-11-06,2923.1163000000001
1963-11-07,2934.7982999999999
1963-11-08,2955.9184
1963-11-11,2965.3667999999998
1963-11-12,2959.1289000000002
1963-11-13,2956.7510000000002
1963-11-14,2951.7139999999999
1963-11-15,2933.9931999999999
1963-11-18,2915.7919000000002
1963-11-19,2908.2004000000002
1963-11-20,2911.6799000000001
1963-11-21,2867.7031000000002
1963-11-22,2770.4778000000001
1963-11-26,2893.4771000000001
1963-11-27,2891.7307000000001
1963-11-29,2942.6147999999998
1963-12-02,2949.9607999999998
1963-12-03,2942.8703999999998
1963-12-04,2950.2170000000001
1963-12-05,2965.2525999999998
1963-12-06,2959.6080000000002
1963-12-09,2951.3105999999998
1963-12-10,2950.7098000000001
1963-12-11,2951.5844000000002
1963-12-12,2950.3933000000002
1963-12-13,2954.8083000000001
1963-12-16,2958.9344999999998
1963-12-17,2972.2390999999998
1963-12-18,2982.6314000000002
1963-12-19,2966.2161999999998
1963-12-20,2958.4935
1963-12-23,2938.0693000000001
1963-12-24,2941.8782999999999
1963-12-26,2960.6958
1963-12-27,2966.3105999999998
1963-12-30,2958.8842
1963-12-31,2971.0050999999999
1964-01-02,3002.4870999999998
1964-01-03,3016.2878000000001
1964-01-06,3027.4373000000001
1964-01-07,3039.2334999999998
1964-01-08,3051.0756999999999
1964-01-09,3055.0311999999999
1964-01-10,3047.6882000000001
1964-01-13,3054.9917
1964-01-14,3069.6448
1964-01-15,3072.3964999999998
1964-01-16,3065.0118000000002
1964-01-17,3060.4032999999999
1964-01-20,3042.0300000000002
1964-01-21,3045.6695
1964-01-22,3051.1408999999999
1964-01-23,3055.4016000000001
1964-01-24,3057.2239
1964-01-27,3051.4043000000001
1964-01-28,3052.3087999999998
1964-01-29,3034.2892999999999
1964-01-30,3037.9196000000002
1964-01-31,3042.4656
1964-02-03,3041.8462
1964-02-04,3035.4475000000002
1964-02-05,3029.3658
1964-02-06,3039.3517999999999
1964-02-07,3046.6354000000001
1964-02-10,3043.2732999999998
1964-02-11,3060.0003999999999
1964-02-12,3064.2734999999998
1964-02-13,3066.1010999999999
1964-02-14,3075.2883999999999
1964-02-17,3088.5012000000002
1964-02-18,3090.9609999999998
1964-02-19,3097.75
1964-02-20,3106.1028999999999
1964-02-24,3109.8191000000002
1964-02-25,3112.9178000000002
1964-02-26,3134.0745999999999
1964-02-27,3128.1086
1964-02-28,3137.4818
1964-03-02,3161.6291999999999
1964-03-03,3170.7865999999999
1964-03-04,3166.3362000000002
1964-03-05,3174.5574000000001
1964-03-06,3193.2759000000001
1964-03-09,3202.8443000000002
1964-03-10,3214.0428999999999
1964-03-11,3222.7093
1964-03-12,3228.8209000000002
1964-03-13,3243.9848999999999
1964-03-16,3244.9465
1964-03-17,3249.4778000000001
1964-03-18,3263.114
1964-03-19,3259.1866
1964-03-20,3250.7011000000002
1964-03-23,3246.4636
1964-03-24,3246.7766000000001
1964-03-25,3264.6223
1964-03-26,3281.2602000000002
1964-03-30,3275.6703000000002
1964-03-31,3268.1246000000001
1964-04-01,3285.7608
1964-04-02,3306.7779
1964-04-03,3309.7422000000001
1964-04-06,3312.7091999999998
1964-04-07,3287.8519999999999
1964-04-08,3291.7856999999999
1964-04-09,3284.5320000000002
1964-04-10,3290.1039999999998
1964-04-13,3288.1181999999999
1964-04-14,3291.7233999999999
1964-04-15,3297.3074999999999
1964-04-16,3296.9659999999999
1964-04-17,3302.5590999999999
1964-04-20,3296.6026999999999
1964-04-21,3297.5799000000002
1964-04-22,3295.2597999999998
1964-04-23,3282.3964999999998
1964-04-24,3247.5913999999998
1964-04-27,3223.8724000000002
1964-04-28,3245.4607999999998
1964-04-29,3219.1610000000001
1964-04-30,3209.1700999999998
1964-05-01,3230.3391999999999
1964-05-04,3236.7883000000002
1964-05-05,3242.6030000000001
1964-05-06,3243.5641999999998
1964-05-07,3265.2845000000002
1964-05-08,3260.7013999999999
1964-05-11,3258.7332999999999
1964-05-12,3274.6895
1964-05-13,3271.7305999999999
1964-05-14,3273.3548000000001
1964-05-15,3279.8897999999999
1964-05-18,3274.9582
1964-05-19,3252.6768000000002
1964-05-20,3260.1464000000001
1964-05-21,3261.4387999999999
1964-05-22,3263.0578
1964-05-25,3263.3724999999999
1964-05-26,3259.4448000000002
1964-05-27,3252.5882999999999
1964-05-28,3259.0819000000001
1964-06-01,3246.3598000000002
1964-06-02,3228.1686
1964-06-03,3221.0551
1964-06-04,3192.0540999999998
1964-06-05,3204.8108999999999
1964-06-08,3185.8910999999998
1964-06-09,3212.0039999999999
1964-06-10,3219.0590000000002
1964-06-11,3230.3141999999998
1964-06-12,3225.4571999999998
1964-06-15,3242.2179999999998
1964-06-16,3261.0113000000001
1964-06-17,3280.2395999999999
1964-06-18,3283.5082000000002
1964-06-19,3287.4366
1964-06-22,3297.616
1964-06-23,3280.4566
1964-06-24,3299.7995999999998
1964-06-25,3302.0976000000001
1964-06-26,3311.9920999999999
1964-06-29,3308.0059000000001
1964-06-30,3303.6936999999998
1964-07-01,3335.067
1964-07-02,3345.7273
1964-07-06,3354.0796999999998
1964-07-07,3359.0988000000002
1964-07-08,3367.4845
1964-07-09,3375.2177000000001
1964-07-10,3380.2685000000001
1964-07-13,3376.2001
1964-07-14,3365.3842
1964-07-15,3372.4395
1964-07-16,3375.7999
1964-07-17,3384.5648999999999
1964-07-20,3375.076
1964-07-21,3362.9137000000001
1964-07-22,3362.2291
1964-07-23,3365.9155999999998
1964-07-24,3354.4594000000002
1964-07-27,3337.3397
1964-07-28,3325.9807999999998
1964-07-29,3330.9578999999999
1964-07-30,3336.6087000000002
1964-07-31,3335.5958000000001
1964-08-03,3338.2523000000001
1964-08-04,3292.8402000000001
1964-08-05,3309.2926000000002
1964-08-06,3277.5115999999998
1964-08-07,3295.5261999999998
1964-08-10,3295.5144
1964-08-11,3304.0709999999999
1964-08-12,3330.4917999999998
1964-08-13,3333.1442999999999
1964-08-14,3330.4657999999999
1964-08-17,3327.4564999999998
1964-08-18,3335.7633000000001
1964-08-19,3322.4083000000001
1964-08-20,3304.7876999999999
1964-08-21,3310.7244999999998
1964-08-24,3309.0572999999999
1964-08-25,3288.8602000000001
1964-08-26,3280.6264000000001
1964-08-27,3303.9070999999999
1964-08-28,3313.8069999999998
1964-08-31,3307.4989
1964-09-01,3341.8851
1964-09-02,3354.9065000000001
1964-09-03,3364.2883000000002
1964-09-04,3379.752
1964-09-08,3383.4576999999999
1964-09-09,3393.2575999999999
1964-09-10,3404.4432000000002
1964-09-11,3416.3465999999999
1964-09-14,3411.5515
1964-09-15,3406.7631999999999
1964-09-16,3424.4661999999998
1964-09-17,3456.3015
1964-09-18,3445.5745999999999
1964-09-21,3472.7822999999999
1964-09-22,3474.1590000000001
1964-09-23,3466.1561000000002
1964-09-24,3466.8368999999998
1964-09-25,3469.9447
1964-09-28,3475.4841999999999
1964-09-29,3472.3438999999998
1964-09-30,3467.8173999999999
1964-10-01,3453.2402000000002
1964-10-02,3462.8969000000002
1964-10-05,3482.2768000000001
1964-10-06,3474.6034
1964-10-07,3468.3366999999998
1964-10-08,3481.1570999999999
1964-10-09,3491.5882000000001
1964-10-12,3491.9247999999998
1964-10-13,3482.8334
1964-10-14,3484.2141000000001
1964-10-15,3447.9657999999999
1964-10-16,3482.0882999999999
1964-10-19,3488.6918999999998
1964-10-20,3506.1228999999998
1964-10-21,3502.2536
1964-10-22,3493.4854999999998
1964-10-23,3498.0145000000002
1964-10-26,3491.7055999999998
1964-10-27,3487.5030999999999
1964-10-28,3466.9144000000001
1964-10-29,3466.5553
1964-10-30,3473.8227000000002
1964-11-02,3493.6111000000001
1964-11-04,3487.6594
1964-11-05,3473.6963999999998
1964-11-06,3476.4629
1964-11-09,3468.8022999999998
1964-11-10,3449.0176999999999
1964-11-11,3460.0421999999999
1964-11-12,3466.9499999999998
1964-11-13,3469.7111
1964-11-16,3480.8018000000002
1964-11-17,3492.2759999999998
1964-11-18,3500.9942999999998
1964-11-19,3491.8791999999999
1964-11-20,3488.3748000000001
1964-11-23,3479.2926000000002
1964-11-24,3475.105
1964-11-25,3464.3198000000002
1964-11-27,3463.9609999999998
1964-11-30,3418.9171000000001
1964-12-01,3383.6900999999998
1964-12-02,3390.4452999999999
1964-12-03,3401.6217000000001
1964-12-04,3403.6505000000002
1964-12-07,3395.4695999999999
1964-12-08,3375.0846999999999
1964-12-09,3345.7094000000002
1964-12-10,3345.0282999999999
1964-12-11,3360.069
1964-12-14,3344.6007
1964-12-15,3326.5279
1964-12-16,3344.1466
1964-12-17,3369.2157000000002
1964-12-18,3391.1035999999999
1964-12-21,3390.4133000000002
1964-12-22,3384.2984000000001
1964-12-23,3372.4413
1964-12-24,3379.1741000000002
1964-12-28,3365.9832999999999
1964-12-29,3350.8243000000002
1964-12-30,3363.8806
1964-12-31,3372.6147000000001
1965-01-04,3365.1828999999998
1965-01-05,3383.3427999999999
1965-01-06,3401.2624999999998
1965-01-07,3414.1750999999999
1965-01-08,3419.9670000000001
1965-01-11,3427.8207000000002
1965-01-12,3440.4913999999999
1965-01-13,3453.2089999999998
1965-01-14,3453.1966000000002
1965-01-15,3478.3926000000001
1965-01-18,3492.9895000000001
1965-01-19,3505.2024000000001
1965-01-20,3500.9837000000002
1965-01-21,3495.0194999999999
1965-01-22,3512.8316
1965-01-25,3518.0882999999999
1965-01-26,3519.8348000000001
1965-01-27,3533.1976
1965-01-28,3548.0243999999998
1965-01-29,3557.5913999999998
1965-02-01,3557.5787
1965-02-02,3566.4598999999998
1965-02-03,3581.0697
1965-02-04,3586.7865999999999
1965-02-05,3578.8829000000001
1965-02-08,3566.3440000000001
1965-02-09,3587.7293
1965-02-10,3561.8849
1965-02-11,3524.8285000000001
1965-02-12,3558.6543000000001
1965-02-15,3561.4884999999999
1965-02-16,3551.8598000000002
1965-02-17,3563.2130000000002
1965-02-18,3578.8784999999998
1965-02-19,3593.1812
1965-02-23,3633.7712999999999
1965-02-24,3665.3721
1965-02-25,3672.3233
1965-02-26,3677.0841999999998
1965-03-01,3671.5554000000002
1965-03-02,3686.2285000000002
1965-03-03,3695.4308999999998
1965-03-04,3685.8096
1965-03-05,3678.0562
1965-03-08,3696.0655999999999
1965-03-09,3691.9866999999999
1965-03-10,3693.4503
1965-03-11,3711.1657
1965-03-12,3721.9148
1965-03-15,3729.7175000000002
1965-03-16,3730.4502000000002
1965-03-17,3714.3959
1965-03-18,3705.0965999999999
1965-03-19,3702.1192999999998
1965-03-22,3692.8508000000002
1965-03-23,3694.3148000000001
1965-03-24,3703.1678999999999
1965-03-25,3695.3780999999999
1965-03-26,3657.3024999999998
1965-03-29,3650.7062999999998
1965-03-30,3663.4706999999999
1965-03-31,3670.0518000000002
1965-04-01,3680.3148999999999
1965-04-02,3686.9263000000001
1965-04-05,3684.3323
1965-04-06,3686.8982000000001
1965-04-07,3694.9962
1965-04-08,3718.2615000000001
1965-04-09,3739.8141000000001
1965-04-12,3763.3616000000002
1965-04-13,3772.3802000000001
1965-04-14,3788.9652000000001
1965-04-15,3795.3928999999998
1965-04-19,3800.3134
1965-04-20,3808.6605
1965-04-21,3794.9357
1965-04-22,3812.7583
1965-04-23,3821.8953000000001
1965-04-26,3839.0801999999999
1965-04-27,3857.4940999999999
1965-04-28,3857.0945999999999
1965-04-29,3848.5952000000002
1965-04-30,3853.9695000000002
1965-05-03,3853.9557
1965-05-04,3868.2015999999999
1965-05-05,3882.1133
1965-05-06,3884.0405000000001
1965-05-07,3887.5221999999999
1965-05-10,3885.9533999999999
1965-05-11,3883.9965000000002
1965-05-12,3899.5185999999999
1965-05-13,3903.4041999999999
1965-05-14,3896.3640999999998
1965-05-17,3879.9854999999998
1965-05-18,3887.3436000000002
1965-05-19,3892.3833
1965-05-20,3872.5182
1965-05-21,3850.8182999999999
1965-05-24,3813.4515999999999
1965-05-25,3848.1404000000002
1965-05-26,3834.2732999999998
1965-05-27,3801.6682999999998
1965-05-28,3822.5639000000001
1965-06-01,3796.9391000000001
1965-06-02,3755.1592000000001
1965-06-03,3735.2433999999998
1965-06-04,3744.5682000000002
1965-06-07,3723.9596999999999
1965-06-08,3681.4933000000001
1965-06-09,3647.2422000000001
1965-06-10,3626.0752000000002
1965-06-11,3646.0057000000002
1965-06-14,3586.1981999999998
1965-06-15,3611.6473999999998
1965-06-16,3647.0286000000001
1965-06-17,3671.4506999999999
1965-06-18,3650.5102999999999
1965-06-21,3630.0544
1965-06-22,3647.1026999999999
1965-06-23,3615.3598999999999
1965-06-24,3552.8011999999999
1965-06-25,3524.0108
1965-06-28,3461.9757
1965-06-29,3496.5830999999998
1965-06-30,3575.5933
1965-07-01,3594.5311999999999
1965-07-02,3627.2285999999999
1965-07-06,3617.4220999999998
1965-07-07,3605.8335000000002
1965-07-08,3640.076
1965-07-09,3654.9872999999998
1965-07-12,3657.8982999999998
1965-07-13,3649.8377999999998
1965-07-14,3676.4686000000002
1965-07-15,3670.2055
1965-07-16,3671.6605
1965-07-19,3665.4054999999998
1965-07-20,3610.7779
1965-07-21,3595.2386000000001
1965-07-22,3592.3496
1965-07-23,3601.3177000000001
1965-07-26,3603.1055000000001
1965-07-27,3590.8420000000001
1965-07-28,3612.7332999999999
1965-07-29,3654.2669000000001
1965-07-30,3677.2757000000001
1965-08-02,3681.3076000000001
1965-08-03,3686.4483
1965-08-04,3699.3377
1965-08-05,3699.3244
1965-08-06,3709.6693
1965-08-09,3714.4787000000001
1965-08-10,3717.8083999999999
1965-08-11,3736.0124000000001
1965-08-12,3742.7239
1965-08-13,3762.9212000000002
1965-08-16,3787.7431000000001
1965-08-17,3795.3049999999998
1965-08-18,3796.4301
1965-08-19,3773.6379000000002
1965-08-20,3776.2660000000001
1965-08-23,3780.4063999999998
1965-08-24,3801.1851000000001
1965-08-25,3825.8793000000001
1965-08-26,3835.4303
1965-08-27,3841.5533
1965-08-30,3841.1554000000001
1965-08-31,3836.9164000000001
1965-09-01,3836.5189999999998
1965-09-02,3866.4301999999998
1965-09-03,3892.3215
1965-09-07,3900.8706999999999
1965-09-08,3912.5592999999999
1965-09-09,3928.9780999999998
1965-09-10,3936.4290999999998
1965-09-13,3937.596
1965-09-14,3913.1689000000001
1965-09-15,3924.8944000000001
1965-09-16,3961.3818999999999
1965-09-17,3966.9137000000001
1965-09-20,3964.9160000000002
1965-09-21,3952.6106
1965-09-22,3980.6601000000001
1965-09-23,3963.1309000000001
1965-09-24,3988.8771000000002
1965-09-27,4021.5717
1965-09-28,4015.9270999999999
1965-09-29,3993.8252000000002
1965-09-30,3992.6127999999999
1965-10-01,3988.6059
1965-10-04,4008.5347000000002
1965-10-05,4034.1750000000002
1965-10-06,4032.9503
1965-10-07,4036.1623
1965-10-08,4060.7685000000001
1965-10-11,4100.1433999999999
1965-10-12,4097.2587000000003
1965-10-13,4114.8621999999996
1965-10-14,4118.5509000000002
1965-10-15,4122.2429000000002
1965-10-18,4148.1983
1965-10-19,4158.5540000000001
1965-10-20,4157.2915999999996
1965-10-21,4159.3554000000004
1965-10-22,4160.1724000000004
1965-10-25,4132.7003999999997
1965-10-26,4149.2164000000002
1965-10-27,4181.5654999999997
1965-10-28,4178.6234999999997
1965-10-29,4195.7408999999998
1965-11-01,4197.4041999999999
1965-11-03,4197.3891999999996
1965-11-04,4210.3861999999999
1965-11-05,4209.9501
1965-11-08,4188.4642999999996
1965-11-09,4185.0986000000003
1965-11-10,4183.4096
1965-11-11,4195.1081999999997
1965-11-12,4207.259
1965-11-15,4226.1767
1965-11-16,4244.3341
1965-11-17,4246.4411
1965-11-18,4226.4677000000001
1965-11-19,4240.8226000000004
1965-11-22,4219.1792999999998
1965-11-23,4240.2601000000004
1965-11-24,4262.7183000000005
1965-11-26,4284.0167000000001
1965-11-29,4306.2782999999999
1965-11-30,4301.9566000000004
1965-12-01,4307.1036000000004
1965-12-02,4294.5976000000001
1965-12-03,4299.3063000000002
1965-12-06,4258.0176000000001
1965-12-07,4306.9696000000004
1965-12-08,4312.5532999999996
1965-12-09,4328.4943999999996
1965-12-10,4350.1214
1965-12-13,4377.5115999999998
1965-12-14,4391.9417000000003
1965-12-15,4416.0816999999997
1965-12-16,4437.2632000000003
1965-12-17,4451.0028000000002
1965-12-20,4415.3788999999997
1965-12-21,4443.1800000000003
1965-12-22,4450.7175999999999
1965-12-23,4441.3552
1965-12-27,4411.5821999999998
1965-12-28,4406.2726000000002
1965-12-29,4423.8819000000003
1965-12-30,4436.6953999999996
1965-12-31,4458.8630000000003
1966-01-03,4459.7389000000003
1966-01-04,4474.8860000000004
1966-01-05,4540.2034000000003
1966-01-06,4568.3364000000001
1966-01-07,4559.1835000000001
1966-01-10,4559.1671999999999
1966-01-11,4560.5186000000003
1966-01-12,4565.9750000000004
1966-01-13,4591.9847
1966-01-14,4607.5811000000003
1966-01-17,4620.0051000000003
1966-01-18,4639.3926000000001
1966-01-19,4631.0250999999998
1966-01-20,4622.6728000000003
1966-01-21,4624.9675999999999
1966-01-24,4637.9009999999998
1966-01-25,4649.4791999999998
1966-01-26,4661.0862999999999
1966-01-27,4661.5357000000004
1966-01-28,4655.9251999999997
1966-01-31,4641.4751999999999
1966-02-01,4586.2250999999997
1966-02-02,4612.3501999999999
1966-02-03,4605.8764000000001
1966-02-04,4630.2710999999999
1966-02-07,4652.4799000000003
1966-02-08,4646.4151000000002
1966-02-09,4690.0748000000003
1966-02-10,4694.7480999999998
1966-02-11,4692.3838999999998
1966-02-14,4698.9364999999998
1966-02-15,4684.8229000000001
1966-02-16,4697.4552000000003
1966-02-17,4682.4066000000003
1966-02-18,4687.0722999999998
1966-02-21,4661.2766000000001
1966-02-23,4630.9616999999998
1966-02-24,4601.3069999999998
1966-02-25,4613.7141000000001
1966-02-28,4629.3842000000004
1966-03-01,4566.4080999999996
1966-03-02,4508.3984
1966-03-03,4539.4902000000002
1966-03-04,4517.2304999999997
1966-03-07,4446.2938999999997
1966-03-08,4453.8366999999998
1966-03-09,4501.0315000000001
1966-03-10,4502.8158000000003
1966-03-11,4509.5538999999999
1966-03-14,4450.4627
1966-03-15,4403.7169000000004
1966-03-16,4440.2520000000004
1966-03-17,4461.9934000000003
1966-03-18,4495.4423999999999
1966-03-21,4544.4267
1966-03-22,4572.1315000000004
1966-03-23,4561.1419999999998
1966-03-24,4581.1948000000002
1966-03-25,4609.5817999999999
1966-03-28,4626.6207999999997
1966-03-29,4600.2325000000001
1966-03-30,4551.9137000000001
1966-03-31,4573.2914000000001
1966-04-01,4607.5748000000003
1966-04-04,4649.0264999999999
1966-04-05,4676.4390999999996
1966-04-06,4693.2575999999999
1966-04-07,4726.0936000000002
1966-04-11,4758.6868000000004
1966-04-12,4749.1523999999999
1966-04-13,4762.9080000000004
1966-04-14,4788.1343999999999
1966-04-15,4799.1300000000001
1966-04-18,4775.5972000000002
1966-04-19,4783.2210999999998
1966-04-20,4808.0766999999996
1966-04-21,4829.2151000000003
1966-04-22,4818.0906999999997
1966-04-25,4832.0459000000001
1966-04-26,4823.8141999999998
1966-04-27,4795.3364000000001
1966-04-28,4753.5999000000002
1966-04-29,4754.0582999999997
1966-05-02,4746.9102000000003
1966-05-03,4679.4871000000003
1966-05-04,4648.1178
1966-05-05,4533.2927
1966-05-06,4526.4766
1966-05-09,4427.3306000000002
1966-05-10,4475.5726999999997
1966-05-11,4485.4030000000002
1966-05-12,4406.4439000000002
1966-05-13,4353.5508
1966-05-16,4266.4642000000003
1966-05-17,4206.2919000000002
1966-05-18,4328.6799000000001
1966-05-19,4317.4098999999997
1966-05-20,4365.7494999999999
1966-05-23,4427.2909
1966-05-24,4463.5789000000004
1966-05-25,4492.1298999999999
1966-05-26,4491.6646000000001
1966-05-27,4522.1918999999998
1966-05-31,4452.9862000000003
1966-06-01,4453.4156000000003
1966-06-02,4461.8612000000003
1966-06-03,4490.4012000000002
1966-06-06,4453.1148000000003
1966-06-07,4414.3567999999996
1966-06-08,4439.9443000000001
1966-06-09,4508.7475999999997
1966-06-10,4588.9871999999996
1966-06-13,4606.4089000000004
1966-06-14,4620.6724000000004
1966-06-15,4618.3455000000004
1966-06-16,4617.8671999999997
1966-06-17,4610.4620999999997
1966-06-20,4604.4521000000004
1966-06-21,4640.8108000000002
1966-06-22,4674.6720999999998
1966-06-23,4625.5713999999998
1966-06-24,4617.2287999999999
1966-06-27,4565.0375999999997
1966-06-28,4523.4795000000004
1966-06-29,4461.9440000000004
1966-06-30,4443.6341000000002
1966-07-01,4498.2749000000003
1966-07-05,4497.8091000000004
1966-07-06,4573.3562000000002
1966-07-07,4588.8892999999998
1966-07-08,4597.1328999999996
1966-07-11,4580.5667999999996
1966-07-12,4565.4345000000003
1966-07-13,4544.4171999999999
1966-07-14,4581.2107999999998
1966-07-15,4594.9381000000003
1966-07-18,4594.4621999999999
1966-07-19,4552.1767
1966-07-20,4498.4448000000002
1966-07-21,4497.0792000000001
1966-07-22,4504.2583999999997
1966-07-25,4385.7803000000004
1966-07-26,4373.9231
1966-07-27,4393.5901000000003
1966-07-28,4369.8490000000002
1966-07-29,4355.8499000000002
1966-08-01,4273.9444000000003
1966-08-02,4281.6221999999998
1966-08-03,4336.4116999999997
1966-08-04,4381.4948999999997
1966-08-05,4388.0514999999996
1966-08-08,4377.9432999999999
1966-08-09,4377.4898000000003
1966-08-10,4343.7674999999999
1966-08-11,4346.3582999999999
1966-08-12,4367.6399000000001
1966-08-15,4354.9582
1966-08-16,4297.8927000000003
1966-08-17,4260.0559000000003
1966-08-18,4186.3416999999999
1966-08-19,4143.6260000000002
1966-08-22,4068.1972000000001
1966-08-23,4091.7782999999999
1966-08-24,4136.3639999999996
1966-08-25,4078.0264999999999
1966-08-26,3973.6145000000001
1966-08-29,3861.1469999999999
1966-08-30,3926.3865999999998
1966-08-31,4004.9002999999998
1966-09-01,3996.4757
1966-09-02,3982.0740999999998
1966-09-06,3938.2570999999998
1966-09-07,3885.4704000000002
1966-09-08,3892.8389000000002
1966-09-09,3911.8998999999999
1966-09-12,4016.3337000000001
1966-09-13,4030.3764999999999
1966-09-14,4076.3083999999999
1966-09-15,4109.7195000000002
1966-09-16,4110.9377999999997
1966-09-19,4099.0014000000001
1966-09-20,4083.4105
1966-09-21,4001.7276999999999
1966-09-22,4001.7134999999998
1966-09-23,3989.694
1966-09-26,4023.5922
1966-09-27,4019.5542
1966-09-28,3961.6583000000001
1966-09-29,3889.1457999999998
1966-09-30,3890.6875
1966-10-03,3797.2970999999998
1966-10-04,3792.7267999999999
1966-10-05,3738.098
1966-10-06,3679.3964999999998
1966-10-07,3619.0412999999999
1966-10-10,3695.3901000000001
1966-10-11,3707.2022000000002
1966-10-12,3810.6199000000001
1966-10-13,3817.0843
1966-10-14,3808.2914000000001
1966-10-17,3837.2208000000001
1966-10-18,3908.1957000000002
1966-10-19,3885.9050000000002
1966-10-20,3854.0266999999999
1966-10-21,3860.9502000000002
1966-10-24,3852.4423000000002
1966-10-25,3872.8465000000001
1966-10-26,3936.3474000000001
1966-10-27,3981.6012999999998
1966-10-28,3994.7264
1966-10-31,3991.9158000000002
1966-11-01,4042.1997000000001
1966-11-02,4051.8865000000001
1966-11-03,4048.2253000000001
1966-11-04,4073.3099000000002
1966-11-07,4068.4074000000001
1966-11-09,4114.3657999999996
1966-11-10,4135.3343999999997
1966-11-11,4137.3873000000003
1966-11-14,4127.4427999999998
1966-11-15,4148.4780000000001
1966-11-16,4205.2974000000004
1966-11-17,4182.1531999999997
1966-11-18,4149.0992999999999
1966-11-21,4083.5286999999998
1966-11-22,4070.0383999999999
1966-11-23,4107.8752999999997
1966-11-25,4150.5825000000004
1966-11-28,4152.643
1966-11-29,4128.9580999999998
1966-11-30,4140.5043999999998
1966-12-01,4124.3415999999997
1966-12-02,4109.0667999999996
1966-12-05,4113.9831000000004
1966-12-06,4145.2345999999998
1966-12-07,4213.2016999999996
1966-12-08,4245.6283000000003
1966-12-09,4266.8413
1966-12-12,4317.6013999999996
1966-12-13,4308.0873000000001
1966-12-14,4323.5810000000001
1966-12-15,4282.0591999999997
1966-12-16,4271.7669999999998
1966-12-19,4255.9462000000003
1966-12-20,4232.9489000000003
1966-12-21,4270.607
1966-12-22,4296.6423999999997
1966-12-23,4299.2051000000001
1966-12-27,4280.2731999999996
1966-12-28,4244.7317000000003
1966-12-29,4215.8522999999996
1966-12-30,4204.4544999999998
1967-01-03,4214.5300999999999
1967-01-04,4242.7524000000003
1967-01-05,4316.5612000000001
1967-01-06,4360.143
1967-01-09,4404.6009000000004
1967-01-10,4409.8707000000004
1967-01-11,4478.2079999999996
1967-01-12,4505.9569000000001
1967-01-13,4534.3283000000001
1967-01-16,4521.616
1967-01-17,4576.7635
1967-01-18,4595.9696000000004
1967-01-19,4592.7359999999999
1967-01-20,4609.7127
1967-01-23,4623.0644000000002
1967-01-24,4634.1432999999997
1967-01-25,4606.7852999999996
1967-01-26,4614.6004000000003
1967-01-27,4644.5788000000002
1967-01-30,4694.2592000000004
1967-01-31,4687.6705000000002
1967-02-01,4684.3724000000002
1967-02-02,4700.2825000000003
1967-02-03,4751.9687999999996
1967-02-06,4745.2991000000002
1967-02-07,4731.9952999999996
1967-02-08,4772.6736000000001
1967-02-09,4751.6567999999997
1967-02-10,4768.7457000000004
1967-02-13,4763.96
1967-02-14,4807.7713999999996
1967-02-15,4798.6194999999998
1967-02-16,4764.0523000000003
1967-02-17,4759.2712000000001
1967-02-20,4746.4041999999999
1967-02-21,4740.2169000000004
1967-02-23,4765.3230999999996
1967-02-24,4780.5550999999996
1967-02-27,4733.6886000000004
1967-02-28,4760.1804000000002
1967-03-01,4797.2928000000002
1967-03-02,4817.9040000000005
1967-03-03,4841.4944999999998
1967-03-06,4830.3418000000001
1967-03-07,4839.9852000000001
1967-03-08,4855.9399000000003
1967-03-09,4874.3751000000002
1967-03-10,4936.2623000000003
1967-03-13,4902.6779999999999
1967-03-14,4895.3064999999997
1967-03-15,4943.7525999999998
1967-03-16,4998.6106
1967-03-17,5008.5898999999999
1967-03-20,5041.6287000000002
1967-03-21,5024.4691999999995
1967-03-22,5052.0857999999998
1967-03-23,5081.8751000000002
1967-03-27,5082.8733000000002
1967-03-28,5103.6949999999997
1967-03-29,5087.8553000000002
1967-03-30,5078.6790000000001
1967-03-31,5046.6651000000002
1967-04-03,4965.9004999999997
1967-04-04,4956.4475000000002
1967-04-05,4986.6642000000002
1967-04-06,5000.6090000000004
1967-04-07,4951.0851000000002
1967-04-10,4872.8402999999998
1967-04-11,4917.1656999999996
1967-04-12,4912.2309999999998
1967-04-13,4942.6692999999996
1967-04-14,5016.2974000000004
1967-04-17,5053.9017000000003
1967-04-18,5128.1760000000004
1967-04-19,5122.5167000000001
1967-04-20,5140.4272000000001
1967-04-21,5159.9425000000001
1967-04-24,5166.6319999999996
1967-04-25,5190.8967000000002
1967-04-26,5170.6337000000003
1967-04-27,5201.6390000000001
1967-04-28,5213.5842000000002
1967-05-01,5218.2578000000003
1967-05-02,5228.6756999999998
1967-05-03,5248.5259999999998
1967-05-04,5282.6226999999999
1967-05-05,5289.4712
1967-05-08,5297.3864999999996
1967-05-09,5236.4476999999997
1967-05-10,5219.1486999999997
1967-05-11,5255.1422000000002
1967-05-12,5267.2102000000004
1967-05-15,5225.5805
1967-05-16,5237.0581000000002
1967-05-17,5220.8045000000002
1967-05-18,5216.0870999999997
1967-05-19,5195.2040999999999
1967-05-22,5194.1464999999998
1967-05-23,5179.5843999999997
1967-05-24,5114.3031000000001
1967-05-25,5169.5192999999999
1967-05-26,5163.8144000000002
1967-05-29,5146.7554
1967-05-31,5038.6550999999999
1967-06-01,5110.6899000000003
1967-06-02,5095.8505999999998
1967-06-05,5002.0688
1967-06-06,5106.0940000000001
1967-06-07,5165.817
1967-06-08,5210.7412000000004
1967-06-09,5245.6345000000001
1967-06-12,5277.6142
1967-06-13,5313.4831000000004
1967-06-14,5316.1208999999999
1967-06-15,5340.0244000000002
1967-06-16,5333.5973000000004
1967-06-19,5334.6450000000004
1967-06-20,5321.8227999999999
1967-06-21,5289.8729000000003
1967-06-22,5278.7452000000003
1967-06-23,5277.1427999999996
1967-06-26,5244.9332999999997
1967-06-27,5211.3469999999998
1967-06-28,5205.0748000000003
1967-06-29,5175.9078
1967-06-30,5172.2662
1967-07-03,5202.2467999999999
1967-07-05,5241.7653
1967-07-06,5248.0366999999997
1967-07-07,5293.6759000000002
1967-07-10,5355.0636000000004
1967-07-11,5363.6126000000004
1967-07-12,5356.0843999999997
1967-07-13,5351.7803999999996
1967-07-14,5390.2941000000001
1967-07-17,5389.7358000000004
1967-07-18,5425.2888000000003
1967-07-19,5420.3867
1967-07-20,5397.0596999999998
1967-07-21,5377.0712999999996
1967-07-24,5356.6192000000001
1967-07-25,5359.8140999999996
1967-07-26,5386.058
1967-07-27,5405.4286000000002
1967-07-28,5413.5173999999997
1967-07-31,5425.9492
1967-08-01,5456.8576999999996
1967-08-02,5485.7596000000003
1967-08-03,5477.5113000000001
1967-08-04,5492.8288000000002
1967-08-07,5484.0207
1967-08-08,5505.3887999999997
1967-08-09,5509.7734
1967-08-10,5504.2439000000004
1967-08-11,5491.0141000000003
1967-08-14,5472.3249999999998
1967-08-15,5478.8723
1967-08-16,5464.6076999999996
1967-08-17,5483.7142999999996
1967-08-18,5488.6300000000001
1967-08-21,5450.7389000000003
1967-08-22,5410.3838999999998
1967-08-23,5398.4618
1967-08-24,5353.6352999999999
1967-08-25,5325.2419
1967-08-28,5332.6782000000003
1967-08-29,5339.5915999999997
1967-08-30,5357.7272000000003
1967-08-31,5396.8194000000003
1967-09-01,5422.7048999999997
1967-09-05,5440.0382
1967-09-06,5456.3388999999997
1967-09-07,5444.3154000000004
1967-09-08,5442.6626999999999
1967-09-11,5446.4530999999997
1967-09-12,5478.0231000000003
1967-09-13,5510.8716999999997
1967-09-14,5524.0780999999997
1967-09-15,5522.9535999999998
1967-09-18,5537.2934999999998
1967-09-19,5512.9096
1967-09-20,5533.2876999999999
1967-09-21,5544.8878999999997
1967-09-22,5570.3744999999999
1967-09-25,5587.6228000000001
1967-09-26,5535.6379999999999
1967-09-27,5540.0466999999999
1967-09-28,5527.2848000000004
1967-09-29,5542.7415000000001
1967-10-02,5508.9108999999999
1967-10-03,5534.2322999999997
1967-10-04,5524.2509
1967-10-05,5540.2515000000003
1967-10-06,5565.1628000000001
1967-10-09,5582.3949000000002
1967-10-10,5533.8082000000004
1967-10-11,5508.8863000000001
1967-10-12,5463.6936999999998
1967-10-13,5459.3032999999996
1967-10-16,5398.6854999999996
1967-10-17,5399.7460000000001
1967-10-18,5401.3465999999999
1967-10-19,5398.0865000000003
1967-10-20,5381.3330999999998
1967-10-23,5359.2505000000001
1967-10-24,5311.5339999999997
1967-10-25,5320.5446000000002
1967-10-26,5340.2115999999996
1967-10-27,5331.6481999999996
1967-10-30,5324.1648999999998
1967-10-31,5289.5388000000003
1967-11-01,5219.6980000000003
1967-11-02,5191.4930000000004
1967-11-03,5150.4616999999998
1967-11-06,5139.1121999999996
1967-11-08,5116.9957000000004
1967-11-09,5152.2847000000002
1967-11-10,5181.1190999999999
1967-11-13,5169.1840000000002
1967-11-14,5113.8553000000002
1967-11-15,5149.1225999999997
1967-11-16,5206.7744000000002
1967-11-17,5237.4758000000002
1967-11-20,5158.3711999999996
1967-11-21,5268.2260999999999
1967-11-22,5314.0407999999998
1967-11-24,5327.3068999999996
1967-11-27,5352.3262999999997
1967-11-28,5394.5905000000002
1967-11-29,5392.9529000000002
1967-11-30,5363.2723999999998
1967-12-01,5384.7062999999998
1967-12-04,5444.4573
1967-12-05,5444.9822999999997
1967-12-06,5481.9888000000001
1967-12-07,5480.3245999999999
1967-12-08,5479.2088999999996
1967-12-11,5475.9018999999998
1967-12-12,5470.9539999999997
1967-12-13,5492.8182999999999
1967-12-14,5501.5871999999999
1967-12-15,5466.9075000000003
1967-12-18,5457.0474999999997
1967-12-19,5458.6652000000004
1967-12-20,5481.5721000000003
1967-12-21,5495.2564000000002
1967-12-22,5499.6329999999998
1967-12-26,5521.6118999999999
1967-12-27,5566.3172000000004
1967-12-28,5581.3263999999999
1967-12-29,5615.3526000000002
1968-01-02,5602.4171999999999
1968-01-03,5537.9694
1968-01-04,5494.7534999999998
1968-01-05,5517.2623000000003
1968-01-08,5547.5875999999998
1968-01-09,5530.9250000000002
1968-01-10,5536.9892
1968-01-11,5561.8859000000002
1968-01-12,5571.3212999999996
1968-01-15,5564.6157999999996
1968-01-16,5540.1116000000002
1968-01-17,5519.0393999999997
1968-01-18,5511.8449000000001
1968-01-19,5484.8172000000004
1968-01-22,5413.4949999999999
1968-01-23,5366.3782000000001
1968-01-24,5344.8936000000003
1968-01-25,5344.8744999999999
1968-01-26,5367.8383999999996
1968-01-29,5358.6939000000002
1968-01-30,5325.4507999999996
1968-01-31,5270.5797000000002
1968-02-01,5286.8995999999997
1968-02-02,5278.4216999999999
1968-02-05,5254.6499999999996
1968-02-06,5267.7677999999996
1968-02-07,5270.3828999999996
1968-02-08,5167.0645999999997
1968-02-09,5115.8922000000002
1968-02-13,5044.7629999999999
1968-02-14,5101.2462999999998
1968-02-15,5122.1432000000004
1968-02-16,5097.0263999999997
1968-02-19,5108.2217000000001
1968-02-20,5128.1255000000001
1968-02-21,5135.2866000000004
1968-02-23,5138.3494000000001
1968-02-26,5088.4889999999996
1968-02-27,5110.3513999999996
1968-02-28,5070.4723999999997
1968-02-29,5027.3553000000002
1968-03-01,5004.7142000000003
1968-03-04,4933.6293999999998
1968-03-05,4911.4103999999998
1968-03-06,4998.3248999999996
1968-03-07,4996.8074999999999
1968-03-08,4985.2969999999996
1968-03-11,5059.5600999999997
1968-03-12,5078.7683999999999
1968-03-13,5080.2739000000001
1968-03-14,4967.9817000000003
1968-03-15,5001.7461999999996
1968-03-18,5048.7448000000004
1968-03-19,5016.4147999999996
1968-03-20,5004.3575000000001
1968-03-21,4959.3004000000001
1968-03-22,4954.3234000000002
1968-03-25,4954.8010999999997
1968-03-26,5006.8087999999998
1968-03-27,5049.3487999999998
1968-03-28,5034.6877000000004
1968-03-29,5071.4228999999996
1968-04-01,5177.9047
1968-04-02,5189.7954
1968-04-03,5222.9915000000001
1968-04-04,5259.0114999999996
1968-04-05,5229.5423000000001
1968-04-08,5330.4537
1968-04-10,5382.1400999999996
1968-04-11,5453.7033000000001
1968-04-15,5470.5902999999998
1968-04-16,5480.4179000000004
1968-04-17,5511.0886
1968-04-18,5554.0554000000002
1968-04-19,5496.8288000000002
1968-04-22,5475.3716000000004
1968-04-23,5532.8433999999997
1968-04-24,5540.0164000000004
1968-04-25,5583.7627000000002
1968-04-26,5604.4026999999996
1968-04-29,5617.2727999999997
1968-04-30,5649.2712000000001
1968-05-01,5665.0690000000004
1968-05-02,5702.4381999999996
1968-05-03,5705.2690000000002
1968-05-06,5703.5370999999996
1968-05-07,5750.8561
1968-05-08,5751.9857000000002
1968-05-09,5719.7539999999999
1968-05-10,5766.0636000000004
1968-05-13,5758.5472
1968-05-14,5742.9785000000002
1968-05-15,5740.0865000000003
1968-05-16,5715.3836000000001
1968-05-17,5687.3577999999998
1968-05-20,5660.0382
1968-05-21,5688.8842000000004
1968-05-22,5715.6016
1968-05-23,5712.1518999999998
1968-05-24,5743.5483000000004
1968-05-27,5751.5686999999998
1968-05-28,5794.6850000000004
1968-05-29,5834.0681000000004
1968-05-31,5888.3041000000003
1968-06-03,5967.7752
1968-06-04,6018.4799999999996
1968-06-05,5993.1809000000003
1968-06-06,6065.6769999999997
1968-06-07,6115.3937999999998
1968-06-10,6133.1066000000001
1968-06-11,6148.4174999999996
1968-06-13,6126.2613000000001
1968-06-14,6090.0944
1968-06-17,5981.6689999999999
1968-06-18,5966.0953
1968-06-20,5959.5113000000001
1968-06-21,5951.1467000000002
1968-06-24,5926.7257
1968-06-25,5882.2541000000001
1968-06-27,5876.9390999999996
1968-06-28,5856.9364999999998
1968-07-01,5847.5445
1968-07-02,5873.8374999999996
1968-07-03,5933.7296999999999
1968-07-08,5968.1242000000002
1968-07-09,5988.9912999999997
1968-07-11,5977.5907999999999
1968-07-12,5987.7313999999997
1968-07-15,5972.1418999999996
1968-07-16,5930.9128000000001
1968-07-18,5882.8512000000001
1968-07-19,5818.1188000000002
1968-07-22,5712.2083000000002
1968-07-23,5725.326
1968-07-25,5616.5243
1968-07-26,5632.7921999999999
1968-07-29,5584.3299999999999
1968-07-30,5589.8944000000001
1968-08-01,5564.1610000000001
1968-08-02,5547.4485999999997
1968-08-05,5571.8375999999998
1968-08-06,5603.5771000000004
1968-08-08,5599.0743000000002
1968-08-09,5605.2132000000001
1968-08-12,5673.5767999999998
1968-08-13,5702.4917999999998
1968-08-15,5695.0582000000004
1968-08-16,5721.8046000000004
1968-08-19,5740.6661999999997
1968-08-20,5767.0527000000002
1968-08-22,5753.7678999999998
1968-08-23,5759.5011000000004
1968-08-26,5784.8224
1968-08-27,5783.6446999999998
1968-08-29,5783.6241
1968-08-30,5803.8460999999998
1968-09-03,5817.7546000000002
1968-09-04,5853.2221
1968-09-05,5919.9279999999999
1968-09-06,5950.6904000000004
1968-09-09,5956.6198999999997
1968-09-10,5901.7977000000001
1968-09-12,5865.1854999999996
1968-09-13,5885.6926999999996
1968-09-16,5922.7515000000003
1968-09-17,5942.2754000000004
1968-09-19,5952.9503000000004
1968-09-20,5962.4538000000002
1968-09-23,6008.3433999999997
1968-09-24,6038.3635999999997
1968-09-26,6027.473
1968-09-27,6032.2735000000002
1968-09-30,6058.7938999999997
1968-10-01,6091.4898000000003
1968-10-03,6132.2809999999999
1968-10-04,6129.8062
1968-10-07,6118.7506000000003
1968-10-08,6113.8338000000003
1968-10-10,6078.9630999999999
1968-10-11,6081.9808999999996
1968-10-14,6095.3395
1968-10-15,6123.9657999999999
1968-10-17,6136.8042999999998
1968-10-18,6166.8527000000004
1968-10-21,6180.3977999999997
1968-10-22,6172.3411999999998
1968-10-24,6141.4574000000002
1968-10-25,6170.3004000000001
1968-10-28,6148.0652
1968-10-29,6100.7031999999999
1968-10-31,6090.3101999999999
1968-11-01,6075.6716999999999
1968-11-04,6085.3711000000003
1968-11-06,6082.9152000000004
1968-11-07,6076.8104999999996
1968-11-08,6118.1112000000003
1968-11-12,6160.3042999999998
1968-11-13,6188.0036
1968-11-14,6197.2635
1968-11-15,6223.2699000000002
1968-11-18,6239.4282000000003
1968-11-19,6255.0045
1968-11-21,6259.3606
1968-11-22,6276.2385999999997
1968-11-25,6298.183
1968-11-26,6354.2142999999996
1968-11-27,6395.4939999999997
1968-11-29,6452.3910999999998
1968-12-02,6456.2394999999997
1968-12-03,6457.5077000000001
1968-12-05,6421.9683000000005
1968-12-06,6434.7893000000004
1968-12-09,6432.8359
1968-12-10,6434.7428
1968-12-12,6445.6588000000002
1968-12-13,6455.9489000000003
1968-12-16,6450.1154999999999
1968-12-17,6425.5820000000003
1968-12-19,6440.9804000000004
1968-12-20,6411.973
1968-12-23,6324.1061
1968-12-24,6316.4946
1968-12-26,6329.7367000000004
1968-12-27,6306.9269999999997
1968-12-30,6246.3580000000002
1968-12-31,6257.5790999999999
1969-01-02,6264.4400999999998
1969-01-03,6280.7052999999996
1969-01-06,6190.8688000000002
1969-01-07,6099.2218000000003
1969-01-08,6079.6824999999999
1969-01-09,6116.7467999999999
1969-01-10,6089.8113000000003
1969-01-13,6052.6417000000001
1969-01-14,6102.857
1969-01-15,6151.6580999999996
1969-01-16,6179.3185999999996
1969-01-17,6187.9476000000004
1969-01-20,6189.7817999999997
1969-01-21,6196.5685000000003
1969-01-22,6237.4436999999998
1969-01-23,6274.8460999999998
1969-01-24,6265.4114
1969-01-27,6251.6050999999998
1969-01-28,6239.0796
1969-01-29,6240.3050999999996
1969-01-30,6229.0502999999999
1969-01-31,6242.732
1969-02-03,6236.4669000000004
1969-02-04,6242.0574999999999
1969-02-05,6232.0478999999996
1969-02-06,6246.3594000000003
1969-02-07,6249.4602000000004
1969-02-11,6264.4366
1969-02-12,6242.4886999999999
1969-02-13,6233.7268999999997
1969-02-14,6236.1981999999998
1969-02-17,6169.4485999999997
1969-02-18,6082.4372999999996
1969-02-19,6030.1066000000001
1969-02-20,5969.7839999999997
1969-02-24,5889.1706000000004
1969-02-25,5852.0478000000003
1969-02-26,5878.9462999999996
1969-02-27,5852.4700999999995
1969-02-28,5864.7394000000004
1969-03-03,5881.7262000000001
1969-03-04,5948.1687000000002
1969-03-05,5952.9058999999997
1969-03-06,5885.6167999999998
1969-03-07,5862.6418999999996
1969-03-10,5883.1401999999998
1969-03-11,5919.5946999999996
1969-03-12,5900.0388999999996
1969-03-13,5858.7174999999997
1969-03-14,5833.5041000000001
1969-03-17,5836.9834000000001
1969-03-18,5857.9757
1969-03-19,5917.7061000000003
1969-03-20,5956.1500999999998
1969-03-21,5936.4735000000001
1969-03-24,5924.5793999999996
1969-03-25,5923.9656999999997
1969-03-26,5969.5591000000004
1969-03-27,6011.9216999999999
1969-03-28,6046.1682000000001
1969-04-01,6040.7049999999999
1969-04-02,5998.3985000000002
1969-04-03,5991.7788
1969-04-07,5942.6248999999998
1969-04-08,5953.8945999999996
1969-04-09,5998.5276000000003
1969-04-10,6026.6992
1969-04-11,6029.6909999999998
1969-04-14,6030.2725
1969-04-15,6028.4418999999998
1969-04-16,5965.7245000000003
1969-04-17,5975.2484000000004
1969-04-18,5987.7750999999998
1969-04-21,5915.3015999999998
1969-04-22,5920.0127000000002
1969-04-23,5917.6235999999999
1969-04-24,5940.6812
1969-04-25,5972.1455999999998
1969-04-28,6000.7905000000001
1969-04-29,6048.1754000000001
1969-04-30,6135.2475000000004
1969-05-01,6152.4043000000001
1969-05-02,6173.3005000000003
1969-05-05,6194.8850000000002
1969-05-06,6217.1643999999997
1969-05-07,6194.7604000000001
1969-05-08,6216.4200000000001
1969-05-09,6220.1275999999998
1969-05-12,6197.7129000000004
1969-05-13,6224.9606999999996
1969-05-14,6239.2559000000001
1969-05-15,6206.1656000000003
1969-05-16,6222.9000999999998
1969-05-19,6181.8067000000001
1969-05-20,6132.9484000000002
1969-05-21,6155.6184000000003
1969-05-22,6150.0563000000002
1969-05-23,6151.2644
1969-05-26,6130.9431999999997
1969-05-27,6064.0940000000001
1969-05-28,6045.8801000000003
1969-05-29,6052.509
1969-06-02,6015.5671000000002
1969-06-03,5993.2879999999996
1969-06-04,5992.6671999999999
1969-06-05,6001.6347999999998
1969-06-06,5960.2021000000004
1969-06-09,5913.0951999999997
1969-06-10,5868.7259000000004
1969-06-11,5804.1490000000003
1969-06-12,5710.6814000000004
1969-06-13,5719.7981
1969-06-16,5699.7583999999997
1969-06-17,5658.6998000000003
1969-06-18,5646.2304000000004
1969-06-19,5609.5097999999998
1969-06-20,5565.1746000000003
1969-06-23,5528.9811
1969-06-24,5590.3330999999998
1969-06-25,5583.6046999999999
1969-06-26,5602.5690000000004
1969-06-27,5599.1875
1969-06-30,5622.1241
1969-07-01,5642.9058999999997
1969-07-02,5680.6931999999997
1969-07-03,5724.9822999999997
1969-07-07,5676.2995000000001
1969-07-08,5605.3254999999999
1969-07-09,5556.5392000000002
1969-07-10,5475.3939
1969-07-11,5482.4922999999999
1969-07-14,5407.3626000000004
1969-07-15,5382.4694
1969-07-16,5472.8756999999996
1969-07-17,5506.7879999999996
1969-07-18,5470.4234999999999
1969-07-22,5400.9296000000004
1969-07-23,5377.1462000000001
1969-07-24,5361.5333000000001
1969-07-25,5286.4526999999998
1969-07-28,5169.0744999999997
1969-07-29,5123.5681999999997
1969-07-30,5177.3473999999997
1969-07-31,5275.6985000000004
1969-08-01,5384.3590000000004
1969-08-04,5364.9561000000003
1969-08-05,5378.8858
1969-08-06,5413.8293999999996
1969-08-07,5431.6756999999998
1969-08-08,5420.2497999999996
1969-08-11,5390.9611000000004
1969-08-12,5347.8140999999996
1969-08-13,5343.5168000000003
1969-08-14,5377.6962000000003
1969-08-15,5406.1787999999997
1969-08-18,5466.7087000000001
1969-08-19,5498.3960999999999
1969-08-20,5475.2831999999999
1969-08-21,5491.6894000000002
1969-08-22,5523.5216
1969-08-25,5474.8949000000002
1969-08-26,5426.1487999999999
1969-08-27,5444.0357000000004
1969-08-28,5457.0820000000003
1969-08-29,5495.2619999999997
1969-09-02,5496.3415000000005
1969-09-03,5440.8087999999998
1969-09-04,5404.3359
1969-09-05,5369.7289000000001
1969-09-08,5311.1796999999997
1969-09-09,5340.9032999999999
1969-09-10,5427.9408999999996
1969-09-11,5419.2368999999999
1969-09-12,5424.6367
1969-09-15,5465.8446000000004
1969-09-16,5483.8624
1969-09-17,5484.3912
1969-09-18,5523.3108000000002
1969-09-19,5562.5065000000004
1969-09-22,5585.8491999999997
1969-09-23,5590.2978999999996
1969-09-24,5579.0973999999997
1969-09-25,5540.5816999999997
1969-09-26,5492.9129000000003
1969-09-29,5435.2177000000001
1969-09-30,5414.5443999999998
1969-10-01,5381.4964
1969-10-02,5433.1395000000002
1969-10-03,5419.5373
1969-10-06,5431.9829
1969-10-07,5418.9267
1969-10-08,5404.8181000000004
1969-10-09,5426.9585999999999
1969-10-10,5461.1289999999999
1969-10-13,5540.2959000000001
1969-10-14,5615.0700999999999
1969-10-15,5605.5043999999998
1969-10-16,5650.8890000000001
1969-10-17,5649.7386999999999
1969-10-20,5690.3966
1969-10-21,5745.5730999999996
1969-10-22,5768.5348999999997
1969-10-23,5751.2087000000001
1969-10-24,5787.4207999999999
1969-10-27,5793.1875
1969-10-28,5760.7250000000004
1969-10-29,5715.1947
1969-10-30,5743.1787000000004
1969-10-31,5778.1916000000001
1969-11-03,5771.2371000000003
1969-11-04,5767.1765999999998
1969-11-05,5780.9973
1969-11-06,5786.7575999999999
1969-11-07,5805.2546000000002
1969-11-10,5819.1665000000003
1969-11-11,5795.8689999999997
1969-11-12,5807.4400999999998
1969-11-13,5778.9629000000004
1969-11-14,5751.2031999999999
1969-11-17,5710.9242000000004
1969-11-18,5698.9108999999999
1969-11-19,5663.5573000000004
1969-11-20,5604.0697
1969-11-21,5555.8546999999999
1969-11-24,5515.2771000000002
1969-11-25,5501.4691999999995
1969-11-26,5545.4612999999999
1969-11-28,5585.3689000000004
1969-12-01,5541.7830000000004
1969-12-02,5513.5001000000002
1969-12-03,5448.9724999999999
1969-12-04,5462.5754999999999
1969-12-05,5428.6880000000001
1969-12-08,5378.7246999999998
1969-12-09,5376.0160999999998
1969-12-10,5364.7073
1969-12-11,5362.0057999999999
1969-12-12,5375.9278000000004
1969-12-15,5340.9651000000003
1969-12-16,5288.0704999999998
1969-12-17,5261.6112000000003
1969-12-18,5367.3508000000002
1969-12-19,5411.3438999999998
1969-12-22,5342.6004999999996
1969-12-23,5342.0472
1969-12-24,5408.8037000000004
1969-12-26,5450.9731000000002
1969-12-29,5417.1575999999995
1969-12-30,5464.2674999999999
1969-12-31,5506.3227999999999
1970-01-02,5570.7271000000001
1970-01-05,5598.0038000000004
1970-01-06,5544.8028000000004
1970-01-07,5542.5649999999996
1970-01-08,5555.8473999999997
1970-01-09,5543.6046999999999
1970-01-12,5490.3662999999997
1970-01-13,5478.2678999999998
1970-01-14,5464.5526
1970-01-15,5462.3473000000004
1970-01-16,5420.8140000000003
1970-01-19,5358.4552000000003
1970-01-20,5353.6135000000004
1970-01-21,5358.4125999999997
1970-01-22,5368.0385999999999
1970-01-23,5297.6981999999998
1970-01-26,5247.8809000000001
1970-01-27,5226.8706000000002
1970-01-28,5217.4435999999996
1970-01-29,5136.5546000000004
1970-01-30,5074.8976000000002
1970-02-02,5100.2538999999997
1970-02-03,5185.9200000000001
1970-02-04,5145.4512999999997
1970-02-05,5133.5983999999999
1970-02-06,5170.0285999999996
1970-02-09,5219.6423999999997
1970-02-10,5182.5643
1970-02-11,5251.9921000000004
1970-02-12,5228.8645999999999
1970-02-13,5218.9111000000003
1970-02-16,5224.6333000000004
1970-02-17,5230.3617000000004
1970-02-18,5279.5083999999997
1970-02-19,5269.4584999999997
1970-02-20,5263.6432999999997
1970-02-24,5257.3081000000002
1970-02-25,5335.6232
1970-02-26,5316.9295000000002
1970-02-27,5359.4458999999997
1970-03-02,5393.7272000000003
1970-03-03,5434.7003000000004
1970-03-04,5428.7026999999998
1970-03-05,5422.1688999999997
1970-03-06,5403.1719000000003
1970-03-09,5350.2016000000003
1970-03-10,5357.1377000000002
1970-03-11,5346.9399999999996
1970-03-12,5314.8392999999996
1970-03-13,5281.8683000000001
1970-03-16,5217.4106000000002
1970-03-17,5253.3921
1970-03-18,5269.1334999999999
1970-03-19,5238.5537999999997
1970-03-20,5199.2458999999999
1970-03-23,5189.8687
1970-03-24,5250.0526
1970-03-25,5357.6599999999999
1970-03-26,5375.3211000000001
1970-03-30,5337.6746999999996
1970-03-31,5344.5946000000004
1970-04-01,5394.2802000000001
1970-04-02,5398.0369000000001
1970-04-03,5369.4080999999996
1970-04-06,5319.9903000000004
1970-04-07,5311.4593000000004
1970-04-08,5307.1912000000002
1970-04-09,5299.7421999999997
1970-04-10,5274.8145000000004
1970-04-13,5235.7619999999997
1970-04-14,5194.3807999999999
1970-04-15,5178.7790999999997
1970-04-16,5118.1688999999997
1970-04-17,5099.2133999999996
1970-04-20,5108.3738000000003
1970-04-21,5073.6185999999998
1970-04-22,4987.3489
1970-04-23,4905.0398999999998
1970-04-24,4881.9687000000004
1970-04-27,4801.8869000000004
1970-04-28,4740.8858
1970-04-29,4836.1607000000004
1970-04-30,4820.6677
1970-05-01,4806.1885000000002
1970-05-04,4661.0244000000002
1970-05-05,4609.7365
1970-05-06,4661.8100999999997
1970-05-07,4698.1554999999998
1970-05-08,4675.5875999999998
1970-05-11,4621.8017
1970-05-12,4590.3568999999998
1970-05-13,4493.4840000000004
1970-05-14,4421.1228000000001
1970-05-15,4511.2979999999998
1970-05-18,4494.1388999999999
1970-05-19,4401.9930000000004
1970-05-20,4265.5155000000004
1970-05-21,4172.9386000000004
1970-05-22,4176.2619999999997
1970-05-25,4010.0319
1970-05-26,3936.634
1970-05-27,4169.6687000000002
1970-05-28,4283.9026999999996
1970-05-29,4386.2727000000004
1970-06-01,4470.9120999999996
1970-06-02,4496.3802999999998
1970-06-03,4559.3136000000004
1970-06-04,4484.5245000000004
1970-06-05,4420.8283000000001
1970-06-08,4422.5807999999997
1970-06-09,4405.3168999999998
1970-06-10,4351.9969000000001
1970-06-11,4289.3126000000002
1970-06-12,4272.5689000000002
1970-06-15,4299.8981000000003
1970-06-16,4401.3603999999996
1970-06-17,4390.3411999999998
1970-06-18,4417.5456999999997
1970-06-19,4449.3361999999997
1970-06-22,4415.9503000000004
1970-06-23,4288.3136000000004
1970-06-24,4245.4151000000002
1970-06-25,4238.1827999999996
1970-06-26,4201.7192999999997
1970-06-29,4155.9054999999998
1970-06-30,4138.8514999999998
1970-07-01,4137.1810999999998
1970-07-02,4123.5137000000004
1970-07-06,4046.8015999999998
1970-07-07,3990.5365999999999
1970-07-08,4074.7226999999998
1970-07-09,4137.4588000000003
1970-07-10,4165.165
1970-07-13,4162.6511
1970-07-14,4151.8132999999998
1970-07-15,4194.5621000000001
1970-07-16,4253.2709999999997
1970-07-17,4331.0906999999997
1970-07-20,4328.0434999999998
1970-07-21,4285.6131999999998
1970-07-22,4304.0259999999998
1970-07-23,4326.8220000000001
1970-07-24,4319.8836000000001
1970-07-27,4308.6364999999996
1970-07-28,4300.8656000000001
1970-07-29,4331.3863000000001
1970-07-30,4333.5366000000004
1970-07-31,4323.9872999999998
1970-08-03,4269.4895999999999
1970-08-04,4278.0133999999998
1970-08-05,4273.2923000000001
1970-08-06,4254.4745000000003
1970-08-07,4265.5209999999997
1970-08-10,4204.9353000000001
1970-08-11,4185.5775999999996
1970-08-12,4155.4264999999996
1970-08-13,4114.2728999999999
1970-08-14,4131.9495999999999
1970-08-17,4130.2821000000004
1970-08-18,4169.9179999999997
1970-08-19,4194.5056999999997
1970-08-20,4222.1743999999999
1970-08-21,4328.9803000000002
1970-08-24,4442.8171000000002
1970-08-25,4477.8995000000004
1970-08-26,4502.9597000000003
1970-08-27,4481.3293999999996
1970-08-28,4536.4337999999998
1970-08-31,4535.0565999999999
1970-09-01,4510.0976000000001
1970-09-02,4509.1795000000002
1970-09-03,4565.5281000000004
1970-09-04,4628.5160999999998
1970-09-08,4648.8651
1970-09-09,4637.6912000000002
1970-09-10,4621.9065000000001
1970-09-11,4643.6129000000001
1970-09-14,4614.8059000000003
1970-09-15,4580.6399000000001
1970-09-16,4600.3203000000003
1970-09-17,4640.3266000000003
1970-09-18,4660.7275
1970-09-21,4629.4840000000004
1970-09-22,4610.0236000000004
1970-09-23,4655.6463999999996
1970-09-24,4728.2578000000003
1970-09-25,4741.0073000000002
1970-09-28,4731.5083000000004
1970-09-29,4757.9879000000001
1970-09-30,4753.6886999999997
1970-10-01,4746.5411999999997
1970-10-02,4794.9389000000001
1970-10-05,4883.1486999999997
1970-10-06,4906.0820000000003
1970-10-07,4917.3485000000001
1970-10-08,4856.8476000000001
1970-10-09,4802.4335000000001
1970-10-12,4752.4710999999998
1970-10-13,4729.6422000000002
1970-10-14,4723.4768000000004
1970-10-15,4732.9069
1970-10-16,4697.3932000000004
1970-10-19,4648.0537999999997
1970-10-20,4658.7277000000004
1970-10-21,4642.8714
1970-10-22,4609.4260999999997
1970-10-23,4623.6989000000003
1970-10-26,4611.1984000000002
1970-10-27,4599.6539000000002
1970-10-28,4607.4569000000001
1970-10-29,4588.0891000000001
1970-10-30,4579.8141999999998
1970-11-02,4588.0415000000003
1970-11-03,4621.9766
1970-11-04,4609.4808000000003
1970-11-05,4598.8625000000002
1970-11-06,4607.5838999999996
1970-11-09,4644.4281000000001
1970-11-10,4646.2692999999999
1970-11-11,4659.7268999999997
1970-11-12,4601.4637000000002
1970-11-13,4563.2551000000003
1970-11-16,4565.9768000000004
1970-11-17,4557.2851000000001
1970-11-18,4513.5189
1970-11-19,4509.8918999999996
1970-11-20,4543.2489999999998
1970-11-23,4584.5763999999999
1970-11-24,4598.7722000000003
1970-11-25,4613.9317000000001
1970-11-27,4651.2880999999998
1970-11-30,4742.4367000000002
1970-12-01,4765.1835000000001
1970-12-02,4820.9191000000001
1970-12-03,4849.3453
1970-12-04,4873.5747000000001
1970-12-07,4921.8056999999999
1970-12-08,4914.4053999999996
1970-12-09,4914.8792999999996
1970-12-10,4945.3339999999998
1970-12-11,4960.1522999999997
1970-12-14,4942.2781000000004
1970-12-15,4933.8585999999996
1970-12-16,4925.9467999999997
1970-12-17,4939.2291999999998
1970-12-18,4956.0050000000001
1970-12-21,4938.1455999999998
1970-12-22,4940.5971
1970-12-23,4955.8953000000001
1970-12-24,5007.4188999999997
1970-12-28,5030.9359000000004
1970-12-29,5104.3696
1970-12-30,5120.1749
1970-12-31,5121.1805999999997
1971-01-04,5068.9263000000001
1971-01-05,5120.6112999999996
1971-01-06,5151.3166000000001
1971-01-07,5148.7226000000001
1971-01-08,5145.6149999999998
1971-01-11,5165.6644999999999
1971-01-12,5241.0646999999999
1971-01-13,5228.9916000000003
1971-01-14,5228.9728999999998
1971-01-15,5244.1181999999999
1971-01-18,5274.5154000000002
1971-01-19,5275.5514999999996
1971-01-20,5273.4224000000004
1971-01-21,5305.5713999999998
1971-01-22,5360.1998999999996
1971-01-25,5401.9903000000004
1971-01-26,5414.9358000000002
1971-01-27,5371.0555000000004
1971-01-28,5399.5029000000004
1971-01-29,5436.2002000000002
1971-02-01,5491.0864000000001
1971-02-02,5496.0087999999996
1971-02-03,5521.2708000000002
1971-02-04,5525.6680999999999
1971-02-05,5536.6997000000001
1971-02-08,5589.8321999999998
1971-02-09,5590.3712999999998
1971-02-10,5563.5174999999999
1971-02-11,5595.7659999999996
1971-02-12,5639.9525999999996
1971-02-16,5635.9844999999996
1971-02-17,5610.6023999999998
1971-02-18,5572.4303
1971-02-19,5494.3963999999996
1971-02-22,5425.1473999999998
1971-02-23,5449.5411000000004
1971-02-24,5487.6684999999998
1971-02-25,5496.9778999999999
1971-02-26,5494.7595000000001
1971-03-01,5513.4219999999996
1971-03-02,5513.4023999999999
1971-03-03,5505.6638999999996
1971-03-04,5550.7906999999996
1971-03-05,5616.2701999999999
1971-03-08,5638.7151999999996
1971-03-09,5649.9724999999999
1971-03-10,5647.6922999999997
1971-03-11,5649.3665000000001
1971-03-12,5652.7358999999997
1971-03-15,5731.8540000000003
1971-03-16,5781.7007000000003
1971-03-17,5793.2434000000003
1971-03-18,5804.2299000000003
1971-03-19,5798.9853999999996
1971-03-22,5763.5909000000001
1971-03-23,5747.4322000000002
1971-03-24,5704.8806999999997
1971-03-25,5692.8801000000003
1971-03-26,5699.1219000000001
1971-03-29,5713.3494000000001
1971-03-30,5726.4696999999996
1971-03-31,5727.5945000000002
1971-04-01,5735.5927000000001
1971-04-02,5759.0880999999999
1971-04-05,5737.183
1971-04-06,5761.8324000000002
1971-04-07,5777.9449999999997
1971-04-08,5786.0135
1971-04-12,5813.7656999999999
1971-04-13,5819.5586999999996
1971-04-14,5852.1274000000003
1971-04-15,5869.0776999999998
1971-04-16,5886.0770000000002
1971-04-19,5928.4358000000002
1971-04-20,5899.9580999999998
1971-04-21,5894.0370999999996
1971-04-22,5922.8968000000004
1971-04-23,5970.8510999999999
1971-04-26,5962.4705999999996
1971-04-27,6020.2852999999996
1971-04-28,6040.7326999999996
1971-04-29,6018.3603999999996
1971-04-30,5969.5901999999996
1971-05-03,5953.451
1971-05-04,6001.0573999999997
1971-05-05,5989.0338000000002
1971-05-06,5958.4683999999997
1971-05-07,5942.9551000000001
1971-05-10,5912.0304999999998
1971-05-11,5938.6135000000004
1971-05-12,5954.0326999999997
1971-05-13,5945.6758
1971-05-14,5924.8446999999996
1971-05-17,5840.0982000000004
1971-05-18,5852.3415999999997
1971-05-19,5858.1729999999998
1971-05-20,5866.9394000000002
1971-05-21,5848.1441999999997
1971-05-24,5787.8873999999996
1971-05-25,5764.7151999999996
1971-05-26,5784.2946000000002
1971-05-27,5793.5289000000002
1971-05-28,5805.6746000000003
1971-06-01,5843.3906999999999
1971-06-02,5905.3098
1971-06-03,5904.1076999999996
1971-06-04,5917.6660000000002
1971-06-07,5916.4612999999999
1971-06-08,5877.9831999999997
1971-06-09,5861.5038999999997
1971-06-10,5852.6907000000001
1971-06-11,5865.5456999999997
1971-06-14,5815.0811000000003
1971-06-15,5825.5273999999999
1971-06-16,5843.5658000000003
1971-06-17,5852.3101999999999
1971-06-18,5759.8227999999999
1971-06-21,5691.8364000000001
1971-06-22,5666.7719999999999
1971-06-23,5715.4859999999999
1971-06-24,5699.4621999999999
1971-06-25,5676.0739999999996
1971-06-28,5661.8635999999997
1971-06-29,5733.1827999999996
1971-06-30,5785.3343000000004
1971-07-01,5776.6356999999998
1971-07-02,5760.4404000000004
1971-07-06,5765.6043
1971-07-07,5790.9522999999999
1971-07-08,5801.9345000000003
1971-07-09,5811.777
1971-07-12,5816.4057000000003
1971-07-13,5753.5676999999996
1971-07-14,5741.4647000000004
1971-07-15,5733.9803000000002
1971-07-16,5721.9184999999998
1971-07-19,5697.866
1971-07-20,5721.2069000000001
1971-07-21,5718.3257999999996
1971-07-22,5726.8828999999996
1971-07-23,5724.5717000000004
1971-07-26,5715.3918999999996
1971-07-27,5641.643
1971-07-28,5578.4363999999996
1971-07-29,5524.3056999999999
1971-07-30,5494.4547000000002
1971-08-02,5525.7533999999996
1971-08-03,5415.7712000000001
1971-08-04,5382.1741000000002
1971-08-05,5403.6836000000003
1971-08-06,5418.2542000000003
1971-08-09,5382.4744000000001
1971-08-10,5376.5343999999996
1971-08-11,5439.9583000000002
1971-08-12,5515.5542999999998
1971-08-13,5518.2924000000003
1971-08-16,5814.0532000000003
1971-08-17,5890.1965
1971-08-18,5824.7942999999996
1971-08-19,5786.9123
1971-08-20,5796.1507000000001
1971-08-23,5851.1934000000001
1971-08-24,5923.1422000000002
1971-08-25,5932.0057999999999
1971-08-26,5921.3069999999998
1971-08-27,5940.8262000000004
1971-08-30,5886.1493
1971-08-31,5849.0456000000004
1971-09-01,5862.4775
1971-09-02,5884.7340000000004
1971-09-03,5975.9263000000001
1971-09-07,5998.0159000000003
1971-09-08,6012.3896999999997
1971-09-09,5979.9013999999997
1971-09-10,5962.5383000000002
1971-09-13,5944.0330999999996
1971-09-14,5866.1450999999997
1971-09-15,5884.3091999999997
1971-09-16,5877.8154000000004
1971-09-17,5907.1835000000001
1971-09-20,5897.7109
1971-09-21,5866.4319999999998
1971-09-22,5813.0264999999999
1971-09-23,5806.0300999999999
1971-09-24,5789.7524999999996
1971-09-27,5763.6778999999997
1971-09-28,5779.7956000000004
1971-09-29,5796.5364
1971-09-30,5808.6884
1971-10-01,5826.6746000000003
1971-10-04,5831.8977999999997
1971-10-05,5798.0519999999997
1971-10-06,5842.0964000000004
1971-10-07,5846.1651000000002
1971-10-08,5803.4672
1971-10-11,5781.9736000000003
1971-10-12,5795.8297000000002
1971-10-13,5787.6948000000002
1971-10-14,5744.2664999999997
1971-10-15,5716.0990000000002
1971-10-18,5681.2103999999999
1971-10-19,5635.7403999999997
1971-10-20,5542.1670000000004
1971-10-21,5543.8099000000002
1971-10-22,5547.1163999999999
1971-10-25,5518.2515999999996
1971-10-26,5485.6742000000004
1971-10-27,5402.8208999999997
1971-10-28,5403.8822
1971-10-29,5429.8014999999996
1971-11-01,5336.3895000000002
1971-11-02,5360.3842000000004
1971-11-03,5471.3249999999998
1971-11-04,5470.7583000000004
1971-11-05,5448.3086999999996
1971-11-08,5435.7581
1971-11-09,5433.5644000000002
1971-11-10,5356.3883999999998
1971-11-11,5270.6670000000004
1971-11-12,5274.8648000000003
1971-11-15,5258.4938000000002
1971-11-16,5306.8531999999996
1971-11-17,5316.3865999999998
1971-11-18,5264.2669999999998
1971-11-19,5204.7619999999997
1971-11-22,5148.5320000000002
1971-11-23,5107.8401999999996
1971-11-24,5119.0591999999997
1971-11-26,5231.6602000000003
1971-11-29,5343.0758999999998
1971-11-30,5374.0465999999997
1971-12-01,5473.4472999999998
1971-12-02,5488.2061000000003
1971-12-03,5563.9237000000003
1971-12-06,5560.5654999999997
1971-12-07,5591.1287000000002
1971-12-08,5594.4633999999996
1971-12-09,5603.9540999999999
1971-12-10,5653.8091999999997
1971-12-13,5676.9696999999996
1971-12-14,5670.7047000000002
1971-12-15,5732.4951000000001
1971-12-16,5811.0099
1971-12-17,5853.9906000000001
1971-12-20,5948.2188999999998
1971-12-21,5954.7407000000003
1971-12-22,5920.1819999999998
1971-12-23,5888.1917999999996
1971-12-27,5890.5261
1971-12-28,5954.7118
1971-12-29,5954.6904999999997
1971-12-30,5939.1869999999999
1971-12-31,5959.3590999999997
1972-01-03,5931.3288000000002
1972-01-04,5964.5231000000003
1972-01-05,6030.1115
1972-01-06,6052.4013999999997
1972-01-07,6050.5640000000003
1972-01-10,6042.0716000000002
1972-01-11,6060.1763000000001
1972-01-12,6034.7019
1972-01-13,5983.9889000000003
1972-01-14,6004.9114
1972-01-17,6039.1180000000004
1972-01-18,6088.6171999999997
1972-01-19,6068.5029999999997
1972-01-20,6059.9853999999996
1972-01-21,6047.8437999999996
1972-01-24,5993.3915999999999
1972-01-25,6011.3504000000003
1972-01-26,5993.2948999999999
1972-01-27,6090.9642000000003
1972-01-28,6146.9793
1972-01-31,6142.0397999999996
1972-02-01,6153.0735000000004
1972-02-02,6213.3516
1972-02-03,6187.2334000000001
1972-02-04,6223.0972000000002
1972-02-07,6203.7834000000003
1972-02-08,6214.3077000000003
1972-02-09,6298.8001000000004
1972-02-10,6293.7385000000004
1972-02-11,6277.3522999999996
1972-02-14,6256.6145999999999
1972-02-15,6294.7577000000001
1972-02-16,6336.2806
1972-02-17,6336.2578999999996
1972-02-18,6308.3558000000003
1972-02-22,6331.6742000000004
1972-02-23,6351.2797
1972-02-24,6353.7975999999999
1972-02-25,6396.3453
1972-02-28,6405.9170000000004
1972-02-29,6455.8603000000003
1972-03-01,6497.1547
1972-03-02,6491.9337999999998
1972-03-03,6564.6202999999996
1972-03-06,6593.4811
1972-03-07,6584.2267000000002
1972-03-08,6580.9111000000003
1972-03-09,6580.8876
1972-03-10,6572.3089
1972-03-13,6513.7919000000002
1972-03-14,6533.9614000000001
1972-03-15,6561.3806999999997
1972-03-16,6551.5151999999998
1972-03-17,6604.5591000000004
1972-03-20,6588.6845000000003
1972-03-21,6523.433
1972-03-22,6539.0659999999998
1972-03-23,6624.7043999999996
1972-03-24,6609.4439000000002
1972-03-27,6618.0126
1972-03-28,6625.2687999999998
1972-03-29,6590.1311999999998
1972-03-30,6626.3534
1972-04-03,6639.5824000000002
1972-04-04,6690.6835000000001
1972-04-05,6762.9189999999999
1972-04-06,6791.9754000000003
1972-04-07,6818.4398000000001
1972-04-10,6788.4143000000004
1972-04-11,6815.5437000000002
1972-04-12,6860.5020000000004
1972-04-13,6854.3029999999999
1972-04-14,6861.8182999999999
1972-04-17,6844.6391999999996
1972-04-18,6859.6729999999998
1972-04-19,6813.6886999999997
1972-04-20,6804.8064999999997
1972-04-21,6787.7701999999999
1972-04-24,6763.9888000000001
1972-04-25,6686.1787999999997
1972-04-26,6682.8118000000004
1972-04-27,6708.1826000000001
1972-04-28,6755.1158999999998
1972-05-01,6680.1099999999997
1972-05-02,6618.6292000000003
1972-05-03,6604.7064
1972-05-04,6602.7013999999999
1972-05-05,6631.7296999999999
1972-05-08,6595.8946999999998
1972-05-09,6483.0812999999998
1972-05-10,6547.2407000000003
1972-05-11,6604.1782999999996
1972-05-12,6660.9506000000001
1972-05-15,6704.8891000000003
1972-05-16,6701.5127000000002
1972-05-17,6711.5411000000004
1972-05-18,6802.1229000000003
1972-05-19,6877.6022000000003
1972-05-22,6914.7165999999997
1972-05-23,6931.2873
1972-05-24,6964.5326999999997
1972-05-25,6971.4723999999997
1972-05-26,6980.5104000000001
1972-05-30,6941.3945999999996
1972-05-31,6863.6261999999997
1972-06-01,6879.3879999999999
1972-06-02,6891.7462999999998
1972-06-05,6836.5877
1972-06-06,6781.8706000000002
1972-06-07,6727.5914000000002
1972-06-08,6718.1487999999999
1972-06-09,6687.2213000000002
1972-06-12,6709.9340000000002
1972-06-13,6747.4856
1972-06-14,6796.7182000000003
1972-06-15,6800.7718999999997
1972-06-16,6801.4277000000002
1972-06-19,6776.2381999999998
1972-06-20,6795.1873999999998
1972-06-21,6827.7800999999999
1972-06-22,6842.7767999999996
1972-06-23,6811.9598999999998
1972-06-26,6747.9031000000004
1972-06-27,6743.8302999999996
1972-06-28,6741.1085999999996
1972-06-29,6706.7048999999997
1972-06-30,6738.8732
1972-07-03,6769.174
1972-07-05,6815.1801999999998
1972-07-06,6869.6773000000003
1972-07-07,6864.1570000000002
1972-07-10,6835.3031000000001
1972-07-11,6770.3433000000005
1972-07-12,6717.5104000000001
1972-07-13,6653.6701000000003
1972-07-14,6708.2064
1972-07-17,6659.8833999999997
1972-07-18,6633.2200999999995
1972-07-19,6659.0658999999996
1972-07-20,6621.0855000000001
1972-07-21,6686.6106
1972-07-24,6784.8798999999999
1972-07-25,6766.5364
1972-07-26,6777.3387000000002
1972-07-27,6757.6602999999996
1972-07-28,6759.6634000000004
1972-07-31,6754.2314999999999
1972-08-01,6829.8548000000001
1972-08-02,6857.8328000000001
1972-08-03,6883.1823000000004
1972-08-04,6903.8073000000004
1972-08-07,6925.1844000000001
1972-08-08,6961.1706999999997
1972-08-09,6959.7536
1972-08-10,6947.8971000000001
1972-08-11,6993.0335999999998
1972-08-14,7034.2676000000001
1972-08-15,6980.0785999999998
1972-08-16,6956.3213999999998
1972-08-17,6940.2969999999996
1972-08-18,6977.0558000000001
1972-08-21,6947.0294999999996
1972-08-22,6959.5093999999999
1972-08-23,6949.7412000000004
1972-08-24,6848.9450999999999
1972-08-25,6835.9076999999997
1972-08-28,6810.5904
1972-08-29,6808.5228999999999
1972-08-30,6813.2646000000004
1972-08-31,6839.1306000000004
1972-09-01,6879.4570999999996
1972-09-05,6848.4749000000002
1972-09-06,6795.7172
1972-09-07,6778.7037
1972-09-08,6780.0352000000003
1972-09-11,6737.2968000000001
1972-09-12,6665.1836000000003
1972-09-13,6698.4857000000002
1972-09-14,6704.4904999999999
1972-09-15,6707.1482999999998
1972-09-18,6681.6372000000001
1972-09-19,6660.9002
1972-09-20,6659.5442999999996
1972-09-21,6658.1886000000004
1972-09-22,6653.5041000000001
1972-09-25,6619.5474000000004
1972-09-26,6641.3683000000001
1972-09-27,6746.9422999999997
1972-09-28,6777.2794999999996
1972-09-29,6779.9661999999998
1972-10-02,6758.9241000000002
1972-10-03,6771.0659999999998
1972-10-04,6718.9045999999998
1972-10-05,6617.4251999999997
1972-10-06,6688.2079999999996
1972-10-09,6710.2551999999996
1972-10-10,6721.6386000000002
1972-10-11,6692.7115999999996
1972-10-12,6607.0209999999997
1972-10-13,6588.4976999999999
1972-10-16,6519.2950000000001
1972-10-17,6565.5586999999996
1972-10-18,6585.2318999999998
1972-10-19,6574.6719999999996
1972-10-20,6669.3238000000001
1972-10-23,6760.6697000000004
1972-10-24,6782.9557999999997
1972-10-25,6776.1486000000004
1972-10-26,6803.2290000000003
1972-10-27,6769.1886000000004
1972-10-30,6773.9027999999998
1972-10-31,6826.0376999999999
1972-11-01,6861.5087000000003
1972-11-02,6897.1639999999998
1972-11-03,6970.9390999999996
1972-11-06,6946.5159000000003
1972-11-08,6877.0258999999996
1972-11-09,6899.6954999999998
1972-11-10,6887.9413999999997
1972-11-13,6899.6262999999999
1972-11-14,6958.2484999999997
1972-11-15,6911.6034
1972-11-16,6933.6958000000004
1972-11-17,6955.1655000000001
1972-11-20,6969.7465000000002
1972-11-21,7021.2978000000003
1972-11-22,7049.3579
1972-11-24,7102.2029000000002
1972-11-27,7075.1891999999998
1972-11-28,7094.9744000000001
1972-11-29,7109.8485000000001
1972-11-30,7118.3549000000003
1972-12-01,7161.0397000000003
1972-12-04,7163.1624000000002
1972-12-05,7144.5126
1972-12-06,7176.6373999999996
1972-12-07,7224.6952000000001
1972-12-08,7247.0659999999998
1972-12-11,7267.3319000000001
1972-12-12,7208.4404999999997
1972-12-13,7213.4606999999996
1972-12-14,7191.7945
1972-12-15,7215.5018
1972-12-18,7120.2313999999997
1972-12-19,7089.5889999999999
1972-12-20,7039.9364999999998
1972-12-21,6981.4799000000003
1972-12-22,7037.3068000000003
1972-12-26,7061.2084999999997
1972-12-27,7067.5384000000004
1972-12-29,7138.1885000000002
1973-01-02,7210.9726000000001
1973-01-03,7242.6751000000004
1973-01-04,7215.8513000000003
1973-01-05,7232.4219999999996
1973-01-08,7229.5032000000001
1973-01-09,7217.1872000000003
1973-01-10,7216.4396999999999
1973-01-11,7250.3311999999996
1973-01-12,7145.1755000000003
1973-01-15,7070.8401999999996
1973-01-16,7030.5111999999999
1973-01-17,7067.7478000000001
1973-01-18,7072.6698999999999
1973-01-19,7038.6958999999997
1973-01-22,7015.4430000000002
1973-01-23,7021.7318999999998
1973-01-24,6931.1265000000003
1973-01-26,6902.6841000000004
1973-01-29,6859.1724999999997
1973-01-30,6845.4296999999997
1973-01-31,6841.2979999999998
1973-02-01,6770.8082000000004
1973-02-02,6727.4507999999996
1973-02-05,6717.3356000000003
1973-02-06,6734.7767000000003
1973-02-07,6678.8540000000003
1973-02-08,6668.8118999999997
1973-02-09,6752.8150999999998
1973-02-12,6870.2898999999998
1973-02-13,6946.5255999999999
1973-02-14,6839.5243
1973-02-15,6781.3639000000003
1973-02-16,6826.0967000000001
1973-02-20,6866.3463000000002
1973-02-21,6827.8702000000003
1973-02-22,6810.7762000000002
1973-02-23,6715.4009999999998
1973-02-26,6674.4130999999998
1973-02-27,6612.9845999999998
1973-02-28,6650.6549999999997
1973-03-01,6600.0862999999999
1973-03-02,6656.1634000000004
1973-03-05,6728.0262000000002
1973-03-06,6827.5770000000002
1973-03-07,6875.3456999999999
1973-03-08,6843.0069999999996
1973-03-09,6806.0303000000004
1973-03-12,6824.3823000000002
1973-03-13,6864.6217999999999
1973-03-14,6884.5046000000002
1973-03-15,6806.6851999999999
1973-03-16,6769.9047
1973-03-19,6677.8099000000002
1973-03-20,6667.1014999999998
1973-03-21,6569.0712999999996
1973-03-22,6456.0598
1973-03-23,6425.0477000000001
1973-03-26,6473.2125999999998
1973-03-27,6605.8903
1973-03-28,6615.1149999999998
1973-03-29,6691.1652000000004
1973-03-30,6630.2516999999998
1973-04-02,6552.6540999999997
1973-04-03,6465.4804000000004
1973-04-04,6430.5437000000002
1973-04-05,6433.7359999999999
1973-04-06,6474.8888999999999
1973-04-09,6591.4138000000003
1973-04-10,6662.5775000000003
1973-04-11,6688.5378000000001
1973-04-12,6669.1171000000004
1973-04-13,6647.0852000000004
1973-04-16,6625.1261000000004
1973-04-17,6586.6767
1973-04-18,6611.0239000000001
1973-04-19,6640.7498999999998
1973-04-23,6618.1476000000002
1973-04-24,6506.9390999999996
1973-04-25,6381.9826000000003
1973-04-26,6437.4831000000004
1973-04-27,6314.5042000000003
1973-04-30,6300.5897000000004
1973-05-01,6329.5499
1973-05-02,6423.8375999999998
1973-05-03,6525.3113000000003
1973-05-04,6588.5834999999997
1973-05-07,6551.6638999999996
1973-05-08,6633.5362999999998
1973-05-09,6618.9188000000004
1973-05-10,6558.0011999999997
1973-05-11,6464.1983
1973-05-14,6320.0236000000004
1973-05-15,6374.9852000000001
1973-05-16,6341.1751000000004
1973-05-17,6280.9111999999996
1973-05-18,6172.2290000000003
1973-05-21,6074.0685999999996
1973-05-22,6153.0097999999998
1973-05-23,6180.0609999999997
1973-05-24,6388.9250000000002
1973-05-25,6437.4579999999996
1973-05-29,6425.8476000000001
1973-05-30,6321.0833000000002
1973-05-31,6247.7362000000003
1973-06-01,6193.3585999999996
1973-06-04,6110.3455000000004
1973-06-05,6212.3663999999999
1973-06-06,6185.6310000000003
1973-06-07,6264.1665000000003
1973-06-08,6326.1593000000003
1973-06-11,6301.4647000000004
1973-06-12,6397.8545999999997
1973-06-13,6388.2349999999997
1973-06-14,6326.8851000000004
1973-06-15,6245.2457000000004
1973-06-18,6152.7938000000004
1973-06-19,6174.3065999999999
1973-06-20,6190.9552000000003
1973-06-21,6103.6405999999997
1973-06-22,6151.2272000000003
1973-06-25,6053.4007000000001
1973-06-26,6151.4441999999999
1973-06-27,6176.0280000000002
1973-06-28,6247.6477999999997
1973-06-29,6236.3797999999997
1973-07-02,6160.2736999999997
1973-07-03,6085.0963000000002
1973-07-05,6074.1214
1973-07-06,6023.0771000000004
1973-07-09,6094.1279000000004
1973-07-10,6214.1605
1973-07-11,6371.9778999999999
1973-07-12,6361.7600000000002
1973-07-13,6303.2091
1973-07-16,6424.2082
1973-07-17,6443.4579000000003
1973-07-18,6489.1833999999999
1973-07-19,6539.7758999999996
1973-07-20,6571.7974000000004
1973-07-23,6587.5463
1973-07-24,6655.3744999999999
1973-07-25,6727.8942999999999
1973-07-26,6746.0356000000002
1973-07-27,6727.1225999999997
1973-07-30,6709.6080000000002
1973-07-31,6655.9071999999996
1973-08-01,6583.9996000000001
1973-08-02,6596.4857000000002
1973-08-03,6605.6971999999996
1973-08-06,6655.2164000000002
1973-08-07,6647.2062999999998
1973-08-08,6591.3460999999998
1973-08-09,6589.3450999999995
1973-08-10,6548.4677000000001
1973-08-13,6466.5883999999996
1973-08-14,6410.3059999999996
1973-08-15,6469.8990000000003
1973-08-16,6435.5853999999999
1973-08-17,6449.7206999999999
1973-08-20,6400.6797999999999
1973-08-21,6362.8928999999998
1973-08-22,6320.2388000000001
1973-08-23,6413.7557999999999
1973-08-24,6418.8639000000003
1973-08-27,6460.5636000000004
1973-08-28,6492.1971999999996
1973-08-29,6588.2586000000001
1973-08-30,6594.8233
1973-08-31,6626.4548999999997
1973-09-04,6671.4911000000002
1973-09-05,6672.1345000000001
1973-09-06,6690.1253999999999
1973-09-07,6655.9818999999998
1973-09-10,6604.0414000000001
1973-09-11,6572.3184000000001
1973-09-12,6545.3485000000001
1973-09-13,6598.3424000000005
1973-09-14,6650.4457000000002
1973-09-17,6672.3684999999996
1973-09-18,6615.6295
1973-09-19,6754.5340999999999
1973-09-20,6820.0290000000005
1973-09-21,6874.5648000000001
1973-09-24,6891.7267000000002
1973-09-25,6932.3633
1973-09-26,6974.6259
1973-09-27,6967.6264000000001
1973-09-28,6919.5249000000003
1973-10-01,6907.7370000000001
1973-10-02,6966.4281000000001
1973-10-03,6993.5722999999998
1973-10-04,6956.4813000000004
1973-10-05,7071.2384000000002
1973-10-08,7136.9757
1973-10-09,7201.8967000000002
1973-10-10,7080.1589000000004
1973-10-11,7218.9048000000003
1973-10-12,7251.3639999999996
1973-10-15,7169.3977000000004
1973-10-16,7190.8802999999998
1973-10-17,7155.6193000000003
1973-10-18,7137.7047000000002
1973-10-19,7121.9763000000003
1973-10-22,7029.3652000000002
1973-10-23,7063.7839000000004
1973-10-24,7081.4182000000001
1973-10-25,7093.4313000000002
1973-10-26,7133.1292000000003
1973-10-29,7121.6907000000001
1973-10-30,7013.4156000000003
1973-10-31,6941.8536999999997
1973-11-01,6903.6486999999997
1973-11-02,6850.4659000000001
1973-11-05,6715.4872999999998
1973-11-06,6673.8272999999999
1973-11-07,6717.1832999999997
1973-11-08,6808.5129999999999
1973-11-09,6687.2972
1973-11-12,6584.2888999999996
1973-11-13,6561.2204000000002
1973-11-14,6402.4153999999999
1973-11-15,6404.9534999999996
1973-11-16,6499.7240000000002
1973-11-19,6289.7596999999996
1973-11-20,6163.3130000000001
1973-11-21,6253.2754000000004
1973-11-23,6232.6171999999997
1973-11-26,6015.6998999999996
1973-11-27,5982.5920999999998
1973-11-28,6131.5373
1973-11-29,6084.9156999999996
1973-11-30,5969.8890000000001
1973-12-03,5831.3662999999997
1973-12-04,5815.0176000000001
1973-12-05,5687.0664999999999
1973-12-06,5869.6009999999997
1973-12-07,6039.7984999999999
1973-12-10,6153.9291000000003
1973-12-11,6010.5205999999998
1973-12-12,5839.8002999999999
1973-12-13,5755.6863000000003
1973-12-14,5842.5766000000003
1973-12-17,5799.3207000000002
1973-12-18,5935.0041000000001
1973-12-19,5935.5763999999999
1973-12-20,5892.2254999999996
1973-12-21,5797.3396000000002
1973-12-24,5766.0132999999996
1973-12-26,5940.1262999999999
1973-12-27,6074.9458999999997
1973-12-28,6060.3444
1973-12-31,6071.2313000000004
1974-01-02,6085.7806
1974-01-03,6233.0348000000004
1974-01-04,6165.0724
1974-01-07,6105.2492000000002
1974-01-08,5994.1118999999999
1974-01-09,5832.8489
1974-01-10,5773.3329999999996
1974-01-11,5900.9030000000002
1974-01-14,5914.4539999999997
1974-01-15,5938.6822000000002
1974-01-16,6008.7374
1974-01-17,6109.0618000000004
1974-01-18,6007.0186999999996
1974-01-21,5988.3755000000001
1974-01-22,6076.3832000000002
1974-01-23,6117.0733
1974-01-24,6094.4183000000003
1974-01-25,6109.0231000000003
1974-01-28,6086.3978999999999
1974-01-29,6069.9429
1974-01-30,6116.0528000000004
1974-01-31,6094.6247000000003
1974-02-01,5992.8226999999997
1974-02-04,5844.1792999999998
1974-02-05,5835.3922000000002
1974-02-06,5854.6282000000001
1974-02-07,5835.2870000000003
1974-02-08,5767.5767999999998
1974-02-11,5623.9435000000003
1974-02-12,5649.7936
1974-02-13,5657.1180999999997
1974-02-14,5662.1894000000002
1974-02-15,5740.8735999999999
1974-02-19,5745.4458000000004
1974-02-20,5835.6287000000002
1974-02-21,5943.567
1974-02-22,5979.8015999999998
1974-02-25,5977.3882999999996
1974-02-26,6070.0164999999997
1974-02-27,6122.8038999999999
1974-02-28,6108.6995999999999
1974-03-01,6046.9799000000003
1974-03-04,6034.2596999999996
1974-03-05,6142.8548000000001
1974-03-06,6202.4184999999998
1974-03-07,6127.9674000000005
1974-03-08,6179.4204
1974-03-11,6266.5281999999997
1974-03-12,6283.4254000000001
1974-03-13,6322.9885000000004
1974-03-14,6329.2889999999998
1974-03-15,6315.9748
1974-03-18,6220.5811000000003
1974-03-19,6180.1251000000002
1974-03-20,6203.5874999999996
1974-03-21,6195.5006999999996
1974-03-22,6219.6409999999996
1974-03-25,6267.5100000000002
1974-03-26,6291.9309000000003
1974-03-27,6176.7660999999998
1974-03-28,6049.5027
1974-03-29,6000.4800999999998
1974-04-01,5974.6566000000003
1974-04-02,5972.8428999999996
1974-04-03,6045.6902
1974-04-04,6039.6229000000003
1974-04-05,5950.2148999999999
1974-04-08,5882.3612000000003
1974-04-09,5926.4579000000003
1974-04-10,5929.3999999999996
1974-04-11,5937.0870000000004
1974-04-15,5936.4721
1974-04-16,6067.0532999999996
1974-04-17,6106.4674999999997
1974-04-18,6157.7399999999998
1974-04-19,6076.4358000000002
1974-04-22,6055.1466
1974-04-23,5938.8662000000004
1974-04-24,5824.8186999999998
1974-04-25,5788.1016
1974-04-26,5824.5459000000001
1974-04-29,5816.3707999999997
1974-04-30,5826.2377999999999
1974-05-01,5932.2546000000002
1974-05-02,5934.6063000000004
1974-05-03,5888.2951999999996
1974-05-06,5865.8986000000004
1974-05-07,5886.9948999999997
1974-05-08,5903.4574000000002
1974-05-09,5984.9040999999997
1974-05-10,5903.4880000000003
1974-05-13,5844.4319999999998
1974-05-14,5849.6711999999998
1974-05-15,5842.0456999999997
1974-05-16,5801.7147000000004
1974-05-17,5699.5838000000003
1974-05-20,5686.4543999999996
1974-05-21,5656.8644999999997
1974-05-22,5600.8414000000002
1974-05-23,5612.5830999999998
1974-05-24,5707.4157999999998
1974-05-28,5711.9612999999999
1974-05-29,5578.2809999999999
1974-05-30,5617.8669
1974-05-31,5577.3981999999996
1974-06-03,5685.0219999999999
1974-06-04,5783.9210999999996
1974-06-05,5808.1929
1974-06-06,5903.4265999999998
1974-06-07,5932.3323
1974-06-10,5970.2780000000002
1974-06-11,5939.2111999999997
1974-06-12,5921.9663
1974-06-13,5936.7501000000002
1974-06-14,5892.2031999999999
1974-06-17,5826.1895000000004
1974-06-18,5787.7159000000001
1974-06-19,5736.1845000000003
1974-06-20,5696.5843999999997
1974-06-21,5648.7127
1974-06-24,5672.982
1974-06-25,5724.0186000000003
1974-06-26,5620.3933999999999
1974-06-27,5523.1405000000004
1974-06-28,5519.2546000000002
1974-07-01,5523.0983999999999
1974-07-02,5365.6702999999998
1974-07-03,5376.9191000000001
1974-07-05,5327.9699000000001
1974-07-08,5182.4973
1974-07-09,5218.2380000000003
1974-07-10,5139.9458000000004
1974-07-11,5129.1336000000001
1974-07-12,5330.6902
1974-07-15,5370.6513999999997
1974-07-16,5306.7214000000004
1974-07-17,5371.9750999999997
1974-07-18,5373.0303000000004
1974-07-19,5356.3548000000001
1974-07-22,5388.4737999999998
1974-07-23,5441.2615999999998
1974-07-24,5433.6243999999997
1974-07-25,5349.3837999999996
1974-07-26,5276.6130999999996
1974-07-29,5195.8620000000001
1974-07-30,5174.0209000000004
1974-07-31,5112.4314999999997
1974-08-01,5060.2664999999997
1974-08-02,5036.9712
1974-08-05,5087.8266000000003
1974-08-06,5168.1961000000001
1974-08-07,5323.2235000000001
1974-08-08,5271.0369000000001
1974-08-09,5232.0123999999996
1974-08-12,5169.7327999999998
1974-08-13,5080.7948999999999
1974-08-14,4991.8627999999999
1974-08-15,4963.8905999999997
1974-08-16,4923.1689999999999
1974-08-19,4825.6725999999999
1974-08-20,4842.0627000000004
1974-08-21,4746.6567999999997
1974-08-22,4702.0212000000001
1974-08-23,4592.4472999999998
1974-08-26,4634.6814999999997
1974-08-27,4554.4849000000004
1974-08-28,4538.9834000000001
1974-08-29,4481.7759999999998
1974-08-30,4624.7286000000004
1974-09-03,4510.9438
1974-09-04,4394.0941999999995
1974-09-05,4529.8561
1974-09-06,4560.6428999999998
1974-09-09,4458.0122000000001
1974-09-10,4443.7305999999999
1974-09-11,4413.0529999999999
1974-09-12,4303.5934999999999
1974-09-13,4184.799
1974-09-16,4252.1593000000003
1974-09-17,4311.2491
1974-09-18,4294.4197999999997
1974-09-19,4437.4087
1974-09-20,4455.5861999999997
1974-09-23,4394.0832
1974-09-24,4306.1858000000002
1974-09-25,4291.9601000000002
1974-09-26,4196.6632
1974-09-27,4096.7676000000001
1974-09-30,4004.1660999999999
1974-10-01,3988.9358999999999
1974-10-02,3999.6918000000001
1974-10-03,3936.0823999999998
1974-10-04,3926.6217999999999
1974-10-07,4103.6984000000002
1974-10-08,4091.3726000000001
1974-10-09,4293.8810000000003
1974-10-10,4431.6992
1974-10-11,4524.3059000000003
1974-10-14,4620.6575000000003
1974-10-15,4481.0971
1974-10-16,4357.8509000000004
1974-10-17,4445.4282000000003
1974-10-18,4516.0946000000004
1974-10-21,4610.4647999999997
1974-10-22,4575.4088000000002
1974-10-23,4451.3989000000001
1974-10-24,4402.4175999999998
1974-10-25,4395.7983000000004
1974-10-28,4368.5285999999996
1974-10-29,4524.0326999999997
1974-10-30,4614.4971999999998
1974-10-31,4572.9502000000002
1974-11-01,4534.9784
1974-11-04,4490.9728999999998
1974-11-05,4599.6383999999998
1974-11-06,4592.7224999999999
1974-11-07,4595.9210000000003
1974-11-08,4599.5812999999998
1974-11-11,4633.6018000000004
1974-11-12,4545.0834999999997
1974-11-13,4552.7938999999997
1974-11-14,4536.8428000000004
1974-11-15,4453.3486999999996
1974-11-18,4291.6763000000001
1974-11-19,4224.2816000000003
1974-11-20,4211.1713
1974-11-21,4247.3723
1974-11-22,4297.9008999999996
1974-11-25,4298.7451000000001
1974-11-26,4338.2781999999997
1974-11-27,4333.9243999999999
1974-11-29,4322.6406999999999
1974-12-02,4195.5397000000003
1974-12-03,4131.3329000000003
1974-12-04,4124.7079999999996
1974-12-05,4022.8130000000001
1974-12-06,3954.4108000000001
1974-12-09,3999.0814999999998
1974-12-10,4065.0520999999999
1974-12-11,4098.3710000000001
1974-12-12,4077.8645000000001
1974-12-13,4021.5754000000002
1974-12-16,3992.6057000000001
1974-12-17,4039.7042000000001
1974-12-18,4055.8485999999998
1974-12-19,4049.3447999999999
1974-12-20,4007.2170999999998
1974-12-23,3939.0801000000001
1974-12-24,3994.2132000000001
1974-12-26,4022.9571999999998
1974-12-27,4008.4602
1974-12-30,4022.0747000000001
1974-12-31,4106.1216999999997
1975-01-02,4184.9444999999996
1975-01-03,4206.6913000000004
1975-01-06,4246.2191999999995
1975-01-07,4269.9827999999998
1975-01-08,4231.1107000000002
1975-01-09,4306.4093999999996
1975-01-10,4403.7188999999998
1975-01-13,4397.5379000000003
1975-01-14,4368.0586999999996
1975-01-15,4427.0119000000004
1975-01-16,4431.8657999999996
1975-01-17,4368.0311000000002
1975-01-20,4381.5564000000004
1975-01-21,4374.9683999999997
1975-01-22,4437.5149000000001
1975-01-23,4451.6990999999998
1975-01-24,4483.2902000000004
1975-01-27,4656.7775000000001
1975-01-28,4686.0986000000003
1975-01-29,4753.0931
1975-01-30,4711.2488999999996
1975-01-31,4771.5361000000003
1975-02-03,4853.5893999999998
1975-02-04,4830.2749000000003
1975-02-05,4911.4062000000004
1975-02-06,4906.9683999999997
1975-02-07,4908.4229999999998
1975-02-10,4876.0099
1975-02-11,4876.9677000000001
1975-02-12,4953.0308999999997
1975-02-13,5044.6442999999999
1975-02-14,5083.9745000000003
1975-02-18,5058.0281000000004
1975-02-19,5084.3118000000004
1975-02-20,5151.4065000000001
1975-02-21,5224.0230000000001
1975-02-24,5162.8833000000004
1975-02-25,5027.0810000000001
1975-02-26,5071.3013000000001
1975-02-27,5084.4686000000002
1975-02-28,5150.0401000000002
1975-03-03,5261.2626
1975-03-04,5311.7519000000002
1975-03-05,5271.8948
1975-03-06,5325.6493
1975-03-07,5382.6147000000001
1975-03-10,5411.6616000000004
1975-03-11,5367.8077999999996
1975-03-12,5320.5519999999997
1975-03-13,5345.0074999999997
1975-03-14,5443.3365000000003
1975-03-17,5558.1715000000004
1975-03-18,5504.2374
1975-03-19,5466.2385000000004
1975-03-20,5431.2349999999997
1975-03-21,5411.1201000000001
1975-03-24,5279.6104999999998
1975-03-25,5297.0144
1975-03-26,5410.3516
1975-03-27,5428.1863999999996
1975-03-31,5416.7677999999996
1975-04-01,5366.9142000000002
1975-04-02,5341.6706000000004
1975-04-03,5273.2781000000004
1975-04-04,5250.0568000000003
1975-04-07,5218.0127000000002
1975-04-08,5244.0842000000002
1975-04-09,5375.692
1975-04-10,5445.0191999999997
1975-04-11,5507.6175000000003
1975-04-14,5639.7806
1975-04-15,5702.9260000000004
1975-04-16,5750.2398999999996
1975-04-17,5821.5223999999998
1975-04-18,5770.8543
1975-04-21,5857.3964999999998
1975-04-22,5831.0173000000004
1975-04-23,5757.5257000000001
1975-04-24,5767.8687
1975-04-25,5835.3320999999996
1975-04-28,5817.8053
1975-04-29,5757.8611000000001
1975-04-30,5882.7861999999996
1975-05-01,5952.7703000000001
1975-05-02,6040.2547999999997
1975-05-05,6106.6760000000004
1975-05-06,5975.9713000000002
1975-05-07,6000.4515000000001
1975-05-08,6028.0321000000004
1975-05-09,6088.2909
1975-05-12,6091.9220999999998
1975-05-13,6136.9805999999999
1975-05-14,6176.2353000000003
1975-05-15,6098.3927000000003
1975-05-16,6031.2885999999999
1975-05-19,6053.5829000000003
1975-05-20,6049.3236999999999
1975-05-21,5967.6361999999999
1975-05-22,5971.7923000000001
1975-05-23,6057.7647999999999
1975-05-27,6039.5698000000002
1975-05-28,5994.2515000000003
1975-05-29,5975.0484999999999
1975-05-30,6063.4579000000003
1975-06-02,6154.3881000000001
1975-06-03,6174.6755999999996
1975-06-04,6129.5784000000003
1975-06-05,6124.0398999999998
1975-06-06,6101.9714999999997
1975-06-09,5993.9448000000002
1975-06-10,5933.3845000000001
1975-06-11,5946.4168
1975-06-12,5910.1224000000002
1975-06-13,5933.1508000000003
1975-06-16,5974.6616000000004
1975-06-17,5929.2329
1975-06-18,5909.0523000000003
1975-06-19,6018.9395999999997
1975-06-20,6067.0695999999998
1975-06-23,6133.7857000000004
1975-06-24,6175.4735000000001
1975-06-25,6211.8868000000002
1975-06-26,6232.9849999999997
1975-06-27,6249.7918
1975-06-30,6287.2682000000004
1975-07-01,6250.7795999999998
1975-07-02,6209.5020999999997
1975-07-03,6215.0685000000003
1975-07-07,6156.0032000000001
1975-07-08,6151.6719999999996
1975-07-09,6276.5289000000002
1975-07-10,6275.2511999999997
1975-07-11,6264.5609000000004
1975-07-14,6310.2698
1975-07-15,6334.2263000000003
1975-07-16,6285.4300999999996
1975-07-17,6231.9814999999999
1975-07-18,6210.1472999999996
1975-07-21,6142.4345999999996
1975-07-22,6062.5609999999997
1975-07-23,5963.7196000000004
1975-07-24,5960.7164000000002
1975-07-25,5918.3739999999998
1975-07-28,5881.6589999999997
1975-07-29,5843.9953999999998
1975-07-30,5888.9732000000004
1975-07-31,5903.6746000000003
1975-08-01,5845.2071999999998
1975-08-04,5799.0092000000004
1975-08-05,5734.6194999999998
1975-08-06,5738.0397999999996
1975-08-07,5744.3311000000003
1975-08-08,5727.652
1975-08-11,5760.8519999999999
1975-08-12,5811.5268999999998
1975-08-13,5731.8882000000003
1975-08-14,5713.5257000000001
1975-08-15,5775.7826999999997
1975-08-18,5770.5639000000001
1975-08-19,5677.0600999999997
1975-08-20,5567.4726000000001
1975-08-21,5545.1827999999996
1975-08-22,5647.1944000000003
1975-08-25,5694.6107000000002
1975-08-26,5633.0884999999998
1975-08-27,5664.0504000000001
1975-08-28,5799.4009999999998
1975-08-29,5849.835
1975-09-02,5755.0468000000001
1975-09-03,5802.2175999999999
1975-09-04,5835.2695999999996
1975-09-05,5805.4889000000003
1975-09-08,5808.9513999999999
1975-09-09,5739.8041000000003
1975-09-10,5652.5385999999999
1975-09-11,5638.3870999999999
1975-09-12,5617.5048999999999
1975-09-15,5580.9710999999998
1975-09-16,5515.6538
1975-09-17,5519.4949999999999
1975-09-18,5635.9367000000002
1975-09-19,5768.9246000000003
1975-09-22,5697.3693999999996
1975-09-23,5688.8029999999999
1975-09-24,5733.1553000000004
1975-09-25,5707.3356000000003
1975-09-26,5711.8810999999996
1975-09-29,5633.6080000000002
1975-09-30,5545.7035999999998
1975-10-01,5469.7075999999997
1975-10-02,5511.8047999999999
1975-10-03,5647.3755000000001
1975-10-06,5728.6776
1975-10-07,5702.8780999999999
1975-10-08,5757.6053000000002
1975-10-09,5790.9789000000001
1975-10-10,5779.3761999999997
1975-10-13,5864.8904000000002
1975-10-14,5849.0342000000001
1975-10-15,5866.5604000000003
1975-10-16,5877.0992999999999
1975-10-17,5843.5788000000002
1975-10-20,5893.2284
1975-10-21,5932.692
1975-10-22,5931.4841999999999
1975-10-23,5961.7136
1975-10-24,5865.7087000000001
1975-10-27,5865.6877999999997
1975-10-28,5938.4013999999997
1975-10-29,5852.2732999999998
1975-10-30,5839.3774000000003
1975-10-31,5814.8311999999996
1975-11-03,5754.3361999999997
1975-11-04,5772.7295000000004
1975-11-05,5827.5497999999998
1975-11-06,5838.6013999999996
1975-11-07,5816.9777000000004
1975-11-10,5813.4666999999999
1975-11-11,5846.0014000000001
1975-11-12,5940.1010999999999
1975-11-13,5937.7039000000004
1975-11-14,5928.1823000000004
1975-11-17,5949.5025999999998
1975-11-18,5904.8600999999999
1975-11-19,5843.4285
1975-11-20,5838.1485000000002
1975-11-21,5856.8096999999998
1975-11-24,5870.8451999999997
1975-11-25,5937.1647000000003
1975-11-26,5960.8922000000002
1975-11-28,5988.2910000000002
1975-12-01,5956.5316999999995
1975-12-02,5852.2710999999999
1975-12-03,5731.6934000000001
1975-12-04,5751.1607000000004
1975-12-05,5686.7272000000003
1975-12-08,5690.1189000000004
1975-12-09,5712.8590000000004
1975-12-10,5773.9661999999998
1975-12-11,5764.7073
1975-12-12,5753.1572999999999
1975-12-15,5772.1220999999996
1975-12-16,5833.2860000000001
1975-12-17,5867.6815999999999
1975-12-18,5894.0652
1975-12-19,5855.7326999999996
1975-12-22,5795.3977999999997
1975-12-23,5836.5244000000002
1975-12-24,5898.3707000000004
1975-12-26,5947.3060999999998
1975-12-29,5928.8482000000004
1975-12-30,5899.7757000000001
1975-12-31,5925.7136
1976-01-02,5968.9502000000002
1976-01-05,6084.7264999999998
1976-01-06,6180.8433999999997
1976-01-07,6235.2128000000002
1976-01-08,6285.0721999999996
1976-01-09,6325.2741999999998
1976-01-12,6437.2089999999998
1976-01-13,6380.5385999999999
1976-01-14,6518.3353999999999
1976-01-15,6510.4901
1976-01-16,6572.9675999999999
1976-01-19,6685.9991
1976-01-20,6732.1086999999998
1976-01-21,6700.4436999999998
1976-01-22,6674.9580999999998
1976-01-23,6748.3588
1976-01-26,6792.8738999999996
1976-01-27,6786.7359999999999
1976-01-28,6749.3846999999996
1976-01-29,6882.3235000000004
1976-01-30,6949.0574999999999
1976-02-02,6957.3715000000002
1976-02-03,6993.5249999999996
1976-02-04,7054.3437000000004
1976-02-05,6952.7358999999997
1976-02-06,6885.2695999999996
1976-02-09,6929.9992000000002
1976-02-10,7006.2044999999998
1976-02-11,7068.5347000000002
1976-02-12,7056.4929000000002
1976-02-13,7012.7174999999997
1976-02-17,6965.0059000000001
1976-02-18,7032.5415999999996
1976-02-19,7171.0576000000001
1976-02-20,7247.0451999999996
1976-02-23,7224.5535
1976-02-24,7270.0423000000001
1976-02-25,7294.0074999999997
1976-02-26,7167.0657000000001
1976-02-27,7115.4372999999996
1976-03-01,7158.1045000000004
1976-03-02,7220.3544000000002
1976-03-03,7180.6166999999996
1976-03-04,7109.5029000000004
1976-03-05,7130.0950999999995
1976-03-08,7230.6040000000003
1976-03-09,7293.4844000000003
1976-03-10,7308.0452999999998
1976-03-11,7367.2143999999998
1976-03-12,7269.9408999999996
1976-03-15,7180.4946
1976-03-16,7245.8114999999998
1976-03-17,7248.6839
1976-03-18,7203.7161999999998
1976-03-19,7192.8849
1976-03-22,7204.3678
1976-03-23,7284.3105999999998
1976-03-24,7360.0414000000001
1976-03-25,7303.3428000000004
1976-03-26,7309.8896999999997
1976-03-29,7266.7352000000001
1976-03-30,7221.6554999999998
1976-03-31,7276.5142999999998
1976-04-01,7251.7482
1976-04-02,7223.4404999999997
1976-04-05,7321.6535000000003
1976-04-06,7308.4483
1976-04-07,7214.8741
1976-04-08,7136.9277000000002
1976-04-09,7072.6698999999999
1976-04-12,7060.6211000000003
1976-04-13,7116.3747000000003
1976-04-14,7067.9579999999996
1976-04-15,7096.2046
1976-04-19,7155.0776999999998
1976-04-20,7242.3441000000003
1976-04-21,7290.1176999999998
1976-04-22,7274.0533999999998
1976-04-23,7212.9254000000001
1976-04-26,7217.2273999999998
1976-04-27,7172.4548000000004
1976-04-28,7186.0568999999996
1976-04-29,7186.7497999999996
1976-04-30,7145.7596999999996
1976-05-03,7082.1369000000004
1976-05-04,7126.7290000000003
1976-05-05,7066.1264000000001
1976-05-06,7090.1260000000002
1976-05-07,7161.0019000000002
1976-05-10,7264.8109000000004
1976-05-11,7274.2291999999998
1976-05-12,7256.0176000000001
1976-05-13,7220.4372000000003
1976-05-14,7161.2039000000004
1976-05-17,7140.4107999999997
1976-05-18,7144.6695
1976-05-19,7150.3598000000002
1976-05-20,7233.2784000000001
1976-05-21,7195.6395000000002
1976-05-24,7073.2879000000003
1976-05-25,7059.1161000000002
1976-05-26,7053.4435999999996
1976-05-27,7048.4809999999998
1976-05-28,7087.9273000000003
1976-06-01,7074.4349000000002
1976-06-02,7076.5320000000002
1976-06-03,7073.6760999999997
1976-06-04,6995.8404
1976-06-07,6936.3508000000002
1976-06-08,6959.2160000000003
1976-06-09,6963.3666999999996
1976-06-10,7016.2633999999998
1976-06-11,7137.6197000000002
1976-06-14,7226.1007
1976-06-15,7215.9583000000002
1976-06-16,7261.3931000000002
1976-06-17,7359.3959999999997
1976-06-18,7359.3697000000002
1976-06-21,7397.6121000000003
1976-06-22,7351.7205000000004
1976-06-23,7345.0776999999998
1976-06-24,7379.5733
1976-06-25,7375.1192000000001
1976-06-28,7350.0174999999999
1976-06-29,7381.5963000000002
1976-06-30,7401.5002999999997
1976-07-01,7325.2384000000002
1976-07-02,7352.3155999999999
1976-07-06,7309.6459000000004
1976-07-07,7319.1223
1976-07-08,7332.2705999999998
1976-07-09,7409.2332999999999
1976-07-12,7486.2628000000004
1976-07-13,7460.0342000000001
1976-07-14,7488.3557000000001
1976-07-15,7452.3847999999998
1976-07-16,7409.1343999999999
1976-07-19,7381.6940999999997
1976-07-20,7307.8508000000002
1976-07-21,7299.0553
1976-07-22,7295.3797000000004
1976-07-23,7290.2469000000001
1976-07-26,7278.5564000000004
1976-07-27,7241.4098000000004
1976-07-28,7205.9009999999998
1976-07-29,7208.0370999999996
1976-07-30,7251.9803000000002
1976-08-02,7249.0537000000004
1976-08-03,7308.4700000000003
1976-08-04,7342.0628999999999
1976-08-05,7297.2501000000002
1976-08-06,7273.1431000000002
1976-08-09,7266.5712999999996
1976-08-10,7339.9377000000004
1976-08-11,7320.8275999999996
1976-08-12,7307.6239999999998
1976-08-13,7304.6749
1976-08-16,7323.6409000000003
1976-08-17,7346.3180000000002
1976-08-18,7314.7025999999996
1976-08-19,7210.0762999999997
1976-08-20,7129.2977000000001
1976-08-23,7115.7264999999998
1976-08-24,7080.1225000000004
1976-08-25,7109.1256999999996
1976-08-26,7077.8202000000001
1976-08-27,7074.9638000000004
1976-08-30,7104.6532999999999
1976-08-31,7150.0977000000003
1976-09-01,7235.8734000000004
1976-09-02,7245.2542000000003
1976-09-03,7274.2093000000004
1976-09-07,7336.7415000000001
1976-09-08,7320.5744999999997
1976-09-09,7279.5531000000001
1976-09-10,7288.2626
1976-09-13,7245.9647000000004
1976-09-14,7205.3613999999998
1976-09-15,7199.5713999999998
1976-09-16,7270.8213999999998
1976-09-17,7339.8681999999999
1976-09-20,7339.1080000000002
1976-09-21,7439.6275999999998
1976-09-22,7422.4898999999996
1976-09-23,7374.2172
1976-09-24,7388.2019
1976-09-27,7411.8176999999996
1976-09-28,7312.4728999999998
1976-09-29,7269.3032000000003
1976-09-30,7249.6500999999998
1976-10-01,7157.5537000000004
1976-10-04,7154.6651000000002
1976-10-05,7075.9381999999996
1976-10-06,7039.8257000000003
1976-10-07,7072.1836999999996
1976-10-08,7002.8510999999999
1976-10-11,6914.5901000000003
1976-10-12,6855.1000000000004
1976-10-13,6934.5946000000004
1976-10-14,6861.7565999999997
1976-10-15,6873.3971000000001
1976-10-18,6924.2357000000002
1976-10-19,6926.2882
1976-10-20,6959.5096999999996
1976-10-21,6909.3764000000001
1976-10-22,6841.6397999999999
1976-10-25,6849.1412
1976-10-26,6901.8550999999998
1976-10-27,6929.4378999999999
1976-10-28,6894.7659000000003
1976-10-29,6981.6153000000004
1976-11-01,7003.9315999999999
1976-11-03,6919.8594000000003
1976-11-04,6996.6450999999997
1976-11-05,6900.0663999999997
1976-11-08,6826.9011
1976-11-09,6800.2518
1976-11-10,6768.2663000000002
1976-11-11,6814.9431999999997
1976-11-12,6796.5185000000001
1976-11-15,6831.1565000000001
1976-11-16,6862.5554000000002
1976-11-17,6907.8236999999999
1976-11-18,6994.1468999999997
1976-11-19,7023.4973
1976-11-22,7064.2084999999997
1976-11-23,7036.6328999999996
1976-11-24,7065.4579000000003
1976-11-26,7120.5433000000003
1976-11-29,7086.3392000000003
1976-11-30,7057.9686000000002
1976-12-01,7060.0607
1976-12-02,7028.9713000000002
1976-12-03,7047.2214999999997
1976-12-06,7124.0110000000004
1976-12-07,7121.1360000000004
1976-12-08,7139.6255000000001
1976-12-09,7165.3027000000002
1976-12-10,7181.0406999999996
1976-12-13,7188.9142000000002
1976-12-14,7229.8653999999997
1976-12-15,7250.0832
1976-12-16,7218.8819000000003
1976-12-17,7201.5308000000005
1976-12-20,7147.4935999999998
1976-12-21,7188.9236000000001
1976-12-22,7203.9946
1976-12-23,7205.4097000000002
1976-12-27,7288.2461999999996
1976-12-28,7338.509
1976-12-29,7315.7334000000001
1976-12-30,7357.4070000000002
1976-12-31,7414.7685000000001
1977-01-03,7388.7902999999997
1977-01-04,7318.5703999999996
1977-01-05,7243.8949000000002
1977-01-06,7243.8689999999997
1977-01-07,7248.1895000000004
1977-01-10,7265.5591999999997
1977-01-11,7185.6121000000003
1977-01-12,7125.2272999999996
1977-01-13,7190.0414000000001
1977-01-14,7179.9497000000001
1977-01-17,7152.6403
1977-01-18,7121.8584000000001
1977-01-19,7163.1396999999997
1977-01-20,7090.7664000000004
1977-01-21,7121.2313999999997
1977-01-24,7114.0847000000003
1977-01-25,7099.8311000000003
1977-01-26,7049.3969999999999
1977-01-27,7001.4359000000004
1977-01-28,7010.5128000000004
1977-01-31,6992.2604000000001
1977-02-01,7018.8059999999996
1977-02-02,7008.2527
1977-02-03,6972.4856
1977-02-04,7003.1396000000004
1977-02-07,6992.6099000000004
1977-02-08,6985.5923000000003
1977-02-09,6940.8595999999998
1977-02-10,6960.9633000000003
1977-02-11,6921.9570999999996
1977-02-14,6957.9264999999996
1977-02-15,7007.9987000000001
1977-02-16,7036.7065000000002
1977-02-17,7007.8308999999999
1977-02-18,6992.3886000000002
1977-02-22,7014.04
1977-02-23,6998.5841
1977-02-24,6952.3684999999996
1977-02-25,6956.5150000000003
1977-02-28,6957.8815000000004
1977-03-01,7014.9112999999998
1977-03-02,6999.4534000000003
1977-03-03,7045.6247999999996
1977-03-04,7075.1913000000004
1977-03-07,7088.6089000000002
1977-03-08,7059.5203000000001
1977-03-09,6993.1355999999996
1977-03-10,7026.6776
1977-03-11,7035.7871999999998
1977-03-14,7117.3771999999999
1977-03-15,7174.2907999999998
1977-03-16,7187.1788999999999
1977-03-17,7174.2163
1977-03-18,7157.6899999999996
1977-03-21,7130.4651999999996
1977-03-22,7131.8658999999998
1977-03-23,7081.9173000000001
1977-03-24,7036.5677999999998
1977-03-25,7004.1743999999999
1977-03-28,6998.5460999999996
1977-03-29,7040.5123000000003
1977-03-30,6952.4808000000003
1977-03-31,6956.6274999999996
1977-04-01,7011.5600000000004
1977-04-04,6947.7296999999999
1977-04-05,6919.9139999999998
1977-04-06,6909.5093999999999
1977-04-07,6946.1050999999998
1977-04-11,6973.8647000000001
1977-04-12,7085.4216999999999
1977-04-13,7118.6979000000001
1977-04-14,7202.6731
1977-04-15,7214.1715999999997
1977-04-18,7186.732
1977-04-19,7158.6781000000001
1977-04-20,7183.7079000000003
1977-04-21,7132.6778999999997
1977-04-22,7039.2142999999996
1977-04-25,6919.5226000000002
1977-04-26,6921.5736999999999
1977-04-27,7001.8392000000003
1977-04-28,7017.2183000000005
1977-04-29,7025.6139000000003
1977-05-02,7043.1527999999998
1977-05-03,7086.0909000000001
1977-05-04,7136.3768
1977-05-05,7155.6196
1977-05-06,7121.9625999999998
1977-05-09,7109.8298000000004
1977-05-10,7134.6887999999999
1977-05-11,7091.8552
1977-05-12,7091.8298999999997
1977-05-13,7117.3352000000004
1977-05-16,7147.9143000000004
1977-05-17,7170.0473000000002
1977-05-18,7201.5699000000004
1977-05-19,7158.3347999999996
1977-05-20,7119.6541999999999
1977-05-23,7034.1929
1977-05-24,6979.3010999999997
1977-05-25,6915.7645000000002
1977-05-26,6917.1229999999996
1977-05-27,6845.8518999999997
1977-05-31,6825.2898999999998
1977-06-01,6884.6454999999996
1977-06-02,6867.4093000000003
1977-06-03,6923.0108
1977-06-06,6884.2172
1977-06-07,6933.759
1977-06-08,6965.6295
1977-06-09,6945.4043000000001
1977-06-10,6965.5212000000001
1977-06-13,6973.8549999999996
1977-06-14,7044.2659999999996
1977-06-15,7026.6301999999996
1977-06-16,7049.7929000000004
1977-06-17,7058.9324999999999
1977-06-20,7094.2020000000002
1977-06-21,7118.2969000000003
1977-06-22,7092.6455999999998
1977-06-23,7099.0037000000002
1977-06-24,7139.4426000000003
1977-06-27,7111.5733
1977-06-28,7043.2767999999996
1977-06-29,7043.2515999999996
1977-06-30,7081.9643999999998
1977-07-01,7057.1522000000004
1977-07-05,7050.0699000000004
1977-07-06,6987.2991000000002
1977-07-07,7003.3449000000001
1977-07-08,7000.5185000000001
1977-07-11,6959.1904999999997
1977-07-12,6935.5043999999998
1977-07-13,6925.7699000000002
1977-07-15,6939.5967000000001
1977-07-18,6974.2699000000002
1977-07-19,7001.4445999999998
1977-07-20,7026.6247999999996
1977-07-21,7029.4103999999998
1977-07-22,7025.8706000000002
1977-07-25,6968.9359000000004
1977-07-26,6940.3383999999996
1977-07-27,6799.4247999999998
1977-07-28,6783.0819000000001
1977-07-29,6787.8058000000001
1977-08-01,6802.7147000000004
1977-08-02,6745.5475999999999
1977-08-03,6723.9377999999997
1977-08-04,6765.6022000000003
1977-08-05,6767.6076999999996
1977-08-08,6707.3518000000004
1977-08-09,6714.7058999999999
1977-08-10,6779.1431000000002
1977-08-11,6745.9011
1977-08-12,6712.1475
1977-08-15,6740.9858000000004
1977-08-16,6722.7610999999997
1977-08-17,6718.0311000000002
1977-08-18,6726.7406000000001
1977-08-19,6728.0618999999997
1977-08-22,6772.4431000000004
1977-08-23,6768.3554000000004
1977-08-24,6739.2272999999996
1977-08-25,6657.6585999999998
1977-08-26,6664.9582
1977-08-29,6706.9237000000003
1977-08-30,6678.0599000000002
1977-08-31,6688.0532000000003
1977-09-01,6706.7557999999999
1977-09-02,6750.9965000000002
1977-09-06,6765.8245999999999
1977-09-07,6784.7447000000002
1977-09-08,6731.1210000000001
1977-09-09,6666.4781999999996
1977-09-12,6625.1221999999998
1977-09-13,6618.4733999999999
1977-09-14,6654.8513999999996
1977-09-15,6674.1266999999998
1977-09-16,6644.7367000000004
1977-09-19,6590.2260999999999
1977-09-20,6581.6352999999999
1977-09-21,6521.0608000000002
1977-09-22,6518.4290000000001
1977-09-23,6506.0208000000002
1977-09-26,6520.9614000000001
1977-09-27,6509.8523999999998
1977-09-28,6516.9899999999998
1977-09-29,6551.5068000000001
1977-09-30,6612.4124000000002
1977-10-03,6627.5973000000004
1977-10-04,6589.1336000000001
1977-10-05,6558.1412
1977-10-06,6586.3176999999996
1977-10-07,6576.4147000000003
1977-10-10,6559.9502000000002
1977-10-11,6509.4152000000004
1977-10-12,6431.2789000000002
1977-10-13,6379.8056999999999
1977-10-14,6386.1628000000001
1977-10-17,6370.1745000000001
1977-10-18,6370.1517999999996
1977-10-19,6291.7762000000002
1977-10-20,6278.5410000000002
1977-10-21,6237.0802000000003
1977-10-24,6189.6561000000002
1977-10-25,6158.6857
1977-10-26,6227.6409999999996
1977-10-27,6263.1162999999997
1977-10-28,6287.5200999999997
1977-10-31,6279.3239000000003
1977-11-01,6203.3216000000002
1977-11-02,6140.0255999999999
1977-11-03,6152.8977000000004
1977-11-04,6204.5600999999997
1977-11-07,6267.2039999999997
1977-11-08,6279.7160000000003
1977-11-09,6309.2082
1977-11-10,6463.7613000000001
1977-11-11,6577.5003999999999
1977-11-14,6534.0654000000004
1977-11-15,6591.5419000000002
1977-11-16,6567.7888000000003
1977-11-17,6549.3755000000001
1977-11-18,6570.9651000000003
1977-11-21,6574.2271000000001
1977-11-22,6632.7142000000003
1977-11-23,6678.4562999999998
1977-11-25,6715.8317999999999
1977-11-28,6679.5423000000001
1977-11-29,6555.9468999999999
1977-11-30,6570.3465999999999
1977-12-01,6568.3519999999999
1977-12-02,6553.8782000000001
1977-12-05,6540.0915999999997
1977-12-06,6423.0006000000003
1977-12-07,6420.4084999999995
1977-12-08,6442.2148999999999
1977-12-09,6498.2392
1977-12-12,6489.1184000000003
1977-12-13,6483.9040000000005
1977-12-14,6512.4099999999999
1977-12-15,6483.7321000000002
1977-12-16,6474.6318000000001
1977-12-19,6422.1641
1977-12-20,6407.3702000000003
1977-12-21,6449.6360000000004
1977-12-22,6507.6596
1977-12-23,6586.3791000000001
1977-12-27,6588.9901
1977-12-28,6588.3077000000003
1977-12-29,6613.9786000000004
1977-12-30,6619.9075000000003
1978-01-03,6537.1350000000002
1978-01-04,6519.4614000000001
1978-01-05,6478.3654999999999
1978-01-06,6394.7714999999998
1978-01-09,6318.6508999999996
1978-01-10,6291.4580999999998
1978-01-11,6253.6868999999997
1978-01-12,6268.0479999999998
1978-01-13,6266.1451999999999
1978-01-16,6236.6719999999996
1978-01-17,6292.1561000000002
1978-01-18,6352.5383000000002
1978-01-19,6326.4701999999997
1978-01-20,6309.9988000000003
1978-01-23,6248.1382999999996
1978-01-24,6254.9889000000003
1978-01-25,6277.4844999999996
1978-01-26,6217.1981999999998
1978-01-27,6219.0411999999997
1978-01-30,6260.6866
1978-01-31,6230.6129000000001
1978-02-01,6274.8280000000004
1978-02-02,6289.2376999999997
1978-02-03,6268.4607999999998
1978-02-06,6263.4236000000001
1978-02-07,6313.5086000000001
1978-02-08,6351.9984999999997
1978-02-09,6332.2846
1978-02-10,6321.4970999999996
1978-02-13,6307.5672000000004
1978-02-14,6246.3612999999996
1978-02-15,6220.1043
1978-02-16,6161.6130999999996
1978-02-17,6167.7527
1978-02-21,6142.4429
1978-02-22,6151.6346000000003
1978-02-23,6154.6884
1978-02-24,6211.2896000000001
1978-02-27,6152.8813
1978-02-28,6101.1751000000004
1978-03-01,6113.9657999999999
1978-03-02,6140.2340000000004
1978-03-03,6156.1767
1978-03-06,6109.3678
1978-03-07,6138.0600000000004
1978-03-08,6182.8459000000003
1978-03-09,6192.7164000000002
1978-03-10,6275.6765999999998
1978-03-13,6271.8887999999997
1978-03-14,6310.7520999999997
1978-03-15,6290.5352000000003
1978-03-16,6313.1585999999998
1978-03-17,6376.8990000000003
1978-03-20,6419.6013999999996
1978-03-21,6354.7404999999999
1978-03-22,6338.1954999999998
1978-03-23,6334.3699999999999
1978-03-27,6300.7752
1978-03-28,6346.7483000000002
1978-03-29,6382.2674999999999
1978-03-30,6369.4800999999998
1978-03-31,6366.9096
1978-04-03,6314.6782000000003
1978-04-04,6341.1773000000003
1978-04-05,6412.8099000000002
1978-04-06,6438.4382999999998
1978-04-07,6473.8266999999996
1978-04-10,6506.8200999999999
1978-04-11,6502.2421000000004
1978-04-12,6510.6718000000001
1978-04-13,6590.0787
1978-04-14,6731.0829000000003
1978-04-17,6842.1216999999997
1978-04-18,6769.5708000000004
1978-04-19,6816.9336000000003
1978-04-20,6885.7602999999999
1978-04-21,6876.7842000000001
1978-04-24,7001.9170999999997
1978-04-25,7065.6094999999996
1978-04-26,7100.2057999999997
1978-04-27,7028.4683999999997
1978-04-28,7100.8365000000003
1978-05-01,7190.2816999999995
1978-05-02,7177.3135000000002
1978-05-03,7097.6197000000002
1978-05-04,7104.6918999999998
1978-05-05,7156.5308000000005
1978-05-08,7128.5947999999999
1978-05-09,7135.6979000000001
1978-05-10,7168.4966000000004
1978-05-11,7291.7691999999997
1978-05-12,7386.5361000000003
1978-05-15,7452.9885999999997
1978-05-16,7540.1619000000001
1978-05-17,7577.8357999999998
1978-05-18,7517.1860999999999
1978-05-19,7484.0835999999999
1978-05-22,7571.6206000000002
1978-05-23,7501.9346999999998
1978-05-24,7409.6341000000002
1978-05-25,7405.1619000000001
1978-05-26,7388.8441000000003
1978-05-30,7421.3285999999998
1978-05-31,7472.5092000000004
1978-06-01,7470.9880999999996
1978-06-02,7538.9474
1978-06-05,7670.0981000000002
1978-06-06,7709.9552000000003
1978-06-07,7689.1108000000004
1978-06-08,7721.3775999999998
1978-06-09,7739.8814000000002
1978-06-12,7713.5380999999998
1978-06-13,7721.9955
1978-06-14,7731.2343000000001
1978-06-15,7640.7511999999997
1978-06-16,7550.5631000000003
1978-06-19,7510.5181000000002
1978-06-20,7438.3903
1978-06-21,7381.8320000000003
1978-06-22,7406.9039000000002
1978-06-23,7383.9160000000002
1978-06-26,7284.9452000000001
1978-06-27,7308.2309999999998
1978-06-28,7354.9775
1978-06-29,7387.3131999999996
1978-06-30,7368.0798000000004
1978-07-03,7332.6867000000002
1978-07-05,7259.3335999999999
1978-07-06,7263.6633000000002
1978-07-07,7321.0203000000001
1978-07-10,7356.8671999999997
1978-07-11,7405.3962000000001
1978-07-12,7426.8454000000002
1978-07-13,7434.2457000000004
1978-07-14,7564.3185000000003
1978-07-17,7600.6001999999999
1978-07-18,7542.0483999999997
1978-07-19,7677.7784000000001
1978-07-20,7685.4287000000004
1978-07-21,7645.4369999999999
1978-07-24,7644.6451999999999
1978-07-25,7719.5353999999998
1978-07-26,7798.2470999999996
1978-07-27,7868.4035000000003
1978-07-28,7925.0279
1978-07-31,8015.3449000000001
1978-08-01,8012.1100999999999
1978-08-02,8235.6193999999996
1978-08-03,8261.1203999999998
1978-08-04,8297.4398000000001
1978-08-07,8260.0717000000004
1978-08-08,8321.1666999999998
1978-08-09,8396.8595999999998
1978-08-10,8339.7309999999998
1978-08-11,8395.5774000000001
1978-08-14,8393.8683000000001
1978-08-15,8387.1232
1978-08-16,8472.6419000000005
1978-08-17,8517.5167000000001
1978-08-18,8498.7476999999999
1978-08-21,8406.9308999999994
1978-08-22,8432.1216999999997
1978-08-23,8491.9596000000001
1978-08-24,8500.4213
1978-08-25,8497.8407999999999
1978-08-28,8428.1280999999999
1978-08-29,8372.4724000000006
1978-08-30,8368.2561999999998
1978-08-31,8333.9164999999994
1978-09-01,8376.3896999999997
1978-09-05,8414.0535
1978-09-06,8493.1155999999992
1978-09-07,8514.3181000000004
1978-09-08,8628.3794999999991
1978-09-11,8632.6628999999994
1978-09-12,8623.9994000000006
1978-09-13,8571.3621999999996
1978-09-14,8465.9038
1978-09-15,8405.7656999999999
1978-09-18,8313.2721999999994
1978-09-19,8220.9652000000006
1978-09-20,8132.9714999999997
1978-09-21,8121.5563000000002
1978-09-22,8131.2731999999996
1978-09-25,8123.9260000000004
1978-09-26,8178.3272999999999
1978-09-27,8075.2511999999997
1978-09-28,8088.9502000000002
1978-09-29,8139.0729000000001
1978-10-02,8176.4835000000003
1978-10-03,8149.4718999999996
1978-10-04,8215.4534999999996
1978-10-05,8251.5722000000005
1978-10-06,8287.0244999999995
1978-10-09,8387.2679000000007
1978-10-10,8380.5280999999995
1978-10-11,8467.6556999999993
1978-10-12,8426.9807000000001
1978-10-13,8392.3999999999996
1978-10-16,8217.8081000000002
1978-10-17,8050.9571999999998
1978-10-18,7971.2240000000002
1978-10-19,7852.4242999999997
1978-10-20,7697.7034999999996
1978-10-23,7677.6620000000003
1978-10-24,7629.2653
1978-10-25,7596.4322000000002
1978-10-26,7442.9570999999996
1978-10-27,7265.0438999999997
1978-10-30,7281.7275
1978-10-31,7139.7078000000001
1978-11-01,7480.2464
1978-11-02,7400.1809999999996
1978-11-03,7434.1953999999996
1978-11-06,7380.6427000000003
1978-11-07,7242.5982999999997
1978-11-08,7296.8918999999996
1978-11-09,7299.7846
1978-11-10,7343.5573000000004
1978-11-13,7199.5973000000004
1978-11-14,7105.9768000000004
1978-11-15,7120.1634000000004
1978-11-16,7202.7318999999998
1978-11-17,7280.4957000000004
1978-11-20,7343.0819000000001
1978-11-21,7334.2439999999997
1978-11-22,7381.1570000000002
1978-11-24,7435.7511999999997
1978-11-27,7472.9034000000001
1978-11-28,7413.8406999999997
1978-11-29,7297.4170000000004
1978-11-30,7374.0137999999997
1978-12-01,7536.2156999999997
1978-12-04,7533.1742999999997
1978-12-05,7625.8055000000004
1978-12-06,7644.8428000000004
1978-12-07,7621.8809000000001
1978-12-08,7567.7384000000002
1978-12-11,7613.1178
1978-12-12,7578.0702000000001
1978-12-13,7529.5434999999998
1978-12-14,7540.058
1978-12-15,7471.4165000000003
1978-12-18,7261.4430000000002
1978-12-19,7304.2596000000003
1978-12-20,7353.1720999999998
1978-12-21,7373.7347
1978-12-22,7520.4457000000002
1978-12-26,7609.1601000000001
1978-12-27,7536.085
1978-12-28,7499.8847999999998
1978-12-29,7492.3581999999997
1979-01-02,7563.5087999999996
1979-01-03,7660.2947000000004
1979-01-04,7759.0852000000004
1979-01-05,7845.9592000000002
1979-01-08,7840.4390000000003
1979-01-09,7895.2941000000001
1979-01-10,7858.1580000000004
1979-01-11,7917.0661
1979-01-12,7993.8334000000004
1979-01-15,8036.9714999999997
1979-01-16,7926.8362999999999
1979-01-17,7928.3933999999999
1979-01-18,7979.8995999999997
1979-01-19,7980.6691000000001
1979-01-22,8003.7846
1979-01-23,8089.3964999999998
1979-01-24,8051.3473999999997
1979-01-25,8135.8577999999998
1979-01-26,8190.3389999999999
1979-01-29,8174.7480999999998
1979-01-30,8132.2102000000004
1979-01-31,8032.9682000000003
1979-02-01,8029.7263000000003
1979-02-02,8000.7906000000003
1979-02-05,7871.1493
1979-02-06,7873.4825000000001
1979-02-07,7773.4611000000004
1979-02-08,7812.3006999999998
1979-02-09,7831.8035
1979-02-12,7852.9214000000002
1979-02-13,7934.5637999999999
1979-02-14,7910.7317000000003
1979-02-15,7909.1212999999998
1979-02-16,7907.5113000000001
1979-02-20,7973.1153999999997
1979-02-21,7944.3837000000003
1979-02-22,7895.8945999999996
1979-02-23,7840.5950999999995
1979-02-26,7816.2613000000001
1979-02-27,7649.7470000000003
1979-02-28,7652.7795999999998
1979-03-01,7719.3314
1979-03-02,7734.7425000000003
1979-03-05,7844.5482000000002
1979-03-06,7820.2021000000004
1979-03-07,7891.3379999999997
1979-03-08,8000.2102999999997
1979-03-09,7987.3814000000002
1979-03-12,7999.3338999999996
1979-03-13,8025.7031999999999
1979-03-14,8012.0308000000005
1979-03-15,8012.8033999999998
1979-03-16,8064.8580000000002
1979-03-19,8111.6054000000004
1979-03-20,8063.7178999999996
1979-03-21,8141.9071999999996
1979-03-22,8207.8276000000005
1979-03-23,8236.5256000000008
1979-03-26,8195.3135999999995
1979-03-27,8337.8827999999994
1979-03-28,8294.4959999999992
1979-03-29,8284.5130000000008
1979-03-30,8227.3202999999994
1979-04-02,8164.7632999999996
1979-04-03,8304.3516
1979-04-04,8325.0828000000001
1979-04-05,8367.5110000000004
1979-04-06,8355.7666000000008
1979-04-09,8328.1627000000008
1979-04-10,8381.4331999999995
1979-04-11,8293.3981999999996
1979-04-12,8266.8297000000002
1979-04-16,8184.9585999999999
1979-04-17,8173.4704000000002
1979-04-18,8225.7513999999992
1979-04-19,8195.2867999999999
1979-04-20,8181.3254999999999
1979-04-23,8214.8397000000004
1979-04-24,8255.8845999999994
1979-04-25,8293.8322000000007
1979-04-26,8254.8215
1979-04-27,8211.0414999999994
1979-04-30,8200.3377999999993
1979-05-01,8195.3883000000005
1979-05-02,8187.9831999999997
1979-05-03,8190.4103999999998
1979-05-04,8116.6674000000003
1979-05-07,7942.1301000000003
1979-05-08,7961.9570000000003
1979-05-09,8006.5155999999997
1979-05-10,7956.0459000000001
1979-05-11,7979.8855999999996
1979-05-14,7947.9376000000002
1979-05-15,7951.0883999999996
1979-05-16,7974.1181999999999
1979-05-17,8099.2833000000001
1979-05-18,8093.5848999999998
1979-05-21,8123.5023000000001
1979-05-22,8160.0290000000005
1979-05-23,8117.5676999999996
1979-05-24,8130.5267999999996
1979-05-25,8143.5065999999997
1979-05-29,8119.8613999999998
1979-05-30,8024.8299999999999
1979-05-31,8030.4187000000002
1979-06-01,8015.9353000000001
1979-06-04,8027.9305999999997
1979-06-05,8128.2510000000002
1979-06-06,8169.6760999999997
1979-06-07,8204.7764999999999
1979-06-08,8208.8495999999996
1979-06-11,8229.3423999999995
1979-06-12,8320.6587
1979-06-13,8298.9953000000005
1979-06-14,8279.0481
1979-06-15,8272.3952000000008
1979-06-18,8236.7944000000007
1979-06-19,8249.9439000000002
1979-06-20,8282.9141999999993
1979-06-21,8322.6425999999992
1979-06-22,8371.7163999999993
1979-06-25,8327.3163999999997
1979-06-26,8279.8209999999999
1979-06-27,8318.7065999999995
1979-06-28,8336.9779999999992
1979-06-29,8342.7841000000008
1979-07-02,8264.3322000000007
1979-07-03,8284.1370999999999
1979-07-05,8293.2199999999993
1979-07-06,8370.3173999999999
1979-07-09,8448.1314000000002
1979-07-10,8425.2913000000008
1979-07-11,8400.8279000000002
1979-07-12,8353.7531999999992
1979-07-13,8316.9668999999994
1979-07-16,8355.1952000000001
1979-07-17,8267.4357999999993
1979-07-18,8238.4703000000009
1979-07-19,8254.9177999999993
1979-07-20,8272.2235999999994
1979-07-23,8258.1312999999991
1979-07-24,8293.6118000000006
1979-07-25,8396.4228999999996
1979-07-26,8407.3083000000006
1979-07-27,8404.7561000000005
1979-07-30,8440.8665000000001
1979-07-31,8496.5460999999996
1979-08-01,8535.5998999999993
1979-08-02,8544.1049999999996
1979-08-03,8550.0553
1979-08-06,8591.9200999999994
1979-08-07,8702.7252000000008
1979-08-08,8760.1321000000007
1979-08-09,8748.7126000000007
1979-08-10,8866.7890000000007
1979-08-13,8957.1985999999997
1979-08-14,8979.5596000000005
1979-08-15,9043.2824000000001
1979-08-16,9013.4071999999996
1979-08-17,9004.3616000000002
1979-08-20,9049.3513000000003
1979-08-21,9050.2239000000009
1979-08-22,9064.6718999999994
1979-08-23,9028.3809000000001
1979-08-24,9004.8747999999996
1979-08-27,9060.6728999999996
1979-08-28,9063.3587000000007
1979-08-29,9074.2024000000001
1979-08-30,9090.5036
1979-08-31,9140.4688999999998
1979-09-04,8997.8449000000001
1979-09-05,8870.0434000000005
1979-09-06,8907.2659000000003
1979-09-07,8944.6445999999996
1979-09-10,8986.6525000000001
1979-09-11,8915.6257999999998
1979-09-12,8953.9312000000009
1979-09-13,8943.1545000000006
1979-09-14,9025.3996000000006
1979-09-17,9030.7826000000005
1979-09-18,8948.5702000000001
1979-09-19,8965.5404999999992
1979-09-20,9083.8536000000004
1979-09-21,9105.6224000000002
1979-09-24,9033.6555000000008
1979-09-25,9034.5265999999992
1979-09-26,9071.5359000000008
1979-09-27,9077.8536000000004
1979-09-28,9020.6306999999997
1979-10-01,8973.6911999999993
1979-10-02,9040.0643999999993
1979-10-03,9071.6723999999995
1979-10-04,9117.9055000000008
1979-10-05,9179.8747000000003
1979-10-08,9047.6517000000003
1979-10-09,8722.8086999999996
1979-10-10,8514.3024000000005
1979-10-11,8517.6777000000002
1979-10-12,8492.9460999999992
1979-10-15,8384.2060000000001
1979-10-16,8359.8618999999999
1979-10-17,8379.8956999999991
1979-10-18,8346.3462
1979-10-19,8171.0430999999999
1979-10-22,8040.2772000000004
1979-10-23,8031.4041999999999
1979-10-24,8043.4225999999999
1979-10-25,8036.1548000000003
1979-10-26,8080.3249999999998
1979-10-29,8102.1130000000003
1979-10-30,8231.7178999999996
1979-10-31,8201.2311000000009
1979-11-01,8247.9488000000001
1979-11-02,8251.2186000000002
1979-11-05,8191.7803000000004
1979-11-06,8144.2386999999999
1979-11-07,8026.1181999999999
1979-11-08,8064.6148999999996
1979-11-09,8169.4260999999997
1979-11-12,8276.4164000000001
1979-11-13,8264.7998000000007
1979-11-14,8296.1766000000007
1979-11-15,8344.2648000000008
1979-11-16,8310.8579000000009
1979-11-19,8320.8011999999999
1979-11-20,8290.8166000000001
1979-11-21,8308.1977999999999
1979-11-23,8354.6939999999995
1979-11-26,8566.8734000000004
1979-11-27,8566.8428000000004
1979-11-28,8607.0763000000006
1979-11-29,8623.3991000000005
1979-11-30,8572.4902000000002
1979-12-03,8565.6016
1979-12-04,8644.3744999999999
1979-12-05,8688.4300000000003
1979-12-06,8746.6113999999998
1979-12-07,8756.2014999999992
1979-12-10,8795.5730999999996
1979-12-11,8783.2278999999999
1979-12-12,8823.5993999999992
1979-12-13,8872.0975999999991
1979-12-14,8957.2381000000005
1979-12-17,8995.7222000000002
1979-12-18,8927.3225999999995
1979-12-19,8906.7579000000005
1979-12-20,8934.3369999999995
1979-12-21,8878.9122000000007
1979-12-24,8900.1898999999994
1979-12-26,8912.6183999999994
1979-12-27,8933.9768000000004
1979-12-28,8950.9195
1979-12-31,8973.2648000000008
1980-01-02,8826.0712000000003
1980-01-03,8760.7268000000004
1980-01-04,8931.5296999999991
1980-01-07,8999.3773999999994
1980-01-08,9211.7306000000008
1980-01-09,9237.4904999999999
1980-01-10,9328.9087
1980-01-11,9382.0501000000004
1980-01-14,9448.6291999999994
1980-01-15,9538.3574000000008
1980-01-16,9571.7075999999997
1980-01-17,9544.8726000000006
1980-01-18,9552.4743999999992
1980-01-21,9668.0252999999993
1980-01-22,9597.4141999999993
1980-01-23,9716.3878000000004
1980-01-24,9735.7859000000008
1980-01-25,9730.8832000000002
1980-01-28,9824.2649000000001
1980-01-29,9769.2139999999999
1980-01-30,9835.6097000000009
1980-01-31,9764.7582000000002
1980-02-01,9803.7824000000001
1980-02-04,9743.9442999999992
1980-02-05,9758.5254000000004
1980-02-06,9787.7661000000007
1980-02-07,9814.1581000000006
1980-02-08,9930.9115999999995
1980-02-11,9895.1247999999996
1980-02-12,9980.1875999999993
1980-02-13,10024.064700000001
1980-02-14,9884.6944000000003
1980-02-15,9816.4547999999995
1980-02-19,9743.7778999999991
1980-02-20,9827.5396000000001
1980-02-21,9707.6085000000003
1980-02-22,9643.5036999999993
1980-02-25,9523.8898000000008
1980-02-26,9533.3796000000002
1980-02-27,9411.3183000000008
1980-02-28,9417.8726000000006
1980-02-29,9494.1237999999994
1980-03-03,9438.0745000000006
1980-03-04,9405.0076000000008
1980-03-05,9249.7914000000001
1980-03-06,9053.6627000000008
1980-03-07,8932.3112999999994
1980-03-10,8856.3547999999992
1980-03-11,8923.6314000000002
1980-03-12,8886.1203000000005
1980-03-13,8806.1134999999995
1980-03-14,8783.1862000000001
1980-03-17,8521.4158000000007
1980-03-18,8598.0781999999999
1980-03-19,8610.0848000000005
1980-03-20,8522.2311000000009
1980-03-21,8455.7273000000005
1980-03-24,8208.7898999999998
1980-03-25,8184.9551000000001
1980-03-26,8129.2681000000002
1980-03-27,7933.3236999999999
1980-03-28,8206.2016999999996
1980-03-31,8311.2117999999991
1980-04-01,8317.8310999999994
1980-04-02,8371.8672999999999
1980-04-03,8340.8615000000009
1980-04-07,8202.3734000000004
1980-04-08,8259.7607000000007
1980-04-09,8352.2404999999999
1980-04-10,8429.0512999999992
1980-04-11,8414.6918000000005
1980-04-14,8331.3562999999995
1980-04-15,8278.0059000000001
1980-04-16,8173.6734999999999
1980-04-17,8098.4465
1980-04-18,8066.8335999999999
1980-04-21,7944.1889000000001
1980-04-22,8236.5066999999999
1980-04-23,8267.7759999999998
1980-04-24,8365.3062000000009
1980-04-25,8402.9202000000005
1980-04-28,8449.9465999999993
1980-04-29,8482.8711999999996
1980-04-30,8509.1378000000004
1980-05-01,8428.2705999999998
1980-05-02,8416.4408999999996
1980-05-05,8488.7922999999992
1980-05-06,8470.0866000000005
1980-05-07,8534.4290000000001
1980-05-08,8484.0454000000009
1980-05-09,8385.6002000000008
1980-05-12,8414.0812999999998
1980-05-13,8516.7029999999995
1980-05-14,8588.2129000000004
1980-05-15,8611.3703999999998
1980-05-16,8653.5354000000007
1980-05-19,8688.9838999999993
1980-05-20,8708.9375999999993
1980-05-21,8713.2608999999993
1980-05-22,8839.5720999999994
1980-05-23,8967.7142999999996
1980-05-27,9013.4176000000007
1980-05-28,9030.5108999999993
1980-05-29,8913.9850999999999
1980-05-30,8988.8307000000004
1980-06-02,8964.5288
1980-06-03,8948.3606
1980-06-04,9075.3953999999994
1980-06-05,9148.8737000000001
1980-06-06,9190.0108999999993
1980-06-09,9198.2491000000009
1980-06-10,9238.6885999999995
1980-06-11,9322.7276000000002
1980-06-12,9296.5907000000007
1980-06-13,9330.0252
1980-06-16,9356.116
1980-06-17,9358.8894
1980-06-18,9350.4330000000009
1980-06-19,9229.7790000000005
1980-06-20,9198.3647999999994
1980-06-23,9225.9269999999997
1980-06-24,9272.9462999999996
1980-06-25,9389.7523000000001
1980-06-26,9358.7325999999994
1980-06-27,9354.0198
1980-06-30,9243.6090000000004
1980-07-01,9285.1722000000009
1980-07-02,9350.1352000000006
1980-07-03,9481.9387999999999
1980-07-07,9560.6049999999996
1980-07-08,9566.3071999999993
1980-07-09,9611.2347000000009
1980-07-10,9567.9498000000003
1980-07-11,9622.4529000000002
1980-07-14,9820.6411000000007
1980-07-15,9820.6059999999998
1980-07-16,9839.2301000000007
1980-07-17,9991.7029999999995
1980-07-18,10100.5769
1980-07-21,10130.8426
1980-07-22,10132.8326
1980-07-23,10099.358
1980-07-24,10092.252399999999
1980-07-25,10029.644399999999
1980-07-28,10093.7983
1980-07-29,10195.7096
1980-07-30,10313.9434
1980-07-31,10304.624
1980-08-01,10298.404500000001
1980-08-04,10322.054
1980-08-05,10338.5324
1980-08-06,10418.102199999999
1980-08-07,10572.252899999999
1980-08-08,10580.673000000001
1980-08-11,10634.596600000001
1980-08-12,10533.530000000001
1980-08-13,10508.2119
1980-08-14,10652.1368
1980-08-15,10688.3161
1980-08-18,10509.782999999999
1980-08-19,10420.4123
1980-08-20,10496.444100000001
1980-08-21,10627.6122
1980-08-22,10697.7165
1980-08-25,10666.6549
1980-08-26,10657.016799999999
1980-08-27,10572.7883
1980-08-28,10434.246999999999
1980-08-29,10456.1217
1980-09-02,10535.550800000001
1980-09-03,10739.902899999999
1980-09-04,10743.086499999999
1980-09-05,10709.7446
1980-09-08,10618.673500000001
1980-09-09,10688.718800000001
1980-09-10,10756.0196
1980-09-11,10848.482900000001
1980-09-12,10860.377500000001
1980-09-15,10860.3387
1980-09-16,10988.4519
1980-09-17,11177.4141
1980-09-18,11193.022499999999
1980-09-19,11304.9128
1980-09-22,11441.661899999999
1980-09-23,11312.3302
1980-09-24,11291.927600000001
1980-09-25,11211.714599999999
1980-09-26,10970.6227
1980-09-29,10716.0651
1980-09-30,10834.9751
1980-10-01,10903.1968
1980-10-02,10983.8415
1980-10-03,11085.951999999999
1980-10-06,11267.722
1980-10-07,11228.244699999999
1980-10-08,11258.5209
1980-10-09,11231.4602
1980-10-10,11177.509099999999
1980-10-13,11264.6538
1980-10-14,11295.0281
1980-10-15,11431.6576
1980-10-16,11308.1549
1980-10-17,11265.1435
1980-10-20,11279.748
1980-10-21,11219.924999999999
1980-10-22,11225.4949
1980-10-23,11076.155699999999
1980-10-24,11093.838
1980-10-27,10992.844499999999
1980-10-28,10992.805200000001
1980-10-29,10986.1703
1980-10-30,10888.3541
1980-10-31,10967.8002
1980-11-03,11100.4714
1980-11-05,11339.091899999999
1980-11-06,11157.625899999999
1980-11-07,11170.975200000001
1980-11-10,11227.907300000001
1980-11-11,11317.690500000001
1980-11-12,11570.034600000001
1980-11-13,11722.717699999999
1980-11-14,11781.2894
1980-11-17,11816.591200000001
1980-11-18,11958.348099999999
1980-11-19,11949.934499999999
1980-11-20,12035.931399999999
1980-11-21,11937.193799999999
1980-11-24,11853.5908
1980-11-25,11931.7821
1980-11-26,11937.705400000001
1980-11-28,11937.6628
1980-12-01,11743.0363
1980-12-02,11738.2971
1980-12-03,11769.9486
1980-12-04,11806.393400000001
1980-12-05,11625.713400000001
1980-12-08,11301.3145
1980-12-09,11230.075800000001
1980-12-10,11039.124400000001
1980-12-11,10881.2255
1980-12-12,11036.788200000001
1980-12-15,11041.163500000001
1980-12-16,11073.143400000001
1980-12-17,11155.045099999999
1980-12-18,11205.203
1980-12-19,11261.189
1980-12-22,11381.6435
1980-12-23,11435.096600000001
1980-12-24,11513.957899999999
1980-12-26,11579.546399999999
1980-12-29,11542.450500000001
1980-12-30,11563.185600000001
1980-12-31,11634.8361
1981-01-02,11681.3339
1981-01-05,11883.379199999999
1981-01-06,11966.520500000001
1981-01-07,11637.3984
1981-01-08,11486.0707
1981-01-09,11535.4197
1981-01-12,11543.453299999999
1981-01-13,11479.9231
1981-01-14,11500.546
1981-01-15,11513.155500000001
1981-01-16,11559.166999999999
1981-01-19,11553.3462
1981-01-20,11366.1407
1981-01-21,11313.8158
1981-01-22,11252.6808
1981-01-23,11251.5154
1981-01-26,11203.093699999999
1981-01-27,11297.159600000001
1981-01-28,11258.709000000001
1981-01-29,11325.0951
1981-01-30,11308.066999999999
1981-02-02,11097.696599999999
1981-02-03,11173.121300000001
1981-02-04,11214.422
1981-02-05,11314.1903
1981-02-06,11403.531999999999
1981-02-09,11338.491099999999
1981-02-10,11350.9229
1981-02-11,11311.154200000001
1981-02-12,11243.2469
1981-02-13,11212.849899999999
1981-02-17,11298.0275
1981-02-18,11378.2032
1981-02-19,11255.278
1981-02-20,11238.354799999999
1981-02-23,11307.9925
1981-02-24,11363.3613
1981-02-25,11454.2276
1981-02-26,11667.2353
1981-02-27,11788.5329
1981-03-02,11819.141
1981-03-03,11749.3658
1981-03-04,11832.7444
1981-03-05,11797.2039
1981-03-06,11826.6548
1981-03-09,11946.0617
1981-03-10,11893.456399999999
1981-03-11,11854.165499999999
1981-03-12,12063.9419
1981-03-13,12141.108
1981-03-16,12342.607099999999
1981-03-17,12299.3639
1981-03-18,12376.805899999999
1981-03-19,12392.8516
1981-03-20,12506.821599999999
1981-03-23,12570.5617
1981-03-24,12454.8676
1981-03-25,12660.3284
1981-03-26,12618.504199999999
1981-03-27,12541.486199999999
1981-03-30,12516.358399999999
1981-03-31,12659.0002
1981-04-01,12751.3657
1981-04-02,12709.2407
1981-04-03,12617.688700000001
1981-04-06,12491.4668
1981-04-07,12462.691800000001
1981-04-08,12500.035400000001
1981-04-09,12613.741099999999
1981-04-10,12674.242
1981-04-13,12604.4884
1981-04-14,12528.8164
1981-04-15,12674.1059
1981-04-16,12728.559300000001
1981-04-20,12823.9781
1981-04-21,12735.4468
1981-04-22,12751.957399999999
1981-04-23,12777.415800000001
1981-04-24,12825.924300000001
1981-04-27,12854.095600000001
1981-04-28,12733.2212
1981-04-29,12575.2837
1981-04-30,12548.8307
1981-05-01,12491.061299999999
1981-05-04,12304.8999
1981-05-05,12233.487499999999
1981-05-06,12240.7839
1981-05-07,12287.2552
1981-05-08,12309.3284
1981-05-11,12176.3436
1981-05-12,12221.3526
1981-05-13,12226.1975
1981-05-14,12286.0622
1981-05-15,12344.991400000001
1981-05-18,12375.809800000001
1981-05-19,12351.013999999999
1981-05-20,12373.2017
1981-05-21,12342.2245
1981-05-22,12355.7569
1981-05-26,12433.554
1981-05-27,12561.575199999999
1981-05-28,12571.579599999999
1981-05-29,12530.048500000001
1981-06-01,12582.629999999999
1981-06-02,12426.5604
1981-06-03,12421.545400000001
1981-06-04,12409.0795
1981-06-05,12498.3806
1981-06-08,12502.0854
1981-06-09,12400.7739
1981-06-10,12415.6106
1981-06-11,12575.7276
1981-06-12,12600.8341
1981-06-15,12654.9727
1981-06-16,12516.988300000001
1981-06-17,12543.229300000001
1981-06-18,12426.532499999999
1981-06-19,12416.5468
1981-06-22,12382.977800000001
1981-06-23,12488.188899999999
1981-06-24,12420.7081
1981-06-25,12419.421700000001
1981-06-26,12384.6029
1981-06-29,12312.727999999999
1981-06-30,12231.42
1981-07-01,12102.946400000001
1981-07-02,11983.084000000001
1981-07-06,11815.2781
1981-07-07,11785.697700000001
1981-07-08,11783.2984
1981-07-09,11859.8478
1981-07-10,11863.3634
1981-07-13,11833.6626
1981-07-14,11760.2516
1981-07-15,11831.947200000001
1981-07-16,11868.584000000001
1981-07-17,11920.763300000001
1981-07-20,11726.4123
1981-07-21,11661.8752
1981-07-22,11594.194600000001
1981-07-23,11632.4141
1981-07-24,11713.7994
1981-07-27,11787.5545
1981-07-28,11733.289699999999
1981-07-29,11736.7678
1981-07-30,11803.625400000001
1981-07-31,11912.176600000001
1981-08-03,11847.808300000001
1981-08-04,11873.831200000001
1981-08-05,11965.2173
1981-08-06,11993.891100000001
1981-08-07,11924.2837
1981-08-10,11914.7017
1981-08-11,11952.7862
1981-08-12,11941.986000000001
1981-08-13,11945.525900000001
1981-08-14,11892.9229
1981-08-17,11794.1692
1981-08-18,11700.953100000001
1981-08-19,11713.7824
1981-08-20,11743.025
1981-08-21,11667.8277
1981-08-24,11386.591399999999
1981-08-25,11282.932699999999
1981-08-26,11251.3002
1981-08-27,11136.496800000001
1981-08-28,11157.616400000001
1981-08-31,11038.190000000001
1981-09-01,11030.4239
1981-09-02,11076.7122
1981-09-03,10899.445299999999
1981-09-04,10813.300800000001
1981-09-08,10606.7281
1981-09-09,10633.207
1981-09-10,10749.071
1981-09-11,10861.8979
1981-09-14,10827.101000000001
1981-09-15,10775.092199999999
1981-09-16,10672.690399999999
1981-09-17,10497.6201
1981-09-18,10377.909799999999
1981-09-21,10394.4774
1981-09-22,10353.9018
1981-09-23,10218.2287
1981-09-24,10161.991900000001
1981-09-25,9910.9544999999998
1981-09-28,10051.6546
1981-09-29,10211.440000000001
1981-09-30,10215.4881
1981-10-01,10250.184300000001
1981-10-02,10405.950500000001
1981-10-05,10430.8876
1981-10-06,10413.117899999999
1981-10-07,10538.0381
1981-10-08,10706.609
1981-10-09,10683.016299999999
1981-10-12,10639.177799999999
1981-10-13,10597.647000000001
1981-10-14,10431.2261
1981-10-15,10449.965
1981-10-16,10439.477699999999
1981-10-19,10402.9023
1981-10-20,10481.9272
1981-10-21,10477.697
1981-10-22,10413.7456
1981-10-23,10316.8606
1981-10-26,10235.3205
1981-10-27,10358.1078
1981-10-28,10385.001899999999
1981-10-29,10346.540300000001
1981-10-30,10513.082700000001
1981-11-02,10716.998900000001
1981-11-03,10771.6173
1981-11-04,10806.048000000001
1981-11-05,10771.4301
1981-11-06,10716.4573
1981-11-09,10687.4846
1981-11-10,10686.377699999999
1981-11-11,10690.614100000001
1981-11-12,10736.5455
1981-11-13,10636.657300000001
1981-11-16,10497.2791
1981-11-17,10540.280500000001
1981-11-18,10526.540499999999
1981-11-19,10531.766100000001
1981-11-20,10632.833500000001
1981-11-23,10638.1119
1981-11-24,10791.262699999999
1981-11-25,10859.209199999999
1981-11-27,10924.3256
1981-11-30,11054.286099999999
1981-12-01,11082.987800000001
1981-12-02,10997.609200000001
1981-12-03,11027.2634
1981-12-04,11103.3122
1981-12-07,11052.1973
1981-12-08,11037.790000000001
1981-12-09,11088.5244
1981-12-10,11118.4238
1981-12-11,11061.6801
1981-12-14,10887.9722
1981-12-15,10905.3541
1981-12-16,10860.6032
1981-12-17,10882.285599999999
1981-12-18,10989.981400000001
1981-12-21,10938.289199999999
1981-12-22,10913.0921
1981-12-23,10868.3094
1981-12-24,10891.0941
1981-12-28,10869.272999999999
1981-12-29,10824.670099999999
1981-12-30,10844.115900000001
1981-12-31,10908.0574
1982-01-04,10964.740400000001
1982-01-05,10779.3971
1982-01-06,10689.8896
1982-01-07,10647.091899999999
1982-01-08,10685.383400000001
1982-01-11,10409.6623
1982-01-12,10338.839400000001
1982-01-13,10201.296
1982-01-14,10222.6823
1982-01-15,10280.915000000001
1982-01-18,10322.002
1982-01-19,10259.000899999999
1982-01-20,10193.306699999999
1982-01-21,10205.502200000001
1982-01-22,10150.356100000001
1982-01-25,10064.041800000001
1982-01-26,10028.7817
1982-01-27,10080.895500000001
1982-01-28,10334.8981
1982-01-29,10485.750700000001
1982-02-01,10327.3784
1982-02-02,10368.651099999999
1982-02-03,10288.7754
1982-02-04,10272.276599999999
1982-02-05,10343.1186
1982-02-08,10125.876200000001
1982-02-09,10025.5939
1982-02-10,10075.686
1982-02-11,10031.316999999999
1982-02-12,10016.234200000001
1982-02-16,9948.0881000000008
1982-02-17,9921.1926999999996
1982-02-18,9925.1257000000005
1982-02-19,9866.5321000000004
1982-02-22,9789.5378999999994
1982-02-23,9765.0290999999997
1982-02-24,9875.3389999999999
1982-02-25,9938.5059000000001
1982-02-26,9911.6365000000005
1982-03-01,9962.1504000000004
1982-03-02,9955.1412999999993
1982-03-03,9808.7651999999998
1982-03-04,9661.5987000000005
1982-03-05,9576.5421000000006
1982-03-08,9404.1301000000003
1982-03-09,9456.7597000000005
1982-03-10,9505.9010999999991
1982-03-11,9488.7564999999995
1982-03-12,9397.6304999999993
1982-03-15,9381.6209999999992
1982-03-16,9424.7430000000004
1982-03-17,9400.2049999999999
1982-03-18,9515.7939000000006
1982-03-19,9555.7263000000003
1982-03-22,9736.2954000000009
1982-03-23,9822.9135999999999
1982-03-24,9793.4097999999994
1982-03-25,9807.0856000000003
1982-03-26,9711.9218000000001
1982-03-29,9715.7718999999997
1982-03-30,9724.4814000000006
1982-03-31,9714.7222000000002
1982-04-01,9801.1484999999993
1982-04-02,9888.3438000000006
1982-04-05,9866.5540999999994
1982-04-06,9894.1452000000008
1982-04-07,9915.8770000000004
1982-04-08,9967.4040999999997
1982-04-12,9951.4207000000006
1982-04-13,9982.2345000000005
1982-04-14,9948.2592999999997
1982-04-15,9971.1047999999992
1982-04-16,10018.9305
1982-04-19,10037.9306
1982-04-20,9961.6064999999999
1982-04-21,9960.5748000000003
1982-04-22,10046.2001
1982-04-23,10120.506100000001
1982-04-26,10221.6751
1982-04-27,10128.621300000001
1982-04-28,10045.5304
1982-04-29,9954.0802000000003
1982-04-30,9966.9850000000006
1982-05-03,9966.9493999999995
1982-05-04,10023.725399999999
1982-05-05,10018.677799999999
1982-05-06,10105.8045
1982-05-07,10146.1916
1982-05-10,10077.1613
1982-05-11,10148.6731
1982-05-12,10143.5625
1982-05-13,10115.124299999999
1982-05-14,10091.823399999999
1982-05-17,9966.6488000000008
1982-05-18,9884.8866999999991
1982-05-19,9809.7261999999992
1982-05-20,9758.6805999999997
1982-05-21,9756.6939999999995
1982-05-24,9743.9755000000005
1982-05-25,9693.2720000000008
1982-05-26,9547.8382999999994
1982-05-27,9491.4719000000005
1982-05-28,9462.0144999999993
1982-06-01,9393.8541999999998
1982-06-02,9400.3963000000003
1982-06-03,9356.1808999999994
1982-06-04,9208.3197999999993
1982-06-07,9184.3453000000009
1982-06-08,9133.7986000000001
1982-06-09,9062.5223999999998
1982-06-10,9088.7713000000003
1982-06-11,9268.6965
1982-06-14,9176.9032999999999
1982-06-15,9150.2574999999997
1982-06-16,9123.6890999999996
1982-06-17,9028.7700999999997
1982-06-18,8965.5365000000002
1982-06-21,9004.0563000000002
1982-06-22,9065.2517000000007
1982-06-23,9232.0200000000004
1982-06-24,9221.8317999999999
1982-06-25,9149.8685999999998
1982-06-28,9222.1198000000004
1982-06-29,9266.3531000000003
1982-06-30,9263.5401000000002
1982-07-01,9194.0305000000008
1982-07-02,9117.6872000000003
1982-07-06,9116.7428
1982-07-07,9121.2685999999994
1982-07-08,9116.6754000000001
1982-07-09,9213.2795999999998
1982-07-12,9320.1208000000006
1982-07-13,9307.9712999999992
1982-07-14,9308.8688999999995
1982-07-15,9307.9048000000003
1982-07-16,9317.1794000000009
1982-07-19,9308.7607000000007
1982-07-20,9366.4416999999994
1982-07-21,9400.1275000000005
1982-07-22,9415.1340999999993
1982-07-23,9412.2759999999998
1982-07-26,9355.7687000000005
1982-07-27,9295.8582999999999
1982-07-28,9124.7813999999998
1982-07-29,9091.8996000000006
1982-07-30,9056.4087
1982-08-02,9175.0152999999991
1982-08-03,9138.2824999999993
1982-08-04,9028.5903999999991
1982-08-05,8931.0493999999999
1982-08-06,8847.0655999999999
1982-08-09,8781.5658000000003
1982-08-10,8780.6561999999994
1982-08-11,8759.5512999999992
1982-08-12,8763.8997999999992
1982-08-13,8842.7435999999998
1982-08-16,8883.3886000000002
1982-08-17,9231.5856999999996
1982-08-18,9283.2497000000003
1982-08-19,9318.4928
1982-08-20,9616.6512999999995
1982-08-23,9863.7649000000001
1982-08-24,9851.8932000000004
1982-08-25,10026.236500000001
1982-08-26,10157.544400000001
1982-08-27,10071.169
1982-08-30,10157.7451
1982-08-31,10301.9488
1982-09-01,10240.1003
1982-09-02,10424.3855
1982-09-03,10594.265799999999
1982-09-07,10493.582399999999
1982-09-08,10527.124400000001
1982-09-09,10515.507
1982-09-10,10447.1186
1982-09-13,10519.1664
1982-09-14,10614.853300000001
1982-09-15,10708.2261
1982-09-16,10702.833699999999
1982-09-17,10591.486000000001
1982-09-20,10553.3189
1982-09-21,10648.261
1982-09-22,10589.6576
1982-09-23,10531.3766
1982-09-24,10490.2667
1982-09-27,10480.787899999999
1982-09-28,10454.548500000001
1982-09-29,10259.0111
1982-09-30,10161.5139
1982-10-01,10270.2058
1982-10-04,10262.98
1982-10-05,10315.2845
1982-10-06,10604.075699999999
1982-10-07,10787.488300000001
1982-10-08,10976.230799999999
1982-10-11,11250.597400000001
1982-10-12,11234.806399999999
1982-10-13,11474.0676
1982-10-14,11369.6126
1982-10-15,11341.147999999999
1982-10-18,11582.6739
1982-10-19,11574.5247
1982-10-20,11802.5015
1982-10-21,11856.7508
1982-10-22,11885.164699999999
1982-10-25,11504.797
1982-10-26,11526.615
1982-10-27,11639.5347
1982-10-28,11518.4419
1982-10-29,11527.615599999999
1982-11-01,11649.767099999999
1982-11-02,11846.606599999999
1982-11-03,12333.459800000001
1982-11-04,12268.0484
1982-11-05,12347.7469
1982-11-08,12263.7381
1982-11-09,12521.2328
1982-11-10,12375.941800000001
1982-11-11,12435.302100000001
1982-11-12,12345.723599999999
1982-11-15,12143.2096
1982-11-16,11996.233399999999
1982-11-17,12179.732900000001
1982-11-18,12217.446599999999
1982-11-19,12173.420099999999
1982-11-22,11931.125599999999
1982-11-23,11817.737300000001
1982-11-24,11872.056699999999
1982-11-26,11949.182699999999
1982-11-29,11897.7585
1982-11-30,12240.3714
1982-12-01,12277.0488
1982-12-02,12308.925300000001
1982-12-03,12328.575699999999
1982-12-06,12503.597400000001
1982-12-07,12562.319600000001
1982-12-08,12451.7264
1982-12-09,12279.848099999999
1982-12-10,12193.845300000001
1982-12-13,12223.066999999999
1982-12-14,12080.0134
1982-12-15,11856.49
1982-12-16,11793.6083
1982-12-17,11975.1877
1982-12-20,11952.392099999999
1982-12-21,12106.5353
1982-12-22,12200.923000000001
1982-12-23,12314.348
1982-12-27,12526.1108
1982-12-28,12473.456399999999
1982-12-29,12507.090200000001
1982-12-30,12420.7466
1982-12-31,12465.4169
1983-01-03,12293.349700000001
1983-01-04,12439.596600000001
1983-01-05,12519.1656
1983-01-06,12912.2227
1983-01-07,13015.474399999999
1983-01-10,13224.977000000001
1983-01-11,13162.7724
1983-01-12,13258.813599999999
1983-01-13,13172.584000000001
1983-01-14,13256.8415
1983-01-17,13271.376700000001
1983-01-18,13239.477999999999
1983-01-19,13087.1767
1983-01-20,13109.378199999999
1983-01-21,12907.446900000001
1983-01-24,12544.7016
1983-01-25,12648.7778
1983-01-26,12638.613600000001
1983-01-27,12843.314
1983-01-28,12903.6317
1983-01-31,13002.943600000001
1983-02-01,12893.672399999999
1983-02-02,12896.205099999999
1983-02-03,12960.640100000001
1983-02-04,13152.4112
1983-02-07,13281.257900000001
1983-02-08,13200.194799999999
1983-02-09,13161.867099999999
1983-02-10,13335.556699999999
1983-02-11,13386.1842
1983-02-14,13511.9665
1983-02-15,13474.084800000001
1983-02-16,13399.9292
1983-02-17,13394.5213
1983-02-18,13425.2809
1983-02-22,13325.885899999999
1983-02-23,13424.4498
1983-02-24,13651.275100000001
1983-02-25,13630.749400000001
1983-02-28,13566.636200000001
1983-03-01,13688.6875
1983-03-02,13789.9349
1983-03-03,13834.013499999999
1983-03-04,13860.2487
1983-03-07,13894.8498
1983-03-08,13743.346299999999
1983-03-09,13828.505999999999
1983-03-10,13753.7826
1983-03-11,13671.210800000001
1983-03-14,13623.3128
1983-03-15,13643.6991
1983-03-16,13569.974399999999
1983-03-17,13542.786
1983-03-18,13577.9488
1983-03-21,13662.0836
1983-03-22,13668.865900000001
1983-03-23,13891.6196
1983-03-24,13965.1955
1983-03-25,13948.3874
1983-03-28,13873.016299999999
1983-03-29,13829.9604
1983-03-30,13919.8058
1983-03-31,13819.5335
1983-04-04,13772.4977
1983-04-05,13722.8675
1983-04-06,13603.429599999999
1983-04-07,13596.579299999999
1983-04-08,13614.2063
1983-04-11,13792.503699999999
1983-04-12,13811.763999999999
1983-04-13,13869.724099999999
1983-04-14,13977.858399999999
1983-04-15,14028.128699999999
1983-04-18,14145.9149
1983-04-19,14114.743399999999
1983-04-20,14267.1322
1983-04-21,14284.201800000001
1983-04-22,14348.429700000001
1983-04-25,14249.374299999999
1983-04-26,14378.992700000001
1983-04-27,14383.2551
1983-04-28,14511.2147
1983-04-29,14619.9969
1983-05-02,14445.9668
1983-05-03,14414.134
1983-05-04,14494.8017
1983-05-05,14625.2032
1983-05-06,14844.529
1983-05-09,14857.835999999999
1983-05-10,14921.671700000001
1983-05-11,14827.6119
1983-05-12,14818.6623
1983-05-13,14868.992899999999
1983-05-16,14686.051100000001
1983-05-17,14750.6173
1983-05-18,14794.816500000001
1983-05-19,14695.6384
1983-05-20,14688.2381
1983-05-23,14745.4697
1983-05-24,14948.9046
1983-05-25,15116.278899999999
1983-05-26,15170.6435
1983-05-27,15122.043299999999
1983-05-31,14967.7444
1983-06-01,14963.200699999999
1983-06-02,15064.897000000001
1983-06-03,15141.6741
1983-06-06,15167.3609
1983-06-07,15039.900900000001
1983-06-08,14902.9841
1983-06-09,14917.8339
1983-06-10,15019.2219
1983-06-13,15187.3835
1983-06-14,15279.972299999999
1983-06-15,15363.9576
1983-06-16,15485.278
1983-06-17,15475.931500000001
1983-06-20,15437.186400000001
1983-06-21,15480.3554
1983-06-22,15508.164699999999
1983-06-23,15486.3979
1983-06-24,15500.2804
1983-06-27,15373.1227
1983-06-28,15142.471
1983-06-29,15112.132
1983-06-30,15198.2171
1983-07-01,15278.713400000001
1983-07-05,15106.009400000001
1983-07-06,15219.2505
1983-07-07,15138.534100000001
1983-07-08,15094.578299999999
1983-07-11,15142.826999999999
1983-07-12,14973.1733
1983-07-13,14928.2003
1983-07-14,14969.945900000001
1983-07-15,14818.696
1983-07-18,14734.1765
1983-07-19,14791.5872
1983-07-20,15071.0954
1983-07-21,15102.6909
1983-07-22,15144.9244
1983-07-25,15213.022499999999
1983-07-26,15349.885399999999
1983-07-27,15177.9118
1983-07-28,15009.382799999999
1983-07-29,14763.175300000001
1983-08-01,14655.3514
1983-08-02,14605.4709
1983-08-03,14666.761699999999
1983-08-04,14476.0414
1983-08-05,14486.123
1983-08-08,14242.704299999999
1983-08-09,14278.260200000001
1983-08-10,14348.172699999999
1983-08-11,14382.5571
1983-08-12,14473.1158
1983-08-15,14564.2448
1983-08-16,14481.176600000001
1983-08-17,14583.941199999999
1983-08-18,14506.5942
1983-08-19,14532.6543
1983-08-22,14590.733
1983-08-23,14506.054599999999
1983-08-24,14413.1641
1983-08-25,14382.844999999999
1983-08-26,14451.8313
1983-08-29,14418.5404
1983-08-30,14434.3493
1983-08-31,14600.292799999999
1983-09-01,14627.9812
1983-09-02,14756.655199999999
1983-09-06,14997.136
1983-09-07,15042.0738
1983-09-08,15115.7263
1983-09-09,15076.3714
1983-09-12,15014.5044
1983-09-13,14939.3783
1983-09-14,14975.179400000001
1983-09-15,14907.7376
1983-09-16,14997.130800000001
1983-09-19,15151.547699999999
1983-09-20,15275.7363
1983-09-21,15226.7994
1983-09-22,15356.1728
1983-09-23,15385.2947
1983-09-26,15416.0103
1983-09-27,15289.544
1983-09-28,15206.925800000001
1983-09-29,15132.357599999999
1983-09-30,15038.482900000001
1983-10-03,14997.8253
1983-10-04,15062.2624
1983-10-05,15191.7441
1983-10-06,15411.9701
1983-10-07,15509.0105
1983-10-10,15555.482099999999
1983-10-11,15381.2052
1983-10-12,15293.4773
1983-10-13,15290.364
1983-10-14,15327.006299999999
1983-10-17,15326.9516
1983-10-18,15144.506100000001
1983-10-19,15011.180399999999
1983-10-20,15009.625599999999
1983-10-21,14912.0095
1983-10-24,14882.1322
1983-10-25,14929.701800000001
1983-10-26,14831.112499999999
1983-10-27,14773.218199999999
1983-10-28,14684.526099999999
1983-10-31,14680.068300000001
1983-11-01,14706.440000000001
1983-11-02,14824.039000000001
1983-11-03,14755.7955
1983-11-04,14689.341700000001
1983-11-07,14667.2552
1983-11-08,14656.935799999999
1983-11-09,14812.2469
1983-11-10,14889.217699999999
1983-11-11,15091.6579
1983-11-14,15195.736500000001
1983-11-15,15182.005999999999
1983-11-16,15260.8982
1983-11-17,15323.413399999999
1983-11-18,15331.020399999999
1983-11-21,15470.4779
1983-11-22,15614.2981
1983-11-23,15656.401
1983-11-25,15726.7988
1983-11-28,15695.2891
1983-11-29,15839.6297
1983-11-30,15833.237300000001
1983-12-01,15809.430899999999
1983-12-02,15720.8416
1983-12-05,15766.375899999999
1983-12-06,15783.6626
1983-12-07,15883.043299999999
1983-12-08,15809.9246
1983-12-09,15786.153200000001
1983-12-12,15819.247799999999
1983-12-13,15792.298500000001
1983-12-14,15669.0622
1983-12-15,15573.424999999999
1983-12-16,15612.302900000001
1983-12-19,15645.032999999999
1983-12-20,15598.041999999999
1983-12-21,15693.134400000001
1983-12-22,15660.1227
1983-12-23,15656.934800000001
1983-12-27,15761.7803
1983-12-28,15742.8099
1983-12-29,15742.753699999999
1983-12-30,15782.0543
1984-01-03,15744.120999999999
1984-01-04,15942.440699999999
1984-01-05,16138.4758
1984-01-06,16214.269
1984-01-09,16227.182500000001
1984-01-10,16175.1976
1984-01-11,16163.8172
1984-01-12,16188.0052
1984-01-13,16136.145699999999
1984-01-16,16081.225200000001
1984-01-17,16116.5465
1984-01-18,16097.149100000001
1984-01-19,15998.898999999999
1984-01-20,15894.849
1984-01-23,15705.6435
1984-01-24,15688.3112
1984-01-25,15576.868200000001
1984-01-26,15500.4859
1984-01-27,15433.7785
1984-01-30,15273.212
1984-01-31,15254.829599999999
1984-02-01,15114.430700000001
1984-02-02,15135.536899999999
1984-02-03,14964.451300000001
1984-02-06,14699.527099999999
1984-02-07,14734.7534
1984-02-08,14457.6875
1984-02-09,14330.4082
1984-02-10,14420.6386
1984-02-13,14273.4966
1984-02-14,14393.3429
1984-02-15,14350.111500000001
1984-02-16,14340.0152
1984-02-17,14294.0759
1984-02-21,14145.3665
1984-02-22,14032.153
1984-02-23,13988.6032
1984-02-24,14321.482
1984-02-27,14444.595600000001
1984-02-28,14245.2086
1984-02-29,14229.487999999999
1984-03-01,14307.6994
1984-03-02,14445.002200000001
1984-03-05,14385.7261
1984-03-06,14349.7104
1984-03-07,14220.5118
1984-03-08,14256.0123
1984-03-09,14184.6813
1984-03-12,14332.1513
1984-03-13,14455.356599999999
1984-03-14,14491.4434
1984-03-15,14546.4591
1984-03-16,14761.694799999999
1984-03-19,14611.0728
1984-03-20,14662.159299999999
1984-03-21,14644.5124
1984-03-22,14487.763800000001
1984-03-23,14432.6585
1984-03-26,14438.3801
1984-03-27,14426.7778
1984-03-28,14651.784
1984-03-29,14651.7317
1984-03-30,14594.5376
1984-04-02,14501.080400000001
1984-04-03,14454.6252
1984-04-04,14482.0373
1984-04-05,14300.9602
1984-04-06,14258.0062
1984-04-09,14255.1037
1984-04-10,14277.8609
1984-04-11,14133.603499999999
1984-04-12,14338.490299999999
1984-04-13,14262.445100000001
1984-04-16,14328.001399999999
1984-04-17,14413.918299999999
1984-04-18,14363.418100000001
1984-04-19,14371.9848
1984-04-23,14291.4504
1984-04-24,14365.714900000001
1984-04-25,14397.268099999999
1984-04-26,14544.0689
1984-04-27,14519.291999999999
1984-04-30,14503.268899999999
1984-05-01,14649.7001
1984-05-02,14728.7562
1984-05-03,14702.191800000001
1984-05-04,14544.8259
1984-05-07,14546.2284
1984-05-08,14626.180700000001
1984-05-09,14573.474200000001
1984-05-10,14599.654399999999
1984-05-11,14466.7454
1984-05-14,14346.6198
1984-05-15,14325.0486
1984-05-16,14296.347400000001
1984-05-17,14146.1847
1984-05-18,14073.988600000001
1984-05-21,13976.827799999999
1984-05-22,13853.781800000001
1984-05-23,13806.629499999999
1984-05-24,13625.713299999999
1984-05-25,13639.2904
1984-05-29,13557.4059
1984-05-30,13543.8001
1984-05-31,13610.1163
1984-06-01,13849.605799999999
1984-06-04,14037.911
1984-06-05,14015.4002
1984-06-06,14084.025600000001
1984-06-07,14106.509700000001
1984-06-08,14121.976500000001
1984-06-11,13962.3477
1984-06-12,13884.108700000001
1984-06-13,13871.563399999999
1984-06-14,13781.3487
1984-06-15,13719.2834
1984-06-18,13911.304400000001
1984-06-19,14001.6782
1984-06-20,14105.240599999999
1984-06-21,14102.369199999999
1984-06-22,14122.062099999999
1984-06-25,14129.072700000001
1984-06-26,14035.770399999999
1984-06-27,13986.5951
1984-06-28,14081.654
1984-06-29,14122.440500000001
1984-07-02,14106.855299999999
1984-07-03,14149.1255
1984-07-05,14078.329400000001
1984-07-06,14010.703100000001
1984-07-09,14097.519399999999
1984-07-10,14076.3228
1984-07-11,13936.9169
1984-07-12,13882.513199999999
1984-07-13,13907.4521
1984-07-16,13956.0785
1984-07-17,14046.743200000001
1984-07-18,13975.054599999999
1984-07-19,13892.5519
1984-07-20,13799.422200000001
1984-07-23,13720.716200000001
1984-07-24,13621.8781
1984-07-25,13661.3328
1984-07-26,13776.0393
1984-07-27,13912.372799999999
1984-07-30,13906.7582
1984-07-31,13940.084800000001
1984-08-01,14214.6546
1984-08-02,14652.415199999999
1984-08-03,15122.705400000001
1984-08-06,15175.580900000001
1984-08-07,15177.0443
1984-08-08,15079.857
1984-08-09,15358.780500000001
1984-08-10,15437.055399999999
1984-08-13,15392.2328
1984-08-14,15356.7757
1984-08-15,15256.9018
1984-08-16,15368.2227
1984-08-17,15412.735699999999
1984-08-20,15458.918799999999
1984-08-21,15676.8344
1984-08-22,15636.018599999999
1984-08-23,15660.9804
1984-08-24,15712.6057
1984-08-27,15619.8452
1984-08-28,15666.648999999999
1984-08-29,15636.8264
1984-08-30,15605.4969
1984-08-31,15621.0466
1984-09-04,15481.9635
1984-09-05,15429.2696
1984-09-06,15548.0198
1984-09-07,15440.683000000001
1984-09-10,15381.9532
1984-09-11,15391.127500000001
1984-09-12,15387.9943
1984-09-13,15572.5952
1984-09-14,15669.0897
1984-09-17,15683.135899999999
1984-09-18,15639.167100000001
1984-09-19,15498.3588
1984-09-20,15496.7536
1984-09-21,15400.618399999999
1984-09-24,15328.1805
1984-09-25,15297.4694
1984-09-26,15262.230600000001
1984-09-27,15248.440000000001
1984-09-28,15205.690000000001
1984-10-01,15071.8256
1984-10-02,14978.3264
1984-10-03,14882.411599999999
1984-10-04,14927.0057
1984-10-05,14934.4159
1984-10-08,14874.624900000001
1984-10-09,14849.284900000001
1984-10-10,14831.4128
1984-10-11,14883.269700000001
1984-10-12,15023.1193
1984-10-15,15143.250599999999
1984-10-16,15120.4817
1984-10-17,15108.3313
1984-10-18,15390.803099999999
1984-10-19,15526.1872
1984-10-22,15493.5268
1984-10-23,15439.2441
1984-10-24,15460.803900000001
1984-10-25,15372.622100000001
1984-10-26,15288.0178
1984-10-29,15263.5023
1984-10-30,15374.8714
1984-10-31,15330.229300000001
1984-11-01,15443.6183
1984-11-02,15485.260899999999
1984-11-05,15596.699500000001
1984-11-06,15724.536700000001
1984-11-07,15622.2711
1984-11-08,15642.5242
1984-11-09,15578.334000000001
1984-11-12,15550.2374
1984-11-13,15421.1149
1984-11-14,15407.1808
1984-11-15,15337.7934
1984-11-16,15192.0296
1984-11-19,15091.708000000001
1984-11-20,15138.438399999999
1984-11-21,15174.7166
1984-11-23,15368.8987
1984-11-26,15316.589599999999
1984-11-27,15386.9912
1984-11-28,15282.304700000001
1984-11-29,15147.765799999999
1984-11-30,15090.1502
1984-12-03,15005.5915
1984-12-04,15026.545700000001
1984-12-05,14876.2266
1984-12-06,14907.4136
1984-12-07,14873.0733
1984-12-10,14890.8678
1984-12-11,14947.4
1984-12-12,14917.451800000001
1984-12-13,14886.071900000001
1984-12-14,14957.471799999999
1984-12-17,15011.265299999999
1984-12-18,15443.536099999999
1984-12-19,15445.025299999999
1984-12-20,15373.9231
1984-12-21,15277.0124
1984-12-24,15406.8125
1984-12-26,15412.9202
1984-12-27,15334.2592
1984-12-28,15349.538699999999
1984-12-31,15461.535599999999
1985-01-02,15365.6188
1985-01-03,15302.564899999999
1985-01-04,15233.6487
1985-01-07,15277.7719
1985-01-08,15282.3006
1985-01-09,15360.185799999999
1985-01-10,15596.677799999999
1985-01-11,15660.568499999999
1985-01-14,15920.477999999999
1985-01-15,15982.511
1985-01-16,16071.956
1985-01-17,16055.8266
1985-01-18,16047.741400000001
1985-01-21,16432.8298
1985-01-22,16503.4323
1985-01-23,16699.764200000001
1985-01-24,16693.024700000002
1985-01-25,16788.115300000001
1985-01-28,16845.134900000001
1985-01-29,16971.4133
1985-01-30,16954.381300000001
1985-01-31,16933.975399999999
1985-02-01,16845.8583
1985-02-04,17010.887500000001
1985-02-05,17092.478999999999
1985-02-06,17070.197800000002
1985-02-07,17215.233499999998
1985-02-08,17280.589899999999
1985-02-11,17111.178400000001
1985-02-12,17107.695100000001
1985-02-13,17355.695500000002
1985-02-14,17346.955699999999
1985-02-15,17275.771199999999
1985-02-19,17229.064999999999
1985-02-20,17222.111799999999
1985-02-21,17116.9954
1985-02-22,17067.294999999998
1985-02-25,16987.0177
1985-02-26,17126.250599999999
1985-02-27,17102.2127
1985-02-28,17108.9925
1985-03-01,17302.262999999999
1985-03-04,17212.229500000001
1985-03-05,17170.8586
1985-03-06,17002.5229
1985-03-07,16885.144799999998
1985-03-08,16871.576400000002
1985-03-11,16800.655500000001
1985-03-12,16790.515100000001
1985-03-13,16612.475699999999
1985-03-14,16545.966400000001
1985-03-15,16446.6315
1985-03-18,16370.918299999999
1985-03-19,16542.754499999999
1985-03-20,16478.178599999999
1985-03-21,16499.541399999998
1985-03-22,16464.833500000001
1985-03-25,16336.349
1985-03-26,16342.8251
1985-03-27,16447.3609
1985-03-28,16467.039000000001
1985-03-29,16519.6747
1985-04-01,16564.218799999999
1985-04-02,16507.8413
1985-04-03,16365.814899999999
1985-04-04,16328.115100000001
1985-04-08,16270.9084
1985-04-09,16257.833500000001
1985-04-10,16350.445100000001
1985-04-11,16397.803
1985-04-12,16417.4218
1985-04-15,16417.3632
1985-04-16,16445.214100000001
1985-04-17,16506.0026
1985-04-18,16436.618399999999
1985-04-19,16406.9738
1985-04-22,16365.897800000001
1985-04-23,16441.122500000001
1985-04-24,16447.640200000002
1985-04-25,16513.371999999999
1985-04-26,16443.956900000001
1985-04-29,16279.4586
1985-04-30,16181.7237
1985-05-01,16037.6486
1985-05-02,15983.0633
1985-05-03,16045.340200000001
1985-05-06,16067.746300000001
1985-05-07,16122.319299999999
1985-05-08,16119.037200000001
1985-05-09,16286.617700000001
1985-05-10,16555.288700000001
1985-05-13,16613.1731
1985-05-14,16578.2261
1985-05-15,16599.7186
1985-05-16,16676.018
1985-05-17,16792.690500000001
1985-05-20,17047.879499999999
1985-05-21,17104.0766
1985-05-22,17032.178400000001
1985-05-23,16992.943500000001
1985-05-24,17035.3652
1985-05-28,17006.3442
1985-05-29,16990.977800000001
1985-05-30,17018.102699999999
1985-05-31,17109.939699999999
1985-06-03,17111.589499999998
1985-06-04,17171.419000000002
1985-06-05,17252.063300000002
1985-06-06,17296.857100000001
1985-06-07,17225.878199999999
1985-06-10,17224.094099999998
1985-06-11,17184.4172
1985-06-12,17115.6181
1985-06-13,16930.708299999998
1985-06-14,17011.915199999999
1985-06-17,16967.623500000002
1985-06-18,17045.614000000001
1985-06-19,16997.825400000002
1985-06-20,16989.265800000001
1985-06-21,17087.7428
1985-06-24,17080.846699999998
1985-06-25,17159.357599999999
1985-06-26,17202.1947
1985-06-27,17284.703799999999
1985-06-28,17341.6816
1985-07-01,17442.201400000002
1985-07-02,17482.2562
1985-07-03,17462.963299999999
1985-07-05,17565.932400000002
1985-07-08,17514.928400000001
1985-07-09,17446.557700000001
1985-07-10,17568.621299999999
1985-07-11,17651.131000000001
1985-07-12,17735.793399999999
1985-07-15,17741.050800000001
1985-07-16,17960.976500000001
1985-07-17,18047.125
1985-07-18,17987.505099999998
1985-07-19,18095.3658
1985-07-22,18046.4437
1985-07-23,18026.528200000001
1985-07-24,17941.739099999999
1985-07-25,17972.175999999999
1985-07-26,18026.028399999999
1985-07-29,17824.072499999998
1985-07-30,17795.490300000001
1985-07-31,17918.2156
1985-08-01,18074.040099999998
1985-08-02,18050.479299999999
1985-08-05,17924.0615
1985-08-06,17707.116300000002
1985-08-07,17684.033800000001
1985-08-08,17754.7068
1985-08-09,17703.154699999999
1985-08-12,17605.724200000001
1985-08-13,17600.3796
1985-08-14,17623.197199999999
1985-08-15,17609.0357
1985-08-16,17499.7968
1985-08-19,17517.234100000001
1985-08-20,17622.2749
1985-08-21,17705.036700000001
1985-08-22,17582.808700000001
1985-08-23,17544.063699999999
1985-08-26,17538.7379
1985-08-27,17603.568599999999
1985-08-28,17703.846000000001
1985-08-29,17733.879300000001
1985-08-30,17696.574799999999
1985-09-03,17629.2647
1985-09-04,17563.973399999999
1985-09-05,17567.423500000001
1985-09-06,17663.981599999999
1985-09-09,17678.0497
1985-09-10,17540.0978
1985-09-11,17354.110100000002
1985-09-12,17227.363099999999
1985-09-13,17153.223900000001
1985-09-16,17132.578799999999
1985-09-17,16976.611099999998
1985-09-18,16976.550500000001
1985-09-19,17100.418699999998
1985-09-20,17040.506099999999
1985-09-23,17261.9719
1985-09-24,17156.6122
1985-09-25,16976.406500000001
1985-09-26,16950.8812
1985-09-30,16925.394400000001
1985-10-01,17069.199799999999
1985-10-02,17038.4143
1985-10-03,17065.6149
1985-10-04,16968.279900000001
1985-10-07,16857.925500000001
1985-10-08,16800.548299999999
1985-10-09,16808.888599999998
1985-10-10,16827.3184
1985-10-11,16933.270400000001
1985-10-14,17051.7428
1985-10-15,17061.912899999999
1985-10-16,17167.635900000001
1985-10-17,17200.1931
1985-10-18,17160.571199999998
1985-10-21,17066.126799999998
1985-10-22,17139.450099999998
1985-10-23,17202.804899999999
1985-10-24,17154.5756
1985-10-25,17092.757900000001
1985-10-28,17048.2556
1985-10-29,17152.1891
1985-10-30,17232.743200000001
1985-10-31,17234.404900000001
1985-11-01,17360.154500000001
1985-11-04,17351.412400000001
1985-11-05,17481.486000000001
1985-11-06,17568.830999999998
1985-11-07,17603.905999999999
1985-11-08,17748.195100000001
1985-11-11,18017.904299999998
1985-11-12,18088.109799999998
1985-11-13,18004.839899999999
1985-11-14,18109.203600000001
1985-11-15,18069.298699999999
1985-11-18,18056.5857
1985-11-19,18121.5249
1985-11-20,18164.951799999999
1985-11-21,18480.9571
1985-11-22,18560.359199999999
1985-11-25,18487.907500000001
1985-11-26,18493.387900000002
1985-11-27,18696.749100000001
1985-11-29,18706.030699999999
1985-12-02,18561.927500000002
1985-12-03,18615.690699999999
1985-12-04,18844.597300000001
1985-12-05,18848.298900000002
1985-12-06,18737.026600000001
1985-12-09,18896.224399999999
1985-12-10,18966.073
1985-12-11,19112.044000000002
1985-12-12,19102.419699999999
1985-12-13,19331.5805
1985-12-16,19511.2952
1985-12-17,19388.3043
1985-12-18,19244.761600000002
1985-12-19,19263.937699999999
1985-12-20,19371.746899999998
1985-12-23,19129.530900000002
1985-12-24,19041.466700000001
1985-12-26,19083.2899
1985-12-27,19266.421399999999
1985-12-30,19380.0245
1985-12-31,19461.351299999998
1986-01-02,19371.759600000001
1986-01-03,19470.486400000002
1986-01-06,19429.528900000001
1986-01-07,19647.070199999998
1986-01-08,19305.141
1986-01-09,19071.479800000001
1986-01-10,19010.383000000002
1986-01-13,19071.148300000001
1986-01-14,19082.5229
1986-01-15,19244.656200000001
1986-01-16,19360.055400000001
1986-01-17,19387.0903
1986-01-20,19363.756600000001
1986-01-21,19317.214400000001
1986-01-22,19181.924900000002
1986-01-23,19162.674500000001
1986-01-24,19342.735199999999
1986-01-27,19421.971300000001
1986-01-28,19567.566800000001
1986-01-29,19651.6374
1986-01-30,19684.974999999999
1986-01-31,19883.722900000001
1986-02-03,20076.524000000001
1986-02-04,20114.597699999998
1986-02-05,20140.674900000002
1986-02-06,20249.3626
1986-02-07,20403.185399999998
1986-02-10,20603.0638
1986-02-11,20559.7238
1986-02-12,20658.337
1986-02-13,20765.686600000001
1986-02-14,20944.1973
1986-02-18,21132.620299999999
1986-02-19,20976.163400000001
1986-02-20,21122.921699999999
1986-02-21,21393.2196
1986-02-24,21435.929700000001
1986-02-25,21386.550500000001
1986-02-26,21482.713599999999
1986-02-27,21706.057000000001
1986-02-28,21825.362799999999
1986-03-03,21698.697800000002
1986-03-04,21679.091499999999
1986-03-05,21687.685700000002
1986-03-06,21913.160199999998
1986-03-07,21945.9516
1986-03-10,21996.348900000001
1986-03-11,22396.603899999998
1986-03-12,22508.507000000001
1986-03-13,22535.436799999999
1986-03-14,22769.7248
1986-03-17,22585.2088
1986-03-18,22709.346699999998
1986-03-19,22670.6597
1986-03-20,22817.938099999999
1986-03-21,22710.612300000001
1986-03-24,22801.373599999999
1986-03-25,22780.7709
1986-03-26,23019.887699999999
1986-03-27,23132.602900000002
1986-03-31,23100.134699999999
1986-04-01,22767.410199999998
1986-04-02,22771.882399999999
1986-04-03,22521.310399999998
1986-04-04,22183.4103
1986-04-07,22025.828799999999
1986-04-08,22437.633099999999
1986-04-09,22511.5972
1986-04-10,22651.0887
1986-04-11,22589.849900000001
1986-04-14,22689.164499999999
1986-04-15,22695.890299999999
1986-04-16,23024.899600000001
1986-04-17,23057.052199999998
1986-04-18,23070.804100000001
1986-04-21,23149.162499999999
1986-04-22,22963.886500000001
1986-04-23,22860.467000000001
1986-04-24,22869.529500000001
1986-04-25,22958.638999999999
1986-04-28,23089.421300000002
1986-04-29,22900.005499999999
1986-04-30,22487.723699999999
1986-05-01,22379.702300000001
1986-05-02,22301.293399999999
1986-05-05,22530.917099999999
1986-05-06,22530.836599999999
1986-05-07,22424.861199999999
1986-05-08,22534.662899999999
1986-05-09,22602.186399999999
1986-05-12,22498.135699999999
1986-05-13,22376.565399999999
1986-05-14,22430.189200000001
1986-05-15,22178.891
1986-05-16,22034.649000000001
1986-05-19,22027.959900000002
1986-05-20,22217.3217
1986-05-21,22192.8033
1986-05-22,22538.931700000001
1986-05-23,22716.908800000001
1986-05-27,23005.332399999999
1986-05-28,23168.588100000001
1986-05-29,23323.734899999999
1986-05-30,23316.654500000001
1986-06-02,23111.384699999999
1986-06-03,23173.7029
1986-06-04,23099.464199999999
1986-06-05,23194.089599999999
1986-06-06,23163.8544
1986-06-09,22695.861799999999
1986-06-10,22691.241600000001
1986-06-11,22845.460999999999
1986-06-12,22829.387599999998
1986-06-13,23183.161499999998
1986-06-16,23187.715400000001
1986-06-17,23048.506300000001
1986-06-18,23029.985100000002
1986-06-19,22898.632000000001
1986-06-20,23008.463599999999
1986-06-23,22812.809499999999
1986-06-24,22935.9172
1986-06-25,22993.1751
1986-06-26,22974.698400000001
1986-06-27,22992.9961
1986-06-30,23135.470600000001
1986-07-01,23193.226699999999
1986-07-02,23211.698400000001
1986-07-03,23141.9804
1986-07-07,22544.834699999999
1986-07-08,22202.072700000001
1986-07-09,22270.819800000001
1986-07-10,22217.290300000001
1986-07-11,22155.002499999999
1986-07-14,21796.0124
1986-07-15,21279.368999999999
1986-07-16,21385.689900000001
1986-07-17,21400.583500000001
1986-07-18,21332.0252
1986-07-21,21331.949000000001
1986-07-22,21457.731299999999
1986-07-23,21543.4856
1986-07-24,21521.8652
1986-07-25,21713.332900000001
1986-07-28,21394.0694
1986-07-29,21272.0468
1986-07-30,21312.387699999999
1986-07-31,21295.261699999999
1986-08-01,21207.875
1986-08-04,21235.369500000001
1986-08-05,21262.899700000002
1986-08-06,21235.182000000001
1986-08-07,21294.564600000002
1986-08-08,21326.430400000001
1986-08-11,21673.9751
1986-08-12,21949.1571
1986-08-13,22120.282200000001
1986-08-14,22248.500800000002
1986-08-15,22321.841400000001
1986-08-18,22299.4398
1986-08-19,22190.093000000001
1986-08-20,22431.885699999999
1986-08-21,22492.3717
1986-08-22,22638.4918
1986-08-25,22502.580000000002
1986-08-26,22772.530599999998
1986-08-27,22797.499
1986-08-28,22815.655599999998
1986-08-29,22817.8557
1986-09-02,22559.932400000002
1986-09-03,22683.931499999999
1986-09-04,23074.0141
1986-09-05,22937.794999999998
1986-09-08,22829.9054
1986-09-09,22816.126
1986-09-10,22731.624800000001
1986-09-11,21744.991099999999
1986-09-12,21351.329099999999
1986-09-15,21346.982599999999
1986-09-16,21353.310399999998
1986-09-17,21511.2487
1986-09-18,21478.904999999999
1986-09-19,21498.159299999999
1986-09-22,21758.210200000001
1986-09-23,21786.4182
1986-09-24,21771.089899999999
1986-09-25,21509.759099999999
1986-09-26,21509.682199999999
1986-09-29,21229.979500000001
1986-09-30,21357.283599999999
1986-10-01,21592.1374
1986-10-02,21574.786599999999
1986-10-03,21557.449700000001
1986-10-06,21589.708900000001
1986-10-07,21619.857400000001
1986-10-08,21786.253100000002
1986-10-09,21777.460800000001
1986-10-10,21744.716799999998
1986-10-13,21788.1286
1986-10-14,21779.335500000001
1986-10-15,22090.7022
1986-10-16,22121.550299999999
1986-10-17,22110.410599999999
1986-10-20,21889.227500000001
1986-10-21,21865.071199999998
1986-10-22,21913.0962
1986-10-23,22173.783800000001
1986-10-24,22142.6613
1986-10-27,22184.653300000002
1986-10-28,22226.724900000001
1986-10-29,22388.900600000001
1986-10-30,22554.498500000002
1986-10-31,22583.738799999999
1986-11-03,22784.653399999999
1986-11-04,22827.8629
1986-11-05,22891.699400000001
1986-11-06,22836.677599999999
1986-11-07,22825.1777
1986-11-10,22827.378700000001
1986-11-11,22877.517400000001
1986-11-12,22932.341700000001
1986-11-13,22728.162
1986-11-14,22937.179899999999
1986-11-17,22721.488499999999
1986-11-18,22171.547299999998
1986-11-19,22147.079399999999
1986-11-20,22525.715400000001
1986-11-21,22793.690900000001
1986-11-24,22855.1525
1986-11-25,22930.492900000001
1986-11-26,23026.719099999998
1986-11-28,23070.387599999998
1986-12-01,23044.927800000001
1986-12-02,23457.349699999999
1986-12-03,23415.042700000002
1986-12-04,23440.7156
1986-12-05,23269.514599999999
1986-12-08,23248.489000000001
1986-12-09,23097.290799999999
1986-12-10,23240.411499999998
1986-12-11,23072.997500000001
1986-12-12,22936.7844
1986-12-15,22966.5203
1986-12-16,23143.280500000001
1986-12-17,23027.481400000001
1986-12-18,22962.922299999998
1986-12-19,23151.136200000001
1986-12-22,23102.436099999999
1986-12-23,22963.739000000001
1986-12-24,23048.622800000001
1986-12-26,23039.321100000001
1986-12-29,22831.884900000001
1986-12-30,22754.174999999999
1986-12-31,22681.280299999999
1987-01-02,23080.389899999998
1987-01-05,23655.009099999999
1987-01-06,23702.234700000001
1987-01-07,23967.615000000002
1987-01-08,24154.4768
1987-01-09,24311.394700000001
1987-01-12,24508.230100000001
1987-01-13,24694.405200000001
1987-01-14,25005.466499999999
1987-01-15,25357.9542
1987-01-16,25243.752899999999
1987-01-19,25445.612799999999
1987-01-20,25509.135900000001
1987-01-21,25355.990000000002
1987-01-22,25875.697199999999
1987-01-23,25497.819599999999
1987-01-26,25352.391
1987-01-27,25727.515800000001
1987-01-28,25938.389599999999
1987-01-29,25912.3586
1987-01-30,25909.674800000001
1987-02-02,26207.5435
1987-02-03,26215.3122
1987-02-04,26550.7745
1987-02-05,26675.468400000002
1987-02-06,26627.357199999999
1987-02-09,26470.1607
1987-02-10,26271.540000000001
1987-02-11,26591.958999999999
1987-02-12,26559.953600000001
1987-02-13,26822.802299999999
1987-02-17,27265.282800000001
1987-02-18,27417.870999999999
1987-02-19,27456.158100000001
1987-02-20,27376.4372
1987-02-23,27127.213800000001
1987-02-24,27089.138800000001
1987-02-25,27219.069899999999
1987-02-26,27107.374500000002
1987-02-27,27156.071
1987-03-02,27003.900000000001
1987-03-03,27025.4067
1987-03-04,27309.0769
1987-03-05,27532.9139
1987-03-06,27593.387900000002
1987-03-09,27438.7664
1987-03-10,27617.020400000001
1987-03-11,27622.445199999998
1987-03-12,27638.919999999998
1987-03-13,27578.015599999999
1987-03-16,27404.1757
1987-03-17,27730.1875
1987-03-18,27768.9107
1987-03-19,27999.2935
1987-03-20,28335.185000000001
1987-03-23,28575.9329
1987-03-24,28590.1188
1987-03-25,28507.105299999999
1987-03-26,28586.823400000001
1987-03-27,28249.396799999999
1987-03-30,27633.4591
1987-03-31,27884.8249
1987-04-01,27954.437300000001
1987-04-02,28063.359799999998
1987-04-03,28658.202799999999
1987-04-06,28830.0497
1987-04-07,28553.178199999998
1987-04-08,28573.0635
1987-04-09,28178.653200000001
1987-04-10,28034.841400000001
1987-04-13,27412.3678
1987-04-14,26685.842100000002
1987-04-15,27131.400399999999
1987-04-16,27307.657599999999
1987-04-20,27214.714
1987-04-21,27685.431400000001
1987-04-22,27353.1073
1987-04-23,27161.537899999999
1987-04-24,26732.2886
1987-04-27,26617.244299999998
1987-04-28,26739.588500000002
1987-04-29,27017.584800000001
1987-04-30,27309.278200000001
1987-05-01,27371.991999999998
1987-05-04,27506.017
1987-05-05,27965.269199999999
1987-05-06,28063.0478
1987-05-07,27950.695400000001
1987-05-08,27822.022400000002
1987-05-11,27702.2883
1987-05-12,27743.7428
1987-05-13,27815.7775
1987-05-14,27818.459699999999
1987-05-15,27359.355800000001
1987-05-18,27113.023799999999
1987-05-19,26589.6456
1987-05-20,26297.064600000002
1987-05-21,26507.3472
1987-05-22,26714.0098
1987-05-26,27266.894400000001
1987-05-27,27351.324400000001
1987-05-28,27394.988799999999
1987-05-29,27320.924500000001
1987-06-01,27298.9702
1987-06-02,27206.056199999999
1987-06-03,27570.520199999999
1987-06-04,27730.3308
1987-06-05,27630.4025
1987-06-08,27834.768800000002
1987-06-09,27929.3076
1987-06-10,28035.3393
1987-06-11,28099.720399999998
1987-06-12,28346.8976
1987-06-15,28480.0268
1987-06-16,28707.765299999999
1987-06-17,28819.623
1987-06-18,28908.8609
1987-06-19,29001.266
1987-06-22,29221.572100000001
1987-06-23,29127.958699999999
1987-06-24,29022.993999999999
1987-06-25,29168.005300000001
1987-06-26,29007.4771
1987-06-29,28987.068299999999
1987-06-30,28702.891500000002
1987-07-01,28599.458600000002
1987-07-02,28756.6535
1987-07-06,28722.042799999999
1987-07-07,29072.349099999999
1987-07-08,29235.050500000001
1987-07-09,29281.722099999999
1987-07-10,29398.7444
1987-07-13,29392.759699999999
1987-07-14,29739.489300000001
1987-07-15,29792.914100000002
1987-07-16,29989.440999999999
1987-07-17,30169.270499999999
1987-07-20,29906.6901
1987-07-21,29649.3858
1987-07-22,29661.139599999999
1987-07-23,29649.1692
1987-07-24,29782.4846
1987-07-27,29931.290700000001
1987-07-28,30209.5448
1987-07-29,30587.056199999999
1987-07-30,30926.463299999999
1987-07-31,31096.448400000001
1987-08-03,30912.868299999998
1987-08-04,30807.6541
1987-08-05,31044.762999999999
1987-08-06,31445.1296
1987-08-07,31580.231400000001
1987-08-10,31918.026999999998
1987-08-11,32281.778600000001
1987-08-12,32210.643400000001
1987-08-13,32394.129000000001
1987-08-14,32313.027999999998
1987-08-17,32354.9195
1987-08-18,31850.067200000001
1987-08-19,31920.0236
1987-08-20,32318.909899999999
1987-08-21,32483.620900000002
1987-08-24,32308.0933
1987-08-25,32559.981100000001
1987-08-26,32384.0409
1987-08-27,32179.9058
1987-08-28,31767.8881
1987-08-31,31936.144400000001
1987-09-01,31508.085999999999
1987-09-02,31309.472600000001
1987-09-03,31121.5039
1987-09-04,30803.953399999999
1987-09-08,30557.411800000002
1987-09-09,30685.643800000002
1987-09-10,31127.4074
1987-09-11,31703.153300000002
1987-09-14,31712.550999999999
1987-09-15,31303.3459
1987-09-16,31102.8927
1987-09-17,31177.428500000002
1987-09-18,31295.791399999998
1987-09-21,30995.240000000002
1987-09-22,31487.953600000001
1987-09-23,31871.994200000001
1987-09-24,31852.7572
1987-09-25,31839.902300000002
1987-09-28,32196.395499999999
1987-09-29,32048.177100000001
1987-09-30,32179.460200000001
1987-10-01,32736.049900000002
1987-10-02,32807.952299999997
1987-10-05,32791.431199999999
1987-10-06,32069.902600000001
1987-10-07,31886.989600000001
1987-10-08,31456.401300000001
1987-10-09,31223.511600000002
1987-10-12,30923.654399999999
1987-10-13,31208.0416
1987-10-14,30483.903600000001
1987-10-15,29770.471399999999
1987-10-16,28278.864399999999
1987-10-19,22526.842400000001
1987-10-20,22452.4234
1987-10-21,24369.7801
1987-10-22,23168.262900000002
1987-10-23,22762.7356
1987-10-26,20641.167300000001
1987-10-27,20738.107100000001
1987-10-28,20721.442599999998
1987-10-29,21906.6351
1987-10-30,22977.791300000001
1987-11-02,23389.011699999999
1987-11-03,23007.687300000001
1987-11-04,22708.5052
1987-11-05,23285.220099999999
1987-11-06,23084.883999999998
1987-11-09,22528.455900000001
1987-11-10,22161.161599999999
1987-11-11,22393.774600000001
1987-11-12,22980.411599999999
1987-11-13,22803.380300000001
1987-11-16,23008.529299999998
1987-11-17,22672.5226
1987-11-18,22905.9686
1987-11-19,22479.835800000001
1987-11-20,22614.6345
1987-11-23,22727.626899999999
1987-11-24,23254.826700000001
1987-11-25,23271.022000000001
1987-11-27,22947.471699999998
1987-11-30,21953.764200000001
1987-12-01,22017.351699999999
1987-12-02,22138.3685
1987-12-03,21478.5661
1987-12-04,21152.015200000002
1987-12-07,21657.4728
1987-12-08,22216.158200000002
1987-12-09,22713.720799999999
1987-12-10,22456.974699999999
1987-12-11,22602.864799999999
1987-12-14,23418.747500000001
1987-12-15,23765.261299999998
1987-12-16,24157.3033
1987-12-17,23773.115900000001
1987-12-18,24269.8891
1987-12-21,24403.286800000002
1987-12-22,24449.565900000001
1987-12-23,24767.322899999999
1987-12-24,24735.036899999999
1987-12-28,24094.3112
1987-12-29,23978.572400000001
1987-12-30,24232.659599999999
1987-12-31,24198.647400000002
1988-01-04,24989.8567
1988-01-05,25294.643700000001
1988-01-06,25370.437300000001
1988-01-07,25494.661800000002
1988-01-08,23781.3295
1988-01-11,24104.670699999999
1988-01-12,23865.9483
1988-01-13,23923.1414
1988-01-14,23937.409800000001
1988-01-15,24473.522300000001
1988-01-18,24409.8037
1988-01-19,24207.1152
1988-01-20,23519.546699999999
1988-01-21,23423.032500000001
1988-01-22,23736.817500000001
1988-01-25,24016.8272
1988-01-26,23800.59
1988-01-27,23826.685600000001
1988-01-28,24079.163400000001
1988-01-29,24339.132399999999
1988-02-01,24300.102800000001
1988-02-02,24346.1862
1988-02-03,24053.945
1988-02-04,24073.102299999999
1988-02-05,24027.277399999999
1988-02-08,23856.597900000001
1988-02-09,24104.6214
1988-02-10,24533.5975
1988-02-11,24678.258099999999
1988-02-12,24887.9352
1988-02-16,25174.0576
1988-02-17,25163.898000000001
1988-02-18,25095.865600000001
1988-02-19,25434.570199999998
1988-02-22,25838.888999999999
1988-02-23,25885.306700000001
1988-02-24,26014.640800000001
1988-02-25,25926.098099999999
1988-02-26,25972.672500000001
1988-02-29,26414.1152
1988-03-01,26495.904600000002
1988-03-02,26583.246500000001
1988-03-03,26676.192899999998
1988-03-04,26649.421399999999
1988-03-07,26774.5785
1988-03-08,27004.744299999998
1988-03-09,27074.860199999999
1988-03-10,26592.830999999998
1988-03-11,26606.0324
1988-03-14,26824.106899999999
1988-03-15,26845.470300000001
1988-03-16,27041.346399999999
1988-03-17,27360.3377
1988-03-18,27464.209299999999
1988-03-21,27183.976299999998
1988-03-22,27189.315999999999
1988-03-23,27268.067899999998
1988-03-24,26728.062699999999
1988-03-25,26343.083200000001
1988-03-28,26177.027699999999
1988-03-29,26396.821199999998
1988-03-30,26222.507900000001
1988-03-31,26243.3923
1988-04-04,25988.7376
1988-04-05,26214.746800000001
1988-04-06,26927.694299999999
1988-04-07,27016.459599999998
1988-04-08,27351.367200000001
1988-04-11,27471.6155
1988-04-12,27663.8187
1988-04-13,27638.822499999998
1988-04-14,26505.531999999999
1988-04-15,26439.173500000001
1988-04-18,26457.586500000001
1988-04-19,26460.1378
1988-04-20,26232.486099999998
1988-04-21,26258.624899999999
1988-04-22,26581.512200000001
1988-04-25,26746.222699999998
1988-04-26,26885.2075
1988-04-27,26850.1607
1988-04-28,26772.199400000001
1988-04-29,26729.268199999999
1988-05-02,26795.995900000002
1988-05-03,26986.1518
1988-05-04,26813.344000000001
1988-05-05,26657.730899999999
1988-05-06,26548.339
1988-05-09,26431.431499999999
1988-05-10,26513.2745
1988-05-11,26049.197499999998
1988-05-12,26098.598000000002
1988-05-13,26382.979500000001
1988-05-16,26593.949100000002
1988-05-17,26407.696499999998
1988-05-18,26000.923599999998
1988-05-19,25959.229299999999
1988-05-20,26034.418300000001
1988-05-23,25831.2569
1988-05-24,26099.809700000002
1988-05-25,26102.326499999999
1988-05-26,26154.437900000001
1988-05-27,26049.7268
1988-05-31,26716.506700000002
1988-06-01,27191.965100000001
1988-06-02,27183.7104
1988-06-03,27382.054400000001
1988-06-06,27507.914100000002
1988-06-07,27342.768400000001
1988-06-08,27905.931700000001
1988-06-09,27889.088500000002
1988-06-10,28034.012200000001
1988-06-13,28078.766500000002
1988-06-14,28438.074400000001
1988-06-15,28509.067999999999
1988-06-16,28146.901000000002
1988-06-17,28107.394799999998
1988-06-20,27986.432700000001
1988-06-21,28224.217400000001
1988-06-22,28709.573100000001
1988-06-23,28692.2448
1988-06-24,28672.057799999999
1988-06-27,28296.351500000001
1988-06-28,28565.065699999999
1988-06-29,28519.259600000001
1988-06-30,28815.758000000002
1988-07-01,28752.2605
1988-07-05,29033.929899999999
1988-07-06,28670.902099999999
1988-07-07,28642.128799999999
1988-07-08,28475.9022
1988-07-11,28529.904699999999
1988-07-12,28218.826799999999
1988-07-13,28371.1077
1988-07-14,28407.888800000001
1988-07-15,28478.807100000002
1988-07-18,28262.266500000002
1988-07-19,28036.0674
1988-07-20,28209.7909
1988-07-21,27899.382399999999
1988-07-22,27542.170699999999
1988-07-25,27649.486799999999
1988-07-26,27679.802500000002
1988-07-27,27402.905599999998
1988-07-28,27761.785800000001
1988-07-29,28261.398799999999
1988-08-01,28269.776300000001
1988-08-02,28213.1358
1988-08-03,28227.141599999999
1988-08-04,28164.940999999999
1988-08-05,28102.8776
1988-08-08,27953.831999999999
1988-08-09,27556.787700000001
1988-08-10,26961.4627
1988-08-11,26955.974099999999
1988-08-12,26937.008600000001
1988-08-15,26562.488000000001
1988-08-16,26716.455600000001
1988-08-17,26724.375100000001
1988-08-18,26702.9002
1988-08-19,26684.112799999999
1988-08-22,26334.455600000001
1988-08-23,26300.126700000001
1988-08-24,26736.6149
1988-08-25,26656.309600000001
1988-08-26,26672.208200000001
1988-08-29,26949.5039
1988-08-30,27008.696499999998
1988-08-31,26919.471399999999
1988-09-01,26599.033500000001
1988-09-02,27130.9192
1988-09-06,27228.493600000002
1988-09-07,27228.396400000001
1988-09-08,27184.733700000001
1988-09-09,27312.404900000001
1988-09-12,27347.813399999999
1988-09-13,27435.228800000001
1988-09-14,27566.819899999999
1988-09-15,27495.047699999999
1988-09-16,27681.915799999999
1988-09-19,27521.261900000001
1988-09-20,27592.718799999999
1988-09-21,27617.453799999999
1988-09-22,27523.4558
1988-09-23,27622.441900000002
1988-09-26,27553.287199999999
1988-09-27,27511.858800000002
1988-09-28,27597.047299999998
1988-09-29,27903.276000000002
1988-09-30,27897.595700000002
1988-10-03,27852.859899999999
1988-10-04,27763.631300000001
1988-10-05,27866.257600000001
1988-10-06,27874.517899999999
1988-10-07,28392.884399999999
1988-10-10,28472.283100000001
1988-10-11,28432.320199999998
1988-10-12,27974.458299999998
1988-10-13,27999.535400000001
1988-10-14,28038.634699999999
1988-10-17,28100.2196
1988-10-18,28383.931400000001
1988-10-19,28136.889899999998
1988-10-20,28558.842700000001
1988-10-21,28644.417300000001
1988-10-24,28518.279500000001
1988-10-25,28495.363099999999
1988-10-26,28432.571499999998
1988-10-27,27983.2353
1988-10-28,28053.093499999999
1988-10-31,28072.630399999998
1988-11-01,28055.686600000001
1988-11-02,28069.6142
1988-11-03,28111.618399999999
1988-11-04,27869.758099999999
1988-11-07,27663.422399999999
1988-11-08,27812.705999999998
1988-11-09,27667.980599999999
1988-11-10,27739.818599999999
1988-11-11,27157.183300000001
1988-11-14,27070.183300000001
1988-11-15,27075.500700000001
1988-11-16,26655.733700000001
1988-11-17,26767.5926
1988-11-18,26986.991300000002
1988-11-21,26970.702700000002
1988-11-22,27011.062399999999
1988-11-23,27186.537899999999
1988-11-25,26982.541700000002
1988-11-28,27066.0913
1988-11-29,27298.762999999999
1988-11-30,27519.785500000002
1988-12-01,27390.3442
1988-12-02,27368.3341
1988-12-05,27693.9195
1988-12-06,27895.986199999999
1988-12-07,27962.837
1988-12-08,27845.2932
1988-12-09,27859.116399999999
1988-12-12,27825.585899999998
1988-12-13,27744.792399999998
1988-12-14,27625.3907
1988-12-15,27531.365699999998
1988-12-16,27723.9869
1988-12-19,27995.582999999999
1988-12-20,27961.888299999999
1988-12-21,27883.4951
1988-12-22,27833.205300000001
1988-12-23,27961.138599999998
1988-12-27,27885.543699999998
1988-12-28,27996.986199999999
1988-12-29,28240.459999999999
1988-12-30,28197.998500000002
1989-01-03,28000.5118
1989-01-04,28403.619200000001
1989-01-05,28446.123100000001
1989-01-06,28522.826099999998
1989-01-09,28539.837899999999
1989-01-10,28516.9041
1989-01-11,28630.869900000002
1989-01-12,28785.374299999999
1989-01-13,28825.571
1989-01-16,28816.820400000001
1989-01-17,28756.2022
1989-01-18,29060.915199999999
1989-01-19,28964.910400000001
1989-01-20,28906.877100000002
1989-01-23,28753.567500000001
1989-01-24,29058.2526
1989-01-25,29177.2876
1989-01-26,29442.696800000002
1989-01-27,29692.854500000001
1989-01-30,29838.2435
1989-01-31,30076.8429
1989-02-01,30088.766199999998
1989-02-02,30100.694200000002
1989-02-03,30157.777999999998
1989-02-06,30103.386299999998
1989-02-07,30359.157599999999
1989-02-08,30280.115399999999
1989-02-09,30016.570199999998
1989-02-10,29686.280699999999
1989-02-13,29582.272700000001
1989-02-14,29582.167099999999
1989-02-15,29789.136600000002
1989-02-16,29881.376499999998
1989-02-17,30153.190299999998
1989-02-21,30119.914100000002
1989-02-22,29646.923900000002
1989-02-23,29726.864699999998
1989-02-24,29316.5278
1989-02-27,29375.056199999999
1989-02-28,29451.326400000002
1989-03-01,29298.0743
1989-03-02,29538.213899999999
1989-03-03,29632.630700000002
1989-03-06,29828.100200000001
1989-03-07,29795.182799999999
1989-03-08,29926.175200000001
1989-03-09,29908.1126
1989-03-10,29788.373299999999
1989-03-13,29943.166499999999
1989-03-14,29943.059600000001
1989-03-15,30020.804599999999
1989-03-16,30218.834699999999
1989-03-17,29565.999899999999
1989-03-20,29305.713500000002
1989-03-21,29408.178899999999
1989-03-22,29325.730899999999
1989-03-23,29111.5484
1989-03-27,29152.2006
1989-03-28,29315.3488
1989-03-29,29391.464
1989-03-30,29417.811300000001
1989-03-31,29608.921999999999
1989-04-03,29786.469799999999
1989-04-04,29741.683700000001
1989-04-05,29735.629199999999
1989-04-06,29679.025300000001
1989-04-07,29886.672500000001
1989-04-10,29901.509099999999
1989-04-11,30074.830999999998
1989-04-12,30164.948100000001
1989-04-13,29986.867200000001
1989-04-14,30469.548599999998
1989-04-17,30442.017199999998
1989-04-18,30801.124299999999
1989-04-19,30822.575099999998
1989-04-20,30803.9715
1989-04-21,30970.2029
1989-04-24,30973.189299999998
1989-04-25,30849.1859
1989-04-26,30920.028900000001
1989-04-27,31185.830699999999
1989-04-28,31241.853800000001
1989-05-01,31216.748800000001
1989-05-02,31122.987000000001
1989-05-03,31101.089800000002
1989-05-04,31060.547299999998
1989-05-05,30957.936600000001
1989-05-08,30815.4195
1989-05-09,30744.434000000001
1989-05-10,30827.3341
1989-05-11,30999.857100000001
1989-05-12,31570.143800000002
1989-05-15,31860.476299999998
1989-05-16,31780.7114
1989-05-17,32031.665499999999
1989-05-18,32162.8809
1989-05-19,32387.906200000001
1989-05-22,32403.984499999999
1989-05-23,32131.675299999999
1989-05-24,32298.645199999999
1989-05-25,32272.690999999999
1989-05-26,32601.7572
1989-05-30,32454.932799999999
1989-05-31,32578.145700000001
1989-06-01,32763.724699999999
1989-06-02,32963.466399999998
1989-06-05,32574.379799999999
1989-06-06,32737.135399999999
1989-06-07,32972.7258
1989-06-08,32979.202599999997
1989-06-09,32929.616000000002
1989-06-12,32870.225100000003
1989-06-13,32607.1459
1989-06-14,32607.029500000001
1989-06-15,32280.842700000001
1989-06-16,32406.6227
1989-06-19,32370.859700000001
1989-06-20,32250.9719
1989-06-21,32144.428500000002
1989-06-22,32356.466899999999
1989-06-23,32760.807199999999
1989-06-26,32560.849300000002
1989-06-27,32596.549900000002
1989-06-28,32332.4015
1989-06-29,31763.235700000001
1989-06-30,31534.427
1989-07-03,31657.298599999998
1989-07-05,31717.3344
1989-07-06,31809.201400000002
1989-07-07,32117.6371
1989-07-10,32332.710500000001
1989-07-11,32478.0923
1989-07-12,32627.375499999998
1989-07-13,32676.200000000001
1989-07-14,32888.478600000002
1989-07-17,32937.693899999998
1989-07-18,32815.7068
1989-07-19,33222.504399999998
1989-07-20,33092.817900000002
1989-07-21,33244.926700000004
1989-07-24,33032.040399999998
1989-07-25,33012.103300000002
1989-07-26,33246.371299999999
1989-07-27,33568.742400000003
1989-07-28,33618.975599999998
1989-07-31,33981.940399999999
1989-08-01,33716.759899999997
1989-08-02,33848.134899999997
1989-08-03,33996.945800000001
1989-08-04,34105.614600000001
1989-08-07,34791.015700000004
1989-08-08,34853.515200000002
1989-08-09,34787.169099999999
1989-08-10,34894.8851
1989-08-11,34584.196000000004
1989-08-14,34359.275199999996
1989-08-15,34510.333299999998
1989-08-16,34582.681700000001
1989-08-17,34506.476300000002
1989-08-18,34627.125699999997
1989-08-21,34104.1325
1989-08-22,34127.883600000001
1989-08-23,34428.087
1989-08-24,35033.898399999998
1989-08-25,35058.296999999999
1989-08-28,35180.875899999999
1989-08-29,35018.9182
1989-08-30,35015.2912
1989-08-31,35134.218200000003
1989-09-01,35394.085899999998
1989-09-05,35280.698400000001
1989-09-06,34892.484700000001
1989-09-07,34756.279399999999
1989-09-08,34780.484700000001
1989-09-11,34637.760499999997
1989-09-12,34769.260300000002
1989-09-13,34504.8897
1989-09-14,34290.836199999998
1989-09-15,34462.1679
1989-09-18,34527.522900000004
1989-09-19,34465.250099999997
1989-09-20,34372.070800000001
1989-09-21,34292.8923
1989-09-22,34316.774799999999
1989-09-25,34059.2765
1989-09-26,34052.343000000001
1989-09-27,34106.705099999999
1989-09-28,34393.079599999997
1989-09-29,34348.245799999997
1989-10-02,34598.865299999998
1989-10-03,34920.511200000001
1989-10-04,35098.481099999997
1989-10-05,34975.510999999999
1989-10-06,35083.8102
1989-10-09,35083.6849
1989-10-10,35023.917300000001
1989-10-11,34876.691800000001
1989-10-12,34813.789199999999
1989-10-13,32864.092700000001
1989-10-16,33350.363899999997
1989-10-17,33160.147700000001
1989-10-18,33186.557399999998
1989-10-19,33571.402900000001
1989-10-20,33524.283100000001
1989-10-23,33229.149599999997
1989-10-24,33006.395700000001
1989-10-25,32821.442000000003
1989-10-26,32348.696
1989-10-27,32041.267800000001
1989-10-30,32069.9905
1989-10-31,32746.552800000001
1989-11-01,32792.281000000003
1989-11-02,32526.546399999999
1989-11-03,32454.871899999998
1989-11-06,31990.651300000001
1989-11-07,32166.4856
1989-11-08,32484.818899999998
1989-11-09,32390.496999999999
1989-11-10,32626.831900000001
1989-11-13,32858.365899999997
1989-11-14,32795.817600000002
1989-11-15,33094.142500000002
1989-11-16,33170.140800000001
1989-11-17,33418.7984
1989-11-20,33111.2261
1989-11-21,33068.063199999997
1989-11-22,33279.580699999999
1989-11-24,33465.827499999999
1989-11-27,33766.900500000003
1989-11-28,33922.107600000003
1989-11-29,33748.983699999997
1989-11-30,33846.735200000003
1989-12-01,34232.467100000002
1989-12-04,34225.498399999997
1989-12-05,34215.108500000002
1989-12-06,34170.506699999998
1989-12-07,34098.626600000003
1989-12-08,34207.6204
1989-12-11,34115.137600000002
1989-12-12,34336.764199999998
1989-12-13,34422.483500000002
1989-12-14,34332.862099999998
1989-12-15,34236.607400000001
1989-12-18,33678.428500000002
1989-12-19,33610.951300000001
1989-12-20,33594.025800000003
1989-12-21,33738.360099999998
1989-12-22,33920.426800000001
1989-12-26,33947.442000000003
1989-12-27,34164.5844
1989-12-28,34345.534699999997
1989-12-29,34630.479899999998
1990-01-02,35371.448499999999
1990-01-03,35502.196600000003
1990-01-04,35409.7641
1990-01-05,35197.178999999996
1990-01-08,35348.4012
1990-01-09,34980.651599999997
1990-01-10,34823.113700000002
1990-01-11,34843.883199999997
1990-01-12,34056.286999999997
1990-01-15,33739.441899999998
1990-01-16,33955.253799999999
1990-01-17,33717.445800000001
1990-01-18,33778.016799999998
1990-01-19,33899.497000000003
1990-01-22,33062.058299999997
1990-01-23,33042.103000000003
1990-01-24,32959.379800000002
1990-01-25,32520.902300000002
1990-01-26,32504.525699999998
1990-01-29,32351.638299999999
1990-01-30,32176.824000000001
1990-01-31,32685.102900000002
1990-02-01,32727.4768
1990-02-02,32936.815699999999
1990-02-05,33101.3822
1990-02-06,32948.997600000002
1990-02-07,33248.715799999998
1990-02-08,33251.921900000001
1990-02-09,33358.209300000002
1990-02-12,33024.508099999999
1990-02-13,33103.648999999998
1990-02-14,33126.703300000001
1990-02-15,33315.407200000001
1990-02-16,33238.662799999998
1990-02-20,32806.441400000003
1990-02-21,32770.237200000003
1990-02-22,32747.181
1990-02-23,32638.998299999999
1990-02-26,32997.910799999998
1990-02-27,33258.4764
1990-02-28,33570.987300000001
1990-03-01,33755.507799999999
1990-03-02,34062.562400000003
1990-03-05,33936.409299999999
1990-03-06,34265.4712
1990-03-07,34330.453200000004
1990-03-08,34642.737800000003
1990-03-09,34528.292999999998
1990-03-12,34531.622499999998
1990-03-13,34369.200599999996
1990-03-14,34589.040699999998
1990-03-15,34692.684300000001
1990-03-16,35136.626799999998
1990-03-19,35414.080600000001
1990-03-20,35254.590799999998
1990-03-21,35162.802900000002
1990-03-22,34751.272599999997
1990-03-23,34931.855100000001
1990-03-26,35019.0599
1990-03-27,35320.0988
1990-03-28,35348.2287
1990-03-29,35245.592600000004
1990-03-30,35100.959799999997
1990-04-02,34939.370000000003
1990-04-03,35375.987399999998
1990-04-04,35177.755499999999
1990-04-05,35153.005400000002
1990-04-06,35107.180999999997
1990-04-09,35047.373399999997
1990-04-10,35131.361900000004
1990-04-11,35183.933499999999
1990-04-12,35479.352899999998
1990-04-16,35528.897299999997
1990-04-17,35546.534800000001
1990-04-18,35215.825100000002
1990-04-19,34944.537499999999
1990-04-20,34668.3508
1990-04-23,34259.140500000001
1990-04-24,34163.092499999999
1990-04-25,34292.790300000001
1990-04-26,34330.389900000002
1990-04-27,33918.302600000003
1990-04-30,34043.679199999999
1990-05-01,34193.349800000004
1990-05-02,34401.807099999998
1990-05-03,34487.688699999999
1990-05-04,34660.004000000001
1990-05-07,34871.306199999999
1990-05-08,35066.461000000003
1990-05-09,35108.415500000003
1990-05-10,35192.550300000003
1990-05-11,35836.448299999996
1990-05-14,36080.008199999997
1990-05-15,36029.367299999998
1990-05-16,35960.782800000001
1990-05-17,36010.999499999998
1990-05-18,36014.472000000002
1990-05-21,36302.4591
1990-05-22,36374.934399999998
1990-05-23,36374.804499999998
1990-05-24,36505.623899999999
1990-05-25,36209.798000000003
1990-05-29,36655.049099999997
1990-05-30,36603.601199999997
1990-05-31,36673.0173
1990-06-01,36826.913
1990-06-04,37198.7333
1990-06-05,37090.724099999999
1990-06-06,37046.082799999996
1990-06-07,36964.449099999998
1990-06-08,36631.637000000002
1990-06-11,36924.559300000001
1990-06-12,37297.3655
1990-06-13,37304.691700000003
1990-06-14,37278.445200000002
1990-06-15,37323.046199999997
1990-06-18,36792.9257
1990-06-19,36873.738700000002
1990-06-20,36925.230199999998
1990-06-21,37065.414199999999
1990-06-22,36642.736100000002
1990-06-25,36305.492100000003
1990-06-26,36105.682200000003
1990-06-27,36210.2598
1990-06-28,36380.318700000003
1990-06-29,36456.587399999997
1990-07-02,36675.1967
1990-07-03,36825.434000000001
1990-07-05,36453.365599999997
1990-07-06,36730.281000000003
1990-07-09,36873.397900000004
1990-07-10,36685.211900000002
1990-07-11,37187.668299999998
1990-07-12,37630.068700000003
1990-07-13,37851.951800000003
1990-07-16,37935.090900000003
1990-07-17,37885.639799999997
1990-07-18,37631.670700000002
1990-07-19,37605.194100000001
1990-07-20,37307.978799999997
1990-07-23,36557.955199999997
1990-07-24,36641.907899999998
1990-07-25,36766.359499999999
1990-07-26,36747.845000000001
1990-07-27,36461.080600000001
1990-07-30,36573.979700000004
1990-07-31,36423.895799999998
1990-08-01,36445.620000000003
1990-08-02,35902.450100000002
1990-08-03,35234.5363
1990-08-06,33740.466200000003
1990-08-07,33760.589899999999
1990-08-08,34175.724600000001
1990-08-09,34428.502899999999
1990-08-10,33925.7238
1990-08-13,34176.652999999998
1990-08-14,34193.619299999998
1990-08-15,34152.464800000002
1990-08-16,33370.251400000001
1990-08-17,32726.0864
1990-08-20,32667.0625
1990-08-21,31899.269899999999
1990-08-22,31328.159
1990-08-23,30369.405500000001
1990-08-24,31089.051899999999
1990-08-27,32068.245999999999
1990-08-28,32042.476900000001
1990-08-29,32273.068299999999
1990-08-30,31934.085800000001
1990-08-31,32100.028999999999
1990-09-04,32115.964400000001
1990-09-05,32225.044000000002
1990-09-06,31899.455900000001
1990-09-07,32103.498500000002
1990-09-10,32141.908100000001
1990-09-11,32167.506799999999
1990-09-12,32267.111199999999
1990-09-13,31844.2968
1990-09-14,31471.604800000001
1990-09-17,31436.873599999999
1990-09-18,31421.0429
1990-09-19,31125.572899999999
1990-09-20,30596.327000000001
1990-09-21,30461.5939
1990-09-24,29596.375800000002
1990-09-25,29806.404399999999
1990-09-26,29460.543699999998
1990-09-27,28803.4683
1990-09-28,29353.511699999999
1990-10-01,30140.080999999998
1990-10-02,30142.987300000001
1990-10-03,29805.278200000001
1990-10-04,29814.113399999998
1990-10-05,29685.806199999999
1990-10-08,29685.700199999999
1990-10-09,28892.986000000001
1990-10-10,28372.809000000001
1990-10-11,27890.369900000002
1990-10-12,28269.579399999999
1990-10-15,28538.039400000001
1990-10-16,27912.954399999999
1990-10-17,27963.098000000002
1990-10-18,28631.316200000001
1990-10-19,29235.334699999999
1990-10-22,29217.6891
1990-10-23,29147.462299999999
1990-10-24,29001.620900000002
1990-10-25,28792.705699999999
1990-10-26,28352.074400000001
1990-10-29,28221.553599999999
1990-10-30,28342.805499999999
1990-10-31,28288.852999999999
1990-11-01,28376.447400000001
1990-11-02,28912.660899999999
1990-11-05,29172.7716
1990-11-06,28983.044399999999
1990-11-07,28533.703699999998
1990-11-08,28576.402300000002
1990-11-09,29139.255399999998
1990-11-12,29742.333900000001
1990-11-13,29795.763900000002
1990-11-14,30031.044000000002
1990-11-15,29868.769100000001
1990-11-16,29967.2294
1990-11-19,30203.863499999999
1990-11-20,29648.004499999999
1990-11-21,29757.5962
1990-11-23,29641.435300000001
1990-11-26,29602.795600000001
1990-11-27,29762.544999999998
1990-11-28,29726.723600000001
1990-11-29,29637.437300000001
1990-11-30,30209.333999999999
1990-12-03,30526.4241
1990-12-04,30703.368299999998
1990-12-05,31173.020199999999
1990-12-06,31297.600999999999
1990-12-07,31269.321400000001
1990-12-10,31325.494500000001
1990-12-11,31196.948100000001
1990-12-12,31496.327300000001
1990-12-13,31511.963
1990-12-14,31338.5347
1990-12-17,31197.399300000001
1990-12-18,31552.938300000002
1990-12-19,31631.707900000001
1990-12-20,31758.121800000001
1990-12-21,31993.018499999998
1990-12-24,31845.7363
1990-12-26,31915.683199999999
1990-12-27,31727.2667
1990-12-28,31787.4352
1990-12-31,31822.287799999998
1991-01-02,31516.680199999999
1991-01-03,31072.182499999999
1991-01-04,30985.0694
1991-01-07,30442.720000000001
1991-01-08,30351.283100000001
1991-01-09,30047.661899999999
1991-01-10,30345.0265
1991-01-11,30445.056700000001
1991-01-14,30201.387500000001
1991-01-15,30306.984499999999
1991-01-16,30564.4856
1991-01-17,31927.552500000002
1991-01-18,32211.593700000001
1991-01-21,32150.276600000001
1991-01-22,31880.0995
1991-01-23,32115.898399999998
1991-01-24,32632.849600000001
1991-01-25,32978.641300000003
1991-01-28,33084.055200000003
1991-01-29,33120.3295
1991-01-30,33845.546399999999
1991-01-31,34393.723400000003
1991-02-01,34348.888700000003
1991-02-04,34994.525099999999
1991-02-05,35368.841500000002
1991-02-06,35768.383099999999
1991-02-07,35306.8433
1991-02-08,35578.579899999997
1991-02-11,36446.570099999997
1991-02-12,36297.008999999998
1991-02-13,36543.699099999998
1991-02-14,36170.822800000002
1991-02-15,36709.638899999998
1991-02-19,36727.8626
1991-02-20,36305.360999999997
1991-02-21,36210.837399999997
1991-02-22,36351.930399999997
1991-02-25,36435.410000000003
1991-02-26,35968.906600000002
1991-02-27,36357.242299999998
1991-02-28,36429.826999999997
1991-03-01,36797.638099999996
1991-03-04,36860.062700000002
1991-03-05,37556.586199999998
1991-03-06,37563.963400000001
1991-03-07,37488.701300000001
1991-03-08,37304.872799999997
1991-03-11,37271.165200000003
1991-03-12,36935.5916
1991-03-13,37267.879999999997
1991-03-14,37264.020100000002
1991-03-15,37073.840499999998
1991-03-18,36955.071799999998
1991-03-19,36433.873299999999
1991-03-20,36204.209799999997
1991-03-21,36012.198199999999
1991-03-22,36037.278100000003
1991-03-25,36224.543299999998
1991-03-26,36836.608699999997
1991-03-27,36888.0484
1991-03-28,36954.3151
1991-04-01,36717.675499999998
1991-04-02,37352.760199999997
1991-04-03,37255.509599999998
1991-04-04,37355.966399999998
1991-04-05,36993.480100000001
1991-04-08,37200.511500000001
1991-04-09,36735.372199999998
1991-04-10,36709.526299999998
1991-04-11,37058.135699999999
1991-04-12,37191.412600000003
1991-04-15,37168.964899999999
1991-04-16,37644.594899999996
1991-04-17,38047.257700000002
1991-04-18,38085.169000000002
1991-04-19,37860.330499999996
1991-04-22,37466.447899999999
1991-04-23,37526.260399999999
1991-04-24,37597.426200000002
1991-04-25,37277.713799999998
1991-04-26,37203.025300000001
1991-04-29,36715.532800000001
1991-04-30,36865.935299999997
1991-05-01,37278.702100000002
1991-05-02,37427.683799999999
1991-05-03,37509.891000000003
1991-05-06,37517.259100000003
1991-05-07,37367.055999999997
1991-05-08,37486.497199999998
1991-05-09,37804.998500000002
1991-05-10,37245.349499999997
1991-05-13,37312.258099999999
1991-05-14,36894.227599999998
1991-05-15,36602.631399999998
1991-05-16,36895.3217
1991-05-17,36965.291100000002
1991-05-20,36957.766000000003
1991-05-21,37160.901700000002
1991-05-22,37056.718500000003
1991-05-23,36926.887600000002
1991-05-24,37255.404999999999
1991-05-28,37791.749799999998
1991-05-29,38105.286399999997
1991-05-30,38867.256000000001
1991-05-31,39613.368499999997
1991-06-03,39763.757799999999
1991-06-04,39644.324500000002
1991-06-05,39366.672700000003
1991-06-06,39153.952100000002
1991-06-07,38774.018900000003
1991-06-10,38680.822800000002
1991-06-11,38847.012199999997
1991-06-12,38431.210400000004
1991-06-13,38546.366800000003
1991-06-14,39001.076200000003
1991-06-17,38950.235500000003
1991-06-18,38938.411399999997
1991-06-19,38630.658799999997
1991-06-20,38580.300999999999
1991-06-21,38819.361100000002
1991-06-24,38101.064299999998
1991-06-25,37952.3341
1991-06-26,37940.8128
1991-06-27,38312.497300000003
1991-06-28,37975.210500000001
1991-07-01,38495.335200000001
1991-07-02,38468.250999999997
1991-07-03,38018.035100000001
1991-07-05,38055.917300000001
1991-07-08,38299.3393
1991-07-09,38214.944000000003
1991-07-10,38199.521500000003
1991-07-11,38344.543299999998
1991-07-12,38589.811399999999
1991-07-15,38717.019899999999
1991-07-16,38654.934399999998
1991-07-17,38504.042099999999
1991-07-18,38942.850700000003
1991-07-19,38876.508800000003
1991-07-22,38829.718099999998
1991-07-23,38449.048199999997
1991-07-24,38006.746800000001
1991-07-25,38265.057000000001
1991-07-26,38245.787799999998
1991-07-29,38325.967400000001
1991-07-30,38689.927199999998
1991-07-31,38817.465700000001
1991-08-01,38592.185799999999
1991-08-02,38568.892699999997
1991-08-05,38275.631300000001
1991-08-06,38646.768300000003
1991-08-07,38770.299899999998
1991-08-08,38704.251900000003
1991-08-09,38514.462899999999
1991-08-12,38479.662300000004
1991-08-13,38571.876100000001
1991-08-14,38583.3099
1991-08-15,38552.305399999997
1991-08-16,38166.644699999997
1991-08-19,37281.042200000004
1991-08-20,37396.480300000003
1991-08-21,38521.980799999998
1991-08-22,38795.349300000002
1991-08-23,39435.334000000003
1991-08-26,39466.741399999999
1991-08-27,39348.200199999999
1991-08-28,39702.193500000001
1991-08-29,39606.766499999998
1991-08-30,39590.782299999999
1991-09-03,39202.6512
1991-09-04,39026.099300000002
1991-09-05,39018.154699999999
1991-09-06,38908.764499999997
1991-09-09,38791.8992
1991-09-10,38423.237699999998
1991-09-11,38376.992599999998
1991-09-12,38453.609499999999
1991-09-13,38015.101000000002
1991-09-16,38341.895100000002
1991-09-17,38211.395700000001
1991-09-18,38283.8609
1991-09-19,38456.001600000003
1991-09-20,38532.7762
1991-09-23,38355.387799999997
1991-09-24,38696.613799999999
1991-09-25,38619.082399999999
1991-09-26,38591.911099999998
1991-09-27,38460.560700000002
1991-09-30,38595.035400000001
1991-10-01,38486.831400000003
1991-10-02,38444.358500000002
1991-10-03,38025.177600000003
1991-10-04,37705.630299999997
1991-10-07,37328.439400000003
1991-10-08,37526.146800000002
1991-10-09,37177.0196
1991-10-10,37563.527800000003
1991-10-11,37578.419099999999
1991-10-14,38017.952400000002
1991-10-15,38652.716399999998
1991-10-16,39185.985800000002
1991-10-17,39279.8923
1991-10-18,39413.303599999999
1991-10-21,39275.2163
1991-10-22,39282.931100000002
1991-10-23,39380.998099999997
1991-10-24,38979.171300000002
1991-10-25,38674.994500000001
1991-10-28,39061.606299999999
1991-10-29,39260.680999999997
1991-10-30,39350.840400000001
1991-10-31,39232.647299999997
1991-11-01,39138.3488
1991-11-04,39059.932399999998
1991-11-05,38977.767
1991-11-06,39078.970000000001
1991-11-07,39250.777900000001
1991-11-08,39238.862500000003
1991-11-11,39219.102899999998
1991-11-12,39528.793799999999
1991-11-13,39627.474600000001
1991-11-14,39559.9663
1991-11-15,38258.302199999998
1991-11-18,38315.553
1991-11-19,37675.546399999999
1991-11-20,37456.893700000001
1991-11-21,37434.285799999998
1991-11-22,37115.960599999999
1991-11-25,36989.633800000003
1991-11-26,37200.342600000004
1991-11-27,37077.448600000003
1991-11-29,36943.837399999997
1991-12-02,37265.116800000003
1991-12-03,37242.6247
1991-12-04,36959.447699999997
1991-12-05,36685.815799999997
1991-12-06,36795.742200000001
1991-12-09,36784.572099999998
1991-12-10,36593.161
1991-12-11,36501.547400000003
1991-12-12,36833.581100000003
1991-12-13,37319.652800000003
1991-12-16,37349.375200000002
1991-12-17,37102.735999999997
1991-12-18,37095.1829
1991-12-19,36994.893400000001
1991-12-20,37394.306199999999
1991-12-23,38504.783499999998
1991-12-24,39166.9283
1991-12-26,39785.625899999999
1991-12-27,39861.076500000003
1991-12-30,40889.349900000001
1991-12-31,41240.852200000001
1992-01-02,41145.851000000002
1992-01-03,41252.683199999999
1992-01-06,41285.538099999998
1992-01-07,41310.161899999999
1992-01-08,41367.848599999998
1992-01-09,41272.554799999998
1992-01-10,41222.880400000002
1992-01-13,41045.474800000004
1992-01-14,41792.355799999998
1992-01-15,42498.4974
1992-01-16,42953.0795
1992-01-17,43120.443099999997
1992-01-20,42999.551899999999
1992-01-21,42259.805999999997
1992-01-22,42678.027199999997
1992-01-23,42451.681199999999
1992-01-24,42443.039199999999
1992-01-27,42663.591500000002
1992-01-28,42654.9064
1992-01-29,42304.983800000002
1992-01-30,42499.435599999997
1992-01-31,42087.039299999997
1992-02-03,42192.106599999999
1992-02-04,42660.2883
1992-02-05,42579.081400000003
1992-02-06,42723.698199999999
1992-02-07,42518.471899999997
1992-02-10,42701.1495
1992-02-11,42812.019999999997
1992-02-12,43150.082000000002
1992-02-13,42938.4925
1992-02-14,43097.211600000002
1992-02-18,42985.0049
1992-02-19,43186.880899999996
1992-02-20,43907.9476
1992-02-21,43736.549800000001
1992-02-24,43666.415099999998
1992-02-25,43168.462
1992-02-26,43345.298499999997
1992-02-27,43232.445899999999
1992-02-28,43128.5337
1992-03-02,43413.027999999998
1992-03-03,43621.255499999999
1992-03-04,43402.993399999999
1992-03-05,43042.593500000003
1992-03-06,42784.184200000003
1992-03-09,42647.122000000003
1992-03-10,42749.322800000002
1992-03-11,42372.9761
1992-03-12,42224.519399999997
1992-03-13,42608.611700000001
1992-03-16,42655.328999999998
1992-03-17,42953.763899999998
1992-03-18,43232.809999999998
1992-03-19,43262.918599999997
1992-03-20,43357.942499999997
1992-03-23,43219.042200000004
1992-03-24,43063.299299999999
1992-03-25,42877.973299999998
1992-03-26,42847.8056
1992-03-27,42380.611499999999
1992-03-30,42304.175000000003
1992-03-31,42265.950199999999
1992-04-01,42350.331200000001
1992-04-02,42083.372799999997
1992-04-03,41864.389000000003
1992-04-06,41994.019099999998
1992-04-07,41317.765399999997
1992-04-08,40693.719599999997
1992-04-09,41397.575599999996
1992-04-10,41840.381800000003
1992-04-13,42091.274599999997
1992-04-14,42730.911699999997
1992-04-15,43435.819100000001
1992-04-16,43670.217400000001
1992-04-20,43386.205000000002
1992-04-21,43208.166700000002
1992-04-22,43069.746200000001
1992-04-23,43168.652800000003
1992-04-24,43013.091500000002
1992-04-27,42802.173699999999
1992-04-28,42686.455000000002
1992-04-29,42827.167800000003
1992-04-30,43143.935899999997
1992-05-01,42902.175799999997
1992-05-04,43245.239999999998
1992-05-05,43089.402699999999
1992-05-06,43128.029199999997
1992-05-07,43119.249600000003
1992-05-08,43235.517599999999
1992-05-11,43512.070500000002
1992-05-12,43390.081299999998
1992-05-13,43298.807099999998
1992-05-14,42986.901100000003
1992-05-15,42690.137900000002
1992-05-18,42835.131999999998
1992-05-19,43130.541400000002
1992-05-20,42983.743499999997
1992-05-21,42618.228199999998
1992-05-22,42809.858
1992-05-26,42390.1685
1992-05-27,42534.143700000001
1992-05-28,42874.264900000002
1992-05-29,42852.674700000003
1992-06-01,42792.527900000001
1992-06-02,42770.978799999997
1992-06-03,42826.4283
1992-06-04,42847.688499999997
1992-06-05,42907.522299999997
1992-06-08,42782.9372
1992-06-09,42376.3465
1992-06-10,42134.650000000001
1992-06-11,42210.341899999999
1992-06-12,42286.169800000003
1992-06-15,42256.418400000002
1992-06-16,42201.334199999998
1992-06-17,41555.502999999997
1992-06-18,41239.532800000001
1992-06-19,41387.847800000003
1992-06-22,41160.066899999998
1992-06-23,41299.864099999999
1992-06-24,41336.886500000001
1992-06-25,41369.808299999997
1992-06-26,41394.482499999998
1992-06-29,41853.813399999999
1992-06-30,41929.000800000002
1992-07-01,42335.562299999998
1992-07-02,41840.085099999997
1992-07-06,41823.1996
1992-07-07,41124.602800000001
1992-07-08,41214.930099999998
1992-07-09,41664.025600000001
1992-07-10,41588.881500000003
1992-07-13,41709.340799999998
1992-07-14,41980.302499999998
1992-07-15,41866.805800000002
1992-07-16,42000.629999999997
1992-07-17,41882.878299999997
1992-07-20,41677.5026
1992-07-21,41785.715199999999
1992-07-22,41480.530299999999
1992-07-23,41608.971799999999
1992-07-24,41454.870000000003
1992-07-27,41471.303899999999
1992-07-28,42055.901100000003
1992-07-29,42703.411800000002
1992-07-30,42745.962699999996
1992-07-31,42724.437100000003
1992-08-03,42668.742700000003
1992-08-04,42647.256000000001
1992-08-05,42455.190999999999
1992-08-06,42421.075199999999
1992-08-07,42280.934200000003
1992-08-10,42225.817999999999
1992-08-11,42082.099399999999
1992-08-12,41900.995999999999
1992-08-13,41762.573100000001
1992-08-14,41975.413099999998
1992-08-17,42084.3992
1992-08-18,42206.293700000002
1992-08-19,42003.552799999998
1992-08-20,41940.397400000002
1992-08-21,41546.007899999997
1992-08-24,41088.8534
1992-08-25,41031.1823
1992-08-26,41137.716800000002
1992-08-27,41339.144699999997
1992-08-28,41417.541499999999
1992-08-31,41438.102299999999
1992-09-01,41632.713400000001
1992-09-02,41915.667099999999
1992-09-03,41940.666799999999
1992-09-04,41839.859499999999
1992-09-08,41525.911099999998
1992-09-09,41621.272400000002
1992-09-10,42120.578999999998
1992-09-11,42242.578200000004
1992-09-14,43252.025000000001
1992-09-15,42689.5942
1992-09-16,42710.786500000002
1992-09-17,42731.989399999999
1992-09-18,42860.032700000003
1992-09-21,42658.4375
1992-09-22,42167.713100000001
1992-09-23,42100.0942
1992-09-24,42285.184200000003
1992-09-25,41938.294699999999
1992-09-28,42231.713000000003
1992-09-29,42142.875599999999
1992-09-30,42281.796600000001
1992-10-01,42015.270199999999
1992-10-02,41330.2713
1992-10-05,40925.087
1992-10-06,40949.495900000002
1992-10-07,40580.804199999999
1992-10-08,40889.073400000001
1992-10-09,40516.836799999997
1992-10-12,40901.601999999999
1992-10-13,41069.152499999997
1992-10-14,40986.8675
1992-10-15,41007.214599999999
1992-10-16,41306.4208
1992-10-19,41694.553599999999
1992-10-20,41844.505100000002
1992-10-21,41890.384599999998
1992-10-22,41974.015800000001
1992-10-23,42045.221700000002
1992-10-26,42347.797100000003
1992-10-27,42254.4807
1992-10-28,42503.631300000001
1992-10-29,42486.478000000003
1992-10-30,42405.601999999999
1992-11-02,42931.279999999999
1992-11-03,42986.937299999998
1992-11-04,42823.433400000002
1992-11-05,42917.491999999998
1992-11-06,42887.296499999997
1992-11-09,43054.4038
1992-11-10,42912.1705
1992-11-11,43070.792300000001
1992-11-12,43161.087099999997
1992-11-13,43074.610800000002
1992-11-16,42721.245199999998
1992-11-17,42481.853600000002
1992-11-18,42706.8557
1992-11-19,42565.770600000003
1992-11-20,42863.5789
1992-11-23,43112.034599999999
1992-11-24,43435.2209
1992-11-25,43786.891100000001
1992-11-27,44066.970800000003
1992-11-30,44401.722399999999
1992-12-01,44383.803099999997
1992-12-02,44308.1921
1992-12-03,44086.492899999997
1992-12-04,44253.864200000004
1992-12-07,44413.019999999997
1992-12-08,44586.072200000002
1992-12-09,44692.919500000004
1992-12-10,44505.049599999998
1992-12-11,44567.197800000002
1992-12-14,44433.337
1992-12-15,44526.488299999997
1992-12-16,44245.812400000003
1992-12-17,44515.553800000002
1992-12-18,45103.000200000002
1992-12-21,45138.921499999997
1992-12-22,45147.788099999998
1992-12-23,45134.082499999997
1992-12-24,45260.296699999999
1992-12-28,45251.082999999999
1992-12-29,45205.670299999998
1992-12-30,45413.455000000002
1992-12-31,45286.1351
1993-01-04,45412.7745
1993-01-05,45612.428599999999
1993-01-06,45694.368000000002
1993-01-07,45484.010699999999
1993-01-08,45206.395799999998
1993-01-11,45296.647199999999
1993-01-12,45310.074399999998
1993-01-13,45232.885399999999
1993-01-14,45431.748599999999
1993-01-15,45590.597500000003
1993-01-18,45672.4977
1993-01-19,45558.153400000003
1993-01-20,45216.304499999998
1993-01-21,45482.919199999997
1993-01-22,45610.108899999999
1993-01-25,45983.948900000003
1993-01-26,46130.933299999997
1993-01-27,45817.078200000004
1993-01-28,45871.895100000002
1993-01-29,45922.190399999999
1993-02-01,46170.006200000003
1993-02-02,46179.075299999997
1993-02-03,46765.384599999998
1993-02-04,47504.110699999997
1993-02-05,47774.714500000002
1993-02-08,47664.661999999997
1993-02-09,47311.773300000001
1993-02-10,47250.099000000002
1993-02-11,47509.805800000002
1993-02-12,47177.067499999997
1993-02-16,45955.012900000002
1993-02-17,45738.860200000003
1993-02-18,45523.724199999997
1993-02-19,45591.847199999997
1993-02-22,45970.096700000002
1993-02-23,45969.9326
1993-02-24,46397.288800000002
1993-02-25,46568.792999999998
1993-02-26,46652.450499999999
1993-03-01,46339.712500000001
1993-03-02,46858.551800000001
1993-03-03,47148.907500000001
1993-03-04,46964.8583
1993-03-05,47199.514900000002
1993-03-08,48091.417099999999
1993-03-09,48177.8099
1993-03-10,48235.451200000003
1993-03-11,48032.6901
1993-03-12,47552.191599999998
1993-03-15,47794.538
1993-03-16,47780.028899999998
1993-03-17,47598.294199999997
1993-03-18,48031.268700000001
1993-03-19,48026.294000000002
1993-03-22,48054.938199999997
1993-03-23,47934.629300000001
1993-03-24,48044.707699999999
1993-03-25,48275.150699999998
1993-03-26,47970.844899999996
1993-03-29,48004.253100000002
1993-03-30,48042.485099999998
1993-03-31,47859.752099999998
1993-04-01,47850.0092
1993-04-02,47089.023200000003
1993-04-05,47263.0844
1993-04-06,47262.9156
1993-04-07,47413.988100000002
1993-04-08,47413.818800000001
1993-04-12,47802.442799999997
1993-04-13,48046.0645
1993-04-14,48295.732400000001
1993-04-15,48537.0386
1993-04-16,48575.694900000002
1993-04-19,48381.2186
1993-04-20,48192.359100000001
1993-04-21,48177.729299999999
1993-04-22,47994.481800000001
1993-04-23,47879.123699999996
1993-04-26,47491.131800000003
1993-04-27,47581.195299999999
1993-04-28,47157.5527
1993-04-29,47478.055699999997
1993-04-30,47629.815900000001
1993-05-03,47772.535199999998
1993-05-04,47753.255599999997
1993-05-05,48015.728000000003
1993-05-06,48087.580099999999
1993-05-07,48034.512000000002
1993-05-10,48106.392200000002
1993-05-11,48337.131099999999
1993-05-12,48660.817199999998
1993-05-13,48305.419500000004
1993-05-14,48261.772100000002
1993-05-17,48290.556799999998
1993-05-18,48126.196400000001
1993-05-19,48665.037900000003
1993-05-20,48840.058299999997
1993-05-21,48585.915500000003
1993-05-24,48716.923999999999
1993-05-25,48867.772499999999
1993-05-26,49146.144200000002
1993-05-27,49317.980199999998
1993-05-28,48957.782800000001
1993-06-01,49393.332199999997
1993-06-02,49541.335800000001
1993-06-03,49526.296499999997
1993-06-04,49382.493399999999
1993-06-07,49174.910499999998
1993-06-08,48737.078200000004
1993-06-09,48668.672200000001
1993-06-10,48293.749600000003
1993-06-11,48564.022100000002
1993-06-14,48461.864300000001
1993-06-15,48451.998800000001
1993-06-16,48703.7762
1993-06-17,48810.750500000002
1993-06-18,48678.787199999999
1993-06-21,48926.875099999997
1993-06-22,48799.4905
1993-06-23,48726.116999999998
1993-06-24,48789.286899999999
1993-06-25,48735.444499999998
1993-06-28,49144.648099999999
1993-06-29,49021.610999999997
1993-06-30,49178.305099999998
1993-07-01,49099.444199999998
1993-07-02,48976.520199999999
1993-07-06,48589.430800000002
1993-07-07,48550.385699999999
1993-07-08,48996.875800000002
1993-07-09,49099.594299999997
1993-07-12,49079.7791
1993-07-13,49025.616099999999
1993-07-14,49373.522799999999
1993-07-15,49477.030899999998
1993-07-16,49447.167999999998
1993-07-19,49343.152300000002
1993-07-20,49298.567300000002
1993-07-21,49293.4614
1993-07-22,48953.160400000001
1993-07-23,49173.274799999999
1993-07-26,49517.312100000003
1993-07-27,49195.272700000001
1993-07-28,49136.062700000002
1993-07-29,49474.926099999997
1993-07-30,49291.6921
1993-08-02,49547.832900000001
1993-08-03,49557.565499999997
1993-08-04,49492.9637
1993-08-05,49700.657399999996
1993-08-06,49909.222600000001
1993-08-09,50128.644999999997
1993-08-10,50148.517399999997
1993-08-11,50283.739300000001
1993-08-12,50032.141000000003
1993-08-13,50086.9977
1993-08-16,50282.158100000001
1993-08-17,50276.950299999997
1993-08-18,50583.460099999997
1993-08-19,50588.337800000001
1993-08-20,50750.039799999999
1993-08-23,50602.683400000002
1993-08-24,51113.589800000002
1993-08-25,51210.523099999999
1993-08-26,51164.250699999997
1993-08-27,51000.342400000001
1993-08-30,51107.260999999999
1993-08-31,51209.292999999998
1993-09-01,51096.4496
1993-09-02,50825.455999999998
1993-09-03,50835.4395
1993-09-07,50586.164299999997
1993-09-08,50216.704700000002
1993-09-09,50301.893700000001
1993-09-10,50678.978300000002
1993-09-13,50815.630499999999
1993-09-14,50673.165300000001
1993-09-15,50895.946199999998
1993-09-16,50946.660400000001
1993-09-17,50829.301099999997
1993-09-20,50483.480300000003
1993-09-21,49867.401599999997
1993-09-22,50161.441200000001
1993-09-23,50106.0844
1993-09-24,50030.746299999999
1993-09-27,50445.822899999999
1993-09-28,50440.598100000003
1993-09-29,50263.875899999999
1993-09-30,50324.012999999999
1993-10-01,50545.258900000001
1993-10-04,50590.569199999998
1993-10-05,50504.3845
1993-10-06,50473.9015
1993-10-07,50266.778200000001
1993-10-08,50306.812100000003
1993-10-11,50387.123399999997
1993-10-12,50225.704599999997
1993-10-13,50270.7284
1993-10-14,50335.900800000003
1993-10-15,50733.374600000003
1993-10-18,50834.660199999998
1993-10-19,50834.478600000002
1993-10-20,50808.879800000002
1993-10-21,50595.301099999997
1993-10-22,50676.072899999999
1993-10-25,50949.542699999998
1993-10-26,51041.069900000002
1993-10-27,51260.364200000004
1993-10-28,51501.104800000001
1993-10-29,51506.071000000004
1993-11-01,51768.567999999999
1993-11-02,51954.75
1993-11-03,51409.039599999996
1993-11-04,50848.4974
1993-11-05,50965.267399999997
1993-11-08,51133.270700000001
1993-11-09,51179.108099999998
1993-11-10,51501.3537
1993-11-11,51609.3226
1993-11-12,51996.208200000001
1993-11-15,51912.828500000003
1993-11-16,52250.076500000003
1993-11-17,52166.289799999999
1993-11-18,51983.521500000003
1993-11-19,52040.517699999997
1993-11-22,51743.700900000003
1993-11-23,51867.701000000001
1993-11-24,51955.690799999997
1993-11-26,52137.350200000001
1993-11-29,51996.393100000001
1993-11-30,52131.398000000001
1993-12-01,52350.163699999997
1993-12-02,52522.732300000003
1993-12-03,52753.644800000002
1993-12-06,52895.891199999998
1993-12-07,52821.648000000001
1993-12-08,53090.849800000004
1993-12-09,53133.132799999999
1993-12-10,53180.762900000002
1993-12-13,53372.023699999998
1993-12-14,53222.3914
1993-12-15,53041.245199999998
1993-12-16,53078.184699999998
1993-12-17,53635.315999999999
1993-12-20,53597.5798
1993-12-21,53570.589599999999
1993-12-22,53623.968800000002
1993-12-23,53768.561999999998
1993-12-27,54155.503599999996
1993-12-28,54204.050199999998
1993-12-29,54339.366699999999
1993-12-30,54312.002999999997
1993-12-31,54317.2402
1994-01-03,53893.371700000003
1994-01-04,54054.859400000001
1994-01-05,54243.8583
1994-01-06,54585.400900000001
1994-01-07,54770.796300000002
1994-01-10,55269.014999999999
1994-01-11,55313.032800000001
1994-01-12,55428.992599999998
1994-01-13,55329.022499999999
1994-01-14,55644.200299999997
1994-01-17,55861.013899999998
1994-01-18,55961.364200000004
1994-01-19,56123.452299999997
1994-01-20,56257.948199999999
1994-01-21,56229.618300000002
1994-01-24,56206.925600000002
1994-01-25,55689.621200000001
1994-01-26,55628.163699999997
1994-01-27,55922.794300000001
1994-01-28,56095.955199999997
1994-01-31,56561.351300000002
1994-02-01,56583.7739
1994-02-02,56934.391199999998
1994-02-03,56922.800900000002
1994-02-04,55624.757799999999
1994-02-07,56052.8698
1994-02-08,56288.0916
1994-02-09,56580.5887
1994-02-10,56127.741900000001
1994-02-11,56060.188199999997
1994-02-14,56256.198600000003
1994-02-15,56728.549700000003
1994-02-16,57051.6999
1994-02-17,56965.918599999997
1994-02-18,56578.346899999997
1994-02-22,56861.036500000002
1994-02-23,56695.936500000003
1994-02-24,56009.713100000001
1994-02-25,56031.917000000001
1994-02-28,56205.415800000002
1994-03-01,55935.429100000001
1994-03-02,56002.351799999997
1994-03-03,55979.750899999999
1994-03-04,56265.047700000003
1994-03-07,56827.497199999998
1994-03-08,56651.129000000001
1994-03-09,56696.247600000002
1994-03-10,56338.858800000002
1994-03-11,56564.012999999999
1994-03-14,56705.220999999998
1994-03-15,56653.983800000002
1994-03-16,56670.777600000001
1994-03-17,56851.921699999999
1994-03-18,57164.404300000002
1994-03-21,56798.347900000001
1994-03-22,56735.666899999997
1994-03-23,56831.914900000003
1994-03-24,56240.660000000003
1994-03-25,55689.3007
1994-03-28,55566.585299999999
1994-03-29,54605.084999999999
1994-03-30,53589.235399999998
1994-03-31,53701.581400000003
1994-04-04,52922.7166
1994-04-05,54033.904699999999
1994-04-06,54066.131999999998
1994-04-07,54244.357199999999
1994-04-08,53859.0285
1994-04-11,54155.060799999999
1994-04-12,53986.986700000001
1994-04-13,53603.486299999997
1994-04-14,53297.754999999997
1994-04-15,53158.9905
1994-04-18,52414.574800000002
1994-04-19,52052.726999999999
1994-04-20,51526.808499999999
1994-04-21,52005.823900000003
1994-04-22,52062.844499999999
1994-04-25,52677.000099999997
1994-04-26,52813.772199999999
1994-04-28,52766.051200000002
1994-04-29,52955.820500000002
1994-05-02,53231.001700000001
1994-05-03,53411.796999999999
1994-05-04,53486.382700000002
1994-05-05,53507.586300000003
1994-05-06,52849.251799999998
1994-05-09,52262.436399999999
1994-05-10,52413.810799999999
1994-05-11,51920.933799999999
1994-05-12,52195.929300000003
1994-05-13,52394.087399999997
1994-05-16,52236.718000000001
1994-05-17,52617.859499999999
1994-05-18,53085.970600000001
1994-05-19,53568.863299999997
1994-05-20,53327.612099999998
1994-05-23,53167.438800000004
1994-05-24,53220.416400000002
1994-05-25,53337.311199999996
1994-05-26,53678.479500000001
1994-05-27,53850.058900000004
1994-05-31,53973.721700000002
1994-06-01,54070.681700000001
1994-06-02,54238.1077
1994-06-03,54406.052100000001
1994-06-06,54346.011100000003
1994-06-07,54188.213600000003
1994-06-08,54025.455499999996
1994-06-09,54079.288
1994-06-10,54160.213799999998
1994-06-13,54468.733500000002
1994-06-14,54866.160799999998
1994-06-15,54668.446600000003
1994-06-16,54979.861499999999
1994-06-17,54572.814200000001
1994-06-20,54092.378499999999
1994-06-21,53464.713799999998
1994-06-22,53539.373399999997
1994-06-23,53330.378599999996
1994-06-24,52663.558400000002
1994-06-27,53116.277000000002
1994-06-28,53062.970999999998
1994-06-29,53248.501900000003
1994-06-30,52715.826699999998
1994-07-01,52931.773300000001
1994-07-05,53122.138599999998
1994-07-06,53286.627500000002
1994-07-07,53440.968500000003
1994-07-08,53536.971299999997
1994-07-11,53456.474699999999
1994-07-12,53504.3946
1994-07-13,53686.118499999997
1994-07-14,54357.003199999999
1994-07-15,54492.7016
1994-07-18,54525.202599999997
1994-07-19,54677.678399999997
1994-07-20,54486.111299999997
1994-07-21,54442.327799999999
1994-07-22,54790.564200000001
1994-07-25,54894.470600000001
1994-07-26,54592.355000000003
1994-07-27,54543.026899999997
1994-07-28,54717.3698
1994-07-29,55269.819799999997
1994-08-01,55733.888899999998
1994-08-02,55761.556799999998
1994-08-03,55722.324500000002
1994-08-04,55315.352599999998
1994-08-05,55093.893600000003
1994-08-08,55181.847099999999
1994-08-09,55181.650000000001
1994-08-10,55242.152699999999
1994-08-11,54877.357199999999
1994-08-12,55206.4254
1994-08-15,55178.625
1994-08-16,55382.588900000002
1994-08-17,55111.0164
1994-08-18,54791.1757
1994-08-19,54966.311699999998
1994-08-22,54889.162600000003
1994-08-23,55410.4136
1994-08-24,56041.894399999997
1994-08-25,56108.944499999998
1994-08-26,56776.440600000002
1994-08-29,56957.922400000003
1994-08-30,57322.2497
1994-08-31,57396.563900000001
1994-09-01,57327.483099999998
1994-09-02,57057.839099999997
1994-09-06,56937.813900000001
1994-09-07,56812.347399999999
1994-09-08,57130.293599999997
1994-09-09,56758.742700000003
1994-09-12,56440.690999999999
1994-09-13,56643.675900000002
1994-09-14,56898.3701
1994-09-15,57706.123800000001
1994-09-16,57671.294000000002
1994-09-19,57561.512600000002
1994-09-20,56789.982799999998
1994-09-21,56335.460099999997
1994-09-22,56149.351900000001
1994-09-23,56104.231800000001
1994-09-26,56339.669199999997
1994-09-27,56266.226499999997
1994-09-28,56586.743000000002
1994-09-29,56416.780700000003
1994-09-30,56326.312299999998
1994-10-03,56185.295400000003
1994-10-04,55437.830300000001
1994-10-05,55193.705900000001
1994-10-06,55061.043799999999
1994-10-07,55110.402099999999
1994-10-10,55446.378799999999
1994-10-11,56311.144200000002
1994-10-12,56654.441099999996
1994-10-13,56846.863899999997
1994-10-14,56977.408600000002
1994-10-17,57056.9735
1994-10-18,56891.304499999998
1994-10-19,57152.801299999999
1994-10-20,56558.208100000003
1994-10-21,56037.670599999998
1994-10-24,55768.489600000001
1994-10-25,55528.4859
1994-10-26,55489.417699999998
1994-10-27,55733.373
1994-10-28,56624.907899999998
1994-10-31,56415.193500000001
1994-11-01,55862.123099999997
1994-11-02,55604.957799999996
1994-11-03,55816.058100000002
1994-11-04,55296.769399999997
1994-11-07,55329.75
1994-11-08,55672.596799999999
1994-11-09,55561.052799999998
1994-11-10,55344.166299999997
1994-11-11,55028.506800000003
1994-11-14,55385.995600000002
1994-11-15,55297.180200000003
1994-11-16,55540.290300000001
1994-11-17,55134.647799999999
1994-11-18,54919.425799999997
1994-11-21,54309.624000000003
1994-11-22,53098.325499999999
1994-11-23,52763.616399999999
1994-11-25,53069.456899999997
1994-11-28,53440.753599999996
1994-11-29,53371.089699999997
1994-11-30,53418.933100000002
1994-12-01,52980.7071
1994-12-02,53595.093999999997
1994-12-05,53766.406900000002
1994-12-06,53669.435400000002
1994-12-07,53626.308199999999
1994-12-08,52762.733099999998
1994-12-09,52836.412499999999
1994-12-12,53147.958599999998
1994-12-13,53280.638700000003
1994-12-14,53871.863499999999
1994-12-15,54291.871599999999
1994-12-16,54818.308900000004
1994-12-19,54675.585500000001
1994-12-20,54631.649700000002
1994-12-21,55090.360500000003
1994-12-22,55249.925799999997
1994-12-23,55343.653299999998
1994-12-27,55963.304600000003
1994-12-28,55660.902900000001
1994-12-29,55827.686800000003
1994-12-30,55849.818500000001
1995-01-03,55721.164400000001
1995-01-04,55743.253900000003
1995-01-05,55743.054799999998
1995-01-06,56071.739800000003
1995-01-09,56133.218399999998
1995-01-10,56312.644200000002
1995-01-11,56380.018300000003
1995-01-12,56447.472999999998
1995-01-13,56887.561699999998
1995-01-16,57285.571400000001
1995-01-17,57399.938000000002
1995-01-18,57336.593000000001
1995-01-19,56745.821400000001
1995-01-20,56547.008300000001
1995-01-23,56247.107199999999
1995-01-24,56365.025300000001
1995-01-25,56438.0985
1995-01-26,56398.390299999999
1995-01-27,56037.239099999999
1995-01-30,55695.211900000002
1995-01-31,55733.999600000003
1995-02-01,55728.227099999996
1995-02-02,56067.970300000001
1995-02-03,56852.721599999997
1995-02-06,57074.244200000001
1995-02-07,57153.944300000003
1995-02-08,57153.7402
1995-02-09,57256.412799999998
1995-02-10,57450.880100000002
1995-02-13,57703.4588
1995-02-14,57859.052100000001
1995-02-15,58501.080900000001
1995-02-16,58530.122499999998
1995-02-17,58172.879699999998
1995-02-21,58347.190600000002
1995-02-22,58702.900099999999
1995-02-23,59049.037499999999
1995-02-24,58977.967799999999
1995-02-27,58529.524599999997
1995-02-28,59009.257700000002
1995-03-01,58832.019200000002
1995-03-02,58425.8681
1995-03-03,58565.881500000003
1995-03-06,58307.982499999998
1995-03-07,57864.633600000001
1995-03-08,58078.526100000003
1995-03-09,58258.362099999998
1995-03-10,59108.7261
1995-03-13,59061.228000000003
1995-03-14,59356.323199999999
1995-03-15,59094.943399999996
1995-03-16,59514.306499999999
1995-03-17,59442.676700000004
1995-03-20,59394.910300000003
1995-03-21,59424.395600000003
1995-03-22,59424.183400000002
1995-03-23,59513.107499999998
1995-03-24,60143.733800000002
1995-03-27,60263.806499999999
1995-03-28,60311.802300000003
1995-03-29,60607.114800000003
1995-03-30,61067.5124
1995-03-31,60920.732199999999
1995-04-03,60890.054300000003
1995-04-04,61242.999199999998
1995-04-05,61175.413099999998
1995-04-06,61352.6034
1995-04-07,61327.843200000003
1995-04-10,61425.748699999996
1995-04-11,61228.966899999999
1995-04-12,61498.155700000003
1995-04-13,61768.527999999998
1995-04-17,61372.988799999999
1995-04-18,60912.472199999997
1995-04-19,61381.280700000003
1995-04-20,61503.824000000001
1995-04-21,61952.582300000002
1995-04-24,62485.153200000001
1995-04-25,62359.959799999997
1995-04-26,62403.389000000003
1995-04-27,62527.972900000001
1995-04-28,62540.2552
1995-05-01,62552.539900000003
1995-05-02,62646.145299999996
1995-05-03,63241.059999999998
1995-05-04,63297.750999999997
1995-05-05,63031.674400000004
1995-05-08,63598.734400000001
1995-05-09,63725.704700000002
1995-05-10,63884.791400000002
1995-05-11,64082.606099999997
1995-05-12,64607.854599999999
1995-05-15,64646.388500000001
1995-05-16,64775.450400000002
1995-05-17,64891.814899999998
1995-05-18,63788.422299999998
1995-05-19,63564.934999999998
1995-05-22,64276.635300000002
1995-05-23,64745.625099999997
1995-05-24,64609.428099999997
1995-05-25,64085.860999999997
1995-05-26,63592.171000000002
1995-05-30,63572.866199999997
1995-05-31,64469.016600000003
1995-06-01,64571.936800000003
1995-06-02,64068.044999999998
1995-06-05,64785.378299999997
1995-06-06,64817.539599999996
1995-06-07,64648.782500000001
1995-06-08,64764.919500000004
1995-06-09,64065.226999999999
1995-06-12,64507.048300000002
1995-06-13,65055.127800000002
1995-06-14,65224.038800000002
1995-06-15,65191.193800000001
1995-06-16,65236.594899999996
1995-06-19,65810.443899999998
1995-06-20,65599.615399999995
1995-06-21,65455.061999999998
1995-06-22,66076.651299999998
1995-06-23,66016.946400000001
1995-06-26,65567.795299999998
1995-06-27,65567.561199999996
1995-06-28,65573.883799999996
1995-06-29,65593.3217
1995-06-30,66196.546000000002
1995-07-03,66547.151299999998
1995-07-05,67358.7889
1995-07-06,68247.684299999994
1995-07-07,69359.877800000002
1995-07-10,69623.197700000004
1995-07-11,69093.812699999995
1995-07-12,69736.138399999996
1995-07-13,69582.469800000006
1995-07-14,69359.557400000005
1995-07-17,69713.0435
1995-07-18,68827.438800000004
1995-07-19,67567.650899999993
1995-07-20,68263.356400000004
1995-07-21,68194.849199999997
1995-07-24,68562.857900000003
1995-07-25,69097.403300000005
1995-07-26,68751.669500000004
1995-07-27,69315.187600000005
1995-07-28,69197.104300000006
1995-07-31,69169.1783
1995-08-01,68954.506800000003
1995-08-02,68657.756200000003
1995-08-03,68733.034499999994
1995-08-04,68835.888600000006
1995-08-07,69193.589300000007
1995-08-08,69124.1486
1995-08-09,68875.054799999998
1995-08-10,68427.120999999999
1995-08-11,68173.696299999996
1995-08-14,68855.189700000003
1995-08-15,68613.950700000001
1995-08-16,69032.250700000004
1995-08-17,69038.907399999996
1995-08-18,68942.006399999998
1995-08-21,69121.009399999995
1995-08-22,69155.323000000004
1995-08-23,68767.806200000006
1995-08-24,68671.285699999993
1995-08-25,68966.327000000005
1995-08-28,68917.804199999999
1995-08-29,68883.099199999997
1995-08-30,68958.624599999996
1995-08-31,68972.169999999998
1995-09-01,69261.606799999994
1995-09-05,69850.083100000003
1995-09-06,70220.039099999995
1995-09-07,70135.5242
1995-09-08,70289.571899999995
1995-09-11,70486.131699999998
1995-09-12,70788.970300000001
1995-09-13,71001.084400000007
1995-09-14,71370.036500000002
1995-09-15,71291.2745
1995-09-18,70920.305300000007
1995-09-19,70324.321400000001
1995-09-20,70359.232399999994
1995-09-21,69972.005399999995
1995-09-22,69691.867499999993
1995-09-25,69649.803400000004
1995-09-26,69461.500199999995
1995-09-27,69058.375400000004
1995-09-28,69672.748399999997
1995-09-29,69930.288700000005
1995-10-02,69517.450200000007
1995-10-03,68898.496700000003
1995-10-04,68271.274300000005
1995-10-05,68373.437300000005
1995-10-06,68441.566600000006
1995-10-09,67647.399999999994
1995-10-10,67606.570000000007
1995-10-11,67734.781000000003
1995-10-12,68391.566399999996
1995-10-13,68753.797500000001
1995-10-16,68719.175000000003
1995-10-17,69007.550199999998
1995-10-18,69069.410499999998
1995-10-19,69207.302599999995
1995-10-20,68861.019
1995-10-23,68192.821100000001
1995-10-24,68403.975300000006
1995-10-25,67883.860799999995
1995-10-26,67272.6636
1995-10-27,67628.968500000003
1995-10-30,68115.655499999993
1995-10-31,68047.296600000001
1995-11-01,67951.787400000001
1995-11-02,68746.580600000001
1995-11-03,69096.942599999995
1995-11-06,69193.431599999996
1995-11-07,68944.088099999994
1995-11-08,69329.928799999994
1995-11-09,69503.005999999994
1995-11-10,69752.968599999993
1995-11-13,69766.670100000003
1995-11-14,69564.097500000003
1995-11-15,69751.672200000001
1995-11-16,70532.641799999998
1995-11-17,70581.762700000007
1995-11-20,70433.289000000004
1995-11-21,71052.850300000006
1995-11-22,71400.755600000004
1995-11-24,71543.302100000001
1995-11-27,71621.744200000001
1995-11-28,71929.461899999995
1995-11-29,72483.061900000001
1995-11-30,72374.078399999999
1995-12-01,72699.503299999997
1995-12-04,73019.121400000004
1995-12-05,73456.975399999996
1995-12-06,73860.7264
1995-12-07,73372.981799999994
1995-12-08,73247.985700000005
1995-12-11,73298.997700000007
1995-12-12,73247.426600000006
1995-12-13,73606.077399999995
1995-12-14,73186.259900000005
1995-12-15,73164.042600000001
1995-12-18,72095.586299999995
1995-12-19,72520.692800000004
1995-12-20,72150.578299999994
1995-12-21,72554.363800000006
1995-12-22,72822.555800000002
1995-12-26,73069.892399999997
1995-12-27,73128.087400000004
1995-12-28,73040.072499999995
1995-12-29,73755.604399999997
1996-01-02,74714.163799999995
1996-01-03,74691.482699999993
1996-01-04,74048.869200000001
1996-01-05,73967.150999999998
1996-01-08,74284.945600000006
1996-01-09,73170.406099999993
1996-01-10,71860.394499999995
1996-01-11,72255.369999999995
1996-01-12,72132.277799999996
1996-01-15,71807.425000000003
1996-01-16,72202.109400000001
1996-01-17,72043.006899999993
1996-01-18,72438.986099999995
1996-01-19,72967.532000000007
1996-01-22,73441.560400000002
1996-01-23,73132.843500000003
1996-01-24,73512.873099999997
1996-01-25,73644.933699999994
1996-01-26,74130.727299999999
1996-01-29,74278.724000000002
1996-01-30,75199.514899999995
1996-01-31,75748.202799999999
1996-02-01,76013.050900000002
1996-02-02,76081.191200000001
1996-02-05,76537.406600000002
1996-02-06,77172.393800000005
1996-02-07,77164.400899999993
1996-02-08,77997.500899999999
1996-02-09,78090.819300000003
1996-02-12,78379.4764
1996-02-13,78316.492899999997
1996-02-14,78018.610499999995
1996-02-15,77620.437000000005
1996-02-16,77115.626900000003
1996-02-20,76513.849600000001
1996-02-21,77301.668999999994
1996-02-22,78484.108500000002
1996-02-23,78570.160699999993
1996-02-26,77540.611000000004
1996-02-27,77090.598499999993
1996-02-28,76627.779599999994
1996-02-29,76198.390400000004
1996-03-01,76640.068899999998
1996-03-04,77697.428100000005
1996-03-05,77790.387499999997
1996-03-06,77821.225900000005
1996-03-07,77961.026199999993
1996-03-08,76003.926000000007
1996-03-11,77546.534199999995
1996-03-12,77205.052500000005
1996-03-13,77351.466400000005
1996-03-14,77660.596000000005
1996-03-15,77776.809500000003
1996-03-18,79370.956300000005
1996-03-19,79338.924499999994
1996-03-20,79092.690499999997
1996-03-21,78981.678199999995
1996-03-22,79392.100900000005
1996-03-25,79383.878100000002
1996-03-26,79478.855299999996
1996-03-27,79128.864499999996
1996-03-28,78859.543699999995
1996-03-29,78378.218900000007
1996-04-01,79028.478199999998
1996-04-02,79051.904500000004
1996-04-03,79399.450500000006
1996-04-04,79399.166899999997
1996-04-08,78382.573999999993
1996-04-09,78335.264500000005
1996-04-10,77575.132700000002
1996-04-11,77117.162400000001
1996-04-12,77587.301600000006
1996-04-15,78277.551500000001
1996-04-16,78770.420499999993
1996-04-17,78667.737699999998
1996-04-18,79273.198300000004
1996-04-19,79375.970300000001
1996-04-22,79828.1299
1996-04-23,80123.208899999998
1996-04-24,80154.971999999994
1996-04-25,80427.212599999999
1996-04-26,80459.096300000005
1996-04-29,80442.717099999994
1996-04-30,80361.987099999998
1996-05-01,80667.075599999996
1996-05-02,79948.850600000005
1996-05-03,79884.606
1996-05-06,79652.655299999999
1996-05-07,79047.010599999994
1996-05-08,79394.535199999998
1996-05-09,79759.466499999995
1996-05-10,80349.401700000002
1996-05-13,81240.993100000007
1996-05-14,81866.258600000001
1996-05-15,81767.726699999999
1996-05-16,82086.328800000003
1996-05-17,82644.222699999998
1996-05-20,83462.105299999996
1996-05-21,83411.729999999996
1996-05-22,84128.772899999996
1996-05-23,83707.828599999993
1996-05-24,83833.091400000005
1996-05-28,82835.178199999995
1996-05-29,82230.185599999997
1996-05-30,82805.503200000006
1996-05-31,82689.279800000004
1996-06-03,82407.840899999996
1996-06-04,82976.160699999993
1996-06-05,83423.935599999997
1996-06-06,83073.257100000003
1996-06-07,83272.336299999995
1996-06-10,83197.093800000002
1996-06-11,82780.811199999996
1996-06-12,82813.627800000002
1996-06-13,82589.7353
1996-06-14,82300.376199999999
1996-06-17,82291.852299999999
1996-06-18,81937.703399999999
1996-06-19,81961.992100000003
1996-06-20,81896.129799999995
1996-06-21,82706.608999999997
1996-06-24,83004.057400000005
1996-06-25,82738.147899999996
1996-06-26,82067.673500000004
1996-06-27,82174.068299999999
1996-06-28,82420.297099999996
1996-07-01,83112.333199999994
1996-07-02,82970.7454
1996-07-03,82854.289999999994
1996-07-05,81404.043999999994
1996-07-08,80768.801800000001
1996-07-09,81253.126099999994
1996-07-10,81244.710600000006
1996-07-11,79806.3891
1996-07-12,79742.258900000001
1996-07-15,77365.654800000004
1996-07-16,76847.028600000005
1996-07-17,78114.730200000005
1996-07-18,79528.327799999999
1996-07-19,78947.486999999994
1996-07-22,78094.572199999995
1996-07-23,77149.348899999997
1996-07-24,76832.761100000003
1996-07-25,77454.831999999995
1996-07-26,78066.448600000003
1996-07-29,77628.997700000007
1996-07-30,77939.236399999994
1996-07-31,78726.1443
1996-08-01,79757.175700000007
1996-08-02,81048.9571
1996-08-05,81048.667600000001
1996-08-06,81332.048500000004
1996-08-07,81738.4182
1996-08-08,81435.694199999998
1996-08-09,81134.0913
1996-08-12,81531.358600000007
1996-08-13,81302.779599999994
1996-08-14,81700.872799999997
1996-08-15,81716.921199999997
1996-08-16,81945.436700000006
1996-08-19,82084.451300000001
1996-08-20,82240.118600000002
1996-08-21,82042.448600000003
1996-08-22,82509.797600000005
1996-08-23,82592.012700000007
1996-08-26,82459.570500000002
1996-08-27,82764.376399999994
1996-08-28,82929.609599999996
1996-08-29,82050.2595
1996-08-30,81426.3845
1996-09-03,81686.658100000001
1996-09-04,81906.920400000003
1996-09-05,81349.660799999998
1996-09-06,82162.866899999994
1996-09-09,82951.337
1996-09-10,82975.926099999997
1996-09-11,83174.771999999997
1996-09-12,83648.571100000001
1996-09-13,84643.690400000007
1996-09-16,85058.142200000002
1996-09-17,84743.123300000007
1996-09-18,84530.962799999994
1996-09-19,84649.004199999996
1996-09-20,85097.341700000004
1996-09-23,84884.294399999999
1996-09-24,85240.505300000004
1996-09-25,85674.9274
1996-09-26,85717.458899999998
1996-09-27,86042.879100000006
1996-09-30,86214.657600000006
1996-10-01,85990.191500000001
1996-10-02,86609.013800000001
1996-10-03,86634.6872
1996-10-04,87197.503299999997
1996-10-07,87136.153600000005
1996-10-08,86804.725000000006
1996-10-09,86413.793699999995
1996-10-10,86197.450599999996
1996-10-11,87016.018500000006
1996-10-14,87424.683099999995
1996-10-15,87380.658500000005
1996-10-16,87249.275399999999
1996-10-17,87641.585600000006
1996-10-18,87711.385800000004
1996-10-21,87719.843699999998
1996-10-22,87351.107099999994
1996-10-23,87211.033299999996
1996-10-24,86992.694300000003
1996-10-25,87035.8799
1996-10-28,86504.650200000004
1996-10-29,86824.408500000005
1996-10-30,86902.240399999995
1996-10-31,87405.963000000003
1996-11-01,86951.139800000004
1996-11-04,87185.597399999999
1996-11-05,87673.525299999994
1996-11-06,88891.874200000006
1996-11-07,89318.237699999998
1996-11-08,89398.305200000003
1996-11-11,89621.481700000004
1996-11-12,89854.1774
1996-11-13,90276.171199999997
1996-11-14,90799.450500000006
1996-11-15,90962.565300000002
1996-11-18,90753.026500000007
1996-11-19,91115.714500000002
1996-11-20,91525.409799999994
1996-11-21,91470.167700000005
1996-11-22,92036.956000000006
1996-11-25,92809.737699999998
1996-11-26,92187.581000000006
1996-11-27,92371.626999999993
1996-11-29,92750.020699999994
1996-12-02,92638.389500000005
1996-12-03,91637.563999999998
1996-12-04,91234.031400000007
1996-12-05,91142.471600000004
1996-12-06,90659.091
1996-12-09,91492.830799999996
1996-12-10,91602.295499999993
1996-12-11,90603.503299999997
1996-12-12,89905.532699999996
1996-12-13,89761.362800000003
1996-12-16,89366.092199999999
1996-12-17,89857.286600000007
1996-12-18,90692.638399999996
1996-12-19,92098.050399999993
1996-12-20,92650.309800000003
1996-12-23,92112.607099999994
1996-12-24,92508.362299999993
1996-12-26,93211.095499999996
1996-12-27,93490.395900000003
1996-12-30,93620.948499999999
1996-12-31,92852.922399999996
1997-01-02,92184.049700000003
1997-01-03,93114.779399999999
1997-01-06,93533.463399999993
1997-01-07,94225.277000000002
1997-01-08,93574.785999999993
1997-01-09,94369.837499999994
1997-01-10,95124.459099999993
1997-01-13,95523.642200000002
1997-01-14,96287.4902
1997-01-15,95613.133900000001
1997-01-16,96033.490099999995
1997-01-17,96974.275399999999
1997-01-20,97352.128700000001
1997-01-21,97760.659899999999
1997-01-22,97838.5193
1997-01-23,96732.594599999997
1997-01-24,95793.942999999999
1997-01-27,95123.043300000005
1997-01-28,94761.236000000004
1997-01-29,95575.844200000007
1997-01-30,96712.8554
1997-01-31,96480.399099999995
1997-02-03,96586.183000000005
1997-02-04,96450.617400000003
1997-02-05,95341.090899999996
1997-02-06,95531.4326
1997-02-07,96572.384000000005
1997-02-10,96098.834400000007
1997-02-11,96338.738299999997
1997-02-12,97937.617199999993
1997-02-13,98691.387100000007
1997-02-14,98365.353000000003
1997-02-18,98994.539999999994
1997-02-19,98746.700100000002
1997-02-20,97689.757800000007
1997-02-21,97474.491299999994
1997-02-24,98224.696800000005
1997-02-25,98194.878599999996
1997-02-26,98017.777199999997
1997-02-27,97488.131099999999
1997-02-28,96795.617199999993
1997-03-03,97017.901400000002
1997-03-04,96600.377999999997
1997-03-05,97730.257400000002
1997-03-06,97759.227400000003
1997-03-07,98716.918699999995
1997-03-10,99397.712899999999
1997-03-11,99387.418099999995
1997-03-12,98929.881099999999
1997-03-13,97544.509399999995
1997-03-14,97953.847899999993
1997-03-17,98325.722699999998
1997-03-18,97302.784
1997-03-19,97137.021800000002
1997-03-20,97029.824200000003
1997-03-21,96641.358300000007
1997-03-24,97375.487500000003
1997-03-25,96781.1492
1997-03-26,96587.241299999994
1997-03-27,94838.667300000001
1997-03-31,92998.458400000003
1997-04-01,93119.024300000005
1997-04-02,92559.977599999998
1997-04-03,92050.5671
1997-04-04,93320.536200000002
1997-04-07,93740.145300000004
1997-04-08,94142.893200000006
1997-04-09,94114.314100000003
1997-04-10,93859.869300000006
1997-04-11,91860.318899999998
1997-04-14,92218.246100000004
1997-04-15,93555.081300000005
1997-04-16,94892.584799999997
1997-04-17,94465.229300000006
1997-04-18,94889.985400000005
1997-04-21,94301.328599999993
1997-04-22,96253.029299999995
1997-04-23,96281.561499999996
1997-04-24,95982.7448
1997-04-25,95416.103799999997
1997-04-28,95348.971799999999
1997-04-29,97131.657000000007
1997-04-30,97966.642399999997
1997-05-01,97985.885800000004
1997-05-02,99680.691699999996
1997-05-05,101963.0235
1997-05-06,101932.0704
1997-05-07,100739.1012
1997-05-08,101302.8803
1997-05-09,101839.4238
1997-05-12,103305.5478
1997-05-13,103522.12059999999
1997-05-14,103884.0782
1997-05-15,104870.6059
1997-05-16,103538.37480000001
1997-05-19,103827.9123
1997-05-20,104793.14109999999
1997-05-21,104792.7669
1997-05-22,104635.2035
1997-05-23,105838.1346
1997-05-27,105933.011
1997-05-28,106155.092
1997-05-29,106250.2524
1997-05-30,106217.9978
1997-06-02,106313.2147
1997-06-03,106302.2037
1997-06-04,106291.19379999999
1997-06-05,106535.284
1997-06-06,108143.5863
1997-06-09,108759.6185
1997-06-10,109259.5243
1997-06-11,109586.9127
1997-06-12,111657.7139
1997-06-13,112550.5769
1997-06-16,112471.3895
1997-06-17,112167.315
1997-06-18,111897.7129
1997-06-19,112971.5313
1997-06-20,112948.53350000001
1997-06-23,110723.04399999999
1997-06-24,112250.6266
1997-06-25,111565.4969
1997-06-26,111230.402
1997-06-27,112075.3558
1997-06-30,111693.8993
1997-07-01,112520.0352
1997-07-02,114061.1578
1997-07-03,115338.2355
1997-07-07,115441.628
1997-07-08,116353.20450000001
1997-07-09,115375.4221
1997-07-10,116390.3137
1997-07-11,117309.3815
1997-07-14,117825.12390000001
1997-07-15,118908.6942
1997-07-16,120216.26519999999
1997-07-17,119097.82460000001
1997-07-18,117263.2926
1997-07-21,116547.5678
1997-07-22,118563.42449999999
1997-07-23,119333.6633
1997-07-24,119261.6369
1997-07-25,119106.17080000001
1997-07-28,118736.5163
1997-07-29,119044.8072
1997-07-30,119841.9823
1997-07-31,119613.8545
1997-08-01,119134.9719
1997-08-04,118872.4494
1997-08-05,119192.9806
1997-08-06,120360.64599999999
1997-08-07,119710.2687
1997-08-08,117626.8824
1997-08-11,118367.5117
1997-08-12,117017.6994
1997-08-13,117508.7558
1997-08-14,117449.5817
1997-08-15,114313.2585
1997-08-18,115204.4936
1997-08-19,116575.0156
1997-08-20,118288.25199999999
1997-08-21,116619.96520000001
1997-08-22,116001.46279999999
1997-08-25,115885.0472
1997-08-26,115154.55740000001
1997-08-27,115004.44530000001
1997-08-28,114337.0088
1997-08-29,113844.9513
1997-09-02,116998.0499
1997-09-03,117840.018
1997-09-04,117179.693
1997-09-05,116651.9659
1997-09-08,116534.8973
1997-09-09,116371.33229999999
1997-09-10,114881.3636
1997-09-11,113812.5566
1997-09-12,115041.3257
1997-09-15,114695.79090000001
1997-09-16,116909.0101
1997-09-17,117773.71920000001
1997-09-18,118468.1635
1997-09-19,118396.65949999999
1997-09-22,118561.99189999999
1997-09-23,118182.17019999999
1997-09-24,117342.6547
1997-09-25,116473.8999
1997-09-26,117533.3964
1997-09-29,118508.5039
1997-09-30,118188.10769999999
1997-10-01,118707.7132
1997-10-02,119146.5079
1997-10-03,118919.704
1997-10-06,119632.7974
1997-10-07,121091.8904
1997-10-08,120268.033
1997-10-09,120219.49619999999
1997-10-10,119978.628
1997-10-13,120050.1866
1997-10-14,120253.8431
1997-10-15,119664.1698
1997-10-16,118694.4627
1997-10-17,117507.09420000001
1997-10-20,118611.2412
1997-10-21,120034.1525
1997-10-22,119205.48820000001
1997-10-23,116558.7006
1997-10-24,115054.677
1997-10-27,107633.2395
1997-10-28,111475.36169999999
1997-10-29,111118.2424
1997-10-30,109195.5
1997-10-31,110221.5477
1997-11-03,112888.51549999999
1997-11-04,113475.1326
1997-11-05,114053.45050000001
1997-11-06,113745.0989
1997-11-07,111811.02589999999
1997-11-10,111642.91009999999
1997-11-11,111017.311
1997-11-12,108763.2632
1997-11-13,109948.3943
1997-11-14,111091.46490000001
1997-11-17,113124.042
1997-11-18,111935.8355
1997-11-19,112371.9855
1997-11-20,113911.08040000001
1997-11-21,114297.9712
1997-11-24,112365.9273
1997-11-25,113230.7436
1997-11-26,113728.5545
1997-11-28,114444.6382
1997-12-01,115451.3423
1997-12-02,115531.74589999999
1997-12-03,115092.31269999999
1997-12-04,114735.1155
1997-12-05,115664.06020000001
1997-12-08,115571.1158
1997-12-09,115270.2182
1997-12-10,113909.6179
1997-12-11,112143.61199999999
1997-12-12,111593.7078
1997-12-15,112776.2025
1997-12-16,113441.17939999999
1997-12-17,113191.20359999999
1997-12-18,111685.3564
1997-12-19,110489.92419999999
1997-12-22,111274.00810000001
1997-12-23,109537.73609999999
1997-12-24,109460.6685
1997-12-26,109471.2236
1997-12-29,111069.1125
1997-12-30,113179.0289
1997-12-31,113438.9365
1998-01-02,114255.2917
1998-01-05,114928.9899
1998-01-06,113825.2611
1998-01-07,113699.64690000001
1998-01-08,112221.14539999999
1998-01-09,108921.44289999999
1998-01-12,110119.18979999999
1998-01-13,111175.94070000001
1998-01-14,111664.7178
1998-01-15,110168.01179999999
1998-01-16,111357.4328
1998-01-20,113038.5324
1998-01-21,112925.0901
1998-01-22,112360.06140000001
1998-01-23,111842.80379999999
1998-01-26,112133.1957
1998-01-27,113242.91379999999
1998-01-28,114680.6943
1998-01-29,115735.3472
1998-01-30,115364.58070000001
1998-02-02,117867.5802
1998-02-03,118232.54859999999
1998-02-04,118255.7729
1998-02-05,118089.7925
1998-02-06,118786.1005
1998-02-09,118595.6185
1998-02-10,119567.679
1998-02-11,119949.8685
1998-02-12,120537.1946
1998-02-13,120476.4954
1998-02-17,120753.1611
1998-02-18,121344.4203
1998-02-19,120955.6848
1998-02-20,121221.3553
1998-02-23,121002.724
1998-02-24,119937.4678
1998-02-25,121340.3078
1998-02-26,122395.5352
1998-02-27,122958.11749999999
1998-03-02,122797.8328
1998-03-03,123276.3058
1998-03-04,123053.9682
1998-03-05,122130.624
1998-03-06,123949.9341
1998-03-09,124061.0463
1998-03-10,124854.59390000001
1998-03-11,125453.4501
1998-03-12,125352.6393
1998-03-13,124349.3705
1998-03-16,125455.6358
1998-03-17,125844.1002
1998-03-18,126007.2481
1998-03-19,126347.0177
1998-03-20,127508.959
1998-03-23,126883.70970000001
1998-03-24,128228.22380000001
1998-03-25,128509.8679
1998-03-26,128522.25999999999
1998-03-27,128637.47100000001
1998-03-30,128637.0116
1998-03-31,129356.9195
1998-04-01,130417.1842
1998-04-02,131877.39079999999
1998-04-03,131270.28390000001
1998-04-06,130770.988
1998-04-07,130025.12639999999
1998-04-08,129491.5589
1998-04-09,130073.8085
1998-04-13,130567.6244
1998-04-14,131977.2885
1998-04-15,132346.3535
1998-04-16,131115.05970000001
1998-04-17,132465.0766
1998-04-20,131974.48269999999
1998-04-21,132884.63529999999
1998-04-22,132379.1991
1998-04-23,131332.93059999999
1998-04-24,130019.1323
1998-04-27,127717.3293
1998-04-28,127282.63430000001
1998-04-29,128249.52770000001
1998-04-30,130814.06020000001
1998-05-01,131323.76790000001
1998-05-04,131428.3579
1998-05-05,130494.74709999999
1998-05-06,129659.11470000001
1998-05-07,128426.8901
1998-05-08,129607.9587
1998-05-11,129620.4567
1998-05-12,130112.5515
1998-05-13,130554.46950000001
1998-05-14,130449.55959999999
1998-05-15,128935.8789
1998-05-18,128522.8235
1998-05-19,128895.08070000001
1998-05-20,130209.3502
1998-05-21,129792.2153
1998-05-22,128818.3101
1998-05-26,126486.2386
1998-05-27,125663.6263
1998-05-28,126429.72560000001
1998-05-29,125872.98330000001
1998-06-01,125280.9308
1998-06-02,124917.1686
1998-06-03,123655.0591
1998-06-04,124520.2028
1998-06-05,125926.8365
1998-06-08,126052.3135
1998-06-09,125812.3639
1998-06-10,124239.2601
1998-06-11,121940.39
1998-06-12,121952.1486
1998-06-15,119537.06050000001
1998-06-16,120241.9023
1998-06-17,122429.87549999999
1998-06-18,122184.5784
1998-06-19,120937.8594
1998-06-22,120925.3337
1998-06-23,122146.24770000001
1998-06-24,123293.9862
1998-06-25,122911.3345
1998-06-26,123636.0724
1998-06-29,124055.99340000001
1998-06-30,124663.4247
1998-07-01,126134.0079
1998-07-02,126083.1038
1998-07-06,126927.41039999999
1998-07-07,127155.42630000001
1998-07-08,127638.16280000001
1998-07-09,126910.1695
1998-07-10,126820.87910000001
1998-07-13,125970.72629999999
1998-07-14,127418.93979999999
1998-07-15,127558.6456
1998-07-16,128872.04399999999
1998-07-17,129090.6663
1998-07-20,128264.02499999999
1998-07-21,126262.64810000001
1998-07-22,125176.3383
1998-07-23,122384.459
1998-07-24,121943.4378
1998-07-27,122199.08349999999
1998-07-28,120732.25810000001
1998-07-29,119693.5295
1998-07-30,121105.4856
1998-07-31,118779.8278
1998-08-03,118078.6026
1998-08-04,113910.0062
1998-08-05,114433.5854
1998-08-06,115463.079
1998-08-07,116109.2599
1998-08-10,115156.7493
1998-08-11,113624.75320000001
1998-08-12,115510.5184
1998-08-13,113985.36689999999
1998-08-14,113073.0769
1998-08-17,114780.0766
1998-08-18,116443.9777
1998-08-19,116012.71920000001
1998-08-20,115037.798
1998-08-21,113610.9185
1998-08-24,113565.0683
1998-08-25,113473.8107
1998-08-26,111748.6035
1998-08-27,107445.88310000001
1998-08-28,105898.2787
1998-08-31,100158.21369999999
1998-09-01,103192.6499
1998-09-02,102428.65579999999
1998-09-03,100635.7885
1998-09-04,100001.42359999999
1998-09-08,105181.14019999999
1998-09-09,103203.3591
1998-09-10,99374.145900000003
1998-09-11,101271.83719999999
1998-09-14,102861.4434
1998-09-15,102974.2236
1998-09-16,103694.67539999999
1998-09-17,101309.3275
1998-09-18,101116.4779
1998-09-21,101015.0003
1998-09-22,101519.71460000001
1998-09-23,105133.45389999999
1998-09-24,103860.9636
1998-09-25,104442.2141
1998-09-28,105256.4903
1998-09-29,104782.4602
1998-09-30,101932.0031
1998-10-01,98333.439299999998
1998-10-02,99650.756200000003
1998-10-05,98016.127900000007
1998-10-06,98368.635899999994
1998-10-07,98142.036699999997
1998-10-08,95884.419399999999
1998-10-09,98070.241699999999
1998-10-12,100462.80530000001
1998-10-13,100452.4002
1998-10-14,100783.5344
1998-10-15,104532.3219
1998-10-16,107019.81789999999
1998-10-19,108078.9319
1998-10-20,108986.40889999999
1998-10-21,109857.91099999999
1998-10-22,110978.0693
1998-10-23,110034.3594
1998-10-26,110430.09
1998-10-27,110407.6097
1998-10-28,109700.6066
1998-10-29,111279.90360000001
1998-10-30,113293.6724
1998-11-02,114800.0736
1998-11-03,115890.2643
1998-11-04,116874.91770000001
1998-11-05,118522.4366
1998-11-06,118853.8762
1998-11-09,117534.17359999999
1998-11-10,116758.02830000001
1998-11-11,115578.3553
1998-11-12,115531.7111
1998-11-13,116709.72199999999
1998-11-16,117876.40240000001
1998-11-17,117310.1747
1998-11-18,117908.0376
1998-11-19,118650.4371
1998-11-20,119528.0266
1998-11-23,120985.8416
1998-11-24,121118.4939
1998-11-25,120754.7059
1998-11-27,120319.5577
1998-11-30,118069.1523
1998-12-01,118411.1312
1998-12-02,117143.7092
1998-12-03,114905.8459
1998-12-04,116491.13619999999
1998-12-07,117201.3161
1998-12-08,116439.08900000001
1998-12-09,116007.84849999999
1998-12-10,114278.9172
1998-12-11,113649.9751
1998-12-14,111956.18459999999
1998-12-15,114407.6251
1998-12-16,113503.39629999999
1998-12-17,114899.0827
1998-12-18,115875.3146
1998-12-21,116940.95359999999
1998-12-22,117431.6879
1998-12-23,119499.85769999999
1998-12-24,121063.5958
1998-12-28,121719.357
1998-12-29,123434.4246
1998-12-30,122879.54979999999
1998-12-31,123888.41310000001
1999-01-04,122173.3455
1999-01-05,124695.5037
1999-01-06,127368.9914
1999-01-07,126259.2418
1999-01-08,127217.66190000001
1999-01-11,126007.026
1999-01-12,124544.17419999999
1999-01-13,121366.2548
1999-01-14,120811.38
1999-01-15,122879.54979999999
1999-01-19,122627.3339
1999-01-20,122324.6749
1999-01-21,121063.5958
1999-01-22,118692.7671
1999-01-25,120660.0505
1999-01-26,120660.0505
1999-01-27,121618.4706
1999-01-28,121769.80009999999
1999-01-29,122576.89079999999
1999-02-01,122728.2203
1999-02-02,121769.80009999999
1999-02-03,122980.43610000001
1999-02-04,123131.7656
1999-02-05,122728.2203
1999-02-08,123131.7656
1999-02-09,121467.14109999999
1999-02-10,121921.1296
1999-02-11,123585.75410000001
1999-02-12,122879.54979999999
1999-02-16,123484.8677
1999-02-17,123484.8677
1999-02-18,123484.8677
1999-02-19,124291.9584
1999-02-22,126208.79859999999
1999-02-23,126107.9123
1999-02-24,125805.2533
1999-02-25,123283.09510000001
1999-02-26,123686.6404
1999-03-01,123585.75410000001
1999-03-02,122576.89079999999
1999-03-03,121870.6865
1999-03-04,124241.51519999999
1999-03-05,126965.4461
1999-03-08,127671.6504
1999-03-09,128327.41160000001
1999-03-10,128075.1957
1999-03-11,128226.5252
1999-03-12,128630.07060000001
1999-03-15,128327.41160000001
1999-03-16,127469.8778
1999-03-17,127217.66190000001
1999-03-18,127520.32090000001
1999-03-19,128294.7748
1999-03-22,127383.44650000001
1999-03-23,124345.68550000001
1999-03-24,124041.9094
1999-03-25,125408.90180000001
1999-03-26,125712.678
1999-03-29,127737.852
1999-03-30,127687.22259999999
1999-03-31,126269.6008
1999-04-01,127585.9639
1999-04-05,130370.5782
1999-04-06,129661.76730000001
1999-04-07,129914.91409999999
1999-04-08,130623.72500000001
1999-04-09,130674.35430000001
1999-04-12,133864.00339999999
1999-04-13,134876.59039999999
1999-04-14,137813.09280000001
1999-04-15,141357.14730000001
1999-04-16,142167.217
1999-04-19,143331.69200000001
1999-04-20,142420.36369999999
1999-04-21,142876.02789999999
1999-04-22,142926.65719999999
1999-04-23,144040.50289999999
1999-04-26,143888.61489999999
1999-04-27,144597.4258
1999-04-28,146420.08240000001
1999-04-29,146977.00529999999
1999-04-30,145255.60740000001
1999-05-03,148090.851
1999-05-04,148749.03260000001
1999-05-05,148749.03260000001
1999-05-06,149052.80869999999
1999-05-07,151888.05230000001
1999-05-10,149812.24890000001
1999-05-11,152343.71650000001
1999-05-12,150875.46530000001
1999-05-13,149356.58480000001
1999-05-14,147483.29879999999
1999-05-17,147128.8933
1999-05-18,145255.60740000001
1999-05-19,147483.29879999999
1999-05-20,147837.70420000001
1999-05-21,146116.3063
1999-05-24,144850.57250000001
1999-05-25,144394.90839999999
1999-05-26,143331.69200000001
1999-05-27,140952.11249999999
1999-05-28,142420.36369999999
1999-06-01,142470.99309999999
1999-06-02,144394.90839999999
1999-06-03,145863.15960000001
1999-06-04,147382.04010000001
1999-06-07,148799.66190000001
1999-06-08,147483.29879999999
1999-06-09,147635.1868
1999-06-10,145863.15960000001
1999-06-11,145660.6422
1999-06-14,147382.04010000001
1999-06-15,147837.70420000001
1999-06-16,149913.50760000001
1999-06-17,151077.98269999999
1999-06-18,152234.8077
1999-06-21,150207.038
1999-06-22,149446.6244
1999-06-23,149953.5668
1999-06-24,148382.0453
1999-06-25,147469.54889999999
1999-06-28,147723.0202
1999-06-29,148534.128
1999-06-30,151119.5343
1999-07-01,151220.9228
1999-07-02,151930.6422
1999-07-06,152082.7249
1999-07-07,150967.4516
1999-07-08,151525.0883
1999-07-09,151677.171
1999-07-12,150359.1207
1999-07-13,149801.4841
1999-07-14,150561.8977
1999-07-15,151626.4768
1999-07-16,151829.2537
1999-07-19,151981.3365
1999-07-20,151829.2537
1999-07-21,151677.171
1999-07-22,151119.5343
1999-07-23,150359.1207
1999-07-26,149243.8474
1999-07-27,151220.9228
1999-07-28,150359.1207
1999-07-29,147317.4662
1999-07-30,145593.86199999999
1999-08-02,145999.41589999999
1999-08-03,146050.1102
1999-08-04,144934.83689999999
1999-08-05,145745.94469999999
1999-08-06,144377.20019999999
1999-08-09,143920.95199999999
1999-08-10,142602.90169999999
1999-08-11,145137.61379999999
1999-08-12,144579.97719999999
1999-08-13,147114.6893
1999-08-16,147672.3259
1999-08-17,149700.0956
1999-08-18,148280.6568
1999-08-19,146404.9699
1999-08-20,147875.1029
1999-08-23,151068.8401
1999-08-24,151119.5343
1999-08-25,152792.4443
1999-08-26,151981.3365
1999-08-27,150257.7322
1999-08-30,146455.66409999999
1999-08-31,146759.8296
1999-09-01,147165.3835
1999-09-02,145898.0275
1999-09-03,149446.6244
1999-09-07,151119.5343
1999-09-08,151626.4768
1999-09-09,150511.2034
1999-09-10,150105.6495
1999-09-13,148990.3762
1999-09-14,147672.3259
1999-09-15,147875.1029
1999-09-16,146557.0526
1999-09-17,148957.96230000001
1999-09-20,149110.323
1999-09-21,147180.421
1999-09-22,146723.3389
1999-09-23,145555.2403
1999-09-24,142457.23980000001
1999-09-27,144285.568
1999-09-28,142508.02669999999
1999-09-29,143320.617
1999-09-30,146012.3224
1999-10-01,144031.6335
1999-10-04,146570.97820000001
1999-10-05,145047.3714
1999-10-06,147129.6341
1999-10-07,147281.99479999999
1999-10-08,149262.68369999999
1999-10-11,149516.61809999999
1999-10-12,146418.6176
1999-10-13,142304.87909999999
1999-10-14,140832.05910000001
1999-10-15,138851.3702
1999-10-18,136159.6648
1999-10-19,136261.23860000001
1999-10-20,137429.33720000001
1999-10-21,135956.5172
1999-10-22,139562.38680000001
1999-10-25,139359.23920000001
1999-10-26,138495.86199999999
1999-10-27,138952.94399999999
1999-10-28,142101.73149999999
1999-10-29,142863.5349
1999-11-01,139206.87849999999
1999-11-02,140933.6329
1999-11-03,139968.6819
1999-11-04,139562.38680000001
1999-11-05,140324.19020000001
1999-11-08,140527.33780000001
1999-11-09,140628.91159999999
1999-11-10,140070.25570000001
1999-11-11,140628.91159999999
1999-11-12,141593.86259999999
1999-11-15,142355.666
1999-11-16,145707.601
1999-11-17,146672.552
1999-11-18,147129.6341
1999-11-19,145402.87969999999
1999-11-22,144742.64999999999
1999-11-23,143320.617
1999-11-24,143371.4039
1999-11-26,142660.3873
1999-11-29,140324.19020000001
1999-11-30,139663.96059999999
1999-12-01,140781.27220000001
1999-12-02,140476.5509
1999-12-03,142761.96109999999
1999-12-06,142355.666
1999-12-07,139663.96059999999
1999-12-08,142101.73149999999
1999-12-09,138292.7144
1999-12-10,140832.05910000001
1999-12-13,141644.6495
1999-12-14,141644.6495
1999-12-15,140324.19020000001
1999-12-16,141593.86259999999
1999-12-17,145884.2023
1999-12-20,141486.7115
1999-12-21,143480.92240000001
1999-12-22,142867.31899999999
1999-12-23,144759.2628
1999-12-27,146191.00399999999
1999-12-28,147725.01240000001
1999-12-29,148849.95189999999
1999-12-30,149156.7536
1999-12-31,151406.63269999999
2000-01-03,147469.3444
2000-01-04,143429.78880000001
2000-01-05,143020.7199
2000-01-06,144708.1292
2000-01-07,150230.5595
2000-01-10,150230.5595
2000-01-11,148287.4822
2000-01-12,146548.9393
2000-01-13,149310.1545
2000-01-14,148287.4822
2000-01-18,148134.08129999999
2000-01-19,147673.87880000001
2000-01-20,146702.3401
2000-01-21,144861.53
2000-01-24,140719.7072
2000-01-25,139901.56940000001
2000-01-26,141026.50889999999
2000-01-27,141793.51310000001
2000-01-28,138060.75930000001
2000-01-31,139032.29800000001
2000-02-01,138060.75930000001
2000-02-02,138163.02650000001
2000-02-03,138060.75930000001
2000-02-04,138623.22899999999
2000-02-07,136219.9492
2000-02-08,136782.41889999999
2000-02-09,135350.6777
2000-02-10,133049.66510000001
2000-02-11,130237.31630000001
2000-02-14,132333.79440000001
2000-02-15,134634.80710000001
2000-02-16,134328.00539999999
2000-02-17,134890.47519999999
2000-02-18,131924.7255
2000-02-22,134072.33730000001
2000-02-23,133049.66510000001
2000-02-24,131822.4583
2000-02-25,129521.44560000001
2000-02-28,129930.51459999999
2000-02-29,131362.25580000001
2000-03-01,130646.3852
2000-03-02,131106.5877
2000-03-03,134685.94070000001
2000-03-06,134123.47099999999
2000-03-07,128805.575
2000-03-08,130135.049
2000-03-09,131515.65659999999
2000-03-10,131822.4583
2000-03-13,129828.2473
2000-03-14,129112.37669999999
2000-03-15,134328.00539999999
2000-03-16,141793.51310000001
2000-03-17,141371.1955
2000-03-20,142191.03570000001
2000-03-21,145214.19649999999
2000-03-22,144599.31630000001
2000-03-23,147981.15719999999
2000-03-24,148852.23740000001
2000-03-27,147007.5969
2000-03-28,146597.67679999999
2000-03-29,148442.3173
2000-03-30,149415.8775
2000-03-31,149620.8376
2000-04-03,150286.9577
2000-04-04,148596.0373
2000-04-05,148032.39720000001
2000-04-06,149313.39749999999
2000-04-07,151567.95809999999
2000-04-10,151824.1581
2000-04-11,153617.55859999999
2000-04-12,150901.83790000001
2000-04-13,151311.758
2000-04-14,141371.1955
2000-04-17,144855.51639999999
2000-04-18,145419.15650000001
2000-04-19,145931.55660000001
2000-04-20,147161.31700000001
2000-04-24,147315.03700000001
2000-04-25,155001.03890000001
2000-04-26,152695.2383
2000-04-27,152848.9584
2000-04-28,151824.1581
2000-05-01,155308.47899999999
2000-05-02,153720.0386
2000-05-03,148596.0373
2000-05-04,148852.23740000001
2000-05-05,151465.478
2000-05-08,151414.23800000001
2000-05-09,150184.47769999999
2000-05-10,148698.51730000001
2000-05-11,152336.5583
2000-05-12,154181.19870000001
2000-05-15,156743.19940000001
2000-05-16,158229.15969999999
2000-05-17,157153.1195
2000-05-18,156435.75930000001
2000-05-19,152131.59820000001
2000-05-22,149467.11749999999
2000-05-23,148852.23740000001
2000-05-24,151004.31789999999
2000-05-25,148288.59719999999
2000-05-26,147468.75700000001
2000-05-30,150133.2377
2000-05-31,151158.038
2000-06-01,152336.5583
2000-06-02,153463.83850000001
2000-06-05,153258.87849999999
2000-06-06,152131.59820000001
2000-06-07,151414.23800000001
2000-06-08,149005.95740000001
2000-06-09,149569.59760000001
2000-06-12,149723.31760000001
2000-06-13,150338.19779999999
2000-06-14,150030.75769999999
2000-06-15,151465.478
2000-06-16,148804.8916
2000-06-19,147315.81570000001
2000-06-20,142745.8933
2000-06-21,143310.7151
2000-06-22,140178.52110000001
2000-06-23,141667.5969
2000-06-26,145056.5282
2000-06-27,145724.04500000001
2000-06-28,147521.20550000001
2000-06-29,144953.8333
2000-06-30,145210.57060000001
2000-07-03,147161.77340000001
2000-07-05,145878.08730000001
2000-07-06,145467.30780000001
2000-07-07,146186.17199999999
2000-07-10,146340.21429999999
2000-07-11,149164.32370000001
2000-07-12,149729.14559999999
2000-07-13,150910.13680000001
2000-07-14,152450.5601
2000-07-17,153323.46660000001
2000-07-18,153734.24619999999
2000-07-19,152450.5601
2000-07-20,154299.0681
2000-07-21,154042.3309
2000-07-24,152912.68710000001
2000-07-25,153220.77179999999
2000-07-26,151320.91630000001
2000-07-27,150293.9675
2000-07-28,145210.57060000001
2000-07-31,147469.85810000001
2000-08-01,148599.5018
2000-08-02,147931.98509999999
2000-08-03,148188.72229999999
2000-08-04,150037.2303
2000-08-07,154453.11040000001
2000-08-08,155788.1439
2000-08-09,157174.52489999999
2000-08-10,156763.74540000001
2000-08-11,158560.90590000001
2000-08-14,160152.67670000001
2000-08-15,158150.1263
2000-08-16,157893.3891
2000-08-17,158201.47380000001
2000-08-18,157739.3468
2000-08-21,159998.63430000001
2000-08-22,159639.2022
2000-08-23,158868.99059999999
2000-08-24,160563.45619999999
2000-08-25,161282.3204
2000-08-28,163438.913
2000-08-29,162411.96419999999
2000-08-30,160871.54089999999
2000-08-31,162052.53210000001
2000-09-01,163490.2605
2000-09-05,163490.2605
2000-09-06,164311.81959999999
2000-09-07,163336.2182
2000-09-08,161436.3627
2000-09-11,160614.80360000001
2000-09-12,160152.67670000001
2000-09-13,160614.80360000001
2000-09-14,160460.76130000001
2000-09-15,156431.86120000001
2000-09-18,154629.6508
2000-09-19,152878.93210000001
2000-09-20,153651.30799999999
2000-09-21,154166.22529999999
2000-09-22,153033.40729999999
2000-09-25,157513.1874
2000-09-26,157719.15429999999
2000-09-27,156431.86120000001
2000-09-28,158491.53020000001
2000-09-29,157358.71220000001
2000-10-02,155762.4687
2000-10-03,158800.48050000001
2000-10-04,159933.2985
2000-10-05,160087.77369999999
2000-10-06,155762.4687
2000-10-09,156740.81150000001
2000-10-10,154629.6508
2000-10-11,151900.5894
2000-10-12,148450.64379999999
2000-10-13,153033.40729999999
2000-10-16,155144.568
2000-10-17,150922.24660000001
2000-10-18,148193.1851
2000-10-19,150767.7714
2000-10-20,151591.639
2000-10-23,153342.35769999999
2000-10-24,155762.4687
2000-10-25,152878.93210000001
2000-10-26,153651.30799999999
2000-10-27,153599.81630000001
2000-10-30,155299.04319999999
2000-10-31,160911.64129999999
2000-11-01,161066.1164
2000-11-02,160757.1661
2000-11-03,159469.87299999999
2000-11-06,160911.64129999999
2000-11-07,161581.0337
2000-11-08,160499.70749999999
2000-11-09,161581.0337
2000-11-10,157873.62950000001
2000-11-13,154938.6011
2000-11-14,158028.1047
2000-11-15,158337.05499999999
2000-11-16,159160.92259999999
2000-11-17,158491.53020000001
2000-11-20,156225.89430000001
2000-11-21,158182.57980000001
2000-11-22,155607.99359999999
2000-11-24,158182.57980000001
2000-11-27,158491.53020000001
2000-11-28,156483.3529
2000-11-29,157770.64600000001
2000-11-30,155453.5184
2000-12-01,156792.30319999999
2000-12-04,161066.1164
2000-12-05,166936.17310000001
2000-12-06,163640.70269999999
2000-12-07,163177.27720000001
2000-12-08,165957.8303
2000-12-11,167811.5324
2000-12-12,165339.9296
2000-12-13,162456.39300000001
2000-12-14,159006.4474
2000-12-15,156421.40830000001
2000-12-18,159317.14350000001
2000-12-19,156576.53700000001
2000-12-20,151405.5814
2000-12-21,152284.64379999999
2000-12-22,155956.02230000001
2000-12-26,157714.14730000001
2000-12-27,160299.6251
2000-12-28,162626.5551
2000-12-29,161592.364
2001-01-02,154404.73560000001
2001-01-03,161126.978
2001-01-04,162419.7169
2001-01-05,157714.14730000001
2001-01-08,156421.40830000001
2001-01-09,156886.79440000001
2001-01-10,158386.37150000001
2001-01-11,160299.6251
2001-01-12,159834.23910000001
2001-01-16,161333.8162
2001-01-17,161126.978
2001-01-18,162161.1691
2001-01-19,160454.75380000001
2001-01-22,160144.4964
2001-01-23,162264.5882
2001-01-24,161333.8162
2001-01-25,161282.1067
2001-01-26,158593.20970000001
2001-01-29,159265.43400000001
2001-01-30,161850.9118
2001-01-31,162212.8787
2001-02-01,160092.78690000001
2001-02-02,159575.69130000001
2001-02-05,160351.3346
2001-02-06,161126.978
2001-02-07,159730.82000000001
2001-02-08,159523.9817
2001-02-09,155749.18410000001
2001-02-12,157559.01860000001
2001-02-13,159213.72440000001
2001-02-14,157559.01860000001
2001-02-15,160247.9155
2001-02-16,155542.34589999999
2001-02-20,156111.15100000001
2001-02-21,154197.89739999999
2001-02-22,152750.02979999999
2001-02-23,152543.19159999999
2001-02-26,155594.05540000001
2001-02-27,155232.08859999999
2001-02-28,152491.48209999999
2001-03-01,151405.5814
2001-03-02,152284.64379999999
2001-03-05,154197.89739999999
2001-03-06,156421.40830000001
2001-03-07,158282.95240000001
2001-03-08,159265.43400000001
2001-03-09,155904.31280000001
2001-03-12,147372.236
2001-03-13,147579.0742
2001-03-14,144476.50080000001
2001-03-15,143804.27660000001
2001-03-16,140077
2001-03-19,142877.50279999999
2001-03-20,139973.27770000001
2001-03-21,136342.9963
2001-03-22,132660.85380000001
2001-03-23,135305.77309999999
2001-03-26,137743.24770000001
2001-03-27,139973.27770000001
2001-03-28,137432.08069999999
2001-03-29,137432.08069999999
2001-03-30,137898.83119999999
2001-04-02,136913.46909999999
2001-04-03,131208.74119999999
2001-04-04,131831.07519999999
2001-04-05,139506.52720000001
2001-04-06,136706.0245
2001-04-09,139143.49909999999
2001-04-10,143240.53090000001
2001-04-11,141632.83489999999
2001-04-12,144433.3377
2001-04-16,144174.0319
2001-04-17,145989.17259999999
2001-04-18,152264.3732
2001-04-19,152782.98490000001
2001-04-20,152368.0956
2001-04-23,150034.3432
2001-04-24,148530.3695
2001-04-25,152005.0674
2001-04-26,154131.3751
2001-04-27,155272.32070000001
2001-04-30,153664.62460000001
2001-05-01,155064.87599999999
2001-05-02,155116.7372
2001-05-03,152834.84599999999
2001-05-04,155168.59830000001
2001-05-07,155739.0711
2001-05-08,155998.3769
2001-05-09,155116.7372
2001-05-10,156828.15549999999
2001-05-11,156050.23809999999
2001-05-14,156776.29440000001
2001-05-15,157398.62830000001
2001-05-16,162481.02220000001
2001-05-17,165177.8027
2001-05-18,165696.4143
2001-05-21,167304.11040000001
2001-05-22,166785.4987
2001-05-23,164244.30179999999
2001-05-24,164036.85709999999
2001-05-25,161599.38250000001
2001-05-29,161184.4932
2001-05-30,157917.23989999999
2001-05-31,160095.4088
2001-06-01,159628.65830000001
2001-06-04,160665.88159999999
2001-06-05,162377.29990000001
2001-06-06,160510.29810000001
2001-06-07,161236.35430000001
2001-06-08,159265.63020000001
2001-06-11,156516.98860000001
2001-06-12,157554.21179999999
2001-06-13,156983.739
2001-06-14,155946.51579999999
2001-06-15,155141.99359999999
2001-06-18,154934.0981
2001-06-19,153322.90820000001
2001-06-20,153998.56849999999
2001-06-21,154674.22870000001
2001-06-22,153322.90820000001
2001-06-25,151295.92739999999
2001-06-26,151711.71830000001
2001-06-27,151399.8751
2001-06-28,151919.61379999999
2001-06-29,150204.4762
2001-07-02,152387.3786
2001-07-03,153322.90820000001
2001-07-05,152127.50930000001
2001-07-06,149320.9204
2001-07-09,149788.68520000001
2001-07-10,147501.8351
2001-07-11,145994.59289999999
2001-07-12,149528.81589999999
2001-07-13,150724.21479999999
2001-07-16,148177.49530000001
2001-07-17,151191.97959999999
2001-07-18,151659.7444
2001-07-19,151243.9535
2001-07-20,152023.56150000001
2001-07-23,150360.39780000001
2001-07-24,146358.41
2001-07-25,147345.9135
2001-07-26,148801.18179999999
2001-07-27,150204.4762
2001-07-30,149892.633
2001-07-31,149892.633
2001-08-01,150724.21479999999
2001-08-02,150932.1103
2001-08-03,151659.7444
2001-08-06,148385.39079999999
2001-08-07,149476.842
2001-08-08,148125.5215
2001-08-09,148177.49530000001
2001-08-10,150932.1103
2001-08-13,149528.81589999999
2001-08-14,149632.76360000001
2001-08-15,149320.9204
2001-08-16,149268.9466
2001-08-17,147449.86120000001
2001-08-20,147345.9135
2001-08-21,147138.01800000001
2001-08-22,146878.14869999999
2001-08-23,147345.9135
2001-08-24,150048.5546
2001-08-27,149996.58069999999
2001-08-28,147138.01800000001
2001-08-29,146150.51449999999
2001-08-30,143447.87340000001
2001-08-31,144747.22010000001
2001-09-04,143395.8996
2001-09-05,143759.71660000001
2001-09-06,141264.97099999999
2001-09-07,137730.74799999999
2001-09-10,137470.8787
2001-09-17,124737.2812
2001-09-18,122970.1698
2001-09-19,119903.7116
2001-09-20,113043.1611
2001-09-21,113151.16280000001
2001-09-24,120718.92969999999
2001-09-25,121501.8021
2001-09-26,119361.95080000001
2001-09-27,120666.73820000001
2001-09-28,123537.2705
2001-10-01,122441.2491
2001-10-02,124842.0579
2001-10-03,127869.1646
2001-10-04,128025.73910000001
2001-10-05,127921.3561
2001-10-08,126407.8028
2001-10-09,125938.0793
2001-10-10,128234.50509999999
2001-10-11,132044.48430000001
2001-10-12,130791.8884
2001-10-15,131679.14379999999
2001-10-16,131365.99479999999
2001-10-17,128286.6966
2001-10-18,127764.7816
2001-10-19,127034.1007
2001-10-22,129695.867
2001-10-23,129017.3775
2001-10-24,129643.6755
2001-10-25,131679.14379999999
2001-10-26,134132.1441
2001-10-29,129173.952
2001-10-30,126355.6113
2001-10-31,125729.31329999999
2001-11-01,128338.8881
2001-11-02,130322.1649
2001-11-05,132253.25030000001
2001-11-06,134132.1441
2001-11-07,133818.9952
2001-11-08,135228.1655
2001-11-09,134758.44209999999
2001-11-12,133192.6972
2001-11-13,136480.76139999999
2001-11-14,137159.25090000001
2001-11-15,137837.7403
2001-11-16,138933.7617
2001-11-19,140186.35759999999
2001-11-20,138307.4638
2001-11-21,138568.42129999999
2001-11-23,140238.5491
2001-11-26,140917.0386
2001-11-27,139977.59169999999
2001-11-28,137785.54879999999
2001-11-29,138568.42129999999
2001-11-30,138307.4638
2001-12-03,137107.0594
2001-12-04,138777.18719999999
2001-12-05,141752.10250000001
2001-12-06,143474.42189999999
2001-12-07,141908.677
2001-12-10,139716.6342
2001-12-11,139090.33619999999
2001-12-12,139768.82569999999
2001-12-13,138777.18719999999
2001-12-14,137368.01689999999
2001-12-17,139455.67670000001
2001-12-18,142795.93239999999
2001-12-19,144152.91130000001
2001-12-20,143317.8474
2001-12-21,145485.51680000001
2001-12-24,145642.6851
2001-12-26,146166.5797
2001-12-27,146114.19020000001
2001-12-28,146952.4215
2001-12-31,145118.79060000001
2002-01-02,145118.79060000001
2002-01-03,145066.40109999999
2002-01-04,145118.79060000001
2002-01-07,144123.3909
2002-01-08,143704.27530000001
2002-01-09,142918.43350000001
2002-01-10,141451.5287
2002-01-11,139146.3927
2002-01-14,137574.70910000001
2002-01-15,137731.8774
2002-01-16,133069.21590000001
2002-01-17,133645.4999
2002-01-18,134536.1207
2002-01-22,135321.96249999999
2002-01-23,134640.8996
2002-01-24,135845.85699999999
2002-01-25,137731.8774
2002-01-28,137627.09849999999
2002-01-29,132388.15299999999
2002-01-30,133855.0577
2002-01-31,135950.63589999999
2002-02-01,134902.8468
2002-02-04,128930.44899999999
2002-02-05,127149.2075
2002-02-06,128092.21769999999
2002-02-07,129611.5119
2002-02-08,130397.35370000001
2002-02-11,133226.38430000001
2002-02-12,132073.81630000001
2002-02-13,133488.3316
2002-02-14,133959.83670000001
2002-02-15,133016.8265
2002-02-19,132650.10029999999
2002-02-20,134588.51010000001
2002-02-21,134064.61559999999
2002-02-22,135374.35190000001
2002-02-25,138936.83489999999
2002-02-26,139460.72940000001
2002-02-27,141137.19200000001
2002-02-28,139355.95050000001
2002-03-01,142604.09669999999
2002-03-04,147476.3161
2002-03-05,145642.6851
2002-03-06,150043.39939999999
2002-03-07,148262.15789999999
2002-03-08,149257.5575
2002-03-11,149571.89430000001
2002-03-12,149257.5575
2002-03-13,147214.3688
2002-03-14,147371.53719999999
2002-03-15,147484.33170000001
2002-03-18,146906.3738
2002-03-19,148482.6225
2002-03-20,146853.8322
2002-03-21,143911.50140000001
2002-03-22,143070.83540000001
2002-03-25,140811.54569999999
2002-03-26,141704.75330000001
2002-03-27,142650.5025
2002-03-28,143123.37710000001
2002-04-01,143070.83540000001
2002-04-02,141704.75330000001
2002-04-03,139760.7133
2002-04-04,140864.08730000001
2002-04-05,141494.58679999999
2002-04-08,142597.96090000001
2002-04-09,142492.87760000001
2002-04-10,145802.99979999999
2002-04-11,141126.7954
2002-04-12,140916.62899999999
2002-04-15,139445.46359999999
2002-04-16,141914.9198
2002-04-17,140916.62899999999
2002-04-18,139865.7965
2002-04-19,139077.6722
2002-04-22,136870.9241
2002-04-23,136608.21599999999
2002-04-24,135452.3003
2002-04-25,133823.51010000001
2002-04-26,132457.42790000001
2002-04-29,129567.6387
2002-04-30,133245.55220000001
2002-05-01,133665.88519999999
2002-05-02,134138.7598
2002-05-03,134191.3014
2002-05-06,130408.30469999999
2002-05-07,130513.3879
2002-05-08,135925.17490000001
2002-05-09,133613.34359999999
2002-05-10,131616.76190000001
2002-05-13,132457.42790000001
2002-05-14,135399.75870000001
2002-05-15,135925.17490000001
2002-05-16,136765.84090000001
2002-05-17,137974.29819999999
2002-05-20,136870.9241
2002-05-21,134769.2592
2002-05-22,135347.21710000001
2002-05-23,137869.21489999999
2002-05-24,136345.5079
2002-05-28,134821.8009
2002-05-29,133298.0938
2002-05-30,132720.136
2002-05-31,133823.51010000001
2002-06-03,128779.5144
2002-06-04,127728.682
2002-06-05,129882.8884
2002-06-06,126782.9328
2002-06-07,126782.9328
2002-06-10,127781.2236
2002-06-11,126257.5166
2002-06-12,126204.9749
2002-06-13,125889.7252
2002-06-14,125259.2257
2002-06-17,128779.5144
2002-06-18,129987.97169999999
2002-06-19,128989.68090000001
2002-06-20,127991.3901
2002-06-21,124778.9428
2002-06-24,126517.1045
2002-06-25,123830.85460000001
2002-06-26,123778.183
2002-06-27,125727.031
2002-06-28,125621.6879
2002-07-01,122830.09480000001
2002-07-02,120933.9184
2002-07-03,121091.93309999999
2002-07-05,126095.732
2002-07-08,123988.86930000001
2002-07-09,120881.24679999999
2002-07-10,117931.639
2002-07-11,118089.6537
2002-07-12,117720.9528
2002-07-15,116825.5361
2002-07-16,114402.644
2002-07-17,115772.1048
2002-07-18,112401.12450000001
2002-07-19,108924.80100000001
2002-07-22,105448.4776
2002-07-23,103078.2571
2002-07-24,108608.77159999999
2002-07-25,108714.1148
2002-07-26,110452.27650000001
2002-07-29,117352.2518
2002-07-30,118721.7126
2002-07-31,118511.0263
2002-08-01,115877.4479
2002-08-02,111663.7225
2002-08-05,107976.71279999999
2002-08-06,111663.7225
2002-08-07,114455.3156
2002-08-08,117773.6243
2002-08-09,118669.041
2002-08-12,117299.5802
2002-08-13,114560.6587
2002-08-14,117036.2224
2002-08-15,117984.3106
2002-08-16,117878.9675
2002-08-19,120670.56050000001
2002-08-20,120091.17329999999
2002-08-21,120459.8743
2002-08-22,122198.03599999999
2002-08-23,119353.7714
2002-08-26,120828.57520000001
2002-08-27,119775.1439
2002-08-28,117457.5949
2002-08-29,116562.1783
2002-08-30,116667.5214
2002-09-03,112611.81080000001
2002-09-04,113717.9137
2002-09-05,111716.3941
2002-09-06,113138.5264
2002-09-09,114086.6146
2002-09-10,115350.7322
2002-09-11,115350.7322
2002-09-12,113770.5852
2002-09-13,111031.6637
2002-09-16,112137.7666
2002-09-17,109820.21769999999
2002-09-18,109662.20299999999
2002-09-19,107502.66869999999
2002-09-20,107908.8192
2002-09-23,106534.1845
2002-09-24,104260.7503
2002-09-25,106269.8317
2002-09-26,108331.7837
2002-09-27,104207.8798
2002-09-30,103203.3391
2002-10-01,107697.33689999999
2002-10-02,103996.39750000001
2002-10-03,103150.4685
2002-10-04,100454.0698
2002-10-07,97757.671100000007
2002-10-08,98497.858999999997
2002-10-09,95167.013500000001
2002-10-10,98444.988400000002
2002-10-11,102991.85679999999
2002-10-14,102410.2806
2002-10-15,107380.1136
2002-10-16,104736.5854
2002-10-17,108014.5603
2002-10-18,107855.9486
2002-10-21,111133.9235
2002-10-22,109600.67720000001
2002-10-23,110710.959
2002-10-24,108384.65429999999
2002-10-25,109759.2889
2002-10-28,108226.0426
2002-10-29,107327.243
2002-10-30,107432.9841
2002-10-31,108278.91310000001
2002-11-01,109706.4183
2002-11-04,109812.15949999999
2002-11-05,110869.5707
2002-11-06,112931.5227
2002-11-07,110499.4768
2002-11-08,108860.4893
2002-11-11,106798.5374
2002-11-12,106851.40790000001
2002-11-13,106639.92570000001
2002-11-14,108120.3014
2002-11-15,108120.3014
2002-11-18,107327.243
2002-11-19,107485.8547
2002-11-20,109071.9716
2002-11-21,113565.9694
2002-11-22,113037.2638
2002-11-25,112825.7815
2002-11-26,111239.66469999999
2002-11-27,114200.41620000001
2002-11-29,113936.0634
2002-12-02,114676.2513
2002-12-03,112772.91099999999
2002-12-04,112402.817
2002-12-05,111239.66469999999
2002-12-06,111186.7941
2002-12-09,109442.0655
2002-12-10,110340.8651
2002-12-11,110922.44130000001
2002-12-12,110499.4768
2002-12-13,108596.13649999999
2002-12-16,111292.5352
2002-12-17,109917.90059999999
2002-12-18,109759.2889
2002-12-19,108966.2304
2002-12-20,110674.0554
2002-12-23,110142.4797
2002-12-24,109610.90399999999
2002-12-26,109983.007
2002-12-27,107856.7043
2002-12-30,108441.4375
2002-12-31,109451.4313
2003-01-02,112268.7824
2003-01-03,112640.8854
2003-01-06,113650.87910000001
2003-01-07,113012.9883
2003-01-08,111630.8916
2003-01-09,113066.1459
2003-01-10,112853.5156
2003-01-13,112640.8854
2003-01-14,112853.5156
2003-01-15,111258.7886
2003-01-16,110620.89780000001
2003-01-17,109823.5343
2003-01-21,107112.4984
2003-01-22,105092.5108
2003-01-23,107006.1832
2003-01-24,103710.414
2003-01-27,102913.0505
2003-01-28,103550.94130000001
2003-01-29,103550.94130000001
2003-01-30,101849.8992
2003-01-31,103550.94130000001
2003-02-03,104454.62
2003-02-04,103550.94130000001
2003-02-05,103657.2565
2003-02-06,102806.73540000001
2003-02-07,101796.74159999999
2003-02-10,101903.0567
2003-02-11,100839.9054
2003-02-12,99989.384300000005
2003-02-13,98713.602700000003
2003-02-14,100999.3781
2003-02-18,102115.68700000001
2003-02-19,102594.1051
2003-02-20,102062.5294
2003-02-21,103657.2565
2003-02-24,100202.01459999999
2003-02-25,101796.74159999999
2003-02-26,100999.3781
2003-02-27,101690.4265
2003-02-28,101956.21430000001
2003-03-03,101530.9538
2003-03-04,99670.438899999994
2003-03-05,100467.8024
2003-03-06,99723.5965
2003-03-07,100095.6995
2003-03-10,97544.136199999994
2003-03-11,95736.778900000005
2003-03-12,96853.087799999994
2003-03-13,99670.438899999994
2003-03-14,101265.16590000001
2003-03-17,104135.6746
2003-03-18,105517.77129999999
2003-03-19,106155.6621
2003-03-20,106102.5046
2003-03-21,109803.97229999999
2003-03-24,105909.07919999999
2003-03-25,106122.49800000001
2003-03-26,106122.49800000001
2003-03-27,105855.7245
2003-03-28,104681.92110000001
2003-03-31,103027.92539999999
2003-04-01,104468.50229999999
2003-04-02,106816.1091
2003-04-03,106709.39969999999
2003-04-04,106976.1732
2003-04-07,107776.49370000001
2003-04-08,107349.65609999999
2003-04-09,106069.1433
2003-04-10,106229.2074
2003-04-11,106389.2715
2003-04-14,108203.33130000001
2003-04-15,109110.3612
2003-04-16,107616.4296
2003-04-17,109377.1347
2003-04-21,108416.7501
2003-04-22,111671.38679999999
2003-04-23,112578.4167
2003-04-24,111511.3227
2003-04-25,110657.64750000001
2003-04-28,112631.7714
2003-04-29,112951.8996
2003-04-30,114179.0577
2003-05-01,112471.70729999999
2003-05-02,114018.9936
2003-05-05,113645.5107
2003-05-06,113965.63890000001
2003-05-07,113805.5748
2003-05-08,112738.4808
2003-05-09,114445.8312
2003-05-12,115299.5064
2003-05-13,114926.0235
2003-05-14,114552.54059999999
2003-05-15,115779.69869999999
2003-05-16,115246.1517
2003-05-19,112258.2885
2003-05-20,112898.54489999999
2003-05-21,112258.2885
2003-05-22,113111.96369999999
2003-05-23,113538.80130000001
2003-05-27,116313.2457
2003-05-28,115886.4081
2003-05-29,114605.8953
2003-05-30,117273.6303
2003-06-02,118447.43369999999
2003-06-03,118607.4978
2003-06-04,120154.7841
2003-06-05,120474.9123
2003-06-06,121488.6516
2003-06-09,119888.01059999999
2003-06-10,120528.26700000001
2003-06-11,122929.2285
2003-06-12,123249.3567
2003-06-13,121915.4892
2003-06-16,124849.99770000001
2003-06-17,124903.3524
2003-06-18,124263.09600000001
2003-06-19,121968.84390000001
2003-06-20,122555.1587
2003-06-23,121057.9752
2003-06-24,121111.4461
2003-06-25,119239.96679999999
2003-06-26,120683.67939999999
2003-06-27,119507.321
2003-06-30,119721.2043
2003-07-01,119988.5585
2003-07-02,120309.3835
2003-07-03,120202.4418
2003-07-07,121806.567
2003-07-08,122715.57120000001
2003-07-09,121378.8003
2003-07-10,119774.67509999999
2003-07-11,121004.50440000001
2003-07-14,120576.7377
2003-07-15,119828.14599999999
2003-07-16,119560.79180000001
2003-07-17,119239.96679999999
2003-07-18,120844.0919
2003-07-21,120309.3835
2003-07-22,121806.567
2003-07-23,121432.2711
2003-07-24,121432.2711
2003-07-25,124159.2838
2003-07-28,124266.2255
2003-07-29,122555.1587
2003-07-30,122555.1587
2003-07-31,123678.0463
2003-08-01,122715.57120000001
2003-08-04,122982.92539999999
2003-08-05,120897.56269999999
2003-08-06,120683.67939999999
2003-08-07,121432.2711
2003-08-08,121592.6836
2003-08-11,122555.1587
2003-08-12,123731.5171
2003-08-13,123303.7504
2003-08-14,124747.463
2003-08-15,125923.8214
2003-08-18,127795.30070000001
2003-08-19,128543.8924
2003-08-20,127795.30070000001
2003-08-21,129292.4841
2003-08-22,128062.65489999999
2003-08-25,126886.2965
2003-08-26,127634.8882
2003-08-27,127527.94650000001
2003-08-28,128543.8924
2003-08-29,128490.4216
2003-09-02,130361.90089999999
2003-09-03,131431.31760000001
2003-09-04,131324.37599999999
2003-09-05,129880.6634
2003-09-08,130522.3134
2003-09-09,129132.0716
2003-09-10,127634.8882
2003-09-11,128704.3049
2003-09-12,128650.83409999999
2003-09-15,128811.2466
2003-09-16,130468.8426
2003-09-17,129934.1342
2003-09-18,131484.7885
2003-09-19,130935.53599999999
2003-09-22,129218.3487
2003-09-23,129701.3076
2003-09-24,127179.1887
2003-09-25,126213.2708
2003-09-26,124871.7182
2003-09-29,126159.6087
2003-09-30,124979.04240000001
2003-10-01,127447.49920000001
2003-10-02,128037.7824
2003-10-03,129325.67290000001
2003-10-06,129379.33500000001
2003-10-07,130023.28019999999
2003-10-08,129432.99709999999
2003-10-09,130291.59080000001
2003-10-10,129540.3213
2003-10-13,130076.9424
2003-10-14,130720.8876
2003-10-15,130935.53599999999
2003-10-16,130989.19809999999
2003-10-17,130076.9424
2003-10-20,130398.91499999999
2003-10-21,130184.2666
2003-10-22,128681.7276
2003-10-23,129003.7003
2003-10-24,129057.3624
2003-10-27,129111.0245
2003-10-28,130613.5634
2003-10-29,131472.15710000001
2003-10-30,132491.7371
2003-10-31,132706.3855
2003-11-03,133350.3308
2003-11-04,133725.96549999999
2003-11-05,133618.64129999999
2003-11-06,134316.24859999999
2003-11-07,133833.28969999999
2003-11-10,132599.0613
2003-11-11,132116.1023
2003-11-12,134262.5865
2003-11-13,134208.92439999999
2003-11-14,133189.3444
2003-11-17,132813.70970000001
2003-11-18,132169.76439999999
2003-11-19,133350.3308
2003-11-20,132384.4129
2003-11-21,132491.7371
2003-11-24,134101.60019999999
2003-11-25,135174.84229999999
2003-11-26,135174.84229999999
2003-11-28,135335.82860000001
2003-12-01,137321.3265
2003-12-02,137053.016
2003-12-03,137160.34020000001
2003-12-04,137589.63699999999
2003-12-05,136570.05710000001
2003-12-08,137804.2855
2003-12-09,137804.2855
2003-12-10,137535.9749
2003-12-11,139682.45910000001
2003-12-12,139897.10759999999
2003-12-15,140058.09390000001
2003-12-16,140916.6876
2003-12-17,141077.67389999999
2003-12-18,142687.53700000001
2003-12-19,142795.9345
2003-12-22,143658.74979999999
2003-12-23,143982.30549999999
2003-12-24,143443.046
2003-12-26,143173.41620000001
2003-12-29,145006.89869999999
2003-12-30,144144.0834
2003-12-31,144305.86129999999
2004-01-02,144198.00940000001
2004-01-05,145600.08420000001
2004-01-06,145384.38039999999
2004-01-07,145600.08420000001
2004-01-08,146516.82550000001
2004-01-09,145060.8247
2004-01-12,145546.15830000001
2004-01-13,144952.97270000001
2004-01-14,146948.23319999999
2004-01-15,147163.93700000001
2004-01-16,149914.16080000001
2004-01-20,148080.6783
2004-01-21,149105.2714
2004-01-22,148404.234
2004-01-23,147864.97440000001
2004-01-26,149752.3829
2004-01-27,148296.38209999999
2004-01-28,145977.56589999999
2004-01-29,146031.49189999999
2004-01-30,145761.8621
2004-02-02,145492.2323
2004-02-03,144952.97270000001
2004-02-04,144251.93530000001
2004-02-05,145600.08420000001
2004-02-06,146247.19570000001
2004-02-09,145869.71400000001
2004-02-10,145761.8621
2004-02-11,147379.64079999999
2004-02-12,147271.78890000001
2004-02-13,146570.75150000001
2004-02-17,147703.1966
2004-02-18,146948.23319999999
2004-02-19,145815.78810000001
2004-02-20,145546.15830000001
2004-02-23,145006.89869999999
2004-02-24,145006.89869999999
2004-02-25,144629.41699999999
2004-02-26,144737.2689
2004-02-27,144683.34299999999
2004-03-01,145438.3064
2004-03-02,144952.97270000001
2004-03-03,144899.04680000001
2004-03-04,145438.3064
2004-03-05,145761.8621
2004-03-08,143281.26809999999
2004-03-09,142310.60079999999
2004-03-10,139668.22899999999
2004-03-11,137565.11660000001
2004-03-12,139937.85870000001
2004-03-15,138212.22810000001
2004-03-16,139776.0809
2004-03-17,141501.7115
2004-03-18,141663.48939999999
2004-03-19,139888.894
2004-03-22,137994.84700000001
2004-03-23,137616.03769999999
2004-03-24,137616.03769999999
2004-03-25,139888.894
2004-03-26,140646.51269999999
2004-03-29,142324.09719999999
2004-03-30,143189.9472
2004-03-31,142919.36900000001
2004-04-01,143731.10339999999
2004-04-02,145354.5722
2004-04-05,147086.27230000001
2004-04-06,146978.041
2004-04-07,146653.34729999999
2004-04-08,145841.61290000001
2004-04-12,147302.73480000001
2004-04-13,145029.87849999999
2004-04-14,144921.64720000001
2004-04-15,145354.5722
2004-04-16,146653.34729999999
2004-04-19,145841.61290000001
2004-04-20,144380.4909
2004-04-21,145300.4566
2004-04-22,148493.27849999999
2004-04-23,147843.891
2004-04-26,147086.27230000001
2004-04-27,147194.50349999999
2004-04-28,145246.34099999999
2004-04-29,143947.56589999999
2004-04-30,142865.25339999999
2004-05-03,144488.72219999999
2004-05-04,145083.99410000001
2004-05-05,145192.22529999999
2004-05-06,144434.6066
2004-05-07,141891.1721
2004-05-10,139834.77830000001
2004-05-11,140700.62839999999
2004-05-12,141891.1721
2004-05-13,141891.1721
2004-05-14,141620.59400000001
2004-05-17,140051.2408
2004-05-18,141458.24710000001
2004-05-19,141241.78460000001
2004-05-20,140917.09090000001
2004-05-21,141891.1721
2004-05-24,142973.4847
2004-05-25,145029.87849999999
2004-05-26,145354.5722
2004-05-27,146382.7691
2004-05-28,146382.7691
2004-06-01,146382.7691
2004-06-02,147735.65979999999
2004-06-03,146653.34729999999
2004-06-04,147465.0816
2004-06-07,150008.51610000001
2004-06-08,150333.20980000001
2004-06-09,149034.43479999999
2004-06-10,150062.6317
2004-06-14,149250.89730000001
2004-06-15,150603.788
2004-06-16,150982.5974
2004-06-17,151090.82860000001
2004-06-18,151944.7732
2004-06-21,151348.27340000001
2004-06-22,152758.182
2004-06-23,154927.27230000001
2004-06-24,154601.9088
2004-06-25,154384.99969999999
2004-06-28,153246.2274
2004-06-29,154439.22700000001
2004-06-30,155415.31760000001
2004-07-01,153083.54560000001
2004-07-02,151782.0914
2004-07-06,151456.7279
2004-07-07,151727.86420000001
2004-07-08,150860.22810000001
2004-07-09,152107.45499999999
2004-07-12,152324.364
2004-07-13,152649.72750000001
2004-07-14,152378.5912
2004-07-15,153137.77280000001
2004-07-16,152541.27299999999
2004-07-19,151890.5459
2004-07-20,152812.4093
2004-07-21,150806.00080000001
2004-07-22,149884.13740000001
2004-07-23,149179.18309999999
2004-07-26,148691.1378
2004-07-27,150209.50099999999
2004-07-28,151131.36429999999
2004-07-29,151294.04610000001
2004-07-30,151077.13709999999
2004-08-02,151782.0914
2004-08-03,150968.6826
2004-08-04,150968.6826
2004-08-05,147877.72889999999
2004-08-06,144841.00260000001
2004-08-09,145166.36610000001
2004-08-10,147606.59270000001
2004-08-11,147443.91089999999
2004-08-12,145274.82060000001
2004-08-13,145003.68429999999
2004-08-16,147715.0472
2004-08-17,147606.59270000001
2004-08-18,149938.36470000001
2004-08-19,148148.8652
2004-08-20,149613.0012
2004-08-23,149558.7739
2004-08-24,149667.22839999999
2004-08-25,151294.04610000001
2004-08-26,151348.27340000001
2004-08-27,151294.04610000001
2004-08-30,150480.6373
2004-08-31,151185.59160000001
2004-09-01,151239.81890000001
2004-09-02,153300.4546
2004-09-03,152866.6366
2004-09-07,154005.40890000001
2004-09-08,153734.2727
2004-09-09,153354.6819
2004-09-10,153788.4999
2004-09-13,153951.18169999999
2004-09-14,154330.77249999999
2004-09-15,152920.86379999999
2004-09-16,153896.95439999999
2004-09-17,155570.2991
2004-09-20,154754.08559999999
2004-09-21,155352.6422
2004-09-22,153176.07279999999
2004-09-23,151706.8884
2004-09-24,152251.03080000001
2004-09-27,151053.91759999999
2004-09-28,152577.51620000001
2004-09-29,153121.65849999999
2004-09-30,154427.60019999999
2004-10-01,156604.16959999999
2004-10-04,156440.92689999999
2004-10-05,155787.95610000001
2004-10-06,157420.38310000001
2004-10-07,155624.71340000001
2004-10-08,154373.18590000001
2004-10-11,154536.42860000001
2004-10-12,154482.01439999999
2004-10-13,152686.34460000001
2004-10-14,152033.3738
2004-10-15,153121.65849999999
2004-10-18,153556.9724
2004-10-19,152196.6165
2004-10-20,151761.3026
2004-10-21,152523.10190000001
2004-10-22,151162.74600000001
2004-10-25,151162.74600000001
2004-10-26,153448.1439
2004-10-27,155624.71340000001
2004-10-28,155298.2279
2004-10-29,156005.61300000001
2004-11-01,156495.34109999999
2004-11-02,156658.58379999999
2004-11-03,158399.8394
2004-11-04,161011.72270000001
2004-11-05,162263.2501
2004-11-08,162698.56400000001
2004-11-09,163297.12059999999
2004-11-10,163786.8487
2004-11-11,165691.3469
2004-11-12,166289.90349999999
2004-11-15,166181.07500000001
2004-11-16,165092.79029999999
2004-11-17,166289.90349999999
2004-11-18,167214.9455
2004-11-19,165201.6188
2004-11-22,165582.5184
2004-11-23,165310.4473
2004-11-24,166072.24660000001
2004-11-26,166072.24660000001
2004-11-29,165419.2757
2004-11-30,165800.17540000001
2004-12-01,168575.3014
2004-12-02,168031.15900000001
2004-12-03,168085.57329999999
2004-12-06,167160.5313
2004-12-07,165800.17540000001
2004-12-08,166235.48929999999
2004-12-09,167269.3597
2004-12-10,167867.91630000001
2004-12-13,169718.00030000001
2004-12-14,170044.48569999999
2004-12-15,170262.1427
2004-12-16,169282.68650000001
2004-12-17,169099.31049999999
2004-12-20,169208.68909999999
2004-12-21,170138.40710000001
2004-12-22,170685.30009999999
2004-12-23,170904.05729999999
2004-12-27,169919.64999999999
2004-12-28,170849.36799999999
2004-12-29,170411.8536
2004-12-30,170521.2322
2004-12-31,169919.64999999999
2005-01-03,168443.03890000001
2005-01-04,166364.8456
2005-01-05,165216.37030000001
2005-01-06,165763.26329999999
2005-01-07,164997.61309999999
2005-01-10,165599.1954
2005-01-11,164833.54519999999
2005-01-12,165052.30239999999
2005-01-13,163466.31270000001
2005-01-14,164560.0987
2005-01-18,165216.37030000001
2005-01-19,163903.82709999999
2005-01-20,162427.21609999999
2005-01-21,161388.1194
2005-01-24,160895.91570000001
2005-01-25,162427.21609999999
2005-01-26,162755.35190000001
2005-01-27,163192.86629999999
2005-01-28,163028.7984
2005-01-31,165161.68100000001
2005-02-01,165653.8847
2005-02-02,165653.8847
2005-02-03,165106.99170000001
2005-02-04,166528.9135
2005-02-07,166419.5349
2005-02-08,167349.25289999999
2005-02-09,165599.1954
2005-02-10,166364.8456
2005-02-11,167458.63149999999
2005-02-14,167294.56359999999
2005-02-15,167841.4566
2005-02-16,168333.66029999999
2005-02-17,166802.35990000001
2005-02-18,166802.35990000001
2005-02-22,164122.58429999999
2005-02-23,164341.34150000001
2005-02-24,166692.98130000001
2005-02-25,168060.2138
2005-02-28,167075.8064
2005-03-01,167622.69940000001
2005-03-02,168114.9031
2005-03-03,168497.72820000001
2005-03-04,170849.36799999999
2005-03-07,171669.70749999999
2005-03-08,171560.32889999999
2005-03-09,169700.8928
2005-03-10,170083.71780000001
2005-03-11,169646.2035
2005-03-14,170575.9215
2005-03-15,169646.2035
2005-03-16,167677.38870000001
2005-03-17,167622.69940000001
2005-03-18,167823.4638
2005-03-21,168372.26519999999
2005-03-22,167439.30290000001
2005-03-23,166396.5802
2005-03-24,167219.78229999999
2005-03-28,167055.14189999999
2005-03-29,164311.13500000001
2005-03-30,167439.30290000001
2005-03-31,167000.26180000001
2005-04-01,165408.7377
2005-04-04,165244.09729999999
2005-04-05,166067.29939999999
2005-04-06,166122.1795
2005-04-07,167494.18299999999
2005-04-08,165792.89869999999
2005-04-11,166122.1795
2005-04-12,167439.30290000001
2005-04-13,164530.65549999999
2005-04-14,162061.04930000001
2005-04-15,158878.0012
2005-04-18,159371.92249999999
2005-04-19,160085.36429999999
2005-04-20,158438.9601
2005-04-21,162500.09039999999
2005-04-22,160743.92600000001
2005-04-25,162664.73079999999
2005-04-26,160579.2855
2005-04-27,160798.80609999999
2005-04-28,159042.64170000001
2005-04-29,160908.56640000001
2005-05-02,161786.64859999999
2005-05-03,160634.16570000001
2005-05-04,162500.09039999999
2005-05-05,161676.88829999999
2005-05-06,162335.45000000001
2005-05-09,163433.0527
2005-05-10,161512.24789999999
2005-05-11,162664.73079999999
2005-05-12,160908.56640000001
2005-05-13,160085.36429999999
2005-05-16,162335.45000000001
2005-05-17,163433.0527
2005-05-18,165902.65900000001
2005-05-19,166122.1795
2005-05-20,166067.29939999999
2005-05-23,167219.78229999999
2005-05-24,166780.74119999999
2005-05-25,165353.85759999999
2005-05-26,166561.2206
2005-05-27,166451.46040000001
2005-05-31,166012.41930000001
2005-06-01,166616.10079999999
2005-06-02,166616.10079999999
2005-06-03,165847.7788
2005-06-06,165957.53909999999
2005-06-07,166670.9809
2005-06-08,165628.25829999999
2005-06-09,165683.1384
2005-06-10,165463.61790000001
2005-06-13,165738.01860000001
2005-06-14,165353.85759999999
2005-06-15,165518.49799999999
2005-06-16,165683.1384
2005-06-17,167025.89079999999
2005-06-20,166420.72450000001
2005-06-21,166365.70939999999
2005-06-22,165540.48269999999
2005-06-23,162184.5606
2005-06-24,161139.27340000001
2005-06-27,160919.21299999999
2005-06-28,163724.98379999999
2005-06-29,162679.6967
2005-06-30,161634.40950000001
2005-07-01,162184.5606
2005-07-05,162679.6967
2005-07-06,160864.19779999999
2005-07-07,161249.30360000001
2005-07-08,164055.07449999999
2005-07-11,164330.1501
2005-07-12,163449.90830000001
2005-07-13,163945.04430000001
2005-07-14,165430.45240000001
2005-07-15,165210.39199999999
2005-07-18,164880.30129999999
2005-07-19,166255.67920000001
2005-07-20,168181.20819999999
2005-07-21,167300.9664
2005-07-22,167796.1024
2005-07-25,166585.76990000001
2005-07-26,167410.99660000001
2005-07-27,168071.17800000001
2005-07-28,169006.43489999999
2005-07-29,167796.1024
2005-08-01,167686.0722
2005-08-02,167466.0117
2005-08-03,167135.921
2005-08-04,166035.61869999999
2005-08-05,165155.3769
2005-08-08,164770.27100000001
2005-08-09,165980.6036
2005-08-10,165870.57339999999
2005-08-11,167245.95120000001
2005-08-12,166530.75469999999
2005-08-15,166860.84539999999
2005-08-16,164935.31640000001
2005-08-17,165375.43729999999
2005-08-18,164660.2408
2005-08-19,165320.4222
2005-08-22,165650.5129
2005-08-23,164880.30129999999
2005-08-24,163559.93849999999
2005-08-25,163835.0141
2005-08-26,162954.77220000001
2005-08-29,163945.04430000001
2005-08-30,162624.68150000001
2005-08-31,163835.0141
2005-09-01,163174.8327
2005-09-02,163724.98379999999
2005-09-06,165650.5129
2005-09-07,166310.6943
2005-09-08,165375.43729999999
2005-09-09,166310.6943
2005-09-12,167355.98149999999
2005-09-13,166640.785
2005-09-14,165375.43729999999
2005-09-15,165155.3769
2005-09-16,166299.7463
2005-09-19,164090.51680000001
2005-09-20,162985.90210000001
2005-09-21,162433.59469999999
2005-09-22,163096.36360000001
2005-09-23,164311.43979999999
2005-09-26,164090.51680000001
2005-09-27,164974.20860000001
2005-09-28,165029.4393
2005-09-29,165802.66959999999
2005-09-30,166575.89999999999
2005-10-03,165581.74669999999
2005-10-04,164090.51680000001
2005-10-05,162046.97959999999
2005-10-06,163151.5943
2005-10-07,164587.59349999999
2005-10-10,163317.28649999999
2005-10-11,162433.59469999999
2005-10-12,162433.59469999999
2005-10-13,162212.67180000001
2005-10-14,163648.6709
2005-10-17,163980.05540000001
2005-10-18,162820.20989999999
2005-10-19,164974.20860000001
2005-10-20,162875.4406
2005-10-21,161770.8259
2005-10-24,164256.209
2005-10-25,164035.2861
2005-10-26,162599.28700000001
2005-10-27,161163.28779999999
2005-10-28,163759.1324
2005-10-31,164200.97829999999
2005-11-01,163703.90169999999
2005-11-02,165360.82380000001
2005-11-03,166078.82329999999
2005-11-04,166189.28479999999
2005-11-07,166796.8229
2005-11-08,165747.43890000001
2005-11-09,166134.05410000001
2005-11-10,168288.0528
2005-11-11,168619.43719999999
2005-11-14,168950.8216
2005-11-15,168895.59090000001
2005-11-16,169503.12899999999
2005-11-17,171104.82029999999
2005-11-18,172872.20389999999
2005-11-21,173866.35709999999
2005-11-22,174308.20300000001
2005-11-23,174529.12590000001
2005-11-25,174584.3567
2005-11-28,173645.43419999999
2005-11-29,174032.04930000001
2005-11-30,173755.89559999999
2005-12-01,175688.97140000001
2005-12-02,175026.20259999999
2005-12-05,174087.2801
2005-12-06,174805.27960000001
2005-12-07,173534.97270000001
2005-12-08,172761.74239999999
2005-12-09,173700.6649
2005-12-12,173755.89559999999
2005-12-13,173921.58780000001
2005-12-14,175412.81770000001
2005-12-15,175688.97140000001
2005-12-16,175966.00880000001
2005-12-19,174243.57550000001
2005-12-20,174354.70019999999
2005-12-21,175243.698
2005-12-22,176577.1948
2005-12-23,176910.56899999999
2005-12-27,175354.82279999999
2005-12-28,175632.63459999999
2005-12-29,175577.0722
2005-12-30,174576.9497
2006-01-03,175743.75930000001
2006-01-04,176188.25820000001
2006-01-05,175910.44639999999
2006-01-06,176577.1948
2006-01-09,178021.81630000001
2006-01-10,177521.755
2006-01-11,177632.87969999999
2006-01-12,176299.383
2006-01-13,175688.19699999999
2006-01-17,174799.1991
2006-01-18,175021.4486
2006-01-19,175854.88399999999
2006-01-20,172021.0809
2006-01-23,172132.20559999999
2006-01-24,173410.14000000001
2006-01-25,173354.57759999999
2006-01-26,175299.2604
2006-01-27,175688.19699999999
2006-01-30,176077.1335
2006-01-31,175077.01089999999
2006-02-01,176577.1948
2006-02-02,175077.01089999999
2006-02-03,174688.07440000001
2006-02-06,175299.2604
2006-02-07,174021.326
2006-02-08,174854.76149999999
2006-02-09,175854.88399999999
2006-02-10,177021.6937
2006-02-13,177243.94320000001
2006-02-14,179355.31299999999
2006-02-15,179855.3743
2006-02-16,180355.4356
2006-02-17,180799.9345
2006-02-21,180077.6238
2006-02-22,181966.74419999999
2006-02-23,181355.55809999999
2006-02-24,181466.68290000001
2006-02-27,182633.49249999999
2006-02-28,180522.12270000001
2006-03-01,181966.74419999999
2006-03-02,181466.68290000001
2006-03-03,181911.18179999999
2006-03-06,180966.62160000001
2006-03-07,181077.7463
2006-03-08,180855.4969
2006-03-09,180633.24739999999
2006-03-10,182522.36780000001
2006-03-13,182411.24309999999
2006-03-14,184133.6764
2006-03-15,186911.79459999999
2006-03-16,187022.91930000001
2006-03-17,188447.87169999999
2006-03-20,188113.2499
2006-03-21,187388.2359
2006-03-22,188782.49359999999
2006-03-23,188001.70929999999
2006-03-24,187834.3983
2006-03-27,188001.70929999999
2006-03-28,186663.2219
2006-03-29,188559.4124
2006-03-30,188559.4124
2006-03-31,188503.64199999999
2006-04-03,189172.88570000001
2006-04-04,190455.60279999999
2006-04-05,190567.14350000001
2006-04-06,190288.29190000001
2006-04-07,189340.1967
2006-04-10,188670.95300000001
2006-04-11,188336.33110000001
2006-04-12,189619.04819999999
2006-04-13,188838.26389999999
2006-04-17,187945.93900000001
2006-04-18,192407.56359999999
2006-04-19,193634.5104
2006-04-20,194359.52439999999
2006-04-21,194582.60569999999
2006-04-24,195251.84940000001
2006-04-25,192965.26670000001
2006-04-26,194024.9026
2006-04-27,192965.26670000001
2006-04-28,192574.87460000001
2006-05-01,193076.80729999999
2006-05-02,194638.37599999999
2006-05-03,194694.14629999999
2006-05-04,197036.49919999999
2006-05-05,198988.45999999999
2006-05-08,198821.14910000001
2006-05-09,198821.14910000001
2006-05-10,198932.68969999999
2006-05-11,197928.8241
2006-05-12,194805.6869
2006-05-15,194861.4572
2006-05-16,194805.6869
2006-05-17,190790.22469999999
2006-05-18,189228.65609999999
2006-05-19,189842.12940000001
2006-05-22,189451.73730000001
2006-05-23,188559.4124
2006-05-24,188057.47959999999
2006-05-25,189340.1967
2006-05-26,190399.83249999999
2006-05-30,187945.93900000001
2006-05-31,189284.4264
2006-06-01,191236.3872
2006-06-02,191515.23869999999
2006-06-05,187388.2359
2006-06-06,186663.2219
2006-06-07,184599.7205
2006-06-08,184711.2611
2006-06-09,183930.4768
2006-06-12,180863.10980000001
2006-06-13,180305.40669999999
2006-06-14,181866.9754
2006-06-15,185492.0454
2006-06-16,185967.32000000001
2006-06-19,184513.5766
2006-06-20,184289.92379999999
2006-06-21,186470.53880000001
2006-06-22,185352.27470000001
2006-06-23,185855.49359999999
2006-06-26,186358.71239999999
2006-06-27,184625.40299999999
2006-06-28,185184.53510000001
2006-06-29,189098.45939999999
2006-06-30,189042.54620000001
2006-07-03,189713.50469999999
2006-07-05,188315.6746
2006-07-06,188818.8934
2006-07-07,186023.23319999999
2006-07-10,186526.45199999999
2006-07-11,187029.6709
2006-07-12,185128.6219
2006-07-13,181494.26360000001
2006-07-14,178922.2561
2006-07-17,178307.21090000001
2006-07-18,179145.90900000001
2006-07-19,182780.26730000001
2006-07-20,179034.08249999999
2006-07-21,177244.85999999999
2006-07-24,180152.34659999999
2006-07-25,179649.12779999999
2006-07-26,177356.68640000001
2006-07-27,177021.2072
2006-07-28,179034.08249999999
2006-07-31,178307.21090000001
2006-08-01,177188.94680000001
2006-08-02,178307.21090000001
2006-08-03,179760.95420000001
2006-08-04,179257.73540000001
2006-08-07,178530.86369999999
2006-08-08,176965.29399999999
2006-08-09,174225.54689999999
2006-08-10,175623.37700000001
2006-08-11,174616.9393
2006-08-14,174952.4186
2006-08-15,178139.4713
2006-08-16,182109.3088
2006-08-17,182332.96160000001
2006-08-18,181885.65599999999
2006-08-21,180264.17310000001
2006-08-22,180823.3051
2006-08-23,179481.38819999999
2006-08-24,178530.86369999999
2006-08-25,178586.7769
2006-08-28,179313.64859999999
2006-08-29,179760.95420000001
2006-08-30,179928.69380000001
2006-08-31,180320.0863
2006-09-01,181606.09
2006-09-05,181997.48240000001
2006-09-06,180096.43340000001
2006-09-07,179649.12779999999
2006-09-08,179984.60699999999
2006-09-11,180152.34659999999
2006-09-12,181829.74280000001
2006-09-13,183674.8786
2006-09-14,182836.18049999999
2006-09-15,184587.21429999999
2006-09-18,185038.38990000001
2006-09-19,184305.22959999999
2006-09-20,185320.37469999999
2006-09-21,183572.0692
2006-09-22,182669.7181
2006-09-25,184869.1991
2006-09-26,187181.47399999999
2006-09-27,187632.6496
2006-09-28,188929.7794
2006-09-29,188027.42819999999
2006-10-02,188591.3977
2006-10-03,189775.73360000001
2006-10-04,192595.58110000001
2006-10-05,193554.32920000001
2006-10-06,193159.55059999999
2006-10-09,193385.1384
2006-10-10,193667.1231
2006-10-11,193723.52009999999
2006-10-12,195359.03159999999
2006-10-13,194907.856
2006-10-16,196204.98579999999
2006-10-17,195133.44380000001
2006-10-18,194625.8713
2006-10-19,194174.69570000001
2006-10-20,193328.7414
2006-10-23,194343.88649999999
2006-10-24,194456.68040000001
2006-10-25,194625.8713
2006-10-26,194569.4743
2006-10-27,193159.55059999999
2006-10-30,193779.91699999999
2006-10-31,193328.7414
2006-11-01,192369.9933
2006-11-02,191693.22990000001
2006-11-03,191298.45129999999
2006-11-06,192990.3597
2006-11-07,195189.84080000001
2006-11-08,195471.82550000001
2006-11-09,194287.4896
2006-11-10,194569.4743
2006-11-13,196092.19190000001
2006-11-14,196712.55840000001
2006-11-15,198630.0546
2006-11-16,199532.40580000001
2006-11-17,199645.1997
2006-11-20,198968.4363
2006-11-21,199645.1997
2006-11-22,200434.75700000001
2006-11-24,200039.97839999999
2006-11-27,196825.3523
2006-11-28,196599.76449999999
2006-11-29,198178.87909999999
2006-11-30,198066.0852
2006-12-01,196938.14619999999
2006-12-04,199476.00889999999
2006-12-05,199927.1845
2006-12-06,199250.42110000001
2006-12-07,198912.03940000001
2006-12-08,199137.62719999999
2006-12-11,198235.27600000001
2006-12-12,198573.65770000001
2006-12-13,197896.89430000001
2006-12-14,197389.32180000001
2006-12-15,200114.25320000001
2006-12-18,200341.6557
2006-12-19,200398.50640000001
2006-12-20,200682.75959999999
2006-12-21,200284.8051
2006-12-22,199034.09099999999
2006-12-26,200000.55189999999
2006-12-27,201023.8634
2006-12-28,200341.6557
2006-12-29,199034.09099999999
2007-01-03,200284.8051
2007-01-04,199432.04550000001
2007-01-05,198749.83780000001
2007-01-08,199488.89610000001
2007-01-09,199375.1948
2007-01-10,200057.4025
2007-01-11,201706.0711
2007-01-12,202274.57750000001
2007-01-16,203354.7396
2007-01-17,203525.2916
2007-01-18,202615.6813
2007-01-19,202501.98000000001
2007-01-22,200284.8051
2007-01-23,202615.6813
2007-01-24,202047.17490000001
2007-01-25,200967.0128
2007-01-26,200171.10380000001
2007-01-29,200625.90890000001
2007-01-30,200512.20759999999
2007-01-31,203184.18770000001
2007-02-01,204946.5576
2007-02-02,205742.46650000001
2007-02-05,206140.421
2007-02-06,206197.27160000001
2007-02-07,206026.71969999999
2007-02-08,204605.45370000001
2007-02-09,203809.5448
2007-02-12,204150.64859999999
2007-02-13,205799.31719999999
2007-02-14,208812.40109999999
2007-02-15,209267.20619999999
2007-02-16,208414.4466
2007-02-20,208755.55040000001
2007-02-21,209324.0569
2007-02-22,208641.8492
2007-02-23,208073.34280000001
2007-02-26,206879.47930000001
2007-02-27,200682.75959999999
2007-02-28,201364.96720000001
2007-03-01,200569.0583
2007-03-02,198238.182
2007-03-05,197555.9743
2007-03-06,199830
2007-03-07,199034.09099999999
2007-03-08,200512.20759999999
2007-03-09,201535.51920000001
2007-03-12,202501.98000000001
2007-03-13,199090.94159999999
2007-03-14,199886.85060000001
2007-03-15,199659.448
2007-03-16,200827.72870000001
2007-03-19,202252.03880000001
2007-03-20,202764.7905
2007-03-21,205556.43830000001
2007-03-22,205955.2452
2007-03-23,207151.66570000001
2007-03-26,205442.49350000001
2007-03-27,204473.9626
2007-03-28,202821.7629
2007-03-29,202764.7905
2007-03-30,202536.9008
2007-04-02,202878.7353
2007-04-03,204303.0454
2007-04-04,203505.43169999999
2007-04-05,204132.12820000001
2007-04-09,203904.23860000001
2007-04-10,203847.26620000001
2007-04-11,203049.6525
2007-04-12,205499.46590000001
2007-04-13,205442.49350000001
2007-04-16,207094.69330000001
2007-04-17,207094.69330000001
2007-04-18,207664.4173
2007-04-19,208348.08619999999
2007-04-20,209772.39629999999
2007-04-23,210570.01000000001
2007-04-24,209943.31349999999
2007-04-25,212108.26490000001
2007-04-26,211994.32010000001
2007-04-27,214444.1336
2007-04-30,211937.34770000001
2007-05-01,213247.71299999999
2007-05-02,214615.0508
2007-05-03,216153.3057
2007-05-04,216381.19529999999
2007-05-07,216950.91940000001
2007-05-08,216836.97459999999
2007-05-09,217406.6986
2007-05-10,215925.4161
2007-05-11,217577.6158
2007-05-14,216609.08499999999
2007-05-15,217178.80900000001
2007-05-16,218261.28469999999
2007-05-17,218660.09150000001
2007-05-18,217919.4503
2007-05-21,219172.8432
2007-05-22,218717.06400000001
2007-05-23,219799.53969999999
2007-05-24,218033.39509999999
2007-05-25,219343.7604
2007-05-29,219856.51209999999
2007-05-30,221736.60140000001
2007-05-31,222933.02189999999
2007-06-01,223787.60800000001
2007-06-04,223844.58040000001
2007-06-05,223160.91159999999
2007-06-06,220768.0705
2007-06-07,217178.80900000001
2007-06-08,220198.34650000001
2007-06-11,220483.20850000001
2007-06-12,217634.5883
2007-06-13,222819.07709999999
2007-06-14,223958.5252
2007-06-15,225161.7255
2007-06-18,225047.48819999999
2007-06-19,225732.91200000001
2007-06-20,226761.0477
2007-06-21,224933.25090000001
2007-06-22,223619.52189999999
2007-06-25,223048.33540000001
2007-06-26,221163.4198
2007-06-27,223333.92860000001
2007-06-28,222191.55559999999
2007-06-29,222991.21669999999
2007-07-02,224590.53890000001
2007-07-03,226189.86120000001
2007-07-05,225961.3866
2007-07-06,227332.23420000001
2007-07-09,229045.79380000001
2007-07-10,225218.84409999999
2007-07-11,227617.82750000001
2007-07-12,230987.82800000001
2007-07-13,232587.1502
2007-07-16,234072.2352
2007-07-17,235443.0828
2007-07-18,234929.01490000001
2007-07-19,237042.405
2007-07-20,233615.28589999999
2007-07-23,235157.4895
2007-07-24,231901.72640000001
2007-07-25,232472.9129
2007-07-26,227617.82750000001
2007-07-27,223391.04730000001
2007-07-30,228189.014
2007-07-31,225104.60680000001
2007-08-01,226761.0477
2007-08-02,228303.2513
2007-08-03,223619.52189999999
2007-08-06,226989.52230000001
2007-08-07,226989.52230000001
2007-08-08,228760.20050000001
2007-08-09,222648.5048
2007-08-10,220078.1655
2007-08-13,223048.33540000001
2007-08-14,217336.47020000001
2007-08-15,214766.13080000001
2007-08-16,214880.36809999999
2007-08-17,217393.5888
2007-08-20,220192.40280000001
2007-08-21,219335.62299999999
2007-08-22,223276.81
2007-08-23,222077.31830000001
2007-08-24,223905.1151
2007-08-27,223391.04730000001
2007-08-28,218021.894
2007-08-29,223162.57269999999
2007-08-30,221791.72500000001
2007-08-31,225161.7255
2007-09-04,226189.86120000001
2007-09-05,223905.1151
2007-09-06,225732.91200000001
2007-09-07,221106.30119999999
2007-09-10,221277.65710000001
2007-09-11,223276.81
2007-09-12,223105.454
2007-09-13,225447.3187
2007-09-14,225732.91200000001
2007-09-17,223905.1151
2007-09-18,231159.1839
2007-09-19,233615.28589999999
2007-09-20,231673.2518
2007-09-21,233239.21669999999
2007-09-24,231000.3958
2007-09-25,231918.88639999999
2007-09-26,233526.2451
2007-09-27,234559.54699999999
2007-09-28,235822.47169999999
2007-10-01,238864.9719
2007-10-02,236913.17929999999
2007-10-03,235305.82070000001
2007-10-04,236109.5
2007-10-05,238692.7549
2007-10-08,238290.91519999999
2007-10-09,240529.73620000001
2007-10-10,237889.07560000001
2007-10-11,236166.9056
2007-10-12,237200.20759999999
2007-10-15,235363.22630000001
2007-10-16,234329.92439999999
2007-10-17,234961.3867
2007-10-18,235592.84899999999
2007-10-19,229048.60320000001
2007-10-22,229909.6882
2007-10-23,231459.64110000001
2007-10-24,230770.77309999999
2007-10-25,231172.6128
2007-10-26,231344.82980000001
2007-10-29,232837.37710000001
2007-10-30,230770.77309999999
2007-10-31,232779.97140000001
2007-11-01,228818.98050000001
2007-11-02,230885.5845
2007-11-05,229909.6882
2007-11-06,233526.2451
2007-11-07,227900.48989999999
2007-11-08,227957.89559999999
2007-11-09,223422.848
2007-11-12,221011.8101
2007-11-13,226637.56529999999
2007-11-14,225891.2916
2007-11-15,222733.98000000001
2007-11-16,222791.38570000001
2007-11-19,219576.6685
2007-11-20,219921.10250000001
2007-11-21,216247.13990000001
2007-11-23,219117.42319999999
2007-11-26,215673.0833
2007-11-27,219978.50810000001
2007-11-28,225317.23499999999
2007-11-29,225317.23499999999
2007-11-30,226178.3199
2007-12-03,223882.09330000001
2007-12-04,223365.4424
2007-12-05,227039.40489999999
2007-12-06,229622.65979999999
2007-12-07,231344.82980000001
2007-12-10,232435.5374
2007-12-11,225030.2066
2007-12-12,227900.48989999999
2007-12-13,229048.60320000001
2007-12-14,226522.75390000001
2007-12-17,222446.95170000001
2007-12-18,223078.41399999999
2007-12-19,222332.1404
2007-12-20,224169.12169999999
2007-12-21,228108.70019999999
2007-12-24,230646.44560000001
2007-12-26,229781.3051
2007-12-27,227128.2077
2007-12-28,226897.5036
2007-12-31,225859.3351
2008-01-02,222110.39309999999
2008-01-03,222283.42120000001
2008-01-04,217727.0148
2008-01-07,215016.24129999999
2008-01-08,210229.13080000001
2008-01-09,210863.56709999999
2008-01-10,213805.0447
2008-01-11,210171.45480000001
2008-01-14,212766.8762
2008-01-15,208325.82180000001
2008-01-16,205903.42850000001
2008-01-17,200424.20559999999
2008-01-18,200020.47339999999
2008-01-22,200712.5858
2008-01-23,206191.80869999999
2008-01-24,207403.00529999999
2008-01-25,206480.1888
2008-01-28,209537.0184
2008-01-29,211382.6514
2008-01-30,212247.79190000001
2008-01-31,213401.3125
2008-02-01,218303.7751
2008-02-04,215939.05780000001
2008-02-05,210459.83489999999
2008-02-06,210113.7788
2008-02-07,210171.45480000001
2008-02-08,208614.20199999999
2008-02-11,210690.53909999999
2008-02-12,212824.55220000001
2008-02-13,216631.17019999999
2008-02-14,213401.3125
2008-02-15,212074.76379999999
2008-02-19,213112.93229999999
2008-02-20,213805.0447
2008-02-21,212132.43979999999
2008-02-22,214266.4529
2008-02-25,215939.05780000001
2008-02-26,216112.08590000001
2008-02-27,216515.8181
2008-02-28,214958.56529999999
2008-02-29,209075.6102
2008-03-03,212132.43979999999
2008-03-04,209652.37049999999
2008-03-05,212420.82000000001
2008-03-06,208383.49780000001
2008-03-07,205384.3443
2008-03-10,202096.81049999999
2008-03-11,208960.25810000001
2008-03-12,208556.52590000001
2008-03-13,211440.32750000001
2008-03-14,208095.1177
2008-03-17,207056.9491
2008-03-18,217957.71890000001
2008-03-19,209998.42670000001
2008-03-20,212192.88430000001
2008-03-24,217000.96770000001
2008-03-25,218333.32810000001
2008-03-26,216595.46669999999
2008-03-27,214220.38930000001
2008-03-28,213409.3873
2008-03-31,216653.39540000001
2008-04-01,221577.33619999999
2008-04-02,222562.1243
2008-04-03,221577.33619999999
2008-04-04,222446.26689999999
2008-04-07,221055.97769999999
2008-04-08,220882.19159999999
2008-04-09,218738.8291
2008-04-10,219665.68859999999
2008-04-11,211034.31
2008-04-14,211150.16740000001
2008-04-15,212134.95559999999
2008-04-16,218043.6845
2008-04-17,215494.8211
2008-04-18,221982.83720000001
2008-04-21,221229.76389999999
2008-04-22,217696.11230000001
2008-04-23,217811.96969999999
2008-04-24,219202.25889999999
2008-04-25,222272.48079999999
2008-04-28,223546.91250000001
2008-04-29,221461.47880000001
2008-04-30,223025.55410000001
2008-05-01,224473.77189999999
2008-05-02,225342.70269999999
2008-05-05,224763.4155
2008-05-06,225632.3463
2008-05-07,222156.62330000001
2008-05-08,222909.6966
2008-05-09,221519.4075
2008-05-12,225053.05910000001
2008-05-13,226559.20569999999
2008-05-14,226790.92060000001
2008-05-15,228123.28099999999
2008-05-16,227543.9939
2008-05-19,230092.8573
2008-05-20,226443.34830000001
2008-05-21,222620.05309999999
2008-05-22,222098.69459999999
2008-05-23,218912.6153
2008-05-27,221229.76389999999
2008-05-28,222735.9105
2008-05-29,223604.8412
2008-05-30,224995.13039999999
2008-06-02,223083.4828
2008-06-03,222330.40950000001
2008-06-04,221461.47880000001
2008-06-05,223083.4828
2008-06-06,214394.17550000001
2008-06-09,216595.46669999999
2008-06-10,215321.0349
2008-06-11,211266.02489999999
2008-06-12,212019.09820000001
2008-06-13,214452.1042
2008-06-16,213293.52989999999
2008-06-17,212830.10019999999
2008-06-18,209759.87830000001
2008-06-19,212482.52789999999
2008-06-20,208956.46489999999
2008-06-23,209363.90090000001
2008-06-24,206861.0797
2008-06-25,205347.74600000001
2008-06-26,201971.84770000001
2008-06-27,196151.3333
2008-06-30,197955.69279999999
2008-07-01,197839.2825
2008-07-02,191785.94760000001
2008-07-03,194463.3842
2008-07-07,194230.56359999999
2008-07-08,198712.3597
2008-07-09,193182.87100000001
2008-07-10,196151.3333
2008-07-11,192600.81959999999
2008-07-14,193473.89670000001
2008-07-15,189632.3573
2008-07-16,193997.74299999999
2008-07-17,199352.61619999999
2008-07-18,199643.64199999999
2008-07-21,199818.2574
2008-07-22,202262.87340000001
2008-07-23,203834.4123
2008-07-24,198770.56479999999
2008-07-25,200633.12940000001
2008-07-28,196034.92310000001
2008-07-29,203426.97630000001
2008-07-30,205813.3872
2008-07-31,199527.2317
2008-08-01,199352.61619999999
2008-08-04,198479.53909999999
2008-08-05,204009.02770000001
2008-08-06,207908.77230000001
2008-08-07,200924.1551
2008-08-08,208898.2598
2008-08-11,208665.43919999999
2008-08-12,206337.2334
2008-08-13,205580.56659999999
2008-08-14,206046.2077
2008-08-15,207443.1312
2008-08-18,205173.1306
2008-08-19,201913.64249999999
2008-08-20,201098.77050000001
2008-08-21,201448.00140000001
2008-08-22,205405.95120000001
2008-08-25,201506.2065
2008-08-26,202146.46309999999
2008-08-27,202786.71969999999
2008-08-28,207559.54149999999
2008-08-29,204998.51509999999
2008-09-02,205173.1306
2008-09-03,203426.97630000001
2008-09-04,196151.3333
2008-09-05,196384.1539
2008-09-08,200458.514
2008-09-09,193823.12760000001
2008-09-10,195045.4356
2008-09-11,198770.56479999999
2008-09-12,198537.74419999999
2008-09-15,190563.63959999999
2008-09-16,191145.69099999999
2008-09-17,183346.20180000001
2008-09-18,189690.5624
2008-09-19,195722.88529999999
2008-09-22,188584.4123
2008-09-23,185541.78450000001
2008-09-24,183727.91029999999
2008-09-25,185483.27249999999
2008-09-26,184722.61550000001
2008-09-29,175536.22
2008-09-30,179398.01680000001
2008-10-01,175419.19579999999
2008-10-02,164652.9743
2008-10-03,161785.88279999999
2008-10-06,158392.1825
2008-10-07,153067.58379999999
2008-10-08,150376.02849999999
2008-10-09,140428.976
2008-10-10,141599.2175
2008-10-13,151370.73370000001
2008-10-14,150902.63709999999
2008-10-15,137269.32399999999
2008-10-16,143179.0434
2008-10-17,138732.12590000001
2008-10-20,145812.08670000001
2008-10-21,141833.26569999999
2008-10-22,136040.5705
2008-10-23,136918.25159999999
2008-10-24,129253.17
2008-10-27,124279.64380000001
2008-10-28,138673.61379999999
2008-10-29,140370.4639
2008-10-30,142593.9227
2008-10-31,147274.88860000001
2008-11-03,144817.38149999999
2008-11-04,151721.80609999999
2008-11-05,144466.30900000001
2008-11-06,138029.981
2008-11-07,139434.27069999999
2008-11-10,139492.78279999999
2008-11-11,136391.64290000001
2008-11-12,129896.8028
2008-11-13,136859.7395
2008-11-14,131067.04429999999
2008-11-17,128434.001
2008-11-18,128551.0251
2008-11-19,120242.3107
2008-11-20,117024.1467
2008-11-21,120476.359
2008-11-24,126503.10249999999
2008-11-25,128316.9768
2008-11-26,132354.30989999999
2008-11-28,135221.40150000001
2008-12-01,124104.1075
2008-12-02,129838.2907
2008-12-03,132061.74950000001
2008-12-04,129428.7062
2008-12-05,132600.0606
2008-12-08,136040.5705
2008-12-09,133641.57550000001
2008-12-10,135806.52220000001
2008-12-11,129955.3149
2008-12-12,130306.3873
2008-12-15,130247.87519999999
2008-12-16,136684.20329999999
2008-12-17,136742.71539999999
2008-12-18,131944.7254
2008-12-19,133392.7236
2008-12-22,131325.0773
2008-12-23,130911.5481
2008-12-24,131738.6066
2008-12-26,132742.89189999999
2008-12-29,130261.7164
2008-12-30,135105.91630000001
2008-12-31,138355.0747
2009-01-02,143435.57709999999
2009-01-05,142313.14050000001
2009-01-06,145444.1477
2009-01-07,138945.8308
2009-01-08,140304.5698
2009-01-09,137232.63819999999
2009-01-12,134219.78219999999
2009-01-13,131915.8334
2009-01-14,127012.5579
2009-01-15,128194.0701
2009-01-16,128902.9774
2009-01-20,122936.341
2009-01-21,126067.34819999999
2009-01-22,125653.8189
2009-01-23,121872.98
2009-01-26,123290.79459999999
2009-01-27,125535.66770000001
2009-01-28,129139.2798
2009-01-29,124413.23119999999
2009-01-30,121754.8288
2009-02-02,118978.2752
2009-02-03,121164.0727
2009-02-04,120514.24099999999
2009-02-05,121932.05560000001
2009-02-06,124885.836
2009-02-09,127248.86040000001
2009-02-10,120573.31660000001
2009-02-11,121518.5264
2009-02-12,120159.7874
2009-02-13,120159.7874
2009-02-17,114074.9997
2009-02-18,114252.2265
2009-02-19,111711.9754
2009-02-20,109998.7827
2009-02-23,105745.3389
2009-02-24,108049.2877
2009-02-25,105449.96090000001
2009-02-26,103618.617
2009-02-27,101019.29029999999
2009-03-02,94402.822100000005
2009-03-03,93693.914799999999
2009-03-04,96293.241599999994
2009-03-05,92571.478300000002
2009-03-06,91567.192899999995
2009-03-09,90740.134399999995
2009-03-10,97592.904999999999
2009-03-11,98538.114700000006
2009-03-12,101728.1976
2009-03-13,101905.4244
2009-03-16,103027.8609
2009-03-17,106040.717
2009-03-18,108049.2877
2009-03-19,106985.9267
2009-03-20,103751.82640000001
2009-03-23,111269.21000000001
2009-03-24,110374.2834
2009-03-25,111269.21000000001
2009-03-26,117235.3875
2009-03-27,115027.90180000001
2009-03-30,109300.3714
2009-03-31,109956.651
2009-04-01,112402.7837
2009-04-02,118428.62300000001
2009-04-03,118547.94650000001
2009-04-06,118846.25539999999
2009-04-07,115445.53419999999
2009-04-08,116459.7844
2009-04-09,122187.31479999999
2009-04-13,122545.28539999999
2009-04-14,120755.4322
2009-04-15,121889.0059
2009-04-16,126005.6684
2009-04-17,125946.00659999999
2009-04-20,120397.4616
2009-04-21,123320.8885
2009-04-22,125230.0653
2009-04-23,126602.2861
2009-04-24,129227.4042
2009-04-27,126661.9479
2009-04-28,125170.4035
2009-04-29,129346.72779999999
2009-04-30,129824.022
2009-05-01,131255.90460000001
2009-05-04,135551.55239999999
2009-05-05,135969.18479999999
2009-05-06,138117.00870000001
2009-05-07,135312.90530000001
2009-05-08,140264.83259999999
2009-05-11,136088.50829999999
2009-05-12,134620.82870000001
2009-05-13,129048.4189
2009-05-14,130003.0073
2009-05-15,130062.6691
2009-05-18,134835.61110000001
2009-05-19,133821.3609
2009-05-20,133940.6844
2009-05-21,129883.68369999999
2009-05-22,129406.38959999999
2009-05-26,134119.6698
2009-05-27,129764.3602
2009-05-28,131017.25750000001
2009-05-29,134179.3315
2009-06-01,140384.15609999999
2009-06-02,140622.80319999999
2009-06-03,137878.3616
2009-06-04,140384.15609999999
2009-06-05,141577.3916
2009-06-08,141935.36230000001
2009-06-09,141637.0534
2009-06-10,140742.1268
2009-06-11,140503.4797
2009-06-12,140742.1268
2009-06-15,136446.47899999999
2009-06-16,133940.6844
2009-06-17,132926.43429999999
2009-06-18,133045.75779999999
2009-06-19,133334.6998
2009-06-22,128890.2098
2009-06-23,127688.9963
2009-06-24,128529.84570000001
2009-06-25,132493.85029999999
2009-06-26,131953.30420000001
2009-06-29,133274.6391
2009-06-30,131893.24359999999
2009-07-01,132433.78969999999
2009-07-02,128289.603
2009-07-06,128349.6637
2009-07-07,123965.2344
2009-07-08,123484.749
2009-07-09,124625.90180000001
2009-07-10,124445.71980000001
2009-07-13,127628.9356
2009-07-14,129490.81660000001
2009-07-15,133514.8818
2009-07-16,135977.3695
2009-07-17,134415.79190000001
2009-07-20,137118.52230000001
2009-07-21,137178.58300000001
2009-07-22,137599.00779999999
2009-07-23,140481.92019999999
2009-07-24,140602.04149999999
2009-07-27,141382.8303
2009-07-28,141262.709
2009-07-29,140602.04149999999
2009-07-30,142884.34719999999
2009-07-31,143424.8933
2009-08-03,146548.0484
2009-08-04,147629.14060000001
2009-08-05,146427.9271
2009-08-06,147208.71580000001
2009-08-07,150872.41709999999
2009-08-10,149430.9608
2009-08-11,147448.95850000001
2009-08-12,150031.56760000001
2009-08-13,150692.23499999999
2009-08-14,148530.05069999999
2009-08-17,144145.6214
2009-08-18,145887.38099999999
2009-08-19,146307.8057
2009-08-20,148109.62599999999
2009-08-21,151953.5092
2009-08-24,152253.8126
2009-08-25,153094.66209999999
2009-08-26,151533.0845
2009-08-27,152914.48000000001
2009-08-28,152073.6306
2009-08-31,150271.81030000001
2009-09-01,147749.26190000001
2009-09-02,147148.65520000001
2009-09-03,149070.5968
2009-09-04,152013.5699
2009-09-08,153334.90479999999
2009-09-09,155917.51379999999
2009-09-10,157238.8487
2009-09-11,158259.88020000001
2009-09-14,159761.397
2009-09-15,161683.33869999999
2009-09-16,163725.40160000001
2009-09-17,164025.70499999999
2009-09-18,163088.09779999999
2009-09-21,162122.00760000001
2009-09-22,164054.18799999999
2009-09-23,162665.43340000001
2009-09-24,160008.68539999999
2009-09-25,157774.6018
2009-09-28,161035.1562
2009-09-29,160672.87239999999
2009-09-30,159042.59520000001
2009-10-01,155057.47320000001
2009-10-02,153064.91219999999
2009-10-05,156204.7053
2009-10-06,157714.2212
2009-10-07,157110.4148
2009-10-08,159887.9241
2009-10-09,160310.58850000001
2009-10-12,160008.68539999999
2009-10-13,160129.4466
2009-10-14,164778.7556
2009-10-15,164537.23310000001
2009-10-16,163390.00099999999
2009-10-19,165141.03940000001
2009-10-20,163993.80729999999
2009-10-21,162816.3849
2009-10-22,163993.80729999999
2009-10-23,161095.5368
2009-10-26,159827.5435
2009-10-27,157653.8406
2009-10-28,154393.2862
2009-10-29,158076.505
2009-10-30,152702.62839999999
2009-11-02,154453.66690000001
2009-11-03,157110.4148
2009-11-04,156808.5117
2009-11-05,160854.01430000001
2009-11-06,162303.1495
2009-11-09,166409.03279999999
2009-11-10,165442.94260000001
2009-11-11,166710.93599999999
2009-11-12,164778.7556
2009-11-13,166046.74900000001
2009-11-16,169850.72899999999
2009-11-17,169548.8259
2009-11-18,168643.11629999999
2009-11-19,166107.12959999999
2009-11-20,165805.22640000001
2009-11-23,168824.25820000001
2009-11-24,167435.5036
2009-11-25,168824.25820000001
2009-11-27,165563.70389999999
2009-11-30,166107.12959999999
2009-12-01,168824.25820000001
2009-12-02,168341.21309999999
2009-12-03,167556.26490000001
2009-12-04,170092.25159999999
2009-12-07,169488.44519999999
2009-12-08,166892.0779
2009-12-09,167677.02609999999
2009-12-10,168401.5938
2009-12-11,170092.25159999999
2009-12-14,172386.7157
2009-12-15,171903.67069999999
2009-12-16,171179.103
2009-12-17,169307.3033
2009-12-18,169250.304
2009-12-21,170526.51809999999
2009-12-22,170708.83439999999
2009-12-23,171012.6949
2009-12-24,171681.1881
2009-12-28,171377.32759999999
2009-12-29,171863.50440000001
2009-12-30,171012.6949
2009-12-31,168885.67139999999
2010-01-04,172106.59280000001
2010-01-05,172714.3138
2010-01-06,173078.94639999999
2010-01-07,174962.88159999999
2010-01-08,177758.3983
2010-01-11,179703.10550000001
2010-01-12,178244.57509999999
2010-01-13,178973.84030000001
2010-01-14,178973.84030000001
2010-01-15,176664.50039999999
2010-01-19,178609.2077
2010-01-20,175874.46309999999
2010-01-21,171802.7323
2010-01-22,169189.5319
2010-01-25,170283.42970000001
2010-01-26,169554.16450000001
2010-01-27,170040.3413
2010-01-28,168095.6341
2010-01-29,166394.01519999999
2010-02-01,168885.67139999999
2010-02-02,172106.59280000001
2010-02-03,171073.467
2010-02-04,166029.38260000001
2010-02-05,165300.11739999999
2010-02-08,163476.95430000001
2010-02-09,166637.1036
2010-02-10,166394.01519999999
2010-02-11,168885.67139999999
2010-02-12,167548.6851
2010-02-16,171498.87179999999
2010-02-17,172957.40220000001
2010-02-18,174537.47690000001
2010-02-19,175388.28630000001
2010-02-22,175509.83050000001
2010-02-23,173261.26269999999
2010-02-24,175023.6537
2010-02-25,174598.24900000001
2010-02-26,175266.7421
2010-03-01,177576.08199999999
2010-03-02,177879.9425
2010-03-03,178123.03090000001
2010-03-04,178973.84030000001
2010-03-05,181708.58489999999
2010-03-08,180857.77549999999
2010-03-09,182316.30590000001
2010-03-10,182680.93849999999
2010-03-11,183349.43160000001
2010-03-12,184564.8737
2010-03-15,184564.8737
2010-03-16,187056.52989999999
2010-03-17,187360.3904
2010-03-18,187360.3904
2010-03-19,187885.33979999999
2010-03-22,188434.17720000001
2010-03-23,190568.54490000001
2010-03-24,189226.9423
2010-03-25,189104.9785
2010-03-26,189592.834
2010-03-29,191300.32810000001
2010-03-30,191605.2378
2010-03-31,190507.56299999999
2010-04-01,191727.20170000001
2010-04-05,193129.7861
2010-04-06,193190.76809999999
2010-04-07,192093.09330000001
2010-04-08,192718.1581
2010-04-09,193800.58739999999
2010-04-12,194227.46100000001
2010-04-13,194532.37059999999
2010-04-14,197032.6299
2010-04-15,198923.0699
2010-04-16,195691.02739999999
2010-04-19,195325.13579999999
2010-04-20,197581.46739999999
2010-04-21,198923.0699
2010-04-22,200752.52789999999
2010-04-23,201972.1666
2010-04-26,202399.04019999999
2010-04-27,197520.48540000001
2010-04-28,198923.0699
2010-04-29,203435.73310000001
2010-04-30,198618.16020000001
2010-05-03,202581.986
2010-05-04,196178.8829
2010-05-05,193678.62359999999
2010-05-06,187275.52050000001
2010-05-07,183128.74890000001
2010-05-10,193617.6416
2010-05-11,193068.80420000001
2010-05-12,197337.53959999999
2010-05-13,194288.44289999999
2010-05-14,190202.65330000001
2010-05-17,189714.7978
2010-05-18,187336.5024
2010-05-19,184958.20689999999
2010-05-20,176908.59160000001
2010-05-21,179408.85089999999
2010-05-24,176725.6458
2010-05-25,176603.6819
2010-05-26,176969.5735
2010-05-27,182945.80309999999
2010-05-28,180506.5257
2010-06-01,176481.7181
2010-06-02,181055.36309999999
2010-06-03,181893.86470000001
2010-06-04,173371.63939999999
2010-06-07,168919.95819999999
2010-06-08,170688.43429999999
2010-06-09,170688.43429999999
2010-06-10,177274.48319999999
2010-06-11,177884.3026
2010-06-14,177701.35680000001
2010-06-15,183067.76699999999
2010-06-16,182579.91149999999
2010-06-17,183128.74890000001
2010-06-18,183842.60339999999
2010-06-21,184149.00779999999
2010-06-22,179690.82459999999
2010-06-23,179001.4149
2010-06-24,175876.0906
2010-06-25,177224.2697
2010-06-28,175998.65239999999
2010-06-29,169196.476
2010-06-30,168093.4204
2010-07-01,167603.1735
2010-07-02,165519.62400000001
2010-07-06,165826.02830000001
2010-07-07,171586.42989999999
2010-07-08,173792.5411
2010-07-09,175508.40539999999
2010-07-12,174589.1924
2010-07-13,177653.23579999999
2010-07-14,178020.921
2010-07-15,177959.64009999999
2010-07-16,172015.3959
2010-07-19,172995.8898
2010-07-20,175692.24799999999
2010-07-21,175263.2819
2010-07-22,180655.99830000001
2010-07-23,184271.56950000001
2010-07-26,187274.33199999999
2010-07-27,185987.4338
2010-07-28,185497.1869
2010-07-29,184884.37820000001
2010-07-30,185619.74859999999
2010-08-02,189296.60070000001
2010-08-03,188316.10680000001
2010-08-04,189970.69020000001
2010-08-05,190093.25200000001
2010-08-06,189051.47719999999
2010-08-09,190031.9711
2010-08-10,188745.0729
2010-08-11,181697.77309999999
2010-08-12,180410.87479999999
2010-08-13,180165.75140000001
2010-08-16,179798.0662
2010-08-17,182923.3904
2010-08-18,183597.48000000001
2010-08-19,179675.50440000001
2010-08-20,178756.29139999999
2010-08-23,176795.30360000001
2010-08-24,173179.73240000001
2010-08-25,172873.32810000001
2010-08-26,172628.2046
2010-08-27,176121.21410000001
2010-08-30,173424.8559
2010-08-31,172750.76639999999
2010-09-01,179614.2236
2010-09-02,181881.61569999999
2010-09-03,184639.25469999999
2010-09-07,182923.3904
2010-09-08,184823.09729999999
2010-09-09,184639.25469999999
2010-09-10,186293.83809999999
2010-09-13,188132.26420000001
2010-09-14,187580.73639999999
2010-09-15,187580.73639999999
2010-09-16,187335.61290000001
2010-09-17,189067.41020000001
2010-09-20,191915.97039999999
2010-09-21,192285.5134
2010-09-22,191300.0655
2010-09-23,188466.90289999999
2010-09-24,193640.5042
2010-09-27,192408.69440000001
2010-09-28,193455.73269999999
2010-09-29,193394.1422
2010-09-30,192655.0563
2010-10-01,192839.8278
2010-10-04,190807.34160000001
2010-10-05,195919.3524
2010-10-06,197089.5717
2010-10-07,196658.43830000001
2010-10-08,198290.5863
2010-10-11,197767.06709999999
2010-10-12,197643.8861
2010-10-13,200908.18220000001
2010-10-14,199737.96280000001
2010-10-15,198506.15299999999
2010-10-18,198382.97200000001
2010-10-19,195734.5809
2010-10-20,198506.15299999999
2010-10-21,200107.50580000001
2010-10-22,200045.91529999999
2010-10-25,200723.41070000001
2010-10-26,199799.5533
2010-10-27,198321.38149999999
2010-10-28,197890.2481
2010-10-29,198198.20050000001
2010-11-01,198198.20050000001
2010-11-02,200107.50580000001
2010-11-03,200415.45819999999
2010-11-04,204665.20209999999
2010-11-05,205897.01190000001
2010-11-08,205034.7451
2010-11-09,203187.03030000001
2010-11-10,203125.43979999999
2010-11-11,201986.01569999999
2010-11-12,199614.7818
2010-11-15,200230.68669999999
2010-11-16,196997.18599999999
2010-11-17,197151.16219999999
2010-11-18,201154.5441
2010-11-19,201770.44899999999
2010-11-22,201339.3156
2010-11-23,198567.74350000001
2010-11-24,203063.8493
2010-11-26,201400.90609999999
2010-11-29,201339.3156
2010-11-30,200846.59169999999
2010-12-01,206020.19289999999
2010-12-02,209222.89850000001
2010-12-03,209654.0319
2010-12-06,209515.45329999999
2010-12-07,210085.16529999999
2010-12-08,209346.07939999999
2010-12-09,209961.98439999999
2010-12-10,211840.49429999999
2010-12-13,211994.4706
2010-12-14,212979.9184
2010-12-15,212117.65150000001
2010-12-16,214458.09020000001
2010-12-17,213826.2334
2010-12-20,213764.3265
2010-12-21,215497.7181
2010-12-22,215992.97279999999
2010-12-23,215559.6249
2010-12-27,215931.06599999999
2010-12-28,215807.25229999999
2010-12-29,215992.97279999999
2010-12-30,215621.5318
2010-12-31,215869.15919999999
2011-01-03,217416.8302
2011-01-04,217107.296
2011-01-05,218221.61919999999
2011-01-06,217850.17809999999
2011-01-07,218283.52600000001
2011-01-10,218593.06020000001
2011-01-11,219397.8492
2011-01-12,221193.1476
2011-01-13,221409.82149999999
2011-01-14,222307.47080000001
2011-01-18,223917.04870000001
2011-01-19,221564.58859999999
2011-01-20,220450.26550000001
2011-01-21,222245.56390000001
2011-01-24,224350.39660000001
2011-01-25,224071.81580000001
2011-01-26,225402.81289999999
2011-01-27,226238.5552
2011-01-28,221812.21599999999
2011-01-31,224350.39660000001
2011-02-01,227507.64550000001
2011-02-02,226795.71679999999
2011-02-03,226888.57709999999
2011-02-04,227693.36600000001
2011-02-07,229829.15210000001
2011-02-08,231376.82320000001
2011-02-09,231345.86970000001
2011-02-10,232584.00659999999
2011-02-11,234317.3982
2011-02-14,234069.7708
2011-02-15,233203.07500000001
2011-02-16,234317.3982
2011-02-17,234874.55970000001
2011-02-18,235524.5816
2011-02-22,228668.3988
2011-02-23,224659.9308
2011-02-24,225959.97450000001
2011-02-25,228002.9002
2011-02-28,229117.22339999999
2011-03-01,224257.53630000001
2011-03-02,225309.95259999999
2011-03-03,230757.75469999999
2011-03-04,228070.99780000001
2011-03-07,225959.97450000001
2011-03-08,229488.66450000001
2011-03-09,228993.40969999999
2011-03-10,224381.35000000001
2011-03-11,227012.39079999999
2011-03-14,225093.2787
2011-03-15,222988.446
2011-03-16,218840.6876
2011-03-17,222245.56390000001
2011-03-18,223651.71590000001
2011-03-21,228563.7219
2011-03-22,226729.49179999999
2011-03-23,227506.70800000001
2011-03-24,229869.44500000001
2011-03-25,230677.74979999999
2011-03-28,230475.67360000001
2011-03-29,232356.5367
2011-03-30,233289.196
2011-03-31,234190.76680000001
2011-04-01,236149.35140000001
2011-04-04,236460.23790000001
2011-04-05,235589.75580000001
2011-04-06,235838.465
2011-04-07,234719.27369999999
2011-04-08,232667.42310000001
2011-04-11,232480.89129999999
2011-04-12,230739.9271
2011-04-13,230055.97690000001
2011-04-14,230055.97690000001
2011-04-15,230864.28170000011
2011-04-18,227568.88529999999
2011-04-19,229558.55859999999
2011-04-20,233289.196
2011-04-21,233973.14619999999
2011-04-25,233289.196
2011-04-26,237765.96100000001
2011-04-27,238822.9749
2011-04-28,239631.27970000001
2011-04-29,240626.1164
2011-05-02,240253.0526
2011-05-03,239258.21599999999
2011-05-04,235776.28769999999
2011-05-05,234657.09640000001
2011-05-06,236708.94699999999
2011-05-09,237703.7837
2011-05-10,239879.9889
2011-05-11,236646.76980000001
2011-05-12,237144.1881
2011-05-13,234284.03270000001
2011-05-16,233413.55059999999
2011-05-17,230242.50880000001
2011-05-18,233351.37330000001
2011-05-19,234843.62830000001
2011-05-20,232356.5367
2011-05-23,229061.14019999999
2011-05-24,227879.77170000001
2011-05-25,229807.2677
2011-05-26,230739.9271
2011-05-27,231859.1183
2011-05-31,233973.14619999999
2011-06-01,226325.3394
2011-06-02,227506.70800000001
2011-06-03,224460.02069999999
2011-06-06,222843.4111
2011-06-07,222719.05660000001
2011-06-08,220791.56049999999
2011-06-09,222470.3474
2011-06-10,218926.24179999999
2011-06-13,218988.4191
2011-06-14,223154.29759999999
2011-06-15,219765.63519999999
2011-06-16,220542.85140000001
2011-06-17,221506.78589999999
2011-06-20,223443.79870000001
2011-06-21,226942.9186
2011-06-22,225693.2329
2011-06-23,225193.35870000001
2011-06-24,222631.503
2011-06-27,224381.06299999999
2011-06-28,227880.18290000001
2011-06-29,229067.38430000001
2011-06-30,232691.47270000001
2011-07-01,236877.9197
2011-07-05,235534.50760000001
2011-07-06,236815.43539999999
2011-07-07,239314.80679999999
2011-07-08,236315.5612
2011-07-11,231941.66130000001
2011-07-12,229692.22709999999
2011-07-13,230629.49129999999
2011-07-14,228130.12
2011-07-15,228317.57279999999
2011-07-18,225755.71720000001
2011-07-19,228698.72700000001
2011-07-20,229129.86850000001
2011-07-21,232566.50409999999
2011-07-22,230129.6171
2011-07-25,230004.64850000001
2011-07-26,225755.71720000001
2011-07-27,219632.2574
2011-07-28,217757.72889999999
2011-07-29,216695.49609999999
2011-08-01,215320.84179999999
2011-08-02,207822.72779999999
2011-08-03,209697.25630000001
2011-08-04,198450.0852
2011-08-05,198450.0852
2011-08-08,184453.60569999999
2011-08-09,193576.31109999999
2011-08-10,183703.7942
2011-08-11,192451.59400000001
2011-08-12,196200.65100000001
2011-08-15,199137.4123
2011-08-16,196325.61960000001
2011-08-17,195700.77669999999
2011-08-18,184859.75349999999
2011-08-19,182016.71859999999
2011-08-22,182704.04569999999
2011-08-23,189139.92689999999
2011-08-24,192951.4682
2011-08-25,189327.3798
2011-08-26,193263.8897
2011-08-29,199387.34950000001
2011-08-30,201074.42509999999
2011-08-31,202449.07939999999
2011-09-01,199137.4123
2011-09-02,192764.0154
2011-09-06,190764.5183
2011-09-07,196700.52530000001
2011-09-08,193732.52179999999
2011-09-09,188577.56839999999
2011-09-12,188921.23190000001
2011-09-13,192451.59400000001
2011-09-14,195825.74530000001
2011-09-15,199793.49729999999
2011-09-16,200874.3505
2011-09-19,198989.38630000001
2011-09-20,197544.24710000001
2011-09-21,189376.06890000001
2011-09-22,182276.03709999999
2011-09-23,184161.0013
2011-09-26,188810.5796
2011-09-27,192140.68299999999
2011-09-28,187239.77609999999
2011-09-29,189941.5582
2011-09-30,183595.51199999999
2011-10-03,178443.27660000001
2011-10-04,183407.01560000001
2011-10-05,187302.60829999999
2011-10-06,191072.5367
2011-10-07,190632.71170000001
2011-10-10,197292.9185
2011-10-11,197858.40779999999
2011-10-12,200371.69330000001
2011-10-13,198675.22560000001
2011-10-14,202256.6575
2011-10-17,196476.10070000001
2011-10-18,202130.9932
2011-10-19,199680.5398
2011-10-20,201377.00760000001
2011-10-21,205272.60019999999
2011-10-24,209105.36069999999
2011-10-25,204832.77530000001
2011-10-26,206277.91450000001
2011-10-27,215262.91039999999
2011-10-28,215262.91039999999
2011-10-31,209985.01070000001
2011-11-01,203638.96460000001
2011-11-02,207660.22150000001
2011-11-03,212749.62479999999
2011-11-04,211115.98920000001
2011-11-07,211618.64629999999
2011-11-08,214006.26759999999
2011-11-09,205712.4252
2011-11-10,208225.7108
2011-11-11,213189.4498
2011-11-14,211869.9749
2011-11-15,213126.6177
2011-11-16,209985.01070000001
2011-11-17,206340.74660000001
2011-11-18,206843.4037
2011-11-21,202068.1611
2011-11-22,200748.6862
2011-11-23,196099.1078
2011-11-25,195784.94709999999
2011-11-28,202382.32180000001
2011-11-29,202570.81820000001
2011-11-30,212938.1213
2011-12-01,212246.96770000001
2011-12-02,211807.1428
2011-12-05,214069.0998
2011-12-06,214006.26759999999
2011-12-07,213943.43549999999
2011-12-08,208665.53580000001
2011-12-09,213440.77840000001
2011-12-12,209545.1857
2011-12-13,206780.5716
2011-12-14,204330.11809999999
2011-12-15,205775.2573
2011-12-16,206639.32490000001
2011-12-19,204488.80850000001
2011-12-20,211477.98680000001
2011-12-21,211572.86249999999
2011-12-22,213565.25270000001
2011-12-23,215620.8934
2011-12-27,215557.64290000001
2011-12-28,212142.11689999999
2011-12-29,214798.63709999999
2011-12-30,213470.37700000001
2012-01-03,218150.91269999999
2012-01-04,219162.9204
2012-01-05,219226.1709
2012-01-06,218783.41750000001
2012-01-09,220396.30480000001
2012-01-10,223590.4541
2012-01-11,224286.20939999999
2012-01-12,226246.97440000001
2012-01-13,224507.58609999999
2012-01-17,225614.46960000001
2012-01-18,227638.48499999999
2012-01-19,230042.00330000001
2012-01-20,228713.7432
2012-01-23,228460.74119999999
2012-01-24,228713.7432
2012-01-25,231243.76250000001
2012-01-26,230801.0091
2012-01-27,230611.25760000001
2012-01-30,229789.00140000001
2012-01-31,229093.24609999999
2012-02-01,231560.01490000001
2012-02-02,231686.51579999999
2012-02-03,235671.29620000001
2012-02-06,235102.04190000001
2012-02-07,234849.0399
2012-02-08,235355.04380000001
2012-02-09,235987.54860000001
2012-02-10,233837.03219999999
2012-02-13,236683.3039
2012-02-14,235861.04759999999
2012-02-15,232761.774
2012-02-16,234912.2904
2012-02-17,235797.7972
2012-02-21,236620.0534
2012-02-22,236367.0515
2012-02-23,237126.05729999999
2012-02-24,237062.80679999999
2012-02-27,237252.5583
2012-02-28,236936.3058
2012-02-29,235481.5448
2012-03-01,236303.80100000001
2012-03-02,234912.2904
2012-03-05,233267.77789999999
2012-03-06,228017.98790000001
2012-03-07,230358.25570000001
2012-03-08,233647.28080000001
2012-03-09,234153.28460000001
2012-03-12,234090.03409999999
2012-03-13,238960.32130000001
2012-03-14,238391.06690000001
2012-03-15,241237.33859999999
2012-03-16,241343.72589999999
2012-03-19,241343.72589999999
2012-03-20,238547.7481
2012-03-21,238420.65820000001
2012-03-22,235751.7702
2012-03-23,236133.0399
2012-03-26,239628.0122
2012-03-27,238865.47279999999
2012-03-28,236577.85459999999
2012-03-29,236704.94450000001
2012-03-30,237753.4362
2012-04-02,239310.28750000001
2012-04-03,237594.57380000001
2012-04-04,235878.86009999999
2012-04-05,234925.68580000001
2012-04-09,231112.98869999999
2012-04-10,226410.6623
2012-04-11,228952.46040000001
2012-04-12,233845.42170000001
2012-04-13,230858.8089
2012-04-16,231494.25839999999
2012-04-17,235306.95550000001
2012-04-18,234290.23629999999
2012-04-19,231684.8933
2012-04-20,233654.7868
2012-04-23,231049.44380000001
2012-04-24,234099.60149999999
2012-04-25,234544.4161
2012-04-26,235942.4051
2012-04-27,237403.93890000001
2012-04-30,235179.86559999999
2012-05-01,235878.86009999999
2012-05-02,235942.4051
2012-05-03,234036.05650000001
2012-05-04,230668.1741
2012-05-07,230032.72459999999
2012-05-08,229460.82000000001
2012-05-09,226791.932
2012-05-10,227109.6568
2012-05-11,226664.84210000001
2012-05-14,224027.72659999999
2012-05-15,222915.69
2012-05-16,222661.51019999999
2012-05-17,217895.63879999999
2012-05-18,216815.37460000001
2012-05-21,221644.791
2012-05-22,222470.87530000001
2012-05-23,223678.22940000001
2012-05-24,223424.0496
2012-05-25,221898.97080000001
2012-05-29,224885.58350000001
2012-05-30,221136.4313
2012-05-31,220310.34700000001
2012-06-01,214210.03159999999
2012-06-04,211985.9583
2012-06-05,212589.6354
2012-06-06,218245.1361
2012-06-07,219484.26259999999
2012-06-08,221136.4313
2012-06-11,218245.1361
2012-06-12,221771.88089999999
2012-06-13,219547.8076
2012-06-14,221263.52119999999
2012-06-15,223161.67249999999
2012-06-18,223704.33429999999
2012-06-19,226704.93460000001
2012-06-20,225491.92600000001
2012-06-21,221054.86799999999
2012-06-22,221852.89999999999
2012-06-25,217735.05480000001
2012-06-26,218150.03140000001
2012-06-27,220256.83600000001
2012-06-28,220065.3083
2012-06-29,227726.41560000001
2012-07-02,225747.29620000001
2012-07-03,228109.47099999999
2012-07-05,227854.10070000001
2012-07-06,224789.65779999999
2012-07-09,224661.97270000001
2012-07-10,221022.9467
2012-07-11,219235.35500000001
2012-07-12,218405.40169999999
2012-07-13,222619.01070000001
2012-07-16,221086.7893
2012-07-17,222044.4277
2012-07-18,226194.1942
2012-07-19,227247.59640000001
2012-07-20,224470.44500000001
2012-07-23,223321.2789
2012-07-24,220831.41899999999
2012-07-25,221597.52970000001
2012-07-26,224981.18549999999
2012-07-27,229897.06270000001
2012-07-30,229258.63709999999
2012-07-31,228620.2115
2012-08-01,227087.98999999999
2012-08-02,225938.82389999999
2012-08-03,230854.70110000001
2012-08-06,230854.70110000001
2012-08-07,233216.87590000001
2012-08-08,232897.66310000001
2012-08-09,233089.19080000001
2012-08-10,234174.51430000001
2012-08-13,233663.7738
2012-08-14,233344.56099999999
2012-08-15,233855.3015
2012-08-16,236217.47630000001
2012-08-17,237366.64240000001
2012-08-20,236855.9019
2012-08-21,236345.16140000001
2012-08-22,235195.99530000001
2012-08-23,233280.71840000001
2012-08-24,234366.04199999999
2012-08-27,233663.7738
2012-08-28,232769.9779
2012-08-29,232706.1354
2012-08-30,230727.016
2012-08-31,232131.55230000001
2012-09-04,229705.535
2012-09-05,229067.10939999999
2012-09-06,234206.4356
2012-09-07,236217.47630000001
2012-09-10,234685.2548
2012-09-11,235962.106
2012-09-12,236919.7444
2012-09-13,239601.13200000001
2012-09-14,241069.51089999999
2012-09-17,239920.34479999999
2012-09-18,239984.1874
2012-09-19,240558.77040000001
2012-09-20,238260.4382
2012-09-21,237587.53760000001
2012-09-24,237523.2813
2012-09-25,234406.85250000001
2012-09-26,233475.1367
2012-09-27,235691.97779999999
2012-09-28,234728.13380000001
2012-10-01,235814.70730000001
2012-10-02,235434.9528
2012-10-03,236655.82180000001
2012-10-04,238005.20329999999
2012-10-05,238776.27849999999
2012-10-08,238197.97210000001
2012-10-09,235434.9528
2012-10-10,233250.23980000001
2012-10-11,233957.05869999999
2012-10-12,234214.08369999999
2012-10-15,235820.4903
2012-10-16,238312.9908
2012-10-17,239772.2506
2012-10-18,240446.94140000001
2012-10-19,236398.79670000001
2012-10-22,235756.2341
2012-10-23,233378.75229999999
2012-10-24,231900.85819999999
2012-10-25,233185.9835
2012-10-26,233378.75229999999
2012-10-31,234467.25339999999
2012-11-01,238651.6214
2012-11-02,236655.82180000001
2012-11-05,237940.94709999999
2012-11-06,240511.19760000001
2012-11-07,234856.6464
2012-11-08,232414.90830000001
2012-11-09,233057.47099999999
2012-11-12,233700.0336
2012-11-13,233057.47099999999
2012-11-14,227563.56039999999
2012-11-15,227595.68849999999
2012-11-16,228238.25109999999
2012-11-19,232511.29269999999
2012-11-20,232736.18969999999
2012-11-21,233057.47099999999
2012-11-23,236077.5154
2012-11-26,236238.15609999999
2012-11-27,235756.2341
2012-11-28,237748.1783
2012-11-29,239097.55979999999
2012-11-30,238583.5097
2012-12-03,236013.2591
2012-12-04,236912.8468
2012-12-05,239418.84109999999
2012-12-06,239354.58489999999
2012-12-07,240928.8634
2012-12-10,242117.60430000001
2012-12-11,242631.6544
2012-12-12,243017.19200000001
2012-12-13,242246.11679999999
2012-12-14,241732.0667
2012-12-17,243981.03589999999
2012-12-18,247129.59289999999
2012-12-19,245780.2113
2012-12-20,247065.33660000001
2012-12-21,245523.37899999999
2012-12-24,244811.34179999999
2012-12-26,243969.84330000001
2012-12-27,243581.45929999999
2012-12-28,240927.5024
2012-12-31,245329.18710000001
2013-01-02,251219.67679999999
2013-01-03,251349.13810000001
2013-01-04,253226.32709999999
2013-01-07,252125.90599999999
2013-01-08,250183.98629999999
2013-01-09,252708.48190000001
2013-01-10,253938.36429999999
2013-01-11,253032.13519999999
2013-01-14,254003.095
2013-01-15,254715.13219999999
2013-01-16,253679.4417
2013-01-17,256398.1293
2013-01-18,258469.51029999999
2013-01-22,259505.20079999999
2013-01-23,259569.9314
2013-01-24,261123.46720000001
2013-01-25,261964.9657
2013-01-28,262159.15769999998
2013-01-29,262741.73359999998
2013-01-30,260346.69930000001
2013-01-31,259440.47010000001
2013-02-01,261964.9657
2013-02-04,259699.3927
2013-02-05,262094.427
2013-02-06,262159.15769999998
2013-02-07,261835.50440000001
2013-02-08,262871.1949
2013-02-11,262677.00290000002
2013-02-12,263842.15470000001
2013-02-13,265266.2292
2013-02-14,265654.61310000002
2013-02-15,265784.07439999998
2013-02-19,267725.99410000001
2013-02-20,264230.53869999998
2013-02-21,262288.61899999989
2013-02-22,264360
2013-02-25,258922.6249
2013-02-26,260476.1606
2013-02-27,265395.69050000003
2013-02-28,265201.49849999999
2013-03-01,264748.38390000002
2013-03-04,264230.53869999998
2013-03-05,267984.91670000012
2013-03-06,267984.91670000012
2013-03-07,268179.10869999998
2013-03-08,270703.60430000001
2013-03-11,271609.83350000001
2013-03-12,270056.2977
2013-03-13,271350.91090000002
2013-03-14,272645.52399999998
2013-03-15,272851.49690000003
2013-03-18,271161.20890000003
2013-03-19,270901.16460000002
2013-03-20,271226.21999999997
2013-03-21,268495.75469999999
2013-03-22,270576.10920000001
2013-03-25,268170.69929999998
2013-03-26,269535.93190000003
2013-03-27,269535.93190000003
2013-03-28,271486.26429999998
2013-04-01,268170.69929999998
2013-04-02,267325.55530000001
2013-04-03,265700.27830000001
2013-04-04,266870.47769999999
2013-04-05,266350.38909999997
2013-04-08,267910.65500000003
2013-04-09,268755.799
2013-04-10,272331.40830000001
2013-04-11,273046.53019999998
2013-04-12,271486.26429999998
2013-04-15,263229.85729999997
2013-04-16,266805.46659999999
2013-04-17,262384.7133
2013-04-18,261214.51389999999
2013-04-19,262514.73539999989
2013-04-22,262807.28529999999
2013-04-23,264725.11210000003
2013-04-24,267455.57740000001
2013-04-25,268820.8101
2013-04-26,268040.67709999997
2013-04-29,269405.90980000002
2013-04-30,269470.92090000003
2013-05-01,265960.32260000001
2013-05-02,269243.38209999999
2013-05-03,273891.67420000001
2013-05-06,275646.97330000001
2013-05-07,278182.40539999999
2013-05-08,279937.70449999999
2013-05-09,279937.70449999999
2013-05-10,280782.84850000002
2013-05-13,279677.66019999998
2013-05-14,283123.24739999999
2013-05-15,284293.44679999998
2013-05-16,282863.20299999998
2013-05-17,287153.93420000002
2013-05-20,287999.07829999999
2013-05-21,288389.1447
2013-05-22,285853.71269999997
2013-05-23,285073.5797
2013-05-24,284163.42460000003
2013-05-28,285658.67940000002
2013-05-29,284033.40250000003
2013-05-30,285723.69050000003
2013-05-31,282993.22519999999
2013-06-03,284358.45789999998
2013-06-04,282798.19199999998
2013-06-05,277662.31679999997
2013-06-06,279417.61589999998
2013-06-07,284683.51319999999
2013-06-10,283838.36920000002
2013-06-11,281237.92609999998
2013-06-12,279287.59370000003
2013-06-13,283383.2917
2013-06-14,281497.97039999999
2013-06-17,283708.34710000001
2013-06-18,287056.41759999999
2013-06-19,282668.16979999997
2013-06-20,276232.07299999997
2013-06-21,276400.58169999998
2013-06-24,271761.23390000011
2013-06-25,274799.67999999999
2013-06-26,277511.41149999999
2013-06-27,280255.81439999997
2013-06-28,278622.24129999999
2013-07-01,281431.98710000003
2013-07-02,278426.21250000002
2013-07-03,278556.89829999988
2013-07-05,282934.87449999998
2013-07-08,283686.31809999997
2013-07-09,287704.90809999988
2013-07-10,287639.56520000001
2013-07-11,292213.57010000001
2013-07-12,290449.31109999999
2013-07-15,291494.79790000001
2013-07-16,289926.56770000001
2013-07-17,290776.0257
2013-07-18,293716.45740000001
2013-07-19,296722.23210000002
2013-07-22,296918.26089999999
2013-07-23,296722.23210000002
2013-07-24,294435.22960000002
2013-07-25,294565.9155
2013-07-26,293585.77159999998
2013-07-29,292801.65649999998
2013-07-30,294043.17210000003
2013-07-31,295088.65889999998
2013-08-01,300120.06430000003
2013-08-02,300708.15059999999
2013-08-05,299564.64939999999
2013-08-06,297310.31839999999
2013-08-07,296852.9179
2013-08-08,298225.11940000003
2013-08-09,297244.9755
2013-08-12,297637.0331
2013-08-13,298943.89159999997
2013-08-14,296852.9179
2013-08-15,293520.42859999998
2013-08-16,293912.48619999998
2013-08-19,292344.25599999999
2013-08-20,292866.99939999997
2013-08-21,290841.36859999999
2013-08-22,294827.28720000002
2013-08-23,294892.63010000001
2013-08-26,294239.20079999999
2013-08-27,288292.99449999997
2013-08-28,288554.36619999999
2013-08-29,289403.82419999997
2013-08-30,287770.25109999999
2013-09-03,289599.853
2013-09-04,292572.95620000002
2013-09-05,293259.05690000003
2013-09-06,293128.37109999999
2013-09-09,296787.57500000001
2013-09-10,301100.20819999999
2013-09-11,302341.72379999998
2013-09-12,301100.20819999999
2013-09-13,301949.66619999998
2013-09-16,305870.24190000002
2013-09-17,307177.1004
2013-09-18,311032.33309999999
2013-09-19,312077.82000000001
2013-09-20,308281.19990000001
2013-09-23,307296.48560000001
2013-09-24,308412.4951
2013-09-25,307033.89520000003
2013-09-26,308412.4951
2013-09-27,306443.06660000002
2013-09-30,304637.75719999999
2013-10-01,306574.36190000002
2013-10-02,305130.11430000002
2013-10-03,301782.08600000001
2013-10-04,303751.51439999999
2013-10-07,301650.79070000001
2013-10-08,298237.11479999998
2013-10-09,298105.81949999998
2013-10-10,305786.59049999999
2013-10-11,307230.83799999999
2013-10-14,308412.4951
2013-10-15,305327.05719999998
2013-10-16,307355.56850000011
2013-10-17,309692.62359999999
2013-10-18,313080.0405
2013-10-21,313861.24709999998
2013-10-22,315961.97080000001
2013-10-23,316093.266
2013-10-24,318456.58020000003
2013-10-25,320097.77059999999
2013-10-28,319638.23719999997
2013-10-29,320557.3039
2013-10-30,319113.0563
2013-10-31,319178.70390000002
2013-11-01,321476.37050000002
2013-11-04,322658.02750000003
2013-11-05,322329.78950000001
2013-11-06,323248.85609999998
2013-11-07,319835.1801
2013-11-08,324167.9227
2013-11-11,323905.33219999989
2013-11-12,324036.6274
2013-11-13,325933.84350000002
2013-11-14,327187.71299999999
2013-11-15,328303.72240000003
2013-11-18,328796.07949999999
2013-11-19,326465.58919999999
2013-11-20,325021.34169999999
2013-11-21,327647.2463
2013-11-22,330535.74129999999
2013-11-25,329813.6176
2013-11-26,330470.09370000003
2013-11-27,331783.04599999997
2013-11-29,330863.97940000001
2013-12-02,329485.37949999998
2013-12-03,326662.53200000001
2013-12-04,325349.5797
2013-12-05,325480.875
2013-12-06,330470.09370000003
2013-12-09,331323.51270000002
2013-12-10,330601.38890000002
2013-12-11,325415.22739999997
2013-12-12,325743.46539999999
2013-12-13,326728.17969999998
2013-12-16,329813.6176
2013-12-17,329682.3223
2013-12-18,335196.72200000001
2013-12-19,335524.96010000003
2013-12-20,338207.64990000002
2013-12-23,339527.22710000002
2013-12-24,341110.71980000002
2013-12-26,343485.95890000003
2013-12-27,343090.0857
2013-12-30,342760.19140000001
2013-12-31,344805.53610000003
2014-01-02,339989.07909999997
2014-01-03,340912.78320000001
2014-01-06,338933.41729999997
2014-01-07,341044.74089999998
2014-01-08,340450.93119999999
2014-01-09,342100.40269999998
2014-01-10,342628.23359999998
2014-01-13,338471.56530000002
2014-01-14,342034.42389999999
2014-01-15,344475.64179999998
2014-01-16,343617.91659999988
2014-01-17,341902.46620000002
2014-01-21,342232.36050000001
2014-01-22,343288.02230000001
2014-01-23,339197.33279999997
2014-01-24,328640.71480000002
2014-01-27,328970.6091
2014-01-28,332071.61560000002
2014-01-29,328508.75699999998
2014-01-30,331741.72129999998
2014-01-31,330092.24969999999
2014-02-03,320921.18780000001
2014-02-04,322966.53259999998
2014-02-05,322834.57489999989
2014-02-06,327321.13750000001
2014-02-07,332995.31969999999
2014-02-10,330883.99609999999
2014-02-11,334578.8124
2014-02-12,336492.19939999998
2014-02-13,336756.11489999999
2014-02-14,338933.41729999997
2014-02-18,338669.50189999997
2014-02-19,335502.51650000003
2014-02-20,338669.50189999997
2014-02-21,339065.3751
2014-02-24,341638.55070000002
2014-02-25,340516.90999999997
2014-02-26,340846.80440000002
2014-02-27,342826.17020000011
2014-02-28,343485.95890000003
2014-03-03,341176.69869999989
2014-03-04,346125.11339999997
2014-03-05,346586.96539999999
2014-03-06,348566.33130000002
2014-03-07,349687.97200000001
2014-03-10,348170.45809999999
2014-03-11,345663.26130000001
2014-03-12,345003.47269999998
2014-03-13,340121.03690000001
2014-03-14,338801.4596
2014-03-17,342958.12800000003
2014-03-18,344805.53610000003
2014-03-19,341242.67749999999
2014-03-20,342232.36050000001
2014-03-21,342261.98499999999
2014-03-24,341135.4693
2014-03-25,344249.95390000002
2014-03-26,340737.87550000002
2014-03-27,340274.016
2014-03-28,342792.10999999999
2014-03-31,346768.04790000001
2014-04-01,349219.8763
2014-04-02,351671.7046
2014-04-03,352201.8297
2014-04-04,348159.62619999988
2014-04-07,343189.70380000002
2014-04-08,343189.70380000002
2014-04-09,347563.23550000001
2014-04-10,340671.60979999998
2014-04-11,337292.06259999989
2014-04-14,339213.76590000011
2014-04-15,341599.32870000001
2014-04-16,346834.31349999999
2014-04-17,349551.20439999999
2014-04-21,350545.18890000001
2014-04-22,350743.98580000002
2014-04-23,352069.29840000003
2014-04-24,351406.6421
2014-04-25,347960.82929999998
2014-04-28,348159.62619999988
2014-04-29,349087.34499999997
2014-04-30,351406.6421
2014-05-01,350545.18890000001
2014-05-02,350015.0638
2014-05-05,350743.98580000002
2014-05-06,348093.36050000001
2014-05-07,351075.31390000001
2014-05-08,351009.04830000002
2014-05-09,351274.11080000002
2014-05-12,356509.09570000001
2014-05-13,357105.48639999999
2014-05-14,354454.86109999998
2014-05-15,351340.37650000001
2014-05-16,351804.23590000003
2014-05-19,353195.81410000002
2014-05-20,348490.95429999998
2014-05-21,351936.7671
2014-05-22,352599.42340000003
2014-05-23,354852.45490000001
2014-05-27,356707.89260000002
2014-05-28,356972.95510000002
2014-05-29,358430.799
2014-05-30,358165.7365
2014-06-02,359689.84600000002
2014-06-03,359292.25219999999
2014-06-04,359225.98659999989
2014-06-05,362870.59629999998
2014-06-06,366515.20600000001
2014-06-09,368370.64370000002
2014-06-10,367509.19050000003
2014-06-11,364792.29960000003
2014-06-12,359888.64289999998
2014-06-13,361147.6899
2014-06-16,360750.09610000002
2014-06-17,361744.08049999998
2014-06-18,363798.31510000001
2014-06-19,363069.39319999999
2014-06-20,366247.82419999997
2014-06-23,364117.70229999989
2014-06-24,360456.55540000001
2014-06-25,360789.38689999992
2014-06-26,360523.12170000002
2014-06-27,361388.48369999998
2014-06-30,359857.45860000001
2014-07-01,362054.14679999999
2014-07-02,361455.04999999999
2014-07-03,364450.53389999998
2014-07-07,361854.44790000003
2014-07-08,359391.49449999997
2014-07-09,359990.59129999997
2014-07-10,357860.46939999989
2014-07-11,359924.02500000002
2014-07-14,361987.58049999998
2014-07-15,362187.2794
2014-07-16,363718.30450000003
2014-07-17,361055.65220000001
2014-07-18,361055.65220000001
2014-07-21,360855.95329999988
2014-07-22,362187.2794
2014-07-23,360323.4228
2014-07-24,358992.09659999999
2014-07-25,358060.16830000002
2014-07-28,356262.87800000003
2014-07-29,351802.93540000002
2014-07-30,352135.76700000011
2014-07-31,345013.17210000003
2014-08-01,344680.34049999999
2014-08-04,345878.53409999999
2014-08-05,343814.97850000003
2014-08-06,342084.25449999998
2014-08-07,342417.08610000001
2014-08-08,347276.4265
2014-08-11,348674.31900000002
2014-08-12,347875.5233
2014-08-13,351270.40500000003
2014-08-14,352801.42999999999
2014-08-15,352069.20069999999
2014-08-18,357394.50530000002
2014-08-19,358259.86729999993
2014-08-20,362054.14679999999
2014-08-21,361721.31530000002
2014-08-22,360456.55540000001
2014-08-25,361854.44790000003
2014-08-26,360656.25429999997
2014-08-27,360456.55540000001
2014-08-28,359924.02500000002
2014-08-29,359591.19339999999
2014-09-02,360789.38689999992
2014-09-03,360323.4228
2014-09-04,360456.55540000001
2014-09-05,361654.74890000001
2014-09-08,361321.91739999998
2014-09-09,360190.29019999999
2014-09-10,360456.55540000001
2014-09-11,360589.68800000002
2014-09-12,359391.49449999997
2014-09-15,359258.36190000002
2014-09-16,361255.35110000003
2014-09-17,362653.24359999999
2014-09-18,364383.96759999997
2014-09-19,364033.29619999998
2014-09-22,359953.5551
2014-09-23,357010.79100000003
2014-09-24,358883.45909999998
2014-09-25,353265.45490000001
2014-09-26,356542.62400000001
2014-09-29,356007.576
2014-09-30,355472.52789999999
2014-10-01,348784.4277
2014-10-02,348383.14169999998
2014-10-03,353131.69290000002
2014-10-06,352061.5968
2014-10-07,343500.82850000012
2014-10-08,349653.88069999998
2014-10-09,341561.27939999988
2014-10-10,336545.20419999998
2014-10-13,331328.48609999998
2014-10-14,335943.27519999997
2014-10-15,335140.70319999999
2014-10-16,337615.3003
2014-10-17,344303.40049999987
2014-10-20,345306.61560000002
2014-10-21,352997.93079999997
2014-10-22,348383.14169999998
2014-10-23,356074.45700000011
2014-10-24,359217.86409999989
2014-10-27,359084.10210000002
2014-10-28,365437.79729999998
2014-10-29,364167.05829999998
2014-10-30,365638.44030000002
2014-10-31,369250.01439999999
2014-11-03,368781.84740000003
2014-11-04,368581.20439999999
2014-11-05,370855.15850000002
2014-11-06,374734.25660000002
2014-11-07,375269.30469999998
2014-11-10,377141.97269999998
2014-11-11,376673.80570000003
2014-11-12,377208.85369999998
2014-11-13,376138.75770000002
2014-11-14,376606.92469999997
2014-11-17,376071.87670000002
2014-11-18,378880.87880000001
2014-11-19,377743.90169999999
2014-11-20,378747.11680000002
2014-11-21,382425.57189999998
2014-11-24,383428.78700000001
2014-11-25,384565.76400000002
2014-11-26,383830.07299999997
2014-11-28,380619.78490000003
2014-12-01,375737.47169999999
2014-12-02,378947.75979999988
2014-12-03,383997.27549999999
2014-12-04,382091.16690000001
2014-12-05,382960.61989999999
2014-12-08,378747.11680000002
2014-12-09,378813.99780000001
2014-12-10,371590.84950000001
2014-12-11,373363.1961
2014-12-12,366641.65529999998
2014-12-15,365437.79729999998
2014-12-16,365772.2023
2014-12-17,369183.13339999999
2014-12-18,378479.59279999998
2014-12-19,380590.22340000002
2014-12-22,384221.93790000002
2014-12-23,385634.27130000002
2014-12-24,386037.79509999999
2014-12-26,386037.79509999999
2014-12-29,386643.08090000012
2014-12-30,384356.44579999999
2014-12-31,380522.96950000012
2015-01-02,380052.19170000002
2015-01-05,371174.66749999998
2015-01-06,366601.39740000002
2015-01-07,369358.81020000001
2015-01-08,376756.74709999998
2015-01-09,372721.50880000001
2015-01-12,370165.8579
2015-01-13,369426.06420000002
2015-01-14,367408.44510000001
2015-01-15,365659.84179999999
2015-01-16,368080.98479999998
2015-01-20,370703.8897
2015-01-21,373730.31839999999
2015-01-22,379715.92180000001
2015-01-23,376521.35820000002
2015-01-26,377025.76299999998
2015-01-27,372048.96909999999
2015-01-28,368820.77850000001
2015-01-29,373057.77870000002
2015-01-30,367004.92129999999
2015-02-02,372452.49290000001
2015-02-03,378505.35029999999
2015-02-04,375613.42959999997
2015-02-05,378841.6202
2015-02-06,377967.3186
2015-02-09,376958.50900000002
2015-02-10,379043.38209999999
2015-02-11,379177.89010000002
2015-02-12,382742.3505
2015-02-13,384490.95380000002
2015-02-17,385028.98560000001
2015-02-18,387181.11259999988
2015-02-19,387853.65230000002
2015-02-20,391149.0969
2015-02-23,389467.74770000001
2015-02-24,391014.58899999998
2015-02-25,390207.54129999998
2015-02-26,388458.93810000003
2015-02-27,386643.08090000012
2015-03-02,390207.54129999998
2015-03-03,387719.14439999987
2015-03-04,384692.7157
2015-03-05,384961.7316
2015-03-06,379715.92180000001
2015-03-09,383280.3823
2015-03-10,376218.71529999998
2015-03-11,375815.19150000002
2015-03-12,380657.47739999997
2015-03-13,377160.2709
2015-03-16,383414.89020000002
2015-03-17,381868.04889999999
2015-03-18,386374.065
2015-03-19,383751.16009999998
2015-03-20,385908.06219999999
2015-03-23,382665.13729999989
2015-03-24,381381.47950000002
2015-03-25,374895.62979999988
2015-03-26,373882.2157
2015-03-27,375300.99540000001
2015-03-30,380570.74829999998
2015-03-31,376787.33600000001
2015-04-01,374287.58130000002
2015-04-02,374490.26419999998
2015-04-06,377327.82340000011
2015-04-07,376449.53129999997
2015-04-08,377733.18900000001
2015-04-09,379557.33429999999
2015-04-10,384894.6482
2015-04-13,381246.35770000011
2015-04-14,381719.28420000011
2015-04-15,382394.89360000001
2015-04-16,381584.16239999997
2015-04-17,376990.01880000002
2015-04-20,381381.47950000002
2015-04-21,380908.55300000001
2015-04-22,382530.01539999997
2015-04-23,382124.64980000001
2015-04-24,380503.18740000011
2015-04-27,380368.06550000003
2015-04-28,381043.67489999998
2015-04-29,379151.96870000003
2015-04-30,375841.4829
2015-05-01,380570.74829999998
2015-05-04,381178.79670000001
2015-05-05,376044.16570000001
2015-05-06,375841.4829
2015-05-07,377800.75
2015-05-08,382259.77169999998
2015-05-11,381921.96700000012
2015-05-12,381516.60139999999
2015-05-13,382327.33260000002
2015-05-14,386178.30599999998
2015-05-15,385840.5013
2015-05-18,386583.6716
2015-05-19,385502.69660000002
2015-05-20,384083.91700000002
2015-05-21,386178.30599999998
2015-05-22,384421.72159999987
2015-05-26,380232.9437
2015-05-27,382665.13729999989
2015-05-28,380840.99209999997
2015-05-29,377057.5797
2015-06-01,378746.60310000012
2015-06-02,379489.77340000012
2015-06-03,381381.47950000002
2015-06-04,377125.14059999998
2015-06-05,377395.38439999998
2015-06-08,374625.386
2015-06-09,374557.82510000002
2015-06-10,378273.67649999988
2015-06-11,380435.62650000001
2015-06-12,378206.11560000002
2015-06-15,375030.75160000002
2015-06-16,375368.55630000011
2015-06-17,376381.97029999999
2015-06-18,380165.38270000007
2015-06-19,378326.10379999998
2015-06-22,380634.62630000012
2015-06-23,379684.05820000003
2015-06-24,376153.37670000002
2015-06-25,373233.77470000001
2015-06-26,373912.75189999997
2015-06-29,366851.38890000002
2015-06-30,367055.0821
2015-07-01,368888.32049999997
2015-07-02,368209.34330000001
2015-07-06,366783.49119999999
2015-07-07,369770.99089999998
2015-07-08,363117.01419999998
2015-07-09,363999.68459999998
2015-07-10,367801.95700000011
2015-07-13,371875.82030000002
2015-07-14,372894.28610000003
2015-07-15,371332.6385
2015-07-16,373030.08149999997
2015-07-17,372894.28610000003
2015-07-20,372962.18380000012
2015-07-21,368956.21830000001
2015-07-22,367326.67290000001
2015-07-23,363931.78690000001
2015-07-24,359178.94640000002
2015-07-27,357413.60560000001
2015-07-28,364339.17320000002
2015-07-29,368820.4228
2015-07-30,368480.93420000002
2015-07-31,368141.44559999998
2015-08-03,366376.10479999997
2015-08-04,366172.4117
2015-08-05,368209.34330000001
2015-08-06,366308.2071
2015-08-07,364542.8664
2015-08-10,371672.12709999998
2015-08-11,367122.97979999997
2015-08-12,367190.8775
2015-08-13,366919.28659999999
2015-08-14,369227.80910000001
2015-08-17,371061.04759999999
2015-08-18,370382.07040000003
2015-08-19,366919.28659999999
2015-08-20,359314.74180000002
2015-08-21,349401.67450000002
2015-08-24,336569.00510000001
2015-08-25,332563.03960000002
2015-08-26,343087.18640000001
2015-08-27,351234.91299999988
2015-08-28,351370.70840000012
2015-08-31,348247.41320000001
2015-09-01,339013.32309999998
2015-09-02,346549.97019999998
2015-09-03,346753.66330000001
2015-09-04,341932.92509999999
2015-09-08,351370.70840000012
2015-09-09,347636.33370000002
2015-09-10,347840.0269
2015-09-11,349741.16310000012
2015-09-14,347975.8223
2015-09-15,354018.71950000012
2015-09-16,356598.83299999998
2015-09-17,355037.18540000002
2015-09-18,347235.20079999999
2015-09-21,348942.01949999999
2015-09-22,343889.83610000001
2015-09-23,341500.28989999997
2015-09-24,339383.83470000001
2015-09-25,340066.56209999998
2015-09-28,333375.83279999997
2015-09-29,335560.56069999997
2015-09-30,340612.74410000001
2015-10-01,339861.7439
2015-10-02,344162.92709999997
2015-10-05,353925.93020000012
2015-10-06,353584.56640000001
2015-10-07,358227.11330000003
2015-10-08,363211.02399999998
2015-10-09,364439.93349999998
2015-10-12,364508.20620000002
2015-10-13,360616.65960000001
2015-10-14,356725.11289999989
2015-10-15,360616.65960000001
2015-10-16,358773.2953
2015-10-19,359251.20460000011
2015-10-20,361640.75079999998
2015-10-21,361709.02350000001
2015-10-22,371813.39039999997
2015-10-23,373178.84539999999
2015-10-26,372359.5724
2015-10-27,368263.20740000001
2015-10-28,371198.93560000003
2015-10-29,370994.11739999999
2015-10-30,370516.20809999999
2015-11-02,374817.39130000002
2015-11-03,375090.48229999997
2015-11-04,374066.39110000001
2015-11-05,374544.3003
2015-11-06,374544.3003
2015-11-09,371676.84490000003
2015-11-10,371608.57209999999
2015-11-11,372086.48139999999
2015-11-12,367034.29800000001
2015-11-13,365395.75199999998
2015-11-16,370106.57169999997
2015-11-17,369355.57140000002
2015-11-18,374476.02759999997
2015-11-19,376114.5736
2015-11-20,378026.21049999999
2015-11-23,376114.5736
2015-11-24,375500.1188
2015-11-25,375500.1188
2015-11-27,376148.70990000002
2015-11-30,373725.02730000002
2015-12-01,375500.1188
2015-12-02,371676.84490000003
2015-12-03,367034.29800000001
2015-12-04,372496.11790000001
2015-12-07,370652.7536
2015-12-08,364713.02450000012
2015-12-09,363620.6605
2015-12-10,365327.4792
2015-12-11,359182.93180000002
2015-12-14,360480.11409999989
2015-12-15,360548.38679999998
2015-12-16,366966.02519999997
2015-12-17,360889.75060000003
2015-12-18,355419.32140000002
2015-12-21,358167.05489999999
2015-12-22,363112.97509999998
2015-12-23,367371.96189999999
2015-12-24,367234.57530000003
2015-12-28,366410.25520000001
2015-12-29,369913.61540000001
2015-12-30,366822.41529999999
2015-12-31,364143.37509999989
2016-01-04,359266.1483
2016-01-05,360227.85499999998
2016-01-06,354663.6948
2016-01-07,345046.62770000013
2016-01-08,341543.26750000002
2016-01-11,341749.34749999997
2016-01-12,344497.08100000001
2016-01-13,336185.18729999999
2016-01-14,340169.4008
2016-01-15,334172.47259999998
2016-01-19,334124.3872
2016-01-20,329796.7071
2016-01-21,331239.2671
2016-01-22,334124.3872
2016-01-25,330002.78710000002
2016-01-26,336253.88069999998
2016-01-27,332475.74719999998
2016-01-28,334399.1606
2016-01-29,343397.98759999999
2016-02-01,342573.66759999999
2016-02-02,335704.33399999997
2016-02-03,341131.10749999998
2016-02-04,347038.73440000002
2016-02-05,343741.45429999998
2016-02-08,340856.33419999998
2016-02-09,342917.13429999998
2016-02-10,341268.49420000002
2016-02-11,334467.85389999999
2016-02-12,341199.80089999997
2016-02-16,348069.13449999999
2016-02-17,353427.21470000001
2016-02-18,353221.1347
2016-02-19,352534.20130000002
2016-02-22,358510.52159999992
2016-02-23,354938.46810000011
2016-02-24,355144.54810000001
2016-02-25,359815.69500000001
2016-02-26,360296.54830000002
2016-02-29,358029.66820000001
2016-03-01,365036.3885
2016-03-02,365311.16190000001
2016-03-03,367921.5086
2016-03-04,369432.76199999999
2016-03-07,370531.8554
2016-03-08,365311.16190000001
2016-03-09,366478.9486
2016-03-10,365929.4019
2016-03-11,371218.78879999998
2016-03-14,371562.25550000003
2016-03-15,371356.17540000001
2016-03-16,372661.34879999998
2016-03-17,380835.85580000002
2016-03-18,384083.7867
2016-03-21,386362.19130000012
2016-03-22,384152.82919999998
2016-03-23,381667.29690000002
2016-03-24,380562.61589999998
2016-03-28,380700.701
2016-03-29,383186.23330000002
2016-03-30,383876.65899999999
2016-03-31,382979.10570000001
2016-04-01,384774.21230000001
2016-04-04,380424.53080000001
2016-04-05,378077.08360000001
2016-04-06,379941.23280000011
2016-04-07,376281.97690000001
2016-04-08,377731.87070000003
2016-04-11,377869.9559
2016-04-12,380079.31790000002
2016-04-13,385740.80820000003
2016-04-14,386431.23389999999
2016-04-15,386983.57439999998
2016-04-18,387328.78720000002
2016-04-19,390090.48979999998
2016-04-20,389469.1067
2016-04-21,388502.51079999999
2016-04-22,389469.1067
2016-04-25,387604.95750000002
2016-04-26,391057.0857
2016-04-27,393818.78830000001
2016-04-28,390021.44719999988
2016-04-29,387743.04259999999
2016-05-02,389745.27700000012
2016-05-03,386569.31900000002
2016-05-04,381805.38209999999
2016-05-05,381598.25439999998
2016-05-06,384152.82919999998
2016-05-09,382426.76510000002
2016-05-10,388985.80880000012
2016-05-11,385740.80820000003
2016-05-12,384912.29749999999
2016-05-13,380079.31790000002
2016-05-16,384774.21230000001
2016-05-17,382910.06310000003
2016-05-18,381598.25439999998
2016-05-19,378008.04100000003
2016-05-20,379941.23280000011
2016-05-23,379250.80719999998
2016-05-24,383186.23330000002
2016-05-25,385809.85080000001
2016-05-26,384705.16979999997
2016-05-27,386155.06359999999
2016-05-31,386086.02110000001
2016-06-01,386431.23389999999
2016-06-02,386914.5318
2016-06-03,386569.31900000002
2016-06-06,390228.57490000001
2016-06-07,392092.7242
2016-06-08,394578.25650000002
2016-06-09,394509.21389999997
2016-06-10,389883.36210000003
2016-06-13,385671.76569999999
2016-06-14,385740.80820000003
2016-06-15,385878.8934
2016-06-16,386569.31900000002
2016-06-17,386895.03419999999
2016-06-20,390435.61320000002
2016-06-21,390157.92070000002
2016-06-22,389047.15090000012
2016-06-23,393559.65350000001
2016-06-24,377522.91330000001
2016-06-27,368636.75429999997
2016-06-28,374884.83490000002
2016-06-29,381549.45419999998
2016-06-30,388838.88150000002
2016-07-01,390088.4976
2016-07-05,386547.91859999998
2016-07-06,388491.7659
2016-07-07,389533.11270000011
2016-07-08,397308.50180000003
2016-07-11,399807.73409999989
2016-07-12,403487.1593
2016-07-13,404459.08299999998
2016-07-14,407513.70010000002
2016-07-15,407444.277
2016-07-18,407097.16139999998
2016-07-19,407305.43079999997
2016-07-20,408069.08510000003
2016-07-21,403903.69799999997
2016-07-22,404667.35230000003
2016-07-25,402515.23570000002
2016-07-26,405847.5453
2016-07-27,404250.81359999999
2016-07-28,404111.96740000002
2016-07-29,402931.77439999999
2016-08-01,402445.8125
2016-08-02,398696.96419999999
2016-08-03,400640.81150000001
2016-08-04,400779.65769999998
2016-08-05,404806.19850000012
2016-08-08,405361.58350000001
2016-08-09,405222.73729999998
2016-08-10,405014.46789999999
2016-08-11,407652.54640000011
2016-08-12,406541.77649999998
2016-08-15,409249.27810000011
2016-08-16,407444.277
2016-08-17,408624.46999999997
2016-08-18,409874.08610000001
2016-08-19,409735.23989999999
2016-08-22,409388.12430000002
2016-08-23,409735.23989999999
2016-08-24,408485.62380000012
2016-08-25,408416.20069999999
2016-08-26,407236.00770000002
2016-08-29,410151.77860000002
2016-08-30,409041.00869999989
2016-08-31,406750.04580000002
2016-09-01,407097.16139999998
2016-09-02,409110.43180000002
2016-09-06,407930.23879999999
2016-09-07,408416.20069999999
2016-09-08,408069.08510000003
2016-09-09,396544.84759999998
2016-09-12,401612.73509999999
2016-09-13,395711.77010000002
2016-09-14,395364.65460000001
2016-09-15,398488.6948
2016-09-16,395167.01390000002
2016-09-19,396912.14289999998
2016-09-20,397261.16869999998
2016-09-21,402426.75060000003
2016-09-22,405288.7622
2016-09-23,402915.38669999997
2016-09-26,401170.25770000007
2016-09-27,403962.46409999992
2016-09-28,407103.69630000013
2016-09-29,403892.65899999999
2016-09-30,407522.52730000002
2016-10-03,407871.55310000002
2016-10-04,404451.10019999999
2016-10-05,407033.89120000001
2016-10-06,407033.89120000001
2016-10-07,401798.50410000002
2016-10-10,402217.33510000003
2016-10-11,398029.02549999999
2016-10-12,398796.88219999999
2016-10-13,398657.27189999999
2016-10-14,399494.93380000012
2016-10-17,398447.85639999999
2016-10-18,399285.51840000012
2016-10-19,400542.01119999989
2016-10-20,398378.05129999999
2016-10-21,397819.60999999999
2016-10-24,398587.46669999999
2016-10-25,397540.38929999998
2016-10-26,398936.4926
2016-10-27,396214.09129999997
2016-10-28,398587.46669999999
2016-10-31,399355.32350000012
2016-11-01,395934.87060000002
2016-11-02,394468.96230000001
2016-11-03,393840.71580000001
2016-11-04,394189.74160000001
2016-11-07,403892.65899999999
2016-11-08,406335.83960000001
2016-11-09,416527.39299999992
2016-11-10,425392.64840000012
2016-11-11,426160.50520000001
2016-11-14,427975.43930000003
2016-11-15,429580.95799999998
2016-11-16,427137.77740000002
2016-11-17,428045.24449999997
2016-11-18,427905.63419999997
2016-11-21,430209.20450000011
2016-11-22,432163.74900000001
2016-11-23,435374.78639999998
2016-11-25,437748.1618
2016-11-28,434746.53990000009
2016-11-29,435095.56569999998
2016-11-30,435654.00699999998
2016-12-01,438516.01860000001
2016-12-02,438446.21340000001
2016-12-05,438097.18759999989
2016-12-06,438934.84950000001
2016-12-07,447102.05330000003
2016-12-08,444589.06760000001
2016-12-09,446613.41720000003
2016-12-12,445007.89850000001
2016-12-13,444379.65210000001
2016-12-14,439912.12180000002
2016-12-15,440400.75790000003
2016-12-16,439522.77649999998
2016-12-19,441980.95760000002
2016-12-20,444509.37240000011
2016-12-21,442823.76250000001
2016-12-22,441980.95760000002
2016-12-23,442402.36009999999
2016-12-27,443315.39880000002
2016-12-28,438679.97159999987
2016-12-29,438539.50410000002
2016-12-30,436994.36170000001
2017-01-03,439593.01030000002
2017-01-04,442191.65879999998
2017-01-05,440927.45140000002
2017-01-06,443455.86630000011
2017-01-09,440014.41269999999
2017-01-10,441840.4901
2017-01-11,444158.20370000001
2017-01-12,442332.1263
2017-01-13,444017.73619999993
2017-01-17,440576.28269999998
2017-01-18,442261.89260000002
2017-01-19,445492.64490000007
2017-01-20,445562.8786
2017-01-23,443104.69750000001
2017-01-24,447529.42349999998
2017-01-25,452235.08439999988
2017-01-26,453288.59060000011
2017-01-27,452937.42180000001
2017-01-30,449074.56589999999
2017-01-31,445141.47610000003
2017-02-01,444368.90490000008
2017-02-02,443526.09999999998
2017-02-03,446827.08600000013
2017-02-06,447459.18969999999
2017-02-07,448231.76090000011
2017-02-08,447599.65720000002
2017-02-09,451041.11070000002
2017-02-10,454623.03170000011
2017-02-13,459188.22509999998
2017-02-14,459398.9264
2017-02-15,461857.10749999998
2017-02-16,461997.57490000001
2017-02-17,462770.14610000001
2017-02-21,465087.85969999997
2017-02-22,463823.65230000002
2017-02-23,460803.60129999998
2017-02-24,462770.14610000001
2017-02-27,464455.75599999999
2017-02-28,462559.4449
2017-03-01,470355.39059999998
2017-03-02,465298.56099999999
2017-03-03,465790.19719999988
2017-03-06,464666.45730000001
2017-03-07,463332.01609999989
2017-03-08,461716.64000000001
2017-03-09,459609.62760000001
2017-03-10,462418.97739999997
2017-03-13,462138.04239999998
2017-03-14,457783.5502
2017-03-15,462980.84740000003
2017-03-16,460873.83500000002
2017-03-17,463379.06569999998
2017-03-20,462532.45349999989
2017-03-21,455477.35200000007
2017-03-22,457100.02539999998
2017-03-23,456465.0662
2017-03-24,455265.69900000002
2017-03-27,453643.02560000011
2017-03-28,458440.49459999998
2017-03-29,458369.9436
2017-03-30,460909.78019999998
2017-03-31,459004.90279999998
2017-04-03,458017.18859999999
2017-04-04,459216.55579999997
2017-04-05,457734.98450000008
2017-04-06,459004.90279999998
2017-04-07,459498.7599
2017-04-10,460627.57610000001
2017-04-11,461262.53519999998
2017-04-12,454912.94390000001
2017-04-13,451667.59720000002
2017-04-17,456606.16830000002
2017-04-18,455124.59689999989
2017-04-19,455547.90299999987
2017-04-20,461050.88219999999
2017-04-21,461474.18829999998
2017-04-24,468035.4327
2017-04-25,470293.06509999989
2017-04-26,470363.61619999999
2017-04-27,470222.51409999997
2017-04-28,468035.4327
2017-05-01,466624.41239999997
2017-05-02,468882.04479999997
2017-05-03,469234.79989999998
2017-05-04,469728.65700000001
2017-05-05,472127.39150000003
2017-05-08,470857.47330000001
2017-05-09,471492.43239999999
2017-05-10,470504.7182
2017-05-11,470363.61619999999
2017-05-12,467753.22859999997
2017-05-15,469940.3101
2017-05-16,469446.45299999992
2017-05-17,460063.16799999989
2017-05-18,460698.12709999998
2017-05-19,466765.51439999993
2017-05-22,470363.61619999999
2017-05-23,471351.33039999998
2017-05-24,471915.73849999998
2017-05-25,475019.98310000001
2017-05-26,475584.39130000008
2017-05-30,475443.2892
2017-05-31,476360.45240000001
2017-06-01,479323.59509999998
2017-06-02,481228.47249999997
2017-06-05,479535.24810000003
2017-06-06,476289.90139999997
2017-06-07,475725.49329999997
2017-06-08,477277.61560000002
2017-06-09,479111.94199999998
2017-06-12,480875.71740000002
2017-06-13,482851.1458
2017-06-14,482357.28869999992
2017-06-15,485249.88030000002
2017-06-16,486827.35159999988
2017-06-19,489804.45539999998
2017-06-20,484559.0821
2017-06-21,481298.44459999999
2017-06-22,480306.07669999998
2017-06-23,482078.16220000002
2017-06-26,482219.92910000001
2017-06-27,478604.87449999998
2017-06-28,482928.76329999999
2017-06-29,478817.52480000001
2017-06-30,482786.99650000001
2017-07-03,485764.10029999999
2017-07-05,487181.76870000002
2017-07-06,482928.76329999999
2017-07-07,486685.58480000001
2017-07-10,488103.25319999998
2017-07-11,487677.95270000008
2017-07-12,490371.52279999998
2017-07-13,490017.10570000007
2017-07-14,492143.60840000003
2017-07-17,491860.07469999988
2017-07-18,490725.93990000011
2017-07-19,491222.12390000012
2017-07-20,488457.6703
2017-07-21,487536.18579999998
2017-07-24,486472.93450000009
2017-07-25,485834.98369999998
2017-07-26,486472.93450000009
2017-07-27,483708.48100000003
2017-07-28,484842.61580000003
2017-07-31,484204.66489999997
2017-08-01,482786.99650000001
2017-08-02,484913.49920000002
2017-08-03,487323.5356
2017-08-04,488245.02010000002
2017-08-07,488245.02010000002
2017-08-08,486756.4682
2017-08-09,486898.23499999999
2017-08-10,480731.37719999987
2017-08-11,481014.91090000002
2017-08-14,486047.63400000002
2017-08-15,484984.38260000001
2017-08-16,486331.16759999993
2017-08-17,477896.04029999999
2017-08-18,475982.18780000001
2017-08-21,476761.90549999999
2017-08-22,482219.92910000001
2017-08-23,477683.39000000001
2017-08-24,476194.83809999999
2017-08-25,478463.10769999999
2017-08-28,478179.57400000002
2017-08-29,481652.86170000001
2017-08-30,483637.59759999992
2017-08-31,485267.91629999998
2017-09-01,485693.21680000011
2017-09-05,480802.26059999998
2017-09-06,481298.44459999999
2017-09-07,482290.8125
2017-09-08,483921.13119999989
2017-09-11,488103.25319999998
2017-09-12,490442.40620000003
2017-09-13,489733.57199999999
2017-09-14,492072.72489999997
2017-09-15,494099.12609999999
2017-09-18,496876.16399999999
2017-09-19,497374.6067
2017-09-20,501006.11770000012
2017-09-21,502501.44579999999
2017-09-22,503783.1556
2017-09-25,503783.1556
2017-09-26,503783.1556
2017-09-27,504352.80440000002
2017-09-28,504067.97999999998
2017-09-29,505563.30810000002
2017-10-02,509052.40700000012
2017-10-03,511259.79609999992
2017-10-04,511117.38390000002
2017-10-05,512327.88760000002
2017-10-06,512256.68150000001
2017-10-09,510832.55949999997
2017-10-10,511615.82659999997
2017-10-11,511331.00219999999
2017-10-12,514036.83399999997
2017-10-13,513111.15470000001
2017-10-16,513680.80349999998
2017-10-17,512327.88760000002
2017-10-18,512541.50589999999
2017-10-19,513965.62790000002
2017-10-20,519519.70370000001
2017-10-23,516244.2231
2017-10-24,519163.67320000002
2017-10-25,514036.83399999997
2017-10-26,514748.89500000002
2017-10-27,514962.51329999988
2017-10-30,511402.2083
2017-10-31,509337.23139999999
2017-11-01,509052.40700000012
2017-11-02,511971.85710000002
2017-11-03,511473.41440000001
2017-11-06,511758.23880000011
2017-11-07,512541.50589999999
2017-11-08,511687.03269999998
2017-11-09,505278.48369999998
2017-11-10,505990.54470000003
2017-11-13,504281.59830000001
2017-11-14,502928.68239999999
2017-11-15,500080.43839999998
2017-11-16,504780.04100000003
2017-11-17,502003.00309999997
2017-11-20,504281.59830000001
2017-11-21,507913.10940000002
2017-11-22,508482.75819999998
2017-11-24,508482.75819999998
2017-11-27,509337.23139999999
2017-11-28,517098.69630000001
2017-11-29,521655.88669999997
2017-11-30,530556.64909999992
2017-12-01,524005.68800000002
2017-12-04,528420.46609999996
2017-12-05,523934.48190000001
2017-12-06,524717.74899999995
2017-12-07,529559.76370000001
2017-12-08,531838.35889999999
2017-12-11,530770.26740000001
2017-12-12,531339.91619999998
2017-12-13,533404.89309999999
2017-12-14,529773.38199999998
2017-12-15,533488.28969999996
2017-12-18,537282.55689999997
2017-12-19,537425.73679999996
2017-12-20,539215.48549999995
2017-12-21,539645.02520000003
2017-12-22,539788.2050999999
2017-12-26,540360.92470000009
2017-12-27,541649.54369999992
2017-12-28,542723.39289999998
2017-12-29,541721.13370000001
2018-01-02,544942.68130000005
2018-01-03,547877.86919999996
2018-01-04,551886.90619999997
2018-01-05,555681.17350000003
2018-01-08,557972.05180000002
2018-01-09,561551.54920000001
2018-01-10,561479.95920000004
2018-01-11,568638.95400000003
2018-01-12,573936.61009999993
2018-01-16,568782.13390000002
2018-01-17,571932.09159999993
2018-01-18,568853.72380000004
2018-01-19,570500.29260000004
2018-01-22,570500.29260000004
2018-01-23,570786.65240000002
2018-01-24,570285.52280000004
2018-01-25,570858.24239999999
2018-01-26,577444.51749999996
2018-01-29,573578.66039999994
2018-01-30,569068.49369999999
2018-01-31,570786.65240000002
2018-02-01,569784.39319999993
2018-02-02,558330.00150000001
2018-02-05,532987.16009999998
2018-02-06,542723.39289999998
2018-02-07,543725.65220000001
2018-02-08,522749.79759999999
2018-02-09,528405.40340000007
2018-02-12,536924.60719999997
2018-02-13,538141.63630000001
2018-02-14,544942.68130000005
2018-02-15,553175.52529999998
2018-02-16,553318.70519999997
2018-02-20,547734.68929999997
2018-02-21,547877.86919999996
2018-02-22,551528.95649999997
2018-02-23,556110.7132
2018-02-26,563770.83759999997
2018-02-27,556683.4327
2018-02-28,548736.94850000006
2018-03-01,537998.45640000002
2018-03-02,537855.27649999992
2018-03-05,544298.37180000008
2018-03-06,546732.43000000005
2018-03-07,546660.84009999991
2018-03-08,549524.43799999997
2018-03-09,561623.13909999991
2018-03-12,554678.9142
2018-03-13,551958.49619999994
2018-03-14,545944.94060000009
2018-03-15,547519.91940000001
2018-03-16,550435.60620000004
2018-03-19,546194.85129999998
2018-03-20,548063.65859999997
2018-03-21,548710.55339999998
2018-03-22,530597.4987
2018-03-23,522834.761
2018-03-26,535485.14840000006
2018-03-27,528081.7966
2018-03-28,526284.86659999995
2018-03-29,533975.72710000002
2018-04-02,522978.51539999997
2018-04-03,530238.11270000006
2018-04-04,532538.18310000002
2018-04-05,537928.97320000001
2018-04-06,523050.39260000002
2018-04-09,521469.09409999999
2018-04-10,529447.46350000007
2018-04-11,525566.09459999995
2018-04-12,533113.20070000004
2018-04-13,531819.41110000003
2018-04-16,537138.32400000002
2018-04-17,541666.58770000003
2018-04-18,547273.00930000003
2018-04-19,545763.58810000005
2018-04-20,543391.64049999998
2018-04-23,542744.74569999997
2018-04-24,527578.65619999997
2018-04-25,529088.07750000001
2018-04-26,527147.39300000004
2018-04-27,526069.23499999999
2018-04-30,519097.14649999997
2018-05-01,516725.19890000002
2018-05-02,512196.93520000001
2018-05-03,513418.84759999992
2018-05-04,519384.65529999998
2018-05-07,522834.761
2018-05-08,526572.37540000002
2018-05-09,532250.67429999996
2018-05-10,535844.5344
2018-05-11,536994.56959999993
2018-05-14,536060.16599999997
2018-05-15,534263.23589999997
2018-05-16,536203.92039999994
2018-05-17,538288.35920000006
2018-05-18,541450.95600000001
2018-05-21,549644.95700000005
2018-05-22,542888.50009999995
2018-05-23,542385.35970000003
2018-05-24,545044.81610000005
2018-05-25,544038.53529999999
2018-05-29,535341.39399999997
2018-05-30,542888.50009999995
2018-05-31,535053.88509999996
2018-06-01,540947.81559999997
2018-06-04,540157.16639999999
2018-06-05,540804.0612
2018-06-06,545332.32490000001
2018-06-07,547632.39529999997
2018-06-08,549429.32539999997
2018-06-11,550507.48340000003
2018-06-12,549932.46580000001
2018-06-13,545547.95649999997
2018-06-14,543463.51769999997
2018-06-15,542109.35119999992
2018-06-18,539872.21200000006
2018-06-19,528470.01850000001
2018-06-20,528830.84740000009
2018-06-21,522191.59549999988
2018-06-22,523995.73999999999
2018-06-25,517356.48810000002
2018-06-26,519304.96419999999
2018-06-27,515119.34889999998
2018-06-28,515841.00670000003
2018-06-29,516923.49339999998
2018-07-02,518078.14590000012
2018-07-03,516418.33299999998
2018-07-05,518944.13530000002
2018-07-06,520748.27990000002
2018-07-09,530418.49459999998
2018-07-10,532078.30759999994
2018-07-11,523346.24800000002
2018-07-12,529480.33939999994
2018-07-13,532222.63909999991
2018-07-16,530057.66570000001
2018-07-17,532150.47340000002
2018-07-18,537995.90170000005
2018-07-19,537779.40429999994
2018-07-20,537202.07810000004
2018-07-23,533882.45209999999
2018-07-24,536119.59130000009
2018-07-25,544274.3247
2018-07-26,548459.94000000006
2018-07-27,548532.1057999999
2018-07-30,543119.67219999991
2018-07-31,555099.19189999998
2018-08-01,547593.9506000001
2018-08-02,546872.29280000005
2018-08-03,547377.45329999994
2018-08-06,548171.27689999994
2018-08-07,552068.2291
2018-08-08,549614.59250000003
2018-08-09,546583.62969999993
2018-08-10,541748.52229999995
2018-08-13,539150.55420000001
2018-08-14,542903.17479999992
2018-08-15,540305.2067000001
2018-08-16,547160.95590000006
2018-08-17,550480.58189999999
2018-08-20,554161.03670000006
2018-08-21,558274.48629999999
2018-08-22,552862.0527
2018-08-23,551274.40549999999
2018-08-24,553655.8763
2018-08-27,560655.9571
2018-08-28,559501.30460000003
2018-08-29,559934.29930000007
2018-08-30,556037.34710000001
2018-08-31,556398.17600000009
2018-09-04,555965.18130000005
2018-09-05,559934.29930000007
2018-09-06,561666.27799999993
2018-09-07,559934.29930000007
2018-09-10,562820.9304999999
2018-09-11,562676.59899999993
2018-09-12,564408.57770000002
2018-09-13,567800.36950000003
2018-09-14,570614.83490000002
2018-09-17,570831.33229999989
2018-09-18,576027.26860000007
2018-09-19,575522.10810000007
2018-09-20,576388.09750000003
2018-09-21,580095.97530000005
2018-09-24,570161.83169999998
2018-09-25,568421.54379999998
2018-09-26,568058.98380000005
2018-09-27,568856.61579999991
2018-09-28,568494.05579999997
2018-10-01,573497.38360000006
2018-10-02,574802.59950000001
2018-10-03,577195.49540000001
2018-10-04,575310.18350000004
2018-10-05,572337.19160000002
2018-10-08,573787.43159999989
2018-10-09,564940.96799999999
2018-10-10,546740.4567000001
2018-10-11,532310.56940000004
2018-10-12,535863.6571999999
2018-10-15,536878.82520000008
2018-10-16,545942.82479999994
2018-10-17,541954.66489999997
2018-10-18,532600.61729999993
2018-10-19,530642.79340000008
2018-10-22,528829.99349999998
2018-10-23,520128.55390000012
2018-10-24,502508.13860000001
2018-10-25,506061.22649999999
2018-10-26,501057.89870000002
2018-10-29,492719.01899999997
2018-10-30,502870.6986
2018-10-31,506713.83439999999
2018-11-01,515632.8101
2018-11-02,514762.66609999997
2018-11-05,517445.60999999999
2018-11-06,522884.00979999988
2018-11-07,531367.91339999996
2018-11-08,530497.76939999999
2018-11-09,525131.88170000003
2018-11-12,514762.66609999997
2018-11-13,517083.04999999999
2018-11-14,515342.76209999999
2018-11-15,522158.8898
2018-11-16,522013.86580000003
2018-11-19,513747.49810000003
2018-11-20,503088.23460000003
2018-11-21,506641.3224
2018-11-23,505626.1545
2018-11-26,509324.26630000002
2018-11-27,508454.12240000011
2018-11-28,520636.13780000003
2018-11-29,520926.18579999998
2018-11-30,526002.02559999994
2018-12-03,532093.03340000007
2018-12-04,509469.29029999999
2018-12-06,506641.3224
2018-12-07,493299.11499999999
2018-12-10,494531.81900000002
2018-12-11,491631.33909999998
2018-12-12,494386.79499999998
2018-12-13,493009.06699999998
2018-12-14,486192.93930000003
2018-12-17,478216.61969999998
2018-12-18,480609.51559999998
2018-12-19,471545.5159
2018-12-20,462916.58829999989
2018-12-21,454232.55160000001
2018-12-24,440295.45640000002
2018-12-26,460799.76919999998
2018-12-27,466564.32679999998
2018-12-28,465323.85239999997
2018-12-31,469993.8738
2019-01-02,472401.85359999997
2019-01-03,458026.94400000002
2019-01-04,475393.58610000001
2019-01-07,479260.94760000001
2019-01-08,485828.16519999999
2019-01-09,489111.77399999998
2019-01-10,495751.9607
2019-01-11,495241.17709999997
2019-01-14,495168.20799999998
2019-01-15,493635.85720000003
2019-01-16,494146.64080000011
2019-01-17,502611.05459999997
2019-01-18,512170.00469999999
2019-01-22,501589.48749999999
2019-01-23,502319.17830000003
2019-01-24,504873.09629999998
2019-01-25,511294.37569999998
2019-01-28,506405.44699999999
2019-01-29,513410.4792
2019-01-30,521437.0785
2019-01-31,523699.1201
2019-02-01,524501.77999999991
2019-02-04,531287.90489999996
2019-02-05,535884.95720000006
2019-02-06,536030.89540000004
2019-02-07,532382.44109999994
2019-02-08,533185.10109999997
2019-02-11,536030.89540000004
2019-02-12,544349.37099999993
2019-02-13,547560.01069999998
2019-02-14,545006.09279999998
2019-02-15,552303.00120000006
2019-02-19,552084.09400000004
2019-02-20,554710.98100000003
2019-02-21,552448.93940000003
2019-02-22,556097.39360000007
2019-02-25,558286.46620000002
2019-02-26,556754.11540000001
2019-02-27,558943.18790000002
2019-02-28,557045.99170000001
2019-03-01,557556.77529999998
2019-03-04,555075.82649999997
2019-03-05,551500.34130000009
2019-03-06,546319.53630000004
2019-03-07,543035.92749999999
2019-03-08,541941.39119999995
2019-03-11,546538.4436
2019-03-12,542014.36030000006
2019-03-13,546757.3507999999
2019-03-14,544933.1237
2019-03-15,543019.1446
2019-03-18,548303.28820000007
2019-03-19,546321.73430000001
2019-03-20,542578.79929999996
2019-03-21,547789.55200000003
2019-03-22,535386.49280000001
2019-03-25,536634.13780000003
2019-03-26,540230.29100000008
2019-03-27,540817.41810000001
2019-03-28,544780.52579999994
2019-03-29,550651.79650000005
2019-04-01,562027.38329999999
2019-04-02,561807.21069999994
2019-04-03,560119.22039999999
2019-04-04,563568.5919
2019-04-05,565183.19129999995
2019-04-08,562761.29220000003
2019-04-09,555128.64029999997
2019-04-10,554981.85860000004
2019-04-11,559752.26600000006
2019-04-12,567164.7452
2019-04-15,564008.93719999993
2019-04-16,567458.30870000005
2019-04-17,568192.21750000003
2019-04-18,574724.0061
2019-04-22,572962.62489999994
2019-04-23,577953.20499999996
2019-04-24,576265.21470000001
2019-04-25,564669.4550999999
2019-04-26,568926.12639999995
2019-04-29,570247.16229999997
2019-04-30,572522.27960000001
2019-05-01,568779.34459999995
2019-05-02,568485.78110000002
2019-05-03,575384.52410000004
2019-05-06,569880.20779999997
2019-05-07,558357.83920000005
2019-05-08,558357.83920000005
2019-05-09,557550.53949999996
2019-05-10,559752.26600000006
2019-05-13,543826.44429999997
2019-05-14,549477.54229999997
2019-05-15,550211.45120000001
2019-05-16,555275.42209999997
2019-05-17,549110.58789999993
2019-05-20,547716.16109999991
2019-05-21,554174.55880000012
2019-05-22,549624.32409999997
2019-05-23,541257.76340000005
2019-05-24,541477.93609999993
2019-05-28,536487.35600000003
2019-05-29,534065.45689999999
2019-05-30,536120.40159999998
2019-05-31,528781.31329999992
2019-06-03,532377.46649999998
2019-06-04,545074.08929999999
2019-06-05,550358.23289999994
2019-06-06,551312.31440000003
2019-06-07,555715.76740000001
2019-06-10,556449.67619999999
2019-06-11,551679.26880000008
2019-06-12,552853.52299999993
2019-06-13,555642.37650000001
2019-06-14,553440.65000000002
2019-06-17,551532.48710000003
2019-06-18,562247.55599999998
2019-06-19,561807.21069999994
2019-06-20,571201.24369999999
2019-06-21,568173.13589999999
2019-06-24,567067.45389999996
2019-06-25,562792.15009999997
2019-06-26,564192.68060000008
2019-06-27,564708.66560000007
2019-06-28,570679.34849999996
2019-07-01,571195.33340000012
2019-07-02,570458.2121
2019-07-03,573627.83390000009
2019-07-05,571342.75770000007
2019-07-08,566625.18110000005
2019-07-09,565372.07479999994
2019-07-10,564045.25640000007
2019-07-11,567878.28740000003
2019-07-12,577829.42559999996
2019-07-15,575470.63729999994
2019-07-16,579156.24399999995
2019-07-17,566772.60530000005
2019-07-18,567804.57519999996
2019-07-19,570900.48490000004
2019-07-22,571342.75770000007
2019-07-23,578566.54689999996
2019-07-24,581072.75950000004
2019-07-25,579893.36539999989
2019-07-26,578640.25910000002
2019-07-29,577608.2892
2019-07-30,580114.50179999997
2019-07-31,573627.83390000009
2019-08-01,562497.30149999994
2019-08-02,558885.40689999994
2019-08-05,543405.85860000004
2019-08-06,551587.90560000006
2019-08-07,551293.05700000003
2019-08-08,560654.49809999997
2019-08-09,555936.92149999994
2019-08-12,548270.85950000002
2019-08-13,554831.23950000003
2019-08-14,537877.44849999994
2019-08-15,537287.75139999995
2019-08-16,547681.16240000003
2019-08-19,552841.01179999998
2019-08-20,549597.67790000001
2019-08-21,552988.43610000005
2019-08-22,553799.2696
2019-08-23,538983.13049999997
2019-08-26,542963.5858
2019-08-27,540162.5246
2019-08-28,546796.61679999996
2019-08-29,556158.0578999999
2019-08-30,558443.13409999991
2019-09-03,550850.78419999999
2019-09-04,557853.43700000003
2019-09-05,567878.28740000003
2019-09-06,569057.68149999995
2019-09-09,570753.06059999997
2019-09-10,575986.62219999998
2019-09-11,581367.60810000007
2019-09-12,581736.16869999992
2019-09-13,584905.7905
2019-09-16,584389.80559999996
2019-09-17,584094.95700000005
2019-09-18,583210.41139999998
2019-09-19,580261.92600000009
2019-09-20,576609.88780000003
2019-09-23,575498.31490000011
2019-09-24,572237.70130000007
2019-09-25,575942.94409999996
2019-09-26,576758.09750000003
2019-09-27,574460.84700000007
2019-09-30,575276.00040000002
2019-10-01,561492.49710000004
2019-10-02,550895.50260000001
2019-10-03,554526.64060000004
2019-10-04,560306.81939999992
2019-10-07,557490.83479999995
2019-10-08,548894.67150000005
2019-10-09,553563.27740000002
2019-10-10,558602.40769999998
2019-10-11,569125.29729999998
2019-10-14,568013.72439999995
2019-10-15,572608.22549999994
2019-10-16,572311.80610000005
2019-10-17,575127.79070000001
2019-10-18,570162.76530000009
2019-10-21,573571.58869999996
2019-10-22,578091.98490000004
2019-10-23,578017.88009999995
2019-10-24,578833.03350000002
2019-10-25,582464.17139999999
2019-10-28,584094.47829999996
2019-10-29,586021.20459999994
2019-10-30,588096.14049999998
2019-10-31,581797.22770000005
2019-11-01,594469.15820000006
2019-11-04,601360.90980000002
2019-11-05,602620.69240000006
2019-11-06,602991.21669999999
2019-11-07,605066.15269999998
2019-11-08,605881.30609999993
2019-11-11,606177.72549999994
2019-11-12,606103.62060000002
2019-11-13,603584.05550000002
2019-11-14,605510.7818
2019-11-15,609957.07319999998
2019-11-18,607659.82259999996
2019-11-19,607141.08860000002
2019-11-20,602324.27300000004
2019-11-21,602101.9584
2019-11-22,605214.36239999998
2019-11-25,609586.54889999994
2019-11-26,611365.06549999991
2019-11-27,610772.22659999994
2019-11-29,607956.24210000003
2019-12-02,597952.08640000003
2019-12-03,591430.8591
2019-12-04,593728.10959999997
2019-12-05,593876.31929999997
2019-12-06,601064.49040000001
2019-12-09,598767.23990000004
2019-12-10,598026.19130000006
2019-12-11,601805.53899999999
2019-12-12,607141.08860000002
2019-12-13,605510.7818
2019-12-16,605214.36239999998
2019-12-17,604621.52350000001
2019-12-18,602101.9584
2019-12-19,603732.26520000002
2019-12-20,606496.37639999995
2019-12-23,611485.97080000001
2019-12-24,609028.4094
2019-12-26,610443.36899999995
2019-12-27,609922.06810000003
2019-12-30,607092.14890000003
2019-12-31,606719.79110000003
2020-01-02,618188.41110000003
2020-01-03,616996.86619999993
2020-01-06,617220.28090000001
2020-01-07,615954.26439999999
2020-01-08,618039.46799999999
2020-01-09,620645.97259999998
2020-01-10,616252.15060000005
2020-01-13,621316.21660000004
2020-01-14,621390.68819999998
2020-01-15,622358.81839999999
2020-01-16,628539.95780000009
2020-01-17,628614.42940000002
2020-01-21,621688.57440000004
2020-01-22,618411.82579999999
2020-01-23,625114.26610000001
2020-01-24,622209.87530000007
2020-01-27,610443.36899999995
2020-01-28,614390.36159999995
2020-01-29,617667.1102
2020-01-30,618337.35430000001
2020-01-31,604038.8149
2020-02-03,603815.4003000001
2020-02-04,615209.54879999999
2020-02-05,625486.62390000001
2020-02-06,627497.35600000003
2020-02-07,622954.59090000007
2020-02-10,626454.75420000008
2020-02-11,628837.84409999999
2020-02-12,634721.09719999996
2020-02-13,631146.46240000008
2020-02-14,630327.27529999998
2020-02-18,626752.64040000003
2020-02-19,626529.2257999999
2020-02-20,625635.56700000004
2020-02-21,622507.76159999997
2020-02-24,604783.53049999999
2020-02-25,580133.44449999998
2020-02-26,575739.62250000006
2020-02-27,554366.28509999998
2020-02-28,544238.1531
2020-03-02,563377.34369999997
2020-03-03,549600.10529999994
2020-03-04,572313.93079999997
2020-03-05,544312.62459999998
2020-03-06,539546.4449
2020-03-09,489799.44350000011
2020-03-10,515194.2451
2020-03-11,484958.79210000002
2020-03-12,434764.96139999997
2020-03-13,468723.99229999998
2020-03-16,415551.29909999989
2020-03-17,434690.48979999998
2020-03-18,402667.7194
2020-03-19,402965.60570000001
2020-03-20,382783.81319999998
2020-03-23,366145.16899999999
2020-03-24,412466.99990000011
2020-03-25,434163.93520000001
2020-03-26,461566.63909999997
2020-03-27,442121.98070000001
2020-03-30,448578.50819999998
2020-03-31,443022.89150000003
2020-04-01,423052.70189999999
2020-04-02,428683.39450000011
2020-04-03,422977.62599999999
2020-04-06,452257.22739999997
2020-04-07,451206.16470000002
2020-04-08,467572.71120000002
2020-04-09,474629.84580000001
2020-04-13,460740.80420000001
2020-04-14,469524.68459999998
2020-04-15,456536.55369999999
2020-04-16,452482.45510000002
2020-04-17,473728.935
2020-04-20,461116.18369999988
2020-04-21,450230.17800000001
2020-04-22,454959.95980000001
2020-04-23,458563.60299999989
2020-04-24,462242.32219999988
2020-04-27,473728.935
2020-04-28,482587.89130000002
2020-04-29,491822.22720000002
2020-04-30,482062.35999999999
2020-05-01,467497.63530000002
2020-05-04,461566.63909999997
2020-05-05,463368.4607
2020-05-06,456987.00910000002
2020-05-07,462317.39809999999
2020-05-08,473804.01090000011
2020-05-11,467873.01479999989
2020-05-12,454734.73210000002
2020-05-13,443323.19510000001
2020-05-14,447977.90100000001
2020-05-15,446401.30709999998
2020-05-18,475831.06030000001
2020-05-19,469749.91230000003
2020-05-20,478533.79269999999
2020-05-21,479659.93119999988
2020-05-22,479284.55170000001
2020-05-26,499404.89319999999
2020-05-27,516071.74320000003
2020-05-28,511191.80959999998
2020-05-29,508038.62180000002
2020-06-01,509164.76030000002
2020-06-02,515771.43959999998
2020-06-03,535891.78099999996
2020-06-04,541597.54950000008
2020-06-05,561492.66319999995
2020-06-08,572754.04839999997
2020-06-09,558489.62719999999
2020-06-10,545126.11679999996
2020-06-11,506837.40740000003
2020-06-12,516672.35039999988
2020-06-15,521777.51160000003
2020-06-16,531987.83420000004
2020-06-17,528158.9632
2020-06-18,526206.98979999998
2020-06-19,519750.46230000001
2020-06-22,520623.85780000011
2020-06-23,520699.26679999998
2020-06-24,502601.10259999998
2020-06-25,508181.36989999999
2020-06-26,498755.24270000012
2020-06-29,515118.99949999998
2020-06-30,518059.95120000001
2020-07-01,515722.27169999998
2020-07-02,520171.40370000002
2020-07-06,527636.89649999992
2020-07-07,517532.08810000011
2020-07-08,517532.08810000011
2020-07-09,506296.14449999999
2020-07-10,512856.72899999999
2020-07-13,514968.18150000001
2020-07-14,526128.71610000008
2020-07-15,539551.52119999996
2020-07-16,539702.33929999999
2020-07-17,542944.92700000003
2020-07-20,536308.93350000004
2020-07-21,543397.3811
2020-07-22,547771.10419999994
2020-07-23,546112.10580000002
2020-07-24,541738.38280000002
2020-07-27,544000.65330000001
2020-07-28,540230.20240000007
2020-07-29,548449.78529999999
2020-07-30,542944.92700000003
2020-07-31,540908.88359999994
2020-08-03,543171.15409999993
2020-08-04,544528.51639999996
2020-08-05,554934.9608
2020-08-06,557046.4132999999
2020-08-07,566547.94959999993
2020-08-10,580498.61780000001
2020-08-11,583590.38749999995
2020-08-12,585475.61300000001
2020-08-13,582383.84329999995
2020-08-14,584646.11380000005
2020-08-17,581931.38919999998
2020-08-18,578764.21039999998
2020-08-19,577256.03009999997
2020-08-20,574164.26029999997
2020-08-21,576501.9399
2020-08-24,586908.38430000003
2020-08-25,586154.29409999994
2020-08-26,586455.93020000006
2020-08-27,588567.38270000007
2020-08-28,594147.65000000002
2020-08-31,586757.56630000006
2020-09-01,592714.8787
2020-09-02,602518.05099999998
2020-09-03,585626.4310000001
2020-09-04,586983.79330000002
2020-09-08,575974.07679999992
2020-09-09,584872.34080000001
2020-09-10,577406.84810000006
2020-09-11,585249.38589999999
2020-09-14,593167.33279999997
2020-09-15,593544.37789999996
2020-09-16,599577.0993
2020-09-17,600783.64359999995
2020-09-18,594072.24100000004
2020-09-21,574430.32600000012
2020-09-22,580108.75939999998
2020-09-23,569736.15430000005
2020-09-24,570568.99119999993
2020-09-25,579124.4976
2020-09-28,589572.81509999989
2020-09-29,584348.65639999998
2020-09-30,582834.40749999997
2020-10-01,581093.02119999996
2020-10-02,587604.29150000005
2020-10-05,597068.34730000002
2020-10-06,589799.95250000001
2020-10-07,602822.49310000008
2020-10-08,608803.77630000003
2020-10-09,611075.14970000007
2020-10-12,614557.92220000003
2020-10-13,607743.80209999997
2020-10-14,611150.86219999997
2020-10-15,613346.52309999999
2020-10-16,617813.55740000005
2020-10-19,610166.6004
2020-10-20,613346.52309999999
2020-10-21,607138.10249999992
2020-10-22,612135.12399999995
2020-10-23,614557.92220000003
2020-10-26,599188.29570000002
2020-10-27,586090.04260000004
2020-10-28,566859.08140000002
2020-10-29,575111.73800000001
2020-10-30,574430.32600000012
2020-11-02,589951.3774
2020-11-03,607365.23990000004
2020-11-04,601081.1068999999
2020-11-05,615239.33420000004
2020-11-06,615845.03380000009
2020-11-09,636817.38130000001
2020-11-10,648022.82329999993
2020-11-11,642571.52719999989
2020-11-12,635227.4199000001
2020-11-13,649309.93479999993
2020-11-16,665133.83600000001
2020-11-17,663392.4497
2020-11-18,660439.66439999989
2020-11-19,662105.3382
2020-11-20,656124.05489999999
2020-11-23,667102.35959999997
2020-11-24,678762.07620000001
2020-11-25,673613.62989999994
2020-11-27,672477.94319999998
2020-11-30,666496.65999999992
2020-12-01,664830.98620000004
2020-12-02,665739.53559999994
2020-12-03,667480.92180000001
2020-12-04,675430.72860000003
2020-12-07,672175.09340000001
2020-12-08,675430.72860000003
2020-12-09,676944.97750000004
2020-12-10,670509.41960000002
2020-12-11,672099.38099999994
2020-12-14,663392.4497
2020-12-15,672629.36809999996
2020-12-16,668465.18359999999
2020-12-17,672553.6557
2020-12-18,672629.36809999996
2020-12-21,668585.46799999999
2020-12-22,665468.34219999996
2020-12-23,668965.60529999994
2020-12-24,669041.63269999996
2020-12-28,669877.93480000005
2020-12-29,665848.47950000002
2020-12-30,670106.01710000006
2020-12-31,673223.14290000009
2021-01-04,656953.26690000005
2021-01-05,663415.60080000001
2021-01-06,679229.31209999998
2021-01-07,682954.65760000004
2021-01-08,681282.05350000004
2021-01-11,681053.97110000008
2021-01-12,687820.41489999997
2021-01-13,681890.27319999994
2021-01-14,684247.12439999997
2021-01-15,675351.91180000012
2021-01-19,677556.70799999998
2021-01-20,681738.21819999989
2021-01-21,676416.29619999998
2021-01-22,672919.0331
2021-01-25,668357.38560000004
2021-01-26,662199.16150000005
2021-01-27,649046.41119999997
2021-01-28,658701.89840000006
2021-01-29,644484.76370000001
2021-02-01,651175.18000000005
2021-02-02,665012.17740000004
2021-02-03,665468.34219999996
2021-02-04,672614.92330000002
2021-02-05,676568.35109999997
2021-02-08,682346.43790000014
2021-02-09,684095.0695000001
2021-02-10,683030.68499999994
2021-02-11,681586.1632999999
2021-02-12,686527.94810000004
2021-02-16,685843.701
2021-02-17,683943.01450000005
2021-02-18,680521.77890000003
2021-02-19,691697.81530000002
2021-02-22,693902.61159999995
2021-02-23,696031.38040000002
2021-02-24,709184.13069999998
2021-02-25,696107.40790000011
2021-02-26,688884.79930000007
2021-03-01,706523.16959999991
2021-03-02,704470.42830000003
2021-03-03,705230.70290000003
2021-03-04,693978.63899999997
2021-03-05,710400.56999999995
2021-03-08,717851.26089999999
2021-03-09,714886.19010000001
2021-03-10,725454.00680000009
2021-03-11,725986.19900000002
2021-03-12,735717.71360000002
2021-03-15,741875.93769999989
2021-03-16,731308.12099999993
2021-03-17,739747.16890000005
2021-03-18,739062.92180000013
2021-03-19,733436.88989999995
2021-03-22,733023.6274
2021-03-23,720211.72879999992
2021-03-24,725473.75860000006
2021-03-25,737065.47640000004
2021-03-26,749801.11369999999
2021-03-29,749953.6362999999
2021-03-30,753232.87219999998
2021-03-31,750792.51060000004
2021-04-01,753309.13349999988
2021-04-05,762613.01230000006
2021-04-06,760782.74109999998
2021-04-07,757274.72120000003
2021-04-08,759104.99239999987
2021-04-09,766502.33869999996
2021-04-12,769324.00680000009
2021-04-13,765587.20299999998
2021-04-14,766578.59999999998
2021-04-15,769629.05200000003
2021-04-16,771306.80060000008
2021-04-19,768103.82599999988
2021-04-20,759638.82150000008
2021-04-21,770010.35849999997
2021-04-22,766121.03209999995
2021-04-23,774509.77529999998
2021-04-26,772221.93620000011
2021-04-27,778627.88549999997
2021-04-28,777026.39819999994
2021-04-29,782517.21189999999
2021-04-30,777331.44340000011
2021-05-03,785338.88010000007
2021-05-04,788770.63859999995
2021-05-05,789533.25159999996
2021-05-06,795024.06530000002
2021-05-07,803412.80839999998
2021-05-10,804175.42150000005
2021-05-11,792278.65850000002
2021-05-12,773289.59450000001
2021-05-13,787779.24170000001
2021-05-14,798684.6078
2021-05-17,796244.24609999999
2021-05-18,784652.52830000001
2021-05-19,780229.37290000007
2021-05-20,781983.38280000002
2021-05-21,785796.44790000003
2021-05-24,790677.17110000004
2021-05-25,788313.07079999999
2021-05-26,790829.69370000006
2021-05-27,801658.79849999992
2021-05-28,801658.79849999992
2021-06-01,804785.51190000004
2021-06-02,802497.67280000006
2021-06-03,800743.66290000011
2021-06-04,803336.54709999997
2021-06-07,797769.47219999996
2021-06-08,799828.52730000007
2021-06-09,791668.56810000003
2021-06-10,787779.24170000001
2021-06-11,789380.72900000005
2021-06-14,785796.44790000003
2021-06-15,789151.94510000001
2021-06-16,781678.33760000009
2021-06-17,769629.05200000003
2021-06-18,759638.82150000008
2021-06-21,776296.79870000004
2021-06-22,777138.27140000009
2021-06-23,775378.82849999995
2021-06-24,781422.13230000006
2021-06-25,782952.08269999991
2021-06-28,778821.21680000005
2021-06-29,777291.26640000008
2021-06-30,783334.57030000002
2021-07-01,788918.88900000008
2021-07-02,790142.84920000006
2021-07-06,782569.59510000004
2021-07-07,790372.34180000005
2021-07-08,779356.69939999992
2021-07-09,791672.79959999991
2021-07-12,792743.7648
2021-07-13,785094.01309999998
2021-07-14,785017.51560000004
2021-07-15,786547.46600000001
2021-07-16,779586.19189999998
2021-07-19,763292.22090000007
2021-07-20,784635.02799999993
2021-07-21,792131.78470000008
2021-07-22,789224.87900000007
2021-07-23,792590.76980000001
2021-07-26,792208.28220000002
2021-07-27,787847.92370000004
2021-07-28,786011.98329999996
2021-07-29,792208.28220000002
2021-07-30,790678.33189999999
2021-08-02,785247.00819999992
2021-08-03,795497.67540000007
2021-08-04,784711.52560000005
2021-08-05,788383.40639999998
2021-08-06,792055.28720000002
2021-08-09,788918.88900000008
2021-08-10,796951.12819999992
2021-08-11,807278.29299999995
2021-08-12,805748.34260000009
2021-08-13,803223.92459999991
2021-08-16,805977.83519999997
2021-08-17,797257.11829999997
2021-08-18,788536.40139999997
2021-08-19,783028.58019999997
2021-08-20,785094.01309999998
2021-08-23,791519.80449999997
2021-08-24,795497.67540000007
2021-08-25,800623.00900000008
2021-08-26,797104.12319999991
2021-08-27,802611.94440000004
2021-08-30,801693.97420000006
2021-08-31,799475.54629999993
2021-09-01,796415.64560000005
2021-09-02,804983.36749999993
2021-09-03,800087.52639999997
2021-09-07,786241.47590000008
2021-09-08,787312.44109999994
2021-09-09,783487.56530000002
2021-09-10,779968.67950000009
2021-09-13,782034.11250000005
2021-09-14,772624.9179
2021-09-15,781116.14230000007
2021-09-16,775761.31610000005
2021-09-17,767499.5843000001
2021-09-20,758726.06879999989
2021-09-21,754735.19730000012
2021-09-22,760721.50459999999
2021-09-23,772387.12890000001
2021-09-24,773998.82700000005
2021-09-27,774766.30229999998
2021-09-28,765786.8415000001
2021-09-29,766631.06430000009
2021-09-30,750897.82090000005
2021-10-01,761181.9898000001
2021-10-04,757037.62319999991
2021-10-05,765479.85140000004
2021-10-06,768856.7426
2021-10-07,774843.04989999987
2021-10-08,774766.30229999998
2021-10-11,768549.75249999994
2021-10-12,766017.08409999986
2021-10-13,767628.78220000002
2021-10-14,782134.06510000001
2021-10-15,789655.32290000014
2021-10-18,790192.55559999996
2021-10-19,794874.15489999996
2021-10-20,799862.74419999996
2021-10-21,801474.4423
2021-10-22,804314.10089999996
2021-10-25,806156.04159999988
2021-10-26,801167.45220000006
2021-10-27,791804.2537
2021-10-28,801704.68489999999
2021-10-29,801934.92749999999
2021-11-01,804160.6057999999
2021-11-02,806846.76930000004
2021-11-03,805081.57620000001
2021-11-04,808304.97239999997
2021-11-05,816516.95799999998
2021-11-08,819893.84919999994
2021-11-09,821966.03250000009
2021-11-10,817361.18079999997
2021-11-11,813984.28950000007
2021-11-12,820431.08189999999
2021-11-15,821966.03250000009
2021-11-16,822119.52749999997
2021-11-17,817207.68569999991
2021-11-18,815519.24010000005
2021-11-19,811451.62109999999
2021-11-22,813677.29940000002
2021-11-23,815058.75489999994
2021-11-24,814137.7845999999
2021-11-26,792111.24379999994
2021-11-29,793492.69930000009
2021-11-30,773384.84680000006
2021-12-01,762640.19280000008
2021-12-02,785280.71379999991
2021-12-03,784359.74340000004
2021-12-06,797637.06590000005
2021-12-07,805772.30390000006
2021-12-08,807767.73969999992
2021-12-09,805235.07120000001
2021-12-10,808535.21499999997
2021-12-13,800169.73430000013
2021-12-14,792571.72900000005
2021-12-15,799479.00659999996
2021-12-16,799862.74419999996
2021-12-17,786201.68409999995
2021-12-20,773653.44010000012
2021-12-21,789061.79389999993
2021-12-22,791296.0051999999
2021-12-23,800618.05909999995
2021-12-27,809092.65370000002
2021-12-28,813175.86739999999
2021-12-29,814639.66099999996
2021-12-30,811712.07380000001
2021-12-31,815178.9534
2022-01-03,808476.3195000001
2022-01-04,824732.13269999996
2022-01-05,816873.87230000005
2022-01-06,820648.91899999999
2022-01-07,820417.79370000004
2022-01-10,811172.78139999998
2022-01-11,816026.41290000011
2022-01-12,818645.83299999998
2022-01-13,820417.79370000004
2022-01-14,815487.12049999996
2022-01-18,806088.02469999995
2022-01-19,797074.13780000003
2022-01-20,786904.62430000002
2022-01-21,779662.69810000004
2022-01-24,784131.12069999985
2022-01-25,776426.94379999989
2022-01-26,769647.26819999993
2022-01-27,762790.55079999997
2022-01-28,768106.43280000007
2022-01-31,776118.77670000005
2022-02-01,786827.58260000008
2022-02-02,792297.54810000001
2022-02-03,779662.69810000004
2022-02-04,771265.14530000009
2022-02-07,771881.47950000002
2022-02-08,779585.65629999992
2022-02-09,790294.46219999995
2022-02-10,777351.44499999995
2022-02-11,765487.01269999996
2022-02-14,762636.46719999996
2022-02-15,774115.69079999998
2022-02-16,778198.90450000006
2022-02-17,763946.17729999998
2022-02-18,757628.75230000005
2022-02-22,750309.78430000006
2022-02-23,736519.3077
2022-02-24,745918.4034999999
2022-02-25,763715.05200000003
2022-02-28,769570.22640000004
2022-03-01,758091.00290000008
2022-03-02,774269.77430000005
2022-03-03,775117.2337000001
2022-03-04,773422.31480000005
2022-03-07,752698.07909999997
2022-03-08,748075.57299999997
2022-03-09,761634.92420000001
2022-03-10,760633.38129999989
2022-03-11,754547.08150000009
2022-03-14,757089.4598999999
2022-03-15,769107.97580000001
2022-03-16,779277.48930000002
2022-03-17,789292.9192
2022-03-18,792297.54810000001
2022-03-21,794073.75379999995
2022-03-22,798402.39489999996
2022-03-23,790749.97580000001
2022-03-24,796779.15449999995
2022-03-25,801726.17290000012
2022-03-28,801958.06439999992
2022-03-29,809378.59210000001
2022-03-30,808451.02610000002
2022-03-31,796006.18290000001
2022-04-01,789822.40989999985
2022-04-04,788817.54669999995
2022-04-05,777609.45810000005
2022-04-06,771580.2794
2022-04-07,774208.38299999991
2022-04-08,769879.74189999991
2022-04-11,767406.23259999999
2022-04-12,766169.478
2022-04-13,773358.11419999995
2022-04-14,772507.84539999999
2022-04-18,769802.44469999999
2022-04-19,783793.23120000004
2022-04-20,788044.57510000002
2022-04-21,780005.67019999993
2022-04-22,760835.97379999992
2022-04-25,760835.97379999992
2022-04-26,744217.08379999991
2022-04-27,746999.78170000005
2022-04-28,755425.17239999992
2022-04-29,735405.20719999995
2022-05-02,736951.15049999999
2022-05-03,741820.87170000002
2022-05-04,763309.48300000001
2022-05-05,743366.81500000006
2022-05-06,738342.49939999997
2022-05-09,720486.85480000009
2022-05-10,715771.72790000006
2022-05-11,709278.76620000007
2022-05-12,710592.81799999997
2022-05-13,719636.58599999989
2022-05-16,718631.72290000005
2022-05-17,734941.42430000007
2022-05-18,707578.22859999991
2022-05-19,701239.86129999999
2022-05-20,693664.73930000013
2022-05-23,705027.42220000003
2022-05-24,704640.93640000001
2022-05-25,708737.68599999999
2022-05-26,723114.95829999994
2022-05-27,737956.01359999995
2022-05-31,732004.13209999993
2022-06-01,727520.89659999998
2022-06-02,741434.38590000011
2022-06-03,738574.39090000011
2022-06-06,741666.2773999999
2022-06-07,751637.61139999994
2022-06-08,738033.31079999998
2022-06-09,723501.44420000003
2022-06-10,702167.42720000003
2022-06-13,681065.30180000013
2022-06-14,679364.76419999998
2022-06-15,685935.02300000004
2022-06-16,663055.06279999996
2022-06-17,661354.52520000003
2022-06-21,673367.83380000002
2022-06-22,669641.56499999994
2022-06-23,666225.81850000005
2022-06-24,689514.99890000001
2022-06-27,687884.75620000006
2022-06-28,679888.80430000008
2022-06-29,675929.64370000013
2022-06-30,678025.66989999998
2022-07-01,683925.5956
2022-07-05,673678.35629999998
2022-07-06,677559.8862999999
2022-07-07,685555.83819999988
2022-07-08,682450.61420000007
2022-07-11,677870.40870000003
2022-07-12,675774.38249999995
2022-07-13,667545.53879999998
2022-07-14,663741.63929999992
2022-07-15,674144.13989999995
2022-07-18,670107.34860000003
2022-07-19,694017.57370000007
2022-07-20,699374.08519999997
2022-07-21,704420.07429999998
2022-07-22,702168.78689999995
2022-07-25,705506.90269999998
2022-07-26,701703.00319999992
2022-07-27,712571.28740000003
2022-07-28,727476.3628
2022-07-29,742459.06879999989
2022-08-01,743235.37479999999
2022-08-02,735394.68409999995
2022-08-03,742303.80760000006
2022-08-04,745020.8787
2022-08-05,746185.33769999992
2022-08-08,745952.44590000005
2022-08-09,743235.37479999999
2022-08-10,759537.80109999992
2022-08-11,763574.59230000002
2022-08-12,775063.92129999993
2022-08-15,776927.05569999991
2022-08-16,780420.4327
2022-08-17,774209.98469999991
2022-08-18,777315.20870000008
2022-08-19,767300.86120000004
2022-08-22,752706.30819999997
2022-08-23,754103.6590000001
2022-08-24,756587.83819999988
2022-08-25,768154.79780000006
2022-08-26,741527.50159999996
2022-08-29,738189.38579999993
2022-08-30,727553.99340000004
2022-08-31,721421.17590000003
2022-09-01,722430.3737
2022-09-02,715443.61959999998
2022-09-06,716608.07870000007
2022-09-07,728097.40760000004
2022-09-08,730271.06440000003
2022-09-09,739741.99780000001
2022-09-12,744166.94200000004
2022-09-13,716142.29500000004
2022-09-14,714744.94420000003
2022-09-15,707292.40650000004
2022-09-16,692542.59230000002
2022-09-19,701897.13409999991
2022-09-20,693161.4436
2022-09-21,683957.76959999988
2022-09-22,673662.13439999998
2022-09-23,661026.58200000005
2022-09-26,654084.82790000003
2022-09-27,651900.90529999998
2022-09-28,666252.39689999993
2022-09-29,654708.80579999997
2022-09-30,646129.10979999998
2022-10-03,665628.41899999999
2022-10-04,688793.59829999995
2022-10-05,685049.73090000008
2022-10-06,677172.01000000001
2022-10-07,664224.46869999997
2022-10-10,666564.38579999993
2022-10-11,666408.39130000002
2022-10-12,661182.57649999997
2022-10-13,675768.05980000005
2022-10-14,660948.58479999995
2022-10-17,675378.0736
2022-10-18,691679.49609999999
2022-10-19,686765.6701000001
2022-10-20,673272.14819999994
2022-10-21,691757.49329999997
2022-10-24,700961.16720000003
2022-10-25,710398.83290000004
2022-10-26,712894.74450000003
2022-10-27,721240.4487999999
2022-10-28,738009.85469999991
2022-10-31,735903.92930000008
2022-11-01,735201.95420000004
2022-11-02,722254.41290000011
2022-11-03,729820.14489999996
2022-11-04,741519.7304
2022-11-07,749475.44849999994
2022-11-08,756027.21640000003
2022-11-09,745497.5895
2022-11-10,776774.48139999993
2022-11-11,776306.49800000002
2022-11-14,771548.6666
2022-11-15,776852.47869999998
2022-11-16,771236.67760000005
2022-11-17,769910.72459999996
2022-11-18,775604.52289999998
2022-11-21,778100.43449999997
2022-11-22,784106.22170000011
2022-11-23,787070.11670000001
2022-11-25,790112.00890000002
2022-11-28,775760.5173999999
2022-11-29,780518.34879999992
2022-11-30,793387.89290000009
2022-12-01,793621.88459999999
2022-12-02,798145.72430000012
2022-12-05,784808.19680000003
2022-12-06,775526.52560000005
2022-12-07,774512.5615999999
2022-12-08,779114.39850000001
2022-12-09,772718.62510000006
2022-12-12,785978.15540000005
2022-12-13,788942.05040000007
2022-12-14,787460.10290000006
2022-12-15,768428.77709999995
2022-12-16,765152.89309999999
2022-12-19,761140.42669999995
2022-12-20,762080.88029999996
2022-12-21,776422.79729999998
2022-12-22,766548.03469999996
2022-12-23,771093.56040000007
2022-12-27,773444.69430000009
2022-12-28,763334.81839999999
2022-12-29,772739.3541
2022-12-30,769682.88
2023-01-03,771328.67379999999
2023-01-04,778146.96219999995
2023-01-05,769761.25109999999
2023-01-06,790843.0854000001
2023-01-09,787316.38450000004
2023-01-10,791626.79669999995
2023-01-11,799228.79650000005
2023-01-12,803931.06440000003
2023-01-13,802990.61080000002
2023-01-17,796172.32239999995
2023-01-18,781203.43629999994
2023-01-19,765137.35439999995
2023-01-20,775795.82819999999
2023-01-23,784259.91040000005
2023-01-24,789432.40510000009
2023-01-25,785043.62170000002
2023-01-26,789354.03390000004
2023-01-27,792645.62150000001
2023-01-30,784886.87950000004
2023-01-31,798209.97180000006
2023-02-01,804009.43549999991
2023-02-02,810279.12599999993
2023-02-03,806047.0848999999
2023-02-06,804087.80659999989
2023-02-07,806595.68280000007
2023-02-08,802050.15720000002
2023-02-09,794840.01309999998
2023-02-10,800482.73459999997
2023-02-13,807771.24980000011
2023-02-14,805576.85810000007
2023-02-15,810592.61049999995
2023-02-16,802206.89950000006
2023-02-17,807457.76530000009
2023-02-21,788962.17829999991
2023-02-22,787002.90000000002
2023-02-23,790686.34319999989
2023-02-24,786140.81760000007
2023-02-27,793115.84819999989
2023-02-28,791313.31220000004
2023-03-01,794448.15749999997
2023-03-02,803774.32209999999
2023-03-03,812473.51769999997
2023-03-06,810984.46620000002
2023-03-07,800561.10569999996
2023-03-08,802442.01290000009
2023-03-09,790607.97200000007
2023-03-10,775874.19940000004
2023-03-13,771485.41599999985
2023-03-14,779636.01370000001
2023-03-15,760435.08649999998
2023-03-16,770231.47790000006
2023-03-17,757613.72580000001
2023-03-20,767604.90859999997
2023-03-21,776496.69279999996
2023-03-22,761624.59360000002
2023-03-23,759421.31969999999
2023-03-24,762568.85389999999
2023-03-27,768942.61069999996
2023-03-28,772877.02850000001
2023-03-29,784129.46329999994
2023-03-30,785781.91879999998
2023-03-31,796168.78170000005
2023-04-03,797585.17209999985
2023-04-04,779722.91540000006
2023-04-05,769572.11749999993
2023-04-06,769336.05249999999
2023-04-10,776339.31609999994
2023-04-11,780981.92909999995
2023-04-12,783578.64480000013
2023-04-13,786490.11400000006
2023-04-14,785545.85370000009
2023-04-17,791762.23379999993
2023-04-18,795539.27489999996
2023-04-19,794909.76800000004
2023-04-20,793493.37760000012
2023-04-21,791683.54540000006
2023-04-24,793572.06599999988
2023-04-25,778936.03180000011
2023-04-26,764221.30930000008
2023-04-27,779329.47360000003
2023-04-28,786883.55579999997
2023-05-01,791132.72700000007
2023-05-02,782870.44959999993
2023-05-03,779880.29209999996
2023-05-04,771381.9497
2023-05-05,783027.82629999996
2023-05-08,780195.04550000001
2023-05-09,781926.18940000003
2023-05-10,779093.40859999997
2023-05-11,774372.10719999997
2023-05-12,774922.92569999991
2023-05-15,778699.96680000005
2023-05-16,768155.72710000002
2023-05-17,781375.3709000001
2023-05-18,787040.9325
2023-05-19,785152.41189999995
2023-05-22,784995.03520000004
2023-05-23,775552.43260000006
2023-05-24,765559.01139999996
2023-05-25,768077.03879999998
2023-05-26,773821.28870000003
2023-05-30,772640.96340000001
2023-05-31,762096.72370000009
2023-06-01,771854.07979999995
2023-06-02,794280.26120000007
2023-06-05,788772.07629999996
2023-06-06,793729.44270000001
2023-06-07,806476.95629999996
2023-06-08,807893.34669999999
2023-06-09,805768.7611
2023-06-12,811513.0111
2023-06-13,820955.61369999999
2023-06-14,818752.33980000007
2023-06-15,831106.41159999999
2023-06-16,829768.70950000011
2023-06-20,823629.50699999998
2023-06-21,828211.81020000007
2023-06-22,822207.41290000011
2023-06-23,815965.99979999999
2023-06-26,822760.44949999999
2023-06-27,832636.103
2023-06-28,832636.103
2023-06-29,840694.6362999999
2023-06-30,847884.11209999991
2023-07-03,848042.1226
2023-07-05,843459.81929999997
2023-07-06,837139.40110000002
2023-07-07,839035.52650000004
2023-07-10,850965.31599999999
2023-07-11,860998.98009999993
2023-07-12,859497.88069999998
2023-07-13,860603.95389999996
2023-07-14,858075.78659999999
2023-07-17,861315.00099999993
2023-07-18,866134.31989999989
2023-07-19,865739.29379999987
2023-07-20,869610.54999999993
2023-07-21,865502.2781
2023-07-24,867477.40879999998
2023-07-25,866371.33559999999
2023-07-26,872454.73819999991
2023-07-27,864949.2415
2023-07-28,870321.59700000007
2023-07-31,872375.73300000001
2023-08-01,874982.90549999999
2023-08-02,865818.29900000012
2023-08-03,860366.93819999998
2023-08-04,855152.59319999989
2023-08-07,865660.28850000002
2023-08-08,861710.02709999995
2023-08-09,861235.99579999992
2023-08-10,858865.83889999997
2023-08-11,860287.93299999996
2023-08-14,860603.95389999996
2023-08-15,849622.22719999985
2023-08-16,844881.91350000002
2023-08-17,837771.44290000014
2023-08-18,839351.54749999999
2023-08-21,838324.47950000002
2023-08-22,836349.34880000004
2023-08-23,844960.91870000004
2023-08-24,834690.23900000006
2023-08-25,841721.7043000001
2023-08-28,848595.15919999999
2023-08-29,855073.58789999993
2023-08-30,858944.8441000001
2023-08-31,855073.58789999993
2023-09-01,859576.88600000006
2023-09-05,845118.92909999983
2023-09-06,841484.68859999999
2023-09-07,838719.50560000003
2023-09-08,834532.22849999997
2023-09-11,834769.24419999996
2023-09-12,831767.04550000001
2023-09-13,826236.67949999997
2023-09-14,834374.21809999994
2023-09-15,829554.89909999992
2023-09-18,830474.63849999988
2023-09-19,826984.24930000002
2023-09-20,823731.84129999985
2023-09-21,810246.24680000008
2023-09-22,807469.80090000003
2023-09-25,811515.47920000006
2023-09-26,799140.46310000005
2023-09-27,805089.99010000005
2023-09-28,808501.05219999992
2023-09-29,804217.39280000003
2023-10-02,796364.01719999989
2023-10-03,790811.12529999996
2023-10-04,793349.59019999998
2023-10-05,788669.29559999995
2023-10-06,799457.77120000008
2023-10-09,811991.44140000001
2023-10-10,816909.71699999995
2023-10-11,821827.99260000011
2023-10-12,814371.25219999999
2023-10-13,807152.49280000001
2023-10-16,815719.8115999999
2023-10-17,818258.27639999997
2023-10-18,798505.8469
2023-10-19,791128.43339999998
2023-10-20,782957.74970000004
2023-10-23,779308.70650000009
2023-10-24,785178.90650000004
2023-10-25,775104.3740999999
2023-10-26,771851.9659999999
2023-10-27,765029.84180000005
2023-10-30,774549.08490000002
2023-10-31,780260.63079999993
2023-11-01,782799.09569999995
2023-11-02,798902.48200000008
2023-11-03,805962.58739999996
2023-11-06,803820.75769999996
2023-11-07,801837.58200000005
2023-11-08,803662.10359999991
2023-11-09,801916.90899999999
2023-11-10,813498.65489999996
2023-11-13,814212.59810000006
2023-11-14,830553.96550000005
2023-11-15,832299.16009999998
2023-11-16,832457.81420000002
2023-11-17,837772.72489999991
2023-11-20,840311.18980000005
2023-11-21,839676.57349999994
2023-11-22,841501.09519999987
2023-11-24,843563.59779999999
2023-11-27,838803.97629999986
2023-11-28,836820.80060000008
2023-11-29,839993.88170000003
2023-11-30,849195.81670000008
2023-12-01,862602.08420000004
2023-12-04,864029.9706
2023-12-05,857049.1923
2023-12-06,860856.88959999988
2023-12-07,861650.15980000002
2023-12-08,864347.27870000002
2023-12-11,872597.28950000007
2023-12-12,876563.64080000005
2023-12-13,886320.86499999999
2023-12-14,897743.95680000016
2023-12-15,896554.0514
2023-12-18,896511.5083000001
2023-12-19,903450.6987999999
2023-12-20,888854.47050000005
2023-12-21,898026.96370000008
2023-12-22,902334.0475000001
2023-12-26,908714.91230000008
2023-12-27,910070.84609999997
2023-12-28,910310.12849999988
2023-12-29,909193.47720000008
2024-01-02,900020.98400000017
2024-01-03,886621.16779999994
2024-01-04,887737.81920000003
2024-01-05,888774.70970000001
2024-01-08,894597.24890000001
2024-01-09,891805.62049999984
2024-01-10,896351.98670000012
2024-01-11,894278.20559999999
2024-01-12,894198.44480000006
2024-01-16,885185.47329999995
2024-01-17,879203.41249999998
2024-01-18,891087.77319999994
2024-01-19,896910.31239999994
2024-01-22,903849.5029000002
2024-01-23,903131.65559999994
2024-01-24,897548.39890000003
2024-01-25,906162.56639999989
2024-01-26,904726.87180000008
2024-01-29,910629.17180000001
2024-01-30,910948.21499999997
2024-01-31,900419.78799999994
2024-02-01,915733.86360000004
2024-02-02,921875.446
2024-02-05,916850.51500000013
2024-02-06,925065.87840000016
2024-02-07,931207.46079999988
2024-02-08,931366.98250000004
2024-02-09,932802.67700000003
2024-02-12,934158.61079999991
2024-02-13,924587.31359999999
2024-02-14,940060.91080000007
2024-02-15,947079.86210000003
2024-02-16,941416.84459999995
2024-02-20,938465.69459999993
2024-02-21,942214.45270000002
2024-02-22,953859.53099999984
2024-02-23,958884.46199999994
2024-02-26,957448.76740000001
2024-02-27,958884.46199999994
2024-02-28,962154.65529999998
2024-02-29,965105.80520000006
2024-03-01,969253.36739999999
2024-03-04,972762.84299999988
2024-03-05,964786.7620000001
2024-03-06,969811.69299999997
2024-03-07,977628.25250000006
2024-03-08,975474.71060000011
2024-03-11,970449.77950000006
2024-03-12,974756.86329999985
2024-03-13,977388.96999999997
2024-03-14,973241.40789999999
2024-03-15,973400.92949999997
2024-03-18,975125.97239999997
2024-03-19,983526.71299999999
2024-03-20,995367.75699999998
2024-03-21,1005208.6245999999
2024-03-22,1001768.3213000001
2024-03-25,995287.75
2024-03-26,991687.43250000011
2024-03-27,1007608.8362999998
2024-03-28,1007768.8504000001
2024-04-01,1000008.1661
2024-04-02,995367.75699999998
2024-04-03,1000488.2084999999
2024-04-04,991687.43250000011
2024-04-05,1005448.6457999999
2024-04-08,1003688.4906000001
2024-04-09,1001368.2860999999
2024-04-10,992807.53129999992
2024-04-11,993927.63
2024-04-12,983286.69189999998
2024-04-15,976246.07109999994
2024-04-16,974005.87359999993
2024-04-17,968965.42920000013
2024-04-18,965605.13300000003
2024-04-19,963844.97779999999
2024-04-22,971125.61970000004
2024-04-23,984646.81180000002
2024-04-24,976806.12049999996
2024-04-25,979766.38150000002
2024-04-26,981366.52260000014
2024-04-29,987927.10099999991
2024-04-30,972245.71840000013
2024-05-01,969845.50680000009
2024-05-02,975446.00059999991
2024-05-03,982246.60019999987
2024-05-06,992167.47490000003
2024-05-07,994887.71469999989
2024-05-08,994887.71469999989
2024-05-09,1004808.5893999999
2024-05-10,1005528.6529000001
2024-05-13,1001288.2790000001
2024-05-14,1001048.2578000001
2024-05-15,1007608.8362999998
2024-05-16,1001608.3071999999
2024-05-17,1002728.406
2024-05-20,1004648.5753000001
2024-05-21,1001368.2860999999
2024-05-22,1002568.3918999999
2024-05-23,990727.34790000017
2024-05-24,995767.79230000009
2024-05-28,983606.72010000004
2024-05-29,969685.49270000006
2024-05-30,976326.07819999999
2024-05-31,988167.12219999987
2024-06-03,976086.05700000003
2024-06-04,973685.84540000011
2024-06-05,983526.71299999999
2024-06-06,977686.19810000004
2024-06-07,978726.28980000014
2024-06-10,981766.55790000001
2024-06-11,976166.06410000008
2024-06-12,985446.88230000006
2024-06-13,979126.32510000002
2024-06-14,969285.4574999999
2024-06-17,980006.40269999998
2024-06-18,985286.86819999979
2024-06-20,985926.92469999997
2024-06-21,983846.74129999999
2024-06-24,988017.18089999992
2024-06-25,979587.68519999995
2024-06-26,976938.41509999998
2024-06-27,977982.06700000004
2024-06-28,978383.4715000001
2024-07-01,967866.67209999997
2024-07-02,973165.21230000001
2024-07-03,976697.57239999995
2024-07-05,973165.21230000001
2024-07-08,974369.42590000003
2024-07-09,970114.53760000004
2024-07-10,978784.87609999988
2024-07-11,991228.41740000003
2024-07-12,996928.36219999986
2024-07-15,1004073.3633
2024-07-16,1029121.0078
2024-07-17,1015954.9382
2024-07-18,1008007.128
2024-07-19,1002467.7451000002
2024-07-22,1012663.4209
2024-07-23,1010736.679
2024-07-24,988980.55189999996
2024-07-25,996928.36219999986
2024-07-26,1013947.9154000001
2024-07-29,1012181.7354000001
2024-07-30,1015152.1290999999
2024-07-31,1026471.7376999999
2024-08-01,1007445.1616
2024-08-02,985287.62989999994
2024-08-05,968187.7956999999
2024-08-06,979828.5279000001
2024-08-07,975091.95419999992
2024-08-08,997570.60939999996
2024-08-09,997731.17129999993
2024-08-12,992673.47379999992
2024-08-13,1003109.9924
2024-08-14,1007204.3189
2024-08-15,1020771.7929
2024-08-16,1019326.7365
2024-08-19,1025508.3667000001
2024-08-20,1022698.5348
2024-08-21,1028880.1649999999
2024-08-22,1027595.6704000001
2024-08-23,1037871.6270999999
2024-08-26,1036747.6944
2024-08-27,1037389.9417000001
2024-08-28,1036908.2561999999
2024-08-29,1044213.8192
2024-08-30,1055372.8659000001
2024-09-03,1032011.1205999999
2024-09-04,1033054.7724
2024-09-05,1021012.6356999999
2024-09-06,1010656.3980999999
2024-09-09,1026150.6140000002
2024-09-10,1027916.7940999999
2024-09-11,1029763.2551000001
2024-09-12,1037711.0653
2024-09-13,1048227.8648
2024-09-16,1053606.6858000001
2024-09-17,1059386.9115000002
2024-09-18,1058503.8215000001
2024-09-19,1076727.5884
2024-09-20,1069181.1827
2024-09-23,1076334.3885999999
2024-09-24,1084066.213
2024-09-25,1078992.2031999999
2024-09-26,1084388.3723000002
2024-09-27,1085918.6292000001
2024-09-30,1090831.5593000001
2024-10-01,1091395.3381999999
2024-10-02,1089381.8423000001
2024-10-03,1083824.5935
2024-10-04,1091395.3381999999
2024-10-07,1088737.5236
2024-10-08,1091153.7187000001
2024-10-09,1100899.0390000001
2024-10-10,1095261.2504
2024-10-11,1114832.4309
2024-10-14,1121517.2374
2024-10-15,1112899.4748000002
2024-10-16,1121517.2374
2024-10-17,1118295.6439
2024-10-18,1121678.3170999999
2024-10-21,1117731.8651000001
2024-10-22,1104201.1724
2024-10-23,1100979.5789000001
2024-10-24,1093408.8340999999
2024-10-25,1090509.3999999999
2024-10-28,1093730.9934999999
2024-10-29,1092281.2764000001
2024-10-30,1090428.8601999998
2024-10-31,1077864.6455000001
2024-11-01,1079314.3626000001
2024-11-04,1078106.2649999999
2024-11-05,1096147.1886
2024-11-06,1139074.922
2024-11-07,1132229.0358
2024-11-08,1144390.5512999999
2024-11-11,1153249.9334
2024-11-12,1143343.5334000001
2024-11-13,1145759.7285
2024-11-14,1126430.1675
2024-11-15,1120389.6797
2024-11-18,1118859.4228000001
2024-11-19,1117892.9447000001
2024-11-20,1119101.0422999999
2024-11-21,1133114.9740000002
2024-11-22,1148900.7822
2024-11-25,1156068.8277
2024-11-26,1157438.0049999999
2024-11-27,1153169.3936000001
2024-11-29,1159693.1204000001
2024-12-02,1151155.8976
2024-12-03,1143907.3123000001
2024-12-04,1148900.7822
2024-12-05,1134967.3903000001
2024-12-06,1132067.9561000001
2024-12-09,1122242.0959999999
2024-12-10,1119503.7415
2024-12-11,1116926.4667
2024-12-12,1109758.4212
2024-12-13,1106858.987
2024-12-16,1107825.4651000001
2024-12-17,1097677.4454999999
2024-12-18,1066669.6081000001
2024-12-19,1065300.4308
2024-12-20,1077784.1057
2024-12-23,1077543.5493000001
2024-12-24,1085961.8583
2024-12-26,1086771.311
2024-12-27,1078676.7831999999
2024-12-30,1067830.1158
2024-12-31,1066534.9913999999
2025-01-02,1062811.5086000001
2025-01-03,1074305.7381
2025-01-06,1071958.325
2025-01-07,1070906.0364000001
2025-01-08,1075115.1909
2025-01-10,1063054.3443999998
2025-01-13,1075519.9173000001
2025-01-14,1088228.3260999999
2025-01-15,1095108.6746999999
2025-01-16,1108383.7004
2025-01-17,1115021.2132999999
2025-01-21,1137928.7271
2025-01-22,1135257.5329000002
2025-01-23,1146751.7625
2025-01-24,1141895.0458
2025-01-27,1126596.3880999999
2025-01-28,1119149.4225000001
2025-01-29,1115344.9944
2025-01-30,1127810.5673
2025-01-31,1119877.9299999999
2025-02-03,1108788.4268000002
2025-02-04,1109112.2079
2025-02-05,1109921.6606999999
2025-02-06,1114940.2679999999
2025-02-07,1111621.5115999999
2025-02-10,1121577.7809000001
2025-02-11,1121982.5071999999
2025-02-12,1115021.2132999999
2025-02-13,1116154.4472000001
2025-02-14,1113402.3077
2025-02-18,1122144.3977999999
2025-02-19,1123277.6317
2025-02-20,1115911.6113
2025-02-21,1091466.1372
2025-02-24,1086528.4752
2025-02-25,1092113.6994
2025-02-26,1092761.2617000001
2025-02-27,1088956.8336
2025-02-28,1103526.9837
2025-03-03,1087823.5996999999
2025-03-04,1066615.9367
2025-03-05,1083452.5545999999
2025-03-06,1074143.8476000002
2025-03-07,1086690.3658
2025-03-10,1069691.8572
2025-03-11,1053259.9656999998
2025-03-12,1053179.0204
2025-03-13,1042413.2982999999
2025-03-14,1061435.4387999999
2025-03-17,1076086.5343000002
2025-03-18,1067506.3347
2025-03-19,1081671.7584999998
2025-03-20,1076248.4248000002
2025-03-21,1070501.3100000001
2025-03-24,1090290.3503999999
2025-03-25,1091914.1351999999
2025-03-26,1084688.2926
2025-03-27,1078923.8562999999
2025-03-28,1056678.0035999999
2025-03-31,1064147.4140000001
2025-04-01,1070155.4179999998
2025-04-02,1080222.8842
2025-04-03,1021766.6289000001
2025-04-04,957545.93729999999
2025-04-07,953080.52890000003
2025-04-08,945205.17230000009
2025-04-09,1029154.8500000001
2025-04-10,1002605.9674
2025-04-11,1020305.2224999999
2025-04-14,1030941.0133999999
2025-04-15,1025826.0911
2025-04-16,1011780.3518999999
2025-04-17,1017301.2204999999
2025-04-21,994487.04309999989
2025-04-22,1011861.5412000001
2025-04-23,1024527.0632
2025-04-24,1047503.6190999999
2025-04-25,1047422.4298
2025-04-28,1050913.5673
2025-04-29,1057733.4637
2025-04-30,1065365.2526
2025-05-01,1073402.9876999999
2025-05-02,1092644.8384
2025-05-05,1093213.1631
2025-05-06,1083632.8324
2025-05-07,1089153.7009999999
2025-05-08,1104173.7109999999
2025-05-09,1105066.7927000001
2025-05-12,1139085.0856999999
2025-05-13,1147041.6315000001
2025-05-14,1141520.7629999998
2025-05-15,1154186.2849999999
2025-05-16,1167338.9423999998
2025-05-19,1171317.2153
2025-05-20,1167095.3747
2025-05-21,1147366.3884999999
2025-05-22,1147122.8208000001
2025-05-23,1143388.1155999999
2025-05-27,1163523.048
2025-05-28,1157758.6117
2025-05-29,1158814.0718
2025-05-30,1159544.7749999999
2025-06-02,1158083.3687
2025-06-03,1167014.1854000001
2025-06-04,1167663.6994
2025-06-05,1166851.8069
2025-06-06,1176675.7054000001
2025-06-09,1175620.2452
2025-06-10,1170505.3229
2025-06-11,1171073.6476
2025-06-12,1167988.4564
2025-06-13,1158164.5578999999
2025-06-16,1166121.1037999999
2025-06-17,1157352.6654999999
2025-06-18,1154592.2312
2025-06-20,1155891.2590999999
2025-06-23,1171493.1605
2025-06-24,1181265.1040000001
2025-06-25,1170841.6976000001
2025-06-26,1183545.2242000001
2025-06-27,1195352.9893
2025-06-30,1201297.5881999999
2025-07-01,1205287.7985
2025-07-02,1206509.2914
2025-07-03,1216769.8321
2025-07-07,1212535.3233
2025-07-08,1212209.5918000001
2025-07-09,1220678.6095
2025-07-10,1227518.97
2025-07-11,1223121.5954000002
2025-07-14,1229717.6573000001
2025-07-15,1220515.7438000001
2025-07-16,1224831.6854999999
2025-07-17,1236150.8534000001
2025-07-18,1233382.1361
2025-07-21,1226867.5071
2025-07-22,1229799.0901000001
2025-07-23,1251867.3958999999
2025-07-24,1249750.1414000001
2025-07-25,1262127.9365999999
2025-07-28,1258219.1592000001
2025-07-29,1243886.9753
2025-07-30,1237779.5107
2025-07-31,1237860.9435000001
2025-08-01,1219375.6837000002
2025-08-04,1230613.4188000001
2025-08-05,1228089
2025-08-06,1229066.1943999999
2025-08-07,1227274.6714000001
2025-08-08,1228251.8657
2025-08-11,1224261.6555000001
2025-08-12,1236965.182
2025-08-13,1241688.2881
2025-08-14,1230694.8515999999
2025-08-15,1225075.9841
2025-08-18,1229880.523
2025-08-19,1232567.8074999999
2025-08-20,1231427.7473999998
2025-08-21,1227030.3728
2025-08-22,1247062.8570000001
2025-08-25,1234603.629
2025-08-26,1247307.1556000002
2025-08-27,1247144.2898000001
2025-08-28,1249342.9771
2025-08-29,1237860.9435000001
2025-09-02,1226053.1784000001
2025-09-03,1219864.2809000001
2025-09-04,1233626.4347000001
2025-09-05,1229066.1943999999
2025-09-08,1231834.9117000001
2025-09-09,1223528.7597000001
2025-09-10,1232567.8074999999
2025-09-11,1244294.1396999999
2025-09-12,1234359.3304000001
2025-09-15,1240059.6307999999
2025-09-16,1236395.152
2025-09-17,1230776.2845000001
2025-09-18,1243886.9753
2025-09-19,1246899.9912999999
2025-09-22,1251051.6503000001
2025-09-23,1251378.7226
2025-09-24,1244919.0442000001
2025-09-25,1236496.9318000001
2025-09-26,1247617.3909
2025-09-29,1251460.4907
2025-09-30,1261109.1243999999
2025-10-01,1257593.0969
2025-10-02,1260863.8200999999
2025-10-03,1262580.9498000001
2025-10-06,1268468.2516999999
2025-10-07,1261272.6605
2025-10-08,1272229.5834999999
2025-10-09,1253422.9246999999
2025-10-10,1225703.5449999999
2025-10-13,1238459.3657
2025-10-14,1253014.0843000002
2025-10-15,1247780.9269999999
2025-10-16,1239604.1188999999
2025-10-17,1240667.1039
2025-10-20,1255303.5906
2025-10-21,1266424.0497000001
2025-10-22,1249988.6653
2025-10-23,1265606.3689000001
2025-10-24,1266669.3539
2025-10-27,1273864.9451000001
2025-10-28,1264788.6880000001
2025-10-29,1268059.4112999998
2025-10-30,1264870.4561000001
2025-10-31,1267895.8752000001
2025-11-03,1262499.1818000001
2025-11-04,1247862.6951000001
2025-11-05,1252687.0119999999
2025-11-06,1247699.1590000002
2025-11-07,1253749.997
2025-11-10,1260863.8200999999
2025-11-11,1261190.8925000001
2025-11-12,1262417.4136999999
2025-11-13,1242874.8421
2025-11-14,1242956.6102
2025-11-17,1230773.1661
2025-11-18,1225294.7045999998
2025-11-19,1229383.1087
2025-11-20,1208777.5521
2025-11-21,1223495.8067999999
2025-11-24,1226521.2257999999
2025-11-25,1242220.6975
2025-11-26,1249416.2887000002
2025-11-28,1256693.648
2025-12-01,1238295.8295999998
2025-12-02,1249089.2164
2025-12-03,1260945.5881999999
2025-12-04,1267487.0347
2025-12-05,1263971.0071999999
2025-12-08,1262417.4136999999
2025-12-09,1253177.6203999999
2025-12-10,1276072.6833000001
2025-12-11,1289727.953
2025-12-12,1281632.9129000001
2025-12-15,1283677.1148999999
2025-12-16,1276072.6833000001
2025-12-17,1255385.3585999999
2025-12-18,1263562.1668000002
2025-12-19,1274437.3217
2025-12-22,1288514.531
2025-12-23,1288022.2618000002
2025-12-24,1292206.5496999999
2025-12-26,1289827.2487999999
2025-12-29,1287037.7235000001
2025-12-30,1283345.7047999999
2025-12-31,1272679.8730000001
2026-01-02,1296144.703
2026-01-05,1311487.0918999999
2026-01-06,1329290.8266
2026-01-07,1304267.1442
2026-01-08,1314112.5274
2026-01-09,1328552.4228000001
2026-01-12,1338725.9855
2026-01-13,1345617.7538000001
2026-01-14,1347750.9201
2026-01-15,1360139.6940000001
2026-01-16,1369328.7184000001
2026-01-20,1341679.6004999999
2026-01-21,1364898.2959
2026-01-22,1357842.4379
2026-01-23,1347340.6958000001
2026-01-26,1348653.4136000001
2026-01-27,1354232.4641
2026-01-28,1346684.3369
2026-01-29,1360796.0529
2026-01-30,1357350.1688000001
2026-02-02,1374497.5446000001
2026-02-03,1386065.8699
2026-02-04,1389757.8886000002
2026-02-05,1381389.3128
2026-02-06,1420852.8906999999
2026-02-09,1425119.2234
2026-02-10,1426842.1655000001
2026-02-11,1434472.3374999999
2026-02-12,1417324.9616999999
2026-02-13,1428975.3318
2026-02-17,1436441.4140999999
2026-02-18,1436113.2347000001
2026-02-19,1446779.0665
2026-02-20,1454081.0591
2026-02-23,1434390.2925999998
2026-02-24,1452029.9375999998
2026-02-25,1440707.7468000001
2026-02-26,1449732.6814999999
2026-02-27,1453342.6553
2026-03-02,1467782.5507
2026-03-03,1439395.0290999999
2026-03-04,1443743.4066999999
2026-03-05,1411663.8662999999
2026-03-06,1394270.3558999998
2026-03-09,1402474.8418999999
2026-03-10,1394926.7148
2026-03-11,1390578.3372
2026-03-12,1355709.2715999999
2026-03-13,1350868.6247999999
2026-03-16,1362436.9501
2026-03-17,1366046.9240000001
2026-03-18,1355217.0024000001
2026-03-19,1346027.9781000002
2026-03-20,1326419.2564000001
2026-03-23,1341459.8023000001
2026-03-24,1349275.7287999999
2026-03-25,1358325.7488999998
2026-03-26,1326815.2243000001
2026-03-27,1309784.7318
2026-03-30,1288476.0481
2026-03-31,1330599.7781
2026-04-01,1352813.4638999999
2026-04-02,1347383.4518000002
2026-04-06,1354294.3762999999
2026-04-07,1351579.3702999998
2026-04-08,1402259.4830000002
2026-04-09,1416657.2423
2026-04-10,1411144.9572999999
2026-04-13,1421099.9793999998
2026-04-14,1426200.8999000001
2026-04-15,1408347.6784000001
2026-04-16,1401354.4809999999
2026-04-17,1427517.2663999998
2026-04-20,1430725.9099000001
2026-04-21,1410486.7740000002
2026-04-22,1407195.8576
2026-04-23,1432124.5493999999
2026-04-24,1418960.8838
2026-04-27,1419289.9754000001
2026-04-28,1406702.2201
2026-04-29,1398063.5646000002
2026-04-30,1436320.4678
2026-05-01,1422992.2563999998
2026-05-04,1406702.2201
2026-05-05,1418467.2463
2026-05-06,1455160.9643000001
2026-05-07,1431548.6391
2026-05-08,1424966.8062
2026-05-11,1440105.0216999999
2026-05-12,1434428.1909
2026-05-13,1428422.2684999998
2026-05-14,1435744.5574999999
2026-05-15,1410157.6824
2026-05-18,1404809.9431999999
2026-05-19,1388273.0881999999
2026-05-20,1404645.3974000001
2026-05-21,1402999.9391999999
2026-05-22,1413201.7800999999
2026-05-26,1434016.8263999999
2026-05-27,1434016.8263999999
2026-05-28,1429903.1808000002
2026-05-29,1424390.8959000001
2026-06-01,1418384.9734
2026-06-02,1433111.8243
2026-06-03,1431960.0036000002
2026-06-04,1449319.5877000003
2026-06-05,1433029.5514
2026-06-08,1428504.5413999998
2026-06-09,1444712.3047
2026-06-10,1395842.196
2026-06-11,1441010.0237
2026-06-12,1449484.1335
2026-06-15,1470052.3611000001
2026-06-16,1479678.2916000001
2026-06-17,1477621.4687999999
2026-06-18,1488399.2200999998
2026-06-22,1499375.1997
2026-06-23,1469272.2322
2026-06-24,1486261.8522000001
2026-06-25,1518509.1406
2026-06-26,1494426.7666999998
2026-06-29,1507292.6924999999
2026-06-30,1527663.7416999999
2026-07-01,1512241.1255000001
2026-07-02,1516777.1891000001
2026-07-06,1530385.3797999998
2026-07-07,1504158.6849000002
2026-07-08,1487993.8038000001
2026-07-09,1493684.5016999997
2026-07-10,1500364.8863000001
2026-07-13,1487581.4343000001
2026-07-14,1488241.2253999999
2026-07-15,1485024.7440000002
2026-07-16,1485767.0089
2026-07-17,1479663.9415000002
2026-07-20,1469024.8106000002
2026-07-21,1473478.4003000001
2026-07-22,1475045.4040999999
2026-07-23,1500529.834
2026-07-24,1506467.9536000001
2026-07-27,1510921.5433
2026-07-28,1505065.8975999998
2026-07-29,1456983.6236
2026-07-30,1471251.6054
2026-07-31,1483210.3185000001
2026-08-03,1510591.6478000002
2026-08-04,1537313.186
2026-08-05,1536900.8166
2026-08-06,1523787.4690999999
2026-08-07,1527251.3721999999
2026-08-10,1522467.8869999999
2026-08-11,1531540.0141999999
2026-08-12,1533024.5440999998
2026-08-13,1532282.2791000002
2026-08-14,1538220.3987
2026-08-17,1536653.3949
2026-08-18,1513973.0769999998
2026-08-19,1500612.3078999999
